idx,o,d,hour,o_h3,d_h3,o_x,o_y,d_x,d_y,time
0,23,56,7,,,126.82079064655157,37.191991011210995,126.83463469124248,37.20486665474359,2024-10-24 07:00:02
1,38,21,7,,,126.82516575715722,37.20123628348651,126.81772320264244,37.19733506573874,2024-10-24 07:00:38
2,21,72,7,,,126.81780578468621,37.196703439663544,126.81214362274889,37.20794557897432,2024-10-24 07:00:47
3,7,17,7,,,126.82676675409543,37.207218946655864,126.82652810957215,37.196973677699695,2024-10-24 07:02:02
4,64,55,7,,,126.84191527809809,37.20415270182349,126.82929131415142,37.208153276513286,2024-10-24 07:02:07
5,37,51,7,,,126.82109919649781,37.19766236673182,126.81974023017875,37.210586733708794,2024-10-24 07:02:42
6,51,37,7,,,126.81964493743612,37.209909074218366,126.8204064031255,37.198123079100405,2024-10-24 07:03:09
7,37,19,7,,,126.82134513706988,37.19758196429279,126.82798051966441,37.19553077987791,2024-10-24 07:03:59
8,13,22,7,,,126.81601897807614,37.20279934111976,126.81505242137932,37.19484091568188,2024-10-24 07:04:44
9,50,55,7,,,126.82322091588473,37.21239826264712,126.83031332441237,37.20935882729854,2024-10-24 07:04:46
10,32,50,7,,,126.83155618029761,37.20177481696139,126.82245784203509,37.21147134267348,2024-10-24 07:04:50
11,26,1,7,,,126.81832512515645,37.19269899748204,126.8166374698883,37.19721570865598,2024-10-24 07:05:22
12,10,36,7,,,126.81669808855777,37.2090562211007,126.82303193472767,37.1980333740805,2024-10-24 07:06:36
13,34,26,7,,,126.82270670282234,37.20215542341445,126.81929113674438,37.194199745748065,2024-10-24 07:06:41
14,33,59,7,,,126.8297707005543,37.19978700821252,126.83166618562909,37.20797896261901,2024-10-24 07:06:43
15,6,29,7,,,126.82517704178117,37.20448853183814,126.8266973296193,37.20157439522876,2024-10-24 07:06:59
16,23,42,7,,,126.82041032471842,37.19253415918175,126.83176882427989,37.19639329214519,2024-10-24 07:07:15
17,45,69,7,,,126.82583051818904,37.21173212368179,126.83768543511995,37.20753157242357,2024-10-24 07:07:38
18,70,21,7,,,126.83714626481948,37.21009511307109,126.81873405066526,37.19596495068223,2024-10-24 07:07:49
19,39,51,7,,,126.82196926568213,37.201018330481816,126.8192581772906,37.20973028494976,2024-10-24 07:07:52
20,50,60,7,,,126.82198001870873,37.211940022201205,126.83271293508028,37.21262778100351,2024-10-24 07:08:30
21,64,58,7,,,126.84174533562557,37.20320060047995,126.83506314743612,37.209354168646556,2024-10-24 07:08:37
22,21,38,7,,,126.8177585000246,37.19636192543039,126.82338814653622,37.20041394519212,2024-10-24 07:09:26
23,54,39,7,,,126.83243795900943,37.20949513580987,126.82091233806838,37.19954451560096,2024-10-24 07:09:26
24,23,50,7,,,126.82013653320702,37.19154094974726,126.82322424233354,37.21240751317048,2024-10-24 07:10:26
25,17,50,7,,,126.82582463350782,37.196510002175835,126.82325268334772,37.21103446931927,2024-10-24 07:11:06
26,56,50,7,,,126.83574781294945,37.20632393061907,126.82244762143137,37.21246195763021,2024-10-24 07:11:16
27,50,7,7,,,126.82204374510819,37.21197364261869,126.82790590258652,37.208893187948235,2024-10-24 07:12:14
28,33,67,7,,,126.8292115004731,37.20004620068124,126.83424149022181,37.202670987573775,2024-10-24 07:13:04
29,70,50,7,,,126.83819996203101,37.208691522254426,126.8215831767832,37.211754998466375,2024-10-24 07:13:32
30,48,65,7,,,126.83076870016319,37.215108007083735,126.83457985717794,37.19971892688765,2024-10-24 07:14:20
31,40,43,7,,,126.83073393747448,37.19373512226967,126.82280167793684,37.19032691006761,2024-10-24 07:14:22
32,39,15,7,,,126.8207493454549,37.2002506744559,126.81592425199302,37.206220974865715,2024-10-24 07:14:33
33,17,21,7,,,126.82616587189635,37.19750260757511,126.81924490205353,37.19624969344777,2024-10-24 07:15:53
34,37,50,7,,,126.8221439389216,37.19723115481379,126.82253721228732,37.21163986449545,2024-10-24 07:16:03
35,39,21,7,,,126.82079992597887,37.19997795924528,126.81898376105042,37.197010362752316,2024-10-24 07:16:40
36,34,21,7,,,126.82085890766227,37.20380321866354,126.81928861498518,37.196958917332495,2024-10-24 07:17:03
37,50,48,7,,,126.82225148920321,37.210589286742604,126.83104785508132,37.21478371440425,2024-10-24 07:17:23
38,68,2,7,,,126.83916642436267,37.20270664062285,126.82242771468779,37.20608412374884,2024-10-24 07:17:29
39,37,69,7,,,126.82169313026871,37.19683212211,126.83738582623512,37.206201087185676,2024-10-24 07:17:48
40,43,11,7,,,126.8231573811573,37.189381598102386,126.81444772498163,37.208668468210185,2024-10-24 07:17:52
41,21,33,7,,,126.81843354885483,37.19683690046634,126.82903826626485,37.200832848714256,2024-10-24 07:17:56
42,50,38,7,,,126.82257251668227,37.210577028069885,126.82474170463193,37.20101108666463,2024-10-24 07:18:07
43,8,66,7,,,126.82553096309964,37.20626155259889,126.83655528756832,37.20358113065858,2024-10-24 07:18:58
44,50,37,7,,,126.82239818552335,37.21120280593334,126.82194806899368,37.19778263994788,2024-10-24 07:19:03
45,51,26,7,,,126.81996054645921,37.21045029315004,126.81898999115889,37.19319806708872,2024-10-24 07:19:22
46,70,26,7,,,126.83863478550124,37.209691122755565,126.8192360854269,37.19327830449675,2024-10-24 07:21:17
47,51,71,7,,,126.82047751659931,37.21131946834709,126.84049396155511,37.20521396117705,2024-10-24 07:21:39
48,59,56,7,,,126.83320692753661,37.20705277869344,126.83581113794784,37.205199432524225,2024-10-24 07:22:18
49,50,37,7,,,126.821610057676,37.21237898795582,126.82061788229949,37.1983644049332,2024-10-24 07:22:36
50,29,39,7,,,126.82696132902477,37.201442586083516,126.82049881399213,37.20041578529663,2024-10-24 07:23:04
51,64,54,7,,,126.84165379347426,37.2027019226895,126.83175240469964,37.2111080456994,2024-10-24 07:23:53
52,48,50,7,,,126.8310270779517,37.2155418366846,126.82317722344536,37.21222191883918,2024-10-24 07:24:53
53,27,50,7,,,126.8266646944221,37.199461258902595,126.82182876884636,37.210742522066916,2024-10-24 07:25:29
54,50,64,7,,,126.82318498526377,37.21185514956572,126.8421184564825,37.20348450818996,2024-10-24 07:25:52
55,50,26,7,,,126.82309656067497,37.21224484724099,126.81898631744102,37.192972558013,2024-10-24 07:26:06
56,56,32,7,,,126.83581559038505,37.20634981519409,126.83249425710764,37.201584547287034,2024-10-24 07:26:37
57,56,56,7,,,126.8352347292218,37.205826704844206,126.83476595524743,37.204810814217275,2024-10-24 07:26:53
58,51,50,7,,,126.82000678076992,37.20990735800937,126.82288130312554,37.21051160331145,2024-10-24 07:27:16
59,37,4,7,,,126.82059002090993,37.19822848944218,126.82193645232714,37.20768936182865,2024-10-24 07:27:22
60,50,60,7,,,126.82248819912763,37.21189493050357,126.83322600813146,37.21239289186507,2024-10-24 07:27:28
61,33,37,7,,,126.82977242507634,37.20059983220044,126.82222907708987,37.197770332805746,2024-10-24 07:28:03
62,51,39,7,,,126.8198460065465,37.21119166294831,126.82125238924895,37.200675596898805,2024-10-24 07:28:17
63,54,71,7,,,126.83275711070556,37.210008673233176,126.83946908241158,37.204820204999734,2024-10-24 07:28:19
64,55,37,7,,,126.83052614100447,37.20889147010398,126.82029981058061,37.198315727778336,2024-10-24 07:28:40
65,60,38,7,,,126.83205996172856,37.21251375474266,126.82424768637136,37.20035847901537,2024-10-24 07:28:46
66,72,18,7,,,126.8119130373619,37.208097577208484,126.82413585662945,37.19634640721253,2024-10-24 07:29:35
67,72,30,7,,,126.81168536064358,37.20652827599623,126.83200686953751,37.199231843596586,2024-10-24 07:29:43
68,50,39,7,,,126.82240222029164,37.21171293138179,126.82163760840116,37.20000929593449,2024-10-24 07:29:47
69,51,60,7,,,126.81962395122268,37.20968606734132,126.83301399984379,37.2130714754508,2024-10-24 07:31:09
70,10,37,7,,,126.81795640864078,37.20941071852264,126.82136482792968,37.19718067246558,2024-10-24 07:31:21
71,50,37,7,,,126.82302044693424,37.211199830524066,126.82070659376154,37.198166249782886,2024-10-24 07:31:25
72,18,50,7,,,126.82470028604331,37.19544790347404,126.82249327365984,37.21178051319488,2024-10-24 07:31:33
73,51,21,7,,,126.82061432875506,37.21100685992842,126.81889438269023,37.196814795734916,2024-10-24 07:32:18
74,56,41,7,,,126.83458098879551,37.20470096893284,126.8340444336652,37.197554239048834,2024-10-24 07:33:09
75,41,27,7,,,126.83505211841936,37.19669819778292,126.82689811163465,37.19868665652209,2024-10-24 07:33:21
76,52,13,7,,,126.83147271470001,37.21741309424218,126.81588149733993,37.2035995195766,2024-10-24 07:34:27
77,71,58,7,,,126.83908071793289,37.20528374303964,126.83511348287922,37.20829877208381,2024-10-24 07:34:32
78,37,33,7,,,126.82063239658909,37.19658382664164,126.82966469848463,37.200855853077265,2024-10-24 07:34:40
79,26,38,7,,,126.81819942011022,37.194272556660074,126.82424744045308,37.200743308852154,2024-10-24 07:36:01
80,56,38,7,,,126.83570435240291,37.20624265563483,126.82371471889904,37.20129617139637,2024-10-24 07:37:16
81,51,18,7,,,126.81930241464622,37.21108683946882,126.824292756997,37.19510935796029,2024-10-24 07:37:24
82,39,50,7,,,126.8218112097441,37.19983766257221,126.82164795640108,37.21237837368303,2024-10-24 07:37:51
83,71,54,7,,,126.83974982116317,37.20555392722425,126.832413030177,37.21005023052031,2024-10-24 07:38:38
84,37,21,7,,,126.8220995209288,37.19737718074538,126.8176904403597,37.19640512511357,2024-10-24 07:39:52
85,21,48,7,,,126.81863490989043,37.197335115603515,126.8311563927464,37.215686030462344,2024-10-24 07:40:40
86,51,21,7,,,126.81962464112819,37.210728800377616,126.81800408400223,37.19622719244164,2024-10-24 07:41:24
87,39,26,7,,,126.82209863220069,37.201206611688306,126.81868887063725,37.193585571963105,2024-10-24 07:41:45
88,21,39,7,,,126.81893764362724,37.19566283684648,126.82125396693752,37.20043172312927,2024-10-24 07:42:50
89,6,26,7,,,126.82487578364528,37.203357794999626,126.81763222008686,37.19301747428551,2024-10-24 07:43:39
90,20,37,7,,,126.81519918952345,37.19236473994749,126.82138348293546,37.196916858726546,2024-10-24 07:43:53
91,17,72,7,,,126.82667557602267,37.19591244526075,126.811131489,37.20724428182812,2024-10-24 07:44:14
92,50,37,7,,,126.8220358980747,37.21088677325183,126.82219452487523,37.198152309595216,2024-10-24 07:45:03
93,38,3,7,,,126.82408329742066,37.20161071401894,126.82571187978148,37.21062413129976,2024-10-24 07:45:51
94,18,51,7,,,126.82425786649722,37.19533755805936,126.8203382699357,37.209531265025305,2024-10-24 07:46:44
95,50,50,7,,,126.82286327432799,37.21193937367347,126.82210781711586,37.21184177068404,2024-10-24 07:46:53
96,51,56,7,,,126.81879510151796,37.2104553046311,126.83560540240282,37.205141315852266,2024-10-24 07:47:30
97,32,4,7,,,126.83145710933731,37.20200871063631,126.82287487961246,37.20949589109796,2024-10-24 07:48:19
98,54,31,7,,,126.83221531863872,37.209764930795565,126.8291705257152,37.19748970477546,2024-10-24 07:48:42
99,7,20,7,,,126.82739131526985,37.208331325051695,126.81584796055822,37.191887917486405,2024-10-24 07:48:52
100,23,19,7,,,126.82034021323702,37.19254482792283,126.82822349287966,37.19503600098325,2024-10-24 07:49:17
101,33,21,7,,,126.82945635956408,37.20153681134553,126.81914592004883,37.19628821489566,2024-10-24 07:49:22
102,26,48,7,,,126.81877904217545,37.1939074258421,126.8307782072612,37.21454185830711,2024-10-24 07:49:49
103,51,32,7,,,126.81931550367628,37.20988912632726,126.83129393369417,37.20235963051093,2024-10-24 07:51:16
104,37,3,7,,,126.82059336888834,37.198120995179984,126.82426790580499,37.209737376887254,2024-10-24 07:51:26
105,55,50,7,,,126.82994050892496,37.20926389717227,126.82197659947704,37.212385996990044,2024-10-24 07:52:15
106,53,69,7,,,126.82973163150378,37.2068522479679,126.83747399972808,37.206202207008076,2024-10-24 07:52:16
107,26,38,7,,,126.81867264587531,37.19277921160094,126.82349910219347,37.20221340980068,2024-10-24 07:52:16
108,23,18,7,,,126.82003653948271,37.19207504563923,126.82362868675469,37.19555852309186,2024-10-24 07:52:28
109,51,55,7,,,126.82025150556122,37.21119031954123,126.8305947691722,37.20855019875227,2024-10-24 07:52:34
110,70,71,7,,,126.83818725127747,37.209142694669715,126.84064786806576,37.20559971245882,2024-10-24 07:52:44
111,37,18,7,,,126.82169756321773,37.19753514035797,126.82331465499303,37.19499858624108,2024-10-24 07:53:28
112,37,12,7,,,126.82083124512504,37.197993862424745,126.81970842221388,37.205181844681675,2024-10-24 07:53:31
113,18,54,7,,,126.82325672109398,37.19531989868664,126.83355770785323,37.20961544018101,2024-10-24 07:54:57
114,33,27,7,,,126.82850292497041,37.200479902787336,126.82633813787322,37.1999030242338,2024-10-24 07:55:07
115,8,45,7,,,126.82513415168948,37.20768919424085,126.82490953419874,37.21190095459439,2024-10-24 07:55:15
116,12,18,7,,,126.82001831507492,37.20504594127347,126.82310581652254,37.19541226264286,2024-10-24 07:56:37
117,42,67,7,,,126.8305579752352,37.19566875360341,126.83495862668708,37.20336946274014,2024-10-24 07:56:37
118,23,63,7,,,126.8202923397562,37.19240667165167,126.83549216310578,37.210756173393634,2024-10-24 07:56:46
119,48,48,7,,,126.83053988353542,37.214482305676135,126.82951849105827,37.21460344713287,2024-10-24 07:56:58
120,53,57,7,,,126.82928082056657,37.20624624717088,126.83249874955406,37.20405660047735,2024-10-24 07:58:48
121,50,21,7,,,126.82187570865453,37.21197062875283,126.81897923757653,37.195661268528994,2024-10-24 07:58:59
122,50,6,7,,,126.82297914823211,37.21082551720938,126.82421727146647,37.20348923760393,2024-10-24 07:59:01
123,58,14,7,,,126.83423364873622,37.208382051490226,126.81889434877172,37.20736221298249,2024-10-24 07:59:10
124,49,53,7,,,126.82799078147407,37.2134755107563,126.83062219950102,37.205606004973895,2024-10-24 07:59:42
125,20,30,7,,,126.81509468227857,37.19288286478376,126.83254441113718,37.198929391287535,2024-10-24 07:59:49
126,37,18,8,,,126.82085785836668,37.19698928167772,126.82471904400849,37.195862868035356,2024-10-24 08:00:10
127,10,37,8,,,126.81645336991376,37.208524369040845,126.8208731587274,37.19780717802175,2024-10-24 08:01:10
128,60,38,8,,,126.83285411308503,37.212130862494085,126.82454104326764,37.20112294695029,2024-10-24 08:02:07
129,50,50,8,,,126.82236462341025,37.21110924284389,126.82315389278936,37.21069489767242,2024-10-24 08:02:32
130,18,32,8,,,126.82382795727563,37.19663758245273,126.8312517847556,37.2021413395076,2024-10-24 08:03:06
131,48,48,8,,,126.83092517765019,37.21556510761455,126.83124070317882,37.21540955150646,2024-10-24 08:03:20
132,51,39,8,,,126.81918180254202,37.21099297831112,126.82161358826598,37.19949075283842,2024-10-24 08:03:27
133,31,49,8,,,126.82881377998847,37.197225450721405,126.82800027593805,37.214175642284744,2024-10-24 08:03:42
134,51,37,8,,,126.819074281872,37.2102156684157,126.82195681304407,37.196667923149334,2024-10-24 08:04:08
135,54,71,8,,,126.83278030400147,37.21085311016827,126.8406815195948,37.20516142269869,2024-10-24 08:04:41
136,23,50,8,,,126.82139869226799,37.1909123981211,126.82302785477494,37.211690601749815,2024-10-24 08:04:52
137,21,60,8,,,126.8179243082969,37.19565698702979,126.83190150070824,37.21215934141689,2024-10-24 08:05:32
138,29,39,8,,,126.82650003355248,37.20202955187784,126.82129278242816,37.20117927452142,2024-10-24 08:06:00
139,39,50,8,,,126.82189221397282,37.2007596444538,126.82171210374575,37.21070152815582,2024-10-24 08:06:43
140,50,64,8,,,126.8226106786004,37.212167899841766,126.84207603701353,37.20413158448948,2024-10-24 08:06:45
141,51,21,8,,,126.81942933466468,37.21138124456686,126.81886633481975,37.19714626526788,2024-10-24 08:06:46
142,55,51,8,,,126.82903810975942,37.20943463176384,126.82027463407616,37.20944910978467,2024-10-24 08:07:30
143,23,42,8,,,126.82110870458233,37.191882246799494,126.83220414617632,37.19693221604589,2024-10-24 08:07:50
144,11,55,8,,,126.81395700714009,37.20869970197931,126.83088830458064,37.209598278605924,2024-10-24 08:08:14
145,37,51,8,,,126.82144110752576,37.19742818601142,126.8204430454958,37.21115878975694,2024-10-24 08:08:37
146,50,55,8,,,126.82212139720328,37.211277805337474,126.83037951744312,37.21001127801547,2024-10-24 08:09:15
147,50,6,8,,,126.82318618158044,37.21175700988255,126.82401054841367,37.20442781408107,2024-10-24 08:09:20
148,62,7,8,,,126.83759326385626,37.211486748076965,126.82739814517674,37.20829770962474,2024-10-24 08:10:07
149,42,14,8,,,126.83070882055834,37.19545536045359,126.81971044894037,37.2083456844514,2024-10-24 08:12:17
150,47,25,8,,,126.82823210632013,37.21184588306533,126.82079980953712,37.19382164923313,2024-10-24 08:13:35
151,70,71,8,,,126.83751896118758,37.21023407899501,126.83928518425962,37.205101187483734,2024-10-24 08:15:18
152,21,39,8,,,126.81833743725254,37.19689425992243,126.8210791385792,37.201055913823055,2024-10-24 08:15:24
153,17,21,8,,,126.82601015462384,37.1964914023799,126.81782984711994,37.196758909814456,2024-10-24 08:15:31
154,55,37,8,,,126.82928165781973,37.20876963558551,126.8202664177701,37.19822466578242,2024-10-24 08:15:54
155,56,56,8,,,126.83394029187514,37.20582062513705,126.83416224679554,37.2051736543096,2024-10-24 08:16:14
156,43,59,8,,,126.82344002439488,37.19005376865458,126.83272345682661,37.20684215448588,2024-10-24 08:16:26
157,6,22,8,,,126.82453238193513,37.20463608542695,126.81556563066526,37.19559851669557,2024-10-24 08:16:38
158,21,38,8,,,126.81910556809089,37.19557977596745,126.82475032993521,37.20153234774376,2024-10-24 08:16:56
159,26,17,8,,,126.81834073466851,37.193528634932136,126.82548534101464,37.1959305239454,2024-10-24 08:18:35
160,71,33,8,,,126.84066985637486,37.205136856540186,126.83026336658168,37.201356093187016,2024-10-24 08:19:01
161,23,37,8,,,126.82072149778834,37.19219909715826,126.82210856875611,37.1977983735513,2024-10-24 08:19:18
162,28,53,8,,,126.82933924995267,37.20380648749549,126.82883583173027,37.20681789784135,2024-10-24 08:19:40
163,25,57,8,,,126.82097447688236,37.19448664959564,126.83202844371884,37.20417030338342,2024-10-24 08:19:42
164,46,11,8,,,126.83005929929334,37.21220605235762,126.81501651910237,37.20775732976548,2024-10-24 08:20:25
165,39,51,8,,,126.82057641425152,37.201045753191906,126.81928140029962,37.21101167606054,2024-10-24 08:20:26
166,71,54,8,,,126.83975746047403,37.20583173157359,126.83195839140524,37.20955628561027,2024-10-24 08:21:05
167,72,61,8,,,126.81219553838963,37.207619194009546,126.83229034416266,37.21596017625341,2024-10-24 08:21:16
168,70,50,8,,,126.83797457023593,37.209242821670124,126.82269284677828,37.21092599128652,2024-10-24 08:21:19
169,37,50,8,,,126.82167120242919,37.19791301401429,126.82215153167728,37.212123331480306,2024-10-24 08:21:43
170,28,16,8,,,126.83025381163183,37.20382158744055,126.82388481212149,37.192533300514654,2024-10-24 08:21:55
171,6,14,8,,,126.82505414468355,37.20483855918333,126.8202342905713,37.206777331050226,2024-10-24 08:22:00
172,62,64,8,,,126.83823801556754,37.21211719240796,126.84252765888233,37.20284327384996,2024-10-24 08:22:11
173,50,14,8,,,126.82173065431319,37.211995475405054,126.81954984372126,37.20686832484961,2024-10-24 08:22:18
174,38,21,8,,,126.82396381492329,37.20156623124231,126.81823381237821,37.19550350348419,2024-10-24 08:23:06
175,7,62,8,,,126.82749374232452,37.20759087315221,126.83815481391298,37.21311559830083,2024-10-24 08:23:14
176,47,46,8,,,126.82851081949006,37.21099675979469,126.83116657038558,37.21151863646067,2024-10-24 08:24:30
177,50,21,8,,,126.82320634812126,37.21156221842258,126.81809062136936,37.197003818082166,2024-10-24 08:24:58
178,40,13,8,,,126.8308151377142,37.193161271471105,126.81692678226754,37.203531795850395,2024-10-24 08:25:35
179,64,55,8,,,126.84242355453917,37.20293134159573,126.8291767211384,37.20894449577917,2024-10-24 08:28:14
180,58,56,8,,,126.8356244100193,37.208510825655324,126.83546476378675,37.2055954112238,2024-10-24 08:28:44
181,64,58,8,,,126.84202633632633,37.20287852550034,126.83550672154018,37.209365839637364,2024-10-24 08:29:08
182,64,3,8,,,126.84292011557045,37.202451835281416,126.82514224453635,37.21047168011094,2024-10-24 08:29:22
183,26,38,8,,,126.81856057151171,37.193996758424476,126.82362669710696,37.20037144222604,2024-10-24 08:29:29
184,37,51,8,,,126.82208163002252,37.19662302710664,126.81898297557962,37.209450084326036,2024-10-24 08:30:03
185,50,7,8,,,126.82210909663836,37.21056724273767,126.82812068793328,37.207294379788976,2024-10-24 08:30:05
186,21,72,8,,,126.81851650615826,37.196721615114605,126.8112180769289,37.20624128178482,2024-10-24 08:30:45
187,51,39,8,,,126.81911887637854,37.209602735977846,126.8224266189383,37.20051789090486,2024-10-24 08:31:02
188,50,38,8,,,126.82287739737937,37.21123768499241,126.82393089927406,37.20084403525777,2024-10-24 08:31:02
189,45,2,8,,,126.82408310026534,37.212092289377956,126.82273428223108,37.20647889491501,2024-10-24 08:31:22
190,50,48,8,,,126.82198375452136,37.21231928895203,126.82971438736693,37.21456046541871,2024-10-24 08:31:41
191,69,54,8,,,126.8382577983185,37.20585798189672,126.83186501728969,37.209379934697246,2024-10-24 08:32:22
192,18,54,8,,,126.82285192621227,37.194917166871974,126.8328259307375,37.21017696761442,2024-10-24 08:32:36
193,18,51,8,,,126.82308996668282,37.1955699301868,126.82057679194122,37.20952214256457,2024-10-24 08:32:40
194,37,3,8,,,126.82074820847929,37.19838409297636,126.82460758323309,37.20986862479011,2024-10-24 08:32:56
195,37,19,8,,,126.82115384145322,37.19815412490056,126.82853106903002,37.195003511528256,2024-10-24 08:33:25
196,60,39,8,,,126.83278327392176,37.21343401430889,126.82112865595366,37.20103743859805,2024-10-24 08:33:28
197,7,17,8,,,126.82666511202297,37.208733461848766,126.82700128415993,37.19619387994196,2024-10-24 08:33:44
198,36,26,8,,,126.82352875696235,37.19936963846593,126.81818412491569,37.19393851383775,2024-10-24 08:34:01
199,60,3,8,,,126.83280016010285,37.21319654371483,126.82507062487916,37.20920919414919,2024-10-24 08:35:02
200,29,68,8,,,126.82585578811482,37.20305037197004,126.83975479876591,37.20291157939478,2024-10-24 08:35:07
201,8,26,8,,,126.82378776287914,37.20784671875482,126.81833029992352,37.19396783990611,2024-10-24 08:35:16
202,26,70,8,,,126.81918528980567,37.19383070955677,126.8379893924497,37.20890250759319,2024-10-24 08:35:25
203,2,63,8,,,126.82186161092714,37.2064189116618,126.83554239845654,37.21192589940558,2024-10-24 08:36:44
204,50,60,8,,,126.82286391220183,37.211338767182006,126.8327259183179,37.212318257483915,2024-10-24 08:36:52
205,11,54,8,,,126.81473162113646,37.207918715911056,126.83217469577696,37.20973530734779,2024-10-24 08:37:34
206,50,37,8,,,126.82296073810947,37.211232063773984,126.82133389128367,37.19645144102136,2024-10-24 08:38:02
207,50,44,8,,,126.82259953856402,37.21115652623881,126.82086061709036,37.18927324651663,2024-10-24 08:38:19
208,70,26,8,,,126.83706319576986,37.20919882126157,126.81868382526983,37.19323488673717,2024-10-24 08:38:20
209,10,51,8,,,126.81711712302284,37.209076303241055,126.8206879276756,37.2101069039185,2024-10-24 08:39:42
210,21,48,8,,,126.81818744168888,37.197322935363964,126.83065409516641,37.21498592834926,2024-10-24 08:40:10
211,37,4,8,,,126.82201939917744,37.19744008549434,126.8217081036176,37.2094131049408,2024-10-24 08:40:55
212,49,15,8,,,126.82826061310125,37.21316400957672,126.81714837955326,37.20705789874478,2024-10-24 08:42:23
213,27,50,8,,,126.82756765321217,37.20021354862385,126.82219607035915,37.2114405344651,2024-10-24 08:43:20
214,50,39,8,,,126.8215960663767,37.21238109745874,126.82053448161346,37.19970654887223,2024-10-24 08:43:35
215,71,58,8,,,126.83933916294086,37.204790225219526,126.83419439366601,37.20872499862744,2024-10-24 08:44:52
216,71,50,8,,,126.83959030908287,37.205647578111446,126.82278477171803,37.2108613458191,2024-10-24 08:44:54
217,47,68,8,,,126.82654163133432,37.210638747416155,126.84038746930749,37.202902979221534,2024-10-24 08:44:56
218,37,51,8,,,126.82156478466993,37.19800839103256,126.82062431362442,37.209723599770626,2024-10-24 08:45:18
219,26,48,8,,,126.81850563819903,37.194170533068416,126.8297852147978,37.21527009171546,2024-10-24 08:45:53
220,26,41,8,,,126.81850354244825,37.194199607805714,126.83523494516068,37.19809752783439,2024-10-24 08:46:01
221,38,28,8,,,126.82392886707056,37.202038396809606,126.82997578029348,37.203114642729375,2024-10-24 08:46:02
222,45,44,8,,,126.824212029203,37.21267483223684,126.82156511263604,37.189868413025216,2024-10-24 08:46:15
223,38,72,8,,,126.82516370012144,37.20216157063883,126.81150981009355,37.207669534807536,2024-10-24 08:46:43
224,21,38,8,,,126.81787507636919,37.19545009099162,126.8237765192992,37.20144539163544,2024-10-24 08:46:51
225,12,18,8,,,126.8186801808588,37.204158961359354,126.82417040934422,37.19565738976495,2024-10-24 08:47:06
226,50,72,8,,,126.82226614034442,37.211241573592645,126.81235276753631,37.20807711241376,2024-10-24 08:47:07
227,37,33,8,,,126.821026688365,37.19690121479949,126.82913582356852,37.20137780881634,2024-10-24 08:47:36
228,34,50,8,,,126.82076587677041,37.2030236703493,126.82297800163884,37.21176055822919,2024-10-24 08:47:40
229,35,70,8,,,126.8191254928862,37.20129011473178,126.8370051516017,37.20964403211684,2024-10-24 08:48:27
230,60,37,8,,,126.83363011107855,37.21357566567105,126.82117683171133,37.197466506140586,2024-10-24 08:49:38
231,70,21,8,,,126.8370789641063,37.20928482301749,126.81948993044793,37.195462834798974,2024-10-24 08:50:26
232,21,58,8,,,126.81910215540896,37.19554133999258,126.83466237171983,37.20870968466294,2024-10-24 08:50:31
233,71,62,8,,,126.83980780244396,37.20504962190884,126.83735805040884,37.21226267519167,2024-10-24 08:50:56
234,70,28,8,,,126.83865042054109,37.209385403010266,126.82911360425834,37.202584212581456,2024-10-24 08:51:13
235,9,36,8,,,126.8140547185026,37.20492255478222,126.823841382941,37.198928017159005,2024-10-24 08:51:45
236,38,51,8,,,126.82425088030091,37.20129560741205,126.81916420523389,37.210654308053414,2024-10-24 08:51:50
237,32,50,8,,,126.83153333824622,37.200849728272146,126.82195543246227,37.210762540133075,2024-10-24 08:51:52
238,14,42,8,,,126.81903702560984,37.20765327899233,126.8309391190132,37.19531644537164,2024-10-24 08:51:53
239,37,21,8,,,126.82117143590087,37.19751046383708,126.81795398594765,37.19598642754349,2024-10-24 08:52:04
240,64,51,8,,,126.84324754136476,37.203356148814834,126.82047084679166,37.21027952901354,2024-10-24 08:52:29
241,48,50,8,,,126.83064896333825,37.21534159394613,126.82265260992831,37.211205155586846,2024-10-24 08:52:57
242,23,38,8,,,126.82099301431393,37.192375617532164,126.82356448670303,37.20192752380183,2024-10-24 08:53:46
243,37,12,8,,,126.82094049715336,37.198132428471105,126.81878175690518,37.20536409648601,2024-10-24 08:53:55
244,50,37,8,,,126.82330516075804,37.21073085309008,126.82219374708606,37.19670511774117,2024-10-24 08:54:54
245,71,34,8,,,126.84040536705514,37.20523210414247,126.82192612771662,37.20316772626574,2024-10-24 08:55:52
246,50,26,8,,,126.82331414232463,37.21238888930737,126.81909393814847,37.19311797347625,2024-10-24 08:56:17
247,36,14,8,,,126.82386792963018,37.19933019210303,126.82013531455084,37.20683893755229,2024-10-24 08:57:26
248,55,50,8,,,126.83096160406858,37.21008057274234,126.82297640181942,37.2115809445889,2024-10-24 08:58:36
249,50,37,8,,,126.8227281866329,37.211853161124615,126.82195223563058,37.19721842670157,2024-10-24 08:58:43
250,18,50,8,,,126.82292641463562,37.196194576942105,126.82194805282657,37.210525044481926,2024-10-24 08:59:17
251,38,3,8,,,126.82347757071307,37.20162927509412,126.82577881846774,37.20970507583832,2024-10-24 08:59:27
252,9,27,9,,,126.8132582575048,37.205361415410685,126.82648811131264,37.19921117999613,2024-10-24 09:01:16
253,50,38,9,,,126.82185136493314,37.21075297372378,126.82389314944061,37.20161003819267,2024-10-24 09:02:22
254,46,51,9,,,126.83098226218766,37.21251039337936,126.81931481651355,37.21005058077031,2024-10-24 09:02:59
255,66,27,9,,,126.83751035916931,37.203709104810386,126.82673598859328,37.19897436933854,2024-10-24 09:03:05
256,1,36,9,,,126.81662513731605,37.19738844342585,126.82310819689688,37.197603857330925,2024-10-24 09:03:35
257,21,38,9,,,126.81815083526544,37.19608034804201,126.82512358534059,37.20160904538042,2024-10-24 09:03:53
258,23,50,9,,,126.82092936156036,37.191452503552306,126.82188336574224,37.21127364208462,2024-10-24 09:04:29
259,55,51,9,,,126.82930271035387,37.209489743621994,126.81962354906324,37.21025063262264,2024-10-24 09:04:58
260,68,53,9,,,126.83973155483721,37.201945542076096,126.83041306010556,37.20639661247627,2024-10-24 09:05:01
261,51,49,9,,,126.8193287200886,37.209670042694725,126.82768112485302,37.21281108601617,2024-10-24 09:05:02
262,50,37,9,,,126.82219179463532,37.21184288145297,126.82176054263566,37.19744977575009,2024-10-24 09:05:07
263,51,71,9,,,126.81996477893045,37.20992059974817,126.8393057542228,37.20509033936249,2024-10-24 09:05:23
264,21,39,9,,,126.81859081683491,37.196572889619866,126.82159306505685,37.20016432838566,2024-10-24 09:06:09
265,58,6,9,,,126.83602384925464,37.20755986518573,126.82422895213243,37.20486346056402,2024-10-24 09:06:36
266,23,19,9,,,126.82148818949202,37.19241505566472,126.82803484738265,37.19599959991934,2024-10-24 09:07:03
267,56,38,9,,,126.8348416748422,37.205281151065755,126.82366468604057,37.200854655790174,2024-10-24 09:07:14
268,39,50,9,,,126.82157645980458,37.1993275764444,126.8217295524264,37.21212753140629,2024-10-24 09:09:06
269,43,2,9,,,126.82382609093298,37.1891846352239,126.82151874852623,37.205784987915955,2024-10-24 09:09:12
270,71,34,9,,,126.84028154987469,37.2046445882268,126.82268936936065,37.20237925084715,2024-10-24 09:09:32
271,18,54,9,,,126.82365908150909,37.19556851822321,126.83326454778286,37.21045624473389,2024-10-24 09:10:18
272,50,37,9,,,126.82166493310902,37.21240609246774,126.82182337060662,37.1976387495178,2024-10-24 09:10:55
273,33,10,9,,,126.82840165823333,37.20110814885997,126.8174493484604,37.209066861168,2024-10-24 09:11:18
274,6,57,9,,,126.8244578473415,37.20339350426681,126.83234087381587,37.204022342434484,2024-10-24 09:11:59
275,51,55,9,,,126.81895273066328,37.210954952404926,126.83072297271468,37.209118244051545,2024-10-24 09:12:25
276,23,18,9,,,126.8207646931914,37.19143617556783,126.82284498674224,37.194990714743916,2024-10-24 09:12:51
277,58,37,9,,,126.83512961055337,37.2089848973524,126.82125826608393,37.19745305338962,2024-10-24 09:12:57
278,46,71,9,,,126.83093495847736,37.21150039674401,126.84036687636767,37.20408426460002,2024-10-24 09:13:02
279,50,60,9,,,126.82308502675306,37.210745788518985,126.83369350732461,37.21291329704958,2024-10-24 09:13:39
280,15,72,9,,,126.81629860580891,37.205728566251345,126.81094760672771,37.20652300011894,2024-10-24 09:16:07
281,37,50,9,,,126.82035624556038,37.19702590610033,126.82296717238958,37.21134016476268,2024-10-24 09:16:13
282,33,27,9,,,126.8299315211196,37.200284718657485,126.82729976952548,37.19952308994483,2024-10-24 09:16:19
283,60,38,9,,,126.83260193944075,37.21243950052415,126.82415863668257,37.20042079325052,2024-10-24 09:16:26
284,47,8,9,,,126.82726147375143,37.210096085950816,126.82510315236625,37.20772956663329,2024-10-24 09:18:39
285,37,4,9,,,126.82058137133562,37.1965913539619,126.82218231428782,37.20858368951269,2024-10-24 09:19:27
286,55,50,9,,,126.83059592576828,37.209078406115,126.82197424191516,37.211870495357566,2024-10-24 09:20:37
287,52,72,9,,,126.82984586205286,37.21778846928508,126.81182548404034,37.20745797692865,2024-10-24 09:20:40
288,58,56,9,,,126.83431317765933,37.20845339514822,126.8348231909925,37.20542940366118,2024-10-24 09:21:03
289,10,37,9,,,126.81790540573148,37.20868200870089,126.8216399667493,37.19734379751495,2024-10-24 09:22:10
290,50,21,9,,,126.82199236588448,37.21182235211809,126.81842891334601,37.19654811609849,2024-10-24 09:22:23
291,71,33,9,,,126.84009407905322,37.20559658824192,126.83010053676158,37.19996366419352,2024-10-24 09:22:44
292,56,27,9,,,126.83453389470661,37.20585623981859,126.82709794224965,37.20002178450499,2024-10-24 09:23:13
293,37,12,9,,,126.82109054047878,37.19828454756541,126.8189953345544,37.204581569605416,2024-10-24 09:23:51
294,51,26,9,,,126.81893738965785,37.21043690062056,126.8176308979739,37.192929651320256,2024-10-24 09:24:40
295,11,55,9,,,126.81501487997171,37.20743339307926,126.83016429203646,37.208599149428295,2024-10-24 09:24:42
296,33,50,9,,,126.82945511216415,37.201022396514496,126.82291825127625,37.21138170848219,2024-10-24 09:25:06
297,37,3,9,,,126.82046592613064,37.197532685202006,126.82554274330276,37.21045787918982,2024-10-24 09:25:20
298,38,72,9,,,126.82320133273774,37.20082701296341,126.81133147213603,37.20775304210662,2024-10-24 09:25:29
299,26,48,9,,,126.81801009733833,37.193814677104626,126.83084049508624,37.21399946123532,2024-10-24 09:25:42
300,33,7,9,,,126.82867596531176,37.199974288387004,126.82755091326855,37.20841724745786,2024-10-24 09:25:43
301,37,18,9,,,126.82101057201398,37.19841265441364,126.82458289115154,37.194745367681584,2024-10-24 09:26:21
302,49,61,9,,,126.82712309288894,37.21334082923345,126.83285512393662,37.21620912612241,2024-10-24 09:26:23
303,46,69,9,,,126.83029674281173,37.21290642035749,126.83810083637918,37.206230342810855,2024-10-24 09:27:11
304,9,63,9,,,126.81393792020073,37.205860904833116,126.83439916233645,37.21050477695407,2024-10-24 09:27:36
305,60,61,9,,,126.83242509506262,37.21227708156708,126.83292693822693,37.215556544419734,2024-10-24 09:29:25
306,2,38,9,,,126.82190318679366,37.206193506146676,126.82371518196425,37.20120380081467,2024-10-24 09:30:14
307,50,48,9,,,126.82252721772896,37.21202668261877,126.83023090143384,37.214802793470184,2024-10-24 09:30:18
308,33,21,9,,,126.82981905570765,37.20088697370861,126.81804468708891,37.1969104735619,2024-10-24 09:30:19
309,50,64,9,,,126.82300040060902,37.21249503848322,126.84348970605264,37.20418860083078,2024-10-24 09:30:23
310,50,55,9,,,126.82260312853782,37.210929654526026,126.83098380714686,37.20950047776073,2024-10-24 09:30:27
311,37,51,9,,,126.82193412210835,37.19654921801318,126.81976677231631,37.21041904757468,2024-10-24 09:31:12
312,71,54,9,,,126.83965499476203,37.2054061361444,126.83240860404429,37.21082497216033,2024-10-24 09:33:26
313,38,51,9,,,126.82394975574064,37.20142801634611,126.81996600633062,37.210359659286524,2024-10-24 09:34:39
314,27,50,9,,,126.826354738078,37.19930871492746,126.82180775949472,37.21086103952093,2024-10-24 09:34:42
315,51,50,9,,,126.82045058505099,37.21010841869161,126.82265896203103,37.212061039532855,2024-10-24 09:35:19
316,50,51,9,,,126.82250271959381,37.21127448843526,126.81921524428996,37.20994294248339,2024-10-24 09:35:20
317,23,38,9,,,126.82054123105489,37.192012732854714,126.82394368139457,37.2021555860195,2024-10-24 09:35:41
318,38,21,9,,,126.82330420692134,37.20226902142317,126.8185913365934,37.196394991733676,2024-10-24 09:35:44
319,14,3,9,,,126.82021207703569,37.206761299429076,126.82428355532439,37.210257704289276,2024-10-24 09:35:46
320,32,50,9,,,126.8316727545136,37.20082199970649,126.82164147225515,37.21203312888407,2024-10-24 09:35:56
321,37,33,9,,,126.82147850686536,37.19830405560984,126.8298666186427,37.20051229238226,2024-10-24 09:37:27
322,51,37,9,,,126.82046315764136,37.209678931589636,126.82105706662868,37.196555099921696,2024-10-24 09:37:39
323,50,39,9,,,126.82168625049908,37.21056528432314,126.82122636132927,37.200138750205234,2024-10-24 09:38:43
324,53,64,9,,,126.8300799032164,37.205605286830995,126.84272683454908,37.20369474389493,2024-10-24 09:39:38
325,25,2,9,,,126.82187057385192,37.1949355669103,126.82224397281995,37.20549009223616,2024-10-24 09:39:46
326,21,33,9,,,126.81859135497082,37.195455217083456,126.82921810110483,37.200286598565576,2024-10-24 09:40:22
327,5,44,9,,,126.82741171428603,37.205189282221625,126.82038033603779,37.188068776480556,2024-10-24 09:40:29
328,5,49,9,,,126.82648629541727,37.20432558063193,126.82828415750838,37.21455340415109,2024-10-24 09:40:54
329,50,7,9,,,126.82174028714418,37.212490710004865,126.8265066281242,37.207619089014145,2024-10-24 09:41:07
330,70,71,9,,,126.83781888900629,37.20955777433119,126.8393294863797,37.20407926323646,2024-10-24 09:41:07
331,50,26,9,,,126.82192848489245,37.212496814870725,126.81924895298702,37.19448774513629,2024-10-24 09:41:58
332,38,3,9,,,126.82431017570757,37.201025344520524,126.82517684101244,37.20914072245995,2024-10-24 09:41:58
333,37,31,9,,,126.82041919820968,37.196434106107766,126.82976014746873,37.19736213349549,2024-10-24 09:42:00
334,55,37,9,,,126.82998262558012,37.209390498863065,126.82084008998073,37.197677931731754,2024-10-24 09:42:11
335,69,9,9,,,126.83683187658099,37.207084512560684,126.8138903397065,37.2063920725408,2024-10-24 09:42:32
336,37,52,9,,,126.82074462293598,37.19745435517158,126.8305174830253,37.216846766408956,2024-10-24 09:43:08
337,55,7,9,,,126.82951586127551,37.20965456121623,126.82744570671353,37.207453172935544,2024-10-24 09:43:47
338,18,51,9,,,126.82397028290092,37.19595958922865,126.81994909956148,37.21114788287987,2024-10-24 09:43:53
339,23,37,9,,,126.82030892258271,37.19113823986494,126.82113959025067,37.19729912025978,2024-10-24 09:44:06
340,50,50,9,,,126.82330041427683,37.21105789320777,126.82175147027125,37.210552340356905,2024-10-24 09:44:20
341,26,38,9,,,126.81854322668612,37.19331160654657,126.82378801205036,37.2021957168404,2024-10-24 09:45:12
342,51,18,9,,,126.81882454290432,37.21011423971969,126.82450390270674,37.19577333531298,2024-10-24 09:45:35
343,7,17,9,,,126.82644558330183,37.208643956549274,126.8254902239694,37.19749316896564,2024-10-24 09:45:36
344,71,58,9,,,126.83988849417142,37.20420786571051,126.83593061367762,37.20807401026955,2024-10-24 09:45:59
345,50,26,9,,,126.82227363349165,37.21138833043738,126.81917635869151,37.19398131936932,2024-10-24 09:47:05
346,51,60,9,,,126.8205896310213,37.20987032969964,126.83246424588357,37.2130470072659,2024-10-24 09:48:25
347,51,39,9,,,126.81974605605734,37.21085712844999,126.82213111111318,37.200777234168555,2024-10-24 09:48:56
348,39,26,9,,,126.82069176004916,37.20055311386783,126.8188665020827,37.19369149722102,2024-10-24 09:50:02
349,26,70,9,,,126.81917804020074,37.19452201880383,126.8381596452793,37.20872643522887,2024-10-24 09:50:26
350,71,50,9,,,126.84024286294381,37.205673860386256,126.8223988023738,37.21151514364758,2024-10-24 09:50:28
351,18,50,9,,,126.82388017552145,37.1958164635571,126.82314347048549,37.211862780631805,2024-10-24 09:51:30
352,4,50,9,,,126.82184595452291,37.20870974368355,126.82273580995816,37.210722293219575,2024-10-24 09:51:32
353,18,32,9,,,126.82307553159993,37.19600001061156,126.83198745981971,37.202292200900274,2024-10-24 09:51:49
354,6,1,9,,,126.82404892735764,37.203646171871334,126.81661029380466,37.19709274343218,2024-10-24 09:52:10
355,27,53,9,,,126.8260826288331,37.19955760057651,126.82891676763825,37.205572029003584,2024-10-24 09:52:18
356,23,42,9,,,126.82100920686028,37.19146985633576,126.83184549457096,37.19669384701859,2024-10-24 09:52:52
357,15,3,9,,,126.81724142757625,37.20622170772673,126.82547048521809,37.2104039918394,2024-10-24 09:52:59
358,33,59,9,,,126.82936919295435,37.200429527732744,126.83308143004376,37.2083103139037,2024-10-24 09:53:07
359,39,51,9,,,126.82244607068574,37.200608270200625,126.81905922074452,37.210376451473444,2024-10-24 09:53:11
360,14,64,9,,,126.81949199477238,37.2069402706702,126.842536460858,37.20248153163774,2024-10-24 09:53:11
361,51,32,9,,,126.81941645779658,37.2104074330051,126.83193403744826,37.20189105953601,2024-10-24 09:53:57
362,23,15,9,,,126.81989548056323,37.19227096413304,126.8169299827378,37.207341057108934,2024-10-24 09:54:03
363,70,50,9,,,126.83793439687568,37.21051310462761,126.82166790889104,37.2112317264216,2024-10-24 09:54:15
364,50,6,9,,,126.8229816703471,37.21153906538225,126.82355053665788,37.20458929551198,2024-10-24 09:54:25
365,36,67,9,,,126.82469103768194,37.198713659241214,126.83464558124341,37.201931583900624,2024-10-24 09:54:41
366,37,21,9,,,126.821922967639,37.19736851357725,126.81851490145455,37.19686055515256,2024-10-24 09:56:38
367,37,5,9,,,126.82215357319316,37.19729854883155,126.826979705149,37.20466009272871,2024-10-24 09:56:43
368,51,56,9,,,126.81900069568131,37.20966771137149,126.83455405121043,37.20497223345273,2024-10-24 09:56:45
369,37,19,9,,,126.82093132737897,37.1978530122562,126.82794279550083,37.194326927370795,2024-10-24 09:57:17
370,54,71,9,,,126.8317542770316,37.21104133394447,126.83921785934234,37.205716218914766,2024-10-24 09:57:31
371,60,39,9,,,126.83283732296977,37.21331773175287,126.82217877704495,37.20031228656639,2024-10-24 09:57:32
372,28,18,9,,,126.82955372486849,37.20405756076885,126.82419852734803,37.19576853410735,2024-10-24 09:57:38
373,51,21,9,,,126.8201137923301,37.20973439962885,126.81792486321974,37.196743311354965,2024-10-24 09:58:07
374,24,47,9,,,126.81894231256057,37.19102567684636,126.82719215947493,37.21159369525845,2024-10-24 09:58:08
375,56,32,9,,,126.83470616292247,37.205333660414354,126.83202918603784,37.202267834711364,2024-10-24 09:58:45
376,58,36,9,,,126.83576003516212,37.20926327625627,126.82438729069946,37.199371835416564,2024-10-24 09:59:04
377,72,55,9,,,126.81069516145963,37.20755208937646,126.8309206908522,37.209061696906815,2024-10-24 09:59:32
378,65,49,10,,,126.83412452457029,37.20090921654321,126.82835761137768,37.213903140352386,2024-10-24 10:00:27
379,51,37,10,,,126.81951734176413,37.210483814100236,126.82170513211038,37.196457056006366,2024-10-24 10:00:27
380,29,39,10,,,126.82657259016105,37.201923623865135,126.82182000454377,37.19971151022265,2024-10-24 10:00:46
381,63,62,10,,,126.83513304833717,37.21085812491133,126.83884550394686,37.21152478264418,2024-10-24 10:00:50
382,21,39,10,,,126.8183706703488,37.19733721644921,126.82235764980372,37.20022967286245,2024-10-24 10:02:28
383,21,38,10,,,126.8179268107512,37.19716933229437,126.8235204256906,37.202084202387596,2024-10-24 10:02:32
384,51,21,10,,,126.81951944919251,37.21094806681735,126.8180395479844,37.197027962276685,2024-10-24 10:03:18
385,39,21,10,,,126.82057290577427,37.19972837337024,126.81865620081805,37.19622079846601,2024-10-24 10:03:19
386,50,6,10,,,126.82331494654939,37.21162528557435,126.82366086814788,37.20424970637969,2024-10-24 10:03:56
387,51,18,10,,,126.82037280173488,37.210467277961015,126.82435723116375,37.19483765341341,2024-10-24 10:04:00
388,38,72,10,,,126.82323600082702,37.20052150586746,126.81204843968344,37.20737157186752,2024-10-24 10:04:35
389,37,18,10,,,126.82120488906882,37.19839587820732,126.82308120199569,37.19526317400431,2024-10-24 10:04:42
390,55,50,10,,,126.8301144658591,37.208711070257806,126.82307825902288,37.21163390551496,2024-10-24 10:05:15
391,18,54,10,,,126.82299617341043,37.19605137656369,126.83362770984822,37.21112251202829,2024-10-24 10:06:51
392,21,72,10,,,126.81824676542763,37.197199782535066,126.81192449196874,37.20708470023037,2024-10-24 10:07:19
393,37,19,10,,,126.82221741323698,37.197955259077006,126.82870691299637,37.19532659039334,2024-10-24 10:09:14
394,26,48,10,,,126.81922479500382,37.193482598774885,126.83020198212328,37.21375753394819,2024-10-24 10:09:35
395,3,53,10,,,126.82432480432688,37.21040941721861,126.83016347929193,37.20644203884004,2024-10-24 10:10:05
396,20,11,10,,,126.81653949338765,37.19226085114541,126.81428080829296,37.20901393255969,2024-10-24 10:10:46
397,38,3,10,,,126.82461889616734,37.202194533163535,126.82545936757367,37.20899178391388,2024-10-24 10:12:52
398,6,26,10,,,126.82402006761265,37.20317300759831,126.81873414475166,37.19283055309414,2024-10-24 10:13:01
399,23,38,10,,,126.82047480332918,37.192410749798555,126.82446541895294,37.20178195090889,2024-10-24 10:13:09
400,20,18,10,,,126.8152439192656,37.19295885836114,126.82283956451452,37.19525982327313,2024-10-24 10:13:36
401,55,37,10,,,126.83049105839955,37.209286588686815,126.82105733870793,37.19784902651106,2024-10-24 10:14:08
402,39,51,10,,,126.82103474015518,37.2000660254807,126.81987799899217,37.21053282536642,2024-10-24 10:15:05
403,18,53,10,,,126.82282622155572,37.195964881737346,126.83019715358213,37.20612350102933,2024-10-24 10:15:24
404,49,63,10,,,126.82735093129136,37.214361437841156,126.83596900153827,37.21168958380372,2024-10-24 10:16:27
405,51,54,10,,,126.81974757671848,37.20980325324419,126.8322065378979,37.21082390327527,2024-10-24 10:16:27
406,64,51,10,,,126.84185572258015,37.203397399219554,126.8189723448656,37.210180853177185,2024-10-24 10:16:34
407,50,7,10,,,126.82203990015955,37.21101050496639,126.8272010059603,37.20718969704293,2024-10-24 10:16:34
408,59,10,10,,,126.83161172358395,37.20780399466264,126.81743353142238,37.208646704267466,2024-10-24 10:16:49
409,12,18,10,,,126.81869714565502,37.20490483497609,126.82331646847258,37.196634813845705,2024-10-24 10:19:02
410,50,37,10,,,126.82244667442713,37.211261837163924,126.82078386992191,37.197142122822264,2024-10-24 10:19:19
411,15,8,10,,,126.81716714918802,37.20693275906946,126.82457614380162,37.20692859975829,2024-10-24 10:19:43
412,64,58,10,,,126.84167039945615,37.20322194098593,126.83462625960594,37.207962054077704,2024-10-24 10:20:27
413,64,55,10,,,126.84180842637466,37.202790291952354,126.82953847320304,37.208446931280164,2024-10-24 10:20:33
414,59,59,10,,,126.832970340547,37.20726724932728,126.83162224202931,37.20658224042551,2024-10-24 10:21:02
415,70,26,10,,,126.83761521236423,37.208894803841375,126.8188228929607,37.193165965907546,2024-10-24 10:21:26
416,67,6,10,,,126.83454563237439,37.202707670137066,126.8246947563625,37.20478220334357,2024-10-24 10:22:29
417,50,37,10,,,126.82319736249372,37.21110688972644,126.8206407940624,37.196847219255254,2024-10-24 10:22:43
418,50,55,10,,,126.82302255805169,37.211015167190446,126.83026993836864,37.21004553301315,2024-10-24 10:23:02
419,48,50,10,,,126.83077751839141,37.21562704652678,126.82201684308693,37.212072122867134,2024-10-24 10:23:30
420,17,50,10,,,126.82671756354738,37.197617659505376,126.82180734778845,37.211995190674614,2024-10-24 10:23:38
421,60,39,10,,,126.83308999837361,37.21311765128989,126.8222118686687,37.200807782516314,2024-10-24 10:24:09
422,33,66,10,,,126.82944261082197,37.199821988308656,126.83746509437898,37.203031457663464,2024-10-24 10:24:41
423,33,21,10,,,126.8287525305793,37.20089503376065,126.81788305232962,37.19561001040743,2024-10-24 10:25:05
424,50,9,10,,,126.82282854359691,37.21068544166823,126.81363945545675,37.204822870146835,2024-10-24 10:25:19
425,50,50,10,,,126.82187083420506,37.211640092700584,126.8232663032624,37.21160179874021,2024-10-24 10:25:55
426,37,21,10,,,126.8220949768205,37.197320677976485,126.8177371811855,37.19609786554229,2024-10-24 10:26:06
427,37,4,10,,,126.82026677761031,37.196932518149296,126.82130166786378,37.208120853689294,2024-10-24 10:27:01
428,51,55,10,,,126.82061326033599,37.20957742761784,126.82947296524823,37.20903051196975,2024-10-24 10:27:05
429,7,17,10,,,126.82752438842843,37.20803519518536,126.82710237343598,37.19671285116934,2024-10-24 10:28:00
430,49,20,10,,,126.82734923544264,37.2134792743303,126.81574528571925,37.191814794199814,2024-10-24 10:28:25
431,38,21,10,,,126.8250413241363,37.20154955885569,126.81805801378853,37.19712095552695,2024-10-24 10:28:37
432,37,12,10,,,126.82038826649136,37.19711266144428,126.8201165771768,37.20577690899543,2024-10-24 10:28:55
433,26,38,10,,,126.81752661976951,37.19355825189582,126.82353841067761,37.20165822414809,2024-10-24 10:29:11
434,60,38,10,,,126.83300562926425,37.212906899033136,126.82322137208355,37.201135800791434,2024-10-24 10:29:25
435,53,6,10,,,126.82942497870363,37.20658671278112,126.82534036213704,37.205089791309874,2024-10-24 10:29:37
436,56,38,10,,,126.83406076620125,37.20510720730174,126.82439657874276,37.20153004992767,2024-10-24 10:29:50
437,34,26,10,,,126.8211189408566,37.20228672679977,126.81753502751872,37.193693985934786,2024-10-24 10:30:09
438,27,50,10,,,126.82753761238534,37.20009257203833,126.8228251392291,37.21110440535456,2024-10-24 10:30:29
439,56,56,10,,,126.83462035210353,37.20562412620517,126.83477242560059,37.20652520498289,2024-10-24 10:30:45
440,30,51,10,,,126.83158587805534,37.19854454145256,126.82048490148732,37.210424430072685,2024-10-24 10:31:46
441,51,71,10,,,126.81871356509299,37.209531619008466,126.84005513041878,37.20433142368197,2024-10-24 10:32:29
442,1,37,10,,,126.81637431604008,37.19741830774254,126.82194308091705,37.19766307532216,2024-10-24 10:32:47
443,50,60,10,,,126.82284491864635,37.21142217167207,126.8321760663202,37.21271356401576,2024-10-24 10:33:29
444,34,21,10,,,126.82178145820204,37.20245856031333,126.81928565321503,37.1956719471562,2024-10-24 10:34:30
445,36,69,10,,,126.82305630545348,37.198395297730436,126.83742510368923,37.20598760396009,2024-10-24 10:34:50
446,50,38,10,,,126.82231138230611,37.2122661375799,126.82461367542189,37.201925345684906,2024-10-24 10:35:00
447,23,19,10,,,126.821690556139,37.19178094688275,126.8288022306566,37.195736948234305,2024-10-24 10:35:47
448,54,21,10,,,126.83213142141877,37.21103177892472,126.81896125662514,37.19714541876108,2024-10-24 10:36:03
449,37,51,10,,,126.82072007480072,37.19718215664722,126.81900490749409,37.2103406396873,2024-10-24 10:36:18
450,10,57,10,,,126.81671875109011,37.2090229163751,126.83266527580317,37.20510610057063,2024-10-24 10:36:23
451,51,37,10,,,126.8187289499429,37.21137434782668,126.82160881257137,37.19804991815299,2024-10-24 10:36:34
452,37,50,10,,,126.82051544084177,37.197209720974726,126.82304901739563,37.21245796242923,2024-10-24 10:36:40
453,55,20,10,,,126.82905235302016,37.209239536206745,126.81529839857691,37.19330456896483,2024-10-24 10:37:04
454,70,50,10,,,126.83835396901463,37.20889938372395,126.82283380089991,37.210554345892525,2024-10-24 10:37:14
455,50,64,10,,,126.82321317295168,37.211477146317684,126.84280017565972,37.20333775206876,2024-10-24 10:37:18
456,16,2,10,,,126.82408827548552,37.193741093937035,126.82117561159535,37.205416543834566,2024-10-24 10:38:15
457,50,48,10,,,126.82286187892973,37.21222868335811,126.830541456469,37.213776313509115,2024-10-24 10:38:24
458,37,3,10,,,126.82118550327861,37.19653907727302,126.82528697136624,37.210379925341456,2024-10-24 10:38:29
459,54,71,10,,,126.83176501236603,37.210144475069136,126.84090658325272,37.20413735265138,2024-10-24 10:38:41
460,50,50,10,,,126.82221453031941,37.21165879952725,126.82203910474425,37.21080533649555,2024-10-24 10:39:52
461,50,26,10,,,126.82249707512484,37.21194912415488,126.81909209193287,37.19348647899084,2024-10-24 10:40:06
462,68,8,10,,,126.83947217638669,37.201445093369294,126.82401823993263,37.2078451514433,2024-10-24 10:40:34
463,56,50,10,,,126.83545583954039,37.20543632539157,126.82192602822956,37.210559764993064,2024-10-24 10:40:39
464,50,37,10,,,126.82217263829185,37.21190805084053,126.82090397668479,37.196902265629085,2024-10-24 10:41:15
465,18,51,10,,,126.82319980347393,37.1961707745439,126.82050503312959,37.209520919990126,2024-10-24 10:42:01
466,64,71,10,,,126.84274989431744,37.2032450832315,126.83932639268392,37.20490437979734,2024-10-24 10:42:40
467,70,33,10,,,126.83797049176239,37.209521543924524,126.82906638398207,37.20015063145792,2024-10-24 10:43:12
468,59,25,10,,,126.8322268915154,37.20668633137849,126.8202201217992,37.19432974315452,2024-10-24 10:43:16
469,51,32,10,,,126.81992770346986,37.21075289858931,126.83197493453768,37.20171291302902,2024-10-24 10:43:32
470,11,23,10,,,126.81385463561865,37.20886443837689,126.8217281099279,37.19176148224546,2024-10-24 10:43:54
471,37,33,10,,,126.82052672627981,37.19817271115454,126.828551539712,37.20138635602662,2024-10-24 10:45:10
472,10,49,10,,,126.8167638266652,37.20929500430642,126.8276687855178,37.21457612696103,2024-10-24 10:45:12
473,50,21,10,,,126.82145846928071,37.21171045256794,126.81918598243594,37.195488441499776,2024-10-24 10:45:59
474,17,32,10,,,126.82719714036936,37.19685602199557,126.83168949512,37.20153556963306,2024-10-24 10:46:11
475,56,26,10,,,126.83457218938736,37.20643597082695,126.81763304541829,37.19403890910694,2024-10-24 10:46:13
476,59,8,10,,,126.83220779299168,37.20754952783971,126.82420729591662,37.207494928407534,2024-10-24 10:46:24
477,56,32,10,,,126.83491031541139,37.20609124643314,126.83110661863357,37.202695151376645,2024-10-24 10:47:03
478,51,56,10,,,126.82006274799863,37.209871103635464,126.83521620114723,37.20633865349701,2024-10-24 10:47:35
479,32,50,10,,,126.83237980652451,37.20228618681669,126.8232606454198,37.211777936325575,2024-10-24 10:48:01
480,51,26,10,,,126.81913210409259,37.20972144842314,126.81747404446764,37.19343970989584,2024-10-24 10:48:16
481,70,71,10,,,126.83841410424121,37.20895882609146,126.83919373097643,37.205651220148944,2024-10-24 10:48:21
482,23,38,10,,,126.82128667092651,37.19116552018033,126.82430441072036,37.20190124777012,2024-10-24 10:49:03
483,10,37,10,,,126.8162863420844,37.20846282491176,126.820910845736,37.1968382871211,2024-10-24 10:49:39
484,48,48,10,,,126.83068681961723,37.215567029038354,126.83042607491691,37.214598274871705,2024-10-24 10:50:11
485,50,37,10,,,126.82337851818633,37.210735146074065,126.82074593303082,37.19738144546384,2024-10-24 10:50:37
486,33,27,10,,,126.8290615230614,37.201643458788155,126.8274551365166,37.19998894018848,2024-10-24 10:51:02
487,39,26,10,,,126.82059732038421,37.20096636555315,126.81793167113253,37.193535482275784,2024-10-24 10:51:29
488,33,59,10,,,126.82988901475707,37.200857411795425,126.83250399381275,37.20742879090973,2024-10-24 10:51:31
489,37,51,10,,,126.82085747264455,37.1964690743658,126.81978355542573,37.21076638884576,2024-10-24 10:51:37
490,23,50,10,,,126.82103534413484,37.19117944461751,126.82219035492183,37.211777965263344,2024-10-24 10:51:41
491,33,39,10,,,126.8296424622561,37.20074081823975,126.82097936317278,37.19967572831312,2024-10-24 10:51:42
492,50,39,10,,,126.8232080351701,37.21217997603831,126.82131229265532,37.19998031491067,2024-10-24 10:51:59
493,21,33,10,,,126.81872494790659,37.195521794284055,126.82976050873391,37.20073608741815,2024-10-24 10:52:28
494,17,49,10,,,126.82598652475026,37.197378871909514,126.82817774102877,37.213238016659865,2024-10-24 10:52:46
495,1,35,10,,,126.81627321422225,37.19902139734709,126.81812652520243,37.20142844485477,2024-10-24 10:53:26
496,51,39,10,,,126.81905319842971,37.211298812955796,126.82153320311662,37.201075002756724,2024-10-24 10:55:02
497,39,30,10,,,126.82163665298532,37.20107169913405,126.83232012125437,37.19908587839783,2024-10-24 10:55:41
498,70,50,10,,,126.83754876427393,37.21011126236209,126.82177897426972,37.21236464798035,2024-10-24 10:55:44
499,39,50,10,,,126.82108796118445,37.19988023529859,126.82269979901992,37.2107870345435,2024-10-24 10:55:52
500,18,50,10,,,126.8245872872096,37.19576614843794,126.8216539200819,37.21189285627647,2024-10-24 10:56:31
501,71,58,10,,,126.83987369681304,37.205579970203516,126.83539975154855,37.208457261032706,2024-10-24 10:57:52
502,51,60,10,,,126.818758033755,37.2107191780338,126.8326504884,37.2128197682753,2024-10-24 10:58:35
503,21,48,10,,,126.81933016753608,37.197194952238824,126.83057075707926,37.213762408044076,2024-10-24 10:59:32
504,37,18,11,,,126.82111634526886,37.198407280188796,126.82454005377066,37.196680380728,2024-10-24 11:00:02
505,34,50,11,,,126.82240247253755,37.203792062281146,126.82332367475618,37.210686796991354,2024-10-24 11:00:10
506,48,48,11,,,126.8295144870658,37.21426824426144,126.83101341333992,37.21386481142629,2024-10-24 11:00:56
507,27,50,11,,,126.82632669669368,37.19948452342043,126.82225751397907,37.21213397084541,2024-10-24 11:02:12
508,51,21,11,,,126.82030334078661,37.209778077830755,126.81948484001516,37.197305700570915,2024-10-24 11:03:35
509,50,26,11,,,126.8222543462584,37.21112085266197,126.81783041900619,37.19443454653133,2024-10-24 11:04:30
510,13,24,11,,,126.81718355339868,37.20330822051881,126.81882798718233,37.18994271920693,2024-10-24 11:04:35
511,51,32,11,,,126.82042672920764,37.21117337160658,126.83162062131777,37.20229355968079,2024-10-24 11:04:42
512,51,37,11,,,126.8187106030948,37.210525571920854,126.82138836014879,37.19682494601806,2024-10-24 11:05:53
513,37,50,11,,,126.82026291927453,37.19783099979069,126.82164477375638,37.2114541270917,2024-10-24 11:06:13
514,32,39,11,,,126.83249941404266,37.20101768253463,126.82060300408722,37.20006209751402,2024-10-24 11:06:30
515,28,37,11,,,126.82901223755377,37.20403258372127,126.82143659446109,37.198045009144835,2024-10-24 11:08:00
516,60,38,11,,,126.8335113430724,37.21219005345519,126.82457825788342,37.20092814240704,2024-10-24 11:08:11
517,37,51,11,,,126.82110537453468,37.19839991353009,126.81883632135849,37.20968373943239,2024-10-24 11:08:13
518,63,56,11,,,126.8360181938822,37.210298344055076,126.8341701601832,37.206608053767916,2024-10-24 11:08:17
519,50,37,11,,,126.82170703943417,37.21190351289762,126.82130675739259,37.198329636114664,2024-10-24 11:09:22
520,34,21,11,,,126.8212455721897,37.20320909781401,126.81848066464534,37.196171323021765,2024-10-24 11:09:42
521,70,71,11,,,126.83805708629683,37.2086088281862,126.83964562395856,37.20448022609002,2024-10-24 11:10:08
522,51,55,11,,,126.81951473696682,37.209432144895715,126.82967939685533,37.208578511962365,2024-10-24 11:10:16
523,56,56,11,,,126.8348078632036,37.20485423479315,126.83415020318226,37.20527098586857,2024-10-24 11:10:36
524,70,50,11,,,126.83863534163089,37.209247415804086,126.82227139703359,37.21105047721323,2024-10-24 11:11:47
525,50,60,11,,,126.82309434456779,37.21236283382949,126.83372404460208,37.21311494125609,2024-10-24 11:12:13
526,36,62,11,,,126.82459472913709,37.19944058950621,126.83768896215632,37.21234481350543,2024-10-24 11:14:52
527,23,50,11,,,126.82036314097206,37.19137730186119,126.82171579212718,37.21157573091158,2024-10-24 11:15:03
528,37,51,11,,,126.82115088042069,37.19746249222043,126.81938181304776,37.20943551426825,2024-10-24 11:15:26
529,18,50,11,,,126.82398075997979,37.19628450416713,126.82269398999462,37.21087328752574,2024-10-24 11:15:49
530,56,50,11,,,126.83431415496068,37.204792294164555,126.82254879024391,37.212060387640115,2024-10-24 11:15:56
531,51,71,11,,,126.82061703486946,37.21025902081421,126.83934016060296,37.20593377500346,2024-10-24 11:16:15
532,21,48,11,,,126.81794277023691,37.1959536328481,126.8304564830809,37.21513074679055,2024-10-24 11:16:17
533,42,42,11,,,126.83077637118222,37.196105168595345,126.8317387433933,37.196114558238,2024-10-24 11:16:20
534,2,14,11,,,126.8212401498528,37.20537499213092,126.81922500983937,37.20745026116435,2024-10-24 11:16:31
535,50,26,11,,,126.8222483413495,37.21067293927196,126.81857080903868,37.1934344342625,2024-10-24 11:16:41
536,61,17,11,,,126.83291291900807,37.216761789148535,126.82600330086821,37.19586754147678,2024-10-24 11:16:56
537,32,50,11,,,126.8312530021069,37.20248059990264,126.82187872865617,37.212232671265156,2024-10-24 11:18:55
538,53,52,11,,,126.83060498627559,37.20548295157395,126.83069852367608,37.218354187672325,2024-10-24 11:19:06
539,32,26,11,,,126.83133598049888,37.20194022009355,126.81793841362567,37.19448569089071,2024-10-24 11:19:11
540,37,3,11,,,126.82141661394766,37.1970991140215,126.82481108701461,37.209898378858185,2024-10-24 11:19:21
541,21,39,11,,,126.8187570179302,37.197180238002645,126.82111080380389,37.20058312523124,2024-10-24 11:20:18
542,38,2,11,,,126.82471576924281,37.200593971030756,126.82119815584625,37.20637594436304,2024-10-24 11:20:25
543,51,39,11,,,126.81917983273479,37.210898541103674,126.82242814780447,37.1999754523232,2024-10-24 11:20:44
544,50,37,11,,,126.82269547889344,37.2118326728329,126.82028607661026,37.196774895518445,2024-10-24 11:21:06
545,50,7,11,,,126.82322122388985,37.210658556799125,126.8266121865711,37.20898018294485,2024-10-24 11:21:09
546,50,72,11,,,126.82153514831224,37.211043029591195,126.81164594903483,37.206921618407534,2024-10-24 11:21:50
547,21,33,11,,,126.81780459114165,37.19573702139333,126.82929324133504,37.20100718572081,2024-10-24 11:22:15
548,50,21,11,,,126.822647962667,37.211281976681114,126.81893879256965,37.1970119257814,2024-10-24 11:22:18
549,70,26,11,,,126.8387032945212,37.208784584617256,126.81920140768088,37.19262896597973,2024-10-24 11:22:38
550,37,4,11,,,126.82178525471198,37.19821191302724,126.82240796785626,37.20777693692326,2024-10-24 11:23:27
551,28,48,11,,,126.82975886904828,37.20420341781405,126.83066713574149,37.21460020782962,2024-10-24 11:23:56
552,21,38,11,,,126.81881140655891,37.197033908448375,126.82458082499741,37.20194718894979,2024-10-24 11:24:01
553,59,8,11,,,126.83186292001582,37.208307047041785,126.82414655280905,37.20656720903569,2024-10-24 11:24:27
554,37,21,11,,,126.82100443420244,37.19692438226826,126.81790773135856,37.1971504733807,2024-10-24 11:24:36
555,51,60,11,,,126.82014909482577,37.21111740110577,126.83295577824116,37.2122171097178,2024-10-24 11:25:41
556,37,51,11,,,126.82187266033479,37.196602265873146,126.81942978812693,37.209625792196626,2024-10-24 11:26:09
557,46,62,11,,,126.83034744219397,37.212649802960776,126.83840911595514,37.21208620853602,2024-10-24 11:26:24
558,18,54,11,,,126.82315083155217,37.194697892677176,126.83307940791123,37.209750164154876,2024-10-24 11:26:32
559,18,51,11,,,126.82394945321678,37.19474737713921,126.8198790710644,37.209814038001774,2024-10-24 11:27:00
560,37,33,11,,,126.82171272339407,37.197674812259486,126.82917273525894,37.201176247178495,2024-10-24 11:27:03
561,50,6,11,,,126.82245250380444,37.21066536929902,126.82394761811723,37.204367226974625,2024-10-24 11:27:27
562,71,50,11,,,126.84001347549247,37.205754213679846,126.82214540472435,37.210675956777294,2024-10-24 11:28:07
563,21,58,11,,,126.81872629328998,37.19653572447792,126.83510641990063,37.20830473216627,2024-10-24 11:28:33
564,71,54,11,,,126.840824718665,37.20438757214486,126.83293339720221,37.21024510261035,2024-10-24 11:28:37
565,26,38,11,,,126.8190132856629,37.19273252345566,126.82376426614573,37.201822403430754,2024-10-24 11:29:01
566,8,57,11,,,126.82381375007238,37.20616248270248,126.83271713273578,37.204006123161435,2024-10-24 11:29:23
567,70,43,11,,,126.83760873057558,37.2101829001018,126.82364013596708,37.18911739873584,2024-10-24 11:29:34
568,55,50,11,,,126.82924796603272,37.209437404334956,126.82308120158388,37.21108386572329,2024-10-24 11:29:41
569,38,21,11,,,126.82359495917837,37.201022087878926,126.81941646944955,37.19683941051578,2024-10-24 11:30:02
570,3,34,11,,,126.82479888060614,37.21074749586523,126.82172136317158,37.20285585695006,2024-10-24 11:30:39
571,24,68,11,,,126.81867472244257,37.19084384959591,126.83985245803638,37.2021634711122,2024-10-24 11:31:13
572,10,49,11,,,126.81684212796988,37.20854736105575,126.82698159712969,37.214586211707996,2024-10-24 11:32:57
573,13,16,11,,,126.8157584275871,37.20340429294572,126.82340235916004,37.193317681074056,2024-10-24 11:32:58
574,21,69,11,,,126.81795087836016,37.19592054239113,126.83783307449912,37.207407685708716,2024-10-24 11:33:25
575,55,37,11,,,126.83062647524363,37.20837954417915,126.82139638812372,37.19657326467982,2024-10-24 11:34:30
576,48,50,11,,,126.83086009149413,37.21431684930731,126.82222652464264,37.21203473367651,2024-10-24 11:34:35
577,17,50,11,,,126.82572589086871,37.19611854670725,126.82329629941577,37.211620211580154,2024-10-24 11:35:13
578,43,15,11,,,126.82229784415836,37.19083588320601,126.81641961466602,37.20624515360987,2024-10-24 11:36:03
579,21,60,11,,,126.8188672013904,37.19672973869609,126.8330059744147,37.21400901078422,2024-10-24 11:36:41
580,10,35,11,,,126.81716064790936,37.20949929893078,126.81880608320955,37.20186491550719,2024-10-24 11:38:05
581,23,38,11,,,126.82080337483126,37.19180399808153,126.82400010914607,37.201689105782386,2024-10-24 11:38:20
582,50,48,11,,,126.8216939941345,37.21083427646049,126.83122337018222,37.21529053161363,2024-10-24 11:38:41
583,25,67,11,,,126.82158730699753,37.193836756001005,126.8344181234767,37.2034737899101,2024-10-24 11:39:05
584,32,37,11,,,126.83271525945958,37.20128119085433,126.82161934529898,37.19839458031568,2024-10-24 11:39:05
585,67,9,11,,,126.83530989411571,37.202344865598796,126.81323147635314,37.20448550727545,2024-10-24 11:40:00
586,40,6,11,,,126.83089658446984,37.19374225717311,126.82344633145806,37.20501769135349,2024-10-24 11:40:57
587,60,39,11,,,126.833567998765,37.21208987129531,126.82066685812175,37.199894492385575,2024-10-24 11:41:11
588,38,22,11,,,126.82488877332473,37.20169284478102,126.81509376765044,37.19443551582161,2024-10-24 11:42:03
589,50,43,11,,,126.82228976972766,37.21065465373775,126.8232729301451,37.189778681940886,2024-10-24 11:42:50
590,34,24,11,,,126.82224590635516,37.203643444016734,126.818629231932,37.190518250220144,2024-10-24 11:43:15
591,36,57,11,,,126.82366147930051,37.198832619987726,126.83229227560929,37.203688782374456,2024-10-24 11:43:20
592,21,38,11,,,126.81835395972206,37.19596968106313,126.82339731242219,37.2011048004527,2024-10-24 11:43:37
593,7,70,11,,,126.82710066780109,37.208386499967865,126.83875016675456,37.2100448948542,2024-10-24 11:44:02
594,70,21,11,,,126.83707631629714,37.20942639194641,126.81923539355468,37.197153028783795,2024-10-24 11:44:05
595,17,21,11,,,126.82700571969778,37.19598836560517,126.81905766016963,37.19720271773601,2024-10-24 11:44:14
596,37,19,11,,,126.82200959340567,37.19702733471991,126.82805286908766,37.19578801883163,2024-10-24 11:44:22
597,7,21,11,,,126.8266341092952,37.20836094395053,126.81870312178465,37.196568228647656,2024-10-24 11:44:53
598,50,50,11,,,126.8218361830186,37.21194607042183,126.82146744998683,37.211518163445,2024-10-24 11:46:01
599,38,3,11,,,126.82422986482861,37.20060541857494,126.8251404516329,37.20878304412026,2024-10-24 11:46:13
600,34,26,11,,,126.82144628023367,37.203926918983576,126.81800772279014,37.194428198735636,2024-10-24 11:47:25
601,54,71,11,,,126.83258880448165,37.21098463037412,126.84021695488731,37.205484455329206,2024-10-24 11:47:50
602,33,49,11,,,126.82880938285747,37.200309976287585,126.82753485995437,37.214349867289926,2024-10-24 11:48:33
603,11,55,11,,,126.81394969193988,37.20754048367033,126.82940028411227,37.209023181749096,2024-10-24 11:49:50
604,50,64,11,,,126.82182840479993,37.21181192026402,126.84334826626312,37.20275000472477,2024-10-24 11:50:33
605,41,28,11,,,126.8345281398762,37.196979457310576,126.83012590150649,37.20404892362066,2024-10-24 11:51:03
606,61,46,11,,,126.83230988063669,37.215925230924185,126.83079830090198,37.21113198965023,2024-10-24 11:51:04
607,38,51,11,,,126.8246288665733,37.20056602688625,126.81955344223071,37.21012246041097,2024-10-24 11:51:22
608,48,35,11,,,126.8314095658716,37.21468590295908,126.81919854186604,37.201119342085505,2024-10-24 11:52:04
609,10,37,11,,,126.81739105172426,37.20969737331483,126.82225615211796,37.19672509357612,2024-10-24 11:52:43
610,51,50,11,,,126.82015959142116,37.21097116104212,126.82297132125466,37.211593632160394,2024-10-24 11:52:44
611,50,37,11,,,126.82189786809535,37.21214552742062,126.82176029943533,37.19716734257294,2024-10-24 11:53:27
612,31,64,11,,,126.82850410671166,37.19726352495099,126.84221818769126,37.20237219402534,2024-10-24 11:53:34
613,39,50,11,,,126.82103836762805,37.19951856544542,126.82248616743587,37.21066901110717,2024-10-24 11:54:00
614,21,33,11,,,126.81778018529769,37.19546800034597,126.82868819304869,37.20140974152438,2024-10-24 11:54:20
615,55,51,11,,,126.83065034912921,37.208898421820464,126.81960018045231,37.21007189226777,2024-10-24 11:54:40
616,71,58,11,,,126.8390944735992,37.205075969897386,126.83555982080641,37.208223650769874,2024-10-24 11:54:45
617,50,39,11,,,126.8224270825952,37.211359162813864,126.82243453348973,37.19976480436946,2024-10-24 11:55:05
618,7,17,11,,,126.82757779304266,37.20810536814819,126.82694352754211,37.195939604109704,2024-10-24 11:55:27
619,61,37,11,,,126.83218259426941,37.216806342381,126.82116514900594,37.19723238816405,2024-10-24 11:55:59
620,26,17,11,,,126.8188731524916,37.19404126306278,126.8258427033163,37.19665237340106,2024-10-24 11:56:09
621,66,61,11,,,126.83774236640562,37.2037091051877,126.83228850893116,37.21670013893626,2024-10-24 11:56:13
622,37,12,11,,,126.8205092210256,37.197342767236506,126.8191299834768,37.20550396487433,2024-10-24 11:57:07
623,51,56,11,,,126.81871385438784,37.21080631074279,126.83542658801454,37.20531295402937,2024-10-24 11:57:18
624,23,42,11,,,126.82014794211038,37.19168082552769,126.83214264563622,37.196246188753946,2024-10-24 11:57:20
625,40,72,11,,,126.83093004151698,37.19361670863557,126.81166091228194,37.20721150032965,2024-10-24 11:57:49
626,50,55,11,,,126.82147133723208,37.21052508982125,126.83082700255036,37.20884046947131,2024-10-24 11:58:54
627,22,39,11,,,126.8149120043046,37.19498021809902,126.82211486419547,37.19951197449713,2024-10-24 11:59:05
628,6,60,11,,,126.82447997305255,37.20451855059509,126.83261520824907,37.213590653513194,2024-10-24 11:59:22
629,50,38,11,,,126.82315220369178,37.21103804264799,126.82322756077787,37.20186257302225,2024-10-24 11:59:37
630,55,37,12,,,126.8302399233172,37.209466012762,126.82164779616147,37.19692124995691,2024-10-24 12:01:13
631,38,3,12,,,126.82475615239532,37.200995444604125,126.82552610434382,37.20938799323205,2024-10-24 12:01:22
632,56,56,12,,,126.8342466991919,37.205822304962545,126.83520981046836,37.20537610219575,2024-10-24 12:01:29
633,50,48,12,,,126.82337431237146,37.2118113148161,126.83027196471409,37.214262726252535,2024-10-24 12:01:44
634,21,33,12,,,126.81821311502397,37.19570703635506,126.82953703568228,37.2012833967159,2024-10-24 12:02:12
635,58,56,12,,,126.8354137216398,37.20820903946748,126.83515499926274,37.20618541861963,2024-10-24 12:02:33
636,65,3,12,,,126.83528080339458,37.20010784714587,126.82480173909214,37.210142502467264,2024-10-24 12:02:41
637,55,50,12,,,126.82958295396683,37.20976020413799,126.82283503799519,37.211082169258795,2024-10-24 12:04:27
638,51,37,12,,,126.81908375235764,37.21036382849502,126.82162214219578,37.19666323558553,2024-10-24 12:04:51
639,70,26,12,,,126.83859931722223,37.21024202110009,126.81762993311516,37.19254703523335,2024-10-24 12:06:29
640,37,21,12,,,126.8213861141861,37.198273460044675,126.81814886690834,37.195544853728684,2024-10-24 12:06:50
641,23,38,12,,,126.82015364554182,37.190941522845606,126.82463281844606,37.20107062820943,2024-10-24 12:07:08
642,37,19,12,,,126.82055714614972,37.197252488508695,126.82938294389432,37.19521069702371,2024-10-24 12:07:40
643,64,20,12,,,126.84251203485974,37.203822998490395,126.81622534702366,37.19266503986103,2024-10-24 12:07:46
644,51,32,12,,,126.82042745148708,37.21036046226555,126.83288782773768,37.20191365396126,2024-10-24 12:08:02
645,47,20,12,,,126.82700931159198,37.211209484655214,126.81556163605568,37.192424609720454,2024-10-24 12:08:27
646,18,54,12,,,126.82418594339289,37.19664071393329,126.83295042040747,37.2100672112597,2024-10-24 12:09:18
647,51,55,12,,,126.8201260016599,37.210052156045506,126.82996171115134,37.20967039883352,2024-10-24 12:09:46
648,26,70,12,,,126.81736077537415,37.19263670028131,126.83846652781331,37.20871478601735,2024-10-24 12:10:29
649,42,3,12,,,126.83197002265375,37.19524662709068,126.82540144406585,37.20957286491838,2024-10-24 12:10:51
650,48,50,12,,,126.83099449361221,37.21545151636028,126.82182207632633,37.2109291508498,2024-10-24 12:11:07
651,34,50,12,,,126.82232505932816,37.20399857651208,126.82222612397094,37.210752885672456,2024-10-24 12:11:24
652,50,21,12,,,126.82139630162654,37.211702797576166,126.81918685233863,37.19584765372576,2024-10-24 12:11:49
653,28,62,12,,,126.82930123581724,37.20322336147119,126.83713246570653,37.21172854949264,2024-10-24 12:12:37
654,50,38,12,,,126.82291032294891,37.21080037226788,126.82477970792078,37.20211908653076,2024-10-24 12:12:51
655,47,17,12,,,126.82817244798618,37.21039509093128,126.82667643906443,37.19677989299147,2024-10-24 12:13:35
656,51,50,12,,,126.82066904794644,37.21010472890007,126.82335267268407,37.2122862039218,2024-10-24 12:13:40
657,17,35,12,,,126.82608713753481,37.19738253106822,126.81962866376138,37.20132827814948,2024-10-24 12:13:45
658,51,60,12,,,126.81903187626085,37.21094177569264,126.8328753034443,37.213538179151385,2024-10-24 12:14:17
659,9,71,12,,,126.81506786155256,37.205593291127215,126.84092582569674,37.20476550157475,2024-10-24 12:14:58
660,50,6,12,,,126.82191754133083,37.21185590416736,126.82343278736076,37.20395414725628,2024-10-24 12:15:22
661,65,48,12,,,126.83480335640459,37.199017045616536,126.83110529767245,37.215557633795655,2024-10-24 12:16:00
662,21,38,12,,,126.81821571855852,37.1960364930924,126.8250950075246,37.20159208598175,2024-10-24 12:16:14
663,8,70,12,,,126.82524910727844,37.206483647601395,126.83693055051084,37.21037404826388,2024-10-24 12:16:27
664,37,4,12,,,126.8217149526855,37.19706310268868,126.8213296636937,37.20929973841142,2024-10-24 12:17:36
665,48,48,12,,,126.83081253441716,37.215241795976084,126.83020796468341,37.21431401245999,2024-10-24 12:17:39
666,21,48,12,,,126.81896303335289,37.195762241411835,126.83100887335411,37.21444483603091,2024-10-24 12:18:06
667,28,16,12,,,126.82948548674533,37.20443543581351,126.82406721791966,37.19210471103498,2024-10-24 12:19:55
668,69,49,12,,,126.83669441493316,37.20625196532599,126.82849773935209,37.21428911280447,2024-10-24 12:20:12
669,26,38,12,,,126.8174524151159,37.1930027871478,126.82484855728521,37.20146325205698,2024-10-24 12:20:18
670,50,26,12,,,126.8227981105652,37.21192599465139,126.81914411017996,37.19307844769433,2024-10-24 12:20:51
671,20,10,12,,,126.8152584637199,37.19291502618905,126.81601377292617,37.20869367891673,2024-10-24 12:20:56
672,50,55,12,,,126.82182410056025,37.211953613428335,126.83055634357044,37.20918178668174,2024-10-24 12:23:25
673,55,48,12,,,126.82919196590653,37.20873670099962,126.83004706352611,37.21475054666448,2024-10-24 12:23:30
674,13,3,12,,,126.8156195946643,37.204535652360704,126.82573552867673,37.21016721624305,2024-10-24 12:24:29
675,54,71,12,,,126.83345590120895,37.211093611724806,126.84011748120369,37.20550235200748,2024-10-24 12:25:28
676,50,50,12,,,126.82254542157713,37.21197397786666,126.82301140357441,37.21249002113535,2024-10-24 12:26:30
677,6,36,12,,,126.8234448085813,37.20367600423283,126.82300364076289,37.19869856505158,2024-10-24 12:26:30
678,71,54,12,,,126.83959907981405,37.205913276391826,126.83337323158062,37.20996490547336,2024-10-24 12:27:19
679,56,50,12,,,126.83435737243477,37.204681168759194,126.82180175463063,37.21247027272416,2024-10-24 12:27:32
680,32,17,12,,,126.83217867865429,37.202687915796126,126.82708721377914,37.19687684405391,2024-10-24 12:28:15
681,21,60,12,,,126.8183341063498,37.19632903682998,126.83209900638231,37.21310125961445,2024-10-24 12:28:15
682,61,45,12,,,126.8323302585565,37.216486294581124,126.82429977453931,37.213019168410675,2024-10-24 12:28:35
683,53,72,12,,,126.82952907030975,37.20722755397749,126.81104069565215,37.20625145271101,2024-10-24 12:29:17
684,23,50,12,,,126.82001595075747,37.19110732959673,126.82175934268747,37.210911614628614,2024-10-24 12:29:38
685,31,1,12,,,126.82854270583073,37.19778040155092,126.81523954429711,37.19761440760559,2024-10-24 12:30:01
686,22,10,12,,,126.81658436239353,37.1944095585338,126.81664761092874,37.208928079565965,2024-10-24 12:30:48
687,28,41,12,,,126.82986042555254,37.203459514045754,126.83432405238536,37.19637822903388,2024-10-24 12:32:08
688,21,72,12,,,126.8187327921821,37.196920332831986,126.81109303260473,37.207692489161175,2024-10-24 12:32:43
689,4,62,12,,,126.82212496778284,37.208774086684016,126.83804801836823,37.21318073764352,2024-10-24 12:32:44
690,23,42,12,,,126.82067608180381,37.19220213133526,126.83176551910833,37.19642266350599,2024-10-24 12:32:57
691,39,51,12,,,126.82221881025526,37.200757891658256,126.8197252041529,37.211061423915005,2024-10-24 12:33:04
692,18,72,12,,,126.82306964468394,37.195987353121815,126.81202898794629,37.208113487866726,2024-10-24 12:33:15
693,55,51,12,,,126.82936340152763,37.20883101825138,126.82053107556537,37.21131555783762,2024-10-24 12:33:27
694,14,28,12,,,126.81882214173862,37.20768825445715,126.82865068139664,37.20255724790391,2024-10-24 12:33:36
695,43,57,12,,,126.82233160645222,37.19081709933256,126.83288928654667,37.203947647895994,2024-10-24 12:35:47
696,51,39,12,,,126.81880278868897,37.210016100637844,126.82075916283252,37.20094738460861,2024-10-24 12:36:10
697,37,33,12,,,126.82201653379252,37.19818387528041,126.82962384871885,37.2001940561247,2024-10-24 12:36:33
698,23,38,12,,,126.82176951818131,37.192676790329145,126.8251394004758,37.20099561360976,2024-10-24 12:37:20
699,37,12,12,,,126.82091300027787,37.19721831369987,126.81916372594128,37.204341063314295,2024-10-24 12:37:58
700,50,64,12,,,126.82157458029992,37.21086278539079,126.84203386043448,37.20250936663745,2024-10-24 12:38:06
701,13,43,12,,,126.81745991853694,37.20299189693328,126.8238945124598,37.19073182783131,2024-10-24 12:38:28
702,37,47,12,,,126.82033567800814,37.19764152801506,126.82681314074406,37.2103979642184,2024-10-24 12:39:03
703,33,59,12,,,126.82926679793958,37.2014290906032,126.83325320196728,37.206535687696835,2024-10-24 12:39:05
704,58,66,12,,,126.83545701930092,37.20944801506944,126.83640927941458,37.204215076805156,2024-10-24 12:40:32
705,55,50,12,,,126.82985387991992,37.209160751765985,126.82164695303257,37.21187407398452,2024-10-24 12:40:42
706,17,21,12,,,126.82645851647457,37.19620725812498,126.81941247357209,37.1953442398358,2024-10-24 12:41:04
707,37,50,12,,,126.82106418646369,37.197785229437585,126.82313728943565,37.211292099163636,2024-10-24 12:41:33
708,19,16,12,,,126.82831266354655,37.19560881234234,126.8228481680335,37.19305159349906,2024-10-24 12:41:53
709,34,26,12,,,126.82260664751843,37.20234914206342,126.81925126719588,37.193425770050276,2024-10-24 12:42:20
710,27,50,12,,,126.82602889234155,37.1997854897908,126.82172103855568,37.21055198506064,2024-10-24 12:42:40
711,51,56,12,,,126.8193214928912,37.21139266987561,126.83481283616526,37.2047589464694,2024-10-24 12:43:04
712,21,38,12,,,126.81945005678735,37.19647397333527,126.82465953493173,37.20060099917757,2024-10-24 12:43:39
713,39,50,12,,,126.82136786551028,37.19941747876841,126.82219371489398,37.212327379286016,2024-10-24 12:44:04
714,70,50,12,,,126.83753378800762,37.20888055385145,126.82262298823896,37.21137594270874,2024-10-24 12:44:10
715,51,26,12,,,126.81940523153993,37.20959798877425,126.81796731477249,37.194016110436586,2024-10-24 12:44:40
716,60,48,12,,,126.83293676773141,37.212211171373454,126.83083628603433,37.214989469260715,2024-10-24 12:45:10
717,67,18,12,,,126.83558329196394,37.20281543235182,126.82287133576929,37.196248045035695,2024-10-24 12:45:40
718,50,60,12,,,126.8219797638294,37.211217507938514,126.83321137863238,37.21234918500722,2024-10-24 12:45:51
719,37,3,12,,,126.82225528512069,37.197294390202224,126.82550862744395,37.210020547060815,2024-10-24 12:46:38
720,50,37,12,,,126.8215070482801,37.21071672273635,126.82154193615837,37.1984003256428,2024-10-24 12:46:43
721,60,38,12,,,126.83278477784093,37.21224079133177,126.82367432486166,37.20056690256726,2024-10-24 12:47:05
722,37,51,12,,,126.82175224630681,37.19689876229899,126.82048872747198,37.211261059096024,2024-10-24 12:47:08
723,26,17,12,,,126.81920429143044,37.193635915442535,126.82672681523171,37.19684989110481,2024-10-24 12:47:35
724,60,39,12,,,126.83328653332148,37.21231546587534,126.82108666522367,37.20049952774813,2024-10-24 12:47:54
725,20,25,12,,,126.81545263204502,37.19334443256202,126.82196744882238,37.19559690895938,2024-10-24 12:47:55
726,18,51,12,,,126.82351243046675,37.19657283901746,126.81929819505514,37.20962145347057,2024-10-24 12:48:05
727,34,21,12,,,126.82185057775607,37.202123703742515,126.81871965201074,37.1963765076368,2024-10-24 12:48:45
728,21,58,12,,,126.81834855539614,37.195345435158025,126.83607128311945,37.20892382359112,2024-10-24 12:49:10
729,69,39,12,,,126.83710603874704,37.205926296237635,126.82246176417569,37.19970122564079,2024-10-24 12:49:23
730,38,51,12,,,126.82482049493908,37.20120593366793,126.8195282102031,37.20995822909222,2024-10-24 12:50:46
731,32,6,12,,,126.83119263101173,37.20213944662387,126.82500904296057,37.20447141521109,2024-10-24 12:51:21
732,51,71,12,,,126.81895347666283,37.210978894042825,126.83991423307857,37.204856079360106,2024-10-24 12:52:07
733,7,17,12,,,126.82676695656448,37.20819953401584,126.82590133355428,37.19608888985816,2024-10-24 12:52:20
734,18,50,12,,,126.8237738290992,37.19491083377452,126.82152443738443,37.21123029337999,2024-10-24 12:52:51
735,50,7,12,,,126.82274377363537,37.21243479038663,126.82656606049021,37.207979750589196,2024-10-24 12:53:16
736,51,26,12,,,126.81943802960721,37.2111930762296,126.8182806654862,37.19369883196831,2024-10-24 12:53:48
737,71,58,12,,,126.84082766140592,37.204832136174524,126.83439810262172,37.20779221206054,2024-10-24 12:54:36
738,50,39,12,,,126.82218757102481,37.2121205716246,126.82076429133132,37.19987807654418,2024-10-24 12:54:46
739,51,21,12,,,126.82051991427333,37.21053745244242,126.81937586351594,37.197236719603424,2024-10-24 12:55:10
740,7,6,12,,,126.8264186147692,37.208588632738795,126.8244515472297,37.20511819551015,2024-10-24 12:55:20
741,32,50,12,,,126.83293048117784,37.201791669268424,126.82325209704352,37.21187464953995,2024-10-24 12:55:52
742,21,39,12,,,126.81885488657605,37.19676080446932,126.82137769218237,37.20101221209824,2024-10-24 12:56:05
743,50,37,12,,,126.82254834848399,37.211747725867546,126.82225960542688,37.19643829885652,2024-10-24 12:56:16
744,64,55,12,,,126.84191990311332,37.203299770573246,126.82957725186185,37.20951938997914,2024-10-24 12:56:45
745,44,68,12,,,126.81965595133462,37.18809319678707,126.8395515962395,37.20127396298952,2024-10-24 12:57:08
746,50,37,12,,,126.82250228840681,37.21217927051383,126.82082610042276,37.19761114879625,2024-10-24 12:57:34
747,10,37,12,,,126.8164832793783,37.20868568640247,126.82173695686937,37.197059612447745,2024-10-24 12:57:42
748,50,37,12,,,126.82188337159086,37.21119793207372,126.82161513897991,37.197356999742155,2024-10-24 12:58:08
749,70,21,12,,,126.83842192540452,37.209120663653216,126.81905376159183,37.19596828705696,2024-10-24 12:58:10
750,38,21,12,,,126.82336528305606,37.20171207813062,126.81784545224218,37.19708067289323,2024-10-24 12:58:35
751,50,38,12,,,126.82269161338277,37.21105428353576,126.82447178121295,37.2022240880375,2024-10-24 12:58:48
752,18,32,12,,,126.82276506513452,37.19533617021314,126.83283367406464,37.20191972307196,2024-10-24 12:59:16
753,48,37,12,,,126.83053750078314,37.21469303828524,126.82193605420765,37.197112101718865,2024-10-24 12:59:25
754,37,18,12,,,126.82166157091031,37.19644833130581,126.82428461066388,37.19586414476599,2024-10-24 12:59:37
755,71,50,12,,,126.83980065793911,37.2054547924222,126.8216070381721,37.2111859591207,2024-10-24 12:59:58
756,51,26,13,,,126.82026598497181,37.210045818691675,126.8186348213185,37.193952088832354,2024-10-24 13:00:19
757,50,38,13,,,126.82248951366358,37.2116075620507,126.82317890795366,37.20056618275913,2024-10-24 13:00:45
758,36,61,13,,,126.82335120828728,37.19899167227855,126.83384131955968,37.21656268906282,2024-10-24 13:00:53
759,51,39,13,,,126.8199579177366,37.211118563676024,126.82164223388871,37.20086418986747,2024-10-24 13:01:16
760,38,21,13,,,126.82381072229653,37.20168481516281,126.81946665654111,37.197174737703634,2024-10-24 13:02:43
761,62,70,13,,,126.83822792717788,37.211611153840224,126.83784401883115,37.20880897739474,2024-10-24 13:02:56
762,17,50,13,,,126.82650661058574,37.19678349890597,126.82301358078374,37.211257788860216,2024-10-24 13:03:26
763,33,10,13,,,126.82890455450935,37.20104697256509,126.81607478987931,37.209845450235825,2024-10-24 13:04:14
764,7,45,13,,,126.8269299081984,37.207554781910595,126.82542016324447,37.212990772314605,2024-10-24 13:04:19
765,43,28,13,,,126.82258121928801,37.19055221580119,126.82920177619397,37.20339977089203,2024-10-24 13:04:55
766,50,26,13,,,126.82238504807412,37.21121591395267,126.81872490154792,37.193107363775574,2024-10-24 13:04:57
767,18,32,13,,,126.82432376191748,37.19560718178002,126.83271240421803,37.20164270189311,2024-10-24 13:05:22
768,49,57,13,,,126.82710544278088,37.21280925203495,126.83136431086498,37.204065937004316,2024-10-24 13:05:58
769,51,60,13,,,126.81969899928701,37.210212959445506,126.83359211294324,37.21333456865785,2024-10-24 13:06:10
770,71,50,13,,,126.83931607131412,37.20495313840175,126.8230344177296,37.211707462976825,2024-10-24 13:06:21
771,50,64,13,,,126.82254056547912,37.21089534886007,126.84223083345138,37.204156558170745,2024-10-24 13:06:42
772,33,4,13,,,126.82860492680068,37.199716327146874,126.82155541364648,37.20902555942948,2024-10-24 13:07:16
773,50,55,13,,,126.82297869427951,37.21086322964472,126.8306893249047,37.209817018734185,2024-10-24 13:07:49
774,7,17,13,,,126.82727767786263,37.20799771548887,126.8262869952068,37.197544828097726,2024-10-24 13:08:55
775,27,45,13,,,126.82683459163938,37.19886141874606,126.82508889464744,37.213354509672456,2024-10-24 13:09:06
776,58,56,13,,,126.8345930610013,37.20833845200364,126.83447034872482,37.20567200183923,2024-10-24 13:09:29
777,23,18,13,,,126.82129845691627,37.19243679936191,126.82322981796453,37.19550741410496,2024-10-24 13:09:35
778,12,18,13,,,126.81936410005244,37.20546672771694,126.8228303715725,37.196664575840046,2024-10-24 13:10:08
779,60,38,13,,,126.83262059515147,37.21238302303071,126.82340550872117,37.201754317858175,2024-10-24 13:10:15
780,51,21,13,,,126.81942365161905,37.210550493146016,126.81843329598615,37.19597553916203,2024-10-24 13:10:24
781,54,70,13,,,126.83356931208779,37.20955176486166,126.83875420431882,37.209858355912644,2024-10-24 13:10:52
782,15,50,13,,,126.8167699652872,37.20567268768074,126.82331966426986,37.21098229730857,2024-10-24 13:11:17
783,70,67,13,,,126.83750407574826,37.209987902894895,126.83486559191435,37.202734164584385,2024-10-24 13:11:26
784,37,18,13,,,126.82049945428969,37.19789376268321,126.82327946383465,37.19477026105647,2024-10-24 13:11:51
785,37,51,13,,,126.8218332631458,37.19746481628582,126.81978082505785,37.20973813011524,2024-10-24 13:12:33
786,37,12,13,,,126.82061559846412,37.197011959154764,126.8186213647421,37.20515397937788,2024-10-24 13:13:12
787,23,19,13,,,126.82167386765383,37.19116820884314,126.82878028113518,37.19482062173698,2024-10-24 13:13:22
788,21,39,13,,,126.8182869591574,37.19534726673862,126.82208425774544,37.20050622742875,2024-10-24 13:15:08
789,21,33,13,,,126.81824062645136,37.197031507722244,126.82951417568054,37.20120061566409,2024-10-24 13:15:13
790,33,27,13,,,126.829436814483,37.20115060833611,126.82719815708577,37.1990602496799,2024-10-24 13:15:18
791,70,71,13,,,126.83708315959606,37.20929595200298,126.84010083631858,37.204021781786075,2024-10-24 13:15:41
792,60,39,13,,,126.83255659879352,37.212838439049285,126.8218348911668,37.199465582462935,2024-10-24 13:15:43
793,55,37,13,,,126.82972541983074,37.20823823880148,126.82067429481657,37.19650922059284,2024-10-24 13:15:49
794,26,48,13,,,126.81928033130518,37.19307488233781,126.83034052475409,37.21568485700694,2024-10-24 13:16:56
795,37,19,13,,,126.8214287187825,37.19668373677139,126.82852731469609,37.194544861053416,2024-10-24 13:18:02
796,51,26,13,,,126.81896327641245,37.21109960924777,126.81910891588883,37.1939936361694,2024-10-24 13:18:53
797,51,18,13,,,126.81935135690412,37.21039111159076,126.82410815560073,37.19600783709228,2024-10-24 13:21:41
798,58,37,13,,,126.83509729964867,37.208432377727476,126.82126442063608,37.19763202567173,2024-10-24 13:23:33
799,37,51,13,,,126.82216136321986,37.1970107524255,126.81964437912517,37.210655950332175,2024-10-24 13:24:37
800,58,36,13,,,126.83457887797832,37.20940400281883,126.82457950737229,37.198316016751164,2024-10-24 13:25:41
801,57,69,13,,,126.83253009977362,37.20429271455831,126.83762758033664,37.2073946534158,2024-10-24 13:25:50
802,71,69,13,,,126.84066465571034,37.204689692159086,126.8382686355696,37.20753943303364,2024-10-24 13:26:01
803,38,51,13,,,126.82461679949226,37.200832893554576,126.81972840039283,37.20946880058965,2024-10-24 13:26:20
804,37,51,13,,,126.82070314282934,37.196607494819034,126.81935843177749,37.20984609675058,2024-10-24 13:27:32
805,18,51,13,,,126.82383550136484,37.19551366968588,126.8188764558415,37.209419728561166,2024-10-24 13:27:32
806,67,29,13,,,126.83481160933715,37.203025939339696,126.82729258057893,37.20143775763478,2024-10-24 13:27:40
807,34,21,13,,,126.82265978332964,37.203967650695425,126.8186809303953,37.19596818080482,2024-10-24 13:28:26
808,50,7,13,,,126.82215837790679,37.211133322167015,126.82631323016356,37.20726816769939,2024-10-24 13:29:33
809,37,3,13,,,126.82208371942129,37.19808357067507,126.82513567597769,37.21017535277414,2024-10-24 13:30:14
810,38,18,13,,,126.82445337698717,37.200800408194134,126.82320889366977,37.1965262071889,2024-10-24 13:30:25
811,18,50,13,,,126.82468258081992,37.19532111564537,126.82141491243,37.21199099160449,2024-10-24 13:30:31
812,51,32,13,,,126.82024419867074,37.21031010507734,126.83121689104227,37.20172044748665,2024-10-24 13:31:35
813,70,50,13,,,126.83715986676712,37.21027413409672,126.82258105160112,37.212161240824585,2024-10-24 13:32:10
814,62,54,13,,,126.83736572437687,37.21177679151243,126.83171678050087,37.210860204486636,2024-10-24 13:32:42
815,32,6,13,,,126.83288457307145,37.201912117263966,126.82474116961684,37.20455538012627,2024-10-24 13:32:47
816,26,38,13,,,126.81819047372149,37.19429047171192,126.82455387934627,37.201537699828386,2024-10-24 13:34:24
817,71,33,13,,,126.84070844200373,37.205357392193925,126.82866911774606,37.20087680490008,2024-10-24 13:34:25
818,23,50,13,,,126.8216337981084,37.192355285036236,126.82172667471266,37.21188414910043,2024-10-24 13:34:42
819,50,50,13,,,126.82174735961787,37.21078542390941,126.82188485772801,37.21173428352166,2024-10-24 13:34:59
820,51,39,13,,,126.82016175398178,37.2098122529889,126.82193928304856,37.20049214283795,2024-10-24 13:36:46
821,51,55,13,,,126.82024505922536,37.21036359703177,126.8294331627551,37.20884415373885,2024-10-24 13:36:50
822,31,31,13,,,126.828734984065,37.198238909586074,126.8287946968751,37.19708109614318,2024-10-24 13:37:02
823,22,38,13,,,126.816297029532,37.195306109927884,126.82349715901093,37.20041126866098,2024-10-24 13:37:23
824,50,60,13,,,126.82247870339165,37.21142304408256,126.83203087477784,37.212590517014135,2024-10-24 13:37:28
825,38,3,13,,,126.82513111467075,37.20196708924312,126.82517828814258,37.20878370202894,2024-10-24 13:38:19
826,63,14,13,,,126.83469013195102,37.21056816040891,126.81950430958857,37.20844889899542,2024-10-24 13:39:04
827,37,50,13,,,126.82040650825809,37.197523924070595,126.82243016430667,37.21191587679797,2024-10-24 13:39:05
828,72,38,13,,,126.81090963336095,37.20637143589075,126.82363387405677,37.201273994915276,2024-10-24 13:39:19
829,1,61,13,,,126.81625415241993,37.19804263332012,126.83334307639929,37.215701314750184,2024-10-24 13:40:19
830,50,39,13,,,126.82247442507268,37.211288677076915,126.82090453809555,37.19940915878131,2024-10-24 13:40:43
831,18,54,13,,,126.82399631558687,37.19661533508709,126.83279655356874,37.21097369629149,2024-10-24 13:41:14
832,50,37,13,,,126.82290992265435,37.21067352411805,126.82105097318359,37.197298956010094,2024-10-24 13:41:24
833,71,34,13,,,126.84081091890805,37.20518828412527,126.8222129041876,37.203117106655746,2024-10-24 13:41:58
834,29,39,13,,,126.82627291137244,37.20183520267754,126.8218576549088,37.20066767413907,2024-10-24 13:43:11
835,23,38,13,,,126.82099105735132,37.19246805451704,126.82406985746944,37.20186400278854,2024-10-24 13:43:13
836,14,35,13,,,126.81948216334706,37.208472748094955,126.81901548473371,37.20191193627746,2024-10-24 13:43:55
837,51,37,13,,,126.82037825073836,37.21063264446235,126.82054075000457,37.1981410310219,2024-10-24 13:44:04
838,55,51,13,,,126.83039402196555,37.20876065869878,126.82035395905899,37.210462134938474,2024-10-24 13:44:16
839,39,26,13,,,126.82151222171441,37.199623929843675,126.81768793384825,37.1944241142172,2024-10-24 13:44:28
840,19,34,13,,,126.82976689937858,37.19537777749871,126.82081668831214,37.20278093171054,2024-10-24 13:44:41
841,23,42,13,,,126.82082183028783,37.191971754375295,126.83055955911236,37.197043102667855,2024-10-24 13:44:57
842,50,37,13,,,126.8216920211206,37.21056215197789,126.82175425449034,37.19686333516208,2024-10-24 13:45:06
843,67,49,13,,,126.83557890766973,37.20346983091435,126.82796251024962,37.213095942812416,2024-10-24 13:45:10
844,11,55,13,,,126.81428977060672,37.208710437253515,126.83026935836546,37.20943993776649,2024-10-24 13:45:10
845,50,72,13,,,126.82157946428686,37.21181145963657,126.8124421043314,37.207415033628365,2024-10-24 13:45:49
846,31,28,13,,,126.82951101415752,37.1971156290958,126.82889397084156,37.20443167940774,2024-10-24 13:45:54
847,50,37,13,,,126.82331010495915,37.21227446991312,126.82155662788445,37.19815788165586,2024-10-24 13:46:14
848,71,58,13,,,126.83951438614531,37.205048289569405,126.83571219063954,37.20906325499414,2024-10-24 13:47:37
849,37,21,13,,,126.82034062784578,37.1982985926121,126.81877044186427,37.19720012931995,2024-10-24 13:48:26
850,21,38,13,,,126.81900850820081,37.196657207255896,126.82468748817767,37.20054775915798,2024-10-24 13:48:55
851,50,21,13,,,126.8228912953657,37.211737212393,126.81897844526301,37.19651408886966,2024-10-24 13:49:10
852,1,21,13,,,126.81700119953379,37.197194576410375,126.8184087366335,37.195661663638,2024-10-24 13:49:35
853,54,71,13,,,126.8335502389411,37.21065748344329,126.84057835838823,37.20406949618363,2024-10-24 13:50:14
854,23,44,13,,,126.82168405169719,37.19089026525334,126.82055567317268,37.18965557397671,2024-10-24 13:50:15
855,50,48,13,,,126.822067077472,37.212307606427125,126.83072669634905,37.214569182699165,2024-10-24 13:50:36
856,33,5,13,,,126.83028133816467,37.201236847249554,126.82637030594884,37.20558279737222,2024-10-24 13:51:12
857,37,4,13,,,126.82173764673213,37.197600374391506,126.82260543785338,37.20807798923547,2024-10-24 13:51:32
858,7,72,13,,,126.8277489793952,37.208518803800786,126.81255339001008,37.206623971912705,2024-10-24 13:52:23
859,51,50,13,,,126.82050727190249,37.21059946175389,126.82246631282014,37.21160370167223,2024-10-24 13:52:30
860,39,21,13,,,126.82209006578918,37.19998882115213,126.81766438452206,37.19623398663818,2024-10-24 13:52:35
861,51,56,13,,,126.82040899305595,37.21059859063976,126.83491097605088,37.20491068181184,2024-10-24 13:52:42
862,39,50,13,,,126.8204990934866,37.20031485472973,126.82272004442459,37.21063145731939,2024-10-24 13:52:47
863,37,33,13,,,126.82149196401933,37.1982883674423,126.82929537525973,37.20098956328629,2024-10-24 13:52:48
864,42,1,13,,,126.83192169422306,37.19554174341919,126.81552742469376,37.198748613774534,2024-10-24 13:52:48
865,71,54,13,,,126.83991840728302,37.20534577525208,126.83342153702603,37.210034842533844,2024-10-24 13:52:53
866,7,4,13,,,126.82635906476779,37.20774875400579,126.82283268176505,37.20905397933871,2024-10-24 13:53:11
867,23,37,13,,,126.82048930223272,37.191174279570184,126.82035374739095,37.19793790239478,2024-10-24 13:53:20
868,55,50,13,,,126.82992589791786,37.20883501920777,126.82147224908731,37.21140980057476,2024-10-24 13:54:01
869,70,50,13,,,126.83835371342444,37.20970482157399,126.82240098398921,37.211746937153,2024-10-24 13:54:14
870,50,37,13,,,126.82247082310958,37.21209548290084,126.82054889774206,37.19834387224132,2024-10-24 13:54:23
871,33,59,13,,,126.82970014552785,37.20105803985872,126.8322108128208,37.20647173735984,2024-10-24 13:54:31
872,51,71,13,,,126.82006298806137,37.211383095528426,126.83933615501788,37.205503068674076,2024-10-24 13:55:03
873,33,21,13,,,126.82954649104494,37.20057097187341,126.81870045116698,37.196693924870075,2024-10-24 13:55:34
874,25,53,13,,,126.82081189210025,37.19386510626239,126.83052782919675,37.20649799034084,2024-10-24 13:55:39
875,50,6,13,,,126.82189667009028,37.21095580494506,126.82465311717502,37.203911198070585,2024-10-24 13:56:05
876,42,11,13,,,126.8325033316997,37.196520878887995,126.81461903357072,37.20880754679759,2024-10-24 13:56:34
877,56,32,13,,,126.83506599257795,37.20612673870708,126.83175254490877,37.20188682502542,2024-10-24 13:56:59
878,32,50,13,,,126.83275418023959,37.20181431032918,126.8214049152025,37.21134528641352,2024-10-24 13:57:26
879,27,50,13,,,126.8273509578323,37.19998804735558,126.82325039832722,37.21192426238797,2024-10-24 13:57:33
880,72,53,13,,,126.81183845184941,37.20634363723598,126.82927804742228,37.206384360341126,2024-10-24 13:58:38
881,10,37,13,,,126.81705638346327,37.209014863623274,126.82045123094404,37.197824764079755,2024-10-24 13:59:36
882,18,54,14,,,126.82289492496719,37.196640284392416,126.83247075580448,37.209745348234094,2024-10-24 14:00:01
883,6,63,14,,,126.82497152761037,37.20455343053771,126.83459310642637,37.21143040450034,2024-10-24 14:00:22
884,7,17,14,,,126.82671226970098,37.207781615939545,126.82622330960062,37.19737821454731,2024-10-24 14:00:29
885,48,7,14,,,126.83041869665016,37.215119413634625,126.82690065334462,37.20854250157788,2024-10-24 14:00:34
886,50,37,14,,,126.82331880660756,37.21080481228541,126.82220541187712,37.19646786548239,2024-10-24 14:01:19
887,38,21,14,,,126.8242168138582,37.20186157985236,126.81778453800828,37.197334900305805,2024-10-24 14:01:47
888,26,1,14,,,126.81809553730058,37.19422371176941,126.81691250795858,37.197708117430984,2024-10-24 14:02:53
889,50,60,14,,,126.82181495067042,37.21222782900668,126.83316196719484,37.21223506859773,2024-10-24 14:03:33
890,52,23,14,,,126.82996684210997,37.217270648079094,126.82002821844829,37.19186582869363,2024-10-24 14:04:04
891,19,26,14,,,126.82896537442569,37.19587318359937,126.81847137196371,37.193979967997315,2024-10-24 14:04:41
892,15,37,14,,,126.81723565879176,37.2067410149182,126.82106203638371,37.19828497369329,2024-10-24 14:05:27
893,50,50,14,,,126.82334360587511,37.21154279191529,126.82274225881241,37.21144616476516,2024-10-24 14:06:24
894,29,45,14,,,126.82746166114194,37.20284214848233,126.82577692287992,37.21269231605648,2024-10-24 14:06:49
895,8,20,14,,,126.82491968882478,37.20626015076039,126.816379383043,37.191954301694786,2024-10-24 14:07:16
896,39,50,14,,,126.82187967806797,37.201177989596914,126.82257454256997,37.210854586955136,2024-10-24 14:09:13
897,50,37,14,,,126.82181375034267,37.21052996336894,126.82183219734465,37.197264089765454,2024-10-24 14:10:17
898,13,19,14,,,126.81683493476157,37.20348589971361,126.82951270004963,37.195643567478925,2024-10-24 14:10:58
899,38,72,14,,,126.82449594654612,37.20037685502731,126.81129226978301,37.207896739708886,2024-10-24 14:11:38
900,31,55,14,,,126.82835916463948,37.19769332697663,126.83024785342883,37.2098990572976,2024-10-24 14:12:03
901,55,51,14,,,126.83022601867299,37.20987838122371,126.81993505937334,37.210147539524414,2024-10-24 14:12:39
902,60,43,14,,,126.83303817362574,37.21220671885239,126.82358955265015,37.19073103320305,2024-10-24 14:13:04
903,21,8,14,,,126.81838459413966,37.19625239086035,126.82396660652884,37.2059598965024,2024-10-24 14:13:16
904,31,53,14,,,126.83000851711165,37.19714197310929,126.83037377419275,37.205595994411766,2024-10-24 14:13:23
905,9,46,14,,,126.81467010911497,37.205268363226565,126.82995110735418,37.21189311046692,2024-10-24 14:13:54
906,28,20,14,,,126.8300427369698,37.20331950630856,126.8154706143853,37.19217719221478,2024-10-24 14:14:22
907,22,30,14,,,126.81535269770266,37.19561596570681,126.83268593620365,37.19856239015661,2024-10-24 14:15:02
908,50,64,14,,,126.82146336091034,37.210518373386954,126.84246709809088,37.20382042883856,2024-10-24 14:16:35
909,38,51,14,,,126.82405516912915,37.201794898897774,126.81974814942355,37.20967221254458,2024-10-24 14:16:53
910,21,38,14,,,126.8195087921115,37.196731256565975,126.82470878266099,37.20144604964888,2024-10-24 14:17:04
911,34,50,14,,,126.82196786231025,37.203007325604105,126.82204868724934,37.211400223313305,2024-10-24 14:17:21
912,27,71,14,,,126.82685571082631,37.199527749464245,126.84005295366578,37.20472050483377,2024-10-24 14:18:23
913,26,38,14,,,126.8188534830014,37.19332344957365,126.82422031916317,37.200576204341566,2024-10-24 14:19:07
914,50,37,14,,,126.82280976605672,37.21103890394095,126.82072636766304,37.19787781785205,2024-10-24 14:19:15
915,54,71,14,,,126.8326520724162,37.210278942647456,126.84014265472112,37.20512205999946,2024-10-24 14:20:07
916,72,63,14,,,126.81261065600033,37.206189139732004,126.8349872585685,37.21070407583433,2024-10-24 14:20:36
917,50,50,14,,,126.8216965970451,37.21237294416846,126.82286882332969,37.211956987830995,2024-10-24 14:21:18
918,27,22,14,,,126.82565318269725,37.19996347983289,126.81605485386343,37.19468364452608,2024-10-24 14:21:32
919,58,56,14,,,126.835449658304,37.20890066172749,126.83468371138848,37.205720832336134,2024-10-24 14:21:53
920,55,10,14,,,126.82953719838557,37.209577321298895,126.81783912511678,37.21000096152652,2024-10-24 14:22:05
921,50,60,14,,,126.82296815496699,37.21053064908571,126.83268776586362,37.21317860539912,2024-10-24 14:22:09
922,37,18,14,,,126.82123573415575,37.19776998939145,126.8245005042403,37.19616204492005,2024-10-24 14:22:11
923,27,50,14,,,126.8273532267866,37.199308263386435,126.82190507224159,37.210874818559084,2024-10-24 14:22:12
924,37,3,14,,,126.82137572964363,37.197144216871294,126.82452869175951,37.210386126399335,2024-10-24 14:24:38
925,48,50,14,,,126.8311991574789,37.21412101566576,126.82187916640784,37.21137472640801,2024-10-24 14:25:30
926,37,19,14,,,126.82118825082861,37.19765093125594,126.82960270441959,37.19594801761913,2024-10-24 14:26:00
927,38,3,14,,,126.8232964330747,37.20052573106938,126.82493727869424,37.21052347658925,2024-10-24 14:27:06
928,11,55,14,,,126.81503590909773,37.20872869817787,126.83048217785,37.2094310821769,2024-10-24 14:27:10
929,23,42,14,,,126.82145558451451,37.192140517875636,126.83241367633669,37.19526745079653,2024-10-24 14:27:14
930,60,38,14,,,126.83211707753111,37.213291019538666,126.82330220796172,37.201366113519654,2024-10-24 14:27:58
931,37,4,14,,,126.82199548383508,37.19666607868959,126.82155352503322,37.209611284193784,2024-10-24 14:28:06
932,50,21,14,,,126.82151630207771,37.21087651492672,126.81779739390127,37.19561612090889,2024-10-24 14:28:11
933,63,37,14,,,126.83594594837268,37.21191848324127,126.82149461331798,37.19654020376005,2024-10-24 14:28:23
934,50,6,14,,,126.82241259429601,37.21175115970369,126.82461911508557,37.204735051003915,2024-10-24 14:28:49
935,26,48,14,,,126.818434680121,37.193484330731124,126.83022226718764,37.214748824131355,2024-10-24 14:28:53
936,9,20,14,,,126.81432629363506,37.20557124738526,126.81546433748686,37.193430633590665,2024-10-24 14:28:54
937,47,47,14,,,126.82734984301399,37.2104628723051,126.82654654704017,37.21015857101247,2024-10-24 14:30:09
938,71,33,14,,,126.84086038357385,37.20585569647058,126.83030797400578,37.20076594554915,2024-10-24 14:30:14
939,50,48,14,,,126.82336844499062,37.21099483805739,126.83090547890033,37.214142233459725,2024-10-24 14:30:14
940,37,51,14,,,126.82213828633705,37.197985551785,126.81973653613096,37.21091518012716,2024-10-24 14:30:22
941,12,18,14,,,126.82014590193587,37.205354880195166,126.82373792642827,37.194889549825625,2024-10-24 14:30:29
942,37,51,14,,,126.82062851906534,37.19725158183291,126.82015020958055,37.20946559131484,2024-10-24 14:30:44
943,29,39,14,,,126.82611576431292,37.20176029602096,126.82094156581316,37.20039069052622,2024-10-24 14:30:46
944,50,26,14,,,126.8219236424332,37.21173597250298,126.81772872311491,37.19377319813845,2024-10-24 14:31:05
945,65,57,14,,,126.83431424012025,37.20041667045078,126.83280834987606,37.203770325795766,2024-10-24 14:31:18
946,15,35,14,,,126.81665742423401,37.20737468077138,126.81846735536143,37.201101519316914,2024-10-24 14:32:11
947,39,21,14,,,126.82222622886046,37.20017329202115,126.81867377174919,37.197212587986364,2024-10-24 14:32:30
948,23,50,14,,,126.8202505674031,37.19142086760119,126.82174494307758,37.2116479389135,2024-10-24 14:32:31
949,53,59,14,,,126.83072578889157,37.205762247558944,126.832961042611,37.20795490124886,2024-10-24 14:33:18
950,50,38,14,,,126.82230674310671,37.212496440567506,126.82382934556959,37.2019025618698,2024-10-24 14:34:01
951,21,33,14,,,126.81772145314129,37.19555580275582,126.83020830430777,37.2002542865133,2024-10-24 14:34:33
952,23,38,14,,,126.82121507224015,37.19186442585686,126.82374342744129,37.20084641182405,2024-10-24 14:35:15
953,64,51,14,,,126.84296690059898,37.20244771685837,126.8190735855739,37.21048271123301,2024-10-24 14:35:27
954,48,6,14,,,126.83113072631869,37.215374633285435,126.82433107855626,37.203822902697794,2024-10-24 14:35:43
955,59,27,14,,,126.83297911575562,37.2077442259624,126.8261958009071,37.19889332176263,2024-10-24 14:35:46
956,60,56,14,,,126.8330767510872,37.21325715264709,126.83435017527641,37.20474109054744,2024-10-24 14:35:53
957,64,55,14,,,126.84265661207128,37.203567231385506,126.83010339641987,37.21000752316776,2024-10-24 14:35:55
958,63,57,14,,,126.83449822547763,37.210355736513286,126.83311263364453,37.20416993010007,2024-10-24 14:36:06
959,42,64,14,,,126.83124522045735,37.19573471581169,126.84312597226585,37.20333281460233,2024-10-24 14:36:26
960,32,50,14,,,126.83256989164306,37.20218762538082,126.82250365107645,37.211100582039485,2024-10-24 14:36:27
961,55,50,14,,,126.8289879891173,37.20884674189266,126.82213746131163,37.211776565800065,2024-10-24 14:36:58
962,50,39,14,,,126.82176375875815,37.21144080722837,126.82211893376217,37.20092198364369,2024-10-24 14:37:04
963,50,55,14,,,126.82188599965298,37.211542366181014,126.82938399672345,37.20938955650273,2024-10-24 14:37:31
964,65,60,14,,,126.83413511588078,37.19981468396565,126.83389301640715,37.21232556459089,2024-10-24 14:37:32
965,55,37,14,,,126.83004882432051,37.20843320329684,126.82189958377013,37.19732237211075,2024-10-24 14:37:51
966,10,37,14,,,126.81798719364087,37.209305782654994,126.82180913563563,37.19757890601734,2024-10-24 14:37:52
967,64,58,14,,,126.84172758509716,37.20308384755856,126.83484900620098,37.208735903201905,2024-10-24 14:38:06
968,34,26,14,,,126.8209060874841,37.202149665363564,126.81778407887973,37.19285437433849,2024-10-24 14:38:45
969,26,17,14,,,126.81833475493303,37.19426522824915,126.82723763310563,37.19773842960695,2024-10-24 14:39:13
970,37,12,14,,,126.82133762317595,37.197723334677384,126.8188166290427,37.20574740794055,2024-10-24 14:39:18
971,20,3,14,,,126.81659600452059,37.192143226738814,126.82505313802258,37.209319110333745,2024-10-24 14:39:47
972,50,72,14,,,126.8229209681723,37.21081049756004,126.81164170556288,37.20667344658687,2024-10-24 14:40:42
973,71,50,14,,,126.84014666611172,37.2044701016438,126.82247985158354,37.21125063982492,2024-10-24 14:41:32
974,38,43,14,,,126.8244785136266,37.200630261165266,126.82289245144068,37.19082937678403,2024-10-24 14:42:11
975,42,1,14,,,126.83230547127731,37.19661321635861,126.81639583857574,37.197947238361884,2024-10-24 14:43:04
976,37,21,14,,,126.82093552328713,37.198039037999074,126.81871995634799,37.19660541965968,2024-10-24 14:43:43
977,37,50,14,,,126.82079569144888,37.19700631641675,126.82192187037501,37.211789802261485,2024-10-24 14:44:34
978,18,32,14,,,126.82414445100545,37.19573100367697,126.83289065748536,37.20194144984941,2024-10-24 14:44:47
979,37,51,14,,,126.82174849735684,37.19692689773116,126.81911580773063,37.21091886860404,2024-10-24 14:45:11
980,19,1,14,,,126.82903834944902,37.194825114991254,126.81659011663808,37.19811276902102,2024-10-24 14:45:42
981,25,36,14,,,126.82102241066835,37.195519902066415,126.82465921251637,37.19751757969837,2024-10-24 14:46:08
982,51,26,14,,,126.82055636231672,37.21065667884709,126.81860340889024,37.19452163678387,2024-10-24 14:46:49
983,26,70,14,,,126.81826753629845,37.19407949850561,126.83785514347812,37.20878026565956,2024-10-24 14:46:51
984,50,7,14,,,126.82194872788165,37.21186979425593,126.82791904960685,37.2085174099604,2024-10-24 14:47:22
985,18,51,14,,,126.82306020512566,37.19515233453616,126.81917317799827,37.2094915113965,2024-10-24 14:47:40
986,49,8,14,,,126.82752890499347,37.21413699168484,126.82414249750612,37.20670730971982,2024-10-24 14:48:48
987,61,57,14,,,126.83398085215632,37.21496673706208,126.83220623768337,37.20397959718932,2024-10-24 14:49:00
988,54,58,14,,,126.8334692145131,37.20946293884136,126.83500807947757,37.20842925886845,2024-10-24 14:49:27
989,71,58,14,,,126.83962437797378,37.20405798233598,126.83440325088793,37.20749125949792,2024-10-24 14:49:34
990,23,67,14,,,126.82034424588217,37.19127723507776,126.83535428089262,37.20228563935836,2024-10-24 14:50:12
991,71,54,14,,,126.84097871718382,37.20449683478589,126.83246606954793,37.21008847407184,2024-10-24 14:50:49
992,23,50,14,,,126.8216332900535,37.19215933665912,126.82177870725049,37.2114985123559,2024-10-24 14:50:56
993,21,38,14,,,126.81912787881042,37.19602219436994,126.824961895921,37.20168290178777,2024-10-24 14:51:42
994,48,48,14,,,126.83002067856793,37.214604744333656,126.82944926931194,37.214206304494155,2024-10-24 14:52:17
995,13,13,14,,,126.81666433395404,37.20338456804507,126.81697676139191,37.20410180716989,2024-10-24 14:53:39
996,21,33,14,,,126.81809206797354,37.196369446217254,126.82990105189262,37.20074158964323,2024-10-24 14:54:48
997,18,50,14,,,126.82311073233112,37.19572529915483,126.8224004698731,37.212068432565886,2024-10-24 14:54:52
998,54,17,14,,,126.83313826608807,37.21097706639667,126.82616115731916,37.195812345906965,2024-10-24 14:54:59
999,18,46,14,,,126.82370997609728,37.19503953484736,126.83091181668905,37.21094959574765,2024-10-24 14:55:59
1000,50,42,14,,,126.82332857117805,37.21052574465095,126.83132047965545,37.196544758198044,2024-10-24 14:56:32
1001,61,63,14,,,126.83372246998073,37.21498490274665,126.83547348899735,37.21039583058531,2024-10-24 14:56:48
1002,60,39,14,,,126.8322534268631,37.21388481075241,126.82069854265114,37.19930145257572,2024-10-24 14:57:00
1003,23,70,14,,,126.82012542627247,37.192030315840434,126.8386591094582,37.208752907878946,2024-10-24 14:57:05
1004,50,38,14,,,126.82167154982373,37.212001652838424,126.82395369182572,37.200852719597755,2024-10-24 14:57:35
1005,71,34,14,,,126.84058378236837,37.204732095556395,126.82215987325276,37.202915422900865,2024-10-24 14:57:40
1006,37,33,14,,,126.82041897052207,37.19823774981369,126.8289412375042,37.200353033839555,2024-10-24 14:57:57
1007,22,10,14,,,126.81512537402836,37.19431684114974,126.81727750070793,37.20847337086106,2024-10-24 14:58:50
1008,51,39,15,,,126.81962443601644,37.20965580339918,126.82195936906541,37.20083237017426,2024-10-24 15:00:06
1009,50,39,15,,,126.82188559612254,37.21174563433115,126.822195254427,37.20015619038346,2024-10-24 15:00:14
1010,51,60,15,,,126.81936123052864,37.2096470626561,126.83303399234462,37.21280131033129,2024-10-24 15:00:25
1011,17,17,15,,,126.82667000668702,37.197037414447664,126.82645438614931,37.19587789613913,2024-10-24 15:00:46
1012,21,39,15,,,126.81791519172826,37.19688223542716,126.8221276004207,37.199938337867266,2024-10-24 15:01:39
1013,51,71,15,,,126.81908269590748,37.21108347467002,126.84089997316306,37.20565630713187,2024-10-24 15:01:59
1014,15,5,15,,,126.81693923675722,37.2069845359197,126.8261892945862,37.204372971506736,2024-10-24 15:02:33
1015,38,21,15,,,126.82407206746065,37.201361010623714,126.81766151303226,37.196996893046354,2024-10-24 15:02:37
1016,26,38,15,,,126.81841197495753,37.1930224748574,126.82395564791118,37.20098685171053,2024-10-24 15:02:42
1017,23,37,15,,,126.81993365523468,37.191304034731196,126.82165380004407,37.19682499582516,2024-10-24 15:02:58
1018,17,50,15,,,126.82740035405232,37.197116910726336,126.82288505457832,37.212442594164656,2024-10-24 15:03:26
1019,39,50,15,,,126.82229178360747,37.20061881098481,126.82267157718816,37.21142767158132,2024-10-24 15:03:43
1020,7,17,15,,,126.82788724069728,37.208478717229625,126.82705702993505,37.19611544522331,2024-10-24 15:05:16
1021,56,50,15,,,126.83438401420067,37.20563702816174,126.82328082767184,37.2114043263344,2024-10-24 15:05:55
1022,50,68,15,,,126.82221328802001,37.21059857640067,126.84017502706646,37.20152934120965,2024-10-24 15:05:59
1023,41,71,15,,,126.8334621434994,37.197641248861764,126.84093109854796,37.20554611881528,2024-10-24 15:06:10
1024,51,26,15,,,126.82065336463909,37.21056212328124,126.8175284837123,37.193585583824124,2024-10-24 15:07:27
1025,66,36,15,,,126.83761568580691,37.202938455003334,126.82335818860098,37.19853245366998,2024-10-24 15:07:48
1026,16,29,15,,,126.82295090011625,37.193613266215735,126.82705808924855,37.202706075929825,2024-10-24 15:08:13
1027,51,37,15,,,126.81968745859858,37.21064796909191,126.82125622889572,37.19788197319916,2024-10-24 15:08:51
1028,33,27,15,,,126.82859142643102,37.20007929741369,126.82722975285836,37.19966776638847,2024-10-24 15:08:59
1029,18,50,15,,,126.82367294865082,37.19536132894661,126.82247567898233,37.21199114375125,2024-10-24 15:09:01
1030,18,54,15,,,126.82311745639747,37.19565083759448,126.83281454979037,37.209984112101004,2024-10-24 15:09:12
1031,33,21,15,,,126.8289390389063,37.20051871285839,126.8184750195709,37.196553610612774,2024-10-24 15:10:25
1032,6,44,15,,,126.82412684843182,37.203411949250246,126.82005579754271,37.189142253168065,2024-10-24 15:10:39
1033,31,2,15,,,126.82945884398075,37.19688703008934,126.82153651580708,37.20558038502755,2024-10-24 15:10:43
1034,36,27,15,,,126.82405971443801,37.198139324767745,126.82586631732147,37.2004822618631,2024-10-24 15:10:47
1035,50,37,15,,,126.82214058819082,37.211257870938,126.82208525222478,37.19796012435873,2024-10-24 15:10:54
1036,56,32,15,,,126.8346878622559,37.20578488257526,126.83272841315068,37.20193688845583,2024-10-24 15:11:19
1037,37,50,15,,,126.8222320019463,37.198277810123514,126.82235925996932,37.21223477168046,2024-10-24 15:12:05
1038,37,12,15,,,126.82223265785329,37.196476000154085,126.81945862060155,37.20502255468549,2024-10-24 15:12:36
1039,24,70,15,,,126.8190632099111,37.19011029907355,126.83824367158019,37.209660904381565,2024-10-24 15:12:43
1040,37,33,15,,,126.82107792498749,37.196876149831326,126.8301651435437,37.20160341302623,2024-10-24 15:13:11
1041,21,58,15,,,126.8178886636346,37.19671359129796,126.83430470834844,37.20891562810793,2024-10-24 15:13:37
1042,58,4,15,,,126.83502062765523,37.20928536229446,126.82212093519425,37.207734920621206,2024-10-24 15:13:47
1043,51,50,15,,,126.82069263876218,37.21101851783272,126.82204695868617,37.21132859595423,2024-10-24 15:14:09
1044,50,60,15,,,126.82167588650866,37.21059835127506,126.83196959136669,37.213315765435524,2024-10-24 15:14:10
1045,56,56,15,,,126.83425875519971,37.205693120132324,126.83398351978023,37.205391350674304,2024-10-24 15:14:45
1046,50,55,15,,,126.82193560004761,37.21226484940507,126.83062679224246,37.20936978732975,2024-10-24 15:16:42
1047,38,51,15,,,126.82396007066879,37.20135711774644,126.8198100666473,37.21088972929331,2024-10-24 15:16:46
1048,50,7,15,,,126.82267652703287,37.21114866323544,126.82662942036278,37.20845449566736,2024-10-24 15:17:04
1049,51,56,15,,,126.81931020984618,37.2109997801359,126.83455657738689,37.20565629854714,2024-10-24 15:17:22
1050,71,58,15,,,126.83983956746927,37.20581437975288,126.83546344070633,37.20885788384429,2024-10-24 15:17:36
1051,18,51,15,,,126.82372488557324,37.19485915056546,126.81895541509748,37.21096703940332,2024-10-24 15:17:55
1052,23,38,15,,,126.82112295087916,37.190899292539385,126.82394613857,37.20033638079177,2024-10-24 15:18:31
1053,23,42,15,,,126.82163917269621,37.192119085313514,126.83076666672319,37.1958358314401,2024-10-24 15:18:31
1054,55,51,15,,,126.82966485429576,37.20979399478576,126.81976321110011,37.21016987068547,2024-10-24 15:19:08
1055,23,50,15,,,126.82111225742503,37.19252794292778,126.82214077657822,37.21096285091545,2024-10-24 15:19:58
1056,39,21,15,,,126.82105626149102,37.200786259092865,126.81816552065092,37.19567584604643,2024-10-24 15:20:47
1057,58,56,15,,,126.83441966956515,37.20900972102053,126.83555300674405,37.20638651726382,2024-10-24 15:21:11
1058,36,39,15,,,126.8232360795035,37.1991833773658,126.82112180720522,37.19929787176057,2024-10-24 15:21:40
1059,17,21,15,,,126.82570477948461,37.19684949970048,126.81801827554987,37.19634767606393,2024-10-24 15:21:47
1060,65,1,15,,,126.83480233822357,37.20055714381322,126.81543125758736,37.19762259203239,2024-10-24 15:21:47
1061,51,18,15,,,126.81945254345086,37.21015652798116,126.82357588702082,37.194824325946165,2024-10-24 15:22:02
1062,37,51,15,,,126.82203592049882,37.19815715352147,126.82024709418594,37.210274500496794,2024-10-24 15:22:10
1063,51,21,15,,,126.8197439571662,37.21047349459702,126.8188007886901,37.19673453183772,2024-10-24 15:22:28
1064,55,50,15,,,126.83076260839889,37.20971158714562,126.82331860075718,37.21120770475602,2024-10-24 15:22:38
1065,71,33,15,,,126.84048121100201,37.2056235404896,126.8293812432352,37.20100752339523,2024-10-24 15:22:41
1066,32,50,15,,,126.83231308928758,37.202540855351714,126.82214378841601,37.21067610370945,2024-10-24 15:23:19
1067,66,51,15,,,126.8369119000832,37.20400667288227,126.8203026704246,37.211305944767695,2024-10-24 15:23:54
1068,70,71,15,,,126.83767166468957,37.208647129050185,126.84024765635762,37.204346622518024,2024-10-24 15:26:11
1069,37,37,15,,,126.82160342484134,37.19686871213592,126.8206698708786,37.19682927086353,2024-10-24 15:28:11
1070,21,38,15,,,126.81827329691393,37.19618995404777,126.8243566025736,37.200961189166975,2024-10-24 15:28:14
1071,37,3,15,,,126.82086744287709,37.1983459960856,126.82548380823823,37.210257314096324,2024-10-24 15:28:15
1072,36,13,15,,,126.82489658765996,37.199495703946525,126.81742924141768,37.20299799714223,2024-10-24 15:29:21
1073,70,50,15,,,126.83687671857155,37.20864098166619,126.82148028619349,37.21230709849049,2024-10-24 15:30:17
1074,50,38,15,,,126.82174076622503,37.21107807475006,126.82508971603455,37.2021167962681,2024-10-24 15:30:27
1075,50,6,15,,,126.8228046429549,37.21168114462576,126.82430204906106,37.20353899687271,2024-10-24 15:30:58
1076,51,16,15,,,126.81941504204288,37.21091805874826,126.82403448873953,37.19194537327275,2024-10-24 15:31:05
1077,71,54,15,,,126.84095031017296,37.20492974828107,126.83346329014783,37.2094809178614,2024-10-24 15:31:46
1078,22,1,15,,,126.81531085650772,37.19430763598498,126.81552386826355,37.198153294534855,2024-10-24 15:32:09
1079,53,36,15,,,126.8303569462373,37.20712922440358,126.82390802488807,37.19879563678739,2024-10-24 15:32:42
1080,58,37,15,,,126.83481331127773,37.207766810156514,126.82200850485484,37.197390547597024,2024-10-24 15:34:08
1081,31,44,15,,,126.82821424066387,37.197402042196615,126.8203641504249,37.18849330048469,2024-10-24 15:34:13
1082,38,72,15,,,126.82509403289866,37.20185003218607,126.81152097489914,37.206555702754,2024-10-24 15:35:14
1083,58,64,15,,,126.83439851378215,37.2088120891796,126.84243529355459,37.20370261962256,2024-10-24 15:35:14
1084,60,38,15,,,126.83338725871339,37.21354157204894,126.82468583591685,37.20036467296359,2024-10-24 15:35:32
1085,23,18,15,,,126.82091103524515,37.19229383233957,126.82470584359851,37.19593507657624,2024-10-24 15:35:43
1086,50,26,15,,,126.82283312184401,37.21191507191273,126.81857728929879,37.19447807342914,2024-10-24 15:35:45
1087,50,48,15,,,126.82259534203435,37.21211542280262,126.8298685810297,37.21473080729964,2024-10-24 15:37:06
1088,51,21,15,,,126.81963629843611,37.20954924086325,126.81929549708236,37.19558691930305,2024-10-24 15:37:34
1089,2,46,15,,,126.8220750870444,37.20601096517119,126.83013142102774,37.211116749207974,2024-10-24 15:37:58
1090,51,55,15,,,126.81911934061482,37.21103147616595,126.83036658358293,37.2093937531004,2024-10-24 15:38:15
1091,19,22,15,,,126.8293375246269,37.19526682243234,126.81503612538616,37.19475463143569,2024-10-24 15:38:18
1092,50,37,15,,,126.82310471913046,37.21224312448229,126.82054996141497,37.1967478519039,2024-10-24 15:38:36
1093,66,71,15,,,126.836512281624,37.203397591716076,126.83973289141761,37.20521518229856,2024-10-24 15:39:11
1094,18,32,15,,,126.82316541059834,37.19569845128275,126.83178787057743,37.20132607078009,2024-10-24 15:39:16
1095,70,71,15,,,126.83819898299296,37.209798470678464,126.83976666225855,37.20488032906254,2024-10-24 15:40:27
1096,37,51,15,,,126.82102149500464,37.19789426727096,126.81991767449702,37.210045184113035,2024-10-24 15:41:30
1097,51,32,15,,,126.81921398482626,37.21111498506991,126.83224571406299,37.2018967900998,2024-10-24 15:41:33
1098,50,72,15,,,126.82277906780435,37.21182236289753,126.81176622154463,37.20732056725083,2024-10-24 15:41:43
1099,37,18,15,,,126.82072511173567,37.19688542640863,126.8234397620111,37.196063748360885,2024-10-24 15:41:48
1100,54,48,15,,,126.83340233712559,37.210114710366526,126.83035977349266,37.21553573090999,2024-10-24 15:42:49
1101,37,4,15,,,126.8208083389964,37.19829010377199,126.82136915167764,37.20924326684189,2024-10-24 15:43:28
1102,60,39,15,,,126.83253791000273,37.21379348284795,126.8210377313915,37.19962399634705,2024-10-24 15:43:36
1103,37,21,15,,,126.82196500553206,37.19717152251342,126.81785170664493,37.19632576403716,2024-10-24 15:44:20
1104,50,50,15,,,126.82219967690372,37.21145193765478,126.8225795783809,37.210659323509915,2024-10-24 15:45:01
1105,32,57,15,,,126.83225027497066,37.20197140150847,126.83170414829685,37.20401697695724,2024-10-24 15:46:17
1106,37,19,15,,,126.8205289199222,37.19798325621066,126.82880371611522,37.195727105229075,2024-10-24 15:46:58
1107,15,4,15,,,126.81742569989457,37.20692865298548,126.82244011805801,37.20787577917897,2024-10-24 15:47:04
1108,23,19,15,,,126.81985021216063,37.19219063250609,126.8291932458026,37.19520083864381,2024-10-24 15:47:27
1109,43,18,15,,,126.82305984356319,37.19015124835893,126.82277106356763,37.195335914455434,2024-10-24 15:47:31
1110,71,50,15,,,126.83996658197405,37.20492520834229,126.82279980597646,37.21186946962479,2024-10-24 15:47:41
1111,24,26,15,,,126.81776053910487,37.189911756097224,126.81841626552014,37.19426123606896,2024-10-24 15:48:26
1112,59,33,15,,,126.83167931953874,37.20810739800216,126.82840233330475,37.20028774550006,2024-10-24 15:48:43
1113,51,30,15,,,126.82056244809726,37.21079669768672,126.831349419437,37.199903485653245,2024-10-24 15:49:25
1114,55,37,15,,,126.83009690387645,37.209468911727946,126.8214155419515,37.19646104057208,2024-10-24 15:49:29
1115,50,21,15,,,126.82160770404995,37.210747602108846,126.81830256797855,37.19624166967908,2024-10-24 15:50:03
1116,21,60,15,,,126.8194745630303,37.19545194886976,126.83363365396633,37.213862671069315,2024-10-24 15:50:29
1117,38,3,15,,,126.82424116704588,37.2014635813435,126.82524863630763,37.21004888228532,2024-10-24 15:50:41
1118,56,38,15,,,126.83562436866328,37.20525948213188,126.82371184310873,37.20173939247089,2024-10-24 15:51:18
1119,71,34,15,,,126.84019099223707,37.20551751309905,126.8223128388818,37.20224007910406,2024-10-24 15:51:35
1120,50,37,15,,,126.82221853755478,37.21192460865093,126.82179800751186,37.19704264032203,2024-10-24 15:52:30
1121,15,51,15,,,126.8175462543702,37.20619173648473,126.82055515691557,37.21028799792407,2024-10-24 15:52:37
1122,2,1,15,,,126.8223113017517,37.20651350860595,126.81622359186437,37.19762919789253,2024-10-24 15:52:40
1123,21,33,15,,,126.81894615714494,37.1962030043053,126.82853933312022,37.20081781933885,2024-10-24 15:53:01
1124,71,63,15,,,126.83970493580973,37.205710239717355,126.83448817961605,37.21124944367388,2024-10-24 15:53:50
1125,21,48,15,,,126.81786831815062,37.196227293053504,126.8310711771822,37.21383362880898,2024-10-24 15:54:48
1126,51,37,15,,,126.81991347626315,37.20977920359352,126.82221926198626,37.19784077784617,2024-10-24 15:55:09
1127,6,60,15,,,126.82453365696475,37.20373573772664,126.83233102382349,37.21314734155293,2024-10-24 15:55:22
1128,54,71,15,,,126.83315705771689,37.21002138062451,126.83965410112583,37.20565886800346,2024-10-24 15:55:34
1129,32,12,15,,,126.83288749916609,37.20272722789464,126.8186985769743,37.2056868945112,2024-10-24 15:55:37
1130,21,72,15,,,126.81826322394508,37.19591824302086,126.81125210324981,37.207784563621324,2024-10-24 15:55:59
1131,60,30,15,,,126.83207030104623,37.21319778684067,126.83086732436945,37.19886468057352,2024-10-24 15:57:53
1132,50,64,15,,,126.82253555960315,37.21056537785865,126.84217877890896,37.20346004928583,2024-10-24 15:58:17
1133,33,59,15,,,126.82969133755638,37.199942002147544,126.83326677299542,37.20817506393674,2024-10-24 15:58:53
1134,50,6,16,,,126.82325919631876,37.211531279681104,126.82426479798069,37.20411649177108,2024-10-24 16:00:15
1135,49,17,16,,,126.82704716700465,37.21445578076242,126.82727140689335,37.197050310780156,2024-10-24 16:01:16
1136,34,21,16,,,126.82087315821916,37.20262787806415,126.81927957171234,37.19635406506165,2024-10-24 16:01:51
1137,37,51,16,,,126.8213233333716,37.196618332352635,126.82038314331338,37.210127045319354,2024-10-24 16:02:48
1138,39,50,16,,,126.82179764335129,37.20111591600326,126.82328035209079,37.21217143194935,2024-10-24 16:03:52
1139,17,21,16,,,126.82703968662612,37.19595070625126,126.81938319320967,37.19711739591618,2024-10-24 16:04:11
1140,51,38,16,,,126.81897713835292,37.20966088010931,126.82456143984687,37.20115002108974,2024-10-24 16:04:18
1141,38,72,16,,,126.82336424579447,37.200343635263316,126.81153375155638,37.206383816643616,2024-10-24 16:04:38
1142,24,47,16,,,126.81834976838468,37.19075926226252,126.82778676110102,37.21033759854255,2024-10-24 16:05:20
1143,55,37,16,,,126.83071201158003,37.2093503583584,126.82127582818035,37.19839716795656,2024-10-24 16:06:31
1144,38,3,16,,,126.82433720194324,37.20083040027908,126.82519099344486,37.209688311823236,2024-10-24 16:06:42
1145,49,12,16,,,126.82689028310804,37.21273247776589,126.81980188590967,37.20524375197746,2024-10-24 16:07:03
1146,56,56,16,,,126.83575845239956,37.20612375306258,126.83547971374428,37.20499469450938,2024-10-24 16:07:07
1147,6,22,16,,,126.82469158547134,37.20378687231989,126.81595832855734,37.19584700163376,2024-10-24 16:07:18
1148,42,18,16,,,126.8310575553348,37.19650670042277,126.82459360346186,37.195622903745104,2024-10-24 16:07:34
1149,1,15,16,,,126.81603874892521,37.19778016526041,126.81732255239443,37.20586456028539,2024-10-24 16:07:42
1150,23,50,16,,,126.82173691063483,37.19195365960506,126.82283974511125,37.210660639886555,2024-10-24 16:07:43
1151,59,29,16,,,126.8318359574104,37.2072932579833,126.82639287504189,37.202117697934426,2024-10-24 16:09:18
1152,50,38,16,,,126.82143010338326,37.21057191025243,126.82364581853818,37.20231247956057,2024-10-24 16:09:33
1153,37,12,16,,,126.82190419420269,37.19761469189489,126.8197529341728,37.20546389011369,2024-10-24 16:09:54
1154,55,51,16,,,126.82907278066254,37.2094528017489,126.81926479378771,37.2107091108034,2024-10-24 16:10:54
1155,71,58,16,,,126.84077125785501,37.20539526550734,126.8341819064167,37.208953227995345,2024-10-24 16:11:02
1156,32,50,16,,,126.83231186554242,37.20189222471268,126.82285413432655,37.211084020092585,2024-10-24 16:11:32
1157,69,1,16,,,126.83769976581729,37.206879958172145,126.81593965784256,37.197536688208075,2024-10-24 16:11:36
1158,11,55,16,,,126.81348170005727,37.208582357830515,126.83013492604147,37.2099742429968,2024-10-24 16:11:48
1159,37,4,16,,,126.82198477552319,37.198022347723985,126.82132441174338,37.20837074706263,2024-10-24 16:12:20
1160,59,1,16,,,126.8318889730812,37.207128842373045,126.81608508098961,37.19801926413871,2024-10-24 16:13:39
1161,37,19,16,,,126.82194441273761,37.19757911849881,126.82839498011043,37.19414348033025,2024-10-24 16:14:23
1162,39,50,16,,,126.82098822452845,37.20068940637987,126.82261816861966,37.210568597200236,2024-10-24 16:14:58
1163,51,71,16,,,126.81991574072495,37.211295568351105,126.83941541456652,37.20406389895548,2024-10-24 16:16:19
1164,38,21,16,,,126.82434629685773,37.20178833935279,126.8182514944064,37.19573272421229,2024-10-24 16:16:30
1165,34,26,16,,,126.82193973340591,37.20255834870432,126.817867055671,37.19307812480754,2024-10-24 16:18:58
1166,70,21,16,,,126.83767495393231,37.20856853701268,126.81807234408804,37.197088069785224,2024-10-24 16:19:03
1167,18,50,16,,,126.82387710217182,37.19546895791099,126.82274240774828,37.21089184691553,2024-10-24 16:19:53
1168,63,55,16,,,126.83593654314845,37.21148170217443,126.8302096056407,37.20938851490641,2024-10-24 16:20:08
1169,71,54,16,,,126.84105331695112,37.20446678132362,126.83300995964127,37.209225334822754,2024-10-24 16:20:11
1170,28,52,16,,,126.82966575798962,37.20393526384969,126.830605326303,37.21668244825477,2024-10-24 16:20:45
1171,26,38,16,,,126.81916031477503,37.19375376880585,126.82319041507583,37.2013897789645,2024-10-24 16:21:19
1172,18,51,16,,,126.82430993266149,37.19528846325911,126.8205316679928,37.210778506985406,2024-10-24 16:21:36
1173,60,38,16,,,126.83328057032206,37.21226363520848,126.82344185127421,37.200439015880534,2024-10-24 16:22:55
1174,50,48,16,,,126.82146500323921,37.21207607073901,126.83104904075354,37.21398024792456,2024-10-24 16:23:03
1175,50,26,16,,,126.82198503032528,37.21116739310085,126.8193471758224,37.192638079924265,2024-10-24 16:24:30
1176,21,33,16,,,126.81814109969294,37.19556226947685,126.82917770437966,37.1997281523486,2024-10-24 16:24:31
1177,20,33,16,,,126.81660522822371,37.19324918763247,126.82943433389313,37.199667469492574,2024-10-24 16:25:12
1178,42,13,16,,,126.83235067828727,37.19642818241328,126.81749751254235,37.20383982996102,2024-10-24 16:25:39
1179,50,37,16,,,126.82197711486265,37.21182198185248,126.82047428270063,37.19720381316153,2024-10-24 16:26:13
1180,50,21,16,,,126.82301532749108,37.21240882436703,126.81871116897126,37.19630700552633,2024-10-24 16:26:14
1181,22,27,16,,,126.81526441949286,37.19497275421576,126.8267854197416,37.19979420524942,2024-10-24 16:26:15
1182,50,38,16,,,126.82246047826673,37.21062649893687,126.82423672836904,37.20093517420053,2024-10-24 16:26:32
1183,37,50,16,,,126.82055104632904,37.197372782872684,126.8214031002525,37.21224106914688,2024-10-24 16:26:37
1184,7,17,16,,,126.82677858289222,37.20821262808958,126.82572366002545,37.196257022363696,2024-10-24 16:27:21
1185,51,37,16,,,126.82064637128654,37.210067859012234,126.8205354054711,37.197575537732064,2024-10-24 16:27:26
1186,37,18,16,,,126.82073664154535,37.19796433928944,126.82399638867503,37.19556936260731,2024-10-24 16:28:11
1187,55,18,16,,,126.8294578274745,37.20812165656121,126.82378163738389,37.19492400823595,2024-10-24 16:28:35
1188,21,72,16,,,126.81848546991867,37.19658936980623,126.81228200999954,37.2070242514432,2024-10-24 16:29:03
1189,48,50,16,,,126.83072150967587,37.21418064670351,126.8228101748078,37.21232573212086,2024-10-24 16:29:26
1190,70,26,16,,,126.83860237845542,37.20969846335881,126.81765108363338,37.19371123384197,2024-10-24 16:29:38
1191,56,50,16,,,126.83514236840904,37.20514568285238,126.82228566942777,37.21228067286187,2024-10-24 16:29:40
1192,18,54,16,,,126.82455147517115,37.19612457503434,126.8328373423802,37.21117405300713,2024-10-24 16:29:40
1193,59,26,16,,,126.8333034217975,37.206667660141214,126.8181278048376,37.19343767232306,2024-10-24 16:29:45
1194,15,5,16,,,126.81769843625766,37.20587530520019,126.82629493843622,37.20435523198455,2024-10-24 16:30:23
1195,37,3,16,,,126.82061154539711,37.19716313737109,126.82431280296821,37.210331150046926,2024-10-24 16:30:29
1196,26,38,16,,,126.81829160901405,37.19355301679868,126.82401088048982,37.20178734153616,2024-10-24 16:30:59
1197,72,8,16,,,126.81091911497906,37.20710352335905,126.8239864284317,37.20735686337915,2024-10-24 16:31:03
1198,50,35,16,,,126.82195929150852,37.21202141983694,126.81913276581554,37.2013795993469,2024-10-24 16:31:22
1199,55,50,16,,,126.83030520377663,37.20965317904487,126.82176681215833,37.211053366843025,2024-10-24 16:31:41
1200,7,24,16,,,126.82698286062501,37.20779918909369,126.81831156756432,37.19134038008332,2024-10-24 16:32:55
1201,57,48,16,,,126.8313651456775,37.20459192843755,126.83032447512744,37.2142144733692,2024-10-24 16:33:06
1202,21,58,16,,,126.81952663125438,37.196658726236656,126.83440752000578,37.20773020609322,2024-10-24 16:33:13
1203,13,38,16,,,126.81675533251197,37.20293633807341,126.8233641560939,37.200970468629826,2024-10-24 16:33:13
1204,51,55,16,,,126.81870911273744,37.20958083434565,126.83040003195676,37.20996479039121,2024-10-24 16:33:14
1205,54,71,16,,,126.83184793081185,37.21041757412918,126.83965781316577,37.20564162372797,2024-10-24 16:34:07
1206,69,4,16,,,126.83858558321634,37.206702142077575,126.82282958686443,37.20886821281454,2024-10-24 16:35:37
1207,23,50,16,,,126.82178077189077,37.19276028023833,126.82230924682693,37.21205825330968,2024-10-24 16:35:56
1208,21,38,16,,,126.81792350141276,37.19576530499242,126.82427969143306,37.20059785017264,2024-10-24 16:37:12
1209,51,39,16,,,126.81918195396668,37.20974940138371,126.82075117406828,37.200402876671326,2024-10-24 16:37:46
1210,70,28,16,,,126.83765427690587,37.21033603288737,126.83052089245011,37.202569768812474,2024-10-24 16:39:09
1211,23,42,16,,,126.8217699020344,37.191527062092575,126.83196064894213,37.19625169231086,2024-10-24 16:39:20
1212,58,56,16,,,126.83453058226034,37.208110599230764,126.83456009962596,37.205996624384696,2024-10-24 16:39:34
1213,21,38,16,,,126.81821293581947,37.19613140949037,126.82393197836568,37.20108529167095,2024-10-24 16:40:17
1214,51,56,16,,,126.81952710923213,37.21119321941414,126.83545385512517,37.206257742899446,2024-10-24 16:40:31
1215,5,63,16,,,126.82709334850047,37.205365373231004,126.83578599539074,37.211085802173216,2024-10-24 16:41:15
1216,48,48,16,,,126.83072579969611,37.21452914259765,126.83051609765552,37.21396073464435,2024-10-24 16:41:39
1217,37,62,16,,,126.82197745801354,37.19825968774399,126.83757740748858,37.21202531842356,2024-10-24 16:41:40
1218,19,49,16,,,126.82867458395073,37.19600767205413,126.8273378277795,37.21291786737075,2024-10-24 16:41:44
1219,17,50,16,,,126.82691977488105,37.197389318977336,126.82228532301285,37.21182227646271,2024-10-24 16:43:25
1220,39,51,16,,,126.82240002298964,37.19948248533029,126.8199040363164,37.20959216187833,2024-10-24 16:43:33
1221,42,24,16,,,126.83254137860413,37.19602228068559,126.81851407014986,37.19125126693327,2024-10-24 16:43:36
1222,50,26,16,,,126.82244862676542,37.21068184762482,126.81751405779917,37.1944495416219,2024-10-24 16:44:10
1223,50,64,16,,,126.82172387219022,37.21076158914226,126.84213123140317,37.20235339435283,2024-10-24 16:44:17
1224,50,60,16,,,126.82319373192864,37.21053863968892,126.83238151436623,37.213245955845196,2024-10-24 16:44:38
1225,26,17,16,,,126.81750930806659,37.19444851267182,126.82700181592756,37.197037015569826,2024-10-24 16:45:18
1226,49,67,16,,,126.82705267340165,37.213443723618504,126.83446706066378,37.202486886032744,2024-10-24 16:45:22
1227,50,50,16,,,126.82325955375153,37.211546752953765,126.82245249695902,37.21224091373431,2024-10-24 16:45:33
1228,45,72,16,,,126.82471111365801,37.21312139697995,126.81078986126978,37.20649993413735,2024-10-24 16:45:34
1229,21,51,16,,,126.81759988670512,37.19559397115002,126.8189826565206,37.21071616761562,2024-10-24 16:45:44
1230,50,37,16,,,126.82154909914165,37.21121903591818,126.8217313950332,37.19768918624938,2024-10-24 16:47:01
1231,38,51,16,,,126.82379538793126,37.202306142135264,126.81871161708101,37.20944054510854,2024-10-24 16:47:07
1232,51,60,16,,,126.81898084047016,37.20967317396862,126.83279698752506,37.212551111174264,2024-10-24 16:47:15
1233,70,50,16,,,126.83688597430795,37.21007674208041,126.82233791285073,37.21156275712776,2024-10-24 16:50:04
1234,50,55,16,,,126.82322900579581,37.2116592050998,126.8292697304043,37.208186271813496,2024-10-24 16:50:35
1235,36,71,16,,,126.82329426153714,37.19772743115465,126.83935768485948,37.20517219678247,2024-10-24 16:50:36
1236,37,33,16,,,126.82210566516453,37.198320107260265,126.82968129329457,37.200133105487794,2024-10-24 16:50:56
1237,71,50,16,,,126.84051898620035,37.20401350251451,126.82164479817588,37.21240038146638,2024-10-24 16:51:24
1238,47,31,16,,,126.82730261625827,37.20997191069408,126.8286066984818,37.198842202772845,2024-10-24 16:53:03
1239,58,62,16,,,126.83458864359707,37.2076789203382,126.83786842277186,37.21182962033318,2024-10-24 16:53:10
1240,10,37,16,,,126.8171445995013,37.21029867279215,126.82164901298076,37.19710800538043,2024-10-24 16:53:32
1241,51,50,16,,,126.81991954775832,37.211114122550704,126.82141063482484,37.21205583695047,2024-10-24 16:54:00
1242,51,21,16,,,126.8199171165265,37.20961397361097,126.8177045964309,37.197013577157016,2024-10-24 16:54:10
1243,55,50,16,,,126.83067411284891,37.20841095131261,126.8223744038479,37.21232348241853,2024-10-24 16:54:22
1244,37,51,16,,,126.82161773347764,37.1973212449584,126.82006041736952,37.21134291457582,2024-10-24 16:54:25
1245,70,71,16,,,126.83701473160633,37.209932836311374,126.83922159668042,37.20497922661837,2024-10-24 16:54:28
1246,27,50,16,,,126.82596455906568,37.19917429462601,126.82257464721029,37.21189061600089,2024-10-24 16:54:29
1247,51,32,16,,,126.81936935096815,37.20982467141045,126.8324750825757,37.202418296617736,2024-10-24 16:54:55
1248,21,60,16,,,126.818488738509,37.19617458377559,126.83310500828843,37.213587068528156,2024-10-24 16:55:01
1249,48,47,16,,,126.83031598300748,37.21427320341202,126.82838260799927,37.21083057950714,2024-10-24 16:55:29
1250,16,8,16,,,126.82413719623104,37.193066504017544,126.82490651518611,37.206605410085125,2024-10-24 16:55:34
1251,51,21,16,,,126.81968895174076,37.209632051530726,126.81801782624872,37.1969412232877,2024-10-24 16:55:48
1252,37,21,16,,,126.82059594746065,37.19665559243999,126.81817941546015,37.196140362448524,2024-10-24 16:55:56
1253,50,39,16,,,126.82331252245203,37.212124069848755,126.82116300252594,37.19927174163969,2024-10-24 16:56:57
1254,51,37,16,,,126.81912112842265,37.21134877391004,126.82060764196454,37.19651477680259,2024-10-24 16:57:06
1255,21,48,16,,,126.81925660657369,37.19719183692862,126.83142974542794,37.2140524082889,2024-10-24 16:57:34
1256,50,7,16,,,126.82300392548024,37.2119560485175,126.82675312599255,37.20717175554742,2024-10-24 16:57:37
1257,23,38,16,,,126.82123769513345,37.192254948802194,126.82502197717882,37.200858213337526,2024-10-24 16:57:48
1258,60,39,16,,,126.83273259692174,37.21294028027025,126.82092413944267,37.20075958423388,2024-10-24 16:58:08
1259,72,43,16,,,126.81157045872449,37.20691684299526,126.82399447543557,37.190325238755584,2024-10-24 16:59:29
1260,45,20,17,,,126.8255789734712,37.21313102057772,126.8148850639542,37.191532070123934,2024-10-24 17:01:17
1261,21,33,17,,,126.81804133732726,37.19708646024457,126.82960361743987,37.20156068028834,2024-10-24 17:01:30
1262,18,54,17,,,126.82466038855311,37.19527533147441,126.83193594316215,37.210276344409976,2024-10-24 17:01:32
1263,23,50,17,,,126.82149518896793,37.19159638188592,126.8215643364349,37.21139245905749,2024-10-24 17:01:41
1264,51,71,17,,,126.82001348680166,37.20977312747626,126.84082481409068,37.205547421470584,2024-10-24 17:02:14
1265,46,1,17,,,126.83054585426349,37.211060669675234,126.81668100718602,37.198586384161956,2024-10-24 17:02:57
1266,23,61,17,,,126.82020373462835,37.192009424461396,126.83368299679424,37.21587785682428,2024-10-24 17:03:45
1267,71,58,17,,,126.83978396297087,37.205033195702995,126.83443402477725,37.20775414197978,2024-10-24 17:04:05
1268,18,11,17,,,126.82448919730446,37.19506569975535,126.81410727625773,37.20743175081697,2024-10-24 17:04:28
1269,37,3,17,,,126.82098426568812,37.19762138635796,126.82471254822963,37.20972706644725,2024-10-24 17:04:33
1270,1,23,17,,,126.81649776683507,37.19784704215487,126.82040661509795,37.19185496269598,2024-10-24 17:04:49
1271,48,48,17,,,126.83092722936792,37.21403498766258,126.83059433604708,37.21429862502802,2024-10-24 17:06:11
1272,55,37,17,,,126.82996765688345,37.20925022692588,126.82133953143948,37.197531171508544,2024-10-24 17:07:28
1273,50,37,17,,,126.8220079347172,37.212023332568144,126.82130020182966,37.19735540710319,2024-10-24 17:07:42
1274,38,21,17,,,126.82501566778087,37.20195740192937,126.81819982813194,37.19630190930278,2024-10-24 17:07:57
1275,51,60,17,,,126.81932378314333,37.210186648883706,126.83281546174068,37.212761884805,2024-10-24 17:08:07
1276,39,51,17,,,126.82076915098692,37.2009525354862,126.81894535310995,37.20987253799155,2024-10-24 17:08:47
1277,40,31,17,,,126.83117635299507,37.19426211703054,126.82831366565864,37.198376333014174,2024-10-24 17:08:53
1278,21,38,17,,,126.81818967120961,37.197139436688744,126.82362241215174,37.201898247852924,2024-10-24 17:09:00
1279,37,51,17,,,126.82100677505734,37.19745994520371,126.81937529093025,37.21038918717972,2024-10-24 17:09:20
1280,28,63,17,,,126.82973421685708,37.20415234348617,126.8349639114955,37.21056170877462,2024-10-24 17:09:31
1281,23,18,17,,,126.82166905771498,37.19268870015017,126.82466153966865,37.19500109912543,2024-10-24 17:09:55
1282,37,18,17,,,126.82201738119598,37.19706296593402,126.82304785704567,37.1949599873783,2024-10-24 17:09:58
1283,26,38,17,,,126.81820842518599,37.193959618122584,126.82319322985774,37.20109193767776,2024-10-24 17:10:05
1284,21,58,17,,,126.81781051586985,37.195665382269475,126.83528212981119,37.20944620067825,2024-10-24 17:10:28
1285,37,51,17,,,126.82056985649655,37.196628439427315,126.81907149831761,37.20986161613366,2024-10-24 17:11:07
1286,28,32,17,,,126.83047906678945,37.204092665991716,126.83279208342279,37.201594169118664,2024-10-24 17:11:10
1287,54,71,17,,,126.83194086490899,37.21017643371113,126.84003032348595,37.205420102910786,2024-10-24 17:11:12
1288,50,64,17,,,126.82332978916068,37.2106299344975,126.84270647839324,37.20293074165073,2024-10-24 17:11:31
1289,18,50,17,,,126.82463449320187,37.1952657379659,126.82193125964471,37.21071924351636,2024-10-24 17:12:12
1290,21,48,17,,,126.81925534455398,37.19728928502154,126.8307675452739,37.21512959224505,2024-10-24 17:12:26
1291,37,33,17,,,126.82145827164317,37.197952982469445,126.8289594870987,37.20000005470577,2024-10-24 17:12:30
1292,10,34,17,,,126.8173082539135,37.20941752999227,126.82221269216586,37.203529006884544,2024-10-24 17:16:17
1293,37,4,17,,,126.82121282809373,37.19767959580612,126.82139477617997,37.209073541269284,2024-10-24 17:17:36
1294,37,19,17,,,126.82153324093723,37.19714593060704,126.82796361891997,37.195945141474645,2024-10-24 17:18:36
1295,56,38,17,,,126.8339650236813,37.2052838848599,126.82484271657951,37.20040994934541,2024-10-24 17:19:25
1296,64,58,17,,,126.8421111972714,37.20278378855743,126.83574228550835,37.208605695988524,2024-10-24 17:19:37
1297,23,38,17,,,126.82132175844704,37.19273233315648,126.82450262373843,37.202307843913346,2024-10-24 17:19:47
1298,37,21,17,,,126.8221333807066,37.197482828370944,126.8191095660756,37.19637060582915,2024-10-24 17:19:54
1299,37,50,17,,,126.8216306809697,37.19807724770437,126.82275026161122,37.211102658293086,2024-10-24 17:21:35
1300,21,72,17,,,126.81787256962971,37.197298917969114,126.81259279850748,37.20707286026763,2024-10-24 17:21:38
1301,58,61,17,,,126.83544861504237,37.2075334098455,126.8331499497286,37.21566993522015,2024-10-24 17:22:15
1302,50,37,17,,,126.82214893640604,37.21148793927242,126.82173309551084,37.197337495244184,2024-10-24 17:22:23
1303,68,4,17,,,126.83996370266551,37.20171957428983,126.82200982059253,37.20874717838608,2024-10-24 17:22:59
1304,64,51,17,,,126.84211559852854,37.20258673279394,126.81909818200134,37.21135824463573,2024-10-24 17:23:10
1305,39,50,17,,,126.82109380083259,37.19958331938705,126.82161656795377,37.21198943410772,2024-10-24 17:23:21
1306,27,50,17,,,126.82758458999648,37.199287768801625,126.8215545714341,37.21224911714671,2024-10-24 17:23:32
1307,21,28,17,,,126.8190520996881,37.19618313278908,126.82891646676042,37.20252428501843,2024-10-24 17:23:40
1308,70,21,17,,,126.83812180682625,37.21013083279743,126.8191849346241,37.19594656687225,2024-10-24 17:23:42
1309,56,50,17,,,126.83507666366431,37.206262026148075,126.82262968017272,37.212030901715885,2024-10-24 17:23:48
1310,48,50,17,,,126.83043610217254,37.214064988379164,126.82186301921664,37.211957621854104,2024-10-24 17:24:02
1311,11,69,17,,,126.81433304319638,37.209052999392824,126.83670317453553,37.206569573530665,2024-10-24 17:24:04
1312,38,72,17,,,126.82405272409093,37.20059774040516,126.81168810936838,37.20815116554274,2024-10-24 17:24:45
1313,8,54,17,,,126.82369828562504,37.20688129934954,126.83296823374131,37.20992634048566,2024-10-24 17:24:57
1314,50,21,17,,,126.82174962573012,37.211896779488725,126.81779133020966,37.19668992423937,2024-10-24 17:25:01
1315,17,50,17,,,126.82729635009093,37.19736944797599,126.8232611259463,37.21211810542845,2024-10-24 17:25:07
1316,21,39,17,,,126.81911618067448,37.19728432093979,126.82119067410488,37.199333542940806,2024-10-24 17:25:23
1317,14,38,17,,,126.8194434820136,37.207294458417685,126.82341426714403,37.20137307763949,2024-10-24 17:25:27
1318,32,48,17,,,126.83181814704719,37.200923401279084,126.8302638613698,37.21557269469972,2024-10-24 17:25:39
1319,60,39,17,,,126.83254099200055,37.21314991876051,126.82146114954931,37.19943435641397,2024-10-24 17:25:47
1320,56,56,17,,,126.8345990157632,37.204837619391405,126.83461126822905,37.20535765145429,2024-10-24 17:25:58
1321,50,50,17,,,126.82269647069887,37.21137663037599,126.82166610929562,37.21067052549536,2024-10-24 17:27:03
1322,51,26,17,,,126.82002801876786,37.21013158374396,126.8193281906333,37.194427968213425,2024-10-24 17:27:19
1323,50,55,17,,,126.82333451588207,37.211890587907256,126.83077140472096,37.209595380797815,2024-10-24 17:27:20
1324,51,21,17,,,126.82037088301037,37.20966491346561,126.8181337178648,37.196793273843696,2024-10-24 17:27:35
1325,21,33,17,,,126.81888820220358,37.196500282054174,126.82928657016065,37.2012394315902,2024-10-24 17:28:06
1326,60,38,17,,,126.83328806621562,37.2125424494496,126.82514037783854,37.201495690908466,2024-10-24 17:28:45
1327,70,26,17,,,126.83744543913176,37.20986644269337,126.81785567381556,37.193356319079236,2024-10-24 17:29:33
1328,21,60,17,,,126.81794567436641,37.195863687237534,126.83196552744035,37.21313418616394,2024-10-24 17:30:05
1329,21,46,17,,,126.81881394165997,37.19725530055402,126.83028131478737,37.21124975471786,2024-10-24 17:31:07
1330,55,50,17,,,126.83069525239894,37.209064338589094,126.82216214381154,37.21151388377269,2024-10-24 17:32:04
1331,34,26,17,,,126.8220399648092,37.202302600604064,126.81771188884352,37.19310306864446,2024-10-24 17:32:15
1332,55,51,17,,,126.82974214486997,37.20929460671595,126.82022760628247,37.21077236469768,2024-10-24 17:33:46
1333,50,37,17,,,126.82278883600269,37.21202506103395,126.82034196379342,37.19753786795682,2024-10-24 17:33:50
1334,51,37,17,,,126.82057947075684,37.2098810327162,126.82173634337896,37.19648305074784,2024-10-24 17:33:56
1335,51,32,17,,,126.82023066385884,37.20997717039659,126.83150060549039,37.20096257805781,2024-10-24 17:34:54
1336,37,12,17,,,126.82029583682818,37.197889518252275,126.81941072057289,37.2043077360424,2024-10-24 17:34:59
1337,7,40,17,,,126.82765073824181,37.20892220063571,126.83054867593728,37.194075853707304,2024-10-24 17:35:08
1338,70,50,17,,,126.838345617629,37.209445986509394,126.82141658081653,37.21086171537695,2024-10-24 17:35:10
1339,22,39,17,,,126.81673370537736,37.19486525929372,126.82148326614585,37.200048029730254,2024-10-24 17:36:25
1340,51,57,17,,,126.8205998257375,37.21051262919784,126.83208423949178,37.203625318048715,2024-10-24 17:36:54
1341,23,19,17,,,126.82047599642767,37.192744324114386,126.82881401046596,37.19544573147032,2024-10-24 17:37:17
1342,38,3,17,,,126.8247740088414,37.201724242217786,126.82567247352665,37.209600787151196,2024-10-24 17:37:37
1343,32,50,17,,,126.83213505841849,37.20167074465095,126.82177788929522,37.212330257896994,2024-10-24 17:37:56
1344,37,52,17,,,126.82192357903087,37.19765046042996,126.83072319654642,37.21761091837784,2024-10-24 17:38:08
1345,50,6,17,,,126.82301854718196,37.21063718775297,126.82445036012659,37.20466162092922,2024-10-24 17:38:55
1346,47,30,17,,,126.8283277851371,37.210257938307436,126.83147811216234,37.19830049241771,2024-10-24 17:41:04
1347,26,22,17,,,126.81923994855802,37.193737846221595,126.81561496716377,37.19607903365511,2024-10-24 17:41:10
1348,71,54,17,,,126.84086908528752,37.205694205827804,126.83312511856158,37.211062746361804,2024-10-24 17:41:56
1349,66,12,17,,,126.83655371155204,37.2043937176196,126.81843687880936,37.205477035442485,2024-10-24 17:42:38
1350,64,55,17,,,126.84309085595075,37.20394814654636,126.83005821750677,37.20979327745607,2024-10-24 17:43:22
1351,51,55,17,,,126.82022980896488,37.21092260862324,126.82939041296875,37.209697979309105,2024-10-24 17:45:07
1352,57,18,17,,,126.83169267085738,37.20405057877518,126.8228911228154,37.19531319164704,2024-10-24 17:45:08
1353,51,56,17,,,126.81970425425976,37.21041518721867,126.8355276929029,37.20572779552247,2024-10-24 17:45:11
1354,21,38,17,,,126.81926049694101,37.19673660000447,126.82377701295205,37.201210225048634,2024-10-24 17:45:27
1355,26,17,17,,,126.81930482324367,37.19444293797484,126.82638655016682,37.19655848746742,2024-10-24 17:45:50
1356,50,48,17,,,126.82140494586129,37.211235396464716,126.83077902429865,37.21509219153129,2024-10-24 17:46:21
1357,51,50,17,,,126.81930016997009,37.210073300901875,126.82289971705988,37.21174697891256,2024-10-24 17:46:22
1358,50,38,17,,,126.82226728591263,37.21245287176965,126.82375002692555,37.20142754422348,2024-10-24 17:46:54
1359,34,50,17,,,126.82076502305526,37.203343818446626,126.82236547462237,37.21202995038681,2024-10-24 17:46:57
1360,58,37,17,,,126.83474290438171,37.207589655074266,126.82030017064753,37.1970987922253,2024-10-24 17:46:58
1361,37,51,17,,,126.82132958731358,37.19714864906576,126.81898209977285,37.2101226478655,2024-10-24 17:46:59
1362,63,61,17,,,126.83502938414338,37.211624652799394,126.83365023788376,37.21583052618536,2024-10-24 17:47:09
1363,18,51,17,,,126.82302223547981,37.194984900676474,126.82059887428143,37.20982790144716,2024-10-24 17:47:35
1364,70,71,17,,,126.83719181107715,37.20957197752887,126.84037702606459,37.204987063794285,2024-10-24 17:48:00
1365,9,51,17,,,126.81452120655294,37.20457591873829,126.8206571679922,37.2098288143164,2024-10-24 17:48:07
1366,17,21,17,,,126.82705637748225,37.19683344919951,126.8184806379655,37.19714177523978,2024-10-24 17:48:27
1367,51,21,17,,,126.81988196468876,37.21095133345849,126.81917864966216,37.19685547873053,2024-10-24 17:48:42
1368,50,7,17,,,126.82194308775523,37.21088360871556,126.82737568528668,37.208834876759155,2024-10-24 17:48:51
1369,50,18,17,,,126.82180740494512,37.21069788511219,126.82413675152348,37.19569738313415,2024-10-24 17:49:31
1370,28,1,17,,,126.8300214007961,37.20425693017471,126.81600127428464,37.19790850317006,2024-10-24 17:49:41
1371,23,50,17,,,126.81989359696242,37.19175108450885,126.82161312636796,37.21185653034908,2024-10-24 17:49:56
1372,6,1,17,,,126.82528487363282,37.20367471162442,126.81670522306432,37.198162153831944,2024-10-24 17:51:23
1373,24,24,17,,,126.81717472445897,37.190268403011885,126.81802054333012,37.19078937326186,2024-10-24 17:52:22
1374,7,12,17,,,126.82754234273266,37.20840088653883,126.82011189811028,37.20446005102679,2024-10-24 17:53:46
1375,34,21,17,,,126.82123349193265,37.20205914010532,126.81924516734294,37.1972549260353,2024-10-24 17:54:00
1376,45,72,17,,,126.82525065774568,37.21290121364833,126.81245892574651,37.20711416675702,2024-10-24 17:54:08
1377,23,42,17,,,126.82162719671138,37.19192358507194,126.83192917781997,37.19599960422389,2024-10-24 17:54:35
1378,71,50,17,,,126.83999000425933,37.2054730725535,126.82244481284235,37.21237483952635,2024-10-24 17:56:14
1379,51,39,17,,,126.82005087962902,37.20955584647656,126.8212496982797,37.2011830501688,2024-10-24 17:56:40
1380,33,10,17,,,126.82942200723045,37.200429321929626,126.81766267372343,37.208422728168614,2024-10-24 17:56:49
1381,33,59,17,,,126.8293024743483,37.200836199373036,126.83189668800772,37.20785748964342,2024-10-24 17:56:58
1382,50,26,17,,,126.82213860428568,37.211210158365056,126.81780825265496,37.192956238578866,2024-10-24 17:56:59
1383,50,39,17,,,126.82309292167133,37.21135643700281,126.82208930511422,37.20102841436186,2024-10-24 17:58:23
1384,29,59,17,,,126.82652431946426,37.202451119656644,126.83262900534703,37.2082440835887,2024-10-24 17:59:13
1385,10,37,17,,,126.81642976506402,37.21025646980191,126.82071162111973,37.19791363714044,2024-10-24 17:59:28
1386,51,26,18,,,126.81964890449551,37.209762859832615,126.81909070527179,37.19391130303788,2024-10-24 18:00:54
1387,55,37,18,,,126.82961824976032,37.208956525573726,126.8220465010594,37.196550624849046,2024-10-24 18:01:17
1388,49,72,18,,,126.82707533982152,37.21436744764312,126.8112117389277,37.20773498716435,2024-10-24 18:01:24
1389,18,40,18,,,126.82453169820491,37.19597978776725,126.831805642279,37.19236951675888,2024-10-24 18:01:26
1390,26,38,18,,,126.81864735760843,37.194373915281666,126.82498253783655,37.2015729671563,2024-10-24 18:01:34
1391,5,66,18,,,126.82768452553447,37.20473281040983,126.83672176632534,37.20422528299363,2024-10-24 18:01:59
1392,64,13,18,,,126.84219202624259,37.203867109443564,126.81601656203685,37.20293563093918,2024-10-24 18:02:10
1393,70,21,18,,,126.83715282579576,37.20955414075313,126.81798745365663,37.19557899154519,2024-10-24 18:02:51
1394,67,46,18,,,126.83479844463257,37.20336741408003,126.83091749771255,37.21272081035128,2024-10-24 18:03:11
1395,51,71,18,,,126.81889999179107,37.210087089242194,126.83991898953781,37.205683915591685,2024-10-24 18:03:28
1396,37,50,18,,,126.82033247116347,37.19688332480229,126.82279129989745,37.211020961602344,2024-10-24 18:03:43
1397,1,38,18,,,126.81680819952366,37.19834513859575,126.82374293746955,37.20085358195847,2024-10-24 18:04:23
1398,6,27,18,,,126.82398864099588,37.20376294241169,126.82753971969382,37.19871222212857,2024-10-24 18:05:43
1399,51,39,18,,,126.81872241658373,37.20966956811007,126.8205162028072,37.19946273007274,2024-10-24 18:05:58
1400,21,60,18,,,126.81897364557534,37.196991674574505,126.8325998619562,37.21302188070693,2024-10-24 18:06:51
1401,23,50,18,,,126.82084616691762,37.19110876692096,126.82304061693524,37.21243984284885,2024-10-24 18:07:33
1402,14,65,18,,,126.81931859083637,37.207236985146984,126.83538672081959,37.20037704651349,2024-10-24 18:07:42
1403,71,50,18,,,126.83993363055438,37.20568584671496,126.82291744049996,37.21133201335262,2024-10-24 18:08:23
1404,50,39,18,,,126.82198019147776,37.21186914154977,126.82133989592766,37.19973621207814,2024-10-24 18:08:43
1405,23,42,18,,,126.82021358577178,37.190799273649716,126.83170250254754,37.195726488230974,2024-10-24 18:09:17
1406,37,12,18,,,126.82088728588324,37.1969444157326,126.819245832814,37.20574569487844,2024-10-24 18:09:40
1407,38,11,18,,,126.82335600403194,37.20056702090934,126.8136872211803,37.208993479535906,2024-10-24 18:10:06
1408,51,60,18,,,126.8195851966447,37.210896951493694,126.83193540482038,37.21297930535363,2024-10-24 18:10:24
1409,50,37,18,,,126.82243393159455,37.21236184890051,126.82042868687084,37.19771805449376,2024-10-24 18:10:35
1410,2,23,18,,,126.82213432792324,37.20538252203082,126.82004055228877,37.191604853920566,2024-10-24 18:10:57
1411,37,21,18,,,126.8222498767989,37.197054689550086,126.81787921069255,37.19687022367034,2024-10-24 18:11:15
1412,38,21,18,,,126.82481399178849,37.201819585744275,126.81890295655764,37.19646936762159,2024-10-24 18:11:29
1413,51,50,18,,,126.81911312370836,37.21113741319074,126.82267885382437,37.211797760118586,2024-10-24 18:12:50
1414,4,62,18,,,126.82274969833233,37.20774045941928,126.83801399656208,37.21197646474596,2024-10-24 18:13:06
1415,60,39,18,,,126.83288052073297,37.21232183986791,126.82237054171088,37.20082586997927,2024-10-24 18:13:37
1416,60,38,18,,,126.8333946578667,37.21257412610963,126.82342704138357,37.20165382534598,2024-10-24 18:14:08
1417,38,51,18,,,126.82511210298482,37.20148680722323,126.81983624036995,37.21047141994341,2024-10-24 18:14:29
1418,34,70,18,,,126.82141674125269,37.20299611160217,126.83816031628669,37.20975227822769,2024-10-24 18:16:01
1419,71,54,18,,,126.84000274029779,37.20565828327128,126.83201441201555,37.20976699109375,2024-10-24 18:16:44
1420,62,68,18,,,126.83736044278736,37.212069471359996,126.84061976101724,37.20282874180297,2024-10-24 18:17:48
1421,33,59,18,,,126.82921622676032,37.20013675411516,126.83261345371928,37.206874413516644,2024-10-24 18:17:52
1422,37,19,18,,,126.82178387450502,37.19764946685242,126.82849220975032,37.194562344638165,2024-10-24 18:17:58
1423,71,58,18,,,126.84056510405757,37.20473352924633,126.83546306997907,37.20817994141499,2024-10-24 18:18:09
1424,21,48,18,,,126.81922307676103,37.197075762019644,126.8303770159087,37.215624864547486,2024-10-24 18:18:42
1425,54,71,18,,,126.832471249169,37.209267508923745,126.84050464200291,37.20501536797446,2024-10-24 18:19:51
1426,39,51,18,,,126.82184705700382,37.199290829405015,126.81948300435322,37.21078066794909,2024-10-24 18:22:26
1427,11,55,18,,,126.81480038395945,37.20892180164698,126.83047446740815,37.20972419969457,2024-10-24 18:22:28
1428,37,4,18,,,126.8205245857345,37.1981793972151,126.82221645641374,37.20831968584553,2024-10-24 18:23:09
1429,55,51,18,,,126.83000182135031,37.20898873785578,126.82006461291637,37.21059470655041,2024-10-24 18:23:28
1430,50,55,18,,,126.82154291329537,37.21101023408388,126.82921442044184,37.209119405613535,2024-10-24 18:24:15
1431,51,39,18,,,126.8206209479685,37.2108007137146,126.82209371378408,37.200589109645776,2024-10-24 18:24:37
1432,70,26,18,,,126.83740297917458,37.20885359439345,126.81836493746324,37.19341072639806,2024-10-24 18:24:41
1433,7,17,18,,,126.82807287101294,37.20837490032301,126.82708524039359,37.196563430342756,2024-10-24 18:24:48
1434,50,26,18,,,126.82250548832617,37.21145339304844,126.81886612551679,37.19337383173878,2024-10-24 18:26:29
1435,21,33,18,,,126.81941253458699,37.19719788764373,126.83018691818664,37.20026755916757,2024-10-24 18:26:49
1436,26,17,18,,,126.81924265853951,37.194280470603765,126.82585459371323,37.197538323102485,2024-10-24 18:26:51
1437,48,50,18,,,126.82991499360756,37.214254201510876,126.8221772086892,37.212042268649085,2024-10-24 18:27:13
1438,13,31,18,,,126.81674214341363,37.20321630419339,126.8288396312393,37.19783100279892,2024-10-24 18:27:52
1439,21,58,18,,,126.81824212562972,37.19719586728265,126.83597017186617,37.20830338660171,2024-10-24 18:28:11
1440,51,72,18,,,126.82016882137442,37.21111662165222,126.8117504762002,37.207367681175214,2024-10-24 18:28:22
1441,50,64,18,,,126.82197466920388,37.21225402436945,126.84242655303068,37.20342789513442,2024-10-24 18:28:24
1442,39,50,18,,,126.82097674718584,37.20107973146113,126.82156798462006,37.21149673522762,2024-10-24 18:28:25
1443,55,50,18,,,126.82922043094077,37.209890797667754,126.8226717337978,37.21174590705479,2024-10-24 18:28:28
1444,13,5,18,,,126.81577680955131,37.20314370912281,126.82662654383718,37.204644233991374,2024-10-24 18:28:52
1445,50,50,18,,,126.82230868715637,37.211326552484216,126.82300502368788,37.211941133673875,2024-10-24 18:29:00
1446,27,50,18,,,126.82592804514188,37.19978584419673,126.82171961993994,37.21241657940336,2024-10-24 18:29:16
1447,32,34,18,,,126.83219939134267,37.20245918017709,126.82127407237559,37.204044661655345,2024-10-24 18:29:26
1448,51,55,18,,,126.82041104346317,37.21110356854987,126.82915873655425,37.209189681548686,2024-10-24 18:29:44
1449,5,3,18,,,126.82788876041407,37.20506005497259,126.82438583513355,37.20917007565381,2024-10-24 18:29:46
1450,37,51,18,,,126.82205109710321,37.19665565180536,126.81957770412318,37.21040921068405,2024-10-24 18:29:47
1451,69,28,18,,,126.83851954875963,37.2073216890512,126.83048766495627,37.20399284909395,2024-10-24 18:29:53
1452,55,50,18,,,126.82902816330927,37.20950754535943,126.8217637767673,37.211076535238085,2024-10-24 18:30:36
1453,51,62,18,,,126.81909734158774,37.21058984166898,126.83871090892275,37.212494244533815,2024-10-24 18:30:41
1454,24,39,18,,,126.81859997138386,37.190669279633454,126.82185936605754,37.19976026482698,2024-10-24 18:30:49
1455,43,51,18,,,126.82373680056824,37.189708265086445,126.82060947030597,37.21088802824928,2024-10-24 18:30:55
1456,28,50,18,,,126.82952664350331,37.20413583532544,126.82178566490002,37.21094948157476,2024-10-24 18:30:58
1457,41,18,18,,,126.83455487897322,37.19785735372992,126.82463164240399,37.19559710362081,2024-10-24 18:31:25
1458,26,70,18,,,126.81875566653822,37.192924222983244,126.83762080302137,37.208877041211466,2024-10-24 18:31:34
1459,50,38,18,,,126.8231937895944,37.21137522471304,126.82346606135283,37.20127493517161,2024-10-24 18:31:57
1460,61,19,18,,,126.8325392959654,37.21543229292698,126.82790245030995,37.19412892742941,2024-10-24 18:33:42
1461,10,37,18,,,126.8164863308233,37.21010739206439,126.82187412115837,37.19666815737806,2024-10-24 18:33:53
1462,50,37,18,,,126.82230642392354,37.21118400336997,126.82163321973886,37.19687206413581,2024-10-24 18:35:02
1463,10,25,18,,,126.81717101659521,37.20966669661079,126.82108760121662,37.195158574422244,2024-10-24 18:35:37
1464,18,51,18,,,126.82399913745931,37.19545837301558,126.82050097894505,37.210820622734204,2024-10-24 18:37:43
1465,37,3,18,,,126.82061949111348,37.196505853689054,126.82482609086182,37.20910582763353,2024-10-24 18:38:11
1466,67,17,18,,,126.8342000442145,37.202275415571584,126.82611610139944,37.196450288669574,2024-10-24 18:38:21
1467,28,2,18,,,126.82997551229072,37.202716021459125,126.82277184148168,37.20573994623169,2024-10-24 18:38:43
1468,50,48,18,,,126.82153243921178,37.21059597022397,126.8296500976848,37.21383406351443,2024-10-24 18:38:48
1469,48,34,18,,,126.83116139102958,37.21400251410388,126.82127404590511,37.20365736268124,2024-10-24 18:38:51
1470,40,31,18,,,126.8305388826923,37.194158194780755,126.82814797027454,37.19749736230726,2024-10-24 18:40:18
1471,43,50,18,,,126.82293256397693,37.19037444675595,126.82262410388418,37.21058820767423,2024-10-24 18:40:33
1472,34,50,18,,,126.82089869672969,37.20256669794326,126.82204509925343,37.21061801830246,2024-10-24 18:40:46
1473,56,50,18,,,126.8353391280331,37.206349826875865,126.82314572095912,37.21143744823767,2024-10-24 18:41:06
1474,22,2,18,,,126.81598829288927,37.19572060294388,126.82232228358274,37.20552316544517,2024-10-24 18:41:06
1475,36,46,18,,,126.82490008158923,37.198266207696875,126.82947515792384,37.21227069899519,2024-10-24 18:42:18
1476,21,38,18,,,126.81920117671795,37.19597724155891,126.82474748307455,37.201608571442165,2024-10-24 18:43:06
1477,34,21,18,,,126.82072877837005,37.20297057497824,126.81822317315955,37.19560928271508,2024-10-24 18:44:11
1478,50,60,18,,,126.82295172835762,37.21142627156283,126.83198666669577,37.213695031325706,2024-10-24 18:45:09
1479,50,21,18,,,126.82211428782712,37.21069273667022,126.81846756603008,37.195742615364225,2024-10-24 18:45:25
1480,50,72,18,,,126.82299504230915,37.211400409486615,126.8124780910034,37.20685867083398,2024-10-24 18:45:45
1481,32,50,18,,,126.83135996551351,37.20112523106139,126.82143692040479,37.21208544074451,2024-10-24 18:46:13
1482,55,30,18,,,126.83072181785134,37.209922662763,126.83089645419386,37.19839474034066,2024-10-24 18:46:19
1483,18,54,18,,,126.8244551452123,37.19493310012802,126.83244883045427,37.21090876877214,2024-10-24 18:46:46
1484,1,27,18,,,126.81680450954946,37.19860834378272,126.8273499146395,37.199405579259725,2024-10-24 18:46:47
1485,34,26,18,,,126.82113257321367,37.20284935618665,126.81819972613197,37.193294681488496,2024-10-24 18:47:18
1486,38,3,18,,,126.82408436768429,37.20144142148234,126.82527993913344,37.208991076403976,2024-10-24 18:48:24
1487,56,56,18,,,126.83582833644468,37.20606568966484,126.8352549442954,37.20630908078454,2024-10-24 18:49:21
1488,70,50,18,,,126.83712732466401,37.21028051472354,126.82301769573796,37.211227987490474,2024-10-24 18:50:00
1489,59,13,18,,,126.83239229725797,37.20709828873269,126.81588723303348,37.204649575631,2024-10-24 18:50:08
1490,50,7,18,,,126.82199957678672,37.21211322006701,126.8265640056456,37.20840148005987,2024-10-24 18:50:14
1491,51,37,18,,,126.81966810973556,37.21062316401047,126.82220859045148,37.19766060246013,2024-10-24 18:50:48
1492,50,6,18,,,126.82168764349602,37.21240937858539,126.82499488348815,37.20373222618454,2024-10-24 18:51:22
1493,21,33,18,,,126.81799745418277,37.19581379375293,126.8301460549799,37.20144627631989,2024-10-24 18:51:39
1494,23,38,18,,,126.82109662015834,37.19089731968788,126.82475088691115,37.20158002512431,2024-10-24 18:52:01
1495,23,50,18,,,126.82100146738541,37.19105330795204,126.82325821061512,37.21132114608512,2024-10-24 18:52:05
1496,51,56,18,,,126.8196426429227,37.21034624024109,126.83424094069447,37.2046865529494,2024-10-24 18:52:32
1497,69,42,18,,,126.83815856705708,37.20694486036807,126.83219810431306,37.19701016014335,2024-10-24 18:53:21
1498,17,21,18,,,126.82613161547081,37.19764358482431,126.81921941193262,37.196774215301275,2024-10-24 18:53:32
1499,48,48,18,,,126.82957628152002,37.21385494375509,126.83019761520175,37.2156476740844,2024-10-24 18:54:29
1500,18,50,18,,,126.8241026042526,37.19657068914338,126.82185872583072,37.212078119096596,2024-10-24 18:54:32
1501,36,35,18,,,126.82444151752257,37.19870079647798,126.81853112863784,37.20106438214741,2024-10-24 18:54:46
1502,51,21,18,,,126.81906483952935,37.20979377259781,126.81878478694703,37.19683693148158,2024-10-24 18:55:17
1503,50,37,18,,,126.82175208583725,37.21123698573964,126.82044664158916,37.197684976224124,2024-10-24 18:55:21
1504,25,34,18,,,126.82060067559897,37.19426350356943,126.82144333701186,37.20222304465689,2024-10-24 18:56:26
1505,37,18,18,,,126.82098193108364,37.19698560501024,126.82452682469477,37.195549164628055,2024-10-24 18:56:59
1506,10,20,18,,,126.8162340418406,37.20861938264355,126.81653530008526,37.1929159970565,2024-10-24 18:57:31
1507,6,9,18,,,126.8248376306408,37.203219597606484,126.81321318682676,37.20600637439999,2024-10-24 18:58:11
1508,37,33,18,,,126.82153405105205,37.19826930931955,126.82869211328764,37.20054576205837,2024-10-24 18:58:14
1509,29,68,18,,,126.82638589167358,37.203027342416064,126.8395949931062,37.20266573048504,2024-10-24 18:58:50
1510,51,21,18,,,126.81956226258893,37.21076620665504,126.81836654888623,37.19537870328126,2024-10-24 18:59:30
1511,69,5,18,,,126.83793322632185,37.20675449016593,126.82793071336546,37.20562882654953,2024-10-24 18:59:38
1512,18,50,19,,,126.82468714046705,37.19559528691163,126.8233573743301,37.21211128879939,2024-10-24 19:00:21
1513,70,50,19,,,126.83696619551289,37.20926516359065,126.8216097527575,37.21056054885257,2024-10-24 19:00:27
1514,50,37,19,,,126.82141893751162,37.21094355520458,126.82210354404647,37.196985872678795,2024-10-24 19:00:38
1515,33,59,19,,,126.8301866369974,37.19990634921724,126.83148559473169,37.20673726440014,2024-10-24 19:01:16
1516,70,71,19,,,126.83738693496716,37.20893777503864,126.83957941133752,37.20442654661242,2024-10-24 19:02:01
1517,23,50,19,,,126.82004891956231,37.19183867703989,126.82212829369362,37.21111036285979,2024-10-24 19:02:44
1518,60,39,19,,,126.83373605644734,37.213001073025744,126.82187087342916,37.20051643916856,2024-10-24 19:02:52
1519,51,18,19,,,126.81914376115985,37.21118699401354,126.82356136348022,37.195244858651954,2024-10-24 19:02:58
1520,55,58,19,,,126.829609883176,37.20823349884437,126.83605256217203,37.208330350858425,2024-10-24 19:03:00
1521,18,32,19,,,126.82460392540754,37.19620211247661,126.8321440963301,37.201643978493614,2024-10-24 19:03:15
1522,24,24,19,,,126.81773995509384,37.191586189984086,126.81749578143193,37.19027951327326,2024-10-24 19:03:19
1523,33,27,19,,,126.82935778095623,37.201580368478126,126.82663482034236,37.200086175881914,2024-10-24 19:03:36
1524,51,56,19,,,126.81994703517124,37.21002233127822,126.83526385862307,37.204774499811165,2024-10-24 19:03:44
1525,50,52,19,,,126.82287132104932,37.211676842842785,126.83152613204027,37.216814474549096,2024-10-24 19:04:27
1526,37,51,19,,,126.82107573424662,37.197391946731074,126.82046697653975,37.20988687004173,2024-10-24 19:04:28
1527,51,39,19,,,126.81993379785891,37.210970888073774,126.82173512982928,37.20076710220874,2024-10-24 19:04:58
1528,51,26,19,,,126.81908841838305,37.211253379573705,126.81747883247908,37.19318613984491,2024-10-24 19:05:04
1529,36,19,19,,,126.82415874348412,37.199118174394314,126.82795615640654,37.19483842448765,2024-10-24 19:05:46
1530,23,38,19,,,126.82063067485382,37.19199632246955,126.82431237778437,37.200561445297446,2024-10-24 19:08:06
1531,23,19,19,,,126.82083980610588,37.19272918565514,126.82925513052898,37.19509311097033,2024-10-24 19:08:49
1532,21,33,19,,,126.81846900937433,37.19629537898611,126.82936678458373,37.20040437129698,2024-10-24 19:08:52
1533,71,58,19,,,126.83931700299271,37.20575410277607,126.83519818889172,37.20783793685598,2024-10-24 19:09:51
1534,2,41,19,,,126.82199116393204,37.20637604127839,126.83351178899217,37.19777038676116,2024-10-24 19:10:20
1535,37,12,19,,,126.8206260845196,37.19699430716017,126.81855586632068,37.20532527105725,2024-10-24 19:11:28
1536,38,51,19,,,126.82424391953515,37.2018837597666,126.82051765021136,37.21026689404344,2024-10-24 19:11:28
1537,49,68,19,,,126.8285399948082,37.21348908204223,126.84035577655894,37.202579443776244,2024-10-24 19:11:50
1538,70,71,19,,,126.83792774310946,37.209219164284775,126.83909839768867,37.204345739393126,2024-10-24 19:11:53
1539,55,37,19,,,126.82901112662442,37.20832852965841,126.82144651966412,37.197850202499474,2024-10-24 19:13:08
1540,50,50,19,,,126.82251078826795,37.21182019051755,126.8225096546398,37.21186528087796,2024-10-24 19:13:13
1541,58,56,19,,,126.83481618331659,37.209029182216305,126.83529829286168,37.20597863957091,2024-10-24 19:13:44
1542,46,51,19,,,126.83040970875099,37.21184777363601,126.82007835486847,37.20945113836253,2024-10-24 19:14:22
1543,42,54,19,,,126.83157154070022,37.19628571148838,126.83315025431574,37.209284443954466,2024-10-24 19:14:31
1544,50,38,19,,,126.82236699151548,37.21096902956273,126.82373036099153,37.20104571079875,2024-10-24 19:15:05
1545,32,38,19,,,126.83167722153401,37.20254699355728,126.82450973595454,37.200411351869974,2024-10-24 19:15:53
1546,18,54,19,,,126.82329031033193,37.195389666860606,126.83310159736097,37.21076305301949,2024-10-24 19:15:57
1547,37,33,19,,,126.82143280482083,37.1979278711891,126.82981905333472,37.200651741746164,2024-10-24 19:16:21
1548,71,50,19,,,126.83980011414873,37.20472793784032,126.82243322765396,37.210843233288806,2024-10-24 19:16:23
1549,15,54,19,,,126.81639455354436,37.20718741516924,126.83268243759896,37.210038966260576,2024-10-24 19:16:28
1550,37,51,19,,,126.82143309206215,37.197531754237495,126.82022062134196,37.2096224079631,2024-10-24 19:18:22
1551,50,72,19,,,126.82241596471071,37.21074394906815,126.81167638097725,37.20716715150495,2024-10-24 19:18:42
1552,15,12,19,,,126.81681001257857,37.20595042622719,126.81892882933866,37.20441316650176,2024-10-24 19:19:22
1553,70,50,19,,,126.83808140235394,37.20942034553777,126.82209919264582,37.2123259312052,2024-10-24 19:19:50
1554,23,50,19,,,126.82139584253765,37.19176497312314,126.82255862266058,37.21078479328664,2024-10-24 19:20:04
1555,37,21,19,,,126.82214390169756,37.196939472291135,126.8176804374373,37.197141875849866,2024-10-24 19:22:07
1556,68,72,19,,,126.83958266968311,37.20278738704066,126.812294035796,37.20697662720734,2024-10-24 19:22:37
1557,51,37,19,,,126.82033793233948,37.2110844241553,126.82073423399876,37.1974629538005,2024-10-24 19:23:15
1558,10,52,19,,,126.81656973860234,37.20835406680674,126.8314999064224,37.21761519619968,2024-10-24 19:23:29
1559,50,37,19,,,126.82301193582039,37.21088353702795,126.82187757565589,37.197674076827546,2024-10-24 19:24:25
1560,50,26,19,,,126.82209530565322,37.21215544734536,126.81888907591855,37.19288206385174,2024-10-24 19:25:41
1561,28,19,19,,,126.8299784124338,37.20343177551839,126.8293900915816,37.19524624817758,2024-10-24 19:25:45
1562,54,55,19,,,126.83252809990624,37.21012189268008,126.82918910531505,37.209352937887346,2024-10-24 19:26:12
1563,37,50,19,,,126.82079932172125,37.19832231782313,126.82248561634333,37.211137186566326,2024-10-24 19:26:17
1564,13,69,19,,,126.81704328596946,37.204157889717116,126.83857810248062,37.20597572657243,2024-10-24 19:26:37
1565,50,48,19,,,126.82193406928037,37.21072240673046,126.82977578753469,37.214744524984624,2024-10-24 19:27:02
1566,11,55,19,,,126.81508786061694,37.20880793398582,126.83006141644515,37.208281078325214,2024-10-24 19:27:36
1567,37,18,19,,,126.82037857413646,37.197780820846724,126.82308415502226,37.196611239260136,2024-10-24 19:27:48
1568,51,71,19,,,126.8198938164542,37.209885613098244,126.83907662672377,37.205308104594664,2024-10-24 19:28:03
1569,23,18,19,,,126.82010212749822,37.192440745702676,126.82414354047737,37.19494324054628,2024-10-24 19:28:27
1570,27,50,19,,,126.82624894649817,37.1995474116003,126.82205502066785,37.21140526253071,2024-10-24 19:28:30
1571,55,51,19,,,126.83022825123332,37.209075315084874,126.81897001015953,37.20979123594382,2024-10-24 19:28:44
1572,2,47,19,,,126.82175048202267,37.20569644759855,126.82823021636163,37.21076464206216,2024-10-24 19:29:16
1573,32,50,19,,,126.832291058829,37.20221833031068,126.82279379142462,37.212232420821834,2024-10-24 19:30:14
1574,51,21,19,,,126.81947838251699,37.21005187305968,126.81933687811807,37.19601228447369,2024-10-24 19:30:38
1575,39,50,19,,,126.82210971974959,37.199322489227434,126.8226208340082,37.212422742560314,2024-10-24 19:30:50
1576,23,37,19,,,126.8213064277476,37.19173983316555,126.8209994107864,37.19831174283327,2024-10-24 19:31:05
1577,63,70,19,,,126.83483548729815,37.2115222702439,126.83872390965712,37.2100087016538,2024-10-24 19:31:50
1578,59,50,19,,,126.83210993843355,37.20757730220394,126.82330550395056,37.211657335172944,2024-10-24 19:31:54
1579,56,47,19,,,126.83459453033933,37.20526026812191,126.82654159908749,37.210584795924674,2024-10-24 19:32:03
1580,28,27,19,,,126.83006170300501,37.20375424094749,126.8259275079219,37.19991950022448,2024-10-24 19:34:27
1581,20,63,19,,,126.81631511463641,37.19261177433403,126.83455342488188,37.21099696527436,2024-10-24 19:35:15
1582,37,4,19,,,126.82077510225348,37.19705836858189,126.82135427607805,37.20791434032023,2024-10-24 19:36:02
1583,50,6,19,,,126.82313281475578,37.210662811248675,126.82446998130233,37.20443766580555,2024-10-24 19:36:44
1584,51,60,19,,,126.82039452337413,37.20952379541691,126.83313075321568,37.21281257780515,2024-10-24 19:38:10
1585,58,37,19,,,126.83497720175008,37.20917605901318,126.82066149047411,37.19681441797046,2024-10-24 19:38:11
1586,43,4,19,,,126.82245314034111,37.18919830458932,126.8228166050276,37.20908190969144,2024-10-24 19:38:26
1587,18,51,19,,,126.82459631819343,37.19611828683241,126.82038365628829,37.2107504302209,2024-10-24 19:38:36
1588,33,10,19,,,126.82985746365863,37.20092600128791,126.81730049646801,37.20895595849923,2024-10-24 19:39:02
1589,51,50,19,,,126.82064371590523,37.209669041874825,126.82213416443835,37.21233394243107,2024-10-24 19:39:31
1590,58,18,19,,,126.83442228023797,37.208774008214405,126.82435960691797,37.195163767301466,2024-10-24 19:40:02
1591,21,38,19,,,126.81913433063974,37.19646080974506,126.82433745583083,37.202063742026745,2024-10-24 19:40:09
1592,41,13,19,,,126.83459579592125,37.19669773319353,126.81724805887029,37.20470617609003,2024-10-24 19:40:48
1593,60,38,19,,,126.83255338736146,37.21260847486165,126.82492105923217,37.200529408234274,2024-10-24 19:42:03
1594,11,26,19,,,126.81472085318323,37.20856120749146,126.81891627041608,37.19430304037092,2024-10-24 19:42:12
1595,51,32,19,,,126.81965459758803,37.209612841324955,126.83218428731084,37.202362622870105,2024-10-24 19:42:41
1596,51,34,19,,,126.82037567991507,37.21128951073344,126.82165529093581,37.20254855388758,2024-10-24 19:42:45
1597,15,41,19,,,126.8158424518155,37.20584301187625,126.83442080753042,37.19778915267726,2024-10-24 19:43:23
1598,38,21,19,,,126.82473461145052,37.20132057718849,126.81865756070947,37.195627606904,2024-10-24 19:43:24
1599,22,35,19,,,126.81577299733534,37.19510898414466,126.81900289700555,37.202835429619505,2024-10-24 19:43:26
1600,7,17,19,,,126.82745054682886,37.20733346037619,126.82736571359588,37.19772510619363,2024-10-24 19:43:47
1601,33,21,19,,,126.8286991268441,37.200784488510834,126.81873039236659,37.196580280952666,2024-10-24 19:43:57
1602,46,60,19,,,126.83042825491724,37.21277269051499,126.83191530648901,37.212017770174455,2024-10-24 19:44:07
1603,50,64,19,,,126.82325689283098,37.21060423927026,126.84350676968656,37.20311857470128,2024-10-24 19:44:22
1604,54,71,19,,,126.83323774669964,37.211068644198335,126.83971180097042,37.204896810058266,2024-10-24 19:44:26
1605,38,3,19,,,126.82377807395945,37.20189014081457,126.82400822791776,37.20957958647919,2024-10-24 19:44:28
1606,40,65,19,,,126.83032782871324,37.19424406150346,126.83442446265941,37.20087858325051,2024-10-24 19:44:34
1607,71,34,19,,,126.83927735165163,37.205563484692604,126.8213182826416,37.20392647496374,2024-10-24 19:44:42
1608,20,43,19,,,126.81542476063997,37.19172697922741,126.82248416397657,37.19053345879409,2024-10-24 19:45:54
1609,50,60,19,,,126.82331899567585,37.21054674868508,126.83312506236538,37.21336468060095,2024-10-24 19:46:17
1610,50,60,19,,,126.82228722641969,37.21162074562968,126.83317808183565,37.2138849924169,2024-10-24 19:46:28
1611,10,37,19,,,126.8177572698412,37.20973984312873,126.82088813713986,37.19786670579887,2024-10-24 19:46:28
1612,71,63,19,,,126.84025451195777,37.2047371671354,126.83484654849627,37.21222839328933,2024-10-24 19:47:24
1613,50,26,19,,,126.82162890190179,37.21246810467788,126.81773912594521,37.1932686518604,2024-10-24 19:47:35
1614,10,68,19,,,126.81729793580898,37.20914613848626,126.8400795654372,37.20294800394224,2024-10-24 19:47:48
1615,50,39,19,,,126.82179754681499,37.21191444968825,126.82212667925548,37.19963107865585,2024-10-24 19:48:03
1616,21,27,19,,,126.81840078710496,37.196194257107685,126.82647931620497,37.198769555958,2024-10-24 19:48:34
1617,37,19,19,,,126.8210406260896,37.196540607275665,126.8286918347426,37.194674911684835,2024-10-24 19:48:41
1618,5,72,19,,,126.82796473484917,37.20582851044623,126.81127147629346,37.206345558503116,2024-10-24 19:48:59
1619,43,6,19,,,126.82283262673032,37.19017139231285,126.8246135732647,37.20399905772739,2024-10-24 19:49:29
1620,30,72,19,,,126.8323746680718,37.19858136134165,126.8114611238039,37.207505006698895,2024-10-24 19:49:41
1621,17,50,19,,,126.82615157718234,37.19588953171885,126.82208832086411,37.211754492739814,2024-10-24 19:49:58
1622,26,38,19,,,126.81759780004083,37.193505277890395,126.8249097013474,37.201017010328286,2024-10-24 19:50:29
1623,43,61,19,,,126.8228197364118,37.19047394233744,126.83276370658551,37.216149543195854,2024-10-24 19:51:23
1624,56,38,19,,,126.83507606155098,37.20535840656913,126.82346009764233,37.201401999853786,2024-10-24 19:51:29
1625,6,21,19,,,126.82351561930274,37.20346378222672,126.81889703354479,37.19686125761314,2024-10-24 19:52:43
1626,35,32,19,,,126.8196831959743,37.20138496840021,126.83215833127092,37.20242433960343,2024-10-24 19:53:42
1627,5,47,19,,,126.82796492968126,37.20558041399275,126.82806573912498,37.21073229331303,2024-10-24 19:54:14
1628,10,31,19,,,126.81704973383923,37.20965898560329,126.82889422690623,37.19744173448834,2024-10-24 19:54:32
1629,71,54,19,,,126.84081874122269,37.20598404635996,126.83180264346339,37.21095025016674,2024-10-24 19:54:32
1630,43,23,19,,,126.82363791212552,37.18969504203347,126.82033615620229,37.1914783925547,2024-10-24 19:54:45
1631,51,21,19,,,126.82016955310559,37.209470133007954,126.81842432171399,37.19729906406525,2024-10-24 19:55:08
1632,50,7,19,,,126.82226972771296,37.21213262687369,126.82824551036386,37.20727838736006,2024-10-24 19:56:48
1633,55,50,19,,,126.83013297372544,37.20849974556219,126.8218919463767,37.21177524114648,2024-10-24 19:57:23
1634,71,33,19,,,126.83925779406654,37.20451223374348,126.82858876044635,37.2013286743369,2024-10-24 19:57:32
1635,51,55,19,,,126.8202599572272,37.21080611646425,126.83059132365841,37.20823652094576,2024-10-24 19:57:52
1636,50,55,19,,,126.82242553409134,37.21095644402561,126.82937025255528,37.20967702189591,2024-10-24 19:58:24
1637,37,3,19,,,126.82094065977722,37.19829130127825,126.82388852508704,37.20912711064781,2024-10-24 19:58:50
1638,62,32,20,,,126.83859071912643,37.21154912493293,126.83183291041757,37.20158218393287,2024-10-24 20:00:06
1639,71,54,20,,,126.84045203017195,37.20490249505024,126.83344782952713,37.210643914868385,2024-10-24 20:00:12
1640,51,60,20,,,126.82015540203159,37.21114269938473,126.8327052597842,37.21275772730724,2024-10-24 20:00:52
1641,23,38,20,,,126.8201208176145,37.192637410423096,126.82382934933196,37.20222498753271,2024-10-24 20:02:11
1642,50,38,20,,,126.82282999101776,37.210976641611474,126.82405630068031,37.20229681519696,2024-10-24 20:02:35
1643,4,4,20,,,126.82233026055675,37.20921121582145,126.82174397430403,37.20939392193788,2024-10-24 20:03:09
1644,44,13,20,,,126.82135438136079,37.18841907745925,126.81722408285769,37.204301540682756,2024-10-24 20:04:18
1645,17,50,20,,,126.82557045646833,37.19648782611197,126.82240495615126,37.21218572045355,2024-10-24 20:05:10
1646,51,32,20,,,126.81941382861847,37.21132141551487,126.83194065273887,37.201501939699305,2024-10-24 20:05:27
1647,50,6,20,,,126.82334220596202,37.21170024796548,126.82474848369054,37.20452776359518,2024-10-24 20:06:28
1648,26,38,20,,,126.8192770205221,37.19318537330324,126.82377813920456,37.201597719052955,2024-10-24 20:07:24
1649,67,20,20,,,126.83401665219769,37.20356394827793,126.81542488626577,37.19203328741304,2024-10-24 20:07:27
1650,29,39,20,,,126.82669031238602,37.20165879290156,126.82126241810982,37.20072519057651,2024-10-24 20:07:33
1651,54,71,20,,,126.83280310560866,37.20996312651674,126.83992800952328,37.2043771129322,2024-10-24 20:08:29
1652,21,60,20,,,126.81905229132246,37.19595401671433,126.833213845519,37.213008812101634,2024-10-24 20:08:45
1653,50,37,20,,,126.82197260363304,37.21124956093216,126.82066951732733,37.196726944881945,2024-10-24 20:09:23
1654,71,58,20,,,126.83930120271147,37.20404001738606,126.83603520334813,37.20851991327996,2024-10-24 20:09:28
1655,9,20,20,,,126.81320905023118,37.205097268119,126.8164151321743,37.19303826008244,2024-10-24 20:10:08
1656,37,54,20,,,126.82029687892243,37.19676478190244,126.83226017773197,37.20939450473595,2024-10-24 20:11:00
1657,44,34,20,,,126.81967783427037,37.189425964749255,126.82233938655823,37.20307924695668,2024-10-24 20:11:27
1658,27,18,20,,,126.82673535629065,37.198793685089626,126.82409928844153,37.19475311089875,2024-10-24 20:11:42
1659,13,1,20,,,126.81631093896752,37.2033513386182,126.81654756530317,37.19846630296652,2024-10-24 20:12:13
1660,57,53,20,,,126.83155507389525,37.205314133335946,126.83014611106755,37.20615064124321,2024-10-24 20:12:53
1661,64,55,20,,,126.84252178423876,37.20322642087698,126.83012073372818,37.208332992978605,2024-10-24 20:13:31
1662,39,51,20,,,126.82123372172113,37.20109654617241,126.81887743760785,37.20989646977637,2024-10-24 20:13:46
1663,50,60,20,,,126.82172672582159,37.21075163567438,126.83348661544842,37.21310690587983,2024-10-24 20:13:56
1664,50,64,20,,,126.82153570319952,37.21097313393153,126.84213948267298,37.203703456567595,2024-10-24 20:13:57
1665,27,54,20,,,126.82694868252646,37.19905113758676,126.83178679478578,37.209333433359106,2024-10-24 20:14:03
1666,64,58,20,,,126.84163452086325,37.20262475444166,126.83565140883914,37.20782411340067,2024-10-24 20:14:30
1667,48,48,20,,,126.8309699236036,37.2145660673789,126.83141578192573,37.214743025756285,2024-10-24 20:14:55
1668,21,38,20,,,126.81799643124212,37.19678954462322,126.824342855554,37.200787158820866,2024-10-24 20:15:29
1669,50,48,20,,,126.8220419147175,37.21219438336626,126.83051345684618,37.214228371674565,2024-10-24 20:15:38
1670,37,12,20,,,126.820576611115,37.1981946873473,126.81932288666519,37.205553773338835,2024-10-24 20:16:21
1671,37,51,20,,,126.82113619397228,37.19785076678979,126.81925294852137,37.21036096459512,2024-10-24 20:16:32
1672,37,3,20,,,126.82149621969992,37.19678275993082,126.82460974120018,37.209630247864425,2024-10-24 20:17:00
1673,37,33,20,,,126.82035001699754,37.19683834790212,126.82959200662432,37.19971921862321,2024-10-24 20:17:15
1674,55,37,20,,,126.83048970426995,37.2096550572362,126.82167900359798,37.197120761086815,2024-10-24 20:17:25
1675,65,39,20,,,126.83520332123368,37.20097746386902,126.82231037512292,37.20012036596732,2024-10-24 20:17:42
1676,18,64,20,,,126.82332018764612,37.19470606034733,126.84308281324154,37.20389809606976,2024-10-24 20:17:49
1677,38,21,20,,,126.82388502225483,37.20062670539589,126.81764557089107,37.195776217709586,2024-10-24 20:18:39
1678,68,14,20,,,126.83889017937929,37.201301369300914,126.81944141690892,37.20707356551187,2024-10-24 20:18:53
1679,34,26,20,,,126.82254592961831,37.20334684503096,126.81903842317764,37.193221254258255,2024-10-24 20:19:39
1680,64,51,20,,,126.84185782524561,37.20371956282986,126.82010275914091,37.210168691907654,2024-10-24 20:19:41
1681,51,39,20,,,126.81900026216553,37.210609755853405,126.82099901575847,37.20069220153809,2024-10-24 20:20:29
1682,18,51,20,,,126.82425820505023,37.19617941528365,126.81907594962095,37.211110285600675,2024-10-24 20:20:39
1683,39,50,20,,,126.82168084301492,37.200126878436755,126.82213416523489,37.21059784306481,2024-10-24 20:21:02
1684,50,37,20,,,126.82223636991517,37.2109733063265,126.82041952594642,37.19691069517228,2024-10-24 20:21:05
1685,21,48,20,,,126.8184342671485,37.19703447617859,126.83027020907127,37.21562773326251,2024-10-24 20:21:22
1686,16,45,20,,,126.8225469011666,37.192419732118836,126.82459555515874,37.212465012950915,2024-10-24 20:21:38
1687,50,21,20,,,126.82271211535061,37.21245655673756,126.81761197879682,37.19547789980959,2024-10-24 20:21:42
1688,45,18,20,,,126.82444340047435,37.212705744196086,126.8238046446489,37.195103231221275,2024-10-24 20:22:01
1689,51,56,20,,,126.81963318171015,37.209692701828736,126.8342879813373,37.20495236820444,2024-10-24 20:22:44
1690,15,26,20,,,126.81672177134237,37.20637516188295,126.8189621531604,37.193345596128616,2024-10-24 20:22:57
1691,70,71,20,,,126.83845242758323,37.21053841956926,126.84038557020321,37.205870638625,2024-10-24 20:23:25
1692,23,18,20,,,126.82065172976715,37.19147276652578,126.82352797677635,37.196060518202295,2024-10-24 20:24:12
1693,18,50,20,,,126.82312185253575,37.194765555360924,126.8220378567574,37.21089380632092,2024-10-24 20:24:35
1694,70,26,20,,,126.83879252688402,37.20974549904247,126.81921740099158,37.19405041851837,2024-10-24 20:25:38
1695,70,71,20,,,126.83876934332058,37.20976114741549,126.84066795404301,37.20573481139611,2024-10-24 20:25:50
1696,26,38,20,,,126.81813441652291,37.192936099815,126.8235455256318,37.20138869360278,2024-10-24 20:26:01
1697,56,56,20,,,126.83508105056538,37.20543825313597,126.83494580379583,37.20644491059294,2024-10-24 20:26:14
1698,14,60,20,,,126.81932107391243,37.20704119270682,126.83221056793559,37.21276337760524,2024-10-24 20:27:01
1699,37,50,20,,,126.82076195813325,37.19649915303071,126.82165233531686,37.2119187128853,2024-10-24 20:27:04
1700,47,11,20,,,126.82654939815964,37.211155121453444,126.81376610363958,37.20768266919608,2024-10-24 20:27:27
1701,21,33,20,,,126.81922040383247,37.197234502857896,126.82833805481816,37.20118139501442,2024-10-24 20:27:34
1702,59,65,20,,,126.8332962887475,37.207882702101394,126.8336786382831,37.200750405535665,2024-10-24 20:28:05
1703,51,71,20,,,126.82063565002115,37.211299959100735,126.84003451586125,37.20473494632692,2024-10-24 20:28:23
1704,41,16,20,,,126.83326492025566,37.1962518436185,126.82385738382489,37.193514746285814,2024-10-24 20:28:47
1705,51,37,20,,,126.82016452095675,37.21042997423875,126.8218999542829,37.19794425263998,2024-10-24 20:28:51
1706,47,9,20,,,126.82695299537619,37.21008874385713,126.81344977539656,37.20515505956181,2024-10-24 20:29:12
1707,21,58,20,,,126.8186935748349,37.196242816714125,126.83528809636647,37.20820805493677,2024-10-24 20:29:56
1708,15,10,20,,,126.81624702452132,37.20656059863689,126.81703470128926,37.20842054818301,2024-10-24 20:30:20
1709,33,43,20,,,126.82911274720652,37.19979372295026,126.82332542314319,37.19067356581481,2024-10-24 20:30:25
1710,56,38,20,,,126.83420346448793,37.206531449736275,126.8243255318688,37.20081454204533,2024-10-24 20:31:05
1711,51,55,20,,,126.8192611162432,37.21003108369642,126.82994823812845,37.2092368006806,2024-10-24 20:31:39
1712,70,50,20,,,126.83802747630094,37.210053352574555,126.82274309417045,37.211173614077694,2024-10-24 20:32:18
1713,27,50,20,,,126.82602754020978,37.19863873574511,126.82215116240111,37.21232320429564,2024-10-24 20:33:21
1714,37,19,20,,,126.82178446826602,37.197246160027895,126.82860365324966,37.19427729000631,2024-10-24 20:33:41
1715,13,16,20,,,126.81672555489479,37.203655208663676,126.82407871373617,37.19314990438846,2024-10-24 20:33:46
1716,59,49,20,,,126.83276461968451,37.208313144459304,126.82736541618677,37.21342833319734,2024-10-24 20:34:10
1717,33,21,20,,,126.82923218625217,37.201099326958996,126.81955885142656,37.19574627830088,2024-10-24 20:34:18
1718,27,68,20,,,126.82628308688079,37.19860715291255,126.83961305662203,37.202992469318175,2024-10-24 20:35:23
1719,50,39,20,,,126.82220916097435,37.21208407321774,126.82198553413618,37.200864326149116,2024-10-24 20:35:33
1720,39,26,20,,,126.82191725318057,37.20052092944632,126.81813438100788,37.19432171033814,2024-10-24 20:35:41
1721,38,3,20,,,126.82350575502271,37.2018026054074,126.8238628324426,37.210108878948176,2024-10-24 20:36:29
1722,21,39,20,,,126.81902170190294,37.196858115441515,126.8220682620909,37.20016170734234,2024-10-24 20:37:43
1723,34,21,20,,,126.82162854700559,37.203812725538334,126.81905126262203,37.196495138347615,2024-10-24 20:38:51
1724,60,38,20,,,126.83258493488775,37.21356259390886,126.82466630842042,37.20060513940467,2024-10-24 20:39:05
1725,51,26,20,,,126.81996587229192,37.21031593151495,126.81891572208066,37.19307141214742,2024-10-24 20:39:21
1726,70,21,20,,,126.83690245188788,37.2101179436344,126.8191602542735,37.19576500955991,2024-10-24 20:39:45
1727,50,26,20,,,126.822401426455,37.211398336806,126.81835998431859,37.19401131842224,2024-10-24 20:39:56
1728,18,54,20,,,126.82471804953771,37.19668498400141,126.83315153043642,37.21069824120717,2024-10-24 20:41:14
1729,23,50,20,,,126.82164093952612,37.192391413597164,126.82216114595107,37.2116482711438,2024-10-24 20:42:59
1730,55,50,20,,,126.83037946028394,37.20948949526893,126.82323241168496,37.21180232634459,2024-10-24 20:43:20
1731,54,51,20,,,126.83181435713642,37.21116851861898,126.82067960968614,37.21118938829215,2024-10-24 20:43:45
1732,18,10,20,,,126.82327408924465,37.194845310611136,126.81624735287653,37.20879374552447,2024-10-24 20:43:56
1733,14,37,20,,,126.81891008076862,37.20667721423001,126.82198708319451,37.19682960470459,2024-10-24 20:44:21
1734,21,33,20,,,126.81909900227473,37.19636816678914,126.82910928394752,37.19996434515064,2024-10-24 20:44:39
1735,48,47,20,,,126.83073472333297,37.21537404349033,126.82666009793986,37.210585095856345,2024-10-24 20:44:55
1736,37,4,20,,,126.82139797719894,37.196790492348974,126.82304698353472,37.20847215370713,2024-10-24 20:44:59
1737,56,50,20,,,126.83393340448308,37.206325951092765,126.82266816895374,37.21204245804623,2024-10-24 20:45:14
1738,32,50,20,,,126.83220664466705,37.20169606477034,126.82255435807909,37.21237882218462,2024-10-24 20:45:22
1739,50,50,20,,,126.82298227778705,37.212477266228284,126.82182426228138,37.21189306977208,2024-10-24 20:45:23
1740,37,18,20,,,126.82165683465227,37.1982561963783,126.82315574907996,37.196133811368895,2024-10-24 20:45:30
1741,37,51,20,,,126.82123026514179,37.19792095576683,126.8197915218284,37.209555863472595,2024-10-24 20:45:45
1742,39,21,20,,,126.82136854860164,37.200303502677684,126.8188462620236,37.19543838488801,2024-10-24 20:46:04
1743,37,46,20,,,126.82102305780302,37.197923075993415,126.83092222770625,37.212420089827205,2024-10-24 20:46:07
1744,50,37,20,,,126.8218445859813,37.2124772754039,126.82205430551987,37.197656301060334,2024-10-24 20:48:06
1745,56,32,20,,,126.83530367255301,37.205995770490496,126.83152188716662,37.202037171795915,2024-10-24 20:48:14
1746,48,50,20,,,126.83141589591695,37.214816236767696,126.82172229239323,37.212201443742615,2024-10-24 20:48:38
1747,51,21,20,,,126.81954269829772,37.209814461653636,126.81818288261479,37.19655457531275,2024-10-24 20:49:15
1748,55,50,20,,,126.82994200057632,37.20860610010185,126.82210220274872,37.212343450769346,2024-10-24 20:50:13
1749,60,39,20,,,126.83251234994863,37.212805152118484,126.82211721107036,37.2012129560541,2024-10-24 20:51:04
1750,12,18,20,,,126.81974968411802,37.20555350584834,126.82375902407438,37.19543752477397,2024-10-24 20:51:17
1751,37,21,20,,,126.82179382482771,37.19663405283312,126.81847855316704,37.195994899115,2024-10-24 20:51:34
1752,68,45,20,,,126.83895295900973,37.20137446271026,126.82407875871914,37.213085233354604,2024-10-24 20:51:55
1753,50,7,20,,,126.822043467267,37.21188795516328,126.82806936637303,37.2083022630795,2024-10-24 20:52:39
1754,23,19,20,,,126.82041270955217,37.192174159255536,126.82900134397363,37.195208738928294,2024-10-24 20:53:09
1755,10,37,20,,,126.81733718150996,37.20927959692693,126.8212779742779,37.1965533497931,2024-10-24 20:53:33
1756,36,49,20,,,126.82417108886524,37.1980992298009,126.82709971102868,37.214282725506294,2024-10-24 20:54:05
1757,51,37,20,,,126.82021852334529,37.21038339057747,126.82042721237812,37.19727839828575,2024-10-24 20:54:10
1758,14,65,20,,,126.81957213215112,37.20735221996468,126.83362814643837,37.19928023024947,2024-10-24 20:57:30
1759,9,72,20,,,126.81427069672628,37.205458445872225,126.81209646423663,37.20715398334654,2024-10-24 20:58:07
1760,30,47,20,,,126.83251594296479,37.19834388815243,126.82816122760917,37.21046665028689,2024-10-24 20:59:05
1761,50,60,20,,,126.82328669655213,37.211483798253944,126.83388017440078,37.212113425403146,2024-10-24 20:59:22
1762,50,55,20,,,126.82202264815446,37.2112634855163,126.82899863477938,37.20899723825892,2024-10-24 20:59:34
1763,50,38,20,,,126.82193562705892,37.21115789337891,126.82468983604011,37.20160691658448,2024-10-24 20:59:53
1764,51,21,21,,,126.82009984817523,37.21084770927619,126.8180651336943,37.19684220874812,2024-10-24 21:00:29
1765,54,8,21,,,126.83265598066306,37.20939615005144,126.8246451741543,37.206120081158005,2024-10-24 21:00:36
1766,50,37,21,,,126.82280581949486,37.21187383037316,126.82054608695212,37.19773872958076,2024-10-24 21:00:38
1767,59,45,21,,,126.83192065743484,37.20791254750018,126.82474858739877,37.21293825659867,2024-10-24 21:00:55
1768,39,51,21,,,126.82097942768583,37.20116694047016,126.81975760507864,37.209959639597336,2024-10-24 21:01:46
1769,70,50,21,,,126.83786867556304,37.20930023459703,126.82333962285468,37.21190083139823,2024-10-24 21:03:28
1770,38,72,21,,,126.82452189961647,37.20220919340841,126.81092835504995,37.208056400730406,2024-10-24 21:05:41
1771,37,21,21,,,126.82196364687944,37.1975485961303,126.81953653806988,37.195412883402064,2024-10-24 21:05:59
1772,33,27,21,,,126.83004406495634,37.2012212444866,126.82617997482055,37.19988568060764,2024-10-24 21:06:07
1773,50,55,21,,,126.82153276059722,37.211769867036296,126.82917381667637,37.20859258995962,2024-10-24 21:06:09
1774,71,54,21,,,126.84042133665804,37.205326551612174,126.83193250459787,37.2107344017827,2024-10-24 21:06:36
1775,27,50,21,,,126.82713407569996,37.198846860101625,126.8229895177452,37.2116612810347,2024-10-24 21:06:38
1776,49,54,21,,,126.82868700542554,37.21341706794025,126.83188189388349,37.209950739196636,2024-10-24 21:06:41
1777,37,3,21,,,126.82168828295964,37.19707406166055,126.82491543334055,37.21049051561292,2024-10-24 21:06:47
1778,32,3,21,,,126.8329761941454,37.20210314033381,126.82574120751545,37.20906130555478,2024-10-24 21:06:57
1779,58,61,21,,,126.8357185053829,37.20937401179113,126.83280867118451,37.21507723629721,2024-10-24 21:07:29
1780,51,50,21,,,126.8200527910937,37.21009530632222,126.8230809282735,37.212163966487296,2024-10-24 21:07:43
1781,37,18,21,,,126.82145895188032,37.19678493205762,126.82383068287913,37.19504886770338,2024-10-24 21:08:00
1782,33,10,21,,,126.82929152516495,37.20014749370657,126.81791928784031,37.20971423055157,2024-10-24 21:08:06
1783,18,51,21,,,126.82456671171562,37.196019945326306,126.81967858231319,37.210686485511474,2024-10-24 21:08:24
1784,50,6,21,,,126.82283602900222,37.21085197641975,126.82503536914403,37.20374823197027,2024-10-24 21:08:25
1785,50,72,21,,,126.82240939714639,37.211459825570216,126.81241802821738,37.208171910925635,2024-10-24 21:09:18
1786,38,21,21,,,126.8248341038849,37.200919130900445,126.81878096997426,37.19725771869908,2024-10-24 21:09:40
1787,54,71,21,,,126.83349810664943,37.210014912599604,126.840594308847,37.20400247743536,2024-10-24 21:10:29
1788,39,50,21,,,126.82079141513414,37.20007827801296,126.82224662843515,37.212485411658065,2024-10-24 21:11:11
1789,18,26,21,,,126.82404072954678,37.19619549763201,126.81822293104358,37.192706554209174,2024-10-24 21:11:38
1790,55,50,21,,,126.82952551280914,37.20918537124805,126.82269193346163,37.21247925216848,2024-10-24 21:12:26
1791,66,39,21,,,126.83722240183563,37.204766138231406,126.82066630317499,37.20047183978414,2024-10-24 21:13:07
1792,39,26,21,,,126.82161171662727,37.200667795003596,126.81837599911833,37.19382323280047,2024-10-24 21:13:09
1793,39,21,21,,,126.82194978211162,37.199380021159854,126.81897028706796,37.197333591381096,2024-10-24 21:13:54
1794,38,3,21,,,126.82449408226874,37.20169557305931,126.82391387910478,37.20885556574164,2024-10-24 21:14:19
1795,38,24,21,,,126.82372363971304,37.201503278718874,126.81797365718997,37.191170757482176,2024-10-24 21:14:44
1796,70,71,21,,,126.83777712367437,37.20921188500164,126.84034315994356,37.205008383916976,2024-10-24 21:15:08
1797,71,33,21,,,126.83915052642097,37.20462833830136,126.82841853465146,37.19974756112246,2024-10-24 21:16:51
1798,55,37,21,,,126.82977726711191,37.208564706944436,126.82111742960684,37.19702217361639,2024-10-24 21:17:04
1799,50,21,21,,,126.82317251465889,37.211715447563776,126.81946970181153,37.195684367676236,2024-10-24 21:18:30
1800,18,50,21,,,126.82323649642738,37.19512974466046,126.82317439593977,37.211453118311006,2024-10-24 21:19:08
1801,60,39,21,,,126.83362448287428,37.21354266688875,126.82097914105586,37.2012274191887,2024-10-24 21:19:11
1802,26,70,21,,,126.8191992718024,37.19309241874401,126.83791475326281,37.20994174664005,2024-10-24 21:19:19
1803,13,17,21,,,126.81698706547172,37.20392203997119,126.82715808745962,37.19750935768816,2024-10-24 21:20:03
1804,16,17,21,,,126.82449007425278,37.19353840140954,126.82633922553694,37.197744079458374,2024-10-24 21:20:34
1805,71,16,21,,,126.8397825659247,37.20420876643041,126.82392063597216,37.193759690681816,2024-10-24 21:20:46
1806,21,58,21,,,126.818647887281,37.19546664271626,126.83609277846554,37.20915289179541,2024-10-24 21:21:13
1807,37,61,21,,,126.822232785711,37.197468936231026,126.83319684905636,37.215529223391655,2024-10-24 21:21:21
1808,23,18,21,,,126.82140847141387,37.1923356838468,126.82297385407144,37.19655684292095,2024-10-24 21:21:49
1809,46,50,21,,,126.82950334068225,37.21248431685501,126.82192666774607,37.21209670840775,2024-10-24 21:22:46
1810,21,38,21,,,126.81945110250155,37.19682403528071,126.82340106072323,37.201808947945864,2024-10-24 21:23:13
1811,53,2,21,,,126.82946188086791,37.20551122640753,126.8217359995611,37.20631449594263,2024-10-24 21:24:09
1812,71,58,21,,,126.83977818355969,37.20547124073695,126.83519080359649,37.20901627121726,2024-10-24 21:24:36
1813,21,38,21,,,126.81820342578281,37.19559770777592,126.82464268405676,37.20108010265704,2024-10-24 21:25:06
1814,33,59,21,,,126.82960346667538,37.20063416581896,126.83259049376336,37.20724509055461,2024-10-24 21:26:12
1815,50,26,21,,,126.82299154416435,37.21086185864363,126.81893063902292,37.193883314344205,2024-10-24 21:26:35
1816,58,37,21,,,126.8359802019707,37.20846237176721,126.82103844368092,37.19810972953837,2024-10-24 21:27:17
1817,37,4,21,,,126.82030023944404,37.198049339585644,126.82222844239149,37.20879717139956,2024-10-24 21:27:40
1818,56,32,21,,,126.83571072532872,37.20613076726682,126.83139720961796,37.20106712972395,2024-10-24 21:28:44
1819,32,50,21,,,126.8313356716068,37.202105395252865,126.82209054187996,37.210613176692334,2024-10-24 21:29:09
1820,50,48,21,,,126.8228163077923,37.21154170300214,126.8298923615502,37.215591497618824,2024-10-24 21:29:12
1821,71,50,21,,,126.84095207000408,37.20435833653762,126.8219880875624,37.21122767616051,2024-10-24 21:29:24
1822,50,39,21,,,126.8229763119698,37.2124730062263,126.82103607826294,37.20024336355912,2024-10-24 21:29:57
1823,55,50,21,,,126.829694025014,37.20843618507986,126.82209784766462,37.21136843398457,2024-10-24 21:29:59
1824,29,39,21,,,126.82643564911857,37.20279242861541,126.82092070526024,37.199528550832184,2024-10-24 21:30:09
1825,17,50,21,,,126.82636995653687,37.19767974268523,126.82186608616927,37.21158184949157,2024-10-24 21:30:27
1826,23,37,21,,,126.82144573105612,37.191424974492215,126.82069855514352,37.19701725081622,2024-10-24 21:31:26
1827,26,48,21,,,126.81886857259992,37.19450831917785,126.83049052221078,37.21452599989646,2024-10-24 21:32:19
1828,32,57,21,,,126.83110417000056,37.201105770480545,126.83252362229013,37.205522674521994,2024-10-24 21:32:20
1829,10,35,21,,,126.81733063393337,37.20936809034298,126.81929996138777,37.20097961662345,2024-10-24 21:32:26
1830,12,26,21,,,126.8199616115795,37.205762404601465,126.8188216997158,37.19433809610199,2024-10-24 21:32:30
1831,56,38,21,,,126.83587458711357,37.206562316999715,126.824146983944,37.20055729705336,2024-10-24 21:32:43
1832,50,7,21,,,126.8220771745955,37.21069159478972,126.82686542575594,37.20817587232587,2024-10-24 21:33:25
1833,57,48,21,,,126.83265206859774,37.205161761173294,126.8309636187611,37.21439364910416,2024-10-24 21:33:49
1834,37,33,21,,,126.82219329899799,37.197020759555784,126.83026847957505,37.200008989261406,2024-10-24 21:34:33
1835,51,39,21,,,126.81879647787662,37.210125972197275,126.82082540024312,37.20022992079084,2024-10-24 21:35:04
1836,38,51,21,,,126.82393241290164,37.20082964718343,126.81949478349885,37.21122670899727,2024-10-24 21:37:32
1837,50,26,21,,,126.82307863420452,37.21168974763214,126.81760828863607,37.193481414315386,2024-10-24 21:37:39
1838,50,37,21,,,126.82148510342319,37.2119713584248,126.82220974636068,37.197874442256705,2024-10-24 21:38:44
1839,33,46,21,,,126.82970172508195,37.2006247795965,126.83039643942867,37.211117281429125,2024-10-24 21:39:05
1840,50,60,21,,,126.8228661930862,37.21061533671978,126.83288185032941,37.2131175312288,2024-10-24 21:39:16
1841,33,2,21,,,126.82861141002135,37.200533425743394,126.82142186539068,37.20631472959608,2024-10-24 21:40:30
1842,60,28,21,,,126.8327648062929,37.21348407479118,126.82951020393081,37.2030602536796,2024-10-24 21:40:45
1843,20,24,21,,,126.81535588075037,37.19157637029935,126.81861556280562,37.191532882925024,2024-10-24 21:41:00
1844,12,18,21,,,126.81894407949504,37.20537658243084,126.82460419456433,37.196567162096294,2024-10-24 21:41:49
1845,66,32,21,,,126.83661071826005,37.20320539376825,126.83154694904793,37.20154907104205,2024-10-24 21:43:18
1846,50,50,21,,,126.82327428346932,37.212216356623834,126.82200484799712,37.211313543244124,2024-10-24 21:43:23
1847,33,38,21,,,126.829333770373,37.20100336728404,126.82431481209316,37.200365765963895,2024-10-24 21:43:47
1848,51,60,21,,,126.82048150046339,37.21045044715595,126.83368113707951,37.21388004044864,2024-10-24 21:43:53
1849,33,21,21,,,126.82986597299629,37.201156183333296,126.81891815298643,37.19732520076316,2024-10-24 21:44:33
1850,33,37,21,,,126.82833747821248,37.200556019426365,126.82050484979321,37.19665685897953,2024-10-24 21:44:35
1851,37,50,21,,,126.82086194662257,37.19642377483979,126.82241826031563,37.212392942906966,2024-10-24 21:44:55
1852,23,19,21,,,126.82025771824999,37.19199635731947,126.82894277500526,37.19482545352483,2024-10-24 21:45:18
1853,23,38,21,,,126.8210163659627,37.19170469110316,126.82449954968403,37.200611453838455,2024-10-24 21:46:25
1854,43,24,21,,,126.82240562885194,37.19015517171951,126.81785526613562,37.19099290365152,2024-10-24 21:46:41
1855,51,32,21,,,126.81990941184054,37.21063777634717,126.83234827010651,37.202675799489285,2024-10-24 21:46:41
1856,23,50,21,,,126.82180713234439,37.19104005006746,126.8223359396661,37.2119135582109,2024-10-24 21:47:00
1857,51,18,21,,,126.81872246527216,37.209668772302685,126.82438403418156,37.19506936059841,2024-10-24 21:47:38
1858,50,38,21,,,126.82273580462251,37.21205556999753,126.82408442145797,37.20115619993876,2024-10-24 21:48:17
1859,18,32,21,,,126.82457924629517,37.19474743615411,126.83176620540095,37.20139950631189,2024-10-24 21:48:51
1860,21,32,21,,,126.81886088560556,37.196106173852776,126.83271150779306,37.20187030461155,2024-10-24 21:49:29
1861,64,64,21,,,126.84187893323237,37.20325814624531,126.84269894913132,37.20423858169485,2024-10-24 21:49:51
1862,11,55,21,,,126.81421452357063,37.20790818371558,126.82978687984152,37.20932604251128,2024-10-24 21:50:13
1863,51,56,21,,,126.81948190769994,37.2106817420374,126.83576694772137,37.20648903202561,2024-10-24 21:50:22
1864,51,26,21,,,126.82053558266016,37.21074173735161,126.81924302699595,37.19452602641444,2024-10-24 21:50:26
1865,71,34,21,,,126.83962604757254,37.204631935744416,126.82192118153205,37.202614565462454,2024-10-24 21:50:50
1866,31,58,21,,,126.82939269725917,37.19724159577516,126.83584536206094,37.20818310615484,2024-10-24 21:51:05
1867,7,17,21,,,126.8270382920989,37.20866165969344,126.82672337165663,37.197006343632765,2024-10-24 21:51:17
1868,60,38,21,,,126.83313137558355,37.21286711555074,126.82354256874633,37.20177820958572,2024-10-24 21:51:56
1869,51,37,21,,,126.81914480190356,37.210466421961875,126.82193956453736,37.19657384845926,2024-10-24 21:52:08
1870,37,51,21,,,126.82132895146412,37.197010397367194,126.81967555039783,37.20969909922301,2024-10-24 21:53:26
1871,15,55,21,,,126.8167959425964,37.207236562416654,126.8305801909807,37.208368239187614,2024-10-24 21:53:34
1872,18,54,21,,,126.82446512055606,37.196072561687046,126.83320456319795,37.21105703440414,2024-10-24 21:54:18
1873,37,19,21,,,126.82033903298903,37.19705219587632,126.82917147011935,37.195184990816315,2024-10-24 21:54:38
1874,23,42,21,,,126.81988212286653,37.1924486246252,126.83155563984559,37.19575567187198,2024-10-24 21:54:42
1875,21,33,21,,,126.81809486909738,37.195809607732535,126.82853703842213,37.200247735869674,2024-10-24 21:55:11
1876,23,72,21,,,126.82146920452415,37.191459411135455,126.81210718335494,37.206597228245435,2024-10-24 21:55:18
1877,24,30,21,,,126.81860107831541,37.19016269214043,126.83232712230428,37.199777244478284,2024-10-24 21:55:19
1878,37,12,21,,,126.82038860999259,37.197483779032986,126.8193253751505,37.20546294955372,2024-10-24 21:55:26
1879,10,37,21,,,126.81727773171426,37.208982629483494,126.82219994182037,37.19817047269475,2024-10-24 21:55:28
1880,37,13,21,,,126.82050892532433,37.19800373909613,126.81749454361226,37.204213668734454,2024-10-24 21:55:53
1881,64,58,21,,,126.8424643423896,37.20311179621304,126.83433920925414,37.20902408844422,2024-10-24 21:56:01
1882,23,69,21,,,126.82039642534534,37.191224532168384,126.83671187971817,37.20765670668642,2024-10-24 21:56:34
1883,51,71,21,,,126.81940615287549,37.210395922052264,126.83971251723511,37.2052197170284,2024-10-24 21:57:54
1884,26,38,21,,,126.81739627587258,37.19284607702818,126.82401372321898,37.2011042835873,2024-10-24 21:57:55
1885,28,29,21,,,126.82914649345844,37.20435047127928,126.82700780079797,37.202709785533884,2024-10-24 21:58:00
1886,25,9,21,,,126.82082069666951,37.194583352001494,126.81442103290284,37.206410685994285,2024-10-24 21:58:29
1887,51,55,21,,,126.81929302073361,37.20965511993158,126.8294126813491,37.20869960655761,2024-10-24 21:58:33
1888,55,51,21,,,126.82920788074613,37.20953095534834,126.81896202541103,37.209989188658334,2024-10-24 21:59:25
1889,50,64,21,,,126.8232761675441,37.21052190303981,126.84338143957105,37.203607544484235,2024-10-24 21:59:41
1890,32,11,22,,,126.83121190365888,37.20266174010397,126.8140026910863,37.20872939633721,2024-10-24 22:00:38
1891,50,50,22,,,126.82199761439743,37.21201355655592,126.82265615209435,37.21160389642953,2024-10-24 22:00:44
1892,29,39,22,,,126.8271424502058,37.202927409075635,126.82098111820308,37.19932638515289,2024-10-24 22:00:55
1893,71,54,22,,,126.83966934447636,37.20459254547378,126.83192137912819,37.210831577529945,2024-10-24 22:01:06
1894,59,56,22,,,126.83281499044531,37.208283067616186,126.83518010429398,37.20518261551329,2024-10-24 22:01:33
1895,51,18,22,,,126.81945888821117,37.210593740148816,126.8244252935343,37.19586170899754,2024-10-24 22:01:37
1896,50,48,22,,,126.82170489497894,37.21097957350969,126.82985865323548,37.213956802792985,2024-10-24 22:01:54
1897,50,55,22,,,126.82154945288167,37.21098118398229,126.82907629853626,37.209252762028996,2024-10-24 22:02:12
1898,58,37,22,,,126.83603014682937,37.20854881704558,126.82068768694913,37.19671463131133,2024-10-24 22:02:36
1899,54,71,22,,,126.83224513856035,37.20992041871479,126.84029478063952,37.20480672299227,2024-10-24 22:02:42
1900,19,32,22,,,126.82844987570938,37.19510196033962,126.83288331777105,37.20202573540802,2024-10-24 22:03:06
1901,23,19,22,,,126.81983425151864,37.192045032651315,126.82932714247292,37.194745795064364,2024-10-24 22:03:54
1902,38,19,22,,,126.82389056534778,37.20214243629708,126.8294234828737,37.19573348699799,2024-10-24 22:04:04
1903,14,52,22,,,126.81951855372736,37.2075696464907,126.83124077558499,37.21846450118707,2024-10-24 22:04:37
1904,51,71,22,,,126.81942132127928,37.20997962377487,126.83941378613773,37.20416711501461,2024-10-24 22:04:39
1905,39,51,22,,,126.82214656829986,37.19926386046817,126.8202255001554,37.21025237886983,2024-10-24 22:05:15
1906,50,37,22,,,126.82231624636368,37.212133631346376,126.82154452833575,37.19704998303197,2024-10-24 22:05:16
1907,67,64,22,,,126.83484137865315,37.20327267165957,126.84284468261232,37.202542712837186,2024-10-24 22:05:18
1908,60,38,22,,,126.83244395989809,37.21229268746657,126.82491640005514,37.20048313066421,2024-10-24 22:05:42
1909,31,59,22,,,126.8299674180534,37.19738559859135,126.83303244843333,37.20757705195862,2024-10-24 22:05:42
1910,36,35,22,,,126.82415404660578,37.19929550532797,126.81908477615347,37.20132949395772,2024-10-24 22:05:47
1911,51,60,22,,,126.81960428046274,37.21041721365148,126.832487365621,37.21234864695748,2024-10-24 22:05:57
1912,37,21,22,,,126.82051581816084,37.19706971053536,126.81828189871545,37.196877943670415,2024-10-24 22:06:10
1913,7,17,22,,,126.82778660718215,37.207292526986635,126.82657874235845,37.19601034893607,2024-10-24 22:07:15
1914,46,56,22,,,126.8309729957009,37.211239949624876,126.83541099556638,37.20470715750751,2024-10-24 22:07:35
1915,33,59,22,,,126.83029580948434,37.2006494240145,126.83336058054103,37.20682682251186,2024-10-24 22:07:40
1916,38,21,22,,,126.82345712876013,37.20090910701752,126.81952032040313,37.197049497254845,2024-10-24 22:09:30
1917,26,38,22,,,126.81754052635412,37.19433202686467,126.82353890432081,37.20068273952901,2024-10-24 22:10:07
1918,70,50,22,,,126.83868637199791,37.210332531523584,126.82201218984794,37.21149940501186,2024-10-24 22:10:16
1919,51,55,22,,,126.82068347380422,37.21055319085315,126.82901643296589,37.20830732856494,2024-10-24 22:10:24
1920,55,51,22,,,126.8306942078412,37.209252783931234,126.82044298251779,37.20986549171046,2024-10-24 22:10:48
1921,15,7,22,,,126.81718008182034,37.20672126452035,126.82639232276026,37.20728942464922,2024-10-24 22:11:23
1922,71,50,22,,,126.84020908649096,37.20593214554185,126.82300693287101,37.21052925571096,2024-10-24 22:13:02
1923,18,50,22,,,126.82304124545288,37.195057125271234,126.82277281766747,37.21093612911924,2024-10-24 22:14:07
1924,50,37,22,,,126.82302438410342,37.21128509559246,126.82147091347672,37.19837557849886,2024-10-24 22:14:56
1925,33,21,22,,,126.82916854424371,37.19971378460414,126.81888741039522,37.19563762586334,2024-10-24 22:15:18
1926,33,27,22,,,126.82968310832574,37.20150916469957,126.82705924513856,37.19995859131139,2024-10-24 22:15:25
1927,21,33,22,,,126.81799662597139,37.1973219453814,126.82961156437831,37.19989815254061,2024-10-24 22:16:59
1928,12,18,22,,,126.81976612189209,37.205571834980425,126.82384193144577,37.196381168662924,2024-10-24 22:17:14
1929,50,39,22,,,126.8215349913254,37.21071731543931,126.8221776508633,37.20044528540199,2024-10-24 22:18:25
1930,20,17,22,,,126.8152102989014,37.19330153215709,126.82669044569487,37.19735088287821,2024-10-24 22:18:57
1931,23,37,22,,,126.82175664454547,37.19114659252037,126.82221827144163,37.19749838110059,2024-10-24 22:19:05
1932,34,21,22,,,126.82193953142146,37.202768862563474,126.81942332041507,37.195579574783935,2024-10-24 22:19:14
1933,27,36,22,,,126.82595538003756,37.19862715334257,126.82373342851183,37.19785980088473,2024-10-24 22:19:15
1934,51,21,22,,,126.82005941271098,37.20974183513602,126.81882858664292,37.19550037856217,2024-10-24 22:19:48
1935,51,39,22,,,126.8204065698537,37.21014002184161,126.82226579217614,37.2001007079593,2024-10-24 22:19:51
1936,64,58,22,,,126.84221510925157,37.20258254492069,126.83508407830504,37.208296856757975,2024-10-24 22:20:16
1937,37,18,22,,,126.82115413745261,37.19671916407693,126.82467391783587,37.19628269406915,2024-10-24 22:21:51
1938,37,50,22,,,126.82214880720194,37.19670004626578,126.82214574459422,37.21234372348194,2024-10-24 22:22:45
1939,13,49,22,,,126.81646014596504,37.2044975184083,126.82857115681296,37.21409740772573,2024-10-24 22:23:42
1940,50,60,22,,,126.82329685221809,37.21200387253523,126.83252509414805,37.213009643845474,2024-10-24 22:24:20
1941,58,56,22,,,126.83609020111675,37.209037772860334,126.83433171548342,37.20506976095509,2024-10-24 22:24:40
1942,39,50,22,,,126.82069645197618,37.199347071758,126.82233302731173,37.211663727823364,2024-10-24 22:25:22
1943,6,44,22,,,126.82394457653879,37.203611637303155,126.81976427159215,37.189146596188,2024-10-24 22:25:22
1944,55,37,22,,,126.82981293793077,37.20827949757495,126.82201556391267,37.197323788257016,2024-10-24 22:25:30
1945,50,26,22,,,126.82162964088435,37.2124563662426,126.81859123175066,37.192951419064805,2024-10-24 22:25:46
1946,37,62,22,,,126.82169058877297,37.19659083915387,126.8385964169728,37.21240927550124,2024-10-24 22:26:15
1947,50,64,22,,,126.8233270756582,37.211951889924904,126.84171131640521,37.203658791979144,2024-10-24 22:26:40
1948,56,38,22,,,126.83430767170782,37.20617935259382,126.82380341800005,37.20097715371556,2024-10-24 22:27:05
1949,50,72,22,,,126.82238653097801,37.2122935360357,126.81219198752054,37.2071803563097,2024-10-24 22:27:48
1950,44,1,22,,,126.82047775651859,37.18942305659647,126.81514268439699,37.19836697792373,2024-10-24 22:28:05
1951,38,51,22,,,126.82482449189101,37.20080470725821,126.81897026737326,37.20953112046196,2024-10-24 22:28:44
1952,54,70,22,,,126.83195278291176,37.210494058659954,126.83795620009901,37.2087874617473,2024-10-24 22:30:10
1953,23,50,22,,,126.82035102214047,37.19123440011712,126.82299484009432,37.211663841274195,2024-10-24 22:30:11
1954,70,71,22,,,126.83853326733468,37.210426176788886,126.84033324642331,37.20525724263737,2024-10-24 22:30:45
1955,60,39,22,,,126.83294570514904,37.2137517899385,126.82100332676579,37.200578193867166,2024-10-24 22:30:49
1956,50,7,22,,,126.82303841063369,37.21160882551773,126.82730517718363,37.2088698566363,2024-10-24 22:31:00
1957,56,32,22,,,126.83426927642714,37.20486115739464,126.83291832205958,37.200963201385235,2024-10-24 22:31:44
1958,41,59,22,,,126.83473201457556,37.19768307115575,126.83204666295653,37.20777490544837,2024-10-24 22:32:04
1959,37,33,22,,,126.8216475883364,37.19727126785104,126.82990127655835,37.20049367155581,2024-10-24 22:33:44
1960,18,31,22,,,126.82446175078198,37.19605838114898,126.82842125771026,37.198793362473815,2024-10-24 22:33:47
1961,71,58,22,,,126.8399674086026,37.20528647988611,126.83483750191078,37.2082794282238,2024-10-24 22:34:04
1962,50,6,22,,,126.82217215555261,37.210821211251144,126.82528916657188,37.20398237439431,2024-10-24 22:34:21
1963,11,55,22,,,126.81341353346437,37.20869867224889,126.83008754082384,37.20849592993381,2024-10-24 22:36:25
1964,72,51,22,,,126.81259000746937,37.207027700465545,126.82054736246548,37.21009104235792,2024-10-24 22:37:01
1965,33,18,22,,,126.82933735820994,37.20025925984682,126.82300490939494,37.19636195936009,2024-10-24 22:37:10
1966,71,34,22,,,126.84025730035168,37.205537425322575,126.82112766404458,37.20248652132569,2024-10-24 22:37:16
1967,10,37,22,,,126.81661312994667,37.209576283077844,126.82178272269405,37.19737200075137,2024-10-24 22:37:18
1968,23,18,22,,,126.82008065833584,37.19132119840352,126.82331103001894,37.19648566410938,2024-10-24 22:37:29
1969,37,51,22,,,126.82132828796082,37.19741780829997,126.82033747314377,37.21048433799503,2024-10-24 22:37:30
1970,15,41,22,,,126.81773161736304,37.20564454397744,126.83486486733658,37.196576337112404,2024-10-24 22:38:39
1971,58,51,22,,,126.83533523429598,37.20752130111016,126.82056758408079,37.21017995877809,2024-10-24 22:38:47
1972,67,48,22,,,126.83370426295029,37.20260550022831,126.83062909061915,37.21531001845506,2024-10-24 22:38:56
1973,71,33,22,,,126.83949265917654,37.20418354864051,126.82915462559522,37.20162384684213,2024-10-24 22:39:29
1974,39,50,22,,,126.82054480377488,37.20097985902224,126.82153736075728,37.21123100211172,2024-10-24 22:40:32
1975,36,38,22,,,126.82379552293891,37.197867063321205,126.82454316971094,37.202105947545284,2024-10-24 22:40:56
1976,57,38,22,,,126.83262800835756,37.20453471103474,126.82372559840103,37.20127215137861,2024-10-24 22:41:15
1977,27,50,22,,,126.82591658745997,37.19896075476904,126.82228942249183,37.21135330373649,2024-10-24 22:41:29
1978,37,3,22,,,126.82095751803367,37.19805872880114,126.82567287991742,37.20897393976201,2024-10-24 22:42:39
1979,21,38,22,,,126.81831490152423,37.196553191914624,126.82457977171008,37.20048620475362,2024-10-24 22:43:11
1980,28,23,22,,,126.82873881304035,37.204422091351596,126.8212669643854,37.19184667914203,2024-10-24 22:44:02
1981,51,37,22,,,126.82023193717627,37.21046596330453,126.8205231418157,37.197318564126306,2024-10-24 22:44:28
1982,23,38,22,,,126.82106589441771,37.1913078123797,126.82358116629385,37.20152839582102,2024-10-24 22:44:38
1983,7,42,22,,,126.82668728732334,37.20866637447958,126.83074815867715,37.19600693275782,2024-10-24 22:44:40
1984,37,4,22,,,126.8207915486162,37.197161828708275,126.82275297589116,37.20949902038174,2024-10-24 22:45:10
1985,55,55,22,,,126.82991830465195,37.20829952271897,126.83078680249078,37.20939748544393,2024-10-24 22:45:40
1986,55,29,22,,,126.82972001399163,37.20837048495567,126.82775757589737,37.20309018885081,2024-10-24 22:46:27
1987,55,50,22,,,126.8309414127346,37.208197867627206,126.82296055544882,37.21061463102547,2024-10-24 22:46:35
1988,66,61,22,,,126.83830097554952,37.20447565635131,126.83394562571846,37.215698557114074,2024-10-24 22:47:01
1989,33,10,22,,,126.82940149918895,37.20020069614538,126.81609922880803,37.20838067814974,2024-10-24 22:47:14
1990,39,26,22,,,126.82123935388061,37.20064683078002,126.81928297061496,37.19258038434271,2024-10-24 22:47:29
1991,55,50,22,,,126.82900243535168,37.20975498654878,126.82196069537267,37.2122066332439,2024-10-24 22:47:46
1992,32,14,22,,,126.83127768596654,37.200916435108354,126.82025580878674,37.208123348757866,2024-10-24 22:48:17
1993,50,21,22,,,126.82324227464036,37.210955143385846,126.81776055425048,37.195886528059326,2024-10-24 22:48:25
1994,51,26,22,,,126.81912595914133,37.20988252928833,126.81763486948401,37.19389061005236,2024-10-24 22:49:02
1995,51,32,22,,,126.82062199946611,37.20974148318314,126.8324566670491,37.201779106316586,2024-10-24 22:49:03
1996,18,32,22,,,126.82384623652243,37.195707549325206,126.8322136625283,37.20152699852362,2024-10-24 22:51:14
1997,25,2,22,,,126.82092919275333,37.19439926951468,126.82179967050946,37.206329252570605,2024-10-24 22:51:23
1998,51,56,22,,,126.8197889368526,37.211160304090555,126.83547162074282,37.20658081352995,2024-10-24 22:52:18
1999,54,16,22,,,126.8336441750434,37.21011495679248,126.82402375751299,37.19383066070904,2024-10-24 22:52:41
2000,51,50,22,,,126.81917288600336,37.21078513608113,126.8225931282611,37.212494532671094,2024-10-24 22:52:51
2001,23,38,22,,,126.8209799575655,37.192671155855614,126.82454507905751,37.20176491682955,2024-10-24 22:53:07
2002,37,12,22,,,126.82212693656388,37.196427961240765,126.81955911982293,37.20408594757069,2024-10-24 22:53:51
2003,50,60,22,,,126.82147547197414,37.21146812765603,126.83251335898079,37.212195633549435,2024-10-24 22:53:56
2004,18,51,22,,,126.82372887487149,37.195714583940955,126.8192123339829,37.21086054746252,2024-10-24 22:53:58
2005,70,50,22,,,126.83763150647546,37.21047948154818,126.82138672795477,37.2115418970716,2024-10-24 22:54:04
2006,28,26,22,,,126.82873780532927,37.202504897479876,126.81757321525987,37.193295671675315,2024-10-24 22:55:09
2007,38,1,22,,,126.82457503490218,37.201816279440514,126.81512199776931,37.19754766975703,2024-10-24 22:55:23
2008,37,19,22,,,126.82141643242613,37.196558230980564,126.82842314140355,37.195953999386035,2024-10-24 22:55:36
2009,32,50,22,,,126.83166273840907,37.20107279360527,126.82149112518545,37.210809540322444,2024-10-24 22:55:40
2010,68,49,22,,,126.84031651877076,37.203050782543734,126.82738248903247,37.21413619454852,2024-10-24 22:56:13
2011,50,38,22,,,126.8214887174895,37.211261453797256,126.82401729205479,37.20106266871671,2024-10-24 22:56:28
2012,62,70,22,,,126.83883314503316,37.211462868175886,126.83874546473722,37.209396597887206,2024-10-24 22:56:41
2013,38,3,22,,,126.8242855972116,37.20035402174447,126.82568221940812,37.21068132617914,2024-10-24 22:58:04
2014,18,54,22,,,126.82413774875081,37.19512966524587,126.83201410661833,37.210297776335686,2024-10-24 22:58:11
2015,26,48,22,,,126.81849246019992,37.19287991168224,126.82979564662655,37.21563058382531,2024-10-24 22:58:52
