idx,o,d,hour,o_h3,d_h3,o_x,o_y,d_x,d_y,time
0,23,42,7,,,126.82079064655157,37.191991011210995,126.83127684539139,37.1953391286061,2024-10-24 07:00:02
1,38,16,7,,,126.82516575715722,37.20123628348651,126.82264398621572,37.1938658860832,2024-10-24 07:00:38
2,21,33,7,,,126.81780578468621,37.196703439663544,126.82981602897661,37.20143535976462,2024-10-24 07:00:47
3,1,72,7,,,126.81558158734458,37.19726467409877,126.81176435727558,37.207380039532154,2024-10-24 07:02:02
4,66,65,7,,,126.83676851724628,37.204807165033785,126.83376485483123,37.19905232965306,2024-10-24 07:02:07
5,37,51,7,,,126.82109919649781,37.19766236673182,126.81974023017875,37.210586733708794,2024-10-24 07:02:42
6,51,53,7,,,126.81964493743612,37.209909074218366,126.828908093928,37.20699637368648,2024-10-24 07:03:09
7,37,51,7,,,126.82134513706988,37.19758196429279,126.8188089952935,37.21091534025097,2024-10-24 07:03:59
8,7,17,7,,,126.82675722885995,37.20712320494345,126.82556520340012,37.1963484161688,2024-10-24 07:04:44
9,50,60,7,,,126.82322091588473,37.21239826264712,126.83322292421556,37.21325552249898,2024-10-24 07:04:46
10,34,26,7,,,126.82126509241346,37.203082558995014,126.81843161209261,37.1934985195762,2024-10-24 07:04:50
11,27,35,7,,,126.82660152366667,37.19875636563891,126.8195450192027,37.201111783441114,2024-10-24 07:05:22
12,6,67,7,,,126.82408059409072,37.20385309162426,126.83377130081833,37.202356266028545,2024-10-24 07:06:36
13,37,21,7,,,126.82225931160396,37.19652478037021,126.8195146737148,37.197014928013196,2024-10-24 07:06:41
14,37,12,7,,,126.82171717384402,37.19654482905931,126.81846594964352,37.2053898466962,2024-10-24 07:06:43
15,1,67,7,,,126.8169006246932,37.19843068259389,126.83452824357185,37.20200110195936,2024-10-24 07:06:59
16,23,18,7,,,126.82041032471842,37.19253415918175,126.8239391797649,37.195966891580255,2024-10-24 07:07:15
17,42,41,7,,,126.83231709664362,37.19526588087561,126.83432698090533,37.1980038124219,2024-10-24 07:07:38
18,70,50,7,,,126.83714626481948,37.21009511307109,126.82253674363731,37.211122591514375,2024-10-24 07:07:49
19,39,50,7,,,126.82196926568213,37.201018330481816,126.82194288671522,37.210811409494724,2024-10-24 07:07:52
20,50,60,7,,,126.82198001870873,37.211940022201205,126.83271293508028,37.21262778100351,2024-10-24 07:08:30
21,67,38,7,,,126.8339131788247,37.202774346416,126.82409891624239,37.2022152264857,2024-10-24 07:08:37
22,20,5,7,,,126.81485124801482,37.192466088829676,126.82629674742925,37.20431024946574,2024-10-24 07:09:26
23,57,32,7,,,126.83198949726538,37.20386378231836,126.8314271315239,37.20105211525493,2024-10-24 07:09:26
24,23,37,7,,,126.82013653320702,37.19154094974726,126.82210561482837,37.198330603206465,2024-10-24 07:10:26
25,10,29,7,,,126.81642919117436,37.20907862427397,126.82772679515534,37.2019344732076,2024-10-24 07:11:06
26,61,7,7,,,126.83395951332403,37.2165060004663,126.82736967956771,37.20899300013117,2024-10-24 07:11:16
27,50,7,7,,,126.82204374510819,37.21197364261869,126.82790590258652,37.208893187948235,2024-10-24 07:12:14
28,37,18,7,,,126.82115797376281,37.19680402152804,126.82327832963136,37.1955327558702,2024-10-24 07:13:04
29,70,71,7,,,126.83819996203101,37.208691522254426,126.83925921624345,37.205243141322725,2024-10-24 07:13:32
30,48,50,7,,,126.83076870016319,37.215108007083735,126.82249914121059,37.211207870944406,2024-10-24 07:14:20
31,39,51,7,,,126.82089162693882,37.200674129442085,126.81922263255095,37.21068786504798,2024-10-24 07:14:22
32,38,21,7,,,126.82343376141625,37.201331481829364,126.81771426382836,37.19604089051296,2024-10-24 07:14:33
33,10,28,7,,,126.8167704295629,37.21007122967325,126.83020656629633,37.203388141026245,2024-10-24 07:15:53
34,37,51,7,,,126.8221439389216,37.19723115481379,126.8198525028627,37.210558739950486,2024-10-24 07:16:03
35,38,51,7,,,126.82348434194023,37.20105876661874,126.82010174459786,37.21108687903949,2024-10-24 07:16:40
36,37,19,7,,,126.82041151644388,37.198172575619296,126.82957812290354,37.19565087324661,2024-10-24 07:17:03
37,50,55,7,,,126.82225148920321,37.210589286742604,126.83059957119924,37.20915235717578,2024-10-24 07:17:23
38,69,5,7,,,126.83692983282828,37.20725751147716,126.82757330047247,37.20543051170267,2024-10-24 07:17:29
39,37,63,7,,,126.82169313026871,37.19683212211,126.83514902091198,37.21075180211397,2024-10-24 07:17:48
40,42,29,7,,,126.83143455488074,37.195438557108005,126.82697529970947,37.202811852457025,2024-10-24 07:17:52
41,18,54,7,,,126.82357810699662,37.19618302021383,126.83239588131198,37.210360540343736,2024-10-24 07:17:56
42,50,50,7,,,126.82257251668227,37.210577028069885,126.82295223052871,37.211191887898536,2024-10-24 07:18:07
43,2,33,7,,,126.8228462895283,37.20518058776068,126.82849976506418,37.20033897195459,2024-10-24 07:18:58
44,50,38,7,,,126.82239818552335,37.21120280593334,126.82485617060206,37.20167874867799,2024-10-24 07:19:03
45,51,37,7,,,126.81996054645921,37.21045029315004,126.8218975935962,37.19709398022198,2024-10-24 07:19:22
46,70,71,7,,,126.83863478550124,37.209691122755565,126.84093835482963,37.204739270450375,2024-10-24 07:21:17
47,55,37,7,,,126.83076940131147,37.21001259569553,126.82169929458969,37.19764890835668,2024-10-24 07:21:39
48,63,60,7,,,126.83611672919041,37.21094943130489,126.83379855750276,37.21256572491037,2024-10-24 07:22:18
49,50,48,7,,,126.821610057676,37.21237898795582,126.82979196897428,37.21568467492916,2024-10-24 07:22:36
50,32,37,7,,,126.83210706881452,37.20078857324179,126.8202751283451,37.19760048393998,2024-10-24 07:23:04
51,64,58,7,,,126.84165379347426,37.2027019226895,126.83421359574433,37.20937322580768,2024-10-24 07:23:53
52,47,7,7,,,126.82811768001258,37.211645098911816,126.8280992815817,37.20875296134014,2024-10-24 07:24:53
53,29,39,7,,,126.826888637662,37.20227671773133,126.82093382698822,37.199480913459546,2024-10-24 07:25:29
54,51,21,7,,,126.82050027583915,37.210774025020754,126.81817858094938,37.196573902674935,2024-10-24 07:25:52
55,50,26,7,,,126.82309656067497,37.21224484724099,126.81898631744102,37.192972558013,2024-10-24 07:26:06
56,59,65,7,,,126.83335450824154,37.208084673498426,126.83495512147762,37.19984961218368,2024-10-24 07:26:37
57,63,7,7,,,126.83568344873208,37.21145821576,126.82715865784796,37.207199451100465,2024-10-24 07:26:53
58,53,66,7,,,126.83007455349187,37.20578486717639,126.8378717248348,37.20291903120463,2024-10-24 07:27:16
59,37,24,7,,,126.82059002090993,37.19822848944218,126.81791047068143,37.18971685943024,2024-10-24 07:27:22
60,50,72,7,,,126.82248819912763,37.21189493050357,126.81197172601813,37.206559682260036,2024-10-24 07:27:28
61,37,4,7,,,126.82171889836606,37.197357653047234,126.82312393923469,37.209031780166534,2024-10-24 07:28:03
62,51,71,7,,,126.8198460065465,37.21119166294831,126.83982337056734,37.205425348362525,2024-10-24 07:28:17
63,57,44,7,,,126.83230864896152,37.20437731974167,126.82000347802463,37.188809490223555,2024-10-24 07:28:19
64,58,12,7,,,126.83567267101387,37.208237608227456,126.81828647549251,37.205680785741656,2024-10-24 07:28:40
65,64,55,7,,,126.84168036919888,37.20275802142162,126.83006538755569,37.20815128305275,2024-10-24 07:28:46
66,71,68,7,,,126.84032658384476,37.20591023166595,126.84024546336336,37.20283025904814,2024-10-24 07:29:35
67,72,50,7,,,126.81168536064358,37.20652827599623,126.82261119888041,37.21180142850321,2024-10-24 07:29:43
68,50,50,7,,,126.82240222029164,37.21171293138179,126.8225325502593,37.21127090454186,2024-10-24 07:29:47
69,54,53,7,,,126.83260117489955,37.209460152704956,126.82988028805039,37.20635916206894,2024-10-24 07:31:09
70,7,5,7,,,126.8282476638366,37.208104012359044,126.8271815304311,37.20497308546931,2024-10-24 07:31:21
71,50,26,7,,,126.82302044693424,37.211199830524066,126.81779899132422,37.19427033664963,2024-10-24 07:31:25
72,14,35,7,,,126.82045007490457,37.207362916137626,126.81913771435974,37.20225335792388,2024-10-24 07:31:33
73,51,37,7,,,126.82061432875506,37.21100685992842,126.82157844815713,37.19789552660304,2024-10-24 07:32:18
74,60,72,7,,,126.83256840835043,37.212067261318985,126.81145050048798,37.20753428584411,2024-10-24 07:33:09
75,40,48,7,,,126.83214306094226,37.192802140399536,126.83070340223654,37.21384547149444,2024-10-24 07:33:21
76,55,50,7,,,126.83080025892076,37.208965997992365,126.82169768998739,37.21139234089933,2024-10-24 07:34:27
77,71,58,7,,,126.83908071793289,37.20528374303964,126.83511348287922,37.20829877208381,2024-10-24 07:34:32
78,37,51,7,,,126.82063239658909,37.19658382664164,126.8200450898549,37.21060945934311,2024-10-24 07:34:40
79,28,7,7,,,126.82938462132344,37.20422618650368,126.8273800244862,37.20745515258702,2024-10-24 07:36:01
80,60,39,7,,,126.83369177195783,37.213608948020976,126.82103030293769,37.20021536402291,2024-10-24 07:37:16
81,51,26,7,,,126.81930241464622,37.21108683946882,126.81892466188478,37.19294805594767,2024-10-24 07:37:24
82,39,50,7,,,126.8218112097441,37.19983766257221,126.82164795640108,37.21237837368303,2024-10-24 07:37:51
83,71,54,7,,,126.83974982116317,37.20555392722425,126.832413030177,37.21005023052031,2024-10-24 07:38:38
84,37,51,7,,,126.8220995209288,37.19737718074538,126.81880842390714,37.21048164140075,2024-10-24 07:39:52
85,21,33,7,,,126.81863490989043,37.197335115603515,126.83003583278189,37.20160793961959,2024-10-24 07:40:40
86,51,26,7,,,126.81962464112819,37.210728800377616,126.8177805470318,37.19341201017651,2024-10-24 07:41:24
87,38,72,7,,,126.82478304816205,37.20228741906177,126.81197759355713,37.20723388345926,2024-10-24 07:41:45
88,20,51,7,,,126.81603039161746,37.19176700024577,126.81946419937104,37.21061220719167,2024-10-24 07:42:50
89,1,53,7,,,126.81659936655731,37.197299945755375,126.82904151332669,37.20578668200484,2024-10-24 07:43:39
90,17,50,7,,,126.82593537977927,37.19668734394677,126.82250211044062,37.210993768690564,2024-10-24 07:43:53
91,10,52,7,,,126.81728013368921,37.20848106735889,126.8301486270894,37.217627892482525,2024-10-24 07:44:14
92,50,37,7,,,126.8220358980747,37.21088677325183,126.82219452487523,37.198152309595216,2024-10-24 07:45:03
93,37,64,7,,,126.82117519581227,37.19771460528883,126.84338802530824,37.20411151502147,2024-10-24 07:45:51
94,14,62,7,,,126.82000765535848,37.20725257072294,126.83868683704516,37.21146725950542,2024-10-24 07:46:44
95,50,60,7,,,126.82286327432799,37.21193937367347,126.8326245922066,37.213350468687956,2024-10-24 07:46:53
96,54,47,7,,,126.83177232519483,37.21022938999473,126.8282221080975,37.21034553249365,2024-10-24 07:47:30
97,33,59,7,,,126.82877215694505,37.2009279887789,126.83316691836511,37.2081886176233,2024-10-24 07:48:19
98,56,56,7,,,126.83445215992228,37.20521437559467,126.83498903415315,37.20528233842979,2024-10-24 07:48:42
99,2,5,7,,,126.82202174634509,37.206169397636614,126.82725598053631,37.20465689795898,2024-10-24 07:48:52
100,22,56,7,,,126.81541961552698,37.196013845635434,126.83426603346918,37.20564409151905,2024-10-24 07:49:17
101,36,54,7,,,126.82408712002848,37.199375360827226,126.83324112727314,37.21013881654647,2024-10-24 07:49:22
102,28,53,7,,,126.82996424338867,37.20386105568571,126.83010581138892,37.206094882897226,2024-10-24 07:49:49
103,51,39,7,,,126.81931550367628,37.20988912632726,126.82077914023866,37.20085203085696,2024-10-24 07:51:16
104,37,22,7,,,126.82059336888834,37.198120995179984,126.81532033202387,37.19523342200558,2024-10-24 07:51:26
105,58,70,7,,,126.83508703893436,37.20861003529575,126.83741595850388,37.210425012613605,2024-10-24 07:52:15
106,56,50,7,,,126.83487792374225,37.20619826896362,126.82225911935883,37.210979005402805,2024-10-24 07:52:16
107,27,58,7,,,126.82694904438553,37.19883657975781,126.83446333338719,37.209352351961535,2024-10-24 07:52:16
108,21,39,7,,,126.81779978554744,37.19662479644019,126.82139187972682,37.20010843556914,2024-10-24 07:52:28
109,53,70,7,,,126.83031927828317,37.207067828708254,126.83842695291149,37.20897721157236,2024-10-24 07:52:34
110,71,50,7,,,126.84042393171089,37.204591821902504,126.8229718286055,37.21211156960247,2024-10-24 07:52:44
111,37,50,7,,,126.82169756321773,37.19753514035797,126.82197278982329,37.21081010732573,2024-10-24 07:53:28
112,37,40,7,,,126.82083124512504,37.197993862424745,126.83178775348466,37.19369308090259,2024-10-24 07:53:31
113,15,24,7,,,126.81632215111685,37.2061538632919,126.81901544659492,37.19013451436071,2024-10-24 07:54:57
114,36,62,7,,,126.82313368543481,37.198318452269035,126.83775182699033,37.21267334910935,2024-10-24 07:55:07
115,2,22,7,,,126.82244947811814,37.20660822940264,126.81573806622178,37.194581458387425,2024-10-24 07:55:15
116,7,11,7,,,126.82807233580452,37.20828883577513,126.81371048843259,37.207980403369,2024-10-24 07:56:37
117,42,20,7,,,126.8305579752352,37.19566875360341,126.81594365594506,37.19298927468836,2024-10-24 07:56:37
118,26,48,7,,,126.81783204885049,37.1941412401875,126.8305695472293,37.21422561689201,2024-10-24 07:56:46
119,46,23,7,,,126.83031573160991,37.21166660692192,126.81989709285186,37.19165269546783,2024-10-24 07:56:58
120,55,50,7,,,126.82950493255677,37.2090618653523,126.82265469704585,37.210994993150194,2024-10-24 07:58:48
121,50,21,7,,,126.82187570865453,37.21197062875283,126.81897923757653,37.195661268528994,2024-10-24 07:58:59
122,50,6,7,,,126.82297914823211,37.21082551720938,126.82421727146647,37.20348923760393,2024-10-24 07:59:01
123,63,10,7,,,126.83445801848538,37.21119782709684,126.81643349768125,37.20909647006811,2024-10-24 07:59:10
124,48,56,7,,,126.83067615636223,37.214556628486775,126.8357684917395,37.20495202596961,2024-10-24 07:59:42
125,17,21,7,,,126.82583087253438,37.19720546878304,126.81934604750802,37.196341335362014,2024-10-24 07:59:49
126,33,59,8,,,126.82891138507696,37.20023146083093,126.83344545223106,37.20755165304212,2024-10-24 08:00:10
127,9,5,8,,,126.81354572508198,37.204628013611085,126.82668986122881,37.20559959102548,2024-10-24 08:01:10
128,58,56,8,,,126.83509104329124,37.20758030541712,126.83528092470024,37.20544615380197,2024-10-24 08:02:07
129,51,21,8,,,126.81967991398564,37.21002811829892,126.8193511998173,37.195537256840275,2024-10-24 08:02:32
130,18,32,8,,,126.82382795727563,37.19663758245273,126.8312517847556,37.2021413395076,2024-10-24 08:03:06
131,50,7,8,,,126.82286971848056,37.212321747582614,126.82810730214554,37.208697233975485,2024-10-24 08:03:20
132,51,60,8,,,126.81918180254202,37.21099297831112,126.83302530521485,37.21226105944971,2024-10-24 08:03:27
133,27,50,8,,,126.82635310145834,37.19896022381756,126.82263019165659,37.212013399983285,2024-10-24 08:03:42
134,51,56,8,,,126.819074281872,37.2102156684157,126.83560479608505,37.204887238731125,2024-10-24 08:04:08
135,53,20,8,,,126.82987085304656,37.20695653397166,126.8162955351527,37.19261980240948,2024-10-24 08:04:41
136,23,24,8,,,126.82139869226799,37.1909123981211,126.81877810776888,37.19090263674818,2024-10-24 08:04:52
137,21,15,8,,,126.8179243082969,37.19565698702979,126.81579202081011,37.20567308693359,2024-10-24 08:05:32
138,27,6,8,,,126.82627609031259,37.19921409304911,126.82420103275976,37.20507550231691,2024-10-24 08:06:00
139,38,3,8,,,126.82457662993417,37.20184045182726,126.82417314078005,37.208967109117,2024-10-24 08:06:43
140,51,37,8,,,126.81992596917578,37.2110867752968,126.8208202269473,37.19830170984258,2024-10-24 08:06:45
141,51,50,8,,,126.81942933466468,37.21138124456686,126.8226690277918,37.212303906100026,2024-10-24 08:06:46
142,55,37,8,,,126.82903810975942,37.20943463176384,126.8218407159956,37.19645332436562,2024-10-24 08:07:30
143,23,19,8,,,126.82110870458233,37.191882246799494,126.8295194514379,37.19585165164758,2024-10-24 08:07:50
144,14,12,8,,,126.8191021240913,37.20804657391676,126.82014916669984,37.205274423801754,2024-10-24 08:08:14
145,37,19,8,,,126.82144110752576,37.19742818601142,126.8296145698667,37.19577422938388,2024-10-24 08:08:37
146,51,30,8,,,126.81943668777866,37.21019668079251,126.83216801281267,37.19982969030538,2024-10-24 08:09:15
147,50,37,8,,,126.82318618158044,37.21175700988255,126.82087861243504,37.19771628492894,2024-10-24 08:09:20
148,60,38,8,,,126.83244618126216,37.212140576145735,126.82426556114362,37.20158586588987,2024-10-24 08:10:07
149,38,51,8,,,126.82332678497684,37.2006596797394,126.81993408548476,37.2111610683275,2024-10-24 08:12:17
150,44,19,8,,,126.82129648016293,37.18997668888635,126.82862891771391,37.19424813529199,2024-10-24 08:13:35
151,71,33,8,,,126.839755641621,37.205683206227796,126.82854404400449,37.20077831381657,2024-10-24 08:15:18
152,20,27,8,,,126.81543018524276,37.19299842332172,126.82622424900507,37.20040206749002,2024-10-24 08:15:24
153,18,29,8,,,126.8233257745196,37.195410754728826,126.82610665189962,37.20281655453493,2024-10-24 08:15:31
154,54,9,8,,,126.83196699678444,37.209850593600706,126.813108203384,37.206242968981236,2024-10-24 08:15:54
155,55,50,8,,,126.82901811162687,37.20929022232275,126.82163289125972,37.211031248691825,2024-10-24 08:16:14
156,38,72,8,,,126.82433516253683,37.20131504694601,126.81191767641171,37.206640378962646,2024-10-24 08:16:26
157,2,38,8,,,126.82207156267324,37.20637058132471,126.8238416415153,37.20165608938216,2024-10-24 08:16:38
158,19,53,8,,,126.82939507600925,37.19427173188157,126.83034391912933,37.20650953359972,2024-10-24 08:16:56
159,23,38,8,,,126.82080102557421,37.191794066396305,126.82324856984388,37.20048059614507,2024-10-24 08:18:35
160,71,54,8,,,126.84066985637486,37.205136856540186,126.83362098162881,37.210883784816495,2024-10-24 08:19:01
161,21,72,8,,,126.81848474385306,37.19674884795922,126.81248968923867,37.2075507719142,2024-10-24 08:19:18
162,26,38,8,,,126.81815404873944,37.19385285765188,126.82324224253615,37.20184071198538,2024-10-24 08:19:40
163,23,37,8,,,126.82075083107607,37.19167142893942,126.82106576370546,37.197031786092246,2024-10-24 08:19:42
164,44,2,8,,,126.82043842712253,37.18925581916007,126.82262247123417,37.20536982520987,2024-10-24 08:20:25
165,38,37,8,,,126.82326083021287,37.20212656056537,126.82084748221907,37.198015890641486,2024-10-24 08:20:26
166,72,5,8,,,126.81134391399118,37.20801907711612,126.82636395214924,37.20457882783132,2024-10-24 08:21:05
167,72,54,8,,,126.81219553838963,37.207619194009546,126.83184180250451,37.21032866160707,2024-10-24 08:21:16
168,70,71,8,,,126.83797457023593,37.209242821670124,126.84036888623854,37.20441413414287,2024-10-24 08:21:19
169,37,12,8,,,126.82167120242919,37.19791301401429,126.81901956908402,37.20541147947961,2024-10-24 08:21:43
170,26,17,8,,,126.81906861041861,37.19386795759694,126.82679296679424,37.19642924756876,2024-10-24 08:21:55
171,1,57,8,,,126.81677772759558,37.19878070993908,126.83298668904852,37.20373544679845,2024-10-24 08:22:00
172,60,40,8,,,126.83309093297343,37.21277102047673,126.8313378449988,37.19288969338729,2024-10-24 08:22:11
173,50,37,8,,,126.82173065431319,37.211995475405054,126.8213395621851,37.196687923306655,2024-10-24 08:22:18
174,37,51,8,,,126.8210557133149,37.1976701225122,126.81935179592566,37.209580019771366,2024-10-24 08:23:06
175,5,10,8,,,126.82726975918443,37.20477533369097,126.81712175916866,37.21009847703024,2024-10-24 08:23:14
176,45,39,8,,,126.8260496894897,37.212731259822,126.82244032128332,37.19982936657557,2024-10-24 08:24:30
177,50,37,8,,,126.82320634812126,37.21156221842258,126.82077468683626,37.19808454895029,2024-10-24 08:24:58
178,38,42,8,,,126.82365724313989,37.20118108601698,126.83191448459972,37.19593949665341,2024-10-24 08:25:35
179,63,33,8,,,126.83526444702422,37.21095229344641,126.82850444505597,37.200497762164886,2024-10-24 08:28:14
180,55,51,8,,,126.83047788000991,37.209164687531846,126.82025069882631,37.21037188106106,2024-10-24 08:28:44
181,64,19,8,,,126.84202633632633,37.20287852550034,126.82923983118954,37.19594201379239,2024-10-24 08:29:08
182,60,48,8,,,126.83329970810013,37.21220756860245,126.83073666667168,37.215449459181706,2024-10-24 08:29:22
183,23,38,8,,,126.82102086241741,37.192262189888645,126.82362669710696,37.20037144222604,2024-10-24 08:29:29
184,37,21,8,,,126.82208163002252,37.19662302710664,126.81786499203217,37.19537356803886,2024-10-24 08:30:03
185,50,37,8,,,126.82210909663836,37.21056724273767,126.82208000229177,37.196686427323996,2024-10-24 08:30:05
186,21,38,8,,,126.81851650615826,37.196721615114605,126.82374505805471,37.20038499215203,2024-10-24 08:30:45
187,51,59,8,,,126.81911887637854,37.209602735977846,126.83338983418874,37.20765676343434,2024-10-24 08:31:02
188,50,60,8,,,126.82287739737937,37.21123768499241,126.83265820026158,37.21253353449559,2024-10-24 08:31:02
189,39,21,8,,,126.82050322717707,37.19974955848412,126.81937910004744,37.196952138996984,2024-10-24 08:31:22
190,51,21,8,,,126.81929904509674,37.211238164407064,126.81785623522525,37.196159464554626,2024-10-24 08:31:41
191,64,58,8,,,126.84318010051031,37.20238774497433,126.83432620833437,37.20764511480553,2024-10-24 08:32:22
192,18,54,8,,,126.82285192621227,37.194917166871974,126.8328259307375,37.21017696761442,2024-10-24 08:32:36
193,18,51,8,,,126.82308996668282,37.1955699301868,126.82057679194122,37.20952214256457,2024-10-24 08:32:40
194,31,4,8,,,126.82857768308232,37.19881077490382,126.82192278083845,37.20878758122571,2024-10-24 08:32:56
195,34,9,8,,,126.82160123267161,37.2037847679448,126.81376741219246,37.20541058968108,2024-10-24 08:33:25
196,59,47,8,,,126.83233477222333,37.20780258022708,126.8271696590423,37.21164566946457,2024-10-24 08:33:28
197,4,44,8,,,126.82151928852628,37.209386956744574,126.82118547395926,37.18840218145571,2024-10-24 08:33:44
198,30,51,8,,,126.83135876794992,37.199796234888424,126.81952564543356,37.21083021239006,2024-10-24 08:34:01
199,56,38,8,,,126.83481274054793,37.205830251328685,126.82439906194809,37.20076281195411,2024-10-24 08:35:02
200,27,33,8,,,126.82563184487493,37.20023491314131,126.82923822606739,37.201404517833005,2024-10-24 08:35:07
201,8,10,8,,,126.82378776287914,37.20784671875482,126.81698733280652,37.20977841166794,2024-10-24 08:35:16
202,24,43,8,,,126.8189617727421,37.19101556765241,126.82344436938413,37.18942141244429,2024-10-24 08:35:25
203,1,21,8,,,126.81604601310106,37.198626566519785,126.81876163043837,37.19699434203987,2024-10-24 08:36:44
204,51,32,8,,,126.82017920277721,37.21025764263704,126.83182899482455,37.2010555505266,2024-10-24 08:36:52
205,11,63,8,,,126.81473162113646,37.207918715911056,126.8348602565708,37.21081626306269,2024-10-24 08:37:34
206,50,48,8,,,126.82296073810947,37.211232063773984,126.83050797795846,37.213771711017316,2024-10-24 08:38:02
207,51,9,8,,,126.8199148291394,37.21007540169384,126.8143733401258,37.205737211671256,2024-10-24 08:38:19
208,67,30,8,,,126.8339288625032,37.20248651625694,126.83210572586941,37.198638124927825,2024-10-24 08:38:20
209,10,37,8,,,126.81711712302284,37.209076303241055,126.82225400959506,37.19711111849945,2024-10-24 08:39:42
210,20,43,8,,,126.8152801896791,37.19342709876325,126.82349297195806,37.19030048879198,2024-10-24 08:40:10
211,33,27,8,,,126.83007292588772,37.20068226464755,126.82618203754568,37.200313112603624,2024-10-24 08:40:55
212,50,21,8,,,126.82289052881978,37.21100176727526,126.8189383913886,37.196877814392025,2024-10-24 08:42:23
213,24,51,8,,,126.81906773763838,37.19134103856262,126.81951136093454,37.21035940992013,2024-10-24 08:43:20
214,51,8,8,,,126.81891135695209,37.21129997291377,126.82366658625452,37.20641823740369,2024-10-24 08:43:35
215,72,14,8,,,126.81092561645801,37.20697757076206,126.81853234240006,37.207870349279425,2024-10-24 08:44:52
216,71,59,8,,,126.83959030908287,37.205647578111446,126.83285304511034,37.20673860974121,2024-10-24 08:44:54
217,47,1,8,,,126.82654163133432,37.210638747416155,126.81667288878934,37.19880741841444,2024-10-24 08:44:56
218,37,18,8,,,126.82156478466993,37.19800839103256,126.82465088821877,37.19499320323094,2024-10-24 08:45:18
219,23,50,8,,,126.82096592910473,37.192435964532585,126.82172975562817,37.21202673168352,2024-10-24 08:45:53
220,23,42,8,,,126.82096383335396,37.192465039269884,126.83255002869078,37.19701696571107,2024-10-24 08:46:01
221,37,51,8,,,126.82102076546218,37.198142288079495,126.82013209959813,37.210052711438074,2024-10-24 08:46:02
222,43,50,8,,,126.82242143393414,37.19015163042504,126.82335467756273,37.212390984945046,2024-10-24 08:46:15
223,37,51,8,,,126.82225559851305,37.19826546190872,126.81956260769154,37.21091292186369,2024-10-24 08:46:43
224,19,28,8,,,126.82816458428755,37.19414204690574,126.82914601646672,37.20360699961568,2024-10-24 08:46:51
225,16,51,8,,,126.82293023405329,37.19224399287237,126.82014383474987,37.210387786304636,2024-10-24 08:47:06
226,51,39,8,,,126.81958143091981,37.21016044904768,126.82219533270077,37.20114001540751,2024-10-24 08:47:07
227,37,3,8,,,126.821026688365,37.19690121479949,126.8246619613977,37.21047812058833,2024-10-24 08:47:36
228,28,34,8,,,126.82859608432793,37.20345074401541,126.82230676535207,37.20331429130941,2024-10-24 08:47:40
229,28,37,8,,,126.82964002345705,37.20279807674912,126.8204471650697,37.19752810652926,2024-10-24 08:48:27
230,58,37,8,,,126.83586704128476,37.20902510859408,126.82117683171133,37.197466506140586,2024-10-24 08:49:38
231,66,33,8,,,126.83663002678871,37.203653235287106,126.83022752262511,37.1997857448203,2024-10-24 08:50:26
232,20,58,8,,,126.81619490339918,37.19164550339187,126.83466237171983,37.20870968466294,2024-10-24 08:50:31
233,72,23,8,,,126.8113942559611,37.20723696745137,126.82012825368722,37.191700413623415,2024-10-24 08:50:56
234,70,71,8,,,126.83865042054109,37.209385403010266,126.83963067244785,37.20409154869147,2024-10-24 08:51:13
235,8,38,8,,,126.82456872317678,37.20643124147151,126.8240651973747,37.20174339725421,2024-10-24 08:51:45
236,37,51,8,,,126.82134277869253,37.19739949868194,126.81916420523389,37.210654308053414,2024-10-24 08:51:50
237,28,3,8,,,126.82907245791958,37.20258454397188,126.82441646949657,37.20902812109425,2024-10-24 08:51:52
238,17,50,8,,,126.82597161685283,37.19681891397982,126.82176760932848,37.210701565891355,2024-10-24 08:51:53
239,34,21,8,,,126.82161882711925,37.20314110688132,126.81795398594765,37.19598642754349,2024-10-24 08:52:04
240,62,39,8,,,126.83877421648855,37.2124580540671,126.82226061435814,37.20009904495114,2024-10-24 08:52:29
241,50,18,8,,,126.82259350416862,37.21209823391419,126.82399447509805,37.195393634502196,2024-10-24 08:52:57
242,23,18,8,,,126.82099301431393,37.192375617532164,126.82311687776955,37.196296803951086,2024-10-24 08:53:46
243,33,46,8,,,126.82899402386364,37.20137460762431,126.82974502674256,37.21250360976443,2024-10-24 08:53:55
244,50,38,8,,,126.82330516075804,37.21073085309008,126.82510184869444,37.20060122647128,2024-10-24 08:54:54
245,71,58,8,,,126.84040536705514,37.20523210414247,126.83535106930034,37.208572134112465,2024-10-24 08:55:52
246,50,37,8,,,126.82331414232463,37.21238888930737,126.82200154058579,37.197013886609504,2024-10-24 08:56:17
247,29,39,8,,,126.82677638176828,37.20322637732047,126.82214871866171,37.199473837365986,2024-10-24 08:57:26
248,54,71,8,,,126.83364694303329,37.211161530757536,126.84065244127967,37.20506908744525,2024-10-24 08:58:36
249,50,38,8,,,126.8227281866329,37.211853161124615,126.82486033723896,37.20111453543168,2024-10-24 08:58:43
250,18,50,8,,,126.82292641463562,37.196194576942105,126.82194805282657,37.210525044481926,2024-10-24 08:59:17
251,37,39,8,,,126.82056946910468,37.19773316636401,126.82242283957531,37.20017788626978,2024-10-24 08:59:27
252,10,54,9,,,126.81616590233658,37.209257770840445,126.83253045699716,37.2098195957552,2024-10-24 09:01:16
253,49,70,9,,,126.8272214492146,37.21291521602524,126.83754303436423,37.20982985505014,2024-10-24 09:02:22
254,38,21,9,,,126.82494042904676,37.20190193086773,126.81819683296611,37.19597406448313,2024-10-24 09:02:59
255,63,72,9,,,126.83549801250616,37.21107559345077,126.81174831300295,37.20656531267783,2024-10-24 09:03:05
256,1,24,9,,,126.81662513731605,37.19738844342585,126.8172927902213,37.1898120736584,2024-10-24 09:03:35
257,17,50,9,,,126.82597977351148,37.196507115440575,126.82333411123737,37.21178984661433,2024-10-24 09:03:53
258,21,3,9,,,126.81869260762508,37.19600225435327,126.82434440277653,37.209539223045795,2024-10-24 09:04:29
259,56,38,9,,,126.83422489060214,37.206020146436295,126.82409773259107,37.2011509559337,2024-10-24 09:04:58
260,64,15,9,,,126.84241726549463,37.20302617600802,126.81743729200082,37.206622671374824,2024-10-24 09:05:01
261,51,39,9,,,126.8193287200886,37.209670042694725,126.82141609871341,37.19938723510734,2024-10-24 09:05:02
262,47,21,9,,,126.82733785586582,37.21118950371212,126.81907647716876,37.19636904488196,2024-10-24 09:05:07
263,52,44,9,,,126.83092911942187,37.21706082334643,126.81984014983585,37.18907962458631,2024-10-24 09:05:23
264,18,51,9,,,126.8237353749767,37.19591900936736,126.81980329749037,37.210344812448064,2024-10-24 09:06:09
265,59,17,9,,,126.83333841735,37.20647898818089,126.82624188893294,37.197497967942326,2024-10-24 09:06:36
266,20,50,9,,,126.81634418354696,37.19306896986497,126.82154803243635,37.212465284837364,2024-10-24 09:07:03
267,58,37,9,,,126.83506602460332,37.20809688637493,126.82075658443219,37.19695854706006,2024-10-24 09:07:14
268,37,51,9,,,126.82135277415755,37.19651227508775,126.81904484300179,37.21104640686132,2024-10-24 09:09:06
269,38,3,9,,,126.82472122907492,37.20044591351533,126.82442729634894,37.20968145379125,2024-10-24 09:09:12
270,71,33,9,,,126.84028154987469,37.2046445882268,126.83029550485254,37.199990786956114,2024-10-24 09:09:32
271,17,4,9,,,126.82634346161333,37.196649165874284,126.82274826817026,37.208947821311995,2024-10-24 09:10:18
272,47,36,9,,,126.82681099433952,37.21175271472689,126.82450765778131,37.198719478152704,2024-10-24 09:10:55
273,23,50,9,,,126.81990081999143,37.19223548803768,126.82281854551988,37.21122911250344,2024-10-24 09:11:18
274,7,17,9,,,126.82736659700439,37.20728992757966,126.82652306658163,37.19622986167375,2024-10-24 09:11:59
275,51,60,9,,,126.81895273066328,37.210954952404926,126.83363257251787,37.21301493925199,2024-10-24 09:12:25
276,19,5,9,,,126.82881744717449,37.19467788228291,126.82620119656876,37.20451773886828,2024-10-24 09:12:51
277,59,28,9,,,126.83244417864873,37.20790402034756,126.82953586485984,37.203510770099975,2024-10-24 09:12:57
278,39,21,9,,,126.8222087093751,37.19981112685891,126.81888814393535,37.19543848091153,2024-10-24 09:13:02
279,50,37,9,,,126.82308502675306,37.210745788518985,126.82205810472871,37.197327689081646,2024-10-24 09:13:39
280,13,12,9,,,126.81607511796885,37.202913301408,126.81855315115705,37.20413565971936,2024-10-24 09:16:07
281,37,3,9,,,126.82035624556038,37.19702590610033,126.82542820942388,37.209605745723856,2024-10-24 09:16:13
282,24,37,9,,,126.81874687490843,37.19033148446666,126.82193097345258,37.19736163492122,2024-10-24 09:16:19
283,60,69,9,,,126.83260193944075,37.21243950052415,126.83758404294859,37.2058247960897,2024-10-24 09:16:26
284,39,26,9,,,126.8212204706628,37.19948785508429,126.81883975964085,37.194306663611926,2024-10-24 09:18:39
285,28,35,9,,,126.82885897011153,37.20264907067225,126.81905052034806,37.20187199684492,2024-10-24 09:19:27
286,56,32,9,,,126.83551810601655,37.2056088089293,126.83159409351254,37.202116486404165,2024-10-24 09:20:37
287,54,59,9,,,126.83185874523832,37.21042233105046,126.83263126445524,37.20765975245188,2024-10-24 09:20:40
288,60,24,9,,,126.83207624745312,37.213003952225186,126.81804408845062,37.19049903304177,2024-10-24 09:21:03
289,11,38,9,,,126.81522113987074,37.20760087967782,126.82454806835769,37.20123990624506,2024-10-24 09:22:10
290,46,46,9,,,126.8298236731286,37.21225001339582,126.83006291356219,37.21213341820836,2024-10-24 09:22:23
291,70,50,9,,,126.8378573986198,37.21014746100913,126.82316563755646,37.21079839500433,2024-10-24 09:22:44
292,56,56,9,,,126.83453389470661,37.20585623981859,126.83537712921773,37.20607964506317,2024-10-24 09:23:13
293,32,50,9,,,126.83182901958132,37.202607448576025,126.82212729714766,37.211293421606115,2024-10-24 09:23:51
294,50,60,9,,,126.82162209908246,37.211518025165525,126.83217390300712,37.21241117242145,2024-10-24 09:24:40
295,11,44,9,,,126.81501487997171,37.20743339307926,126.82076755182221,37.188464574704994,2024-10-24 09:24:42
296,26,38,9,,,126.81849398301655,37.193884304228035,126.82470772537947,37.201200907248285,2024-10-24 09:25:06
297,28,18,9,,,126.82874352490654,37.20359040191236,126.8244235714382,37.19638077714399,2024-10-24 09:25:20
298,37,33,9,,,126.82029323112936,37.1969309042333,126.82900387836375,37.20124282289692,2024-10-24 09:25:29
299,21,39,9,,,126.81823363430875,37.19662985936976,126.82189009405847,37.19949449259601,2024-10-24 09:25:42
300,23,38,9,,,126.82017512706986,37.19110162756471,126.82441832923543,37.20170540372299,2024-10-24 09:25:43
301,33,27,9,,,126.82906409872426,37.20165483356684,126.82749119454954,37.19864143382583,2024-10-24 09:26:21
302,39,50,9,,,126.82085806674934,37.19991697832462,126.82211406802622,37.2118846506574,2024-10-24 09:26:23
303,38,51,9,,,126.82425490967083,37.20229795784586,126.82020124658533,37.20992601666062,2024-10-24 09:27:11
304,11,16,9,,,126.81416129917177,37.208676131239805,126.82253917789157,37.19210403993282,2024-10-24 09:27:36
305,63,67,9,,,126.83488639501799,37.210542300096726,126.83449090807672,37.20255877957366,2024-10-24 09:29:25
306,1,72,9,,,126.81608758896758,37.19840116100466,126.81118820083843,37.207060090447456,2024-10-24 09:30:14
307,50,21,9,,,126.82252721772896,37.21202668261877,126.81837274929215,37.1964017926061,2024-10-24 09:30:18
308,24,9,9,,,126.81863440949647,37.19093373951779,126.81357053816971,37.20600950762884,2024-10-24 09:30:19
309,50,37,9,,,126.82300040060902,37.21249503848322,126.82223389598641,37.19835872618388,2024-10-24 09:30:23
310,50,37,9,,,126.82260312853782,37.210929654526026,126.82225800435415,37.19781156499324,2024-10-24 09:30:27
311,37,4,9,,,126.82193412210835,37.19654921801318,126.82222771638058,37.20868470951642,2024-10-24 09:31:12
312,71,54,9,,,126.83965499476203,37.2054061361444,126.83240860404429,37.21082497216033,2024-10-24 09:33:26
313,37,28,9,,,126.82104165413226,37.197531907615996,126.82980968702597,37.203421590577825,2024-10-24 09:34:39
314,22,47,9,,,126.81561803276344,37.19498579594737,126.82695382072522,37.21020766178008,2024-10-24 09:34:42
315,51,50,9,,,126.82045058505099,37.21010841869161,126.82265896203103,37.212061039532855,2024-10-24 09:35:19
316,50,26,9,,,126.82250271959381,37.21127448843526,126.8178737237721,37.19305124393108,2024-10-24 09:35:20
317,20,56,9,,,126.81539722510983,37.19266664705496,126.83468356282717,37.20647879287118,2024-10-24 09:35:41
318,37,21,9,,,126.82039610531295,37.19837291269306,126.8185913365934,37.196394991733676,2024-10-24 09:35:44
319,11,55,9,,,126.81506696008448,37.20741442749163,126.82942969357764,37.20960412613157,2024-10-24 09:35:46
320,23,38,9,,,126.82048696387945,37.19086861702679,126.82343094635837,37.201852327650165,2024-10-24 09:35:56
321,36,53,9,,,126.82416279404005,37.19938478424474,126.83031478273492,37.20614340781513,2024-10-24 09:37:27
322,51,37,9,,,126.82046315764136,37.209678931589636,126.82105706662868,37.196555099921696,2024-10-24 09:37:39
323,50,7,9,,,126.82168625049908,37.21056528432314,126.82704336132375,37.207931401313566,2024-10-24 09:38:43
324,54,71,9,,,126.83298935417132,37.209501863027604,126.84026569144828,37.2054299220684,2024-10-24 09:39:38
325,21,38,9,,,126.81941017411036,37.19667009705505,126.82448095771159,37.20094017591637,2024-10-24 09:39:46
326,17,6,9,,,126.82642029321686,37.19588198448202,126.82429651037317,37.203755948564506,2024-10-24 09:40:22
327,2,23,9,,,126.82226612850135,37.20584289426779,126.8206039619277,37.19088395676728,2024-10-24 09:40:29
328,4,55,9,,,126.82156445506067,37.207794614988984,126.83052124851446,37.2100031646531,2024-10-24 09:40:54
329,45,61,9,,,126.82442521837432,37.21357183229133,126.83232562589826,37.21541252197819,2024-10-24 09:41:07
330,67,27,9,,,126.83468455573963,37.202845469326554,126.82590361548718,37.1986756654397,2024-10-24 09:41:07
331,46,65,9,,,126.82975979213657,37.21292447614845,126.83535589889686,37.20097162417681,2024-10-24 09:41:58
332,37,18,9,,,126.82140207409918,37.19712923579041,126.82405766914788,37.195063620414125,2024-10-24 09:41:58
333,34,26,9,,,126.82086658942806,37.20206474915201,126.81902307042839,37.193039538434775,2024-10-24 09:42:00
334,55,51,9,,,126.82998262558012,37.209390498863065,126.81927400806129,37.210673717150804,2024-10-24 09:42:11
335,64,51,9,,,126.8417541787728,37.203614275638294,126.81948247217315,37.211369554761035,2024-10-24 09:42:32
336,37,12,9,,,126.82074462293598,37.19745435517158,126.81910588936525,37.20407581535497,2024-10-24 09:43:08
337,55,50,9,,,126.82951586127551,37.20965456121623,126.82252364857719,37.21092213043458,2024-10-24 09:43:47
338,16,35,9,,,126.8237465083324,37.19314428982562,126.819278249686,37.20270185215384,2024-10-24 09:43:53
339,20,55,9,,,126.81516491663766,37.19179215406519,126.82986539304338,37.20898803302727,2024-10-24 09:44:06
340,50,26,9,,,126.82330041427683,37.21105789320777,126.81772524032877,37.19257951725963,2024-10-24 09:44:20
341,21,38,9,,,126.81876676365654,37.1961267888117,126.82378801205036,37.2021957168404,2024-10-24 09:45:12
342,50,39,9,,,126.82150925232894,37.211195364264654,126.82226709567887,37.20032324779026,2024-10-24 09:45:35
343,10,37,9,,,126.81615432810601,37.20995066271287,126.82034535119026,37.1981471324352,2024-10-24 09:45:36
344,71,58,9,,,126.83988849417142,37.20420786571051,126.83593061367762,37.20807401026955,2024-10-24 09:45:59
345,46,50,9,,,126.83010494073577,37.211815991715106,126.82320258863399,37.211954142466595,2024-10-24 09:47:05
346,52,15,9,,,126.83155397151272,37.2170105532979,126.81635476598544,37.20656075278259,2024-10-24 09:48:25
347,51,39,9,,,126.81974605605734,37.21085712844999,126.82213111111318,37.200777234168555,2024-10-24 09:48:56
348,37,50,9,,,126.82046807440213,37.19773781251118,126.82289273202518,37.21166432031829,2024-10-24 09:50:02
349,21,48,9,,,126.81940157717116,37.19733720106896,126.83077574542209,37.213930779637245,2024-10-24 09:50:26
350,71,50,9,,,126.84024286294381,37.205673860386256,126.8223988023738,37.21151514364758,2024-10-24 09:50:28
351,15,8,9,,,126.81694560554432,37.20665042816236,126.82538063326841,37.207312860555895,2024-10-24 09:51:30
352,2,13,9,,,126.82162220909484,37.20589432137266,126.8169196173107,37.202929471896844,2024-10-24 09:51:32
353,15,4,9,,,126.81614096162279,37.206833975216824,126.82214384286199,37.209230747250444,2024-10-24 09:51:49
354,6,38,9,,,126.82404892735764,37.203646171871334,126.82466287652238,37.200335172254405,2024-10-24 09:52:10
355,22,59,9,,,126.81534592351855,37.19523468159642,126.83160197773321,37.20665290830364,2024-10-24 09:52:18
356,20,71,9,,,126.81586520091523,37.19212377053601,126.84035002434649,37.205567110394654,2024-10-24 09:52:52
357,12,64,9,,,126.81970216979039,37.204487412205424,126.84314663074485,37.203891375561106,2024-10-24 09:52:59
358,27,50,9,,,126.82668446231696,37.19934880360315,126.82301315665146,37.21243304998159,2024-10-24 09:53:07
359,38,1,9,,,126.8251304866471,37.20168907757409,126.81548082155463,37.19803434596228,2024-10-24 09:53:11
360,11,64,9,,,126.81434687782117,37.207593398732755,126.842536460858,37.20248153163774,2024-10-24 09:53:11
361,51,37,9,,,126.81941645779658,37.2104074330051,126.82119555834572,37.19756815852539,2024-10-24 09:53:57
362,18,54,9,,,126.82280328476975,37.19616683468149,126.83281520179746,37.21101157440699,2024-10-24 09:54:03
363,67,17,9,,,126.83480006360902,37.203800799622975,126.82569415416502,37.196500852988024,2024-10-24 09:54:15
364,43,35,9,,,126.82387600630838,37.19009698585691,126.8181816688843,37.20242752105286,2024-10-24 09:54:25
365,28,9,9,,,126.83028434928316,37.20369064731666,126.81406371359196,37.204546266516495,2024-10-24 09:54:41
366,34,21,9,,,126.82237035885738,37.202999156621495,126.81851490145455,37.19686055515256,2024-10-24 09:56:38
367,28,65,9,,,126.83043117196907,37.2033562655419,126.8343623461201,37.199455645632234,2024-10-24 09:56:43
368,51,71,9,,,126.81900069568131,37.20966771137149,126.83970073513487,37.20431797069131,2024-10-24 09:56:45
369,33,70,9,,,126.82898485408926,37.20109519140941,126.83689533958137,37.20883162791238,2024-10-24 09:57:17
370,55,26,9,,,126.8290689380669,37.20996037592928,126.8175155899396,37.19425525296114,2024-10-24 09:57:31
371,63,6,9,,,126.83529862292514,37.21158295028252,126.82508702737655,37.20420851436187,2024-10-24 09:57:32
372,23,18,9,,,126.82082881456097,37.192369362389414,126.82419852734803,37.19576853410735,2024-10-24 09:57:38
373,50,50,9,,,126.82279850175472,37.21081552417382,126.8217275561918,37.21190095218711,2024-10-24 09:58:07
374,21,38,9,,,126.81938936659456,37.19665600101585,126.82383557234765,37.20206627176539,2024-10-24 09:58:08
375,58,16,9,,,126.8349305126836,37.20814939572353,126.82352742504169,37.19339502317708,2024-10-24 09:58:45
376,59,22,9,,,126.83307460325749,37.208182399251434,126.81633509428312,37.19612964282518,2024-10-24 09:59:04
377,72,36,9,,,126.81069516145963,37.20755208937646,126.82487917523417,37.19845351277423,2024-10-24 09:59:32
378,71,12,10,,,126.83971984806318,37.20588630345632,126.81985556450296,37.20502904605023,2024-10-24 10:00:27
379,50,39,10,,,126.82220205118874,37.2115649386452,126.82192881775741,37.199272357363014,2024-10-24 10:00:27
380,25,43,10,,,126.82075618512293,37.19413144899992,126.82360928236318,37.18953103930468,2024-10-24 10:00:46
381,65,65,10,,,126.83423568925842,37.19959526432101,126.83526236222937,37.19918096865228,2024-10-24 10:00:50
382,21,33,10,,,126.8183706703488,37.19733721644921,126.83018749086698,37.200656550659005,2024-10-24 10:02:28
383,21,5,10,,,126.8179268107512,37.19716933229437,126.82642902658364,37.20598050666122,2024-10-24 10:02:32
384,50,21,10,,,126.82220415861713,37.21202919136232,126.8180395479844,37.197027962276685,2024-10-24 10:03:18
385,37,19,10,,,126.82034922012724,37.196913072013594,126.82894570873641,37.19491275438013,2024-10-24 10:03:19
386,38,51,10,,,126.82510442065261,37.20144448434044,126.8189628502498,37.21053396264661,2024-10-24 10:03:56
387,50,7,10,,,126.82305751115949,37.21154840250598,126.82793742413035,37.20718021699902,2024-10-24 10:04:00
388,37,18,10,,,126.82032789921864,37.196625397137346,126.82412781187577,37.19588456238399,2024-10-24 10:04:35
389,33,14,10,,,126.82925841577911,37.201638057360526,126.81883099085695,37.207178186667896,2024-10-24 10:04:42
390,55,50,10,,,126.8301144658591,37.208711070257806,126.82307825902288,37.21163390551496,2024-10-24 10:05:15
391,19,1,10,,,126.828141123187,37.19539721273031,126.81707208698145,37.19900632115349,2024-10-24 10:06:51
392,23,34,10,,,126.82048351936291,37.192650031734104,126.82199076270456,37.20296294491171,2024-10-24 10:07:19
393,33,17,10,,,126.83027093994727,37.20119743823021,126.82624634332404,37.19706140187779,2024-10-24 10:09:14
394,24,12,10,,,126.81900127794025,37.19066745687052,126.8190145603604,37.20380232191555,2024-10-24 10:09:35
395,2,17,10,,,126.82141625650416,37.20651295134331,126.82680666126856,37.196914780784404,2024-10-24 10:10:05
396,20,3,10,,,126.81653949338765,37.19226085114541,126.82479530824747,37.21052289387938,2024-10-24 10:10:46
397,37,3,10,,,126.82171079455895,37.198298424433425,126.82545936757367,37.20899178391388,2024-10-24 10:12:52
398,2,32,10,,,126.82155924835077,37.204907503496074,126.83238022629152,37.201049367238014,2024-10-24 10:13:01
399,23,38,10,,,126.82047480332918,37.192410749798555,126.82446541895294,37.20178195090889,2024-10-24 10:13:09
400,20,20,10,,,126.8152439192656,37.19295885836114,126.81478775436295,37.19201786692493,2024-10-24 10:13:36
401,55,50,10,,,126.83049105839955,37.209286588686815,126.8221759662131,37.211925936475076,2024-10-24 10:14:08
402,37,51,10,,,126.82081105450816,37.19725072412405,126.81987799899217,37.21053282536642,2024-10-24 10:15:05
403,18,60,10,,,126.82282622155572,37.195964881737346,126.83333086537553,37.21283581441119,2024-10-24 10:15:24
404,38,21,10,,,126.82377032111312,37.20201839430579,126.81918823352011,37.19675802643801,2024-10-24 10:16:27
405,51,17,10,,,126.81974757671848,37.20980325324419,126.82594026891962,37.197400069023026,2024-10-24 10:16:27
406,67,21,10,,,126.83402356577928,37.2029711451556,126.81785436131815,37.19610433689001,2024-10-24 10:16:34
407,39,21,10,,,126.82114495830142,37.19974889635902,126.8184762548519,37.19550101370982,2024-10-24 10:16:34
408,60,38,10,,,126.83206022528238,37.21343542874445,126.82459220258508,37.200628154369,2024-10-24 10:16:49
409,14,52,10,,,126.81892076227928,37.207720178555725,126.83025423436965,37.218505433983644,2024-10-24 10:19:02
410,44,2,10,,,126.82065710950043,37.188739265244095,126.82145498663866,37.20558814787216,2024-10-24 10:19:19
411,14,62,10,,,126.81985150802642,37.208013807127784,126.83800283870355,37.21233338976935,2024-10-24 10:19:43
412,67,56,10,,,126.83383824265528,37.202795686921974,126.83440190984481,37.20514631876853,2024-10-24 10:20:27
413,67,34,10,,,126.83397626957378,37.2023640378884,126.82126006162872,37.20238866155692,2024-10-24 10:20:33
414,62,52,10,,,126.83856592483954,37.212244855340316,126.8298335997038,37.21676407555669,2024-10-24 10:21:02
415,71,34,10,,,126.83985189279764,37.20434393107416,126.8221778866164,37.202692522085044,2024-10-24 10:21:26
416,71,15,10,,,126.83991664607446,37.20486910237449,126.81708874308164,37.207170027676064,2024-10-24 10:22:29
417,41,37,10,,,126.83505378864834,37.19680233133004,126.8206407940624,37.196847219255254,2024-10-24 10:22:43
418,49,10,10,,,126.82839264233316,37.213177409491905,126.81729356602162,37.21027127887424,2024-10-24 10:23:02
419,38,3,10,,,126.82451153332501,37.20220288526093,126.82447788012122,37.21033770382831,2024-10-24 10:23:30
420,18,50,10,,,126.82403318344313,37.1965370118543,126.82180734778845,37.211995190674614,2024-10-24 10:23:38
421,64,5,10,,,126.84271040584393,37.203361917968856,126.8278048855231,37.2057848941634,2024-10-24 10:24:09
422,28,71,10,,,126.82966668288759,37.2026375258658,126.84015071212998,37.20411217262664,2024-10-24 10:24:41
423,27,18,10,,,126.82606779994191,37.19981430963106,126.82302761047141,37.19495613015492,2024-10-24 10:25:05
424,39,50,10,,,126.82193360173878,37.19942383306086,126.82191629734801,37.210881476912036,2024-10-24 10:25:19
425,49,2,10,,,126.82724091848652,37.21380233500204,126.82281879247398,37.20597091382609,2024-10-24 10:25:55
426,33,59,10,,,126.83014850353078,37.20056285712969,126.83160814754987,37.207132770296546,2024-10-24 10:26:06
427,31,7,10,,,126.82809625221334,37.197359200076754,126.82644749136047,37.20746735879349,2024-10-24 10:27:01
428,51,18,10,,,126.82061326033599,37.20957742761784,126.82320765513042,37.19560698808163,2024-10-24 10:27:05
429,6,45,10,,,126.82461563876555,37.204138771872515,126.82576105939214,37.21252484688938,2024-10-24 10:28:00
430,38,5,10,,,126.82376862526439,37.20113623079493,126.82715330569734,37.204583774672386,2024-10-24 10:28:25
431,37,12,10,,,126.82213322252791,37.19765345012558,126.81872874416733,37.20556674435839,2024-10-24 10:28:37
432,33,10,10,,,126.82844179320165,37.200354840597484,126.81787934271058,37.21032650966069,2024-10-24 10:28:55
433,23,50,10,,,126.81998691067521,37.19182368335999,126.8217489365744,37.211839025382,2024-10-24 10:29:11
434,63,3,10,,,126.83546692921962,37.21117211756278,126.82389293501463,37.209582182986516,2024-10-24 10:29:25
435,51,50,10,,,126.81935720598167,37.210709203614094,126.82332705366358,37.21245517212176,2024-10-24 10:29:37
436,58,37,10,,,126.83428511596237,37.207922942610914,126.82148847713438,37.19763394119756,2024-10-24 10:29:50
437,29,10,10,,,126.82626428895101,37.201632997607874,126.81619206040172,37.20950455769662,2024-10-24 10:30:09
438,24,37,10,,,126.81903769681155,37.1912200619771,126.82170651172393,37.19702749539054,2024-10-24 10:30:29
439,59,42,10,,,126.83215926996002,37.20735898450951,126.83141457974949,37.1969976788454,2024-10-24 10:30:45
440,26,48,10,,,126.81816397745575,37.19314130326191,126.83122507008156,37.21474891464959,2024-10-24 10:31:46
441,51,37,10,,,126.81871356509299,37.209531619008466,126.82126046345336,37.1967663708616,2024-10-24 10:32:29
442,1,45,10,,,126.81637431604008,37.19741830774254,126.82574663965235,37.212821107572644,2024-10-24 10:32:47
443,49,13,10,,,126.82821500292782,37.21358441397353,126.81584309858201,37.20341204468911,2024-10-24 10:33:29
444,29,6,10,,,126.82692680629644,37.201804831121436,126.82510165466056,37.20346420717646,2024-10-24 10:34:30
445,30,62,10,,,126.83088631644105,37.19882189415293,126.83787408100483,37.211619272289965,2024-10-24 10:34:50
446,45,29,10,,,126.82499631353625,37.21334725986637,126.82729831312629,37.20300615080714,2024-10-24 10:35:00
447,23,37,10,,,126.821690556139,37.19178094688275,126.82119678820514,37.19812572318831,2024-10-24 10:35:47
448,54,14,10,,,126.83213142141877,37.21103177892472,126.8198556036282,37.20840655117216,2024-10-24 10:36:03
449,36,64,10,,,126.8234043619754,37.198262885282126,126.84182679947976,37.20317472891515,2024-10-24 10:36:18
450,11,55,10,,,126.81403448522937,37.20794178735203,126.8304283985825,37.20965649604695,2024-10-24 10:36:23
451,50,50,10,,,126.82141365936751,37.212455472371644,126.82272744007653,37.21212682811701,2024-10-24 10:36:34
452,34,26,10,,,126.82096283206016,37.20284036401897,126.81902278745315,37.19448513933195,2024-10-24 10:36:40
453,55,11,10,,,126.82905235302016,37.209239536206745,126.81395488063853,37.20911466603917,2024-10-24 10:37:04
454,72,24,10,,,126.8121771029652,37.20653585649927,126.81858405389386,37.18976638089089,2024-10-24 10:37:14
455,50,6,10,,,126.82321317295168,37.211477146317684,126.82467630157213,37.204219406574,2024-10-24 10:37:18
456,16,19,10,,,126.82408827548552,37.193741093937035,126.82810993733007,37.19458174383066,2024-10-24 10:38:15
457,48,48,10,,,126.83091733809935,37.21547204339005,126.830541456469,37.213776313509115,2024-10-24 10:38:24
458,31,6,10,,,126.82901497788164,37.19696575920048,126.82483924280541,37.2047489635684,2024-10-24 10:38:29
459,54,71,10,,,126.83176501236603,37.210144475069136,126.84090658325272,37.20413735265138,2024-10-24 10:38:41
460,49,1,10,,,126.82758461460088,37.21382104182871,126.81577599612974,37.19738210643941,2024-10-24 10:39:52
461,41,22,10,,,126.83435350127947,37.19764456575848,126.81663178512854,37.195220928167615,2024-10-24 10:40:06
462,71,33,10,,,126.8396967439433,37.20426090547468,126.82871597635483,37.2015603407084,2024-10-24 10:40:34
463,58,56,10,,,126.83568018930151,37.208252060700744,126.83445538376537,37.20470217061084,2024-10-24 10:40:39
464,43,15,10,,,126.82306697425312,37.19046597131519,126.81642989938256,37.206001619113714,2024-10-24 10:41:15
465,18,54,10,,,126.82319980347393,37.1961707745439,126.83348225680646,37.20929500535376,2024-10-24 10:42:01
466,68,63,10,,,126.84006418366002,37.20216444929958,126.83462842826977,37.211190153474554,2024-10-24 10:42:40
467,71,50,10,,,126.8402071721958,37.20497067115731,126.82213148477695,37.21098536226874,2024-10-24 10:43:12
468,60,43,10,,,126.83267539321383,37.2123177654603,126.82245675099097,37.18977983460607,2024-10-24 10:43:16
469,50,37,10,,,126.82261241289447,37.21183402313428,126.82123645543514,37.1973900120184,2024-10-24 10:43:32
470,12,18,10,,,126.81877613594561,37.205395966734706,126.82463591413442,37.195657352793916,2024-10-24 10:43:54
471,34,3,10,,,126.8209741174982,37.20380335419878,126.82407767754117,37.210486667798605,2024-10-24 10:45:10
472,11,29,10,,,126.81407956080446,37.20821387528335,126.82677281304396,37.203313888547896,2024-10-24 10:45:12
473,39,50,10,,,126.82056352742258,37.20044884396057,126.822988675408,37.21064608233192,2024-10-24 10:45:59
474,17,33,10,,,126.82719714036936,37.19685602199557,126.82900454272774,37.200454847775646,2024-10-24 10:46:11
475,55,50,10,,,126.82965000913909,37.20990556801265,126.82165927536077,37.21201173220422,2024-10-24 10:46:13
476,60,37,10,,,126.83265629469011,37.213180961921516,126.82085150562854,37.197967938519426,2024-10-24 10:46:24
477,55,68,10,,,126.82998813516312,37.20956084361884,126.83893823893983,37.203121491081006,2024-10-24 10:47:03
478,51,21,10,,,126.82006274799863,37.209871103635464,126.81888415263936,37.1970386070471,2024-10-24 10:47:35
479,27,6,10,,,126.82701012349487,37.200124740829686,126.82527395389326,37.20441255551369,2024-10-24 10:48:01
480,50,26,10,,,126.8218168135172,37.210802572968106,126.81747404446764,37.19343970989584,2024-10-24 10:48:16
481,72,52,10,,,126.81223723819177,37.20659529886678,126.82979732258298,37.21822217634588,2024-10-24 10:48:21
482,23,38,10,,,126.82128667092651,37.19116552018033,126.82430441072036,37.20190124777012,2024-10-24 10:49:03
483,7,17,10,,,126.82657759728022,37.207156118748166,126.82605571851514,37.19618432365154,2024-10-24 10:49:39
484,37,51,10,,,126.82151273294244,37.1982467590424,126.81968590632268,37.2102737902948,2024-10-24 10:50:11
485,42,25,10,,,126.83255002787105,37.19535002555435,126.82052226730549,37.19456618445097,2024-10-24 10:50:37
486,27,50,10,,,126.82637679242401,37.20056273465856,126.82320496794887,37.21190439512889,2024-10-24 10:51:02
487,37,21,10,,,126.82037363473718,37.1981510641965,126.81815520810295,37.196350664540915,2024-10-24 10:51:29
488,28,33,10,,,126.83011308682269,37.20367294935257,126.82937061962556,37.200716796176806,2024-10-24 10:51:31
489,34,50,10,,,126.82130486386293,37.20209971741004,126.82246826485034,37.21184751339073,2024-10-24 10:51:37
490,23,42,10,,,126.82103534413484,37.19117944461751,126.83136186460655,37.19639284474363,2024-10-24 10:51:41
491,27,55,10,,,126.82695773161872,37.19966009411016,126.82948148031846,37.20854933972396,2024-10-24 10:51:42
492,46,66,10,,,126.83103934241421,37.21260763731603,126.83719765622271,37.203649351411215,2024-10-24 10:51:59
493,20,21,10,,,126.81581769589681,37.19162595768334,126.81902291655673,37.19641317739682,2024-10-24 10:52:28
494,17,50,10,,,126.82598652475026,37.197378871909514,126.8228076567473,37.211075774358406,2024-10-24 10:52:46
495,1,18,10,,,126.81627321422225,37.19902139734709,126.82282394967227,37.19514407904112,2024-10-24 10:53:26
496,50,60,10,,,126.82173790785433,37.212379937500764,126.83294492006549,37.21384530936801,2024-10-24 10:55:02
497,37,50,10,,,126.82141296733829,37.1982563977774,126.82292445059727,37.21165546330445,2024-10-24 10:55:41
498,71,54,10,,,126.83978544470735,37.20556038959488,126.83207148852198,37.21105760879902,2024-10-24 10:55:44
499,37,51,10,,,126.82086427553742,37.197064933941945,126.8200150895953,37.20970590999853,2024-10-24 10:55:52
500,18,51,10,,,126.8245872872096,37.19576614843794,126.81896921065729,37.2108117317315,2024-10-24 10:56:31
501,72,66,10,,,126.81146015033019,37.20776731574605,126.83763646796086,37.20390654799893,2024-10-24 10:57:52
502,51,32,10,,,126.818758033755,37.2107191780338,126.83175356490665,37.201557061317985,2024-10-24 10:58:35
503,23,19,10,,,126.82156692147136,37.19264520143786,126.82900211285593,37.19405336309411,2024-10-24 10:59:32
504,37,50,11,,,126.82111634526886,37.198407280188796,126.82319818860093,37.21249190181265,2024-10-24 11:00:02
505,37,12,11,,,126.82195508131916,37.198161419236904,126.82019171216292,37.203974944990655,2024-10-24 11:00:10
506,49,65,11,,,126.82682911217763,37.21318712653096,126.83503867013765,37.199132507337595,2024-10-24 11:00:56
507,25,39,11,,,126.82073423489545,37.19450780738395,126.82136257212093,37.20087236223804,2024-10-24 11:02:12
508,53,53,11,,,126.83037111350856,37.20565558699778,126.83067059628456,37.207259726025114,2024-10-24 11:03:35
509,50,37,11,,,126.8222543462584,37.21112085266197,126.8207380214435,37.19833045966459,2024-10-24 11:04:30
510,15,31,11,,,126.81740704123874,37.20612348536215,126.82978858128625,37.19708045617201,2024-10-24 11:04:35
511,53,59,11,,,126.83049450192959,37.2070508807736,126.8320690431127,37.2079248325563,2024-10-24 11:04:42
512,53,62,11,,,126.82877837581675,37.20640308108788,126.8381708453388,37.211756725917226,2024-10-24 11:05:53
513,37,51,11,,,126.82026291927453,37.19783099979069,126.81896006433176,37.21037300254673,2024-10-24 11:06:13
514,32,50,11,,,126.83249941404266,37.20101768253463,126.82149794594535,37.21132370612139,2024-10-24 11:06:30
515,26,38,11,,,126.81782703634055,37.194078953877664,126.82434469606947,37.201941117874945,2024-10-24 11:08:00
516,60,39,11,,,126.8335113430724,37.21219005345519,126.82189384192206,37.199847335033574,2024-10-24 11:08:11
517,38,17,11,,,126.82401347614307,37.2022960222602,126.82554727605708,37.19603399054378,2024-10-24 11:08:13
518,66,45,11,,,126.83803054054535,37.20293185541469,126.82432573587752,37.21354677043661,2024-10-24 11:08:17
519,50,38,11,,,126.82170703943417,37.21190351289762,126.82421485900097,37.202225744844775,2024-10-24 11:09:22
520,36,25,11,,,126.823482468146,37.19865918340467,126.8209410643869,37.19443679287702,2024-10-24 11:09:42
521,71,34,11,,,126.84029376673024,37.20405795541899,126.82129834821153,37.202545816313894,2024-10-24 11:10:08
522,54,71,11,,,126.8324919606437,37.20920623025935,126.83974826102803,37.204454652015244,2024-10-24 11:10:16
523,59,44,11,,,126.83234678106008,37.20658909309749,126.81983128271975,37.18860600833097,2024-10-24 11:10:36
524,71,33,11,,,126.8408720220643,37.204696543036874,126.82920629623871,37.200215746402414,2024-10-24 11:11:47
525,50,65,11,,,126.82309434456779,37.21236283382949,126.8352879854787,37.20011729919541,2024-10-24 11:12:13
526,37,19,11,,,126.8219104419624,37.19835986087131,126.82851191941778,37.19502425865226,2024-10-24 11:14:52
527,23,38,11,,,126.82036314097206,37.19137730186119,126.8235052662304,37.201394929677676,2024-10-24 11:15:03
528,38,3,11,,,126.82405898202907,37.20135860095054,126.82452755950666,37.20878221977439,2024-10-24 11:15:26
529,18,54,11,,,126.82398075997979,37.19628450416713,126.83298650424688,37.20956624834441,2024-10-24 11:15:49
530,59,33,11,,,126.83185307281717,37.206527152468894,126.82948368944903,37.2012256568293,2024-10-24 11:15:56
531,56,38,11,,,126.83583109982989,37.20548255097695,126.82345359524592,37.2022648309132,2024-10-24 11:16:15
532,21,9,11,,,126.81794277023691,37.1959536328481,126.81412418202001,37.20582877999341,2024-10-24 11:16:17
533,48,48,11,,,126.82966032066713,37.214733649147,126.83062269287821,37.214743038789656,2024-10-24 11:16:20
534,1,8,11,,,126.81542455202671,37.197582646988906,126.8243705185913,37.2067968495095,2024-10-24 11:16:31
535,50,37,11,,,126.8222483413495,37.21067293927196,126.821478411476,37.197330347395756,2024-10-24 11:16:41
536,64,58,11,,,126.84230904565872,37.20419027836641,126.83473076089118,37.20755655583731,2024-10-24 11:16:56
537,33,21,11,,,126.82856804971465,37.20139987804523,126.81807603568411,37.19707503043301,2024-10-24 11:18:55
538,56,50,11,,,126.83575127851407,37.204828972569665,126.82241889260928,37.21229508861904,2024-10-24 11:19:06
539,29,39,11,,,126.82619024070912,37.202594232935276,126.82106970171002,37.20119690538061,2024-10-24 11:19:11
540,37,21,11,,,126.82141661394766,37.1970991140215,126.81854735700826,37.19647515706487,2024-10-24 11:19:21
541,20,59,11,,,126.81584976592042,37.19328440140193,126.83207401905433,37.20772199776072,2024-10-24 11:20:18
542,38,51,11,,,126.82471576924281,37.200593971030756,126.81896095721005,37.21092570473219,2024-10-24 11:20:25
543,53,65,11,,,126.82924760545674,37.2067760502707,126.83540380562997,37.19974811687381,2024-10-24 11:20:44
544,50,37,11,,,126.82269547889344,37.2118326728329,126.82028607661026,37.196774895518445,2024-10-24 11:21:06
545,50,37,11,,,126.82322122388985,37.210658556799125,126.82057150092959,37.19837223047987,2024-10-24 11:21:09
546,51,21,11,,,126.81885043888762,37.20996190504623,126.81858076308536,37.19608848917651,2024-10-24 11:21:50
547,19,69,11,,,126.82809409906001,37.194428977307446,126.83757322249916,37.207065118136896,2024-10-24 11:22:15
548,50,37,11,,,126.822647962667,37.211281976681114,126.82162285803655,37.19809265664953,2024-10-24 11:22:18
549,70,50,11,,,126.8387032945212,37.208784584617256,126.82322763762336,37.210601789077,2024-10-24 11:22:38
550,37,33,11,,,126.82178525471198,37.19821191302724,126.82956663242173,37.19975766871568,2024-10-24 11:23:27
551,27,50,11,,,126.82685006634527,37.20030715612731,126.82261167657187,37.21135684779768,2024-10-24 11:23:56
552,20,26,11,,,126.81590415454913,37.19313807184766,126.81876512095171,37.19415516708642,2024-10-24 11:24:01
553,60,38,11,,,126.83231142171425,37.21393848112359,126.82369886412936,37.20093632787769,2024-10-24 11:24:27
554,37,51,11,,,126.82100443420244,37.19692438226826,126.819025714906,37.21122698966788,2024-10-24 11:24:36
555,55,51,11,,,126.83044097953793,37.209810528454206,126.81975429372581,37.209627287168914,2024-10-24 11:25:41
556,38,21,11,,,126.82478076194317,37.20049837460326,126.81831180457948,37.19554927590945,2024-10-24 11:26:09
557,49,14,11,,,126.82788621923132,37.21438438398451,126.8198369123013,37.20733483017981,2024-10-24 11:26:24
558,19,19,11,,,126.82829578132873,37.1940437288438,126.82927370860527,37.194591518418186,2024-10-24 11:26:32
559,18,58,11,,,126.82394945321678,37.19474737713921,126.83531748578596,37.20785330347369,2024-10-24 11:27:00
560,37,51,11,,,126.82171272339407,37.197674812259486,126.8195531266292,37.21092985344434,2024-10-24 11:27:03
561,50,26,11,,,126.82245250380444,37.21066536929902,126.81790807970128,37.193759784689234,2024-10-24 11:27:27
562,71,50,11,,,126.84001347549247,37.205754213679846,126.82214540472435,37.210675956777294,2024-10-24 11:28:07
563,21,33,11,,,126.81872629328998,37.19653572447792,126.8292876138088,37.200511860428506,2024-10-24 11:28:33
564,71,54,11,,,126.840824718665,37.20438757214486,126.83293339720221,37.21024510261035,2024-10-24 11:28:37
565,24,12,11,,,126.81878976859933,37.1899173815513,126.81884282944925,37.20529135266396,2024-10-24 11:29:01
566,7,19,11,,,126.8264986454258,37.20724344527935,126.82935989517387,37.19447883091625,2024-10-24 11:29:23
567,70,71,11,,,126.83760873057558,37.2101829001018,126.84042183946606,37.204047621117525,2024-10-24 11:29:34
568,59,5,11,,,126.83170906413748,37.207702665453596,126.82777927658013,37.204799368763005,2024-10-24 11:29:41
569,39,21,11,,,126.82091054321701,37.19994128050546,126.81941646944955,37.19683941051578,2024-10-24 11:30:02
570,1,13,11,,,126.81607473495734,37.19905868484792,126.8165764068109,37.203509302547104,2024-10-24 11:30:39
571,23,50,11,,,126.82135853041184,37.19192442296444,126.82240098613273,37.21149114036124,2024-10-24 11:31:13
572,13,54,11,,,126.8163951323819,37.20291679106846,126.83190402710048,37.2111169302252,2024-10-24 11:32:57
573,15,22,11,,,126.81598191542716,37.20621955778906,126.815797731812,37.19570612764124,2024-10-24 11:32:58
574,21,72,11,,,126.81795087836016,37.19592054239113,126.81188068710728,37.20785997250233,2024-10-24 11:33:25
575,58,56,11,,,126.83577300525303,37.20772568230263,126.8350443711647,37.20479258026161,2024-10-24 11:34:30
576,50,7,11,,,126.8228046323245,37.21107348927537,126.82714858277899,37.20856577617747,2024-10-24 11:34:35
577,18,50,11,,,126.82304151076447,37.195037899056175,126.82329629941577,37.211620211580154,2024-10-24 11:35:13
578,48,50,11,,,126.8294589673667,37.21552132276329,126.82201231947342,37.21122271008926,2024-10-24 11:36:03
579,21,38,11,,,126.8188672013904,37.19672973869609,126.82427867342719,37.20231951154639,2024-10-24 11:36:41
580,7,72,11,,,126.82745190310519,37.20819259276718,126.81142413548706,37.20706755917707,2024-10-24 11:38:05
581,23,38,11,,,126.82080337483126,37.19180399808153,126.82400010914607,37.201689105782386,2024-10-24 11:38:20
582,50,55,11,,,126.8216939941345,37.21083427646049,126.83077508630014,37.209659174385166,2024-10-24 11:38:41
583,23,50,11,,,126.82136366119124,37.19102153534479,126.82211309771651,37.21214707929117,2024-10-24 11:39:05
584,30,57,11,,,126.8324910785193,37.19846561490111,126.83258202531236,37.20553309760685,2024-10-24 11:39:05
585,70,50,11,,,126.83844422738237,37.20905717060343,126.8215083182444,37.21054411404065,2024-10-24 11:40:00
586,39,50,11,,,126.82105427393418,37.200681264345526,126.82143302298459,37.21238307216537,2024-10-24 11:40:57
587,63,22,11,,,126.83602929872038,37.21035508982496,126.81507526323307,37.19491772707244,2024-10-24 11:41:11
588,39,26,11,,,126.82220435736338,37.20061203740756,126.81755407445478,37.19270106664484,2024-10-24 11:42:03
589,50,50,11,,,126.82228976972766,37.21065465373775,126.82237859418382,37.21122076146622,2024-10-24 11:42:50
590,37,2,11,,,126.82179851513678,37.19801280097249,126.82243146814963,37.20567533030766,2024-10-24 11:43:15
591,37,18,11,,,126.82097719212582,37.19775189135282,126.82379008827081,37.19481565396265,2024-10-24 11:43:20
592,20,14,11,,,126.81544670771228,37.19207384446242,126.81869949234996,37.20738909326554,2024-10-24 11:43:37
593,7,17,11,,,126.82710066780109,37.208386499967865,126.8273370530017,37.19727500579706,2024-10-24 11:44:02
594,70,50,11,,,126.83707631629714,37.20942639194641,126.82303808652674,37.21231066961594,2024-10-24 11:44:05
595,18,28,11,,,126.82432133959354,37.194907717954095,126.83001932441243,37.20434116531449,2024-10-24 11:44:14
596,37,51,11,,,126.82200959340567,37.19702733471991,126.81888134471674,37.211172579204685,2024-10-24 11:44:22
597,6,46,11,,,126.82372535963232,37.204464520637686,126.83033712200083,37.212153530757526,2024-10-24 11:44:53
598,50,60,11,,,126.8218361830186,37.21194607042183,126.83198422507756,37.21302686144892,2024-10-24 11:46:01
599,38,72,11,,,126.82422986482861,37.20060541857494,126.81194190757601,37.206192951557966,2024-10-24 11:46:13
600,37,3,11,,,126.82099888901529,37.198296275939335,126.82449498976692,37.210666602794085,2024-10-24 11:47:25
601,58,37,11,,,126.83504999552633,37.209249810482405,126.82142228792189,37.19791940250884,2024-10-24 11:47:50
602,35,71,11,,,126.81851892435225,37.2016175518274,126.83984081513316,37.20567576784482,2024-10-24 11:48:33
603,15,13,11,,,126.8164104500527,37.20580630754945,126.81597691617726,37.203618357622894,2024-10-24 11:49:50
604,51,21,11,,,126.81914369537532,37.21073079571905,126.81940839073,37.195839399209746,2024-10-24 11:50:33
605,44,35,11,,,126.82088214879488,37.18876144378714,126.81961137093565,37.202540961603326,2024-10-24 11:51:03
606,66,11,11,,,126.83655924643554,37.20400818335236,126.81491353073764,37.20746094801399,2024-10-24 11:51:04
607,39,33,11,,,126.82194445061195,37.19948521951279,126.82917305086045,37.200368854145125,2024-10-24 11:51:22
608,49,51,11,,,126.82872419098344,37.213604785228604,126.81986939174153,37.20956537281154,2024-10-24 11:52:04
609,11,2,11,,,126.81470678586352,37.20861624429176,126.8229272688347,37.20517111862602,2024-10-24 11:52:43
610,54,37,11,,,126.83313681509803,37.21074524640575,126.82185269374949,37.197516722196376,2024-10-24 11:52:44
611,50,39,11,,,126.82189786809535,37.21214552742062,126.82198398508235,37.19998264392959,2024-10-24 11:53:27
612,28,17,11,,,126.82895223088454,37.202894559733885,126.82610725040418,37.19588835590888,2024-10-24 11:53:34
613,39,50,11,,,126.82103836762805,37.19951856544542,126.82248616743587,37.21066901110717,2024-10-24 11:54:00
614,19,33,11,,,126.82806969321605,37.19415995626009,126.82868819304869,37.20140974152438,2024-10-24 11:54:20
615,59,6,11,,,126.83311144723397,37.207163682939104,126.82429819835039,37.203787636000854,2024-10-24 11:54:40
616,71,58,11,,,126.8390944735992,37.205075969897386,126.83555982080641,37.208223650769874,2024-10-24 11:54:45
617,50,50,11,,,126.8224270825952,37.211359162813864,126.82332947534786,37.21102641297683,2024-10-24 11:55:05
618,3,8,11,,,126.82511677194061,37.2098399066084,126.82515444505106,37.20612055746737,2024-10-24 11:55:27
619,65,61,11,,,126.83352225432637,37.200992922859236,126.8330248324215,37.215633773593076,2024-10-24 11:55:59
620,23,50,11,,,126.82133344339731,37.19230669452695,126.82181645804232,37.211383246834636,2024-10-24 11:56:09
621,66,67,11,,,126.83774236640562,37.2037091051877,126.83385247878094,37.203702374090184,2024-10-24 11:56:13
622,37,44,11,,,126.8205092210256,37.197342767236506,126.82047238114336,37.1896932449552,2024-10-24 11:57:07
623,55,7,11,,,126.8290057391,37.20949943809123,126.82781929061507,37.207701590912556,2024-10-24 11:57:18
624,23,38,11,,,126.82014794211038,37.19168082552769,126.82476061005472,37.201450508039756,2024-10-24 11:57:20
625,44,21,11,,,126.82019310791276,37.18929475249552,126.81859572633248,37.196378371098625,2024-10-24 11:57:49
626,50,64,11,,,126.82147133723208,37.21052508982125,126.84335700982388,37.20298143135072,2024-10-24 11:58:54
627,23,37,11,,,126.81983260201464,37.191511200386415,126.82189117854844,37.19669667314048,2024-10-24 11:59:05
628,2,20,11,,,126.82201915379066,37.206253046492854,126.8153884881765,37.19302847807642,2024-10-24 11:59:22
629,50,48,11,,,126.82315220369178,37.21103804264799,126.82949354584427,37.21528673428809,2024-10-24 11:59:37
630,55,20,12,,,126.8302399233172,37.209466012762,126.8160564786848,37.19194468248807,2024-10-24 12:01:13
631,37,33,12,,,126.82184805078694,37.197099335874015,126.82999996651465,37.20028768146006,2024-10-24 12:01:22
632,56,11,12,,,126.8342466991919,37.205822304962545,126.81462699201232,37.207990316219465,2024-10-24 12:01:29
633,50,60,12,,,126.82337431237146,37.2118113148161,126.8327332806352,37.212528064224514,2024-10-24 12:01:44
634,21,29,12,,,126.81821311502397,37.19570703635506,126.82707624828478,37.20301813141504,2024-10-24 12:02:12
635,57,64,12,,,126.83250406885107,37.204312505867684,126.84276282628798,37.20379597768474,2024-10-24 12:02:33
636,64,6,12,,,126.84333726998828,37.20334975588551,126.82435401053131,37.204511540694206,2024-10-24 12:02:41
637,55,50,12,,,126.82958295396683,37.20976020413799,126.82283503799519,37.211082169258795,2024-10-24 12:04:27
638,51,37,12,,,126.81908375235764,37.21036382849502,126.82162214219578,37.19666323558553,2024-10-24 12:04:51
639,70,50,12,,,126.83859931722223,37.21024202110009,126.82165616305764,37.21051985833063,2024-10-24 12:06:29
640,37,3,12,,,126.8213861141861,37.198273460044675,126.8244125969147,37.208968075522,2024-10-24 12:06:50
641,23,38,12,,,126.82015364554182,37.190941522845606,126.82463281844606,37.20107062820943,2024-10-24 12:07:08
642,36,24,12,,,126.82324143332441,37.1983332171436,126.81864638194196,37.1908884169401,2024-10-24 12:07:40
643,63,35,12,,,126.83535292734479,37.21184395034108,126.81957973270539,37.20219136202289,2024-10-24 12:07:46
644,51,32,12,,,126.82042745148708,37.21036046226555,126.83288782773768,37.20191365396126,2024-10-24 12:08:02
645,41,29,12,,,126.8337196765161,37.197558303999664,126.82674569284514,37.20237809104164,2024-10-24 12:08:27
646,18,54,12,,,126.82418594339289,37.19664071393329,126.83295042040747,37.2100672112597,2024-10-24 12:09:18
647,51,56,12,,,126.8201260016599,37.210052156045506,126.83488389139961,37.20620080164782,2024-10-24 12:09:46
648,26,70,12,,,126.81736077537415,37.19263670028131,126.83846652781331,37.20871478601735,2024-10-24 12:10:29
649,38,21,12,,,126.82458798707225,37.20045094637649,126.8191377140595,37.19614964312506,2024-10-24 12:10:51
650,45,37,12,,,126.82562396567272,37.21328927861481,126.82070344882116,37.19685224088578,2024-10-24 12:11:07
651,33,39,12,,,126.82993119482006,37.20161011262104,126.8213311821128,37.199491277065086,2024-10-24 12:11:24
652,47,30,12,,,126.82654236285704,37.21104941983532,126.83238521596779,37.19843570965128,2024-10-24 12:11:49
653,27,70,12,,,126.82639243311424,37.19932709978445,126.83690796704853,37.208912695181056,2024-10-24 12:12:37
654,50,38,12,,,126.82291032294891,37.21080037226788,126.82477970792078,37.20211908653076,2024-10-24 12:12:51
655,39,26,12,,,126.82213144489754,37.199786860064755,126.81862396384797,37.193537943327776,2024-10-24 12:13:35
656,51,55,12,,,126.82066904794644,37.21010472890007,126.83095984797161,37.20989820672527,2024-10-24 12:13:40
657,16,5,12,,,126.82317898286206,37.19348658401412,126.82768229805774,37.2045709364602,2024-10-24 12:13:45
658,53,15,12,,,126.8290996489828,37.20681928485966,126.81676582354616,37.20705192466808,2024-10-24 12:14:17
659,8,11,12,,,126.82558186622674,37.20710197781651,126.81519632331627,37.208033978359886,2024-10-24 12:14:58
660,46,64,12,,,126.82974884857495,37.212283565445084,126.84155666144835,37.20307249275105,2024-10-24 12:15:22
661,64,19,12,,,126.84285982299829,37.202258954356175,126.82953665344913,37.19584858884569,2024-10-24 12:16:00
662,21,33,12,,,126.81821571855852,37.1960364930924,126.8302404326265,37.200938156404845,2024-10-24 12:16:14
663,5,19,12,,,126.82771001949178,37.20474907071702,126.8279780064303,37.195869347722294,2024-10-24 12:16:27
664,34,21,12,,,126.82216234390388,37.20269374573292,126.81775073608199,37.196957560182504,2024-10-24 12:17:36
665,45,32,12,,,126.82544200647767,37.21307955823061,126.83177235711116,37.20131664347465,2024-10-24 12:17:39
666,21,48,12,,,126.81896303335289,37.195762241411835,126.83100887335411,37.21444483603091,2024-10-24 12:18:06
667,27,50,12,,,126.82657668404232,37.20053917412677,126.82294912731844,37.21073153152266,2024-10-24 12:19:55
668,66,13,12,,,126.83646995627318,37.203436191613896,126.81731146242316,37.20433404918028,2024-10-24 12:20:12
669,26,66,12,,,126.8174524151159,37.1930027871478,126.83804950489125,37.20405148118407,2024-10-24 12:20:18
670,50,26,12,,,126.8227981105652,37.21192599465139,126.81914411017996,37.19307844769433,2024-10-24 12:20:51
671,20,35,12,,,126.8152584637199,37.19291502618905,126.81802741068554,37.20132877498117,2024-10-24 12:20:56
672,50,64,12,,,126.82182410056025,37.211953613428335,126.84308635084395,37.20332274856115,2024-10-24 12:23:25
673,55,33,12,,,126.82919196590653,37.20873670099962,126.8289265035616,37.20067245582173,2024-10-24 12:23:30
674,9,70,12,,,126.8131589454205,37.206269866918234,126.83871385066928,37.20994065090544,2024-10-24 12:24:29
675,54,71,12,,,126.83345590120895,37.211093611724806,126.84011748120369,37.20550235200748,2024-10-24 12:25:28
676,50,60,12,,,126.82254542157713,37.21197397786666,126.83352817866515,37.21399871913927,2024-10-24 12:26:30
677,2,12,12,,,126.82098398931942,37.2054105001306,126.81830601850011,37.204982894379995,2024-10-24 12:26:30
678,71,58,12,,,126.83959907981405,37.205913276391826,126.83583442262531,37.20823008558165,2024-10-24 12:27:19
679,55,51,12,,,126.8294351921865,37.20815076594489,126.81911704520601,37.211389148179194,2024-10-24 12:27:32
680,30,65,12,,,126.83195449771401,37.199872339842905,126.83514168447252,37.20011877343073,2024-10-24 12:28:15
681,23,18,12,,,126.82057086028507,37.19177928602902,126.8229240964613,37.19578104052588,2024-10-24 12:28:15
682,63,9,12,,,126.8345672776922,37.21193573564968,126.81333800141792,37.20587943935901,2024-10-24 12:28:35
683,54,51,12,,,126.83243852126466,37.2111241301741,126.81909349325014,37.20949483976716,2024-10-24 12:29:17
684,26,38,12,,,126.81755565985176,37.19284189813256,126.82354881679069,37.200730813394706,2024-10-24 12:29:38
685,28,17,12,,,126.8289908300036,37.203411436333816,126.8255288981856,37.19630676422815,2024-10-24 12:30:01
686,23,37,12,,,126.82150496010357,37.190940540821195,126.82089818048306,37.19701342093739,2024-10-24 12:30:48
687,27,62,12,,,126.82695162284953,37.19956325235901,126.83813148391557,37.211537657365426,2024-10-24 12:32:08
688,23,19,12,,,126.82096954611738,37.192370582031025,126.82831735457363,37.19555131584427,2024-10-24 12:32:43
689,1,12,12,,,126.81608562452868,37.19816631923111,126.81925219809013,37.205614015707674,2024-10-24 12:32:44
690,25,41,12,,,126.8208997276101,37.195017351991474,126.83445043557823,37.19750322562931,2024-10-24 12:32:57
691,38,3,12,,,126.82490322621662,37.20183869903172,126.82487095061181,37.21040812942115,2024-10-24 12:33:04
692,19,51,12,,,126.8282145944605,37.19533318928844,126.82008178554428,37.21135687492288,2024-10-24 12:33:15
693,55,50,12,,,126.82936340152763,37.20883101825138,126.82321578498998,37.21239668238259,2024-10-24 12:33:27
694,11,55,12,,,126.81367702478741,37.208341382519706,126.82909888541344,37.20818844396105,2024-10-24 12:33:36
695,38,72,12,,,126.82322674459417,37.20207837762399,126.81230772701586,37.20656152896772,2024-10-24 12:35:47
696,51,39,12,,,126.81880278868897,37.210016100637844,126.82075916283252,37.20094738460861,2024-10-24 12:36:10
697,37,4,12,,,126.82201653379252,37.19818387528041,126.82246518415339,37.208213324332284,2024-10-24 12:36:33
698,24,51,12,,,126.81908571021204,37.19159621696061,126.82066521694797,37.2100952902987,2024-10-24 12:37:20
699,35,63,12,,,126.81867606848293,37.20176806839289,126.83527376358064,37.21082683184856,2024-10-24 12:37:58
700,51,18,12,,,126.81888987087531,37.20978166084582,126.82323854304316,37.19494488086992,2024-10-24 12:38:06
701,10,37,12,,,126.81790691412492,37.208622466920566,126.82188154899336,37.198096997392625,2024-10-24 12:38:28
702,37,18,12,,,126.82033567800814,37.19764152801506,126.8230089446833,37.1952398208746,2024-10-24 12:39:03
703,33,21,12,,,126.82926679793958,37.2014290906032,126.81938223560292,37.19550078294258,2024-10-24 12:39:05
704,58,37,12,,,126.83545701930092,37.20944801506944,126.82030023020016,37.19773073894796,2024-10-24 12:40:32
705,55,50,12,,,126.82985387991992,37.209160751765985,126.82164695303257,37.21187407398452,2024-10-24 12:40:42
706,13,55,12,,,126.81661607855314,37.203145310235826,126.83082234183169,37.20811388347141,2024-10-24 12:41:04
707,37,19,12,,,126.82106418646369,37.197785229437585,126.82962410438195,37.19482641424561,2024-10-24 12:41:33
708,19,62,12,,,126.82831266354655,37.19560881234234,126.83739393511712,37.212533283921886,2024-10-24 12:41:53
709,33,38,12,,,126.83021278301032,37.19996067817238,126.82506697124158,37.20121779191364,2024-10-24 12:42:20
710,27,31,12,,,126.82602889234155,37.1997854897908,126.82843188565354,37.19690175702408,2024-10-24 12:42:40
711,51,71,12,,,126.8193214928912,37.21139266987561,126.83995952008969,37.204104683707975,2024-10-24 12:43:04
712,21,33,12,,,126.81945005678735,37.19647397333527,126.82980496003363,37.19994706960066,2024-10-24 12:43:39
713,37,60,12,,,126.82114417986325,37.19660217741176,126.83271048998472,37.21383607728993,2024-10-24 12:44:04
714,71,10,12,,,126.83977046844103,37.20432968108424,126.81725379117948,37.2092136913733,2024-10-24 12:44:10
715,51,26,12,,,126.81940523153993,37.20959798877425,126.81796731477249,37.194016110436586,2024-10-24 12:44:40
716,60,52,12,,,126.83293676773141,37.212211171373454,126.8310604579315,37.217805208282066,2024-10-24 12:45:10
717,65,69,12,,,126.83535898217112,37.19999977767613,126.8367443509688,37.207282767725616,2024-10-24 12:45:40
718,50,72,12,,,126.8219797638294,37.211217507938514,126.81195709651905,37.20651597540218,2024-10-24 12:45:51
719,33,69,12,,,126.83030881183097,37.20053656935543,126.8382624707789,37.20697816770491,2024-10-24 12:46:38
720,50,38,12,,,126.8215070482801,37.21071672273635,126.82445003776675,37.20229643437291,2024-10-24 12:46:43
721,58,56,12,,,126.83502170804714,37.207690234254805,126.83441420629426,37.20489010941894,2024-10-24 12:47:05
722,37,21,12,,,126.82175224630681,37.19689876229899,126.81937074392454,37.19718454280885,2024-10-24 12:47:08
723,26,38,12,,,126.81920429143044,37.193635915442535,126.82449004406095,37.20139996330448,2024-10-24 12:47:35
724,60,38,12,,,126.83328653332148,37.21231546587534,126.82377108118503,37.20158033512159,2024-10-24 12:47:54
725,20,67,12,,,126.81545263204502,37.19334443256202,126.83561476781306,37.2038157905552,2024-10-24 12:47:55
726,18,51,12,,,126.82351243046675,37.19657283901746,126.81929819505514,37.20962145347057,2024-10-24 12:48:05
727,33,27,12,,,126.82945671324796,37.19973523985148,126.82677251355054,37.199618693528535,2024-10-24 12:48:45
728,21,72,12,,,126.81834855539614,37.195345435158025,126.81258007079991,37.20764117106305,2024-10-24 12:49:10
729,66,11,12,,,126.83688158008705,37.20311052252554,126.8153032431136,37.207719453889645,2024-10-24 12:49:23
730,37,51,12,,,126.82191239333069,37.19730982493782,126.8195282102031,37.20995822909222,2024-10-24 12:50:46
731,28,63,12,,,126.8287317506851,37.2038742623236,126.83597380953321,37.211610712556535,2024-10-24 12:51:21
732,54,48,12,,,126.8319307003397,37.21075297940646,126.83029365278794,37.21461129653569,2024-10-24 12:52:07
733,2,58,12,,,126.82139738763972,37.20603760660076,126.83462879357725,37.20777790421869,2024-10-24 12:52:20
734,18,32,12,,,126.8237738290992,37.19491083377452,126.8311442889818,37.20147628442659,2024-10-24 12:52:51
735,46,66,12,,,126.83057508087948,37.21286245166436,126.83663442406312,37.20385613598141,2024-10-24 12:53:16
736,51,26,12,,,126.81943802960721,37.2111930762296,126.8182806654862,37.19369883196831,2024-10-24 12:53:48
737,72,67,12,,,126.81241411492307,37.207019481717055,126.83394942308496,37.20216078175252,2024-10-24 12:54:36
738,50,55,12,,,126.82218757102481,37.2121205716246,126.829266408477,37.20875168795502,2024-10-24 12:54:46
739,51,26,12,,,126.82051991427333,37.21053745244242,126.81915232654552,37.19442153733829,2024-10-24 12:55:10
740,2,22,12,,,126.82104904584443,37.206426705323715,126.81595170200941,37.196245202401535,2024-10-24 12:55:20
741,31,8,12,,,126.83002147667833,37.197895450185264,126.82548925982644,37.20732472946404,2024-10-24 12:55:52
742,21,38,12,,,126.81885488657605,37.19676080446932,126.82406210814372,37.202093019471704,2024-10-24 12:56:05
743,50,37,12,,,126.82254834848399,37.211747725867546,126.82225960542688,37.19643829885652,2024-10-24 12:56:16
744,63,61,12,,,126.83476079559837,37.21132072242393,126.8327111324847,37.216231862640676,2024-10-24 12:56:45
745,39,21,12,,,126.82055057440319,37.19935416009953,126.8182974313638,37.195443991406414,2024-10-24 12:57:08
746,50,37,12,,,126.82250228840681,37.21217927051383,126.82082610042276,37.19761114879625,2024-10-24 12:57:34
747,8,15,12,,,126.8240896392207,37.206298017662,126.81726287956714,37.206158965932374,2024-10-24 12:57:42
748,50,26,12,,,126.82188337159086,37.21119793207372,126.81870753654259,37.1934610866089,2024-10-24 12:58:08
749,69,21,12,,,126.83819744674692,37.206304849634925,126.81905376159183,37.19596828705696,2024-10-24 12:58:10
750,37,51,12,,,126.82045718144768,37.19781596940051,126.81896343578963,37.211157189180405,2024-10-24 12:58:35
751,50,38,12,,,126.82269161338277,37.21105428353576,126.82447178121295,37.2022240880375,2024-10-24 12:58:48
752,18,20,12,,,126.82276506513452,37.19533617021314,126.81650387748543,37.192620254592505,2024-10-24 12:59:16
753,43,63,12,,,126.82337637757479,37.190007598727966,126.83603275675893,37.210962928216446,2024-10-24 12:59:25
754,36,5,12,,,126.824345858085,37.19752905994071,126.8276408204904,37.20539116889036,2024-10-24 12:59:37
755,71,34,12,,,126.83980065793911,37.2054547924222,126.82093580188533,37.20273969220092,2024-10-24 12:59:58
756,50,60,13,,,126.82295069439643,37.21112694323664,126.83317782635172,37.213433609933546,2024-10-24 13:00:19
757,50,37,13,,,126.82248951366358,37.2116075620507,126.82027080634528,37.19667007402902,2024-10-24 13:00:45
758,31,36,13,,,126.82849639571562,37.19833762557111,126.8246659233188,37.1992420322687,2024-10-24 13:00:53
759,51,21,13,,,126.8199579177366,37.211118563676024,126.81873448277479,37.196968157642694,2024-10-24 13:01:16
760,37,72,13,,,126.82090262068814,37.197788706432696,126.81253184249057,37.20800786693466,2024-10-24 13:02:43
761,63,45,13,,,126.83554214453915,37.21053020043864,126.82508959103444,37.21185108405764,2024-10-24 13:02:56
762,14,18,13,,,126.81957201934276,37.207617863918486,126.82435544595347,37.195446267775566,2024-10-24 13:03:26
763,28,45,13,,,126.82912862657497,37.203862510122235,126.82412891816892,37.21308882385773,2024-10-24 13:04:14
764,7,17,13,,,126.8269299081984,37.207554781910595,126.82676147728831,37.19717877659456,2024-10-24 13:04:19
765,39,50,13,,,126.8207919414686,37.20073268671916,126.82204280492323,37.21141896414569,2024-10-24 13:04:55
766,50,21,13,,,126.82238504807412,37.21121591395267,126.81894843851835,37.195922546040705,2024-10-24 13:04:57
767,15,69,13,,,126.81738919194035,37.20644114638528,126.8383074329899,37.20661991245178,2024-10-24 13:05:22
768,39,50,13,,,126.82084041664127,37.19938540112612,126.82152025835677,37.21100432967716,2024-10-24 13:05:58
769,51,71,13,,,126.81969899928701,37.210212959445506,126.84075137731276,37.20531401351028,2024-10-24 13:06:10
770,70,50,13,,,126.8370793908807,37.20950401116896,126.8230344177296,37.211707462976825,2024-10-24 13:06:21
771,50,48,13,,,126.82254056547912,37.21089534886007,126.83014911005995,37.2156469535198,2024-10-24 13:06:42
772,27,45,13,,,126.8259201961633,37.19863560301728,126.82446411023696,37.21292214431917,2024-10-24 13:07:16
773,50,37,13,,,126.82297869427951,37.21086322964472,126.82196352211199,37.198128105966696,2024-10-24 13:07:49
774,6,63,13,,,126.82436892819975,37.20410129217603,126.83523882497893,37.21204961806487,2024-10-24 13:08:55
775,23,38,13,,,126.82101848403487,37.191069482053365,126.82419343752052,37.202092586152084,2024-10-24 13:09:06
776,56,57,13,,,126.83436871124017,37.20552271669446,126.83178504569722,37.20459120354862,2024-10-24 13:09:29
777,21,6,13,,,126.81906170298099,37.19698655016287,126.82390126126826,37.203953554377726,2024-10-24 13:09:35
778,11,55,13,,,126.81444259972548,37.208935199359125,126.8290956816903,37.21008809972817,2024-10-24 13:10:08
779,58,56,13,,,126.83485752535768,37.20783246595374,126.83414539015376,37.206077524709855,2024-10-24 13:10:15
780,50,60,13,,,126.82210836104366,37.21163161769098,126.83275276404895,37.21264187799809,2024-10-24 13:10:24
781,54,1,13,,,126.83356931208779,37.20955176486166,126.81705173667747,37.19839611023295,2024-10-24 13:10:52
782,13,3,13,,,126.81654647744713,37.2028574228374,126.82578070130415,37.20924787826974,2024-10-24 13:11:17
783,67,38,13,,,126.8343697424816,37.20327559789026,126.82435004025739,37.20122665273155,2024-10-24 13:11:26
784,32,50,13,,,126.83123793339223,37.202216663693825,126.82193759866492,37.21058178214112,2024-10-24 13:11:51
785,34,21,13,,,126.82228065436419,37.203095459330065,126.8186628415104,37.195661613828065,2024-10-24 13:12:33
786,32,44,13,,,126.83135407756666,37.20133486016538,126.81996376240866,37.18934325945875,2024-10-24 13:13:12
787,21,33,13,,,126.81943711371855,37.1957179596441,126.829228365394,37.20045157584419,2024-10-24 13:13:22
788,20,37,13,,,126.81537970714763,37.19145143013791,126.82186057209842,37.1976909260721,2024-10-24 13:15:08
789,18,54,13,,,126.82338518459315,37.19637762746974,126.83287179072768,37.21072830729357,2024-10-24 13:15:13
790,28,52,13,,,126.82966088654862,37.203966145893254,126.83122761958484,37.2170348036736,2024-10-24 13:15:18
791,68,50,13,,,126.83909527247286,37.20192926713038,126.82242479685833,37.210533638929725,2024-10-24 13:15:41
792,61,53,13,,,126.83278087961318,37.21565421651037,126.83011289632228,37.20552357569236,2024-10-24 13:15:43
793,54,71,13,,,126.83241075879545,37.20931919681667,126.83946896178199,37.204074273413205,2024-10-24 13:15:49
794,23,19,13,,,126.82174062221088,37.19134031380198,126.82877188053077,37.19597581205698,2024-10-24 13:16:56
795,32,67,13,,,126.83216719788504,37.20100663778201,126.83434552550997,37.20233725659037,2024-10-24 13:18:02
796,50,60,13,,,126.82164798583706,37.212180733792735,126.83365192092205,37.213475157270594,2024-10-24 13:18:53
797,50,55,13,,,126.82203606632874,37.21147223613573,126.83037346571854,37.2094313609804,2024-10-24 13:21:41
798,56,56,13,,,126.83487294988754,37.2056166424183,126.83491240367707,37.20585134125352,2024-10-24 13:23:33
799,36,24,13,,,126.82484565039455,37.1980914810604,126.81807934154372,37.190949109875504,2024-10-24 13:24:37
800,56,50,13,,,126.83435452821719,37.20658826750965,126.82301384770277,37.21131219808028,2024-10-24 13:25:41
801,55,51,13,,,126.83029322255295,37.20884311003463,126.81972799054279,37.21109032726556,2024-10-24 13:25:50
802,71,50,13,,,126.84066465571034,37.204689692159086,126.82305375520036,37.21231623142837,2024-10-24 13:26:01
803,38,21,13,,,126.82461679949226,37.200832893554576,126.81861041684539,37.19539228430247,2024-10-24 13:26:20
804,34,50,13,,,126.82115053404773,37.202238137863276,126.8220431412021,37.21092722129555,2024-10-24 13:27:32
805,18,32,13,,,126.82383550136484,37.19551366968588,126.8311810168635,37.20074684415273,2024-10-24 13:27:32
806,64,15,13,,,126.84264376613802,37.20345219340365,126.8172257639639,37.20556019726706,2024-10-24 13:27:40
807,29,52,13,,,126.82780513142404,37.20331392150353,126.83076325443416,37.21718492069025,2024-10-24 13:28:26
808,46,39,13,,,126.8299896851509,37.21156098344474,126.82049623016908,37.19947551659106,2024-10-24 13:29:33
809,31,70,13,,,126.82991319402431,37.198510252602524,126.83811399797024,37.209948787436524,2024-10-24 13:30:14
810,37,33,13,,,126.82154527537878,37.19690429946402,126.82880192770516,37.20150299746274,2024-10-24 13:30:25
811,17,50,13,,,126.82736696092417,37.19640176329644,126.82141491243,37.21199099160449,2024-10-24 13:30:31
812,50,64,13,,,126.82292890809535,37.21139122962231,126.84173422200595,37.20322742112293,2024-10-24 13:31:35
813,64,55,13,,,126.84185769030134,37.20398808315604,126.83018822688867,37.20977324362806,2024-10-24 13:32:10
814,63,29,13,,,126.83467994173813,37.210695838110844,126.82589837805624,37.2030672475563,2024-10-24 13:32:42
815,26,48,13,,,126.81923849153159,37.19369330312009,126.830783320313,37.215164120970094,2024-10-24 13:32:47
816,23,18,13,,,126.82065076462719,37.19255590317609,126.82410627041278,37.19590697997764,2024-10-24 13:34:24
817,70,26,13,,,126.83847176157032,37.209908264961136,126.81770798859846,37.19373871261362,2024-10-24 13:34:25
818,21,60,13,,,126.81939704417312,37.1969050358372,126.8322434498034,37.213392847104345,2024-10-24 13:34:42
819,50,37,13,,,126.82174735961787,37.21078542390941,126.82076623022284,37.19765737355764,2024-10-24 13:34:59
820,51,18,13,,,126.82016175398178,37.2098122529889,126.82417609007643,37.19594223036067,2024-10-24 13:36:46
821,51,56,13,,,126.82024505922536,37.21036359703177,126.83435534300337,37.20537455655315,2024-10-24 13:36:50
822,26,17,13,,,126.81799790702465,37.19391631452536,126.8261100950512,37.19600045074616,2024-10-24 13:37:02
823,20,69,13,,,126.81607362129698,37.19249100641553,126.83692256527695,37.20581527150016,2024-10-24 13:37:23
824,50,39,13,,,126.82247870339165,37.21142304408256,126.82061915782897,37.19982021040285,2024-10-24 13:37:28
825,37,19,13,,,126.82222301306237,37.19807098051301,126.82920406605459,37.19405243614974,2024-10-24 13:38:19
826,64,8,13,,,126.84184923946597,37.20254720855823,126.82464981834049,37.207795487340576,2024-10-24 13:39:04
827,33,60,13,,,126.82846003496837,37.2007661032238,126.8329469393974,37.213424574801884,2024-10-24 13:39:05
828,71,58,13,,,126.8393231798438,37.20418409034822,126.83459810525049,37.20841293707613,2024-10-24 13:39:19
829,6,27,13,,,126.8245305695079,37.20410048256437,126.82685218905662,37.19946138434477,2024-10-24 13:40:19
830,50,37,13,,,126.82247442507268,37.211288677076915,126.82068085244852,37.19659385742466,2024-10-24 13:40:43
831,18,38,13,,,126.82399631558687,37.19661533508709,126.8242935134197,37.202099934238916,2024-10-24 13:41:14
832,50,26,13,,,126.82290992265435,37.21067352411805,126.81814337074627,37.19340304287684,2024-10-24 13:41:24
833,70,50,13,,,126.83857423847464,37.20973915689248,126.82288414047437,37.21156337357552,2024-10-24 13:41:58
834,23,38,13,,,126.82023286052804,37.19122780715611,126.82454207087015,37.20174848151253,2024-10-24 13:43:11
835,21,38,13,,,126.81875430341604,37.197017805318005,126.82406985746944,37.20186400278854,2024-10-24 13:43:13
836,11,69,13,,,126.81433704639585,37.20912587615751,126.83758592440306,37.206662293153734,2024-10-24 13:43:55
837,51,4,13,,,126.82037825073836,37.21063264446235,126.82143561214939,37.209402478382685,2024-10-24 13:44:04
838,55,37,13,,,126.83039402196555,37.20876065869878,126.82192004097844,37.19746634951942,2024-10-24 13:44:16
839,38,72,13,,,126.82419663767577,37.20070473721714,126.81097665676813,37.208072425713354,2024-10-24 13:44:28
840,18,51,13,,,126.82462194960202,37.19603194133209,126.8188032151743,37.21014607408535,2024-10-24 13:44:41
841,21,39,13,,,126.81858507635255,37.19652150517626,126.8204931075695,37.2011666145802,2024-10-24 13:44:57
842,50,31,13,,,126.8216920211206,37.21056215197789,126.82958372909337,37.197290017089536,2024-10-24 13:45:06
843,64,24,13,,,126.8434110644706,37.203896084978304,126.8183426789621,37.19014573550932,2024-10-24 13:45:10
844,11,28,13,,,126.81428977060672,37.208710437253515,126.82982115434865,37.20380874170935,2024-10-24 13:45:10
845,50,50,13,,,126.82157946428686,37.21181145963657,126.82317961135399,37.211739545229484,2024-10-24 13:45:49
846,24,10,13,,,126.8185504200536,37.18997789213072,126.81636580251134,37.210288621325965,2024-10-24 13:45:54
847,50,37,13,,,126.82331010495915,37.21227446991312,126.82155662788445,37.19815788165586,2024-10-24 13:46:14
848,71,46,13,,,126.83951438614531,37.205048289569405,126.83078979258671,37.21253277534492,2024-10-24 13:47:37
849,33,27,13,,,126.82839415455607,37.2015407717653,126.82682330340407,37.20044231521169,2024-10-24 13:48:26
850,20,34,13,,,126.81610125619103,37.192761370655184,126.82222677778768,37.20228229347211,2024-10-24 13:48:55
851,50,7,13,,,126.8228912953657,37.211737212393,126.82770319637142,37.20820277220277,2024-10-24 13:49:10
852,1,4,13,,,126.81700119953379,37.197194576410375,126.82198766424521,37.20800384186691,2024-10-24 13:49:35
853,54,58,13,,,126.8335502389411,37.21065748344329,126.83565602422492,37.20753949425423,2024-10-24 13:50:14
854,21,58,13,,,126.81944729776191,37.1954400160543,126.83509894339632,37.20913628682349,2024-10-24 13:50:15
855,50,37,13,,,126.822067077472,37.212307606427125,126.82155260967426,37.19724891270321,2024-10-24 13:50:36
856,27,50,13,,,126.82759660752728,37.20015612311996,126.82167223095259,37.21186729433251,2024-10-24 13:51:12
857,32,37,13,,,126.83247612583467,37.20192327540212,126.82171057570856,37.19681654187468,2024-10-24 13:51:32
858,10,28,13,,,126.81745772419937,37.20982550996438,126.83044986830342,37.20292929026016,2024-10-24 13:52:23
859,51,26,13,,,126.82050727190249,37.21059946175389,126.81844008287766,37.19363087857496,2024-10-24 13:52:30
860,38,51,13,,,126.82477448175054,37.201069628525595,126.8187823680695,37.21031050292535,2024-10-24 13:52:35
861,51,60,13,,,126.82040899305595,37.21059859063976,126.8328983956058,37.212276974197984,2024-10-24 13:52:42
862,39,2,13,,,126.8204990934866,37.20031485472973,126.82227253363617,37.20500057240527,2024-10-24 13:52:47
863,33,59,13,,,126.82954549072961,37.20153054659551,126.83242874944692,37.20770155801922,2024-10-24 13:52:48
864,39,21,13,,,126.8218552426802,37.19966525533154,126.8179878403362,37.197014202998524,2024-10-24 13:52:48
865,71,33,13,,,126.83991840728302,37.20534577525208,126.83006392197889,37.200507150904365,2024-10-24 13:52:53
866,6,36,13,,,126.8234503151049,37.203852330692946,126.82462210679492,37.19887326061283,2024-10-24 13:53:11
867,21,38,13,,,126.81825254829744,37.195724030371146,126.82326184899934,37.20183401112489,2024-10-24 13:53:20
868,55,18,13,,,126.82992589791786,37.20883501920777,126.82281411425704,37.19559827949011,2024-10-24 13:54:01
869,66,29,13,,,126.83790477610685,37.20407323384361,126.82687509579684,37.20264694104133,2024-10-24 13:54:14
870,50,34,13,,,126.82247082310958,37.21209548290084,126.82099628896044,37.20397451528556,2024-10-24 13:54:23
871,29,39,13,,,126.82723935813036,37.202792774557864,126.82124759757036,37.19933286483036,2024-10-24 13:54:31
872,53,50,13,,,126.83013076078332,37.20726060469545,126.82166011555762,37.212014925817726,2024-10-24 13:55:03
873,28,47,13,,,126.82977056311056,37.20338650943056,126.82764920536954,37.21119818796137,2024-10-24 13:55:34
874,22,26,13,,,126.81566764858393,37.19451890331878,126.81911853595693,37.19372878262151,2024-10-24 13:55:39
875,39,51,13,,,126.82100172823215,37.19969419633769,126.81995509927694,37.2101954543375,2024-10-24 13:56:05
876,39,26,13,,,126.82243688015684,37.20064439080034,126.81864626654846,37.194078104058825,2024-10-24 13:56:34
877,55,50,13,,,126.83014381232968,37.209596335892776,126.82213269331139,37.21164083397882,2024-10-24 13:56:59
878,26,49,13,,,126.81910809869973,37.19359549618531,126.82677499948397,37.21350752871498,2024-10-24 13:57:26
879,23,38,13,,,126.82153485022778,37.192196110662884,126.82503987243044,37.20174346115406,2024-10-24 13:57:33
880,72,21,13,,,126.81183845184941,37.20634363723598,126.81809229115288,37.19643033488693,2024-10-24 13:58:38
881,10,37,13,,,126.81705638346327,37.209014863623274,126.82045123094404,37.197824764079755,2024-10-24 13:59:36
882,17,50,14,,,126.82557930507143,37.19772093204349,126.82217824155222,37.21105238741543,2024-10-24 14:00:01
883,1,62,14,,,126.8166951105224,37.19849558129346,126.8372788890651,37.212511357901924,2024-10-24 14:00:22
884,1,72,14,,,126.81552710295013,37.19782734338245,126.81145955730405,37.207784576379765,2024-10-24 14:00:29
885,50,38,14,,,126.82236323748053,37.21187605360269,126.8237680693115,37.20183065784301,2024-10-24 14:00:34
886,50,71,14,,,126.82331880660756,37.21080481228541,126.84100007884254,37.20403291830276,2024-10-24 14:01:19
887,47,33,14,,,126.82757340098549,37.211389003345424,126.82852213018546,37.201657810327134,2024-10-24 14:01:47
888,29,8,14,,,126.82659587905069,37.20309653875501,126.825412779356,37.20658142741121,2024-10-24 14:02:53
889,54,71,14,,,126.83210746492267,37.210920789825344,126.84032123156436,37.20421451345016,2024-10-24 14:03:33
890,56,56,14,,,126.83421656657899,37.20535395464358,126.83412351302088,37.20571562594451,2024-10-24 14:04:04
891,18,51,14,,,126.82382042464913,37.19652734743274,126.81981289248158,37.21087166654962,2024-10-24 14:04:41
892,14,38,14,,,126.81992001763015,37.207822062976526,126.82397013799209,37.2021810824234,2024-10-24 14:05:27
893,51,39,14,,,126.8206588964505,37.210461667370325,126.82184731695428,37.20018455615779,2024-10-24 14:06:24
894,37,19,14,,,126.82186892182915,37.19786523462999,126.82957880659609,37.195145508851994,2024-10-24 14:06:49
895,2,5,14,,,126.82223501525344,37.205179185922184,126.82778740302109,37.20472328216736,2024-10-24 14:07:16
896,50,24,14,,,126.82277461992611,37.212439598204284,126.81832479556391,37.1900666219535,2024-10-24 14:09:13
897,51,26,14,,,126.81912904091806,37.209448838823974,126.81892459490733,37.1933681766322,2024-10-24 14:10:17
898,12,6,14,,,126.81951916481577,37.204566869035645,126.8250391935768,37.204743871585066,2024-10-24 14:10:58
899,50,21,14,,,126.8227064724429,37.210557656261216,126.81822708383355,37.19706361047786,2024-10-24 14:11:38
900,37,33,14,,,126.82052969003645,37.197266645049176,126.8295755773464,37.20145232368331,2024-10-24 14:12:03
901,59,46,14,,,126.83268711677775,37.20814364234235,126.83045107604207,37.21165632534711,2024-10-24 14:12:39
902,64,22,14,,,126.84265858109606,37.20245098553136,126.81620867994205,37.195934738807885,2024-10-24 14:13:04
903,19,67,14,,,126.82867410205802,37.19494434677447,126.83403446950611,37.20183652719724,2024-10-24 14:13:16
904,37,21,14,,,126.82217904250862,37.19671529118183,126.81918801792335,37.19564196895757,2024-10-24 14:13:23
905,7,17,14,,,126.82786900914257,37.20785801249273,126.82614604538404,37.19673457575561,2024-10-24 14:13:54
906,37,12,14,,,126.8217651381939,37.19726178959821,126.81904859677388,37.204518817646935,2024-10-24 14:14:22
907,23,38,14,,,126.8202732954127,37.1921469479942,126.82507973964977,37.200951173829324,2024-10-24 14:15:02
908,55,50,14,,,126.82907053619789,37.208130376190425,126.82232991552982,37.21206746415568,2024-10-24 14:16:35
909,50,7,14,,,126.82226569502593,37.21197570013168,126.8273549169845,37.20728437959051,2024-10-24 14:16:53
910,22,5,14,,,126.81682494833674,37.19565052347762,126.82761738355403,37.205342353922504,2024-10-24 14:17:04
911,37,51,14,,,126.82152047109186,37.19737668255986,126.81936397782472,37.21031909876834,2024-10-24 14:17:21
912,37,4,14,,,126.82148691475341,37.197366294440634,126.82215314884517,37.20841689937419,2024-10-24 14:18:23
913,32,20,14,,,126.83249956454127,37.20154226371752,126.81572090007812,37.19170352814262,2024-10-24 14:19:07
914,51,26,14,,,126.82012505663211,37.209957779395985,126.81781876522572,37.1939819047188,2024-10-24 14:19:15
915,58,54,14,,,126.83511326346088,37.20854412275574,126.83275912951312,37.210326877961776,2024-10-24 14:20:07
916,72,37,14,,,126.81261065600033,37.206189139732004,126.82089055601723,37.19685324933675,2024-10-24 14:20:36
917,53,69,14,,,126.82907966034244,37.20716932879051,126.83808370369893,37.207180189436265,2024-10-24 14:21:18
918,32,52,14,,,126.8310228657269,37.202124925819895,126.83082102167705,37.21698111749987,2024-10-24 14:21:32
919,60,38,14,,,126.83321272809779,37.21345121880446,126.82394382995588,37.201397625484454,2024-10-24 14:21:53
920,58,56,14,,,126.83468372839496,37.20892345942237,126.83573767771207,37.20630561847973,2024-10-24 14:22:05
921,55,11,14,,,126.83057533025453,37.20814265188918,126.81411752785267,37.20842652703669,2024-10-24 14:22:09
922,38,51,14,,,126.82414383576413,37.201666098121564,126.82047392964596,37.210892441459734,2024-10-24 14:22:11
923,36,39,14,,,126.82466871788839,37.19822753699773,126.82101013038346,37.199613209951714,2024-10-24 14:22:12
924,37,51,14,,,126.82137572964363,37.197144216871294,126.8193829453006,37.211039420893194,2024-10-24 14:24:38
925,50,48,14,,,126.82314369830928,37.21087765563382,126.82993462557747,37.21461808643995,2024-10-24 14:25:30
926,38,54,14,,,126.824096352437,37.20154703998605,126.83340840372554,37.21110666335582,2024-10-24 14:26:00
927,46,20,14,,,126.8293382662156,37.21113419358102,126.8157662966781,37.19320441819522,2024-10-24 14:27:06
928,10,23,14,,,126.81772017495847,37.20980982720094,126.82130906352567,37.19211168774032,2024-10-24 14:27:10
929,23,50,14,,,126.82145558451451,37.192140517875636,126.82324216665197,37.210652571316245,2024-10-24 14:27:14
930,62,29,14,,,126.83726416012522,37.212637191469895,126.82598684566612,37.20244691864189,2024-10-24 14:27:58
931,38,4,14,,,126.82490358544347,37.2005621874197,126.82155352503322,37.209611284193784,2024-10-24 14:28:06
932,50,60,14,,,126.82151630207771,37.21087651492672,126.83211686196407,37.21228245974495,2024-10-24 14:28:11
933,67,9,14,,,126.83527289908676,37.203471277326635,126.81433639893189,37.20455850695887,2024-10-24 14:28:23
934,50,55,14,,,126.82241259429601,37.21175115970369,126.83021298189965,37.20971243461927,2024-10-24 14:28:49
935,32,43,14,,,126.83208076166086,37.201703144875,126.82306114397929,37.19006338457408,2024-10-24 14:28:53
936,2,12,14,,,126.8221556247379,37.20599896923634,126.81904231987544,37.20577225902282,2024-10-24 14:28:54
937,50,37,14,,,126.82220378178349,37.21111625004595,126.8202818583045,37.1967350387893,2024-10-24 14:30:09
938,71,33,14,,,126.84086038357385,37.20585569647058,126.83030797400578,37.20076594554915,2024-10-24 14:30:14
939,51,39,14,,,126.820683735566,37.20991371351242,126.82195507787257,37.19963726482042,2024-10-24 14:30:14
940,39,51,14,,,126.82236197198408,37.20080085314165,126.81973653613096,37.21091518012716,2024-10-24 14:30:22
941,10,56,14,,,126.81790866746965,37.20990448086042,126.83492541679435,37.20484347652805,2024-10-24 14:30:29
942,43,8,14,,,126.82264148253178,37.18988641227159,126.82507208178808,37.205996795783896,2024-10-24 14:30:44
943,37,18,14,,,126.82052302500013,37.19678338216861,126.82317837284103,37.19584077804894,2024-10-24 14:30:46
944,50,60,14,,,126.8219236424332,37.21173597250298,126.83227172814813,37.21325471923964,2024-10-24 14:31:05
945,70,71,14,,,126.83767288317974,37.2099446301311,126.8406403368281,37.20419686132496,2024-10-24 14:31:18
946,13,51,14,,,126.81643393639395,37.20455941592804,126.81913820523692,37.20954755004295,2024-10-24 14:32:11
947,50,22,14,,,126.8231211707186,37.21143490062852,126.81598992797443,37.196131854898006,2024-10-24 14:32:30
948,26,17,14,,,126.81779027649739,37.19315543613702,126.82577118835155,37.19691706547992,2024-10-24 14:32:31
949,57,47,14,,,126.83318677810244,37.204027470264045,126.8280388304492,37.211424259585904,2024-10-24 14:33:18
950,51,32,14,,,126.8196220336821,37.21141531602254,126.83165972306375,37.20232935415031,2024-10-24 14:34:01
951,21,33,14,,,126.81772145314129,37.19555580275582,126.83020830430777,37.2002542865133,2024-10-24 14:34:33
952,23,50,14,,,126.82121507224015,37.19186442585686,126.82195395333807,37.21102721305796,2024-10-24 14:35:15
953,70,50,14,,,126.83826907706477,37.20873376779905,126.82175829499852,37.21156383577798,2024-10-24 14:35:27
954,50,38,14,,,126.82307526714906,37.2121312732535,126.82410724418601,37.20100748227577,2024-10-24 14:35:43
955,61,33,14,,,126.83365189827371,37.216191437505294,126.82888053154448,37.199974045892226,2024-10-24 14:35:46
956,66,51,14,,,126.83755039770573,37.20415588253635,126.81913611031598,37.2095175603847,2024-10-24 14:35:53
957,70,50,14,,,126.83795878853707,37.209853282326186,126.82249622113233,37.21239552036429,2024-10-24 14:35:55
958,67,67,14,,,126.83382517619171,37.20190853059865,126.8355736068965,37.20243503339184,2024-10-24 14:36:06
959,50,27,14,,,126.82207371077263,37.211119836331406,126.82723895827253,37.19966439497904,2024-10-24 14:36:26
960,37,39,14,,,126.82183141254052,37.197864724370206,126.82160870921831,37.199838973432115,2024-10-24 14:36:27
961,59,23,14,,,126.83144908722205,37.2071120030113,126.82057152227485,37.19206917416696,2024-10-24 14:36:58
962,51,37,14,,,126.81907904933354,37.2103596826834,126.82189524811514,37.19810668228704,2024-10-24 14:37:04
963,54,38,14,,,126.83217851390523,37.21023532699968,126.82356629553912,37.20159675246535,2024-10-24 14:37:31
964,70,71,14,,,126.83749375894027,37.20934264364597,126.84105228077667,37.204305009443324,2024-10-24 14:37:32
965,58,72,14,,,126.83519535432991,37.20777934142032,126.8122807042527,37.207074770473646,2024-10-24 14:37:51
966,9,69,14,,,126.8150795488091,37.205409427225234,126.83814264351004,37.20687901758663,2024-10-24 14:37:52
967,70,50,14,,,126.83702976156295,37.20936989849924,126.82209530090404,37.211777762274956,2024-10-24 14:38:06
968,37,51,14,,,126.82045869626572,37.19651902231932,126.8191255993976,37.209746072890795,2024-10-24 14:38:45
969,29,39,14,,,126.82683509668314,37.20313805523475,126.82231644597351,37.20120769443316,2024-10-24 14:39:13
970,38,21,14,,,126.82424572478433,37.201619443407495,126.8181458986639,37.197301619109105,2024-10-24 14:39:18
971,18,54,14,,,126.82464781467216,37.19538518308702,126.83288461524054,37.209746490191236,2024-10-24 14:39:47
972,55,50,14,,,126.83052814345984,37.20842250036351,126.82237921258547,37.21099795818799,2024-10-24 14:40:42
973,71,50,14,,,126.84014666611172,37.2044701016438,126.82247985158354,37.21125063982492,2024-10-24 14:41:32
974,49,26,14,,,126.82805912380485,37.21297330470063,126.81797188553692,37.19429863321209,2024-10-24 14:42:11
975,50,26,14,,,126.82313396159259,37.211998336878324,126.81863271724777,37.19339764532074,2024-10-24 14:43:04
976,38,60,14,,,126.82384362489552,37.201935146729184,126.83303942441079,37.21327175849574,2024-10-24 14:43:43
977,39,50,14,,,126.82101937709591,37.199821617773395,126.82192187037501,37.211789802261485,2024-10-24 14:44:34
978,15,22,14,,,126.81720988102832,37.20656496828223,126.81678426914117,37.19545708488231,2024-10-24 14:44:47
979,44,70,14,,,126.8210775599353,37.18848123577535,126.83723987618208,37.21003900877257,2024-10-24 14:45:11
980,18,32,14,,,126.82389339967246,37.19547927882463,126.83247307684996,37.201781990123756,2024-10-24 14:45:42
981,28,3,14,,,126.82952367516958,37.20439287978964,126.82555458988114,37.20877934198866,2024-10-24 14:46:08
982,55,51,14,,,126.83084824702888,37.209349806195526,126.81994492940811,37.211413335336175,2024-10-24 14:46:49
983,32,50,14,,,126.83191361783831,37.20229831264948,126.82241578445128,37.210741250036,2024-10-24 14:46:51
984,50,60,14,,,126.82194872788165,37.21186979425593,126.83351376656124,37.213495065463356,2024-10-24 14:47:22
985,16,19,14,,,126.82283643055715,37.19233703513313,126.82834470236918,37.19410695102344,2024-10-24 14:47:40
986,50,50,14,,,126.822158820712,37.21197474938338,126.8219053347232,37.21125722979573,2024-10-24 14:48:48
987,66,63,14,,,126.83823021795517,37.20304968949025,126.83534026022126,37.21069190639572,2024-10-24 14:49:00
988,58,37,14,,,126.83593040555779,37.207728118949646,126.82113574667547,37.19739420797748,2024-10-24 14:49:27
989,72,19,14,,,126.81121083149092,37.20624532787851,126.82813636053729,37.19406743365295,2024-10-24 14:49:34
990,27,13,14,,,126.82616035348669,37.19906917177046,126.81723306248497,37.2031661074167,2024-10-24 14:50:12
991,71,54,14,,,126.84097871718382,37.20449683478589,126.83246606954793,37.21008847407184,2024-10-24 14:50:49
992,26,48,14,,,126.8191729991478,37.19389390519495,126.82983416642011,37.21474187238784,2024-10-24 14:50:56
993,22,72,14,,,126.81644403503566,37.19494146128158,126.81243491479519,37.20753919142056,2024-10-24 14:51:42
994,50,39,14,,,126.82196521939831,37.21136138430172,126.82049886828418,37.19970133585485,2024-10-24 14:52:17
995,11,37,14,,,126.81442706368128,37.207934009009286,126.82167432653421,37.197817718528604,2024-10-24 14:53:39
996,21,33,14,,,126.81809206797354,37.196369446217254,126.82990105189262,37.20074158964323,2024-10-24 14:54:48
997,15,28,14,,,126.81617616235398,37.20655926376009,126.82955944114384,37.20404923931222,2024-10-24 14:54:52
998,58,15,14,,,126.83559945713276,37.20924224650496,126.81654220723779,37.205565662861154,2024-10-24 14:54:59
999,15,23,14,,,126.81677540612014,37.20587349945262,126.82151457040816,37.19081454283682,2024-10-24 14:55:59
1000,51,39,14,,,126.82064386175344,37.209444620105984,126.82125402811259,37.20066827011039,2024-10-24 14:56:32
1001,66,69,14,,,126.83797183577958,37.20306785517482,126.83771029432049,37.20584511565702,2024-10-24 14:56:48
1002,63,72,14,,,126.83471472681848,37.21215002928206,126.81085597748668,37.20623854958197,2024-10-24 14:57:00
1003,27,66,14,,,126.82594153387699,37.19982225253313,126.83821017214062,37.20312132014856,2024-10-24 14:57:05
1004,51,37,14,,,126.81898684039912,37.21092052829346,126.82104559021734,37.196956610867645,2024-10-24 14:57:35
1005,71,34,14,,,126.84058378236837,37.204732095556395,126.82215987325276,37.202915422900865,2024-10-24 14:57:40
1006,39,50,14,,,126.8206426561691,37.20105305117034,126.82200633829908,37.21118776465037,2024-10-24 14:57:57
1007,23,19,14,,,126.8200459717384,37.19084782343714,126.82913351271371,37.194169937278474,2024-10-24 14:58:50
1008,51,37,15,,,126.81962443601644,37.20965580339918,126.82173568341838,37.19801706881761,2024-10-24 15:00:06
1009,50,37,15,,,126.82188559612254,37.21174563433115,126.82197156877997,37.19734088902681,2024-10-24 15:00:14
1010,51,71,15,,,126.81936123052864,37.2096470626561,126.84019325671414,37.20478075518372,2024-10-24 15:00:25
1011,17,50,15,,,126.82667000668702,37.197037414447664,126.82242814087533,37.21060876957271,2024-10-24 15:00:46
1012,21,38,15,,,126.81791519172826,37.19688223542716,126.82481201638205,37.20101914524073,2024-10-24 15:01:39
1013,52,11,15,,,126.8300470363989,37.218223698268275,126.81517047078259,37.208924783917006,2024-10-24 15:01:59
1014,11,55,15,,,126.8144784786444,37.20871871204058,126.82909839487749,37.20826947127049,2024-10-24 15:02:33
1015,38,25,15,,,126.82407206746065,37.201361010623714,126.82012191277383,37.19526236290161,2024-10-24 15:02:37
1016,27,64,15,,,126.82668837346775,37.19907984301427,126.84230335636902,37.20292061762732,2024-10-24 15:02:42
1017,26,38,15,,,126.81747336432898,37.19303860326703,126.82456190165246,37.20072110455527,2024-10-24 15:02:58
1018,18,50,15,,,126.82471597394807,37.196036263075264,126.82288505457832,37.212442594164656,2024-10-24 15:03:26
1019,39,50,15,,,126.82229178360747,37.20061881098481,126.82267157718816,37.21142767158132,2024-10-24 15:03:43
1020,7,17,15,,,126.82788724069728,37.208478717229625,126.82705702993505,37.19611544522331,2024-10-24 15:05:16
1021,63,32,15,,,126.83483273371095,37.21126853907753,126.83290067926922,37.201650317381,2024-10-24 15:05:55
1022,50,48,15,,,126.82221328802001,37.21059857640067,126.83077901433245,37.21410037049063,2024-10-24 15:05:59
1023,39,50,15,,,126.82071077548665,37.20068419865079,126.8232550590877,37.21205797595893,2024-10-24 15:06:10
1024,50,64,15,,,126.8233380740637,37.21164324782621,126.84169189621583,37.20331137160428,2024-10-24 15:07:27
1025,70,50,15,,,126.8380646231245,37.20857004273372,126.82179252893145,37.2115286349991,2024-10-24 15:07:48
1026,14,65,15,,,126.81892446354603,37.20834357828235,126.83466469340829,37.20031712798474,2024-10-24 15:08:13
1027,51,26,15,,,126.81968745859858,37.21064796909191,126.8183486264584,37.1939860600659,2024-10-24 15:08:51
1028,30,37,15,,,126.831052197883,37.19834444331788,126.82186095678546,37.19750631136486,2024-10-24 15:08:59
1029,18,54,15,,,126.82367294865082,37.19536132894661,126.83276819323459,37.210684104569914,2024-10-24 15:09:01
1030,19,38,15,,,126.82826240617403,37.1949966737611,126.82431150964133,37.20111035004843,2024-10-24 15:09:12
1031,30,34,15,,,126.83139981035828,37.19878385876258,126.82160647625618,37.20326498452514,2024-10-24 15:10:25
1032,2,22,15,,,126.82166602916993,37.20514644514801,126.81535882572258,37.19542645116739,2024-10-24 15:10:39
1033,28,44,15,,,126.82990696815362,37.20251806487224,126.8201944616688,37.18868869802184,2024-10-24 15:10:43
1034,33,59,15,,,126.8294289539736,37.200300775286046,126.83168442214604,37.20827498072562,2024-10-24 15:10:47
1035,49,61,15,,,126.82751067247229,37.21342011323946,126.83394493564035,37.21636150978775,2024-10-24 15:10:54
1036,57,24,15,,,126.8320025592283,37.20470408428464,126.81885881454724,37.190902932407596,2024-10-24 15:11:19
1037,37,19,15,,,126.8222320019463,37.198277810123514,126.82884607491562,37.19576908676243,2024-10-24 15:12:05
1038,34,26,15,,,126.82268004907168,37.20210664319833,126.81856435325233,37.193761583588916,2024-10-24 15:12:36
1039,27,52,15,,,126.8275631254849,37.19898280913478,126.83108394362014,37.21768098781129,2024-10-24 15:12:43
1040,37,14,15,,,126.82107792498749,37.196876149831326,126.82032189836957,37.208541635415976,2024-10-24 15:13:11
1041,21,72,15,,,126.8178886636346,37.19671359129796,126.8108134960289,37.20763297557986,2024-10-24 15:13:37
1042,64,17,15,,,126.84240410491934,37.20408018605039,126.82637094582857,37.19581950979086,2024-10-24 15:13:47
1043,51,39,15,,,126.82069263876218,37.21101851783272,126.82115201682804,37.20006698734686,2024-10-24 15:14:09
1044,50,37,15,,,126.82167588650866,37.21059835127506,126.82033418877079,37.19773015746759,2024-10-24 15:14:10
1045,63,38,15,,,126.83470747471,37.211324631048114,126.82324363834763,37.201068143822624,2024-10-24 15:14:45
1046,50,37,15,,,126.82193560004761,37.21226484940507,126.82190098944974,37.19768087456226,2024-10-24 15:16:42
1047,38,26,15,,,126.82396007066879,37.20135711774644,126.81846854612944,37.193998030741,2024-10-24 15:16:46
1048,43,22,15,,,126.82357086299415,37.189706583710105,126.81522082547961,37.1956850792459,2024-10-24 15:17:04
1049,51,56,15,,,126.81931020984618,37.2109997801359,126.83455657738689,37.20565629854714,2024-10-24 15:17:22
1050,72,35,15,,,126.81142602098642,37.20800172529541,126.81935417610929,37.20237258764634,2024-10-24 15:17:36
1051,18,66,15,,,126.82372488557324,37.19485915056546,126.83663054623135,37.204455591841466,2024-10-24 15:17:55
1052,26,48,15,,,126.81866265997346,37.192633861075215,126.8302121236364,37.213760542057614,2024-10-24 15:18:31
1053,26,70,15,,,126.8191788817905,37.193853653849345,126.83703451606532,37.20925996758338,2024-10-24 15:18:31
1054,55,51,15,,,126.82966485429576,37.20979399478576,126.81976321110011,37.21016987068547,2024-10-24 15:19:08
1055,27,19,15,,,126.82692836502954,37.20031987962048,126.82862759152452,37.194497165997426,2024-10-24 15:19:58
1056,39,50,15,,,126.82105626149102,37.200786259092865,126.82196821362298,37.21083348687857,2024-10-24 15:20:47
1057,64,58,15,,,126.84180314682926,37.20380454477646,126.83577735650518,37.209202252573,2024-10-24 15:21:11
1058,33,60,15,,,126.8286053190391,37.2013448278841,126.83253352415409,37.21206817837186,2024-10-24 15:21:40
1059,18,32,15,,,126.82302039938037,37.195768852049405,126.83144082011931,37.20175130794267,2024-10-24 15:21:47
1060,70,50,15,,,126.83816098128305,37.21008510349354,126.82169436620187,37.21104582208852,2024-10-24 15:21:47
1061,50,55,15,,,126.82213725287548,37.21123765252613,126.82984119713863,37.20824784983429,2024-10-24 15:22:02
1062,37,51,15,,,126.82203592049882,37.19815715352147,126.82024709418594,37.210274500496794,2024-10-24 15:22:10
1063,50,60,15,,,126.82242866659081,37.211554619141985,126.83312025675289,37.21340087067378,2024-10-24 15:22:28
1064,55,50,15,,,126.83076260839889,37.20971158714562,126.82331860075718,37.21120770475602,2024-10-24 15:22:38
1065,71,34,15,,,126.84048121100201,37.2056235404896,126.8217751077433,37.20339598728627,2024-10-24 15:22:41
1066,29,39,15,,,126.82716734949783,37.20319486819344,126.82124884655788,37.19941449510208,2024-10-24 15:23:19
1067,70,50,15,,,126.83736083740078,37.20963826061266,126.82298737984921,37.21238706931266,2024-10-24 15:23:54
1068,70,71,15,,,126.83767166468957,37.208647129050185,126.84024765635762,37.204346622518024,2024-10-24 15:26:11
1069,37,18,15,,,126.82160342484134,37.19686871213592,126.8231303635535,37.1950946597429,2024-10-24 15:28:11
1070,21,33,15,,,126.81827329691393,37.19618995404777,126.8295020276755,37.20030725959007,2024-10-24 15:28:14
1071,33,69,15,,,126.82892096958737,37.201588175238804,126.83823765157318,37.20721493474042,2024-10-24 15:28:15
1072,33,10,15,,,126.83026582719556,37.201657154464826,126.81787623700566,37.20862856712952,2024-10-24 15:29:21
1073,70,71,15,,,126.83687671857155,37.20864098166619,126.83915632565375,37.20579524134684,2024-10-24 15:30:17
1074,50,26,15,,,126.82174076622503,37.21107807475006,126.81927401198885,37.194324774404734,2024-10-24 15:30:27
1075,42,28,15,,,126.83197615263963,37.19629602410604,126.82944771185834,37.202885184430926,2024-10-24 15:30:58
1076,50,50,15,,,126.82209975146749,37.21199918329323,126.8229163981383,37.210572193760434,2024-10-24 15:31:05
1077,72,32,15,,,126.8125367636901,37.2071170938236,126.83279062749295,37.20103394808933,2024-10-24 15:31:46
1078,23,50,15,,,126.82023145421776,37.19083861827237,126.82178697687806,37.21157652459099,2024-10-24 15:32:09
1079,52,29,15,,,126.83125351400676,37.21839193883481,126.82681647702617,37.20269182200483,2024-10-24 15:32:42
1080,64,51,15,,,126.84219678854184,37.202561633912445,126.82044242293539,37.210386333016075,2024-10-24 15:34:08
1081,28,60,15,,,126.82866236483675,37.20303307697951,126.83267049044233,37.21252457040843,2024-10-24 15:34:13
1082,38,72,15,,,126.82509403289866,37.20185003218607,126.81152097489914,37.206555702754,2024-10-24 15:35:14
1083,66,4,15,,,126.83663523019446,37.20426137614583,126.82207434563318,37.20913419233645,2024-10-24 15:35:14
1084,67,69,15,,,126.83517550938284,37.20335958466395,126.83811124218288,37.205768675802766,2024-10-24 15:35:32
1085,26,17,15,,,126.81845074433944,37.1940284008754,126.82739022370275,37.19701572422731,2024-10-24 15:35:43
1086,45,65,15,,,126.82551805307415,37.21299619419919,126.83468423520863,37.200961952469655,2024-10-24 15:35:45
1087,50,37,15,,,126.82259534203435,37.21211542280262,126.82069449435491,37.19741053730368,2024-10-24 15:37:06
1088,50,60,15,,,126.82232100786072,37.210630365408214,126.83361496514516,37.21225325813911,2024-10-24 15:37:34
1089,1,70,15,,,126.81625948921831,37.198218620029174,126.83773947281047,37.20872810355381,2024-10-24 15:37:58
1090,51,55,15,,,126.81911934061482,37.21103147616595,126.83036658358293,37.2093937531004,2024-10-24 15:38:15
1091,20,42,15,,,126.81614076469876,37.19267902991751,126.8306941718177,37.19560788483648,2024-10-24 15:38:18
1092,50,26,15,,,126.82310471913046,37.21224312448229,126.81764235897765,37.192851938770644,2024-10-24 15:38:36
1093,70,71,15,,,126.83696121894158,37.20902917944646,126.83973289141761,37.20521518229856,2024-10-24 15:39:11
1094,18,51,15,,,126.82316541059834,37.19569845128275,126.81948330955544,37.209998955188524,2024-10-24 15:39:16
1095,71,33,15,,,126.84043566342638,37.20524759791125,126.82902552200342,37.200557455395376,2024-10-24 15:40:27
1096,37,51,15,,,126.82102149500464,37.19789426727096,126.81991767449702,37.210045184113035,2024-10-24 15:41:30
1097,51,21,15,,,126.81921398482626,37.21111498506991,126.81882316949356,37.19649315822106,2024-10-24 15:41:33
1098,50,50,15,,,126.82277906780435,37.21182236289753,126.82250372856723,37.21164507885195,2024-10-24 15:41:43
1099,37,3,15,,,126.82072511173567,37.19688542640863,126.82455893387566,37.21014085040671,2024-10-24 15:41:48
1100,53,59,15,,,126.83049288617067,37.206218134169916,126.83237258771534,37.208169634800164,2024-10-24 15:42:49
1101,34,21,15,,,126.82125573021479,37.20392074681623,126.81779022406593,37.196901088612975,2024-10-24 15:43:28
1102,69,61,15,,,126.83723601528123,37.2075079864493,126.83267372916004,37.215210080419425,2024-10-24 15:43:36
1103,37,12,15,,,126.82196500553206,37.19717152251342,126.81852243702373,37.20477155286861,2024-10-24 15:44:20
1104,50,37,15,,,126.82219967690372,37.21145193765478,126.82146095087573,37.1965824135459,2024-10-24 15:45:01
1105,30,31,15,,,126.83202609403038,37.19915582555525,126.8285709428865,37.197305141593525,2024-10-24 15:46:17
1106,37,6,15,,,126.8205289199222,37.19798325621066,126.82433020964238,37.204827409335216,2024-10-24 15:46:58
1107,10,23,15,,,126.81764920764249,37.20974395812943,126.82109794438158,37.190983850149095,2024-10-24 15:47:04
1108,26,38,15,,,126.81738992125493,37.19392520104192,126.82449590495952,37.201485722327924,2024-10-24 15:47:27
1109,40,55,15,,,126.83111287627943,37.19339271210448,126.82903637368544,37.208759438343556,2024-10-24 15:47:31
1110,71,54,15,,,126.83996658197405,37.20492520834229,126.83309232022872,37.21056243044345,2024-10-24 15:47:41
1111,27,27,15,,,126.82626045467866,37.198784266158455,126.82669266403036,37.20031860422583,2024-10-24 15:48:26
1112,66,54,15,,,126.83660146785569,37.20463756197323,126.83175994835189,37.20981543712954,2024-10-24 15:48:43
1113,50,72,15,,,126.82324715752188,37.211877822231685,126.81121624175731,37.20814855895875,2024-10-24 15:49:25
1114,55,37,15,,,126.83009690387645,37.209468911727946,126.8214155419515,37.19646104057208,2024-10-24 15:49:29
1115,44,40,15,,,126.81981813912326,37.18822503018902,126.83105262962813,37.19319869473144,2024-10-24 15:50:03
1116,23,18,15,,,126.82171131696558,37.1909021980688,126.82445874404533,37.19654245198075,2024-10-24 15:50:29
1117,38,3,15,,,126.82424116704588,37.2014635813435,126.82524863630763,37.21004888228532,2024-10-24 15:50:41
1118,58,25,15,,,126.8358487184244,37.208075217441056,126.82058007577501,37.19502802272791,2024-10-24 15:51:18
1119,71,50,15,,,126.84019099223707,37.20551751309905,126.82298407516858,37.210686346023834,2024-10-24 15:51:35
1120,50,26,15,,,126.82221853755478,37.21192460865093,126.81889040507454,37.193146727188775,2024-10-24 15:52:30
1121,12,18,15,,,126.82000699658434,37.204457440963424,126.82458173150992,37.19555760138439,2024-10-24 15:52:37
1122,1,42,15,,,126.81649570392561,37.19872116346394,126.8316582101636,37.19566730742895,2024-10-24 15:52:40
1123,20,52,15,,,126.81603890513516,37.19230716770459,126.8298840649819,37.217711649202954,2024-10-24 15:53:01
1124,72,40,15,,,126.81129138932688,37.207897585259886,126.83045747324746,37.19327491136053,2024-10-24 15:53:50
1125,21,60,15,,,126.81786831815062,37.196227293053504,126.8335324931033,37.21209896678096,2024-10-24 15:54:48
1126,51,37,15,,,126.81991347626315,37.20977920359352,126.82221926198626,37.19784077784617,2024-10-24 15:55:09
1127,6,11,15,,,126.82453365696475,37.20373573772664,126.81376078581253,37.2083952631905,2024-10-24 15:55:22
1128,54,71,15,,,126.83315705771689,37.21002138062451,126.83965410112583,37.20565886800346,2024-10-24 15:55:34
1129,29,13,15,,,126.82774175937634,37.20338124073637,126.8160143469201,37.20460592518917,2024-10-24 15:55:37
1130,23,38,15,,,126.82049997788036,37.1913684922199,126.82377908437563,37.201928273988536,2024-10-24 15:55:59
1131,66,72,15,,,126.83654394766475,37.204096516729926,126.81073414668975,37.207109753879024,2024-10-24 15:57:53
1132,50,39,15,,,126.82253555960315,37.21056537785865,126.82114665448977,37.20044547599558,2024-10-24 15:58:17
1133,32,50,15,,,126.83237628994864,37.20102272400496,126.82319849960311,37.21229780001463,2024-10-24 15:58:53
1134,50,6,16,,,126.82325919631876,37.211531279681104,126.82426479798069,37.20411649177108,2024-10-24 16:00:15
1135,48,24,16,,,126.82973254189281,37.2155368984929,126.81899541461331,37.190993219212096,2024-10-24 16:01:16
1136,31,34,16,,,126.8282552416038,37.197423916947365,126.82241102839762,37.203065438974015,2024-10-24 16:01:51
1137,37,42,16,,,126.8213233333716,37.196618332352635,126.83223936242271,37.195823049344604,2024-10-24 16:02:48
1138,37,64,16,,,126.82157395770426,37.19830061464661,126.84341753465185,37.20392439663223,2024-10-24 16:03:52
1139,14,27,16,,,126.82010509538314,37.20678507126377,126.82743605474947,37.200359581807916,2024-10-24 16:04:11
1140,51,26,16,,,126.81897713835292,37.20966088010931,126.81874573580117,37.19335799922637,2024-10-24 16:04:18
1141,37,54,16,,,126.82045614418608,37.196447526533206,126.83256377283124,37.2094012890634,2024-10-24 16:04:38
1142,23,42,16,,,126.82103357635395,37.19183983563105,126.83181220955524,37.19560585576368,2024-10-24 16:05:20
1143,55,50,16,,,126.83071201158003,37.2093503583584,126.82239445568551,37.212474077920575,2024-10-24 16:06:31
1144,37,51,16,,,126.82142910033485,37.19693429154897,126.82004524698596,37.210341606317094,2024-10-24 16:06:42
1145,46,47,16,,,126.8293515060707,37.21099789674216,126.82807990973343,37.211302226237315,2024-10-24 16:07:03
1146,58,71,16,,,126.83598280216069,37.208939488371755,126.84062639766871,37.20434043174796,2024-10-24 16:07:07
1147,6,59,16,,,126.82469158547134,37.20378687231989,126.83251313869647,37.20796263947637,2024-10-24 16:07:18
1148,38,21,16,,,126.8236755197533,37.20171101970858,126.81944904532007,37.19627678399761,2024-10-24 16:07:34
1149,1,9,16,,,126.81603874892521,37.19778016526041,126.81463841531057,37.20478350999958,2024-10-24 16:07:42
1150,23,18,16,,,126.82173691063483,37.19195365960506,126.82418161028099,37.194849118801905,2024-10-24 16:07:43
1151,66,36,16,,,126.83675810572736,37.20382342195437,126.82348442290379,37.198221512716984,2024-10-24 16:09:18
1152,50,37,16,,,126.82143010338326,37.21057191025243,126.8207377169298,37.19841637083046,2024-10-24 16:09:33
1153,35,72,16,,,126.81966726240775,37.20216444658791,126.81214738974346,37.20785123051327,2024-10-24 16:09:54
1154,58,37,16,,,126.83421931067194,37.20879893987238,126.82083087570716,37.19771332538435,2024-10-24 16:10:54
1155,72,39,16,,,126.81235771137216,37.20758261104987,126.82053325926162,37.200733478461025,2024-10-24 16:11:02
1156,28,43,16,,,126.82985098521578,37.203627040412414,126.82374847028782,37.18964194056725,2024-10-24 16:11:32
1157,70,50,16,,,126.83792424447489,37.209695772190436,126.82220276645707,37.21095991826421,2024-10-24 16:11:36
1158,11,33,16,,,126.81348170005727,37.208582357830515,126.82946264995904,37.201527509382515,2024-10-24 16:11:48
1159,32,63,16,,,126.83272325462573,37.2023452487346,126.83452625214983,37.210960126199424,2024-10-24 16:12:20
1160,66,29,16,,,126.83681112139816,37.20365900634411,126.82682230141174,37.20234249808317,2024-10-24 16:13:39
1161,37,4,16,,,126.82194441273761,37.19757911849881,126.82168439980379,37.20779370264504,2024-10-24 16:14:23
1162,37,55,16,,,126.82076453888142,37.197874105023224,126.8302253439072,37.20818060000371,2024-10-24 16:14:58
1163,54,52,16,,,126.83289296440182,37.21106965371474,126.83001900617306,37.21663485515242,2024-10-24 16:16:19
1164,37,51,16,,,126.82143819524934,37.19789223062268,126.81936947795384,37.20980924049947,2024-10-24 16:16:30
1165,31,49,16,,,126.82932181679055,37.19735438758754,126.82726336989495,37.213213190206275,2024-10-24 16:18:58
1166,70,71,16,,,126.83767495393231,37.20856853701268,126.83955107652035,37.20573385347372,2024-10-24 16:19:03
1167,17,21,16,,,126.82656148227606,37.19654960556206,126.81893971477622,37.19573420608339,2024-10-24 16:19:53
1168,70,50,16,,,126.83839782712919,37.20974680126443,126.82260243035316,37.21177651210294,2024-10-24 16:20:08
1169,71,58,16,,,126.84105331695112,37.20446678132362,126.83547115068596,37.20749051493104,2024-10-24 16:20:11
1170,28,1,16,,,126.82966575798962,37.20393526384969,126.8160625866217,37.19720011914535,2024-10-24 16:20:45
1171,24,9,16,,,126.81893679771146,37.190938626901485,126.81312409908135,37.205511973433204,2024-10-24 16:21:19
1172,17,50,16,,,126.82699431276573,37.19636911091018,126.82321637741741,37.21185963153037,2024-10-24 16:21:36
1173,66,54,16,,,126.83775421694058,37.20316236509774,126.83194489142325,37.20931277793311,2024-10-24 16:22:55
1174,50,38,16,,,126.82146500323921,37.21207607073901,126.82478305568713,37.200556086658715,2024-10-24 16:23:03
1175,50,35,16,,,126.82198503032528,37.21116739310085,126.82001784646478,37.20108374775054,2024-10-24 16:24:30
1176,19,4,16,,,126.8284306076113,37.19425422539097,126.8220190398142,37.20774742055618,2024-10-24 16:24:31
1177,18,51,16,,,126.82465703837528,37.19649114398067,126.8198147252634,37.20942107575842,2024-10-24 16:25:12
1178,38,5,16,,,126.82496864270577,37.20163250169909,126.82801178018606,37.20534815432347,2024-10-24 16:25:39
1179,50,37,16,,,126.82197711486265,37.21182198185248,126.82047428270063,37.19720381316153,2024-10-24 16:26:13
1180,50,26,16,,,126.82301532749108,37.21240882436703,126.81848763200084,37.1934918232612,2024-10-24 16:26:14
1181,21,58,16,,,126.81794826326762,37.19605348730412,126.8352889564708,37.208667801116775,2024-10-24 16:26:15
1182,50,37,16,,,126.82246047826673,37.21062649893687,126.82132862676066,37.19703906547042,2024-10-24 16:26:32
1183,37,19,16,,,126.82055104632904,37.197372782872684,126.8278899151988,37.19577538422885,2024-10-24 16:26:37
1184,10,33,16,,,126.8164873276964,37.20951933425318,126.82863231395659,37.20015316498646,2024-10-24 16:27:21
1185,51,21,16,,,126.82064637128654,37.210067859012234,126.81785134000421,37.19649480686394,2024-10-24 16:27:26
1186,37,3,16,,,126.82073664154535,37.19796433928944,126.82511556053959,37.20964646465313,2024-10-24 16:28:11
1187,55,37,16,,,126.8294578274745,37.20812165656121,126.82132114470899,37.19665861935658,2024-10-24 16:28:35
1188,21,39,16,,,126.81848546991867,37.19658936980623,126.822124575164,37.20008715443695,2024-10-24 16:29:03
1189,46,14,16,,,126.83049735775036,37.2113649479493,126.8199018288388,37.208429223699795,2024-10-24 16:29:26
1190,71,19,16,,,126.84083905888883,37.2051475905916,126.82816412852216,37.195218372021216,2024-10-24 16:29:38
1191,58,56,16,,,126.83536671817016,37.20796141816156,126.83481502496359,37.206423078479645,2024-10-24 16:29:40
1192,18,32,16,,,126.82455147517115,37.19612457503434,126.83216467972532,37.20272708323506,2024-10-24 16:29:40
1193,66,33,16,,,126.83822557011445,37.20319782411228,126.8290889339852,37.20057576460952,2024-10-24 16:29:45
1194,11,63,16,,,126.81523767814484,37.207609481321064,126.83457493848607,37.2104136454784,2024-10-24 16:30:23
1195,32,50,16,,,126.83135002449966,37.20148603838171,126.82185176593391,37.21206556908575,2024-10-24 16:30:29
1196,27,50,16,,,126.82656800752427,37.19961038495555,126.8222214063866,37.21196814277007,2024-10-24 16:30:59
1197,72,67,16,,,126.81091911497906,37.20710352335905,126.83405429140896,37.203233494073984,2024-10-24 16:31:03
1198,50,37,16,,,126.82195929150852,37.21202141983694,126.82136969761048,37.196829844653884,2024-10-24 16:31:22
1199,55,64,16,,,126.83030520377663,37.20965317904487,126.84190399471939,37.202806331525906,2024-10-24 16:31:41
1200,10,37,16,,,126.81669160542918,37.20910589525729,126.82144268706521,37.19805143512094,2024-10-24 16:32:55
1201,60,38,16,,,126.83203786826002,37.21303901911431,126.82405849006103,37.20079031210336,2024-10-24 16:33:06
1202,21,33,16,,,126.81952663125438,37.196658726236656,126.82858871391396,37.199937334355454,2024-10-24 16:33:13
1203,11,55,16,,,126.81451806223922,37.207485779037626,126.82918185727823,37.208763272667206,2024-10-24 16:33:13
1204,51,56,16,,,126.81870911273744,37.20958083434565,126.83532221220503,37.20649519320551,2024-10-24 16:33:14
1205,54,71,16,,,126.83184793081185,37.21041757412918,126.83965781316577,37.20564162372797,2024-10-24 16:34:07
1206,70,71,16,,,126.83881006187394,37.209517956095866,126.84072939168503,37.20517181827412,2024-10-24 16:35:37
1207,23,37,16,,,126.82178077189077,37.19276028023833,126.82119061932177,37.19798134334566,2024-10-24 16:35:56
1208,19,70,16,,,126.82821300933112,37.19445726090654,126.83792957635669,37.20881766703011,2024-10-24 16:37:12
1209,51,39,16,,,126.81918195396668,37.20974940138371,126.82075117406828,37.200402876671326,2024-10-24 16:37:46
1210,71,33,16,,,126.83989095733928,37.20578516012016,126.83029682038449,37.199754231255326,2024-10-24 16:39:09
1211,22,7,16,,,126.81684930432436,37.19499607980518,126.82771119739375,37.20816785533154,2024-10-24 16:39:20
1212,60,39,16,,,126.83229365205413,37.21266115630773,126.821135802232,37.20059261015955,2024-10-24 16:39:34
1213,19,54,16,,,126.82850244373783,37.19482336540449,126.83243501851472,37.20995905372352,2024-10-24 16:40:17
1214,52,35,16,,,126.83049144972354,37.2183334430124,126.81956894028924,37.20258818201067,2024-10-24 16:40:31
1215,6,50,16,,,126.82440858197768,37.204284489379404,126.82280792034463,37.21131188563965,2024-10-24 16:41:15
1216,45,59,16,,,126.82535527175662,37.212366904852175,126.8325289118782,37.206594638534526,2024-10-24 16:41:39
1217,37,50,16,,,126.82197745801354,37.19825968774399,126.82191354980374,37.21117044848841,2024-10-24 16:41:40
1218,18,50,16,,,126.82352963417416,37.196661835887504,126.82196774349804,37.21075562506929,2024-10-24 16:41:44
1219,15,9,16,,,126.81730082479967,37.207142635931525,126.81400848112159,37.20576366969751,2024-10-24 16:43:25
1220,37,72,16,,,126.82217633734261,37.196667183973645,126.81185123871842,37.206348774822175,2024-10-24 16:43:33
1221,38,51,16,,,126.82515934302263,37.2012265999714,126.8200791077313,37.21095810738994,2024-10-24 16:43:36
1222,50,37,16,,,126.82244862676542,37.21068184762482,126.82042166023649,37.198345454755156,2024-10-24 16:44:10
1223,50,60,16,,,126.82172387219022,37.21076158914226,126.83251082393285,37.21210912767387,2024-10-24 16:44:17
1224,50,55,16,,,126.82319373192864,37.21053863968892,126.82947191456304,37.20934926064475,2024-10-24 16:44:38
1225,23,57,16,,,126.81996959897229,37.19271394413599,126.8328196231618,37.20482949633056,2024-10-24 16:45:18
1226,48,48,16,,,126.82973804828981,37.21452484134898,126.83021749407322,37.214403535445754,2024-10-24 16:45:22
1227,50,48,16,,,126.82325955375153,37.211546752953765,126.83050795612864,37.21548427376625,2024-10-24 16:45:33
1228,38,72,16,,,126.8238156565311,37.20185947345958,126.81078986126978,37.20649993413735,2024-10-24 16:45:34
1229,21,33,16,,,126.81759988670512,37.19559397115002,126.82860226515034,37.200962561349776,2024-10-24 16:45:44
1230,50,37,16,,,126.82154909914165,37.21121903591818,126.8217313950332,37.19768918624938,2024-10-24 16:47:01
1231,37,51,16,,,126.82088728632287,37.19841003340515,126.81871161708101,37.20944054510854,2024-10-24 16:47:07
1232,53,24,16,,,126.82904861319211,37.20555068313564,126.81803046542827,37.19025444816871,2024-10-24 16:47:15
1233,71,34,16,,,126.83912265474136,37.2055258693132,126.82166667656395,37.20311649020798,2024-10-24 16:50:04
1234,50,50,16,,,126.82322900579581,37.2116592050998,126.82166255511676,37.210574269010024,2024-10-24 16:50:35
1235,32,31,16,,,126.831348453465,37.20096960353036,126.82839249249709,37.19803382588956,2024-10-24 16:50:36
1236,37,18,16,,,126.82210566516453,37.198320107260265,126.82408825925918,37.19515631521396,2024-10-24 16:50:56
1237,71,54,16,,,126.84051898620035,37.20401350251451,126.83193731242814,37.21109334228505,2024-10-24 16:51:24
1238,39,12,16,,,126.82126161316963,37.199363679827556,126.81876388879068,37.20578057880871,2024-10-24 16:53:03
1239,63,4,16,,,126.83481301334623,37.21049469594482,126.82198079972667,37.2081592877948,2024-10-24 16:53:10
1240,11,14,16,,,126.81446033364057,37.20921754376908,126.81985929451692,37.20728840692338,2024-10-24 16:53:32
1241,51,39,16,,,126.81991954775832,37.211114122550704,126.82051569296671,37.2007942283431,2024-10-24 16:54:00
1242,50,64,16,,,126.82260182595111,37.21069509815594,126.84164447196402,37.20392418267204,2024-10-24 16:54:10
1243,58,6,16,,,126.83582064285831,37.207757089436086,126.82438771232137,37.20495810160665,2024-10-24 16:54:22
1244,37,21,16,,,126.82161773347764,37.1973212449584,126.81894243382207,37.19726639828865,2024-10-24 16:54:25
1245,71,50,16,,,126.83925141203974,37.20538196354416,126.82154555722016,37.21149108376202,2024-10-24 16:54:28
1246,27,70,16,,,126.82596455906568,37.19917429462601,126.83801400623713,37.209929631624455,2024-10-24 16:54:29
1247,51,18,16,,,126.81936935096815,37.20982467141045,126.82419709614805,37.19636078448649,2024-10-24 16:54:55
1248,21,38,16,,,126.818488738509,37.19617458377559,126.82437770730091,37.20189756929033,2024-10-24 16:55:01
1249,45,52,16,,,126.82494545506799,37.21211096566655,126.83151617783557,37.217543056301274,2024-10-24 16:55:29
1250,12,18,16,,,126.81988714303655,37.20498147250453,126.82401121757293,37.195343809076384,2024-10-24 16:55:34
1251,50,72,16,,,126.82237366116537,37.21071317607569,126.81108301219818,37.207774352518726,2024-10-24 16:55:48
1252,37,12,16,,,126.82059594746065,37.19665559243999,126.81885014583895,37.20458615127997,2024-10-24 16:55:56
1253,50,38,16,,,126.82331252245203,37.212124069848755,126.82384741848729,37.200352549013154,2024-10-24 16:56:57
1254,51,26,16,,,126.81912112842265,37.21134877391004,126.81770003952722,37.19261886366933,2024-10-24 16:57:06
1255,19,71,16,,,126.82954611449205,37.195883792842736,126.84105032571857,37.20429719111331,2024-10-24 16:57:34
1256,50,21,16,,,126.82300392548024,37.2119560485175,126.81802837488415,37.195483072214316,2024-10-24 16:57:37
1257,21,72,16,,,126.81900094119817,37.196804699603156,126.812494996053,37.206714502970314,2024-10-24 16:57:48
1258,67,69,16,,,126.8345208475912,37.202758292885264,126.83703396167004,37.20724439444652,2024-10-24 16:58:08
1259,72,71,16,,,126.81157045872449,37.20691684299526,126.84077617893455,37.20525546113727,2024-10-24 16:59:29
1260,50,6,17,,,126.82289404224106,37.212049898291255,126.8236083174095,37.203220166744906,2024-10-24 17:01:17
1261,18,60,17,,,126.82318589546905,37.19643257999206,126.83318549332549,37.21390410910307,2024-10-24 17:01:30
1262,18,51,17,,,126.82466038855311,37.19527533147441,126.81895871948528,37.21050225904634,2024-10-24 17:01:32
1263,27,58,17,,,126.82731129657245,37.19938831857862,126.83431804173185,37.20835059998444,2024-10-24 17:01:41
1264,54,71,17,,,126.83299071047853,37.209547212839894,126.84082481409068,37.205547421470584,2024-10-24 17:02:14
1265,50,21,17,,,126.82271454701937,37.21063300839751,126.81914142282847,37.19685197338595,2024-10-24 17:02:57
1266,27,71,17,,,126.82601984223287,37.199801361154094,126.84061798034409,37.20504152421562,2024-10-24 17:03:45
1267,72,69,17,,,126.81137041648802,37.207220541245526,126.83689519984955,37.2060192026581,2024-10-24 17:04:05
1268,13,43,17,,,126.81733113948727,37.203084399517266,126.82305507513922,37.18923305165015,2024-10-24 17:04:28
1269,37,18,17,,,126.82098426568812,37.19762138635796,126.82359337636507,37.195649964401426,2024-10-24 17:04:33
1270,1,23,17,,,126.81649776683507,37.19784704215487,126.82040661509795,37.19185496269598,2024-10-24 17:04:49
1271,50,37,17,,,126.82287177019829,37.21079162763064,126.8214202493723,37.196978355032066,2024-10-24 17:06:11
1272,55,50,17,,,126.82996765688345,37.20925022692588,126.82245815894464,37.21160808147256,2024-10-24 17:07:28
1273,50,50,17,,,126.8220079347172,37.212023332568144,126.82241882933482,37.21143231706721,2024-10-24 17:07:42
1274,47,15,17,,,126.82837225490816,37.21148482542243,126.8164098162966,37.20648199365554,2024-10-24 17:07:57
1275,54,60,17,,,126.8323010068202,37.20996073424734,126.83281546174068,37.212761884805,2024-10-24 17:08:07
1276,48,48,17,,,126.82971955201468,37.21545750412551,126.82968552170419,37.214197022568456,2024-10-24 17:08:47
1277,48,50,17,,,126.83028444348717,37.21570609284226,126.82160281856078,37.212026561050735,2024-10-24 17:08:53
1278,20,39,17,,,126.81528241919983,37.19324360008803,126.82093799619038,37.20081744047946,2024-10-24 17:09:00
1279,39,50,17,,,126.82123046070437,37.20027524656036,126.82206000035487,37.21147031172469,2024-10-24 17:09:20
1280,33,58,17,,,126.82951014479146,37.201336805929024,126.83473954174634,37.207745933168006,2024-10-24 17:09:31
1281,23,38,17,,,126.82166905771498,37.19268870015017,126.82510914860214,37.20063181897617,2024-10-24 17:09:55
1282,37,33,17,,,126.82201738119598,37.19706296593402,126.82864089108105,37.199936777652134,2024-10-24 17:09:58
1283,29,39,17,,,126.8267087669361,37.202832445108186,126.82050881389638,37.2000111303043,2024-10-24 17:10:05
1284,23,18,17,,,126.82004726980513,37.19111563146851,126.82387028968398,37.19667653866665,2024-10-24 17:10:28
1285,41,36,17,,,126.83354491015633,37.196400790994936,126.82332186741175,37.19794655934951,2024-10-24 17:11:07
1286,33,27,17,,,126.83025499472383,37.20127712843457,126.82742240039315,37.19943272313166,2024-10-24 17:11:10
1287,55,37,17,,,126.82925552594428,37.20909547569594,126.82123565652053,37.19785505009042,2024-10-24 17:11:12
1288,51,37,17,,,126.82064507973607,37.20954880995253,126.82145066832702,37.19710086700383,2024-10-24 17:11:31
1289,15,3,17,,,126.81769992322474,37.20609970257116,126.82439229667901,37.20898482447753,2024-10-24 17:12:12
1290,22,67,17,,,126.81657150077922,37.19620855193318,126.83501711186446,37.20321294283204,2024-10-24 17:12:26
1291,37,66,17,,,126.82145827164317,37.197952982469445,126.83701500960284,37.20324221340976,2024-10-24 17:12:30
1292,8,28,17,,,126.8249146137559,37.207029861251804,126.83004289972338,37.203956080550654,2024-10-24 17:16:17
1293,37,19,17,,,126.82121282809373,37.19767959580612,126.82810535648662,37.19542331895449,2024-10-24 17:17:36
1294,37,51,17,,,126.82153324093723,37.19714593060704,126.81879209454905,37.2113297018477,2024-10-24 17:18:36
1295,58,13,17,,,126.83418937344243,37.20809962016908,126.81723704982883,37.20279792925659,2024-10-24 17:19:25
1296,69,54,17,,,126.83718889507958,37.20625402547982,126.83328109446366,37.21034051588024,2024-10-24 17:19:37
1297,26,17,17,,,126.81886146754134,37.19446690169231,126.82673939490918,37.197757771713675,2024-10-24 17:19:47
1298,37,51,17,,,126.8221333807066,37.197482828370944,126.82022754962304,37.21044712211633,2024-10-24 17:19:54
1299,38,3,17,,,126.82453878257809,37.20197335643448,126.82521129864551,37.20936823925426,2024-10-24 17:21:35
1300,23,33,17,,,126.82010932356499,37.19274916716815,126.8302652047352,37.200562641057935,2024-10-24 17:21:38
1301,62,59,17,,,126.83835876743026,37.2114301388537,126.8324771672105,37.207222723677255,2024-10-24 17:22:15
1302,50,55,17,,,126.82214893640604,37.21148793927242,126.83045889830355,37.209026408011674,2024-10-24 17:22:23
1303,71,33,17,,,126.84018827022213,37.20453538639522,126.829168485158,37.2007279101785,2024-10-24 17:22:59
1304,65,47,17,,,126.83405913193484,37.1993448240543,126.82692895265646,37.211785991439854,2024-10-24 17:23:10
1305,47,52,17,,,126.82713480392123,37.210191550253576,126.82989619902057,37.21804853316101,2024-10-24 17:23:21
1306,32,50,17,,,126.83295427302612,37.20144921478863,126.8215545714341,37.21224911714671,2024-10-24 17:23:32
1307,18,54,17,,,126.82419665782989,37.19552925253657,126.83205000974193,37.20923643909076,2024-10-24 17:23:40
1308,71,34,17,,,126.84035848725966,37.20557996003022,126.82231639130939,37.20265794078462,2024-10-24 17:23:42
1309,58,18,17,,,126.83530101342544,37.20907776145725,126.82397154534246,37.196219380631234,2024-10-24 17:23:48
1310,50,37,17,,,126.82238064300292,37.210821628347226,126.82074439171147,37.197880711890086,2024-10-24 17:24:02
1311,10,37,17,,,126.81701730905712,37.210134128415895,126.82036966666112,37.197269461961376,2024-10-24 17:24:04
1312,47,21,17,,,126.82740931121822,37.21012516389822,126.81862292341891,37.197318036311714,2024-10-24 17:24:45
1313,7,17,17,,,126.82638318097847,37.20796226192641,126.82670196476303,37.196502506233415,2024-10-24 17:24:57
1314,50,38,17,,,126.82174962573012,37.211896779488725,126.82338349728494,37.20166676383761,2024-10-24 17:25:01
1315,12,58,17,,,126.8201381422237,37.20538846940887,126.83601483124325,37.2090762463554,2024-10-24 17:25:07
1316,21,19,17,,,126.81911618067448,37.19728432093979,126.82857243090932,37.19412946663015,2024-10-24 17:25:23
1317,11,44,17,,,126.81429836506238,37.20794758648024,126.81983522811412,37.18903130695357,2024-10-24 17:25:27
1318,34,21,17,,,126.82152705916303,37.20223114331271,126.81840570922812,37.19717169383564,2024-10-24 17:25:39
1319,64,5,17,,,126.84216139947087,37.20339418543947,126.8270541664037,37.20441146806105,2024-10-24 17:25:47
1320,58,25,17,,,126.83482336552433,37.20765335470058,126.82073961946274,37.19432307485963,2024-10-24 17:25:58
1321,51,26,17,,,126.82001176127426,37.21029550583102,126.81763987935314,37.192697702398085,2024-10-24 17:27:03
1322,51,55,17,,,126.82002801876786,37.21013158374396,126.83096159586333,37.21001279411417,2024-10-24 17:27:19
1323,51,32,17,,,126.82064980645745,37.21080946336229,126.8327840810308,37.20222936904094,2024-10-24 17:27:20
1324,51,39,17,,,126.82037088301037,37.20966491346561,126.82104146897872,37.20068930606847,2024-10-24 17:27:35
1325,19,17,17,,,126.82917771012194,37.19519223796829,126.8263779162295,37.19734328896744,2024-10-24 17:28:06
1326,62,60,17,,,126.83843514880972,37.21188862138083,126.83386767882605,37.21318519014629,2024-10-24 17:28:45
1327,71,50,17,,,126.83968211956517,37.20531556992616,126.82188190375804,37.21132914217651,2024-10-24 17:29:33
1328,23,19,17,,,126.82018242830169,37.19131393643657,126.82793556729591,37.195159803242,2024-10-24 17:30:05
1329,21,72,17,,,126.81881394165997,37.19725530055402,126.81171250052066,37.20649758183902,2024-10-24 17:31:07
1330,55,51,17,,,126.83069525239894,37.209064338589094,126.81947743438693,37.21043275922772,2024-10-24 17:32:04
1331,37,3,17,,,126.82159257359082,37.19667195755982,126.8241991558203,37.20934147270291,2024-10-24 17:32:15
1332,55,62,17,,,126.82974214486997,37.20929460671595,126.83857617339193,37.212708359177796,2024-10-24 17:33:46
1333,50,50,17,,,126.82278883600269,37.21202506103395,126.82146059129859,37.211614777920836,2024-10-24 17:33:50
1334,51,60,17,,,126.82057947075684,37.2098810327162,126.83337174597486,37.21206865871577,2024-10-24 17:33:56
1335,51,56,17,,,126.82023066385884,37.20997717039659,126.83441010942883,37.204858992628985,2024-10-24 17:34:54
1336,37,21,17,,,126.82029583682818,37.197889518252275,126.81873999019409,37.19586194721096,2024-10-24 17:34:59
1337,4,30,17,,,126.82250491474512,37.20957569553152,126.83099697791685,37.199706884580465,2024-10-24 17:35:08
1338,71,51,17,,,126.84058229806242,37.20489511374218,126.81873187139192,37.20978059083198,2024-10-24 17:35:10
1339,23,38,17,,,126.8216543030874,37.19139624158112,126.8241676821072,37.20112883710372,2024-10-24 17:36:25
1340,54,38,17,,,126.83357704941437,37.21028671456147,126.82402966108678,37.20038290948765,2024-10-24 17:36:54
1341,24,46,17,,,126.8177921884584,37.19166375074585,126.83015850276378,37.21233907766607,2024-10-24 17:37:17
1342,45,35,17,,,126.82566946596832,37.21298616573816,126.81985587719225,37.20180805091902,2024-10-24 17:37:37
1343,34,26,17,,,126.82184397053433,37.20297848668457,126.81775165935274,37.19435743479972,2024-10-24 17:37:56
1344,43,17,17,,,126.82393654249731,37.190285290868644,126.8264698107536,37.19682094589097,2024-10-24 17:38:08
1345,50,37,17,,,126.82301854718196,37.21063718775297,126.82131842414796,37.19795009177709,2024-10-24 17:38:55
1346,50,26,17,,,126.8231817239066,37.21091131604828,126.81805621156276,37.192897254227056,2024-10-24 17:41:04
1347,28,72,17,,,126.83042514977124,37.2036914760652,126.81136399688799,37.20799289597449,2024-10-24 17:41:10
1348,72,59,17,,,126.81245553880467,37.207881551370335,126.83290087770163,37.20824704946525,2024-10-24 17:41:56
1349,70,50,17,,,126.83700264886963,37.21002530534999,126.82156884140262,37.21218888744318,2024-10-24 17:42:38
1350,68,69,17,,,126.84040514529333,37.20286751261444,126.83766592258847,37.20740447625787,2024-10-24 17:43:22
1351,53,29,17,,,126.83029758168684,37.206800117790266,126.82625734948883,37.20298598039396,2024-10-24 17:45:07
1352,60,39,17,,,126.8323653934399,37.21249766945194,126.82065431578754,37.19986310412432,2024-10-24 17:45:08
1353,54,8,17,,,126.83268147793663,37.210189272582305,126.82523550015,37.20703546982879,2024-10-24 17:45:11
1354,19,21,17,,,126.82955000485937,37.19542855591859,126.81818484587677,37.1962333854504,2024-10-24 17:45:27
1355,28,27,17,,,126.83049002445689,37.20439656781845,126.82661047346058,37.19937390596059,2024-10-24 17:45:50
1356,51,21,17,,,126.81872023643668,37.21015427191975,126.81892087215697,37.19669119066721,2024-10-24 17:46:21
1357,51,71,17,,,126.81930016997009,37.210073300901875,126.84057575652014,37.20523512176891,2024-10-24 17:46:22
1358,50,60,17,,,126.82226728591263,37.21245287176965,126.83247732791307,37.2131170434613,2024-10-24 17:46:54
1359,37,12,17,,,126.82031763183687,37.197713175402384,126.81923351202911,37.20531809838611,2024-10-24 17:46:57
1360,62,34,17,,,126.83765305676961,37.21148638408246,126.82074756186591,37.20272943526954,2024-10-24 17:46:58
1361,38,21,17,,,126.82423768892197,37.20104475779587,126.81786411622541,37.19604613157832,2024-10-24 17:46:59
1362,64,26,17,,,126.84218849165833,37.20360370094871,126.81888295203088,37.19353322762308,2024-10-24 17:47:09
1363,16,52,17,,,126.8227984609113,37.19216960127344,126.83156321477284,37.21696812504542,2024-10-24 17:47:35
1364,71,58,17,,,126.83942849151056,37.205021104761656,126.83545469190128,37.208457061864884,2024-10-24 17:48:00
1365,8,6,17,,,126.82503521122712,37.206084605427584,126.82535518589027,37.20354455804949,2024-10-24 17:48:07
1366,11,55,17,,,126.81497666928806,37.208320942274575,126.8298905062251,37.20991141887539,2024-10-24 17:48:27
1367,51,39,17,,,126.81988196468876,37.21095133345849,126.82208640077609,37.2007515109553,2024-10-24 17:48:42
1368,50,37,17,,,126.82194308775523,37.21088360871556,126.82133499964517,37.198226924294175,2024-10-24 17:48:51
1369,50,37,17,,,126.82180740494512,37.21069788511219,126.82167625884858,37.197431994254785,2024-10-24 17:49:31
1370,33,10,17,,,126.82979732873048,37.20144139261756,126.81689518583967,37.209169481890754,2024-10-24 17:49:41
1371,27,52,17,,,126.82570970456693,37.19954302120155,126.82989275743476,37.21791562940237,2024-10-24 17:49:56
1372,1,27,17,,,126.81700845654485,37.19761686238017,126.82721850024656,37.19966992894767,2024-10-24 17:51:23
1373,28,19,17,,,126.82858344273576,37.20303717475986,126.82875710528248,37.19511165334547,2024-10-24 17:52:22
1374,1,61,17,,,126.8163571759818,37.19844661398174,126.83398491661394,37.215496378492496,2024-10-24 17:53:46
1375,36,20,17,,,126.82347038788895,37.19750922569598,126.81633791533316,37.19335908943459,2024-10-24 17:54:00
1376,50,7,17,,,126.82256572651555,37.211820091361865,126.82811849090545,37.207969720859104,2024-10-24 17:54:08
1377,27,28,17,,,126.82744330431589,37.19971552176464,126.829916639406,37.20336553148994,2024-10-24 17:54:35
1378,72,14,17,,,126.81157645777648,37.20766041809603,126.81953646687334,37.20847833110528,2024-10-24 17:56:14
1379,51,69,17,,,126.82005087962902,37.20955584647656,126.83735952050708,37.20766786038144,2024-10-24 17:56:40
1380,34,36,17,,,126.82181587173855,37.20281778582066,126.82459753045244,37.19758879817494,2024-10-24 17:56:49
1381,36,19,17,,,126.8239332348127,37.198674748854735,126.82831522956171,37.19551454080329,2024-10-24 17:56:58
1382,50,39,17,,,126.82213860428568,37.211210158365056,126.8209395407393,37.19966745306877,2024-10-24 17:56:59
1383,51,21,17,,,126.82040821224672,37.210275312457846,126.8191815540003,37.197132382137085,2024-10-24 17:58:23
1384,33,59,17,,,126.82898510686175,37.2007163849575,126.83262900534703,37.2082440835887,2024-10-24 17:59:13
1385,10,21,17,,,126.81642976506402,37.21025646980191,126.81802755565283,37.19683290627231,2024-10-24 17:59:28
1386,51,21,18,,,126.81964890449551,37.209762859832615,126.81931424224221,37.19672648530301,2024-10-24 18:00:54
1387,56,14,18,,,126.83454043000859,37.20548692838803,126.82025678259556,37.206731026392,2024-10-24 18:01:17
1388,50,21,18,,,126.82170525554005,37.21220520534166,126.81814655297823,37.19690185793333,2024-10-24 18:01:24
1389,14,53,18,,,126.82028148706617,37.207894800430836,126.83024133689881,37.20536651716072,2024-10-24 18:01:26
1390,26,38,18,,,126.81864735760843,37.194373915281666,126.82498253783655,37.2015729671563,2024-10-24 18:01:34
1391,5,27,18,,,126.82768452553447,37.20473281040983,126.82598151318382,37.19990240016005,2024-10-24 18:01:59
1392,67,17,18,,,126.83435986944171,37.20344085537961,126.82585899995829,37.19599757882833,2024-10-24 18:02:10
1393,70,71,18,,,126.83715282579576,37.20955414075313,126.83946618608894,37.20422477523368,2024-10-24 18:02:51
1394,67,70,18,,,126.83479844463257,37.20336741408003,126.83852554949527,37.210332164697114,2024-10-24 18:03:11
1395,54,71,18,,,126.83187721546794,37.20986117460583,126.83991898953781,37.205683915591685,2024-10-24 18:03:28
1396,37,51,18,,,126.82033247116347,37.19688332480229,126.82010659047283,37.20993983705738,2024-10-24 18:03:43
1397,2,31,18,,,126.82262379734975,37.20613748373776,126.82866431046419,37.19738415515582,2024-10-24 18:04:23
1398,6,32,18,,,126.82398864099588,37.20376294241169,126.83290940272346,37.20087366811558,2024-10-24 18:05:43
1399,51,32,18,,,126.81872241658373,37.20966956811007,126.83103099626271,37.20097032972671,2024-10-24 18:05:58
1400,21,48,18,,,126.81897364557534,37.196991674574505,126.83013854603509,37.21475654273495,2024-10-24 18:06:51
1401,22,66,18,,,126.81592556920758,37.194577784633566,126.8380310386445,37.20484727074203,2024-10-24 18:07:33
1402,13,52,18,,,126.81641074415792,37.20334067224532,126.83158563591903,37.217925089623535,2024-10-24 18:07:42
1403,71,34,18,,,126.83993363055438,37.20568584671496,126.82224620421319,37.20288574643284,2024-10-24 18:08:23
1404,50,38,18,,,126.82198019147776,37.21186914154977,126.82402431188902,37.200817019451605,2024-10-24 18:08:43
1405,22,61,18,,,126.81529298806174,37.19426829136232,126.83327204877322,37.215436084215696,2024-10-24 18:09:17
1406,37,9,18,,,126.82088728588324,37.1969444157326,126.814100953516,37.206398940113935,2024-10-24 18:09:40
1407,38,72,18,,,126.82335600403194,37.20056702090934,126.81100317707792,37.2079123482933,2024-10-24 18:10:06
1408,51,60,18,,,126.8195851966447,37.210896951493694,126.83193540482038,37.21297930535363,2024-10-24 18:10:24
1409,50,37,18,,,126.82243393159455,37.21236184890051,126.82042868687084,37.19771805449376,2024-10-24 18:10:35
1410,2,56,18,,,126.82213432792324,37.20538252203082,126.83413584686137,37.20545465117144,2024-10-24 18:10:57
1411,37,51,18,,,126.8222498767989,37.197054689550086,126.81899719424,37.210946739957514,2024-10-24 18:11:15
1412,39,50,18,,,126.82212957582713,37.20073877837081,126.8227056495297,37.21162700845373,2024-10-24 18:11:29
1413,51,37,18,,,126.81911312370836,37.21113741319074,126.8215602263192,37.19772085015457,2024-10-24 18:12:50
1414,4,58,18,,,126.82274969833233,37.20774045941928,126.83510384417418,37.20807973573776,2024-10-24 18:13:06
1415,64,55,18,,,126.8425009282033,37.202566106546875,126.83087265885656,37.20969948139011,2024-10-24 18:13:37
1416,64,51,18,,,126.84301506533703,37.20281839278859,126.81895285785573,37.21075350203492,2024-10-24 18:14:08
1417,40,69,18,,,126.83226999755912,37.19346699267736,126.83773583016381,37.20677574609365,2024-10-24 18:14:29
1418,35,69,18,,,126.81873241823936,37.20191522325094,126.83793583762909,37.2069364642094,2024-10-24 18:16:01
1419,71,54,18,,,126.84000274029779,37.20565828327128,126.83201441201555,37.20976699109375,2024-10-24 18:16:44
1420,66,17,18,,,126.83668700681177,37.203622029318026,126.82719453438757,37.19742553761843,2024-10-24 18:17:48
1421,33,21,18,,,126.82921622676032,37.20013675411516,126.81874248735491,37.19583950876239,2024-10-24 18:17:52
1422,37,51,18,,,126.82178387450502,37.19764946685242,126.81932068537941,37.20994690501122,2024-10-24 18:17:58
1423,72,16,18,,,126.81215155757472,37.206920874788864,126.82382745528335,37.19259498000036,2024-10-24 18:18:09
1424,21,38,18,,,126.81922307676103,37.197075762019644,126.82411103084229,37.20220070328164,2024-10-24 18:18:42
1425,55,50,18,,,126.8297859102043,37.20818655090855,126.82282860254266,37.21152722511811,2024-10-24 18:19:51
1426,42,18,18,,,126.83191350854668,37.19516731749267,126.82350957894757,37.196050271409405,2024-10-24 18:22:26
1427,11,23,18,,,126.81480038395945,37.20892180164698,126.82130135308383,37.19240480525799,2024-10-24 18:22:28
1428,37,4,18,,,126.8205245857345,37.1981793972151,126.82221645641374,37.20831968584553,2024-10-24 18:23:09
1429,60,38,18,,,126.8329114211535,37.21288543305623,126.8245387964442,37.20149502986147,2024-10-24 18:23:28
1430,50,48,18,,,126.82154291329537,37.21101023408388,126.82966270432392,37.214750762842,2024-10-24 18:24:15
1431,51,26,18,,,126.8206209479685,37.2108007137146,126.81896242569974,37.19387789515587,2024-10-24 18:24:37
1432,70,71,18,,,126.83740297917458,37.20885359439345,126.84006720686598,37.20487169235168,2024-10-24 18:24:41
1433,6,67,18,,,126.82516412135006,37.20447847701016,126.8353640208798,37.20262101439526,2024-10-24 18:24:48
1434,50,37,18,,,126.82250548832617,37.21145339304844,126.82177372795411,37.19726974487204,2024-10-24 18:26:29
1435,18,50,18,,,126.82455709272878,37.196544007391225,126.82325201898152,37.211102289978385,2024-10-24 18:26:49
1436,23,42,18,,,126.82170294944521,37.192545902067934,126.83099985812397,37.196884076016346,2024-10-24 18:26:51
1437,50,18,18,,,126.82185953443793,37.21101084147894,126.82351907385893,37.196230747564435,2024-10-24 18:27:13
1438,11,55,18,,,126.81450487314088,37.20776574515761,126.82973595942899,37.20909323363895,2024-10-24 18:27:52
1439,21,39,18,,,126.81824212562972,37.19719586728265,126.82232152471109,37.200083637067394,2024-10-24 18:28:11
1440,55,37,18,,,126.83046070608658,37.209809749000655,126.82136935571764,37.197615282812315,2024-10-24 18:28:22
1441,50,54,18,,,126.82197466920388,37.21225402436945,126.83258188472188,37.2103678912702,2024-10-24 18:28:24
1442,41,12,18,,,126.8337281151986,37.1980367816721,126.8184360220268,37.20478488322692,2024-10-24 18:28:25
1443,58,30,18,,,126.83436696095016,37.20923693579123,126.8320674044549,37.19917632214817,2024-10-24 18:28:28
1444,11,36,18,,,126.81353953927855,37.20769315008703,126.82349412851045,37.19793254962254,2024-10-24 18:28:52
1445,50,39,18,,,126.82230868715637,37.211326552484216,126.82211008182975,37.200679525066505,2024-10-24 18:29:00
1446,27,36,18,,,126.82592804514188,37.19978584419673,126.82328527960946,37.199420398074245,2024-10-24 18:29:16
1447,32,50,18,,,126.83219939134267,37.20245918017709,126.82194530866236,37.21249092857512,2024-10-24 18:29:26
1448,51,39,18,,,126.82041104346317,37.21110356854987,126.82065661940857,37.200316070137845,2024-10-24 18:29:44
1449,5,3,18,,,126.82788876041407,37.20506005497259,126.82438583513355,37.20917007565381,2024-10-24 18:29:46
1450,38,3,18,,,126.8249591987116,37.20055176053547,126.82472345058208,37.20975591619019,2024-10-24 18:29:47
1451,68,71,18,,,126.84075614029403,37.20277081819689,126.84100473314578,37.20550018520397,2024-10-24 18:29:53
1452,58,43,18,,,126.83417469331867,37.20885368348291,126.82265811272858,37.18963445571275,2024-10-24 18:30:36
1453,51,71,18,,,126.81909734158774,37.21058984166898,126.84072309069816,37.20512751745502,2024-10-24 18:30:41
1454,23,37,18,,,126.82128377935314,37.19174985300199,126.82163568041051,37.19694496347033,2024-10-24 18:30:49
1455,48,48,18,,,126.83089792377659,37.21439370464372,126.8313496389002,37.215212512826184,2024-10-24 18:30:55
1456,28,26,18,,,126.82952664350331,37.20413583532544,126.81775943495754,37.192976658477484,2024-10-24 18:30:58
1457,44,9,18,,,126.8209088878919,37.18963934020649,126.81501293534299,37.20535001794026,2024-10-24 18:31:25
1458,26,38,18,,,126.81875566653822,37.192924222983244,126.82397091809774,37.200657224353996,2024-10-24 18:31:34
1459,50,38,18,,,126.8231937895944,37.21137522471304,126.82346606135283,37.20127493517161,2024-10-24 18:31:57
1460,64,58,18,,,126.84193542261606,37.20286078214485,126.8341693406606,37.207552753274385,2024-10-24 18:33:42
1461,10,38,18,,,126.8164863308233,37.21010739206439,126.82478222276676,37.200564266108174,2024-10-24 18:33:53
1462,50,37,18,,,126.82230642392354,37.21118400336997,126.82163321973886,37.19687206413581,2024-10-24 18:35:02
1463,10,37,18,,,126.81717101659521,37.20966669661079,126.82131126694195,37.197973835435114,2024-10-24 18:35:37
1464,18,32,18,,,126.82399913745931,37.19545837301558,126.83280553996704,37.20214773832577,2024-10-24 18:37:43
1465,37,3,18,,,126.82061949111348,37.196505853689054,126.82482609086182,37.20910582763353,2024-10-24 18:38:11
1466,67,47,18,,,126.8342000442145,37.202275415571584,126.82723591735596,37.210527784362306,2024-10-24 18:38:21
1467,27,50,18,,,126.82706670958771,37.198819759772384,126.8232193522701,37.21137083114581,2024-10-24 18:38:43
1468,50,38,18,,,126.82153243921178,37.21059597022397,126.8233841126184,37.20040990224859,2024-10-24 18:38:48
1469,49,3,18,,,126.82847601614142,37.2129213963734,126.82440631922618,37.21036921056219,2024-10-24 18:38:51
1470,43,63,18,,,126.82248584997605,37.1909167310352,126.83441519822279,37.21092150687738,2024-10-24 18:40:18
1471,46,20,18,,,126.82986953525977,37.212244187559016,126.81591415890234,37.19153473024137,2024-10-24 18:40:33
1472,33,59,18,,,126.82850483222158,37.200178234052224,126.83211337264574,37.20649528222457,2024-10-24 18:40:46
1473,60,39,18,,,126.83332654758802,37.21371611926201,126.82225077910098,37.2001758396303,2024-10-24 18:41:06
1474,21,58,18,,,126.81867213666403,37.19680133603224,126.8355234996681,37.20811219128624,2024-10-24 18:41:06
1475,36,3,18,,,126.82490008158923,37.198266207696875,126.82410488771401,37.21010861867864,2024-10-24 18:42:18
1476,19,25,18,,,126.82949068463631,37.194669197473026,126.82161571574083,37.194897201699185,2024-10-24 18:43:06
1477,33,27,18,,,126.82833491386195,37.2005821110872,126.82627603469935,37.19885146860682,2024-10-24 18:44:11
1478,50,50,18,,,126.82295172835762,37.21142627156283,126.82146989160503,37.21218633332179,2024-10-24 18:45:09
1479,50,37,18,,,126.82211428782712,37.21069273667022,126.82115163149697,37.19682334623235,2024-10-24 18:45:25
1480,50,55,18,,,126.82299504230915,37.211400409486615,126.83082277331354,37.20879518523857,2024-10-24 18:45:45
1481,33,10,18,,,126.82867501312126,37.20004450920398,126.81606772334531,37.20992318940907,2024-10-24 18:46:13
1482,55,51,18,,,126.83072181785134,37.209922662763,126.81881607411215,37.209883200702315,2024-10-24 18:46:19
1483,18,45,18,,,126.8244551452123,37.19493310012802,126.82484124743215,37.21329693023994,2024-10-24 18:46:46
1484,1,34,18,,,126.81680450954946,37.19860834378272,126.82242850978498,37.202874767280356,2024-10-24 18:46:47
1485,33,41,18,,,126.82873870870557,37.20046089229561,126.83408238222907,37.19696294618937,2024-10-24 18:47:18
1486,38,55,18,,,126.82408436768429,37.20144142148234,126.83042607738669,37.20833749824627,2024-10-24 18:48:24
1487,63,20,18,,,126.83627705595497,37.21169720058063,126.81601564377775,37.193113197733915,2024-10-24 18:49:21
1488,70,71,18,,,126.83712732466401,37.21028051472354,126.84069373519822,37.204716130346824,2024-10-24 18:50:00
1489,63,54,18,,,126.83530209891177,37.21099494134414,126.8319959399332,37.2111353577724,2024-10-24 18:50:08
1490,50,37,18,,,126.82199957678672,37.21211322006701,126.82052332000409,37.19779352759489,2024-10-24 18:50:14
1491,51,21,18,,,126.81966810973556,37.21062316401047,126.81952452498459,37.19657987159201,2024-10-24 18:50:48
1492,50,26,18,,,126.82168764349602,37.21240937858539,126.8189553450722,37.19312478389915,2024-10-24 18:51:22
1493,18,54,18,,,126.82314201232457,37.195159913500426,126.83350367002704,37.21097396794937,2024-10-24 18:51:39
1494,21,60,18,,,126.81885986622306,37.19544707048884,126.83347818789866,37.21326952436213,2024-10-24 18:52:01
1495,23,19,18,,,126.82100146738541,37.19105330795204,126.82974502556142,37.194855461167094,2024-10-24 18:52:05
1496,51,56,18,,,126.8196426429227,37.21034624024109,126.83424094069447,37.2046865529494,2024-10-24 18:52:32
1497,70,50,18,,,126.83838304571468,37.20976067438636,126.82302659462835,37.21239528066307,2024-10-24 18:53:21
1498,13,67,18,,,126.81628917754938,37.20458163693516,126.83532713066487,37.203258566752346,2024-10-24 18:53:32
1499,50,7,18,,,126.8215208223504,37.21061158372315,126.82706421416847,37.208935356553425,2024-10-24 18:54:29
1500,18,14,18,,,126.8241026042526,37.19657068914338,126.81895037986172,37.20818161067553,2024-10-24 18:54:32
1501,35,71,18,,,126.81952029855294,37.20216982253609,126.8395627273982,37.20407968027476,2024-10-24 18:54:46
1502,50,60,18,,,126.82174954895396,37.21087489714278,126.83310425500983,37.21350327031764,2024-10-24 18:55:17
1503,50,37,18,,,126.82175208583725,37.21123698573964,126.82044664158916,37.197684976224124,2024-10-24 18:55:21
1504,23,38,18,,,126.82037702979268,37.191448282913214,126.82390404740185,37.20048851034276,2024-10-24 18:56:26
1505,37,19,18,,,126.82098193108364,37.19698560501024,126.82967177447134,37.19489500079468,2024-10-24 18:56:59
1506,9,55,18,,,126.81332639700882,37.20472302721379,126.83085242035465,37.20958147729283,2024-10-24 18:57:31
1507,5,28,18,,,126.82752239716359,37.204300481458084,126.82864899998876,37.204045787911525,2024-10-24 18:58:11
1508,37,51,18,,,126.82153405105205,37.19826930931955,126.81907250465791,37.210299368324215,2024-10-24 18:58:14
1509,28,59,18,,,126.8290707511367,37.20410814527407,126.83221179459487,37.20787066365619,2024-10-24 18:58:50
1510,51,18,18,,,126.81956226258893,37.21076620665504,126.82351110702803,37.19472482302875,2024-10-24 18:59:30
1511,68,40,18,,,126.84016981785625,37.20220361931162,126.83218000704673,37.19371270773003,2024-10-24 18:59:38
1512,21,38,19,,,126.81954258232525,37.19624916716414,126.82514684843332,37.201930487565484,2024-10-24 19:00:21
1513,71,1,19,,,126.8392028759463,37.20471429082344,126.81534664414299,37.197137318796436,2024-10-24 19:00:27
1514,51,21,19,,,126.81873422808701,37.20986243065961,126.81941947857958,37.19590514181067,2024-10-24 19:00:38
1515,37,69,19,,,126.82213311028711,37.19666417006403,126.83663220170862,37.2060832020833,2024-10-24 19:01:16
1516,71,33,19,,,126.83962361540057,37.20438690227143,126.82883827108239,37.200103672945254,2024-10-24 19:02:01
1517,36,18,19,,,126.82318051826861,37.19854988734388,126.82347015886336,37.19529884177514,2024-10-24 19:02:44
1518,70,50,19,,,126.83865864038344,37.20953139064539,126.8227658152873,37.21177804777593,2024-10-24 19:02:52
1519,51,71,19,,,126.81914376115985,37.21118699401354,126.83989553777074,37.204544522592954,2024-10-24 19:02:58
1520,59,49,19,,,126.83207098128076,37.20649875996301,126.82866894115655,37.213534452232935,2024-10-24 19:03:00
1521,21,38,19,,,126.81945936726575,37.19685599272912,126.82431371883594,37.20121718621311,2024-10-24 19:03:15
1522,37,4,19,,,126.82087107459473,37.198297245021706,126.82152176307764,37.20825201567167,2024-10-24 19:03:19
1523,37,51,19,,,126.82130425424594,37.19833818932492,126.81969994235001,37.210920506277354,2024-10-24 19:03:36
1524,55,50,19,,,126.8302389198834,37.208715458626656,126.82273450308725,37.21063209419339,2024-10-24 19:03:44
1525,51,39,19,,,126.8201866116247,37.21059571829782,126.82235155911533,37.19949376688844,2024-10-24 19:04:27
1526,50,21,19,,,126.82219436175178,37.21146885669509,126.8193489929923,37.19581035375455,2024-10-24 19:04:28
1527,55,20,19,,,126.83022568257107,37.20966401542221,126.81592012670558,37.19297523338325,2024-10-24 19:04:58
1528,53,47,19,,,126.829156191105,37.20713088874073,126.82665112365207,37.21050558520134,2024-10-24 19:05:04
1529,38,51,19,,,126.82438255791782,37.20193355448952,126.81878463203563,37.21022298486071,2024-10-24 19:05:46
1530,35,65,19,,,126.8188410545905,37.20217655883165,126.8346036196485,37.199253302474595,2024-10-24 19:08:06
1531,34,21,19,,,126.82173450885588,37.20399031036847,126.81896562261062,37.196401155056215,2024-10-24 19:08:49
1532,23,50,19,,,126.8207057633096,37.191745628185146,126.8224318853786,37.2112391021078,2024-10-24 19:08:52
1533,72,45,19,,,126.81090345650986,37.2079414483186,126.82512941482491,37.211960918215496,2024-10-24 19:09:51
1534,2,33,19,,,126.82199116393204,37.20637604127839,126.82859026204267,37.20124021434674,2024-10-24 19:10:20
1535,39,26,19,,,126.82084977016663,37.199809608516816,126.81766159897145,37.19406429996067,2024-10-24 19:11:28
1536,50,37,19,,,126.82245444543193,37.21206456100051,126.8220837321308,37.19727110862439,2024-10-24 19:11:28
1537,50,60,19,,,126.82316991052673,37.21132683974077,126.83342107974603,37.2134158110292,2024-10-24 19:11:50
1538,71,34,19,,,126.84016442354287,37.204668291517564,126.82075112194164,37.202411329617,2024-10-24 19:11:53
1539,58,56,19,,,126.83415765663382,37.20767466778189,126.8350945027051,37.206069518081264,2024-10-24 19:13:08
1540,51,39,19,,,126.81982607884333,37.21073906597258,126.82161471278167,37.20060367227059,2024-10-24 19:13:13
1541,60,66,19,,,126.83257925311038,37.21357973929327,126.83775935903512,37.20424366184631,2024-10-24 19:13:44
1542,50,60,19,,,126.82257840150687,37.21142011235828,126.83327983938382,37.212040960911416,2024-10-24 19:14:22
1543,50,48,19,,,126.8224000310155,37.211670832008096,126.83091319923311,37.21383484316774,2024-10-24 19:14:31
1544,51,26,19,,,126.81968228209087,37.209887905017766,126.81791465694583,37.193253688935386,2024-10-24 19:15:05
1545,37,50,19,,,126.82093874243147,37.19822409254666,126.82272026185132,37.21059215310388,2024-10-24 19:15:53
1546,23,18,19,,,126.82038250612541,37.19149379631215,126.82415094827844,37.196258571116175,2024-10-24 19:15:57
1547,49,43,19,,,126.82792151660746,37.21416702345458,126.82377849009087,37.19004439303164,2024-10-24 19:16:21
1548,71,54,19,,,126.83980011414873,37.20472793784032,126.83272574190622,37.20953619410747,2024-10-24 19:16:23
1549,20,44,19,,,126.81527731336992,37.19311149421577,126.82060035842001,37.18882343352208,2024-10-24 19:16:28
1550,50,26,19,,,126.82255171956731,37.21160866420151,126.81887910082409,37.192730709410796,2024-10-24 19:18:22
1551,51,63,19,,,126.8197312552861,37.209662824523186,126.83539196304595,37.21126557963963,2024-10-24 19:18:42
1552,19,62,19,,,126.82888953233227,37.194462297788554,126.83772464961676,37.211979888437604,2024-10-24 19:19:22
1553,71,15,19,,,126.84031808278735,37.20486947277056,126.81650648783842,37.20734837472581,2024-10-24 19:19:50
1554,37,3,19,,,126.82184315406927,37.19739545479223,126.82501965969487,37.209050374247816,2024-10-24 19:20:04
1555,48,71,19,,,126.83131798837235,37.21425974228709,126.83915916986962,37.20578765953836,2024-10-24 19:22:07
1556,70,71,19,,,126.83757055680631,37.21015407191326,126.84070758227885,37.20478928166481,2024-10-24 19:22:37
1557,54,71,19,,,126.83331515601635,37.210858509518935,126.83952890096418,37.20502800662087,2024-10-24 19:23:15
1558,16,64,19,,,126.82305702626304,37.1918894976545,126.84335745791665,37.20330906182927,2024-10-24 19:23:29
1559,51,21,19,,,126.82032722639578,37.20980241248298,126.819193510189,37.19659334595942,2024-10-24 19:24:25
1560,51,18,19,,,126.81941059622861,37.21107432280039,126.82425717103077,37.195043365864365,2024-10-24 19:25:41
1561,37,19,19,,,126.8217008136579,37.19737405880804,126.8293900915816,37.19524624817758,2024-10-24 19:25:45
1562,57,23,19,,,126.8320796381622,37.20449053918857,126.82001599099073,37.19203354345077,2024-10-24 19:26:12
1563,49,58,19,,,126.82728803350788,37.214561470088604,126.83523932164027,37.208095327493275,2024-10-24 19:26:17
1564,19,16,19,,,126.82934629356322,37.19548502612182,126.8244813127126,37.19212570447948,2024-10-24 19:26:37
1565,51,37,19,,,126.81924935985576,37.209641282185494,126.8206017008599,37.19742425498867,2024-10-24 19:27:02
1566,18,71,19,,,126.82448318870689,37.19623979325968,126.84013028061786,37.20415721837809,2024-10-24 19:27:36
1567,39,50,19,,,126.82060225978348,37.20059612220337,126.82174228985252,37.212422760344786,2024-10-24 19:27:48
1568,56,50,19,,,126.83510788141463,37.205109143260984,126.82140058726351,37.211819961738314,2024-10-24 19:28:03
1569,33,10,19,,,126.82860296574012,37.20131340652497,126.81743247824815,37.20859251029549,2024-10-24 19:28:27
1570,37,18,19,,,126.82088015042527,37.19738595657669,126.82339688583758,37.19559374144606,2024-10-24 19:28:30
1571,59,7,19,,,126.83268934933808,37.207340576203514,126.82657677772049,37.20740340298975,2024-10-24 19:28:44
1572,2,71,19,,,126.82175048202267,37.20569644759855,126.84076019459138,37.204906162659356,2024-10-24 19:29:16
1573,37,51,19,,,126.82155257972646,37.19789542930006,126.820109082,37.21115129627687,2024-10-24 19:30:14
1574,52,4,19,,,126.8304427230084,37.21719209665794,126.82291580572978,37.2083544627026,2024-10-24 19:30:38
1575,50,37,19,,,126.82300466160773,37.210584097834804,126.82150220650304,37.198345832596296,2024-10-24 19:30:50
1576,35,51,19,,,126.81951680748428,37.20192006952765,126.81943332886695,37.21130752825232,2024-10-24 19:31:05
1577,70,50,19,,,126.83729677127889,37.209787369333895,126.82328455063028,37.21196968603024,2024-10-24 19:31:50
1578,60,67,19,,,126.83255844013198,37.21320873628574,126.83561052971075,37.20298404579187,2024-10-24 19:31:54
1579,60,38,19,,,126.83258194989425,37.212626560508056,126.8231850119602,37.20105737243161,2024-10-24 19:32:03
1580,37,21,19,,,126.82178410422911,37.19769652423714,126.81787464638211,37.196677314332746,2024-10-24 19:34:27
1581,23,37,19,,,126.82145912058147,37.19195786013378,126.8204567223306,37.19714613877678,2024-10-24 19:35:15
1582,39,21,19,,,126.8209987879005,37.19987366993854,126.81777534846634,37.19557216209132,2024-10-24 19:36:02
1583,50,64,19,,,126.82313281475578,37.210662811248675,126.84259385538992,37.203556011300314,2024-10-24 19:36:44
1584,55,51,19,,,126.8306864080863,37.208216922765345,126.81992926870034,37.21022275525627,2024-10-24 19:38:10
1585,60,49,19,,,126.83274027154387,37.21372661609015,126.82715020226074,37.213053570235935,2024-10-24 19:38:11
1586,50,50,19,,,126.82155880437983,37.210640384114654,126.82304037038794,37.21189737229467,2024-10-24 19:38:26
1587,21,39,19,,,126.81945176005163,37.196772167084916,126.82217342385476,37.200569946158495,2024-10-24 19:38:36
1588,37,51,19,,,126.82180393694834,37.19768382213471,126.81998498410287,37.210037085289706,2024-10-24 19:39:02
1589,55,37,19,,,126.8309356006174,37.208362169223264,126.82101553693319,37.198257032467055,2024-10-24 19:39:31
1590,60,39,19,,,126.83218535003176,37.21332456529137,126.8221227998901,37.199713679778746,2024-10-24 19:40:02
1591,26,17,19,,,126.81891079366932,37.19364562747993,126.82657422700159,37.197513669827075,2024-10-24 19:40:09
1592,50,39,19,,,126.82273936976662,37.21100229158993,126.82216930965961,37.20123738880539,2024-10-24 19:40:48
1593,64,55,19,,,126.84217379483178,37.20285274154062,126.8307387604165,37.20832221227165,2024-10-24 19:42:03
1594,18,54,19,,,126.82411618127318,37.19599306676532,126.83323501461082,37.21096882428686,2024-10-24 19:42:12
1595,53,52,19,,,126.82972237030998,37.20549035049198,126.83084406678026,37.218175730876794,2024-10-24 19:42:41
1596,54,27,19,,,126.83335290359194,37.21106359609707,126.82657669579032,37.19907936586695,2024-10-24 19:42:45
1597,19,66,19,,,126.8279219715692,37.19435488343761,126.83755480308506,37.20450113896683,2024-10-24 19:43:23
1598,50,37,19,,,126.8229451373473,37.2115013784224,126.82134162617636,37.19670833777212,2024-10-24 19:43:24
1599,26,48,19,,,126.81823330413968,37.19337453496789,126.83041391547528,37.215605944922444,2024-10-24 19:43:26
1600,14,42,19,,,126.81962014272351,37.206905909454164,126.83251097800662,37.19707085910749,2024-10-24 19:43:47
1601,37,51,19,,,126.82064560013382,37.19754230935763,126.81984837591403,37.21065679723984,2024-10-24 19:43:57
1602,50,60,19,,,126.82259694767312,37.21234502923726,126.83191530648901,37.212017770174455,2024-10-24 19:44:07
1603,51,60,19,,,126.82057218340637,37.20952311472529,126.83388636221623,37.212874308022315,2024-10-24 19:44:22
1604,58,3,19,,,126.83569893774433,37.20933382430662,126.82449679854446,37.20967424816309,2024-10-24 19:44:26
1605,50,26,19,,,126.82198859985623,37.21207094204848,126.81752096094098,37.19334118242074,2024-10-24 19:44:28
1606,50,38,19,,,126.82138046003571,37.212444677283244,126.82413322079528,37.20218672607336,2024-10-24 19:44:34
1607,71,50,19,,,126.83927735165163,37.205563484692604,126.82198951892838,37.21237274188351,2024-10-24 19:44:42
1608,23,19,19,,,126.82056876658503,37.19107306502716,126.82807664296159,37.195509853401404,2024-10-24 19:45:54
1609,51,55,19,,,126.82063428625123,37.209465624140115,126.8302154625622,37.2094679854005,2024-10-24 19:46:17
1610,51,56,19,,,126.81960251699508,37.21053962108471,126.83519066228074,37.206518700030756,2024-10-24 19:46:28
1611,16,17,19,,,126.8242445575019,37.19327527397649,126.826033009919,37.19721274232931,2024-10-24 19:46:28
1612,72,54,19,,,126.81184096547491,37.20692451267793,126.83216098770242,37.21114743757443,2024-10-24 19:47:24
1613,51,21,19,,,126.81894419247718,37.211386980132914,126.81796266291563,37.19608383412553,2024-10-24 19:47:35
1614,18,51,19,,,126.8240089980382,37.19549686873705,126.81994338410894,37.21119454864631,2024-10-24 19:47:48
1615,51,37,19,,,126.81911283739038,37.210833325143284,126.82190299360845,37.1968157772992,2024-10-24 19:48:03
1616,23,38,19,,,126.82063754104024,37.19164450630672,126.82401862174045,37.2005042096645,2024-10-24 19:48:34
1617,39,50,19,,,126.82126431173663,37.19935590863231,126.8222050197963,37.21114059660286,2024-10-24 19:48:41
1618,13,12,19,,,126.81745046720546,37.204320186083784,126.8188770207228,37.20395821810354,2024-10-24 19:48:59
1619,50,50,19,,,126.82193829076904,37.211613471838184,126.82260026479123,37.21136443853927,2024-10-24 19:49:29
1620,37,33,19,,,126.82186036990953,37.197074036284256,126.82913353003161,37.2009947874892,2024-10-24 19:49:41
1621,20,56,19,,,126.81541538692653,37.19156692771957,126.83461767639993,37.20589689835759,2024-10-24 19:49:58
1622,37,12,19,,,126.82050540247815,37.19740119102365,126.81998826465092,37.204485959561495,2024-10-24 19:50:29
1623,50,55,19,,,126.82192540045052,37.21191602186278,126.82962982596266,37.20943707053432,2024-10-24 19:51:23
1624,59,52,19,,,126.83261497940747,37.20709326487347,126.8299502546059,37.21764190014098,2024-10-24 19:51:29
1625,14,40,19,,,126.81859396486027,37.20693265461754,126.83164709519437,37.193818282665504,2024-10-24 19:52:43
1626,38,21,19,,,126.82482822937763,37.200731322437306,126.81873578670148,37.19702070772469,2024-10-24 19:53:42
1627,12,18,19,,,126.82013489209174,37.205153058952334,126.82426154306421,37.195574149969225,2024-10-24 19:54:14
1628,15,21,19,,,126.81682622609131,37.20684368045934,126.8183806868363,37.19593432169276,2024-10-24 19:54:32
1629,71,58,19,,,126.84081874122269,37.20598404635996,126.83426383450808,37.20921543027502,2024-10-24 19:54:32
1630,50,50,19,,,126.82274357616424,37.21113712155881,126.82190209523907,37.211185784187805,2024-10-24 19:54:45
1631,53,42,19,,,126.83023732582754,37.20534764217498,126.83139852437077,37.197071584377674,2024-10-24 19:55:08
1632,50,72,19,,,126.82226972771296,37.21213262687369,126.81258594520492,37.20642283325798,2024-10-24 19:56:48
1633,58,66,19,,,126.83527950373484,37.20784588368567,126.83688236808595,37.20418266903966,2024-10-24 19:57:23
1634,71,45,19,,,126.83925779406654,37.20451223374348,126.82433879247137,37.21324452743418,2024-10-24 19:57:32
1635,55,50,19,,,126.83055184193935,37.20949924381269,126.82298414837086,37.21062451814229,2024-10-24 19:57:52
1636,51,50,19,,,126.81974082466672,37.209875319480645,126.82176307726773,37.212065019092435,2024-10-24 19:58:24
1637,38,72,19,,,126.8238487613856,37.202187410008364,126.81068998103015,37.20653701808552,2024-10-24 19:58:50
1638,63,9,20,,,126.8359049364877,37.210468171531346,126.81393621692894,37.20527758612107,2024-10-24 20:00:06
1639,71,54,20,,,126.84045203017195,37.20490249505024,126.83344782952713,37.210643914868385,2024-10-24 20:00:12
1640,51,37,20,,,126.82015540203159,37.21114269938473,126.8210698571883,37.19717211933931,2024-10-24 20:00:52
1641,21,72,20,,,126.81788406367922,37.19718716122406,126.81130236820614,37.2080812771655,2024-10-24 20:02:11
1642,50,6,20,,,126.82282999101776,37.210976641611474,126.82428013505056,37.205112235618984,2024-10-24 20:02:35
1643,1,63,20,,,126.8162909173026,37.198603448368544,126.83494581471048,37.211983301074675,2024-10-24 20:03:09
1644,37,70,20,,,126.82202531878232,37.19686473941506,126.83847963453199,37.21013337762905,2024-10-24 20:04:18
1645,13,61,20,,,126.81572801854689,37.203425878222816,126.83314601206166,37.21651019591855,2024-10-24 20:05:10
1646,50,60,20,,,126.82209853804308,37.212402540059834,126.83283757623222,37.21276464665662,2024-10-24 20:05:27
1647,39,50,20,,,126.82244726410389,37.20043863935811,126.82273517521708,37.211893144407064,2024-10-24 20:06:28
1648,23,38,20,,,126.8217373114278,37.191450804767406,126.82377813920456,37.201597719052955,2024-10-24 20:07:24
1649,66,47,20,,,126.83670204814676,37.20464466555218,126.82728089247811,37.21043338710505,2024-10-24 20:07:27
1650,25,37,20,,,126.8208739073479,37.193866618036346,126.8210387324628,37.197909889219865,2024-10-24 20:07:33
1651,54,71,20,,,126.83280310560866,37.20996312651674,126.83992800952328,37.2043771129322,2024-10-24 20:08:29
1652,21,38,20,,,126.81905229132246,37.19595401671433,126.82448654453148,37.20131931286381,2024-10-24 20:08:45
1653,48,48,20,,,126.83002806280267,37.2144929209641,126.82984360400212,37.2140472148779,2024-10-24 20:09:23
1654,71,58,20,,,126.83930120271147,37.20404001738606,126.83603520334813,37.20851991327996,2024-10-24 20:09:28
1655,2,15,20,,,126.82103838133402,37.20552498997008,126.81753237234874,37.207114181035905,2024-10-24 20:10:08
1656,37,18,20,,,126.82029687892243,37.19676478190244,126.82330952864945,37.19489002283263,2024-10-24 20:11:00
1657,38,3,20,,,126.82325687330028,37.201767735435176,126.8254716598793,37.209791094837634,2024-10-24 20:11:27
1658,23,50,20,,,126.82091924868614,37.19100174839693,126.8227574232718,37.2105646319834,2024-10-24 20:11:42
1659,6,4,20,,,126.82414044008844,37.203778779129046,126.82258690855733,37.209074070419426,2024-10-24 20:12:13
1660,59,14,20,,,126.83177929477934,37.2081297899309,126.8198547018012,37.20745774820009,2024-10-24 20:12:53
1661,63,44,20,,,126.8353626767238,37.21124737272766,126.82072399351394,37.188198418255304,2024-10-24 20:13:31
1662,37,51,20,,,126.8210100360741,37.19828124481576,126.81887743760785,37.20989646977637,2024-10-24 20:13:46
1663,50,48,20,,,126.82172672582159,37.21075163567438,126.83102529952731,37.214841567907854,2024-10-24 20:13:56
1664,50,50,20,,,126.82153570319952,37.21097313393153,126.82200230011192,37.211950491884714,2024-10-24 20:13:57
1665,23,50,20,,,126.82113257492195,37.19125920089406,126.82149428053353,37.21064047254044,2024-10-24 20:14:03
1666,63,63,20,,,126.8344754133483,37.21064570629234,126.8358757785883,37.21063988900728,2024-10-24 20:14:30
1667,39,21,20,,,126.82201952257584,37.20006109873959,126.81955762978404,37.1963420248922,2024-10-24 20:14:55
1668,19,70,20,,,126.82828593916048,37.19548150053734,126.83799274047762,37.209006975678335,2024-10-24 20:15:29
1669,50,26,20,,,126.8220419147175,37.21219438336626,126.81843176773407,37.19301218854535,2024-10-24 20:15:38
1670,32,10,20,,,126.83131509021754,37.20251758835792,126.81708565219897,37.21010337400409,2024-10-24 20:16:21
1671,37,4,20,,,126.82113619397228,37.19785076678979,126.82171389258563,37.208626626536855,2024-10-24 20:16:32
1672,29,5,20,,,126.82708895901271,37.201759673783165,126.82684677916214,37.20508016994297,2024-10-24 20:17:00
1673,36,25,20,,,126.82303430417223,37.197919076537026,126.82131481418871,37.193661778457134,2024-10-24 20:17:15
1674,55,32,20,,,126.83048970426995,37.2096550572362,126.83241748270052,37.20144366209743,2024-10-24 20:17:25
1675,63,65,20,,,126.83610068031243,37.212240324459344,126.83528603294842,37.199893030517934,2024-10-24 20:17:42
1676,18,54,20,,,126.82332018764612,37.19470606034733,126.83323814493274,37.21083809220554,2024-10-24 20:17:49
1677,37,21,20,,,126.82097692064644,37.19673059666578,126.81764557089107,37.195776217709586,2024-10-24 20:18:39
1678,66,65,20,,,126.8364291291849,37.20303646644313,126.83443047884528,37.199481129876176,2024-10-24 20:18:53
1679,28,63,20,,,126.83037613717583,37.20377391869707,126.83604272816623,37.21096799388909,2024-10-24 20:19:39
1680,63,30,20,,,126.83469871773066,37.21174051468054,126.83218313922262,37.198680231546,2024-10-24 20:19:41
1681,51,18,20,,,126.81900026216553,37.210609755853405,126.82323582278634,37.19614228906081,2024-10-24 20:20:29
1682,16,11,20,,,126.82403443048172,37.19336411588062,126.81370719612535,37.20894802978713,2024-10-24 20:20:39
1683,37,38,20,,,126.82145715736789,37.19731157708011,126.8239236393381,37.2004170418309,2024-10-24 20:21:02
1684,48,31,20,,,126.8302918290848,37.21421666635844,126.82824900054945,37.197337377099736,2024-10-24 20:21:05
1685,20,18,20,,,126.81552701513873,37.193138639577874,126.82355661507138,37.19657285214592,2024-10-24 20:21:22
1686,11,55,20,,,126.81337534764516,37.207803172248006,126.82951779921615,37.20899589346792,2024-10-24 20:21:38
1687,42,45,20,,,126.83188362503533,37.19707143621784,126.82409960299901,37.2117166629282,2024-10-24 20:21:42
1688,38,8,20,,,126.82354794334744,37.20144382067571,126.82469994226209,37.206364832230015,2024-10-24 20:22:01
1689,51,37,20,,,126.81963318171015,37.209692701828736,126.82063999829631,37.19673305262265,2024-10-24 20:22:44
1690,11,14,20,,,126.81426101322955,37.20810933800383,126.82008003713388,37.207421910804825,2024-10-24 20:22:57
1691,70,71,20,,,126.83845242758323,37.21053841956926,126.84038557020321,37.205870638625,2024-10-24 20:23:25
1692,21,48,20,,,126.81841497583187,37.19602251732674,126.83024157077624,37.21511539931888,2024-10-24 20:24:12
1693,14,62,20,,,126.81887164139701,37.20668056802451,126.83770171444225,37.211748676256065,2024-10-24 20:24:35
1694,68,54,20,,,126.84080463976082,37.20237881416987,126.83353614518632,37.21071620243431,2024-10-24 20:25:38
1695,71,33,20,,,126.84100602375399,37.20521027464828,126.82992681378788,37.20141193772895,2024-10-24 20:25:50
1696,23,19,20,,,126.82059470742861,37.19120153127917,126.82824286647488,37.19510380991866,2024-10-24 20:26:01
1697,59,8,20,,,126.83261996842187,37.20717311144031,126.82465361104293,37.20775258489926,2024-10-24 20:26:14
1698,7,17,20,,,126.82715147801778,37.207468743628844,126.82572003811883,37.19652380616775,2024-10-24 20:27:01
1699,36,67,20,,,126.82344624530793,37.19757988166561,126.83395736107704,37.20324542350423,2024-10-24 20:27:04
1700,38,51,20,,,126.82319281103236,37.20162769796038,126.81913485713518,37.20984492500963,2024-10-24 20:27:27
1701,19,27,20,,,126.82950991175083,37.195926458772014,126.82565332418078,37.20010067088483,2024-10-24 20:27:34
1702,60,38,20,,,126.83374479044593,37.2135141361832,126.82338739641897,37.202058548358515,2024-10-24 20:28:05
1703,51,55,20,,,126.82063565002115,37.211299959100735,126.82996565168854,37.208858806274044,2024-10-24 20:28:23
1704,37,54,20,,,126.82028986659587,37.19647949205088,126.83303180747592,37.21083452759216,2024-10-24 20:28:47
1705,50,60,20,,,126.82284923038137,37.21151109878372,126.8335353568788,37.21352986060791,2024-10-24 20:28:51
1706,38,21,20,,,126.8235964082489,37.200561320364066,126.81792392431576,37.19605602549487,2024-10-24 20:29:12
1707,21,33,20,,,126.8186935748349,37.196242816714125,126.82946929027464,37.200415183199006,2024-10-24 20:29:56
1708,10,41,20,,,126.81647053226924,37.20937590378084,126.83426032450336,37.19627824112205,2024-10-24 20:30:20
1709,27,72,20,,,126.82642801656914,37.19871299882067,126.81169358015931,37.20779113373903,2024-10-24 20:30:25
1710,58,37,20,,,126.83442781424905,37.20934718504545,126.82141743026041,37.19691843331522,2024-10-24 20:31:05
1711,51,21,20,,,126.8192611162432,37.21003108369642,126.81853836986885,37.196467157044985,2024-10-24 20:31:39
1712,70,50,20,,,126.83802747630094,37.210053352574555,126.82274309417045,37.211173614077694,2024-10-24 20:32:18
1713,23,50,20,,,126.82021143260526,37.19084679905241,126.82215116240111,37.21232320429564,2024-10-24 20:33:21
1714,34,21,20,,,126.8222318594844,37.20287680307214,126.8183141453313,37.19558533409219,2024-10-24 20:33:41
1715,6,18,20,,,126.82455505601571,37.204082649174524,126.82430248830468,37.195965203791495,2024-10-24 20:33:46
1716,59,16,20,,,126.83276461968451,37.208313144459304,126.82311342250652,37.1926392704082,2024-10-24 20:34:10
1717,27,67,20,,,126.82654745561479,37.2000186028294,126.8356665701588,37.20223062975195,2024-10-24 20:34:18
1718,24,70,20,,,126.817783171307,37.18973464285132,126.83760094374523,37.210359154190776,2024-10-24 20:35:23
1719,50,21,20,,,126.82220916097435,37.21208407321774,126.81907778302225,37.19696829392434,2024-10-24 20:35:33
1720,37,33,20,,,126.82169356753354,37.19770562808967,126.82909551015548,37.2014598026246,2024-10-24 20:35:41
1721,37,19,20,,,126.82059765341432,37.19790649667729,126.8278886103546,37.19537761306898,2024-10-24 20:36:29
1722,20,15,20,,,126.81611444989316,37.1929622788408,126.81737049914163,37.20644575947032,2024-10-24 20:37:43
1723,28,25,20,,,126.8294587545631,37.204239799204444,126.82151166236359,37.19476060820287,2024-10-24 20:38:51
1724,60,39,20,,,126.83258493488775,37.21356259390886,126.82198189245906,37.19952433203121,2024-10-24 20:39:05
1725,50,60,20,,,126.82265058171653,37.211397056059916,126.83345872711388,37.21255293324861,2024-10-24 20:39:21
1726,68,2,20,,,126.83891456476468,37.2027512587618,126.82251543645714,37.20529176547794,2024-10-24 20:39:45
1727,43,24,20,,,126.82329576241628,37.18995625728066,126.81813646725502,37.19119617651788,2024-10-24 20:39:56
1728,17,50,20,,,126.82740242964195,37.19776563165248,126.82285901618417,37.2120052803885,2024-10-24 20:41:14
1729,23,18,20,,,126.82164093952612,37.192391413597164,126.8235030111208,37.19583675005915,2024-10-24 20:42:59
1730,55,37,20,,,126.83037946028394,37.20948949526893,126.82211378417979,37.19772541638057,2024-10-24 20:43:20
1731,54,17,20,,,126.83181435713642,37.21116851861898,126.82739056438473,37.19753963940354,2024-10-24 20:43:45
1732,14,46,20,,,126.81902387810591,37.20676032327472,126.82944785718013,37.211383658137635,2024-10-24 20:43:56
1733,7,5,20,,,126.82674048487397,37.20710476515204,126.82780378569593,37.204622017708324,2024-10-24 20:44:21
1734,19,33,20,,,126.82938851019308,37.19506012270326,126.82910928394752,37.19996434515064,2024-10-24 20:44:39
1735,38,72,20,,,126.82446873826656,37.20194988222448,126.81077652968676,37.20691396199607,2024-10-24 20:44:55
1736,31,55,20,,,126.82922745180197,37.19721717427643,126.83087792418262,37.20889961911383,2024-10-24 20:44:59
1737,58,56,20,,,126.8341577542442,37.20914168640194,126.83519752448956,37.206184863664,2024-10-24 20:45:14
1738,27,51,20,,,126.82683696163741,37.19953461878333,126.81986964865447,37.21129769763965,2024-10-24 20:45:22
1739,50,37,20,,,126.82298227778705,37.212477266228284,126.82070563477622,37.19781615980806,2024-10-24 20:45:23
1740,33,45,20,,,126.82971036136256,37.20149837553151,126.82449881514036,37.21302645474001,2024-10-24 20:45:30
1741,37,3,20,,,126.82123026514179,37.19792095576683,126.82493726828731,37.208902568978736,2024-10-24 20:45:45
1742,37,26,20,,,126.82114486295461,37.197488201321036,126.81862272505317,37.192623202622876,2024-10-24 20:46:04
1743,36,66,20,,,126.8237073449777,37.19900380462832,126.83808134217139,37.204399856442656,2024-10-24 20:46:07
1744,46,22,20,,,126.82967589322541,37.212904936681625,126.81668639627821,37.19549483710385,2024-10-24 20:48:06
1745,56,32,20,,,126.83530367255301,37.205995770490496,126.83152188716662,37.202037171795915,2024-10-24 20:48:14
1746,39,26,20,,,126.82246549488919,37.20031126812839,126.81769606245075,37.19422862064534,2024-10-24 20:48:38
1747,50,55,20,,,126.82222740772234,37.2108955861986,126.8295927508744,37.20932421894837,2024-10-24 20:49:15
1748,55,51,20,,,126.82994200057632,37.20860610010185,126.81941749332411,37.21126232622438,2024-10-24 20:50:13
1749,62,70,20,,,126.83765943254274,37.212151324049714,126.83845151195534,37.21051358028503,2024-10-24 20:51:04
1750,5,27,20,,,126.82757972170754,37.20598086088876,126.82666732747238,37.199333590918215,2024-10-24 20:51:17
1751,36,11,20,,,126.8244781120024,37.19771478146802,126.81422778321888,37.20790915958863,2024-10-24 20:51:34
1752,66,66,20,,,126.83649190881535,37.20310955985248,126.83638424919826,37.20441153896132,2024-10-24 20:51:55
1753,40,25,20,,,126.83099083594452,37.193687339383494,126.82180501500619,37.19487904960165,2024-10-24 20:52:39
1754,21,58,20,,,126.8181759556169,37.1967239100565,126.83526823432427,37.20863256477327,2024-10-24 20:53:09
1755,4,6,20,,,126.82248261320909,37.208626385659144,126.82440991025653,37.203264878945234,2024-10-24 20:53:33
1756,28,67,20,,,126.82976440046646,37.20307621787635,126.8340346525074,37.20344719382376,2024-10-24 20:54:05
1757,50,72,20,,,126.8229032327699,37.21146451512244,126.81080833286069,37.207030796648645,2024-10-24 20:54:10
1758,10,37,20,,,126.81711128106065,37.209086477050306,126.82042880296585,37.19669226434221,2024-10-24 20:57:30
1759,3,63,20,,,126.82500857565184,37.2097826335986,126.83581204630534,37.21125241148122,2024-10-24 20:58:07
1760,27,46,20,,,126.82737044087543,37.198998018118644,126.83084647362278,37.21154768930546,2024-10-24 20:59:05
1761,50,38,20,,,126.82328669655213,37.211483798253944,126.82515287341326,37.20042392616532,2024-10-24 20:59:22
1762,50,37,20,,,126.82202264815446,37.2112634855163,126.82027283198667,37.19730832549143,2024-10-24 20:59:34
1763,50,7,20,,,126.82193562705892,37.21115789337891,126.82782242007323,37.20831876031935,2024-10-24 20:59:53
1764,51,26,21,,,126.82009984817523,37.21084770927619,126.81784159672388,37.19402702648299,2024-10-24 21:00:29
1765,60,39,21,,,126.83288024150154,37.21221188723669,126.82151306951324,37.199408392626545,2024-10-24 21:00:36
1766,50,26,21,,,126.82280581949486,37.21187383037316,126.8176384845148,37.19384281644751,2024-10-24 21:00:38
1767,66,51,21,,,126.83684280575179,37.204442711471245,126.81937894674402,37.21077600976724,2024-10-24 21:00:55
1768,45,40,21,,,126.8245593007741,37.213509671363994,126.83138968318077,37.19284014836252,2024-10-24 21:01:46
1769,71,34,21,,,126.84010535599646,37.20474936182982,126.8226683865679,37.203454564478456,2024-10-24 21:03:28
1770,42,67,21,,,126.83190393519797,37.1970048741226,126.83397088783273,37.20370762295045,2024-10-24 21:05:41
1771,38,21,21,,,126.82487174848782,37.20144470486041,126.81953653806988,37.195412883402064,2024-10-24 21:05:59
1772,33,59,21,,,126.83004406495634,37.2012212444866,126.83199807964512,37.20767839947016,2024-10-24 21:06:07
1773,50,60,21,,,126.82153276059722,37.211769867036296,126.83208341647956,37.21248928516007,2024-10-24 21:06:09
1774,72,51,21,,,126.81200779017519,37.207513897154705,126.818955280921,37.21096031641907,2024-10-24 21:06:36
1775,25,62,21,,,126.82154161390173,37.193870144065144,126.83865337543004,37.21251615096985,2024-10-24 21:06:38
1776,50,3,21,,,126.82331692114407,37.21125482563879,126.82405041666553,37.209523359339144,2024-10-24 21:06:41
1777,37,21,21,,,126.82168828295964,37.19707406166055,126.8186517033342,37.1970672938196,2024-10-24 21:06:47
1778,28,53,21,,,126.83051531381876,37.203837956033546,126.8306632337785,37.205592109215665,2024-10-24 21:06:57
1779,64,55,21,,,126.84310198264701,37.20416883554706,126.82967479056165,37.20836476363568,2024-10-24 21:07:29
1780,55,50,21,,,126.83034467580586,37.20878843367066,126.8230809282735,37.212163966487296,2024-10-24 21:07:43
1781,37,68,21,,,126.82145895188032,37.19678493205762,126.83994028961304,37.20153271953899,2024-10-24 21:08:00
1782,33,10,21,,,126.82929152516495,37.20014749370657,126.81791928784031,37.20971423055157,2024-10-24 21:08:06
1783,18,10,21,,,126.82456671171562,37.196019945326306,126.81699409467832,37.209605358721,2024-10-24 21:08:24
1784,50,6,21,,,126.82283602900222,37.21085197641975,126.82503536914403,37.20374823197027,2024-10-24 21:08:25
1785,51,18,21,,,126.81972468772177,37.21037870102525,126.82449740040971,37.196684901442104,2024-10-24 21:09:18
1786,39,50,21,,,126.82214968792354,37.19983832352698,126.82258366294631,37.21241535953122,2024-10-24 21:09:40
1787,60,52,21,,,126.83372236748791,37.212830649784856,126.83119790045355,37.2165734336323,2024-10-24 21:10:29
1788,45,38,21,,,126.82437128822241,37.212421008906794,126.82403610253837,37.20230461042416,2024-10-24 21:11:11
1789,12,10,21,,,126.81956690178379,37.20529516671596,126.81687996392658,37.20851712597101,2024-10-24 21:11:38
1790,63,22,21,,,126.8348964125677,37.21134728497814,126.8162053967148,37.19624087824798,2024-10-24 21:12:26
1791,71,33,21,,,126.83990801958663,37.20584685319458,126.82849614423824,37.2008987175807,2024-10-24 21:13:07
1792,44,16,21,,,126.82071709355871,37.18940683169114,126.82352031966204,37.19316923541006,2024-10-24 21:13:09
1793,43,4,21,,,126.82373905993103,37.18919955024189,126.82254921467967,37.20967576961001,2024-10-24 21:13:54
1794,39,26,21,,,126.82180966630739,37.20061476568585,126.817426612128,37.192617161683195,2024-10-24 21:14:19
1795,39,51,21,,,126.82103922375168,37.20042247134541,126.81953869477141,37.21087759793885,2024-10-24 21:14:44
1796,71,45,21,,,126.84001380410778,37.20466101223443,126.82535205171344,37.21260136334709,2024-10-24 21:15:08
1797,71,54,21,,,126.83915052642097,37.20462833830136,126.8317761496986,37.20927525275194,2024-10-24 21:16:51
1798,63,20,21,,,126.83514816687047,37.21072662067453,126.81552611213017,37.19204560614755,2024-10-24 21:17:04
1799,50,11,21,,,126.82317251465889,37.211715447563776,126.81521893186337,37.20759862814987,2024-10-24 21:18:30
1800,13,58,21,,,126.81607843861019,37.20314844442238,126.83592810123672,37.208411259237955,2024-10-24 21:19:08
1801,70,50,21,,,126.83854706681039,37.21007298450839,126.821874082914,37.21248902779607,2024-10-24 21:19:11
1802,25,42,21,,,126.8218832085144,37.194173070864395,126.83164690392069,37.19651761049677,2024-10-24 21:19:19
1803,10,37,21,,,126.8174340610597,37.20955260995848,126.82201321468048,37.19816332115772,2024-10-24 21:20:03
1804,11,54,21,,,126.81531852073134,37.20892184153871,126.83260549451522,37.21116791371062,2024-10-24 21:20:34
1805,71,50,21,,,126.8397825659247,37.20420876643041,126.82280254537093,37.2123865111695,2024-10-24 21:20:46
1806,20,64,21,,,126.81574063527123,37.19157080611555,126.84347625572966,37.203947715551344,2024-10-24 21:21:13
1807,39,21,21,,,126.82245647135802,37.200284237587674,126.8186531001739,37.19604710709451,2024-10-24 21:21:21
1808,21,33,21,,,126.8191717174786,37.19688543464776,126.82856688810682,37.201533633194785,2024-10-24 21:21:49
1809,48,48,21,,,126.82972749260776,37.21530001560922,126.8299821269157,37.21534006843969,2024-10-24 21:22:46
1810,18,54,21,,,126.82459566064334,37.196170155028206,126.83190410087226,37.21068270999844,2024-10-24 21:23:13
1811,60,38,21,,,126.8325955926613,37.21222353978939,126.82397298445274,37.20176457962284,2024-10-24 21:24:09
1812,72,59,21,,,126.81136463707684,37.20765858627948,126.83250537169185,37.20793539421242,2024-10-24 21:24:36
1813,20,49,21,,,126.81529617377304,37.191701871175205,126.828223294235,37.213423146192405,2024-10-24 21:25:06
1814,37,19,21,,,126.8215499399651,37.19739198666576,126.82900903531736,37.19490214171447,2024-10-24 21:26:12
1815,50,21,21,,,126.82299154416435,37.21086185864363,126.81915417599335,37.196698496609336,2024-10-24 21:26:35
1816,64,51,21,,,126.84336367923481,37.20325719552314,126.81947236176147,37.211105514957424,2024-10-24 21:27:17
1817,37,50,21,,,126.82030023944404,37.198049339585644,126.82245220775184,37.21161263400279,2024-10-24 21:27:40
1818,63,52,21,,,126.83615944483901,37.21176227818261,126.83005698908738,37.21688023773064,2024-10-24 21:28:44
1819,30,45,21,,,126.83111149066652,37.19928981929964,126.8247754731101,37.2116942989788,2024-10-24 21:29:09
1820,50,48,21,,,126.8228163077923,37.21154170300214,126.8298923615502,37.215591497618824,2024-10-24 21:29:12
1821,72,7,21,,,126.81253852352123,37.20654568208015,126.82691014569875,37.20775871866147,2024-10-24 21:29:24
1822,50,39,21,,,126.8229763119698,37.2124730062263,126.82103607826294,37.20024336355912,2024-10-24 21:29:57
1823,63,33,21,,,126.83506492477257,37.21059809880995,126.82903274686974,37.200533703173754,2024-10-24 21:29:59
1824,26,38,21,,,126.81793530736846,37.19391960162981,126.82360512122159,37.20060935820565,2024-10-24 21:30:09
1825,11,55,21,,,126.81429024834267,37.2091672357603,126.82947326145681,37.209193852295044,2024-10-24 21:30:27
1826,21,38,21,,,126.81920897712084,37.195974725293176,126.8236066567519,37.20091335954633,2024-10-24 21:31:26
1827,25,21,21,,,126.82155250931191,37.195588971298235,126.8186323700691,37.19612499903238,2024-10-24 21:32:19
1828,31,13,21,,,126.82819516550104,37.197209551397385,126.81686337713445,37.20466824587211,2024-10-24 21:32:20
1829,1,48,21,,,126.81643672237834,37.198107111622285,126.8307109798575,37.21375013192639,2024-10-24 21:32:26
1830,7,71,21,,,126.8280156323091,37.209005299103126,126.84052396911854,37.20579906205561,2024-10-24 21:32:30
1831,64,15,21,,,126.8434824141388,37.204172876064824,126.81676480503339,37.20576054180788,2024-10-24 21:32:43
1832,50,7,21,,,126.8220771745955,37.21069159478972,126.82686542575594,37.20817587232587,2024-10-24 21:33:25
1833,64,34,21,,,126.84294519865058,37.20385311852902,126.8222369233047,37.202704022152446,2024-10-24 21:33:49
1834,38,22,21,,,126.82510140060637,37.200916868285894,126.81684704362311,37.19460534615172,2024-10-24 21:34:33
1835,55,37,21,,,126.82908836258878,37.208819099545714,126.8206017145961,37.19741461943419,2024-10-24 21:35:04
1836,42,19,21,,,126.83131444848314,37.19562532789762,126.82866630786977,37.195842148624216,2024-10-24 21:37:32
1837,50,26,21,,,126.82307863420452,37.21168974763214,126.81760828863607,37.193481414315386,2024-10-24 21:37:39
1838,50,37,21,,,126.82148510342319,37.2119713584248,126.82220974636068,37.197874442256705,2024-10-24 21:38:44
1839,37,18,21,,,126.82164819837166,37.1973826004433,126.82390699735429,37.19487809906675,2024-10-24 21:39:05
1840,50,60,21,,,126.8228661930862,37.21061533671978,126.83288185032941,37.2131175312288,2024-10-24 21:39:16
1841,32,26,21,,,126.83129636241361,37.20161414760081,126.81784314623661,37.193972791412925,2024-10-24 21:40:30
1842,67,62,21,,,126.83455305696235,37.20330208740619,126.83801509034491,37.211934316868415,2024-10-24 21:40:45
1843,18,32,21,,,126.82340769090194,37.19481832664756,126.83248516140905,37.20256683897326,2024-10-24 21:41:00
1844,7,17,21,,,126.82699810022464,37.2086194769325,126.82728857466857,37.197647809747366,2024-10-24 21:41:49
1845,70,71,21,,,126.83705965557763,37.208836981498635,126.83960313691081,37.2047912228518,2024-10-24 21:43:18
1846,50,55,21,,,126.82327428346932,37.212216356623834,126.82961202328467,37.208925546047595,2024-10-24 21:43:23
1847,37,4,21,,,126.82128024366271,37.19776118813083,126.8223015726296,37.20773110459457,2024-10-24 21:43:47
1848,58,70,21,,,126.83591991518495,37.208489712627866,126.83860372101562,37.21041035806829,2024-10-24 21:43:53
1849,33,21,21,,,126.82986597299629,37.201156183333296,126.81891815298643,37.19732520076316,2024-10-24 21:44:33
1850,36,25,21,,,126.82296823867688,37.198394568908064,126.82028118406788,37.19384159796666,2024-10-24 21:44:35
1851,38,54,21,,,126.82377004823095,37.200319883569904,126.83271077456789,37.21108590372563,2024-10-24 21:44:55
1852,21,38,21,,,126.81802096431471,37.19654610812043,126.82424543416218,37.201110337208945,2024-10-24 21:45:18
1853,21,60,21,,,126.81877961202743,37.196254441904124,126.83322685067155,37.21230095307628,2024-10-24 21:46:25
1854,46,11,21,,,126.82934260013478,37.21202491252257,126.81405155022146,37.208537488294645,2024-10-24 21:46:41
1855,54,31,21,,,126.83288663551741,37.2104118617108,126.829439265607,37.198779580406125,2024-10-24 21:46:41
1856,23,38,21,,,126.82180713234439,37.19104005006746,126.82412541376932,37.201732756976995,2024-10-24 21:47:00
1857,51,21,21,,,126.81872246527216,37.209668772302685,126.81923947603977,37.19572324085092,2024-10-24 21:47:38
1858,50,38,21,,,126.82273580462251,37.21205556999753,126.82408442145797,37.20115619993876,2024-10-24 21:48:17
1859,12,18,21,,,126.82010541853218,37.20384710523806,126.82348821897331,37.19534199418064,2024-10-24 21:48:51
1860,18,50,21,,,126.82400544374735,37.19545229360027,126.82309165619569,37.211624313564954,2024-10-24 21:49:29
1861,70,71,21,,,126.83718110969815,37.20954419718599,126.84023780603052,37.20597375986832,2024-10-24 21:49:51
1862,6,69,21,,,126.82428129496431,37.20378618326221,126.83739458492322,37.20693724131308,2024-10-24 21:50:13
1863,58,56,21,,,126.8349203224215,37.20872100750932,126.83576694772137,37.20648903202561,2024-10-24 21:50:22
1864,51,32,21,,,126.82053558266016,37.21074173735161,126.83288910853581,37.20274484055831,2024-10-24 21:50:26
1865,71,58,21,,,126.83962604757254,37.204631935744416,126.83534612311577,37.20801897330918,2024-10-24 21:50:50
1866,26,70,21,,,126.81865562021882,37.19291900071445,126.83853101579083,37.20926398085145,2024-10-24 21:51:05
1867,1,28,21,,,126.81585312534806,37.198707387136345,126.82985609765339,37.20371802381268,2024-10-24 21:51:17
1868,70,50,21,,,126.83805395951966,37.20939743317039,126.82175309464311,37.211959010819626,2024-10-24 21:51:56
1869,54,71,21,,,126.83212202558043,37.21024050732551,126.84073423150278,37.20413890127963,2024-10-24 21:52:08
1870,38,72,21,,,126.82423705307251,37.200906506097304,126.81162275279985,37.20645571216686,2024-10-24 21:53:26
1871,10,71,21,,,126.81701945034432,37.2100518675606,126.8406490551534,37.20424437924049,2024-10-24 21:53:34
1872,18,26,21,,,126.82446512055606,37.196072561687046,126.81888581900321,37.1943912504882,2024-10-24 21:54:18
1873,38,3,21,,,126.82324713459741,37.20094830460643,126.82514569220734,37.209916256695514,2024-10-24 21:54:38
1874,23,38,21,,,126.81988212286653,37.1924486246252,126.82417360426409,37.20095999115779,2024-10-24 21:54:42
1875,18,51,21,,,126.82323942723917,37.19515572748003,126.81891742979239,37.21000134213552,2024-10-24 21:55:11
1876,23,50,21,,,126.82146920452415,37.191459411135455,126.82284469037754,37.210921739846555,2024-10-24 21:55:18
1877,23,50,21,,,126.82128488628469,37.191243265508966,126.82293145164718,37.212346829384906,2024-10-24 21:55:19
1878,37,51,21,,,126.82038860999259,37.197483779032986,126.81977262831914,37.21109367700945,2024-10-24 21:55:26
1879,3,2,21,,,126.82510796580803,37.20941046178011,126.82287105853712,37.20661649774465,2024-10-24 21:55:28
1880,37,56,21,,,126.82050892532433,37.19800373909613,126.83584009179553,37.20614889567496,2024-10-24 21:55:53
1881,70,50,21,,,126.83776651885539,37.20939784715372,126.8215855039572,37.21206594751727,2024-10-24 21:56:01
1882,23,38,21,,,126.82039642534534,37.191224532168384,126.82328647345214,37.20225270384724,2024-10-24 21:56:34
1883,59,21,21,,,126.83215913569241,37.20735431051934,126.8182337848028,37.196573933339906,2024-10-24 21:57:54
1884,25,12,21,,,126.82008021258457,37.193926729148565,126.8190922865225,37.20457323282051,2024-10-24 21:57:55
1885,26,38,21,,,126.81796129224522,37.19439684143567,126.82432316309357,37.20162898041165,2024-10-24 21:58:00
1886,24,53,21,,,126.81791324289395,37.190687557976744,126.83008093809144,37.20726567738154,2024-10-24 21:58:29
1887,55,50,21,,,126.82958490544577,37.20834824728002,126.82180550606155,37.21108760375414,2024-10-24 21:58:33
1888,63,40,21,,,126.83457878050469,37.21169286907843,126.83059410351316,37.19286969742352,2024-10-24 21:59:25
1889,50,60,21,,,126.8232761675441,37.21052190303981,126.83376103210072,37.21336327780527,2024-10-24 21:59:41
1890,27,29,22,,,126.82584222062924,37.200500294116964,126.82653026581414,37.20287278058405,2024-10-24 22:00:38
1891,50,37,22,,,126.82199761439743,37.21201355655592,126.82153752458919,37.19752698646551,2024-10-24 22:00:44
1892,26,70,22,,,126.81864210845569,37.19405458209003,126.83731541908806,37.20862700938382,2024-10-24 22:00:55
1893,71,50,22,,,126.83966934447636,37.20459254547378,126.82162886487593,37.21213861671128,2024-10-24 22:01:06
1894,60,38,22,,,126.83326349214374,37.21391450169799,126.82444022286138,37.20085940866161,2024-10-24 22:01:33
1895,50,38,22,,,126.82214359763579,37.211674864693784,126.82487290246779,37.20149242884828,2024-10-24 22:01:37
1896,50,37,22,,,126.82170489497894,37.21097957350969,126.82068456656069,37.19663653279703,2024-10-24 22:01:54
1897,50,37,22,,,126.82154945288167,37.21098118398229,126.82035049574355,37.197563849261506,2024-10-24 22:02:12
1898,56,32,22,,,126.83580579706825,37.205733081736405,126.83142616605167,37.20103753232195,2024-10-24 22:02:36
1899,51,39,22,,,126.81926791488348,37.210146333351155,126.82172379932113,37.20005697152855,2024-10-24 22:02:42
1900,19,70,22,,,126.82844987570938,37.19510196033962,126.83870282520051,37.209818759984984,2024-10-24 22:03:06
1901,22,67,22,,,126.8149136538086,37.19551405036392,126.8351453532868,37.20253819060132,2024-10-24 22:03:54
1902,38,3,22,,,126.82389056534778,37.20214243629708,126.82539770496169,37.210464752877186,2024-10-24 22:04:04
1903,10,37,22,,,126.81705770263689,37.20930390357632,126.82184251701302,37.198328492169765,2024-10-24 22:04:37
1904,51,26,22,,,126.81942132127928,37.20997962377487,126.81771151673499,37.19270614906099,2024-10-24 22:04:39
1905,38,70,22,,,126.82483098426121,37.200344667841634,126.83834956860686,37.20937251903836,2024-10-24 22:05:15
1906,49,17,22,,,126.82768633064515,37.214295873647835,126.82668940111489,37.19639601956241,2024-10-24 22:05:16
1907,65,15,22,,,126.83461706886033,37.20045701698388,126.81711479524387,37.205812191674916,2024-10-24 22:05:18
1908,60,39,22,,,126.83244395989809,37.21229268746657,126.82223198409379,37.19940232329075,2024-10-24 22:05:42
1909,27,10,22,,,126.82750673952327,37.199120371687506,126.81759497798154,37.20953753670107,2024-10-24 22:05:42
1910,36,6,22,,,126.82415404660578,37.19929550532797,126.82445364392704,37.20349126841684,2024-10-24 22:05:47
1911,51,21,22,,,126.81960428046274,37.21041721365148,126.81816789755821,37.19568230812142,2024-10-24 22:05:57
1912,37,19,22,,,126.82051581816084,37.19706971053536,126.82857140663381,37.195569899584534,2024-10-24 22:06:10
1913,2,14,22,,,126.82241703825738,37.205130599571554,126.81964415111547,37.206844713948584,2024-10-24 22:07:15
1914,41,29,22,,,126.83499811461141,37.19650772995075,126.82735575183818,37.20146475577806,2024-10-24 22:07:35
1915,33,27,22,,,126.83029580948434,37.2006494240145,126.82754247571646,37.19903410364934,2024-10-24 22:07:40
1916,38,12,22,,,126.82345712876013,37.20090910701752,126.82019105078193,37.20549528608629,2024-10-24 22:09:30
1917,23,38,22,,,126.82000081725982,37.19259745832884,126.82353890432081,37.20068273952901,2024-10-24 22:10:07
1918,68,61,22,,,126.84069848487471,37.20296584665098,126.83275324575834,37.21582388047686,2024-10-24 22:10:16
1919,50,60,22,,,126.82336818322884,37.211634315398115,126.83192603276908,37.21220402376539,2024-10-24 22:10:24
1920,53,63,22,,,126.830470095851,37.20643716574982,126.83610576698851,37.21072053278899,2024-10-24 22:10:48
1921,16,19,22,,,126.82389087722896,37.19307200051205,126.82795707957021,37.19429269723023,2024-10-24 22:11:23
1922,71,41,22,,,126.84020908649096,37.20593214554185,126.83486335902563,37.19622469731456,2024-10-24 22:13:02
1923,18,51,22,,,126.82304124545288,37.195057125271234,126.82008810824286,37.20985500457427,2024-10-24 22:14:07
1924,47,53,22,,,126.82817044533392,37.21063171785161,126.82997260427922,37.207248873084936,2024-10-24 22:14:56
1925,33,17,22,,,126.82916854424371,37.19971378460414,126.82671634864126,37.196064393261906,2024-10-24 22:15:18
1926,33,21,22,,,126.82968310832574,37.20150916469957,126.81900638359876,37.19671640541966,2024-10-24 22:15:25
1927,21,48,22,,,126.81799662597139,37.1973219453814,126.83073212434282,37.213976243383364,2024-10-24 22:16:59
1928,5,14,22,,,126.8275961594816,37.20599919002084,126.81959172030703,37.20829618132651,2024-10-24 22:17:14
1929,50,21,22,,,126.8215349913254,37.21071731543931,126.81926989974937,37.19654925317722,2024-10-24 22:18:25
1930,21,38,22,,,126.81811755091118,37.197197368757806,126.82445367452411,37.20190095507788,2024-10-24 22:18:57
1931,23,7,22,,,126.82175664454547,37.19114659252037,126.82825895708314,37.20810633356557,2024-10-24 22:19:05
1932,33,59,22,,,126.82954566691336,37.200380398672436,126.83329428677943,37.20661447953819,2024-10-24 22:19:14
1933,23,50,22,,,126.82013927243304,37.19083521664987,126.8221677688423,37.21085598221384,2024-10-24 22:19:15
1934,50,38,22,,,126.82274412213559,37.21082295968099,126.8244207537182,37.20047721816041,2024-10-24 22:19:48
1935,50,50,22,,,126.82309127927832,37.21122114638658,126.82316073403427,37.21136231656667,2024-10-24 22:19:51
1936,63,53,22,,,126.83505600173662,37.21060349677137,126.82971343630544,37.20613510045308,2024-10-24 22:20:16
1937,37,12,22,,,126.82115413745261,37.19671916407693,126.82020009007287,37.2053823631531,2024-10-24 22:21:51
1938,37,33,22,,,126.82214880720194,37.19670004626578,126.82908064379934,37.20150899267113,2024-10-24 22:22:45
1939,5,52,22,,,126.82697441360875,37.20600584277075,126.83148070359829,37.21799426447756,2024-10-24 22:23:42
1940,50,37,22,,,126.82329685221809,37.21200387253523,126.82088969155215,37.19742403587754,2024-10-24 22:24:20
1941,58,28,22,,,126.83609020111675,37.209037772860334,126.82896133121834,37.20290816208365,2024-10-24 22:24:40
1942,38,47,22,,,126.82338086793753,37.20042787913146,126.82747908854223,37.21101035008252,2024-10-24 22:25:22
1943,1,52,22,,,126.81566815945082,37.197553788058904,126.82983346758564,37.21772826716112,2024-10-24 22:25:22
1944,51,39,22,,,126.81952105321861,37.20958637022651,126.8222392495597,37.200139089613664,2024-10-24 22:25:30
1945,47,20,22,,,126.82677570211486,37.21180298850175,126.8159075167113,37.191870764729224,2024-10-24 22:25:46
1946,37,50,22,,,126.82169058877297,37.19659083915387,126.82293255928796,37.21155440556609,2024-10-24 22:26:15
1947,50,37,22,,,126.8233270756582,37.211951889924904,126.82045550633899,37.197828917332245,2024-10-24 22:26:40
1948,55,50,22,,,126.82938549145955,37.20964894977952,126.82201394389683,37.21115795494947,2024-10-24 22:27:05
1949,50,37,22,,,126.82238653097801,37.2122935360357,126.82181086703797,37.1974279579468,2024-10-24 22:27:48
1950,39,50,22,,,126.82137237958715,37.20068401990893,126.8214057930115,37.21179020797987,2024-10-24 22:28:05
1951,38,15,22,,,126.82482449189101,37.20080470725821,126.81606227199048,37.20563468852754,2024-10-24 22:28:44
1952,51,37,22,,,126.81897555923489,37.21071997329632,126.82139821356701,37.19667153615972,2024-10-24 22:30:10
1953,23,32,22,,,126.82035102214047,37.19123440011712,126.8326146916917,37.201909832320794,2024-10-24 22:30:11
1954,70,50,22,,,126.83853326733468,37.210426176788886,126.82265720696306,37.21176909978102,2024-10-24 22:30:45
1955,63,14,22,,,126.83540700510441,37.212017008468145,126.81898992265492,37.20794329405347,2024-10-24 22:30:49
1956,46,69,22,,,126.8308697178778,37.212036486795455,126.83759799941653,37.207562015740606,2024-10-24 22:31:00
1957,55,20,22,,,126.82934709617886,37.20833075458034,126.81658852548037,37.19166373290578,2024-10-24 22:31:44
1958,38,72,22,,,126.82466506252416,37.20180682831824,126.81124088254163,37.20757312992514,2024-10-24 22:32:04
1959,37,21,22,,,126.8216475883364,37.19727126785104,126.81916368438117,37.19617076153448,2024-10-24 22:33:44
1960,18,32,22,,,126.82446175078198,37.19605838114898,126.83133026220978,37.202689581556974,2024-10-24 22:33:47
1961,71,58,22,,,126.8399674086026,37.20528647988611,126.83483750191078,37.2082794282238,2024-10-24 22:34:04
1962,42,65,22,,,126.83134366523733,37.19543609073143,126.83535657406577,37.19985881114943,2024-10-24 22:34:21
1963,2,58,22,,,126.82101948559617,37.206311167693286,126.83523407083324,37.20784206805729,2024-10-24 22:36:25
1964,72,69,22,,,126.81259000746937,37.207027700465545,126.83844695225933,37.206395368508154,2024-10-24 22:37:01
1965,33,10,22,,,126.82933735820994,37.20025925984682,126.81629384716572,37.2100112291093,2024-10-24 22:37:10
1966,71,34,22,,,126.84025730035168,37.205537425322575,126.82112766404458,37.20248652132569,2024-10-24 22:37:16
1967,2,52,22,,,126.82153481621773,37.20610764949917,126.83118098126602,37.21750800976868,2024-10-24 22:37:18
1968,21,60,22,,,126.81784390440056,37.19587094920448,126.83248593993994,37.21380588319795,2024-10-24 22:37:29
1969,37,45,22,,,126.82132828796082,37.19741780829997,126.82570711379852,37.21264658482646,2024-10-24 22:37:30
1970,16,30,22,,,126.82444241277166,37.19199527996915,126.83240411183905,37.19831131060218,2024-10-24 22:38:39
1971,56,56,22,,,126.83511088453486,37.204705565800985,126.83578164904122,37.20540348894083,2024-10-24 22:38:47
1972,64,55,22,,,126.84153641975116,37.20303175429226,126.83018080673708,37.20967866122659,2024-10-24 22:38:56
1973,70,50,22,,,126.83725597874313,37.20873442140772,126.8222197263901,37.212458577652946,2024-10-24 22:39:29
1974,38,51,22,,,126.82322921973623,37.2020606663957,126.81885265133266,37.21014987756675,2024-10-24 22:40:32
1975,36,10,22,,,126.82379552293891,37.197867063321205,126.81738449854824,37.21012449744375,2024-10-24 22:40:56
1976,55,51,22,,,126.83039113113689,37.209085106511054,126.8192514148732,37.21037182806755,2024-10-24 22:41:15
1977,26,38,22,,,126.81764018894975,37.19290338661217,126.82407889659505,37.20117250250258,2024-10-24 22:41:29
1978,36,12,22,,,126.82364180520835,37.19913945743605,126.82007988028987,37.20399650680014,2024-10-24 22:42:39
1979,21,58,22,,,126.81831490152423,37.196553191914624,126.8355440029038,37.207625146914474,2024-10-24 22:43:11
1980,26,38,22,,,126.81755361182712,37.19446846150799,126.8246223775254,37.20137326954123,2024-10-24 22:44:02
1981,50,50,22,,,126.82291664660089,37.211547087849496,126.82164176932086,37.211395474090324,2024-10-24 22:44:28
1982,23,19,22,,,126.82106589441771,37.1913078123797,126.82827850713693,37.195243512136905,2024-10-24 22:44:38
1983,2,39,22,,,126.82131771839857,37.206504447064496,126.8206817071343,37.200130444670165,2024-10-24 22:44:40
1984,37,7,22,,,126.8207915486162,37.197161828708275,126.82789879938785,37.208845525485934,2024-10-24 22:45:10
1985,54,71,22,,,126.83260364361666,37.20938048073416,126.84085566666349,37.20527362549681,2024-10-24 22:45:40
1986,51,39,22,,,126.81942812927947,37.209677357607234,126.8223885222316,37.20092857635511,2024-10-24 22:46:27
1987,51,50,22,,,126.82064952802244,37.20950474027877,126.82296055544882,37.21061463102547,2024-10-24 22:46:35
1988,64,27,22,,,126.84344773640132,37.20382119314102,126.82745473837579,37.19945862670866,2024-10-24 22:47:01
1989,28,16,22,,,126.82962557125457,37.20301623370253,126.82258651646873,37.191916108997496,2024-10-24 22:47:14
1990,38,32,22,,,126.82392376984197,37.201727638153486,126.83292905215482,37.200799198486585,2024-10-24 22:47:29
1991,53,36,22,,,126.82877832336148,37.206939368367365,126.82352635504219,37.19921045191479,2024-10-24 22:47:46
1992,27,34,22,,,126.8259080029369,37.19875498912135,126.82249291846897,37.203573590259154,2024-10-24 22:48:17
1993,47,12,22,,,126.82838833587087,37.210301765645,126.81843128462928,37.20433231689077,2024-10-24 22:48:25
1994,50,39,22,,,126.82181066856594,37.210963653833296,126.82076615756836,37.20060182454226,2024-10-24 22:49:02
1995,50,48,22,,,126.82330670889073,37.210822607728105,126.83089227462135,37.214776475301925,2024-10-24 22:49:03
1996,18,50,22,,,126.82384623652243,37.195707549325206,126.82259381093093,37.21128100747702,2024-10-24 22:51:14
1997,23,37,22,,,126.82070554694704,37.191584048858466,126.82112855379272,37.197883227520705,2024-10-24 22:51:23
1998,51,21,22,,,126.8197889368526,37.211160304090555,126.81913957223495,37.19728076708004,2024-10-24 22:52:18
1999,51,32,22,,,126.82066695136653,37.21034087142885,126.83252551850914,37.20270347224332,2024-10-24 22:52:41
2000,50,60,22,,,126.82185759542797,37.211866260626095,126.83310990335184,37.21400323067501,2024-10-24 22:52:51
2001,23,18,22,,,126.8209799575655,37.192671155855614,126.82409747012403,37.19613419697881,2024-10-24 22:53:07
2002,37,10,22,,,126.82212693656388,37.196427961240765,126.8173218853567,37.20863554823595,2024-10-24 22:53:51
2003,50,37,22,,,126.82147547197414,37.21146812765603,126.82087795638489,37.1966100255815,2024-10-24 22:53:56
2004,18,54,22,,,126.82372887487149,37.195714583940955,126.83218955765977,37.21063463282615,2024-10-24 22:53:58
2005,70,21,22,,,126.83763150647546,37.21047948154818,126.81758403498272,37.196384256239455,2024-10-24 22:54:04
2006,26,48,22,,,126.81755260411605,37.19255126763627,126.82965490437198,37.21451185480453,2024-10-24 22:55:09
2007,37,51,22,,,126.8216669332938,37.197920170710404,126.8187003969592,37.209889775268195,2024-10-24 22:55:23
2008,37,18,22,,,126.82141643242613,37.196558230980564,126.82327819162698,37.19660816321941,2024-10-24 22:55:36
2009,27,50,22,,,126.82629305537942,37.198911347618264,126.82149112518545,37.210809540322444,2024-10-24 22:55:40
2010,66,5,22,,,126.83785546857638,37.20478587968595,126.82671047974726,37.20568945528678,2024-10-24 22:56:13
2011,50,7,22,,,126.8214887174895,37.211261453797256,126.82714987608792,37.20777451245158,2024-10-24 22:56:28
2012,63,51,22,,,126.83614736239443,37.2103819147743,126.82062139628576,37.21027645771868,2024-10-24 22:56:41
2013,37,51,22,,,126.82137749560322,37.196457913014356,126.82053647294921,37.211334620673,2024-10-24 22:58:04
2014,19,4,22,,,126.82928269852738,37.1944755014125,126.82149782700573,37.20878935291379,2024-10-24 22:58:11
2015,23,38,22,,,126.82095275110562,37.19114534314641,126.82352966156014,37.20220642255946,2024-10-24 22:58:52
