idx,o,d,hour,o_h3,d_h3,o_x,o_y,d_x,d_y,time
0,23,50,7,,,126.82079064655157,37.191991011210995,126.82210533570667,37.21072424912582,2024-10-24 07:00:02
1,37,51,7,,,126.82225765554884,37.1973401747564,126.81884118618989,37.21141158202592,2024-10-24 07:00:38
2,21,33,7,,,126.81780578468621,37.196703439663544,126.82981602897661,37.20143535976462,2024-10-24 07:00:47
3,63,67,7,,,126.83480064201935,37.21046053690985,126.83429681199274,37.203210798604694,2024-10-24 07:01:10
4,10,22,7,,,126.8164754988996,37.20852565281946,126.81601532755136,37.19546617721277,2024-10-24 07:02:02
5,51,37,7,,,126.81909338611241,37.21131861259564,126.82056551135871,37.1964643637458,2024-10-24 07:02:07
6,36,23,7,,,126.8237834836725,37.19874309536672,126.82085900056659,37.19196046662066,2024-10-24 07:02:42
7,70,50,7,,,126.83792545113273,37.21048811916094,126.82163193315822,37.211895348461,2024-10-24 07:03:06
8,50,37,7,,,126.82232964686074,37.210990198763334,126.8204064031255,37.198123079100405,2024-10-24 07:03:09
9,33,59,7,,,126.82939866378017,37.20082414344599,126.83156197811041,37.20787372871805,2024-10-24 07:03:59
10,15,31,7,,,126.8162424659162,37.2056146059631,126.828249805224,37.19742906156582,2024-10-24 07:04:44
11,49,17,7,,,126.8285910001662,37.21456050494858,126.8267323943988,37.19701595106149,2024-10-24 07:04:46
12,27,6,7,,,126.82618649726797,37.19961337097438,126.82447115050856,37.20410596186159,2024-10-24 07:04:50
13,23,68,7,,,126.82078541606215,37.19096442894621,126.84035205040645,37.201311269463076,2024-10-24 07:05:22
14,13,49,7,,,126.8162510929698,37.20342565111341,126.82683635933961,37.213191797711076,2024-10-24 07:06:36
15,31,22,7,,,126.83008878620699,37.19695146229767,126.81683082994005,37.19593419492484,2024-10-24 07:06:41
16,30,22,7,,,126.83223147200628,37.19805215411671,126.81511137548996,37.1958633247764,2024-10-24 07:06:43
17,10,4,7,,,126.81779453624823,37.20969166131458,126.82199945245132,37.2078589287372,2024-10-24 07:06:59
18,23,50,7,,,126.82041032471842,37.19253415918175,126.82259731459517,37.211778412664906,2024-10-24 07:07:15
19,41,47,7,,,126.83500201311352,37.19634644299893,126.82761661598121,37.21165499307745,2024-10-24 07:07:38
20,51,39,7,,,126.81902219636802,37.21097497290256,126.82164180177918,37.199860982907005,2024-10-24 07:07:49
21,38,66,7,,,126.82465368164348,37.20209913785528,126.83693330842448,37.2032188373879,2024-10-24 07:07:52
22,69,2,7,,,126.83722535042955,37.207166283943096,126.82283361850467,37.20635539088833,2024-10-24 07:08:14
23,49,18,7,,,126.8273501029902,37.214102264502664,126.82353802515928,37.195307561914944,2024-10-24 07:08:30
24,51,39,7,,,126.8189234436399,37.210366511252104,126.82141450028104,37.201134419112236,2024-10-24 07:08:37
25,20,65,7,,,126.81485124801482,37.192466088829676,126.83367938840036,37.19910580236927,2024-10-24 07:09:26
26,50,60,7,,,126.82214544475717,37.2108021749912,126.83232405501725,37.21231482221225,2024-10-24 07:09:26
27,23,50,7,,,126.82013653320702,37.19154094974726,126.82322424233354,37.21240751317048,2024-10-24 07:10:26
28,18,49,7,,,126.82314025340358,37.19542935452476,126.82862276762918,37.21319671162073,2024-10-24 07:11:06
29,51,26,7,,,126.82053374798902,37.21110040045633,126.81842139148888,37.19448913453294,2024-10-24 07:11:16
30,44,12,7,,,126.8202541801815,37.18945107069886,126.81985188185692,37.205650293446574,2024-10-24 07:12:14
31,30,57,7,,,126.83167227192507,37.198311346585434,126.83178051696984,37.204405884282004,2024-10-24 07:13:04
32,51,50,7,,,126.82007589357956,37.2095713820859,126.8215831767832,37.211754998466375,2024-10-24 07:13:32
33,42,31,7,,,126.83188475067828,37.19647952653208,126.82920998830845,37.197557642907846,2024-10-24 07:14:20
34,39,3,7,,,126.82089162693882,37.200674129442085,126.82436837900985,37.21003457055412,2024-10-24 07:14:22
35,37,51,7,,,126.82052565980787,37.19743537309925,126.81883224737581,37.21011740680014,2024-10-24 07:14:33
36,70,50,7,,,126.83742326837671,37.20926129143704,126.821632540092,37.2119165506466,2024-10-24 07:15:31
37,16,63,7,,,126.8232577172236,37.193606660521006,126.83602567007169,37.211181250813475,2024-10-24 07:15:53
38,36,20,7,,,126.82482822609629,37.198311883448696,126.81582726730548,37.1925863870626,2024-10-24 07:16:03
39,60,21,7,,,126.8330358485524,37.21351016424275,126.81824947444002,37.19667924978393,2024-10-24 07:16:38
40,38,3,7,,,126.82348434194023,37.20105876661874,126.82524749105677,37.21043358454563,2024-10-24 07:16:40
41,71,33,7,,,126.8405843005232,37.204225559655946,126.82989575503711,37.20087841816685,2024-10-24 07:16:56
42,30,61,7,,,126.83092581460615,37.19967990067669,126.83383236386764,37.21644103362964,2024-10-24 07:17:03
43,48,50,7,,,126.83030694837284,37.21383264677454,126.8229923959117,37.21154035437231,2024-10-24 07:17:23
44,51,39,7,,,126.81903024303442,37.21095318532692,126.82198028361807,37.200453400055586,2024-10-24 07:17:29
45,37,21,7,,,126.82169313026871,37.19683212211,126.81836825289382,37.19582024474826,2024-10-24 07:17:48
46,40,42,7,,,126.83121041387355,37.19262306184794,126.83167269758657,37.19652672804898,2024-10-24 07:17:52
47,20,2,7,,,126.81552629684505,37.192941063865625,126.8216558562713,37.20603669461095,2024-10-24 07:17:56
48,47,63,7,,,126.82771857791278,37.20992365032904,126.83593030557482,37.2109658044321,2024-10-24 07:18:07
49,13,46,7,,,126.81747760766926,37.20301865135207,126.82939617310318,37.211601364043126,2024-10-24 07:18:58
50,47,37,7,,,126.82754424675386,37.21054942819249,126.82194806899368,37.19778263994788,2024-10-24 07:19:03
51,50,26,7,,,126.82264525588383,37.21153141769501,126.81898999115889,37.19319806708872,2024-10-24 07:19:22
52,51,39,7,,,126.82051071704979,37.210570982587036,126.82236737351124,37.199989518986655,2024-10-24 07:21:17
53,50,38,7,,,126.82316222602392,37.21240059289206,126.82460739619808,37.201545017086794,2024-10-24 07:21:39
54,56,56,7,,,126.8355701917459,37.206346345612985,126.83567199207613,37.20481624508906,2024-10-24 07:22:00
55,51,37,7,,,126.82045394471969,37.21009439022636,126.82216315490686,37.196980116942434,2024-10-24 07:22:18
56,47,59,7,,,126.8267561189065,37.21172561021498,126.83180478319696,37.20831857881933,2024-10-24 07:22:36
57,26,38,7,,,126.81846098727466,37.192569759097914,126.82318322995349,37.20149659267009,2024-10-24 07:23:04
58,60,42,7,,,126.83308845927891,37.21256852865517,126.83166246591286,37.19687560784597,2024-10-24 07:23:14
59,51,37,7,,,126.8188319014886,37.20986783346165,126.82034126294222,37.198338174916714,2024-10-24 07:23:53
60,42,7,7,,,126.8321431284668,37.196913356132946,126.8280992815817,37.20875296134014,2024-10-24 07:24:53
61,26,38,7,,,126.81838829591189,37.19340389074573,126.82361824294958,37.20056172083301,2024-10-24 07:25:29
62,50,7,7,,,126.82318498526377,37.21185514956572,126.82690333205778,37.20826258600804,2024-10-24 07:25:52
63,47,23,7,,,126.82824262190547,37.21159146950014,126.82144660834672,37.191237989477166,2024-10-24 07:26:06
64,51,21,7,,,126.82060152542462,37.21112628503135,126.8190717125382,37.19618091540829,2024-10-24 07:26:37
65,51,27,7,,,126.82002066426136,37.21060317468147,126.82648676827935,37.198752953659096,2024-10-24 07:26:53
66,50,37,7,,,126.82269149019453,37.210988482554335,126.82176267562038,37.196434693347435,2024-10-24 07:27:16
67,32,27,7,,,126.83132850001248,37.2025513904528,126.82641038625522,37.19858936949147,2024-10-24 07:27:22
68,49,19,7,,,126.8278582834091,37.21405717280503,126.82919604798703,37.19441850894313,2024-10-24 07:27:28
69,28,67,7,,,126.82999649714196,37.203415369757586,126.83565273035522,37.20317395338869,2024-10-24 07:28:03
70,50,37,7,,,126.82253071597111,37.212272787493276,126.82102870360193,37.19786029554216,2024-10-24 07:28:17
71,50,60,7,,,126.8224645964533,37.21131571241451,126.83230981804206,37.2128407601473,2024-10-24 07:28:19
72,50,60,7,,,126.82291896571692,37.21127946730051,126.83193521317651,37.21390133574627,2024-10-24 07:28:40
73,51,37,7,,,126.81885847721321,37.209923932193774,126.82133958476298,37.19646237028526,2024-10-24 07:28:46
74,55,49,7,,,126.83025771967205,37.210034091613075,126.82816407574119,37.21432017059864,2024-10-24 07:29:35
75,55,50,7,,,126.83003004295372,37.20846479040082,126.82261119888041,37.21180142850321,2024-10-24 07:29:43
76,48,48,7,,,126.83045767946126,37.21495629141373,126.83058800942892,37.2145142645738,2024-10-24 07:29:47
77,50,38,7,,,126.8223086606473,37.21076719188629,126.82428669885627,37.20138197621298,2024-10-24 07:31:09
78,14,22,7,,,126.82041725973126,37.20767646143702,126.81599691868803,37.195019208509095,2024-10-24 07:31:21
79,47,30,7,,,126.82816650816474,37.21054645278322,126.8312208919238,37.19967357484028,2024-10-24 07:31:25
80,18,54,7,,,126.82470028604331,37.19544790347404,126.8327857879121,37.21047347401355,2024-10-24 07:31:33
81,50,26,7,,,126.82329903817967,37.212087984473385,126.81867084571981,37.193999613469785,2024-10-24 07:32:18
82,70,71,7,,,126.83694942006937,37.208767703580186,126.8402094559455,37.20497214965211,2024-10-24 07:32:36
83,70,50,7,,,126.83718746053992,37.20942046689501,126.82326150136583,37.21060326710954,2024-10-24 07:32:40
84,51,26,7,,,126.81936692383508,37.2094774387701,126.8181617775681,37.19388597434796,2024-10-24 07:33:09
85,39,10,7,,,126.8223007504066,37.19974114757195,126.81727874600743,37.20843986012706,2024-10-24 07:33:21
86,60,38,7,,,126.83225982897736,37.21371111735172,126.82476451298918,37.20074395214163,2024-10-24 07:33:44
87,50,50,7,,,126.82319308363321,37.211353995188894,126.82169768998739,37.21139234089933,2024-10-24 07:34:27
88,53,36,7,,,126.82878774176997,37.20659198480534,126.8239254372518,37.198344449827744,2024-10-24 07:34:32
89,34,50,7,,,126.82107978780748,37.202214469685885,126.82272979927951,37.21169058388808,2024-10-24 07:34:40
90,60,47,7,,,126.83206737518695,37.21390533683465,126.8275025910965,37.211287285262536,2024-10-24 07:35:16
91,25,58,7,,,126.82088335682221,37.19535320878046,126.8352116716468,37.20788225101301,2024-10-24 07:36:01
92,55,51,7,,,126.82991629700311,37.20966179937939,126.81987961398582,37.21107085832705,2024-10-24 07:36:44
93,51,26,7,,,126.82049028744248,37.21101912547209,126.81789901485334,37.193504149533005,2024-10-24 07:37:16
94,50,14,7,,,126.82198712407083,37.21216796401379,126.82004254585826,37.20702437062388,2024-10-24 07:37:24
95,68,55,7,,,126.84023655596032,37.20183442702053,126.82948935681225,37.2086543493326,2024-10-24 07:37:34
96,38,65,7,,,126.82449562570545,37.20091846994567,126.83372867236844,37.20088942962627,2024-10-24 07:37:51
97,52,28,7,,,126.83035341276971,37.21812488342119,126.82927948719548,37.20333807644798,2024-10-24 07:38:38
98,66,62,7,,,126.83747674179158,37.20364598246967,126.83903649478506,37.212042898398614,2024-10-24 07:39:42
99,34,15,7,,,126.82254691214719,37.20300782378962,126.81590042852436,37.206585209466326,2024-10-24 07:39:52
100,21,33,7,,,126.81863490989043,37.197335115603515,126.83003583278189,37.20160793961959,2024-10-24 07:40:40
101,50,26,7,,,126.8223093505528,37.21180992492258,126.8177805470318,37.19341201017651,2024-10-24 07:41:24
102,38,21,7,,,126.82478304816205,37.20228741906177,126.81891240760767,37.196400754228236,2024-10-24 07:41:45
103,21,9,7,,,126.81893764362724,37.19566283684648,126.8138720669044,37.20563472497144,2024-10-24 07:42:50
104,10,2,7,,,126.81749327811234,37.20856092447607,126.82121093924093,37.20535941246867,2024-10-24 07:43:39
105,19,66,7,,,126.82839594945159,37.194952532462324,126.83749253214988,37.20340119658374,2024-10-24 07:43:53
106,18,50,7,,,126.82399119591842,37.19483179760968,126.8218689960226,37.21156879342924,2024-10-24 07:44:14
107,47,32,7,,,126.82718195930521,37.21023339551098,126.83293300397777,37.20247521060583,2024-10-24 07:45:03
108,37,33,7,,,126.82117519581227,37.19771460528883,126.8301857419523,37.20152381952777,2024-10-24 07:45:51
109,19,8,7,,,126.82940281627378,37.19468339422598,126.82526014214324,37.20606246949436,2024-10-24 07:46:44
110,70,71,7,,,126.83711712836809,37.208646747447325,126.83966308465624,37.205114335725696,2024-10-24 07:46:51
111,48,55,7,,,126.83091873349761,37.215182733705404,126.82971499240341,37.20945377348751,2024-10-24 07:46:53
112,69,29,7,,,126.8370270238213,37.20609401496532,126.82730265598211,37.20236891473793,2024-10-24 07:47:06
113,50,38,7,,,126.82147981094258,37.211536429176064,126.82486552097022,37.200818109000586,2024-10-24 07:47:30
114,26,38,7,,,126.81781102779745,37.19378989649244,126.82488811907602,37.20213055246728,2024-10-24 07:48:19
115,50,60,7,,,126.82192280438646,37.2110719699769,126.83297645370807,37.212648630815934,2024-10-24 07:48:42
116,10,49,7,,,126.81710006007403,37.20963803121529,126.82792798982152,37.21310363722072,2024-10-24 07:48:52
117,21,60,7,,,126.81810345930174,37.19709457872379,126.8322534530241,37.21301038390519,2024-10-24 07:49:17
118,27,50,7,,,126.82677162892669,37.20045608721593,126.82294861302088,37.2114458557278,2024-10-24 07:49:22
119,25,64,7,,,126.82146297888744,37.194988077962485,126.84285993065264,37.20305146295805,2024-10-24 07:49:49
120,50,37,7,,,126.82200021310089,37.21097025087223,126.82055545459163,37.19803672950031,2024-10-24 07:51:16
121,31,57,7,,,126.82842284349137,37.19854767710744,126.83165092127891,37.20453340325324,2024-10-24 07:51:26
122,62,61,7,,,126.8379954180787,37.21183603148257,126.83301677918188,37.216248673953125,2024-10-24 07:51:45
123,70,26,7,,,126.83738473060569,37.20958880303696,126.81774137938599,37.19272874279408,2024-10-24 07:51:53
124,51,21,7,,,126.8196486242128,37.21057076982383,126.81817390650498,37.1972283561579,2024-10-24 07:52:15
125,50,55,7,,,126.82234856820644,37.212055863345846,126.82986629464638,37.20859100820628,2024-10-24 07:52:16
126,24,47,7,,,126.81844912881174,37.18996406969658,126.82685568932075,37.21174083329374,2024-10-24 07:52:16
127,21,39,7,,,126.81779978554744,37.19662479644019,126.82139187972682,37.20010843556914,2024-10-24 07:52:28
128,50,38,7,,,126.82293621498583,37.2122714440862,126.82477706798787,37.20075739471489,2024-10-24 07:52:34
129,51,60,7,,,126.82006318282602,37.21002255450119,126.83348860369624,37.21362026760639,2024-10-24 07:52:44
130,33,27,7,,,126.82975108992801,37.200777319511175,126.82622295839103,37.19889465238532,2024-10-24 07:53:28
131,33,21,7,,,126.82888477183532,37.20123604157795,126.81903769183508,37.19673605585023,2024-10-24 07:53:31
132,19,19,7,,,126.82840167087055,37.19466573485327,126.82975200854727,37.19445679444432,2024-10-24 07:54:57
133,27,66,7,,,126.82581819433302,37.19939917865774,126.83707839101474,37.20422590706738,2024-10-24 07:55:07
134,12,21,7,,,126.8197650263133,37.20552726231606,126.81842190999654,37.19566219147578,2024-10-24 07:55:15
135,14,36,7,,,126.82024193169917,37.2078612848531,126.82332961102233,37.1982276023984,2024-10-24 07:56:37
136,39,51,7,,,126.82049152369234,37.199792265515754,126.81996889150228,37.210961627576246,2024-10-24 07:56:37
137,23,50,7,,,126.8202923397562,37.19240667165167,126.82251408805968,37.21098225686007,2024-10-24 07:56:46
138,42,2,7,,,126.83165593405052,37.19585382512448,126.82101552110022,37.20572920218682,2024-10-24 07:56:58
139,50,53,7,,,126.82189775726923,37.211449862548825,126.83003776034319,37.20579137777225,2024-10-24 07:58:48
140,46,64,7,,,126.82970701589865,37.212398290030556,126.84291911310964,37.20257187404402,2024-10-24 07:58:59
141,43,31,7,,,126.82387348419338,37.18938343768404,126.82891481009086,37.197204390379255,2024-10-24 07:59:01
142,51,31,7,,,126.81879523401466,37.21034278601831,126.82851354183859,37.19760849336699,2024-10-24 07:59:10
143,70,50,7,,,126.83702390849272,37.21004511365032,126.82194805282657,37.210525044481926,2024-10-24 07:59:17
144,43,20,7,,,126.82351503315388,37.1898711889295,126.81652919122185,37.19175614291898,2024-10-24 07:59:42
145,19,51,7,,,126.8282914422067,37.19547065729859,126.82046403105547,37.21041785164919,2024-10-24 07:59:49
146,21,33,8,,,126.81817379289978,37.1959085508096,126.83031207804387,37.20083965830919,2024-10-24 08:00:10
147,55,50,8,,,126.8291422746836,37.20903202497936,126.8222379427449,37.211126634936534,2024-10-24 08:01:16
148,43,2,8,,,126.82323167395558,37.18918008496483,126.822304058376,37.20567286327008,2024-10-24 08:02:07
149,37,50,8,,,126.82124599590509,37.19703233287987,126.82315389278936,37.21069489767242,2024-10-24 08:02:32
150,29,71,8,,,126.82734383028819,37.20322175147094,126.84086128346945,37.20565433433087,2024-10-24 08:03:20
151,39,26,8,,,126.8209715701085,37.200812494248716,126.81848230018163,37.19277953834852,2024-10-24 08:03:27
152,51,32,8,,,126.82020353650594,37.20973054893702,126.83116238882474,37.20084602970664,2024-10-24 08:03:35
153,18,32,8,,,126.82344479806034,37.195064157673315,126.83225004325396,37.202259391029884,2024-10-24 08:03:42
154,64,13,8,,,126.84209071079856,37.202990953557034,126.81751791858991,37.2039970252916,2024-10-24 08:03:53
155,38,51,8,,,126.82354846539984,37.20111599172676,126.82039073112462,37.209663708568385,2024-10-24 08:04:08
156,70,50,8,,,126.83793465962398,37.20919891080897,126.82188336574224,37.21127364208462,2024-10-24 08:04:29
157,39,46,8,,,126.82159284789108,37.20089854074224,126.83083678737866,37.21210094112006,2024-10-24 08:04:41
158,10,37,8,,,126.81759543424529,37.20845753841876,126.82190922726977,37.1976136917858,2024-10-24 08:04:52
159,6,2,8,,,126.82374030974242,37.20344924705005,126.82093721482909,37.20501975849886,2024-10-24 08:05:32
160,15,26,8,,,126.81643321693745,37.206151991510126,126.81816149434381,37.19446806003152,2024-10-24 08:06:00
161,65,36,8,,,126.83447422577433,37.20024158639525,126.8240536665845,37.198429755663916,2024-10-24 08:06:09
162,26,4,8,,,126.81876092588847,37.19404842996389,126.82148833838541,37.20788606555259,2024-10-24 08:06:43
163,37,51,8,,,126.82149205109523,37.19809098987775,126.81925414502786,37.21129749526163,2024-10-24 08:06:45
164,38,28,8,,,126.82390351819251,37.20228156787792,126.82982799906254,37.20428471284636,2024-10-24 08:06:46
165,66,38,8,,,126.83804455023805,37.204529875191,126.82333750653957,37.20228448360346,2024-10-24 08:07:03
166,41,2,8,,,126.8332873606265,37.19751807056397,126.82251183271235,37.20489934941552,2024-10-24 08:07:30
167,9,62,8,,,126.81439780172785,37.2055310316674,126.83869649417645,37.21317220650075,2024-10-24 08:07:50
168,23,38,8,,,126.82099379599414,37.191797704342335,126.82491722902363,37.202059113067996,2024-10-24 08:08:37
169,37,51,8,,,126.82100276969811,37.197200895373456,126.82008763273096,37.21131815066703,2024-10-24 08:09:15
170,32,50,8,,,126.83280603317782,37.202003000929146,126.8219972399402,37.211793194892955,2024-10-24 08:09:20
171,44,59,8,,,126.82013984124472,37.18810930622199,126.8325443604327,37.20764393104589,2024-10-24 08:10:07
172,62,36,8,,,126.8379810740242,37.21223490924301,126.82453769320013,37.19876710258611,2024-10-24 08:10:18
173,53,36,8,,,126.82982760216538,37.20555526970075,126.82406248097718,37.19796455377821,2024-10-24 08:11:59
174,26,48,8,,,126.81751108093114,37.192867657876036,126.830674254079,37.215485552904404,2024-10-24 08:12:17
175,66,34,8,,,126.83732105393744,37.20355099509411,126.82083188528573,37.20235596890879,2024-10-24 08:12:51
176,28,29,8,,,126.83024501636037,37.20448006755251,126.82661621457524,37.201613824098345,2024-10-24 08:13:35
177,50,64,8,,,126.82207960216074,37.212195063371446,126.84174632736043,37.203366009310265,2024-10-24 08:15:18
178,1,39,8,,,126.81587702161009,37.19862867069844,126.8210791385792,37.201055913823055,2024-10-24 08:15:24
179,39,50,8,,,126.82077954067405,37.19989602417467,126.82138504527526,37.21230157574644,2024-10-24 08:15:54
180,60,39,8,,,126.83240808570704,37.21221482073465,126.82079017189217,37.19958590311269,2024-10-24 08:16:07
181,41,45,8,,,126.83326736249394,37.19737366112288,126.82431782248986,37.21211237097829,2024-10-24 08:16:14
182,26,70,8,,,126.81851945849112,37.19352302508264,126.83809454246115,37.20900390618733,2024-10-24 08:16:26
183,11,19,8,,,126.81431350169078,37.2082580776709,126.82794591068696,37.19419571246095,2024-10-24 08:18:35
184,51,2,8,,,126.82030910748999,37.21056758913887,126.82288095658814,37.20655993908371,2024-10-24 08:19:01
185,7,59,8,,,126.82720949496147,37.208437531292326,126.83329546965358,37.20775254743743,2024-10-24 08:19:18
186,14,19,8,,,126.81927193271292,37.20792917232809,126.82793958337923,37.195555828301266,2024-10-24 08:19:40
187,11,11,8,,,126.81426330719263,37.208135440214015,126.81413092829041,37.20786531569775,2024-10-24 08:19:42
188,28,23,8,,,126.82938696331996,37.20375919782623,126.82150404298581,37.191293318490885,2024-10-24 08:20:25
189,26,17,8,,,126.81744512616717,37.194334538702,126.8259923549982,37.197361927171926,2024-10-24 08:20:26
190,51,21,8,,,126.81939671158916,37.21126246417227,126.81786318418092,37.19570568395946,2024-10-24 08:21:05
191,51,26,8,,,126.82024833598761,37.2108625810657,126.81752305830977,37.19366287769113,2024-10-24 08:21:16
192,50,60,8,,,126.82253521120909,37.21120380604656,126.83320962186902,37.21243468929044,2024-10-24 08:21:19
193,23,18,8,,,126.82122389089757,37.1922825323452,126.82349339684701,37.196311810395656,2024-10-24 08:21:43
194,14,14,8,,,126.82018649439209,37.20794427227315,126.81985837555126,37.20726361258127,2024-10-24 08:21:55
195,56,50,8,,,126.83580395832678,37.204986665654104,126.82275859425447,37.211420707478965,2024-10-24 08:22:10
196,45,47,8,,,126.82525908911283,37.21234344475928,126.82753653755178,37.21043693142623,2024-10-24 08:22:11
197,33,49,8,,,126.8286655535183,37.20116074459424,126.82782827397173,37.21292707557213,2024-10-24 08:22:18
198,24,4,8,,,126.81792459381401,37.19095906747458,126.82181273998992,37.2078456817131,2024-10-24 08:23:06
199,28,62,8,,,126.8305237295303,37.20363094428187,126.8389991208263,37.21194584511809,2024-10-24 08:24:30
200,58,9,8,,,126.83582204818887,37.207634914364725,126.81428027485765,37.20492853985962,2024-10-24 08:24:42
201,34,21,8,,,126.82253511183448,37.2031159515028,126.81809062136936,37.197003818082166,2024-10-24 08:24:58
202,26,38,8,,,126.81784153909419,37.193389064153614,126.82453244901822,37.20114381593922,2024-10-24 08:25:35
203,70,71,8,,,126.83747568630766,37.20982651582546,126.84046107537687,37.20424424405973,2024-10-24 08:25:42
204,72,66,8,,,126.81100355908404,37.2064845075967,126.83761927684147,37.204293632850074,2024-10-24 08:25:43
205,56,38,8,,,126.8347441176278,37.20606191721609,126.82321056139357,37.2005500591866,2024-10-24 08:27:36
206,50,50,8,,,126.82228637197811,37.21117837691285,126.82156954585085,37.2113324929757,2024-10-24 08:28:14
207,41,56,8,,,126.83472713087698,37.19724812633198,126.83546476378675,37.2055954112238,2024-10-24 08:28:44
208,50,50,8,,,126.82188915376527,37.21112556081746,126.82275301624324,37.212407698710415,2024-10-24 08:29:08
209,48,50,8,,,126.83083839217902,37.21394223063047,126.82268120750206,37.21220609914977,2024-10-24 08:29:22
210,11,23,8,,,126.81453333853398,37.20872620116324,126.82027128396696,37.190844851826846,2024-10-24 08:29:29
211,23,38,8,,,126.82163431849091,37.19099254543755,126.82345715910745,37.200350407637096,2024-10-24 08:30:03
212,33,18,8,,,126.82904399584348,37.199732511926854,126.82454049496667,37.194951816203364,2024-10-24 08:30:05
213,51,34,8,,,126.81966598815747,37.21074326651583,126.82125447157425,37.2029383351288,2024-10-24 08:30:14
214,6,18,8,,,126.82433250760378,37.204513875134865,126.82329744912123,37.19475427230129,2024-10-24 08:30:45
215,37,4,8,,,126.82175876987421,37.197160775028394,126.8219176598105,37.208209373888444,2024-10-24 08:31:02
216,39,22,8,,,126.82090864394502,37.19942225191544,126.81683502404961,37.19554112559173,2024-10-24 08:31:02
217,27,20,8,,,126.82564833760294,37.199095712151085,126.81647184803766,37.19305630239627,2024-10-24 08:31:22
218,37,36,8,,,126.82086512701619,37.19824237898801,126.82322458786683,37.198320924057654,2024-10-24 08:31:41
219,50,60,8,,,126.82304291794925,37.21063478029145,126.83208927812817,37.2121956718825,2024-10-24 08:32:22
220,21,33,8,,,126.81806414301239,37.19730336210824,126.82908144540392,37.20076831301812,2024-10-24 08:32:56
221,21,38,8,,,126.81846977598633,37.19707339403244,126.82383372818694,37.20128839521237,2024-10-24 08:33:25
222,44,26,8,,,126.82047693390433,37.18940274438514,126.81799736786931,37.194326224108146,2024-10-24 08:33:28
223,21,21,8,,,126.81816040432076,37.1972081789629,126.81840766188611,37.19675369610288,2024-10-24 08:34:01
224,71,64,8,,,126.83978060897051,37.20471231272422,126.84194494205578,37.20261400420381,2024-10-24 08:34:42
225,42,4,8,,,126.83145489469683,37.196302725191195,126.82238582248452,37.208128150584784,2024-10-24 08:35:02
226,15,40,8,,,126.8157889714998,37.20717281160233,126.8312506955398,37.194038632864036,2024-10-24 08:35:07
227,12,34,8,,,126.8200795571549,37.20509168065335,126.82187879713608,37.20241722504985,2024-10-24 08:35:25
228,69,8,8,,,126.83732205046091,37.20694332609309,126.82439137007427,37.2077864671775,2024-10-24 08:35:41
229,58,37,8,,,126.83587412830164,37.20761594877709,126.82070389078493,37.197915213364084,2024-10-24 08:35:46
230,72,34,8,,,126.81131539589363,37.20625149705877,126.82097023596837,37.2035868619643,2024-10-24 08:35:56
231,37,51,8,,,126.82174528469666,37.19726185721799,126.81952443380256,37.20972843493503,2024-10-24 08:36:52
232,36,66,8,,,126.824526397779,37.19823588244487,126.8374429404981,37.202935778878555,2024-10-24 08:38:02
233,37,33,8,,,126.82148091105886,37.19707961627479,126.82958508122218,37.20096108762564,2024-10-24 08:38:19
234,50,60,8,,,126.82162383674302,37.21115980563801,126.83322683030305,37.212716407838364,2024-10-24 08:38:20
235,70,50,8,,,126.83865222610926,37.20986675351075,126.82269148360837,37.21112097715028,2024-10-24 08:39:46
236,2,28,8,,,126.82154262387252,37.20684969128199,126.82975760726752,37.20372337506365,2024-10-24 08:40:10
237,62,67,8,,,126.83805790562772,37.211467727850746,126.83458822765989,37.20244803999532,2024-10-24 08:40:22
238,51,39,8,,,126.82002892986516,37.21039265463694,126.82127495910635,37.199329739793015,2024-10-24 08:40:29
239,51,71,8,,,126.8191035109964,37.20952895304725,126.84059011268717,37.20587930470598,2024-10-24 08:40:54
240,21,33,8,,,126.81933533371054,37.19635935462622,126.82886676818306,37.20139383673322,2024-10-24 08:40:55
241,32,3,8,,,126.83251038041716,37.20124775832186,126.82520212139495,37.21030103618534,2024-10-24 08:42:23
242,14,3,8,,,126.82040913867543,37.20823249514319,126.82465710739345,37.20970611542627,2024-10-24 08:43:20
243,37,19,8,,,126.82047743887154,37.19830418749472,126.8279162384179,37.194502472561574,2024-10-24 08:43:35
244,60,64,8,,,126.83314519282192,37.21327980831722,126.84277099154716,37.20398197210772,2024-10-24 08:43:53
245,67,10,8,,,126.83417988737968,37.202172342116974,126.81688902069635,37.209213778888355,2024-10-24 08:44:06
246,51,21,8,,,126.81897841405599,37.21022095781821,126.817637995397,37.196609216868346,2024-10-24 08:44:52
247,51,21,8,,,126.819229560198,37.21107831071013,126.81898207874598,37.195703704986954,2024-10-24 08:44:54
248,29,1,8,,,126.82586968191144,37.20219212904533,126.81667288878934,37.19880741841444,2024-10-24 08:44:56
249,70,50,8,,,126.83800881565544,37.20932344526741,126.82199853794714,37.21237651807431,2024-10-24 08:45:12
250,23,37,8,,,126.82111747313832,37.19237790936347,126.82219039554387,37.196727814351576,2024-10-24 08:45:18
251,54,20,8,,,126.83181603941775,37.21080587486698,126.81475403371358,37.193170564966366,2024-10-24 08:45:36
252,11,72,8,,,126.8144784052213,37.20889997580718,126.81099224860557,37.2077022200824,2024-10-24 08:45:53
253,11,55,8,,,126.81447630947052,37.20892905054448,126.8309856942936,37.21001408903426,2024-10-24 08:46:01
254,24,40,8,,,126.81788964596129,37.191431233041875,126.83176417770026,37.19293322020326,2024-10-24 08:46:02
255,27,46,8,,,126.8257772665406,37.19967825500997,126.83118598480685,37.21281864622277,2024-10-24 08:46:15
256,25,21,8,,,126.82203193278772,37.19545020089585,126.81844462414409,37.19683640557651,2024-10-24 08:46:43
257,37,69,8,,,126.82114751283926,37.19716466362863,126.83830515492815,37.20762482562015,2024-10-24 08:47:07
258,21,72,8,,,126.8183426228981,37.195820483931364,126.8114634173408,37.207888028026034,2024-10-24 08:47:36
259,20,10,8,,,126.81472716807535,37.192416459836224,126.81760880457936,37.209598306893746,2024-10-24 08:47:40
260,20,17,8,,,126.81577110720447,37.19176379256993,126.82559203784884,37.1968741430597,2024-10-24 08:48:27
261,42,31,8,,,126.83228484567253,37.19668184714742,126.82900630631435,37.19789318806804,2024-10-24 08:49:38
262,71,50,8,,,126.84088030960348,37.205982984757455,126.82272028625246,37.21068741960531,2024-10-24 08:50:26
263,50,60,8,,,126.82163960507945,37.21124580739393,126.83380939851072,37.212129173635034,2024-10-24 08:50:26
264,5,22,8,,,126.82760292337727,37.20441448386444,126.81542212967607,37.19551316981549,2024-10-24 08:50:31
265,51,26,8,,,126.81944705355909,37.210480354507524,126.81766796278151,37.193434982159246,2024-10-24 08:50:56
266,50,60,8,,,126.82321106151424,37.211346387386705,126.83247140807833,37.21211210383904,2024-10-24 08:51:13
267,60,61,8,,,126.83305508544245,37.21313668264567,126.83388452639589,37.21618725609681,2024-10-24 08:51:30
268,51,37,8,,,126.81938501045865,37.21044408174181,126.821617182453,37.19664538325556,2024-10-24 08:51:32
269,60,54,8,,,126.83225044152093,37.21332022970013,126.83266012247459,37.21073917067234,2024-10-24 08:51:49
270,24,57,8,,,126.81821165919163,37.19068844364432,126.83169296716672,37.20479703992554,2024-10-24 08:51:50
271,18,39,8,,,126.82325535181857,37.1947922161409,126.82106049060414,37.199500931525705,2024-10-24 08:51:52
272,21,48,8,,,126.81848737043397,37.19642973296895,126.82981213808934,37.21438742840757,2024-10-24 08:52:04
273,53,12,8,,,126.82941868218151,37.20580793730527,126.8197414398259,37.203804121487615,2024-10-24 08:52:10
274,72,6,8,,,126.81109495324277,37.2071485439158,126.82354701281437,37.203410263569644,2024-10-24 08:52:18
275,50,21,8,,,126.8231103588037,37.21160318413195,126.81935286324422,37.196203012726365,2024-10-24 08:52:29
276,70,21,8,,,126.8380145049239,37.209216263592424,126.81887129191418,37.19692132670616,2024-10-24 08:52:52
277,30,26,8,,,126.83198917482572,37.19952864900757,126.81862637998583,37.19323233248957,2024-10-24 08:52:57
278,60,38,8,,,126.83335090747438,37.21270796221004,126.82479892228702,37.20195760964432,2024-10-24 08:52:59
279,60,24,8,,,126.83291711583212,37.212345477095184,126.81814953129089,37.18994060195322,2024-10-24 08:53:11
280,8,13,8,,,126.82479611613363,37.20753308908936,126.81595881995236,37.204315503713005,2024-10-24 08:53:46
281,21,33,8,,,126.81825643168646,37.19705169760298,126.82884861870356,37.20124121767589,2024-10-24 08:53:55
282,66,30,8,,,126.83645184130927,37.20438578365932,126.8319183582023,37.1997490286817,2024-10-24 08:54:03
283,35,47,8,,,126.81994960145794,37.201203697819075,126.82845843582173,37.21012864996434,2024-10-24 08:54:54
284,51,21,8,,,126.82004461817027,37.21066283674115,126.81879467103134,37.19645635235337,2024-10-24 08:55:52
285,35,41,8,,,126.81995858302453,37.20286173403637,126.83497659424557,37.196786238177125,2024-10-24 08:56:17
286,20,50,8,,,126.81559232497882,37.193272895999286,126.82304366051984,37.210735445973356,2024-10-24 08:57:26
287,72,30,8,,,126.81165724657515,37.2077522424214,126.8322523328354,37.19901047028538,2024-10-24 08:57:38
288,70,50,8,,,126.83863141859347,37.20985265747156,126.82204609824443,37.2122470729993,2024-10-24 08:58:08
289,39,51,8,,,126.8224594869229,37.2012069613315,126.8202916923948,37.210499820043935,2024-10-24 08:58:36
290,36,13,8,,,126.82429384630242,37.1988569797955,126.81725467048828,37.203502515342855,2024-10-24 08:58:43
291,23,50,8,,,126.82012215757307,37.19210268469492,126.82331778143345,37.21143949487715,2024-10-24 08:59:27
292,55,50,9,,,126.82970565364097,37.20863562278028,126.8227149464019,37.21097311883002,2024-10-24 09:00:46
293,26,70,9,,,126.81782513499066,37.192780150626504,126.83754303436423,37.20982985505014,2024-10-24 09:02:22
294,51,37,9,,,126.81948865389624,37.21141373273639,126.82213396415669,37.1974143715058,2024-10-24 09:02:28
295,51,32,9,,,126.81904479429865,37.21124584858155,126.83135080318476,37.2025109946681,2024-10-24 09:02:32
296,21,48,9,,,126.81934826197148,37.19692509126949,126.8300549851078,37.21437506534721,2024-10-24 09:02:59
297,40,40,9,,,126.83146730613758,37.193101061137426,126.83143318870307,37.19268920849917,2024-10-24 09:03:05
298,71,58,9,,,126.83914388709266,37.20447812483396,126.83521259908706,37.2083365802251,2024-10-24 09:03:19
299,71,45,9,,,126.83912256618406,37.204190449957714,126.82547087793617,37.2127772057551,2024-10-24 09:04:35
300,66,55,9,,,126.83731393828324,37.20488021606452,126.8293465121135,37.20868669789243,2024-10-24 09:04:42
301,37,51,9,,,126.82057690756116,37.197800830854504,126.81962354906324,37.21025063262264,2024-10-24 09:04:58
302,41,34,9,,,126.8341365090882,37.19696865292874,126.82235876052144,37.203153960934436,2024-10-24 09:05:01
303,33,60,9,,,126.82894832871834,37.19991643642888,126.83282781566228,37.212157541718625,2024-10-24 09:05:02
304,23,50,9,,,126.82062585559854,37.19213548981986,126.82287917014082,37.211526685714105,2024-10-24 09:05:07
305,37,4,9,,,126.8215308608499,37.19692481432912,126.8214059494022,37.20878673390291,2024-10-24 09:05:23
306,38,26,9,,,126.82505961806092,37.20042092302487,126.81818941371648,37.19425601827863,2024-10-24 09:06:36
307,51,18,9,,,126.81896959881608,37.21078177310337,126.8246770607657,37.196618030124974,2024-10-24 09:06:51
308,38,21,9,,,126.8241017934096,37.200957944214075,126.8180725189653,37.19587781619194,2024-10-24 09:07:14
309,51,50,9,,,126.81936474897508,37.21127629882224,126.82266199899134,37.21140921183149,2024-10-24 09:07:19
310,21,38,9,,,126.81866870869065,37.19543154421962,126.82351902652962,37.20194673017238,2024-10-24 09:09:06
311,21,38,9,,,126.81912906199965,37.195469073917096,126.82375573341787,37.201235071596166,2024-10-24 09:09:12
312,67,27,9,,,126.83564106650233,37.20335887965995,126.8264702666178,37.19987682037096,2024-10-24 09:09:14
313,46,32,9,,,126.83043681765855,37.211584106648175,126.8329804572448,37.20107150881353,2024-10-24 09:09:32
314,55,28,9,,,126.83085820023385,37.20906742467563,126.8293054942244,37.202494980662586,2024-10-24 09:09:35
315,50,7,9,,,126.82186376729258,37.21214383625743,126.82770247413093,37.208176696718944,2024-10-24 09:10:05
316,51,21,9,,,126.82056472894487,37.2102332040333,126.81853157824112,37.19709967208606,2024-10-24 09:10:46
317,26,38,9,,,126.81763870316654,37.194433269370464,126.824731472215,37.20153485824791,2024-10-24 09:10:55
318,1,63,9,,,126.81520365041371,37.19851964961465,126.83579662056599,37.211003029037,2024-10-24 09:11:18
319,34,21,9,,,126.82096620380112,37.20358981003012,126.81931310445508,37.19634860041593,2024-10-24 09:12:25
320,71,25,9,,,126.84050546152437,37.20586347725379,126.82165603730888,37.19383403197582,2024-10-24 09:12:52
321,39,26,9,,,126.82148096339829,37.20076514781808,126.81835066364661,37.19355714025637,2024-10-24 09:12:57
322,50,26,9,,,126.82200675913919,37.21053838841019,126.81873414475166,37.19283055309414,2024-10-24 09:13:01
323,23,3,9,,,126.82153771219646,37.191365343833176,126.8251518739417,37.208861702704844,2024-10-24 09:13:02
324,51,64,9,,,126.81935603294134,37.21103701688669,126.84281312741078,37.20371571682568,2024-10-24 09:13:09
325,51,26,9,,,126.81926915482282,37.210931211249026,126.8174714694023,37.19309852126051,2024-10-24 09:13:36
326,30,62,9,,,126.83248069741016,37.19817620361236,126.83884058991872,37.21225946898081,2024-10-24 09:13:39
327,50,63,9,,,126.82148435638598,37.211776402822,126.8357921653309,37.21110103294084,2024-10-24 09:15:24
328,17,32,9,,,126.82550111833952,37.19637194263077,126.83258702398696,37.20158615580928,2024-10-24 09:16:13
329,4,2,9,,,126.82277285655414,37.20830398686507,126.82260209016933,37.20580765997112,2024-10-24 09:16:19
330,39,50,9,,,126.82119022249188,37.19966919391286,126.82236916257935,37.21060159448443,2024-10-24 09:16:26
331,23,18,9,,,126.82054947348415,37.19104207205856,126.82420785475307,37.19646796562455,2024-10-24 09:18:39
332,50,37,9,,,126.82182910824828,37.21161668697679,126.82085597579768,37.19836942496634,2024-10-24 09:19:02
333,10,63,9,,,126.8163308017813,37.208506012590476,126.83538415469427,37.21117306864949,2024-10-24 09:19:27
334,50,39,9,,,126.82275985399542,37.21191031554885,126.82144403916057,37.20021691122683,2024-10-24 09:19:43
335,37,51,9,,,126.82187012297557,37.19738949334751,126.81928953249054,37.2107893708126,2024-10-24 09:20:37
336,37,18,9,,,126.8204476034809,37.197652460267776,126.82390485623267,37.19597096744512,2024-10-24 09:20:40
337,39,50,9,,,126.82066453050425,37.2002336456139,126.82229383545668,37.211286998043406,2024-10-24 09:21:03
338,23,50,9,,,126.8204264268477,37.192114960484986,126.82223160631807,37.211705756930634,2024-10-24 09:22:23
339,46,30,9,,,126.83024934683708,37.21253610666329,126.83256130821356,37.19822881009771,2024-10-24 09:22:44
340,37,51,9,,,126.82088591166563,37.1976369242368,126.8201630642573,37.21085611490043,2024-10-24 09:23:13
341,50,50,9,,,126.8226913182734,37.212348532938954,126.82180734778845,37.211995190674614,2024-10-24 09:23:38
342,14,29,9,,,126.81930082201494,37.20846494910836,126.82660140895528,37.20219342549444,2024-10-24 09:23:51
343,32,49,9,,,126.83124195067984,37.201764016212124,126.82702721219785,37.21306471671899,2024-10-24 09:24:40
344,58,37,9,,,126.8352614169138,37.20761486004642,126.82135604516456,37.19654711980627,2024-10-24 09:24:41
345,56,50,9,,,126.83434698690999,37.20587217018924,126.82168574530168,37.21076765123957,2024-10-24 09:25:05
346,7,23,9,,,126.82744227109538,37.20838816982627,126.82135231223947,37.19167431684909,2024-10-24 09:25:06
347,10,60,9,,,126.81621535657632,37.20944734383058,126.8335984813592,37.21370099623256,2024-10-24 09:25:20
348,21,38,9,,,126.81760916566246,37.19585017336517,126.82385845326185,37.20189675247383,2024-10-24 09:25:29
349,70,21,9,,,126.8386529633525,37.209436603564065,126.8177371811855,37.19609786554229,2024-10-24 09:26:06
350,14,30,9,,,126.81922085355014,37.20859305595659,126.8326366966389,37.19798730385961,2024-10-24 09:26:21
351,23,37,9,,,126.8201870695707,37.19147119529889,126.82099544052106,37.197807740693385,2024-10-24 09:26:23
352,65,49,9,,,126.83346612108284,37.199520484056556,126.82689551750559,37.213098558593984,2024-10-24 09:27:01
353,21,58,9,,,126.81866274259555,37.19732111824762,126.83563966130689,37.207965282132534,2024-10-24 09:27:11
354,50,27,9,,,126.82260233029209,37.2115041526844,126.82732629672974,37.19952826966251,2024-10-24 09:28:00
355,71,34,9,,,126.84092788949333,37.20521850294595,126.82118947047381,37.203832329439315,2024-10-24 09:28:37
356,66,10,9,,,126.83649731570578,37.203596999301475,126.81787934271058,37.21032650966069,2024-10-24 09:28:55
357,52,60,9,,,126.82983248077879,37.217590174046386,126.83226571166513,37.213347723385915,2024-10-24 09:29:11
358,40,30,9,,,126.83085568864941,37.19256776778338,126.83158155297363,37.19866248404811,2024-10-24 09:29:25
359,58,69,9,,,126.83454388244033,37.207691134646495,126.83677613783044,37.20689001063733,2024-10-24 09:30:09
360,29,39,9,,,126.82700132953659,37.2029266865071,126.82128050040608,37.200297824830876,2024-10-24 09:30:18
361,1,67,9,,,126.81662104788802,37.19829847446329,126.83415240582116,37.20339482501297,2024-10-24 09:30:19
362,30,64,9,,,126.83239607126612,37.1999254535766,126.84348970605264,37.20418860083078,2024-10-24 09:30:23
363,30,38,9,,,126.83199879919492,37.198360069619405,126.82516610596254,37.20170767372335,2024-10-24 09:30:27
364,55,37,9,,,126.83089461910515,37.20962002978221,126.82170651172393,37.19702749539054,2024-10-24 09:30:29
365,18,32,9,,,126.82439461478324,37.19481460689255,126.8320713333383,37.20174616316625,2024-10-24 09:31:12
366,56,32,9,,,126.83471956293405,37.20525653197696,126.83278946250931,37.20175154566425,2024-10-24 09:31:46
367,49,61,9,,,126.82800750893605,37.21300378010013,126.83380276433262,37.216064460751184,2024-10-24 09:32:47
368,47,44,9,,,126.82712501653228,37.2112646155472,126.82032652486534,37.18960943942184,2024-10-24 09:33:26
369,58,56,9,,,126.83520639978576,37.20786296816006,126.83561770172291,37.204971993606115,2024-10-24 09:34:30
370,21,33,9,,,126.81835758866536,37.19645117674787,126.82958561496035,37.20060605302068,2024-10-24 09:34:39
371,60,38,9,,,126.83200742087469,37.21290017706347,126.8239996974232,37.20058360112091,2024-10-24 09:34:50
372,34,19,9,,,126.82246405818883,37.2027432763168,126.82914577697733,37.19559535461483,2024-10-24 09:35:19
373,30,34,9,,,126.83189839025091,37.198704903528636,126.8212287174278,37.20257780010858,2024-10-24 09:35:20
374,21,33,9,,,126.81771203984606,37.197292181824935,126.82932892877058,37.200717901755006,2024-10-24 09:35:44
375,51,56,9,,,126.82057178575117,37.21040721397089,126.83484477124613,37.2063450387701,2024-10-24 09:35:47
376,70,50,9,,,126.83727806133273,37.2092980822348,126.8216896169187,37.21142176423227,2024-10-24 09:36:18
377,50,37,9,,,126.82208794814959,37.21118516771054,126.82170259578979,37.19796758327946,2024-10-24 09:36:23
378,70,50,9,,,126.83707342737378,37.209325646562306,126.82304901739563,37.21245796242923,2024-10-24 09:36:40
379,17,21,9,,,126.8266233796445,37.19765009214028,126.81912902646552,37.19618938236093,2024-10-24 09:37:27
380,33,29,9,,,126.83008276627109,37.19992532532379,126.82664980594147,37.20153201377404,2024-10-24 09:37:39
381,50,50,9,,,126.8229701848843,37.21236791442472,126.82162312238377,37.211047428748685,2024-10-24 09:38:15
382,64,51,9,,,126.84244131334484,37.20236895191992,126.82014122490733,37.211033219835315,2024-10-24 09:38:29
383,29,9,9,,,126.82616036230671,37.201465288211466,126.81384446129614,37.2053417520474,2024-10-24 09:38:43
384,37,19,9,,,126.8215782124139,37.19673199224492,126.82907646693432,37.19547609429402,2024-10-24 09:39:38
385,44,31,9,,,126.82058996505275,37.1889961867878,126.8283642940173,37.19694089234355,2024-10-24 09:41:07
386,23,38,9,,,126.8201743481074,37.19278331837176,126.82337404409108,37.200907245279275,2024-10-24 09:41:07
387,19,28,9,,,126.82900751655065,37.19474046083641,126.82987477524888,37.20285594824511,2024-10-24 09:41:58
388,23,50,9,,,126.82036254585567,37.19278942323762,126.8232751829295,37.21246056823357,2024-10-24 09:41:58
389,17,2,9,,,126.82556407098882,37.195780142638206,126.82260178958245,37.20538147661793,2024-10-24 09:42:00
390,50,60,9,,,126.82185793830419,37.21198229562855,126.83370651764494,37.21211074253901,2024-10-24 09:42:01
391,37,51,9,,,126.8212568227874,37.197701586095576,126.81927400806129,37.210673717150804,2024-10-24 09:42:11
392,42,38,9,,,126.83078850589646,37.196476190435696,126.82395665570098,37.202269878072094,2024-10-24 09:42:32
393,19,23,9,,,126.82835006538744,37.19506558021757,126.82067191292172,37.19108027572256,2024-10-24 09:43:08
394,37,47,9,,,126.8207900584828,37.19796564844874,126.8276697098077,37.210268752693736,2024-10-24 09:43:47
395,50,37,9,,,126.82190809853887,37.212107818735404,126.82217542145952,37.19739196391455,2024-10-24 09:43:54
396,30,6,9,,,126.83269608493393,37.19848830830115,126.82376477874472,37.20318695954502,2024-10-24 09:44:20
397,70,26,9,,,126.83708471281182,37.21028863674212,126.81759041056439,37.19424826374016,2024-10-24 09:45:10
398,50,37,9,,,126.82213302372467,37.21145725564186,126.82118007373117,37.19833697469555,2024-10-24 09:45:12
399,32,8,9,,,126.83112910392632,37.20144135531125,126.82539920031992,37.20703493632172,2024-10-24 09:45:35
400,48,5,9,,,126.83026791388079,37.213963082886096,126.82787498337693,37.204831372382316,2024-10-24 09:45:59
401,50,50,9,,,126.82317089509539,37.21158689542915,126.82206964352262,37.21128957858646,2024-10-24 09:46:11
402,23,50,9,,,126.82070769445487,37.191680938804275,126.82320258863399,37.211954142466595,2024-10-24 09:47:05
403,56,38,9,,,126.83528931046295,37.206182601387866,126.82505011952301,37.20159713509167,2024-10-24 09:48:01
404,37,3,9,,,126.82215571294076,37.19687454428059,126.82440850782713,37.20980389022316,2024-10-24 09:48:25
405,33,59,9,,,126.82936566468707,37.20110352218414,126.83309432636362,37.207916106698036,2024-10-24 09:48:56
406,51,71,9,,,126.82016790053868,37.209791787268465,126.8401909760774,37.205570191860375,2024-10-24 09:49:03
407,50,32,9,,,126.82165553914388,37.210625076247204,126.83164932483854,37.20116118813172,2024-10-24 09:49:39
408,21,38,9,,,126.81778400893523,37.19665708164305,126.8246822061284,37.201483519084384,2024-10-24 09:50:02
409,46,56,9,,,126.83039813072767,37.21261337880763,126.83492815790962,37.205657549265354,2024-10-24 09:50:28
410,56,56,9,,,126.8346559793921,37.20662059521674,126.83573432348469,37.20604680074666,2024-10-24 09:51:02
411,71,70,9,,,126.8391683017026,37.20571611701687,126.83739726010185,37.20954732099662,2024-10-24 09:51:29
412,57,59,9,,,126.83279816806017,37.204753749933396,126.83250399381275,37.20742879090973,2024-10-24 09:51:31
413,70,50,9,,,126.83741545917655,37.20858499995338,126.82246826485034,37.21184751339073,2024-10-24 09:51:37
414,52,20,9,,,126.83088091423842,37.216945935303904,126.81548040994,37.19272448783049,2024-10-24 09:51:41
415,57,54,9,,,126.8325516155592,37.20463715637772,126.83216681928317,37.20963029773915,2024-10-24 09:51:42
416,51,26,9,,,126.81984293145403,37.20959831057123,126.81879937958631,37.19359799513169,2024-10-24 09:52:28
417,50,50,9,,,126.82196027947629,37.21210974534309,126.8228076567473,37.211075774358406,2024-10-24 09:52:46
418,7,50,9,,,126.82735635188557,37.20779530104452,126.82301315665146,37.21243304998159,2024-10-24 09:53:07
419,21,38,9,,,126.81953831957182,37.19671223797585,126.82353340427235,37.2012767747845,2024-10-24 09:53:11
420,49,18,9,,,126.82790640711822,37.21460686970468,126.82282394967227,37.19514407904112,2024-10-24 09:53:26
421,33,20,9,,,126.82903606642631,37.200653826739256,126.81560424086905,37.192591591056555,2024-10-24 09:53:57
422,43,69,9,,,126.82338937381012,37.19103200947871,126.83688278926029,37.20645492802687,2024-10-24 09:54:15
423,23,38,9,,,126.82141573131032,37.19183167374914,126.82332670228763,37.201773875089955,2024-10-24 09:54:25
424,8,57,9,,,126.82536254079534,37.20715992049442,126.83218460799144,37.20366648060885,2024-10-24 09:54:41
425,72,54,9,,,126.81179408782086,37.2080087961403,126.83321696484953,37.21034842412312,2024-10-24 09:55:41
426,50,50,9,,,126.82324542203986,37.21157766952259,126.8216539200819,37.21189285627647,2024-10-24 09:56:31
427,16,51,9,,,126.82415968574539,37.19281860305359,126.819632885002,37.21093707143974,2024-10-24 09:56:38
428,12,18,9,,,126.82014023810507,37.20466360679487,126.82362349532248,37.19513306860434,2024-10-24 09:56:43
429,36,59,9,,,126.82325106477545,37.19775265458734,126.83209296906692,37.20670709175707,2024-10-24 09:56:45
430,15,13,9,,,126.81645725007674,37.20695236574083,126.81563978790707,37.20299979096609,2024-10-24 09:57:17
431,37,21,9,,,126.82034313527419,37.19827146316179,126.81773912691003,37.19707043522627,2024-10-24 09:57:31
432,39,50,9,,,126.8214256060209,37.200547425141586,126.82307371890309,37.21157389517376,2024-10-24 09:57:32
433,32,29,9,,,126.8324183533521,37.20106151522042,126.82620166799943,37.202800956075436,2024-10-24 09:58:07
434,37,51,9,,,126.82105817988149,37.19711434483256,126.81972462501585,37.2109407191198,2024-10-24 09:58:45
435,39,21,9,,,126.82211138800704,37.20104352672195,126.81901893805788,37.197210375913535,2024-10-24 09:59:04
436,51,39,9,,,126.82044815108353,37.211271468526,126.8216203560515,37.19925743940477,2024-10-24 09:59:32
437,48,39,9,,,126.82948812765186,37.21511996100952,126.82241857370651,37.200188085495974,2024-10-24 09:59:32
438,54,65,10,,,126.83252748702628,37.21117715097148,126.83527890456828,37.20100295775589,2024-10-24 10:00:02
439,51,39,10,,,126.82038899939971,37.211157204655954,126.82242873289805,37.199425188383984,2024-10-24 10:00:10
440,23,32,10,,,126.82063611215196,37.1918575470121,126.83244361121292,37.200779957016984,2024-10-24 10:00:27
441,37,51,10,,,126.82092518109776,37.19832125063595,126.8203028176716,37.21065977350596,2024-10-24 10:00:27
442,37,8,10,,,126.8210363457859,37.19700729841375,126.82541880904493,37.20611999263313,2024-10-24 10:00:50
443,70,50,10,,,126.83689838692301,37.209063899853064,126.82295795417029,37.21062145139435,2024-10-24 10:00:56
444,50,55,10,,,126.82207652812595,37.21139997836084,126.82986468926661,37.20974597364888,2024-10-24 10:02:12
445,21,60,10,,,126.81840146564507,37.196871550530176,126.83235901604719,37.213694301112746,2024-10-24 10:03:18
446,8,51,10,,,126.8255521093323,37.20707536549844,126.8189628502498,37.21053396264661,2024-10-24 10:03:56
447,21,58,10,,,126.81925481818743,37.19639076167384,126.83576907129095,37.20760731542501,2024-10-24 10:04:00
448,72,26,10,,,126.81151683923581,37.20679634106085,126.81783041900619,37.19443454653133,2024-10-24 10:04:30
449,49,66,10,,,126.8283698303276,37.213263284143,126.83806815589764,37.20313811210175,2024-10-24 10:04:35
450,29,20,10,,,126.82698140237918,37.20199907134266,126.81636831404104,37.1925804280821,2024-10-24 10:05:15
451,55,50,10,,,126.82898872206724,37.20951991255818,126.82164477375638,37.2114541270917,2024-10-24 10:06:13
452,51,21,10,,,126.82019485302067,37.20969056694307,126.8176952529733,37.19616606528925,2024-10-24 10:06:30
453,50,60,10,,,126.82185326628303,37.21205177697494,126.83307199705699,37.21363061711277,2024-10-24 10:08:00
454,55,51,10,,,126.82983117732739,37.21008882629758,126.81883632135849,37.20968373943239,2024-10-24 10:08:13
455,51,39,10,,,126.81923209905186,37.21057424018882,126.82138841575926,37.20006735524654,2024-10-24 10:09:42
456,29,6,10,,,126.82735799491962,37.20257458977167,126.82418927468656,37.20456055566319,2024-10-24 10:14:08
457,51,71,10,,,126.82034436004295,37.21135564629036,126.83970114393173,37.204978086426635,2024-10-24 10:14:52
458,50,50,10,,,126.82192908000884,37.21108469349429,126.82171579212718,37.21157573091158,2024-10-24 10:15:03
459,1,16,10,,,126.81566657339881,37.19790440403194,126.823680799018,37.192987129423706,2024-10-24 10:15:05
460,55,50,10,,,126.8298766832134,37.20915140498792,126.82206652247237,37.21051663881322,2024-10-24 10:15:26
461,50,26,10,,,126.82263889481005,37.21209602525178,126.81866776005214,37.19290046442847,2024-10-24 10:15:49
462,50,37,10,,,126.82174546320897,37.211111273680245,126.8212823964061,37.197810476794594,2024-10-24 10:16:17
463,63,25,10,,,126.83458293654361,37.211264205648625,126.82122494047809,37.19460750778083,2024-10-24 10:16:20
464,23,38,10,,,126.82086634710632,37.19117698615605,126.82370349774887,37.201950141222696,2024-10-24 10:16:27
465,8,10,10,,,126.82421800979282,37.20764927546379,126.81762172943269,37.20975341593471,2024-10-24 10:16:27
466,38,32,10,,,126.82347713474444,37.20082507581113,126.83175320740575,37.20159276063201,2024-10-24 10:16:31
467,37,12,10,,,126.82059991251393,37.197567524572655,126.81852509169696,37.204550125721454,2024-10-24 10:16:34
468,10,5,10,,,126.81667070310007,37.20884825363095,126.82697702282022,37.20437415758168,2024-10-24 10:16:34
469,36,12,10,,,126.82310910986116,37.198930549411415,126.8196707658886,37.20409710360221,2024-10-24 10:16:49
470,51,32,10,,,126.81894844108491,37.211153484311076,126.83149858025355,37.202478662311755,2024-10-24 10:18:55
471,50,60,10,,,126.8217161289015,37.21169422904695,126.83248141865889,37.2139672119919,2024-10-24 10:19:11
472,13,71,10,,,126.81663048177967,37.20346901584119,126.83957853688733,37.20470717564263,2024-10-24 10:19:19
473,53,53,10,,,126.82991830475017,37.20597240860757,126.82973311327765,37.20642918251907,2024-10-24 10:19:21
474,50,37,10,,,126.82255971090225,37.21233787883479,126.82088711815686,37.19776782387459,2024-10-24 10:20:18
475,56,56,10,,,126.83545565067541,37.204917177882436,126.83417502217048,37.20614923489493,2024-10-24 10:20:25
476,37,21,10,,,126.82041458938993,37.19739206633903,126.81806986133694,37.19584627231861,2024-10-24 10:20:27
477,37,19,10,,,126.82055261630843,37.196960417305455,126.8284181128618,37.19436924355867,2024-10-24 10:20:33
478,36,63,10,,,126.82446772682422,37.198393804076055,126.83453204368311,37.210478893036964,2024-10-24 10:21:02
479,71,54,10,,,126.8408972633501,37.204146699655475,126.83198264268701,37.21114210126255,2024-10-24 10:21:09
480,37,51,10,,,126.82105722583222,37.196778878253795,126.82016441347857,37.21005766445985,2024-10-24 10:21:26
481,50,37,10,,,126.82160728411371,37.21089466222547,126.82123971462475,37.19776500656761,2024-10-24 10:22:15
482,72,15,10,,,126.81191045564441,37.206957465079995,126.81714878073431,37.20719201013416,2024-10-24 10:22:18
483,37,51,10,,,126.82112197910904,37.19730404955412,126.81999673846443,37.211066459610485,2024-10-24 10:22:29
484,11,48,10,,,126.8151438995735,37.207863509367925,126.82981488073719,37.21416748925121,2024-10-24 10:22:43
485,21,4,10,,,126.81921986507963,37.1958575263583,126.82243899772075,37.20961806760645,2024-10-24 10:23:02
486,54,6,10,,,126.8331963964694,37.21098178380992,126.82464504169008,37.20322701871461,2024-10-24 10:23:27
487,2,35,10,,,126.82227454843337,37.20675280158072,126.81866128378682,37.20254496759613,2024-10-24 10:23:30
488,50,60,10,,,126.82259989777754,37.212222611067716,126.8331284516626,37.2128655458016,2024-10-24 10:23:56
489,50,37,10,,,126.82261409953097,37.21219154928052,126.82167272338903,37.19805108021968,2024-10-24 10:24:01
490,37,3,10,,,126.82145459577771,37.19753204332196,126.82556784756113,37.21033497208486,2024-10-24 10:24:09
491,55,37,10,,,126.82973023699515,37.20861329503575,126.82059179682545,37.19823120424883,2024-10-24 10:24:36
492,10,16,10,,,126.81745934653743,37.20852319033279,126.82303438794924,37.19225465642435,2024-10-24 10:25:19
493,20,61,10,,,126.81516088922322,37.19258661526773,126.8340073591728,37.215926274205216,2024-10-24 10:25:55
494,55,63,10,,,126.8305984631275,37.208291178640636,126.83509257259765,37.210480833275156,2024-10-24 10:26:09
495,70,5,10,,,126.8379554939767,37.21026115730661,126.82744333326656,37.20494684164059,2024-10-24 10:26:24
496,50,26,10,,,126.82180896638243,37.21050941376183,126.81876066371649,37.193084380238936,2024-10-24 10:26:32
497,50,26,10,,,126.82260758804705,37.21055889822386,126.81853755054654,37.19292233944947,2024-10-24 10:27:00
498,55,50,10,,,126.83043852618678,37.209363725026975,126.82223783605382,37.21201097798931,2024-10-24 10:27:03
499,23,38,10,,,126.82173203072382,37.1909511605297,126.8236552640639,37.20123770793237,2024-10-24 10:27:05
500,70,50,10,,,126.83789186283128,37.208704384922584,126.82193430964377,37.21173260778651,2024-10-24 10:27:27
501,5,33,10,,,126.82667722615743,37.205032535068554,126.8293901299062,37.200033540821856,2024-10-24 10:28:25
502,50,37,10,,,126.82252898626204,37.21169336531006,126.82123408709852,37.1972696812753,2024-10-24 10:28:33
503,50,50,10,,,126.82303951560539,37.210705346552935,126.82197479204251,37.21200320466466,2024-10-24 10:29:01
504,45,53,10,,,126.82426151851959,37.211793525064856,126.8302561435249,37.205740900456334,2024-10-24 10:29:23
505,36,72,10,,,126.82405451384304,37.198402019700104,126.81069439095774,37.20699209042422,2024-10-24 10:29:25
506,26,17,10,,,126.8180156854638,37.19381750506179,126.82735329893755,37.19772429868818,2024-10-24 10:29:37
507,33,10,10,,,126.82846630987055,37.20013007087315,126.81723790758006,37.209548599826135,2024-10-24 10:29:50
508,57,49,10,,,126.83164953758336,37.20426449643999,126.82858924670307,37.21415929364938,2024-10-24 10:30:02
509,39,50,10,,,126.82144290171371,37.20122030629668,126.82239259945835,37.211302123869835,2024-10-24 10:30:39
510,33,27,10,,,126.82902589577283,37.20064698977659,126.82649323863251,37.20046734442471,2024-10-24 10:30:45
511,50,50,10,,,126.82292446944862,37.211631814597546,126.82240098613273,37.21149114036124,2024-10-24 10:31:13
512,25,54,10,,,126.82005598128711,37.193720572576545,126.83267160521078,37.20953624164429,2024-10-24 10:32:29
513,48,37,10,,,126.83026678419898,37.21395297242313,126.82049288534306,37.19834705944252,2024-10-24 10:32:57
514,48,48,10,,,126.82963007940418,37.21444047430039,126.83033972772844,37.21518786159368,2024-10-24 10:32:58
515,50,37,10,,,126.82175357133222,37.21107818322327,126.82149956662471,37.19810757413943,2024-10-24 10:33:25
516,21,33,10,,,126.8190422256743,37.196264530839926,126.82859419043459,37.20037013520103,2024-10-24 10:33:29
517,70,50,10,,,126.83824399135135,37.20911250489893,126.82222652464264,37.21203473367651,2024-10-24 10:34:35
518,15,71,10,,,126.81671867749871,37.207288581100514,126.84050024077892,37.20559428977516,2024-10-24 10:35:00
519,50,6,10,,,126.82169964559473,37.210849420140825,126.82530960788924,37.20425483076827,2024-10-24 10:35:13
520,26,70,10,,,126.81781267722403,37.19436599500878,126.83820330862405,37.210342075216786,2024-10-24 10:36:03
521,66,1,10,,,126.83639392990634,37.204685390624526,126.81574921085891,37.197799480033126,2024-10-24 10:36:03
522,23,38,10,,,126.81984772033073,37.19274808073854,126.82451691417975,37.2019460268831,2024-10-24 10:36:34
523,50,37,10,,,126.82266989436246,37.211887379528235,126.8213705718188,37.19842340281628,2024-10-24 10:36:41
524,27,28,10,,,126.82569534630035,37.199712078462866,126.82916731482949,37.204338853144016,2024-10-24 10:37:04
525,38,2,10,,,126.82470408409101,37.200679566866484,126.8223862901115,37.20492346097841,2024-10-24 10:37:14
526,21,38,10,,,126.81941047997962,37.19631950548554,126.82445246720188,37.20140398615197,2024-10-24 10:37:18
527,46,49,10,,,126.83036115221296,37.21208921154395,126.82753172679112,37.21355431307965,2024-10-24 10:38:05
528,50,38,10,,,126.82236931386804,37.21151138971464,126.82400010914607,37.201689105782386,2024-10-24 10:38:20
529,16,67,10,,,126.82397996953095,37.19360186287043,126.83479102305957,37.201859664096105,2024-10-24 10:38:24
530,27,27,10,,,126.82572266668151,37.19953605931006,126.8274807123602,37.19873375485462,2024-10-24 10:38:41
531,50,50,10,,,126.82292960022802,37.21072892697789,126.82211309771651,37.21214707929117,2024-10-24 10:39:05
532,51,10,10,,,126.82041069843758,37.209954075262765,126.81736877574467,37.210309238944255,2024-10-24 10:39:05
533,17,50,10,,,126.82624077559339,37.19692792609367,126.82203910474425,37.21080533649555,2024-10-24 10:39:52
534,10,46,10,,,126.81712787806536,37.209786872819436,126.83094962911947,37.21188696336584,2024-10-24 10:40:06
535,37,51,10,,,126.82090207697789,37.196695852654315,126.8190963677251,37.21131394697424,2024-10-24 10:40:34
536,33,15,10,,,126.82986138320969,37.20045918896298,126.81633332342216,37.205582208513675,2024-10-24 10:40:39
537,61,71,10,,,126.83269027170272,37.2162673484179,126.83910906244485,37.20587121502172,2024-10-24 10:40:57
538,11,68,10,,,126.81411917537163,37.208664670482015,126.8394740760936,37.201651506344064,2024-10-24 10:41:15
539,58,37,10,,,126.83585300451846,37.20883178694188,126.8204616768921,37.19659697977809,2024-10-24 10:42:03
540,37,33,10,,,126.82149408425121,37.1974152085846,126.82858525242878,37.20058150613018,2024-10-24 10:42:40
541,37,62,10,,,126.82141250523038,37.197405618336944,126.83779534246179,37.21184023220388,2024-10-24 10:43:12
542,51,39,10,,,126.82023243321733,37.21100858639154,126.82198403707991,37.20004460661441,2024-10-24 10:43:15
543,36,22,10,,,126.82372427779262,37.19781288612727,126.81507587828287,37.194983540210906,2024-10-24 10:43:16
544,51,39,10,,,126.81941111020637,37.210747676771874,126.82155328124294,37.19936556643993,2024-10-24 10:43:20
545,22,59,10,,,126.81612587614765,37.19559564921378,126.83242335633261,37.20734418590453,2024-10-24 10:43:32
546,50,37,10,,,126.82215665269412,37.211127321895276,126.8204892108138,37.19720869172259,2024-10-24 10:43:37
547,44,49,10,,,126.82038904473805,37.189332885547074,126.82868089200919,37.2141681215321,2024-10-24 10:44:02
548,49,68,10,,,126.82834955870527,37.212881481340204,126.84031182504533,37.203032689319116,2024-10-24 10:44:14
549,55,31,10,,,126.83073539619838,37.2087162474874,126.82827690123922,37.19860347571309,2024-10-24 10:44:22
550,43,9,10,,,126.82260638712013,37.19038782192423,126.81422897286545,37.2056672627146,2024-10-24 10:44:53
551,10,43,10,,,126.81608927222123,37.2095482012325,126.82388301136928,37.189204002806584,2024-10-24 10:45:59
552,57,45,10,,,126.8322844432336,37.203847827136,126.82536434582875,37.21159858544555,2024-10-24 10:46:13
553,31,4,10,,,126.8287536809494,37.19864333717262,126.82143551000043,37.20919626960099,2024-10-24 10:46:13
554,34,26,10,,,126.8214682833126,37.20322599699782,126.81794390319122,37.19407202538617,2024-10-24 10:46:24
555,31,66,10,,,126.82909180697344,37.19829861277881,126.83647718874545,37.20485658822322,2024-10-24 10:47:03
556,51,39,10,,,126.81943280709584,37.211292061358385,126.82113901087449,37.20113941322554,2024-10-24 10:47:25
557,23,38,10,,,126.82118151838647,37.19124483654733,126.82447631971463,37.20201544664533,2024-10-24 10:47:35
558,21,72,10,,,126.81801412054514,37.19564493213596,126.81076276738753,37.207088021391996,2024-10-24 10:48:16
559,38,11,10,,,126.82476421931759,37.20073900923399,126.81346422859596,37.20891969693408,2024-10-24 10:48:21
560,51,37,10,,,126.81918977422774,37.21006358255343,126.82104614816774,37.19811071502445,2024-10-24 10:48:33
561,48,43,10,,,126.83005861402972,37.21402722406078,126.822687444786,37.18996909942029,2024-10-24 10:49:50
562,1,46,10,,,126.8163682518331,37.19890043895028,126.8302019229914,37.21178257611749,2024-10-24 10:50:11
563,11,66,10,,,126.81532505526611,37.20749176571555,126.83685498224524,37.203865783321035,2024-10-24 10:50:37
564,63,22,10,,,126.83564978876768,37.211057932240536,126.81648039348893,37.195829742953826,2024-10-24 10:51:03
565,60,38,10,,,126.83335616756082,37.212255526124075,126.82402762575855,37.20102278372203,2024-10-24 10:51:22
566,16,15,10,,,126.82432612577132,37.193553155550624,126.81661452970606,37.20626436703865,2024-10-24 10:51:59
567,70,26,10,,,126.83879346572881,37.209481558550706,126.81852787122367,37.19267367425923,2024-10-24 10:52:04
568,47,17,10,,,126.82790631001424,37.21120624690943,126.8274010248971,37.19607113010656,2024-10-24 10:52:43
569,50,60,10,,,126.8217932596138,37.21091375298755,126.83259778022094,37.21212792734637,2024-10-24 10:53:34
570,60,39,10,,,126.83245008457692,37.21228887205671,126.82159122557773,37.1994074024998,2024-10-24 10:54:00
571,50,26,10,,,126.82158287826975,37.21062564117811,126.81772706390109,37.19427164923792,2024-10-24 10:54:20
572,23,38,10,,,126.82017196881755,37.19267254586766,126.82421761907797,37.202155810130186,2024-10-24 10:55:02
573,41,61,10,,,126.83451216106094,37.19726976725083,126.83365833817854,37.214994953008286,2024-10-24 10:55:27
574,37,70,10,,,126.82099077774193,37.19799533677451,126.83721833329656,37.21040366360391,2024-10-24 10:55:44
575,1,15,10,,,126.81571979442808,37.19771861384983,126.81710709421252,37.20580947806411,2024-10-24 10:55:52
576,50,50,10,,,126.82289938243409,37.21201408616005,126.82181645804232,37.211383246834636,2024-10-24 10:56:09
577,54,12,10,,,126.83192036278302,37.21011263801919,126.8191299834768,37.20550396487433,2024-10-24 10:57:07
578,50,38,10,,,126.82171388114716,37.211388217160795,126.82476061005472,37.201450508039756,2024-10-24 10:57:20
579,62,39,10,,,126.8376465305243,37.212672194350496,126.8215034774464,37.2002744033234,2024-10-24 10:57:49
580,38,18,10,,,126.82398713145601,37.20191102611326,126.82398791142134,37.195687599021106,2024-10-24 10:57:52
581,25,39,10,,,126.82010044994912,37.19490813160188,126.82123877145114,37.200049461664015,2024-10-24 10:58:35
582,50,38,10,,,126.82139854105142,37.21121859201952,126.82479928015682,37.20059278187059,2024-10-24 10:59:05
583,41,1,10,,,126.8343230907337,37.197579373010576,126.81583532454383,37.19865872545314,2024-10-24 10:59:22
584,53,61,11,,,126.83034974158944,37.20597263046009,126.83380612321993,37.21544688773588,2024-10-24 11:01:22
585,66,34,11,,,126.83836473408071,37.20421874270928,126.82154526925768,37.20257309930082,2024-10-24 11:01:44
586,38,10,11,,,126.82380528209924,37.200683875953295,126.81723293941768,37.20995587619127,2024-10-24 11:02:12
587,8,14,11,,,126.82522521299414,37.20630928229981,126.82037918701822,37.208566832981994,2024-10-24 11:03:35
588,8,20,11,,,126.82534860141517,37.207704576075635,126.81529082473855,37.192994091201335,2024-10-24 11:04:42
589,70,50,11,,,126.8372078208091,37.20948396866355,126.82274076970094,37.21074014554955,2024-10-24 11:04:51
590,8,41,11,,,126.82363247530233,37.20705677638991,126.83436341380857,37.19659729758568,2024-10-24 11:05:53
591,51,37,11,,,126.81982003226665,37.211269245463725,126.82083293237524,37.19662558459681,2024-10-24 11:06:50
592,41,19,11,,,126.83357601073322,37.196344356082314,126.82933015928914,37.19478574452531,2024-10-24 11:07:08
593,50,60,11,,,126.82167577365489,37.211329398472714,126.83341290403875,37.21318507994565,2024-10-24 11:07:40
594,70,21,11,,,126.83855151993853,37.20948060243408,126.81946528316824,37.19651002208252,2024-10-24 11:08:02
595,16,10,11,,,126.82411265858289,37.19205453496359,126.81741958672072,37.2089466923055,2024-10-24 11:08:11
596,21,47,11,,,126.81923742586403,37.19536678668937,126.82678686587789,37.2118122704093,2024-10-24 11:08:17
597,56,50,11,,,126.83439260589729,37.20600526801383,126.82227158103751,37.21147808715331,2024-10-24 11:08:27
598,37,51,11,,,126.82172545071799,37.198375325053924,126.8199731967306,37.210293125896065,2024-10-24 11:09:18
599,2,26,11,,,126.82125952864575,37.2062726279835,126.81839915495527,37.19443372298141,2024-10-24 11:09:22
600,70,71,11,,,126.83825007011136,37.209172296214035,126.84003057532405,37.205546538886395,2024-10-24 11:09:46
601,24,24,11,,,126.81836798026393,37.189781847561,126.81771983749225,37.19020411823203,2024-10-24 11:10:08
602,9,11,11,,,126.81392260450018,37.20445466267548,126.81401875864756,37.20772312880038,2024-10-24 11:10:16
603,47,21,11,,,126.82653306654714,37.20995614563774,126.81922447581441,37.19551812956165,2024-10-24 11:10:29
604,15,50,11,,,126.81668580286038,37.20573427269599,126.82162084764644,37.2111285802508,2024-10-24 11:10:36
605,55,50,11,,,126.83040568825658,37.20824375041387,126.82294040703155,37.211307283957204,2024-10-24 11:10:51
606,57,3,11,,,126.8327830869508,37.2052697636555,126.82428311336062,37.209194731810975,2024-10-24 11:11:07
607,50,38,11,,,126.82299629561494,37.212444843431854,126.82401559807415,37.20057208443855,2024-10-24 11:11:24
608,23,50,11,,,126.82163004356727,37.19150100854742,126.82227139703359,37.21105047721323,2024-10-24 11:11:47
609,62,43,11,,,126.83706015931138,37.21255766751131,126.82388388127197,37.189563215032564,2024-10-24 11:11:49
610,6,28,11,,,126.82510765304126,37.204997453017604,126.83036624078208,37.203587049998504,2024-10-24 11:12:13
611,49,34,11,,,126.82751234882797,37.213404797026314,126.82079737173491,37.20242741263772,2024-10-24 11:12:37
612,66,8,11,,,126.83790074465817,37.20320780016106,126.82522739660048,37.207749967688756,2024-10-24 11:12:51
613,55,51,11,,,126.83063356204322,37.208660471475596,126.81996548436584,37.21042964188008,2024-10-24 11:13:35
614,70,71,11,,,126.8387931163979,37.2092248690686,126.84102871214432,37.20577434677815,2024-10-24 11:13:40
615,35,41,11,,,126.81870533296073,37.2025862492308,126.8348406492161,37.19655087502409,2024-10-24 11:13:45
616,71,13,11,,,126.83939262514572,37.205511043093956,126.8165423357061,37.20423665982474,2024-10-24 11:14:17
617,31,15,11,,,126.83005555054169,37.198001669855856,126.81765708142909,37.20629980223901,2024-10-24 11:14:58
618,58,54,11,,,126.83467124662778,37.20881404509431,126.83171199313955,37.21001248888683,2024-10-24 11:15:22
619,15,13,11,,,126.81619209461746,37.205672332067394,126.81673259759646,37.204267566317384,2024-10-24 11:15:56
620,38,52,11,,,126.8238078856338,37.201013332690636,126.83158516448817,37.21783198626895,2024-10-24 11:16:14
621,12,36,11,,,126.82016978170081,37.20462829335848,126.82322978081223,37.199449450817994,2024-10-24 11:16:15
622,29,61,11,,,126.82748605630314,37.20193357156563,126.8322322473944,37.21665950810532,2024-10-24 11:16:27
623,1,14,11,,,126.815985232735,37.197249709215825,126.81968869301215,37.20751074893871,2024-10-24 11:16:41
624,21,33,11,,,126.8183691701256,37.19727967285139,126.82891195479935,37.199763684099544,2024-10-24 11:16:56
625,50,50,11,,,126.82283358019066,37.2111400126527,126.82155342905405,37.21211520101465,2024-10-24 11:17:36
626,56,70,11,,,126.83528643078336,37.20614084156192,126.83759186454063,37.20910966805161,2024-10-24 11:17:39
627,39,21,11,,,126.82187078446681,37.19965827363661,126.81915072121242,37.196043835166826,2024-10-24 11:18:06
628,14,7,11,,,126.82031357700924,37.20679005853083,126.82734095074562,37.20882613112,2024-10-24 11:19:06
629,48,54,11,,,126.83038197464421,37.21569798909911,126.8332416415707,37.20942449234133,2024-10-24 11:19:55
630,47,13,11,,,126.82662470628888,37.210322232504225,126.81724289053453,37.20385123196816,2024-10-24 11:20:18
631,8,66,11,,,126.82410170494232,37.20742974557273,126.83831351137187,37.20364448882375,2024-10-24 11:20:44
632,64,52,11,,,126.84293529312626,37.20367895933427,126.83144997118924,37.217110369844896,2024-10-24 11:20:51
633,37,51,11,,,126.82084978119657,37.197891593657886,126.81869826056104,37.209774805707205,2024-10-24 11:20:56
634,1,22,11,,,126.81643237027893,37.198409442776764,126.8149181673686,37.19461343156196,2024-10-24 11:21:06
635,7,71,11,,,126.82645720644858,37.20757407209216,126.84005949551768,37.204734272865004,2024-10-24 11:21:50
636,23,38,11,,,126.82169799645757,37.19103817736059,126.82501711172658,37.200420987843096,2024-10-24 11:22:38
637,68,8,11,,,126.83927557246389,37.202625944179296,126.82518633106581,37.20701986380236,2024-10-24 11:23:25
638,16,5,11,,,126.82291273722474,37.19380296263199,126.82660746502239,37.204832632151316,2024-10-24 11:24:27
639,32,45,11,,,126.83105563890913,37.202574464730034,126.82595942287257,37.21298275756834,2024-10-24 11:24:29
640,71,58,11,,,126.84083942641695,37.20588879376249,126.83519514704038,37.20897235007808,2024-10-24 11:25:28
641,9,62,11,,,126.81455696235912,37.20613991888553,126.83810286083526,37.21156328164903,2024-10-24 11:25:41
642,66,66,11,,,126.83753584328639,37.20438140575984,126.83800182528367,37.20489744902853,2024-10-24 11:26:30
643,29,29,11,,,126.82590561191546,37.201941388933044,126.82591209290099,37.20259475026902,2024-10-24 11:26:30
644,24,36,11,,,126.81808768902616,37.19147810582186,126.82371106439388,37.19767977544818,2024-10-24 11:28:07
645,50,26,11,,,126.82255882705691,37.21244192474953,126.81903473856268,37.193634894390215,2024-10-24 11:28:15
646,40,19,11,,,126.83108416799938,37.19328606188234,126.82806904623787,37.195126876692505,2024-10-24 11:28:15
647,26,24,11,,,126.81912244926227,37.192926606191236,126.8183911359439,37.19076417679005,2024-10-24 11:28:37
648,71,54,11,,,126.83982204647266,37.20591931221178,126.832070716927,37.20926892513079,2024-10-24 11:29:17
649,23,42,11,,,126.82060343251196,37.19243649284513,126.83191730969052,37.19517435774146,2024-10-24 11:29:34
650,44,6,11,,,126.81979232486755,37.18829214931001,126.82377265116094,37.20354623381673,2024-10-24 11:29:38
651,14,40,11,,,126.81873244477617,37.20792889311042,126.8320285702614,37.192883249943506,2024-10-24 11:29:41
652,49,55,11,,,126.82720194301433,37.21359287188894,126.82910982819917,37.2086496404652,2024-10-24 11:30:01
653,41,2,11,,,126.83492732529497,37.1963433740579,126.8215692971998,37.20545944598729,2024-10-24 11:30:48
654,49,17,11,,,126.82807153856326,37.21364094960088,126.82649387150471,37.1959519139967,2024-10-24 11:32:08
655,40,60,11,,,126.83148285383169,37.19387735788435,126.83234731471806,37.21352569876621,2024-10-24 11:32:43
656,26,38,11,,,126.8183225032007,37.19361672618997,126.8241736347866,37.202145066474465,2024-10-24 11:32:44
657,42,29,11,,,126.83141353052531,37.196524402448645,126.82706812123124,37.202707787914036,2024-10-24 11:32:57
658,55,37,11,,,126.83072092740095,37.2096315030691,126.82129128607235,37.198065638495954,2024-10-24 11:33:04
659,37,51,11,,,126.82060915200904,37.19772196424245,126.82008178554428,37.21135687492288,2024-10-24 11:33:15
660,33,21,11,,,126.82866538691275,37.200750032067404,126.81768901715384,37.195418800325434,2024-10-24 11:33:36
661,14,32,11,,,126.82011095398708,37.206871032954616,126.83213486722626,37.20089616569044,2024-10-24 11:34:30
662,55,50,11,,,126.8290444457785,37.20987118166137,126.82304523403846,37.21088604056884,2024-10-24 11:35:47
663,70,71,11,,,126.83692685714043,37.20913624080637,126.8393301441509,37.20569713607233,2024-10-24 11:36:10
664,51,37,11,,,126.82045045187307,37.21117966069946,126.82157032200857,37.1969518769715,2024-10-24 11:36:33
665,42,19,11,,,126.83250696690281,37.19699906144253,126.82983674131889,37.194710729925646,2024-10-24 11:37:20
666,50,50,11,,,126.82203162778303,37.21129522366389,126.82229568853454,37.211052915314994,2024-10-24 11:37:58
667,68,56,11,,,126.83902605220356,37.20153511614175,126.83442603340924,37.20489880757234,2024-10-24 11:38:06
668,32,50,11,,,126.83289596278178,37.20103070930261,126.82300017649852,37.21217390735664,2024-10-24 11:38:28
669,4,68,11,,,126.82147022877416,37.20801881385726,126.84061938291623,37.202719502332656,2024-10-24 11:38:41
670,51,39,11,,,126.81876959608869,37.21063731343411,126.82077213765542,37.19978973335188,2024-10-24 11:39:03
671,50,26,11,,,126.82233189873446,37.21226382141401,126.81915869863249,37.19268560067745,2024-10-24 11:39:05
672,23,38,11,,,126.82143892931875,37.19131076334676,126.82329779234762,37.20036331280674,2024-10-24 11:40:00
673,35,14,11,,,126.8190767119005,37.201410976287555,126.82030682057514,37.20660537224688,2024-10-24 11:41:04
674,16,26,11,,,126.8241693142755,37.19195435280371,126.8175355700374,37.19318327789567,2024-10-24 11:41:11
675,51,50,11,,,126.81949810454424,37.210781014856636,126.82313728943565,37.211292099163636,2024-10-24 11:41:33
676,37,51,11,,,126.82070722109509,37.19799758729635,126.81904536800766,37.21059728944177,2024-10-24 11:41:53
677,50,38,11,,,126.8232778838052,37.210795408983195,126.82506697124158,37.20121779191364,2024-10-24 11:42:20
678,47,22,11,,,126.82692478500432,37.21104756699036,126.81523450180886,37.19431361114014,2024-10-24 11:42:40
679,3,59,11,,,126.82475080676195,37.20892023469892,126.83244686757612,37.20709802538833,2024-10-24 11:42:50
680,70,71,11,,,126.83744556134266,37.210512810044136,126.83995952008969,37.204104683707975,2024-10-24 11:43:04
681,38,51,11,,,126.82504222386262,37.20145081293351,126.8201853514039,37.20970067586651,2024-10-24 11:43:39
682,55,13,11,,,126.82986998265596,37.20829109017925,126.81637752224653,37.204534557963285,2024-10-24 11:44:04
683,23,38,11,,,126.82007101823352,37.19167998468974,126.82482756062996,37.20212986838203,2024-10-24 11:44:05
684,69,2,11,,,126.83730482133379,37.20590231492449,126.82154603392655,37.20635804861974,2024-10-24 11:44:40
685,68,10,11,,,126.83943123573304,37.201889838689475,126.81732540648217,37.20867823566786,2024-10-24 11:45:51
686,5,25,11,,,126.82653425801486,37.20566157346155,126.82012515675633,37.19462599246811,2024-10-24 11:46:01
687,50,50,11,,,126.82337391262585,37.21137130016624,126.82304759040966,37.21175496609964,2024-10-24 11:46:38
688,65,8,11,,,126.83358776424745,37.19922777867959,126.82489772644645,37.20792731553091,2024-10-24 11:46:43
689,52,46,11,,,126.83115050487878,37.2170347713163,126.83100474414071,37.21276984491872,2024-10-24 11:47:08
690,45,38,11,,,126.82591545260306,37.21268986082627,126.82449004406095,37.20139996330448,2024-10-24 11:47:35
691,14,22,11,,,126.81938794426038,37.20839516113439,126.81605437868024,37.195757938552354,2024-10-24 11:47:50
692,38,3,11,,,126.82395205113008,37.20221710876097,126.82577077908716,37.21075466089744,2024-10-24 11:47:55
693,37,50,11,,,126.82105193779185,37.198307450138095,126.82198290447975,37.210702578015535,2024-10-24 11:48:05
694,50,26,11,,,126.82252181404284,37.21056997066229,126.81849611504032,37.19356132537167,2024-10-24 11:48:45
695,39,50,11,,,126.82125630651007,37.1992414673828,126.82331757782251,37.21196568266417,2024-10-24 11:49:10
696,7,12,11,,,126.82675046293627,37.20834296276498,126.8200791211088,37.20428518804119,2024-10-24 11:50:33
697,54,54,11,,,126.83332353508811,37.2100796957205,126.83250543387997,37.209732314455856,2024-10-24 11:50:46
698,21,38,11,,,126.81776613175423,37.19644311462704,126.82475646776108,37.20052352713859,2024-10-24 11:51:04
699,50,7,11,,,126.82157277941435,37.21189345557727,126.82791779262345,37.208367838523934,2024-10-24 11:51:21
700,71,34,11,,,126.8393142255477,37.20554816144414,126.82156695733154,37.20292166958398,2024-10-24 11:52:07
701,29,53,11,,,126.82631901023576,37.202568495403206,126.82925815157765,37.205616147913794,2024-10-24 11:52:20
702,9,1,11,,,126.81456745895451,37.20599367882188,126.81670821264015,37.19817040210426,2024-10-24 11:52:44
703,37,22,11,,,126.8213133364243,37.196645444895154,126.8150379006376,37.19499191945949,2024-10-24 11:52:51
704,60,7,11,,,126.8332605487261,37.21394348839055,126.82656606049021,37.207979750589196,2024-10-24 11:53:16
705,2,29,11,,,126.82145035730693,37.2065146425065,126.82735303874811,37.202144256425285,2024-10-24 11:53:27
706,69,55,11,,,126.83733761940107,37.207497402379836,126.82991407071623,37.20928365786906,2024-10-24 11:53:48
707,14,62,11,,,126.82013482787266,37.20738991059593,126.83794874756177,37.212007886747884,2024-10-24 11:54:40
708,26,38,11,,,126.81739220419647,37.19361500394376,126.82459558961268,37.20108470860902,2024-10-24 11:54:45
709,66,9,11,,,126.83717799273407,37.20452799951778,126.81338239129819,37.20508107838635,2024-10-24 11:54:46
710,3,42,11,,,126.82488811962949,37.20962474377504,126.83250098503258,37.19564129245711,2024-10-24 11:55:05
711,68,61,11,,,126.84065609560159,37.20229090773835,126.8339196123984,37.21671883590057,2024-10-24 11:55:10
712,29,46,11,,,126.82597066844048,37.20295759412616,126.83026954600035,37.21291123759976,2024-10-24 11:55:20
713,50,26,11,,,126.82331062958046,37.211545678221825,126.81922586710104,37.193901826442676,2024-10-24 11:55:52
714,21,38,11,,,126.81763884538695,37.19732422608385,126.82407325061432,37.201128496894164,2024-10-24 11:55:59
715,38,72,11,,,126.82444705365133,37.201737644067556,126.8115351270179,37.20794930910449,2024-10-24 11:56:05
716,23,20,11,,,126.82118600565958,37.19159428566142,126.81483750803892,37.1933221860384,2024-10-24 11:56:13
717,64,56,11,,,126.84268553104505,37.20350069055043,126.83590758846786,37.20465761443831,2024-10-24 11:56:16
718,55,50,11,,,126.82905269154887,37.20822777151037,126.82210012433586,37.21060163223856,2024-10-24 11:57:08
719,9,39,11,,,126.81312172192119,37.205828828522556,126.82200229062059,37.199908939804224,2024-10-24 11:57:18
720,64,58,11,,,126.84263947096787,37.20393223519671,126.83469843322487,37.208646199687216,2024-10-24 11:57:34
721,31,58,11,,,126.82856332353565,37.19719770970135,126.83560928967148,37.20809466333871,2024-10-24 11:57:42
722,64,55,11,,,126.84202055415192,37.202950896756604,126.83034094177262,37.209045912509644,2024-10-24 11:58:08
723,54,37,11,,,126.8318683232051,37.21058584018319,126.82052951770908,37.198161403761354,2024-10-24 11:58:35
724,65,54,11,,,126.83477232935013,37.199565339479,126.83297482136199,37.21109785009007,2024-10-24 11:58:48
725,5,41,11,,,126.82616941222834,37.20424059286097,126.83507625341744,37.196923908271444,2024-10-24 11:58:54
726,37,4,11,,,126.82030457245962,37.19707078133377,126.82299005710692,37.20885826942213,2024-10-24 11:59:16
727,56,56,11,,,126.83501139714933,37.205592083871075,126.83558403724864,37.205331417300656,2024-10-24 11:59:25
728,50,50,11,,,126.82278019841547,37.21052524126983,126.82294274549415,37.21167566585064,2024-10-24 11:59:37
729,2,38,11,,,126.82270469290336,37.20540715773387,126.82322756077787,37.20186257302225,2024-10-24 11:59:37
730,51,39,12,,,126.82026598497181,37.210045818691675,126.82176610940284,37.20066330332226,2024-10-24 12:00:19
731,51,6,12,,,126.81980480423897,37.210526437505735,126.8234027423239,37.20338160318116,2024-10-24 12:00:45
732,38,51,12,,,126.82357502272097,37.20180705237376,126.82041555422467,37.21115708905285,2024-10-24 12:00:53
733,1,17,12,,,126.81636963941514,37.198430779902395,126.82679266894061,37.19626728648735,2024-10-24 12:01:13
734,53,69,12,,,126.83002569045856,37.20699607284305,126.83775205611609,37.20734900008011,2024-10-24 12:01:16
735,4,71,12,,,126.82149357829573,37.20886443674154,126.8403564943928,37.20472183943433,2024-10-24 12:01:29
736,5,5,12,,,126.82735809133911,37.20496640158024,126.82732371872318,37.20575851604158,2024-10-24 12:02:33
737,13,46,12,,,126.81738389477977,37.2038039698799,126.83017200930196,37.212304582783815,2024-10-24 12:02:41
738,50,7,12,,,126.82202124819331,37.211865616396715,126.82819140764951,37.20886342103674,2024-10-24 12:02:43
739,65,70,12,,,126.8346447854604,37.19926733984832,126.83784401883115,37.20880897739474,2024-10-24 12:02:56
740,23,50,12,,,126.82091442627498,37.191806980706446,126.82301358078374,37.211257788860216,2024-10-24 12:03:26
741,37,50,12,,,126.82085102779907,37.19780479341188,126.82144398693879,37.21200770157127,2024-10-24 12:04:14
742,21,33,12,,,126.81820515708999,37.19586609857749,126.82967013121946,37.20107491921733,2024-10-24 12:04:19
743,2,17,12,,,126.82152826789087,37.2065173164204,126.82686128326917,37.19635129582522,2024-10-24 12:04:27
744,50,38,12,,,126.82168688332673,37.21199429532653,126.82383227902645,37.201238162911785,2024-10-24 12:04:55
745,50,60,12,,,126.82238504807412,37.21121591395267,126.83326790658114,37.212588884876766,2024-10-24 12:04:57
746,23,50,12,,,126.82141595771097,37.191711311231565,126.82309255262065,37.21139671084651,2024-10-24 12:05:22
747,50,38,12,,,126.82173535849941,37.21064700973349,126.82330973245999,37.20082352844325,2024-10-24 12:05:58
748,55,29,12,,,126.82999088399917,37.208906086793945,126.82754944966013,37.20272587454226,2024-10-24 12:06:10
749,17,21,12,,,126.82718620346937,37.197472132042954,126.81785347008558,37.195362217498484,2024-10-24 12:06:29
750,51,32,12,,,126.8198558560545,37.2098142243151,126.8317135024877,37.20264958453446,2024-10-24 12:06:42
751,37,21,12,,,126.8205514000904,37.19647414799367,126.81797648603477,37.196683381200565,2024-10-24 12:07:16
752,10,14,12,,,126.8170056552392,37.20990778247207,126.82002694603649,37.207822008872824,2024-10-24 12:07:46
753,51,21,12,,,126.8202939848549,37.209782105099755,126.81927945664509,37.19704737509857,2024-10-24 12:07:49
754,21,33,12,,,126.81855292675422,37.19630903215577,126.82919564913794,37.20144097072049,2024-10-24 12:08:55
755,33,4,12,,,126.82951932227677,37.199942142875656,126.82218019805696,37.20945792478276,2024-10-24 12:09:06
756,60,56,12,,,126.83235613079509,37.212889009080605,126.83447034872482,37.20567200183923,2024-10-24 12:09:29
757,27,69,12,,,126.82711456452078,37.200228736054605,126.83710283316404,37.20654213679488,2024-10-24 12:09:35
758,22,53,12,,,126.81600952589888,37.195940205797136,126.8288715697001,37.20727248154675,2024-10-24 12:10:08
759,62,28,12,,,126.83776767774557,37.21172919496194,126.82877500588869,37.203915925838416,2024-10-24 12:10:15
760,51,37,12,,,126.81942365161905,37.210550493146016,126.82111736145305,37.19705627003015,2024-10-24 12:10:24
761,55,44,12,,,126.83088397312308,37.208470806846464,126.82152528036528,37.18929676836925,2024-10-24 12:10:52
762,23,38,12,,,126.82079673105781,37.19094285252702,126.82510913837308,37.20080149607466,2024-10-24 12:11:17
763,70,71,12,,,126.83750407574826,37.209987902894895,126.84023660561442,37.20489559682181,2024-10-24 12:11:26
764,41,14,12,,,126.83347450794948,37.19766611425083,126.81902925269591,37.206685273720055,2024-10-24 12:11:51
765,46,51,12,,,126.83078319789509,37.21196938752757,126.81978082505785,37.20973813011524,2024-10-24 12:12:33
766,39,50,12,,,126.82083928411114,37.19982726051141,126.82175332733536,37.21186583137858,2024-10-24 12:13:12
767,28,9,12,,,126.83039877796135,37.202856407222576,126.81401662429762,37.205227699889804,2024-10-24 12:13:22
768,27,50,12,,,126.8263398206972,37.19858945263036,126.82297919960358,37.21176783603612,2024-10-24 12:15:08
769,26,38,12,,,126.81801708948093,37.19421632545711,126.82436875057864,37.201854545241,2024-10-24 12:15:13
770,37,51,12,,,126.82138328777272,37.1979084291829,126.82026327909342,37.20989458007534,2024-10-24 12:15:18
771,70,71,12,,,126.83708315959606,37.20929595200298,126.84010083631858,37.204021781786075,2024-10-24 12:15:41
772,64,14,12,,,126.84217700626384,37.20308270572825,126.81982148705593,37.20683068264924,2024-10-24 12:15:43
773,55,50,12,,,126.82972541983074,37.20823823880148,126.82179292232173,37.210586130556855,2024-10-24 12:15:49
774,13,71,12,,,126.81690644778978,37.20271316835056,126.84072587796308,37.20580241662007,2024-10-24 12:16:00
775,31,33,12,,,126.83001740834553,37.197397477398525,126.82921996478959,37.20160676616419,2024-10-24 12:16:56
776,41,16,12,,,126.83440377244229,37.19645608833901,126.82315859035101,37.19238372548376,2024-10-24 12:18:02
777,51,47,12,,,126.81896327641245,37.21109960924777,126.82828120706182,37.21131308152583,2024-10-24 12:18:53
778,15,40,12,,,126.81588682975652,37.20605120724133,126.83207502374815,37.19392625472323,2024-10-24 12:20:12
779,51,37,12,,,126.81935135690412,37.21039111159076,126.82164766292583,37.197742448212914,2024-10-24 12:21:41
780,2,2,12,,,126.82113727983057,37.20549381328203,126.82154409356806,37.205876301718426,2024-10-24 12:23:30
781,60,27,12,,,126.83286036944246,37.212982934804444,126.82663321670898,37.19979348069534,2024-10-24 12:23:33
782,47,58,12,,,126.82842605195553,37.21043428464867,126.83508279384672,37.20869521580409,2024-10-24 12:24:37
783,58,56,12,,,126.83457887797832,37.20940400281883,126.83554320323859,37.20545460369805,2024-10-24 12:25:41
784,57,65,12,,,126.83253009977362,37.20429271455831,126.83449341593476,37.20068250775377,2024-10-24 12:25:50
785,50,26,12,,,126.82282732538904,37.211013694788484,126.81838687987496,37.19257710203734,2024-10-24 12:26:20
786,18,32,12,,,126.82326490552353,37.196613612450825,126.83270056892574,37.2015179357013,2024-10-24 12:27:19
787,47,6,12,,,126.82696783156501,37.210031027042206,126.82405644967557,37.203561840483665,2024-10-24 12:27:32
788,4,18,12,,,126.8216042515386,37.20772330053819,126.82314361980036,37.19665875163951,2024-10-24 12:27:32
789,23,72,12,,,126.82092769715833,37.191617799137425,126.81082365824352,37.206176341505014,2024-10-24 12:27:32
790,66,33,12,,,126.83749700528622,37.204106656613945,126.82975336797642,37.19970302293564,2024-10-24 12:27:40
791,37,51,12,,,126.82221239211125,37.19833700765118,126.81979891394275,37.210044697091995,2024-10-24 12:28:26
792,7,44,12,,,126.82651126078244,37.20869286161708,126.81982527838248,37.18941547420438,2024-10-24 12:28:35
793,50,50,12,,,126.82215837790679,37.211133322167015,126.82139117202722,37.21073712519843,2024-10-24 12:29:33
794,39,21,12,,,126.82230740506832,37.200898872031715,126.81887194597134,37.19675213098082,2024-10-24 12:30:14
795,49,19,12,,,126.82803398716541,37.2131434517295,126.82835384344634,37.19587204335553,2024-10-24 12:30:25
796,23,71,12,,,126.82177477661341,37.191425245096916,126.83909095189026,37.20547913446084,2024-10-24 12:30:31
797,53,14,12,,,126.83031197139269,37.206187614244364,126.81868869347589,37.20757794801899,2024-10-24 12:31:35
798,69,33,12,,,126.83693538810952,37.20745832007843,126.82951595080624,37.20132651001377,2024-10-24 12:32:10
799,64,58,12,,,126.84183904925308,37.20267488626016,126.83417797154556,37.20912538459492,2024-10-24 12:32:42
800,36,9,12,,,126.8248303811436,37.19866994488825,126.81445101925212,37.205862154172955,2024-10-24 12:32:47
801,3,69,12,,,126.82421726327438,37.209484596409084,126.83843066535923,37.20761988398786,2024-10-24 12:33:27
802,31,30,12,,,126.82892755076183,37.19861306677264,126.83216007590015,37.19914891615567,2024-10-24 12:34:24
803,71,56,12,,,126.84070844200373,37.205357392193925,126.83426357407676,37.20585394132867,2024-10-24 12:34:25
804,30,42,12,,,126.83259540780227,37.19949309176272,126.83089818439738,37.19649902858071,2024-10-24 12:34:42
805,51,21,12,,,126.81906265019326,37.20970429936444,126.81808216475595,37.196576642689514,2024-10-24 12:34:59
806,53,66,12,,,126.83022952670373,37.20568976215592,126.83782464661596,37.2041611793385,2024-10-24 12:36:46
807,54,7,12,,,126.83322228290223,37.210137682395406,126.82674804560389,37.20776319343634,2024-10-24 12:36:50
808,35,47,12,,,126.81866857766703,37.20236198235163,126.82722991100773,37.21007794643889,2024-10-24 12:37:02
809,27,57,12,,,126.82703373484655,37.19962902890798,126.83155173741592,37.20365367722204,2024-10-24 12:37:23
810,51,26,12,,,126.81979399396704,37.21034191953759,126.81748786974462,37.193108995912944,2024-10-24 12:37:28
811,48,45,12,,,126.83139709973716,37.215391250508965,126.82540218233842,37.21159924335423,2024-10-24 12:38:19
812,66,9,12,,,126.83670247861417,37.203201671768525,126.81413581366631,37.206286800651284,2024-10-24 12:39:04
813,46,30,12,,,126.82935644300737,37.21202849531234,126.83182583496377,37.199346291891345,2024-10-24 12:39:05
814,19,52,12,,,126.82900407598073,37.19500017845823,126.83088165155569,37.21743593833847,2024-10-24 12:40:19
815,5,25,12,,,126.82740138900023,37.20620537718221,126.82007656447483,37.19491547793509,2024-10-24 12:40:32
816,2,37,12,,,126.82179919384396,37.205917864048395,126.8205283255274,37.1977971640205,2024-10-24 12:40:42
817,51,21,12,,,126.81978971564807,37.21020755253195,126.81799678698162,37.195513126556534,2024-10-24 12:40:43
818,24,47,12,,,126.81840470341108,37.1916388911701,126.82765010054699,37.21162735773198,2024-10-24 12:41:14
819,50,60,12,,,126.82290992265435,37.21067352411805,126.83268637577949,37.21288456397803,2024-10-24 12:41:24
820,72,45,12,,,126.8123973724252,37.2073756296678,126.8255690717045,37.21264449586199,2024-10-24 12:41:58
821,34,26,12,,,126.82112756327804,37.20248893186944,126.81872636682445,37.193956459649165,2024-10-24 12:43:11
822,28,28,12,,,126.82971596765884,37.20415625289648,126.82943935463696,37.20402561076878,2024-10-24 12:43:13
823,23,38,12,,,126.82082457027929,37.192661864882915,126.82416051813703,37.201258290314556,2024-10-24 12:43:55
824,53,38,12,,,126.83044602346031,37.206510153629374,126.82344885161295,37.20203713975201,2024-10-24 12:44:04
825,17,50,12,,,126.82612067425475,37.19611066479431,126.82262298823896,37.21137594270874,2024-10-24 12:44:10
826,56,56,12,,,126.83531620221382,37.20529106151308,126.83556802401942,37.205685665101214,2024-10-24 12:44:16
827,50,37,12,,,126.82240716357255,37.210885538451045,126.82059553628557,37.198320027350455,2024-10-24 12:44:28
828,26,5,12,,,126.8192538544898,37.193870639319464,126.82618599959517,37.204942701670035,2024-10-24 12:44:41
829,29,34,12,,,126.82686188113223,37.20257914989673,126.82071681314086,37.203981956267796,2024-10-24 12:44:57
830,50,60,12,,,126.8216920211206,37.21056215197789,126.83338965708624,37.21244894313001,2024-10-24 12:45:06
831,21,72,12,,,126.81854054055488,37.196796176779884,126.81192467605531,37.2075034233619,2024-10-24 12:45:10
832,7,17,12,,,126.82734205077702,37.2072335158705,126.82680707213868,37.1970152357952,2024-10-24 12:45:10
833,66,41,12,,,126.8382643036188,37.2045505481886,126.83444885212278,37.19662914211456,2024-10-24 12:45:10
834,14,36,12,,,126.82036992023475,37.20759221331183,126.82309513026908,37.19906338479123,2024-10-24 12:45:40
835,51,37,12,,,126.81889475486224,37.210730335091604,126.82206098384883,37.197662635265466,2024-10-24 12:45:49
836,34,52,12,,,126.82212893077288,37.20231959021258,126.83001463063762,37.218509971714695,2024-10-24 12:45:54
837,50,72,12,,,126.82331010495915,37.21227446991312,126.81193774836701,37.20791028001876,2024-10-24 12:46:14
838,5,35,12,,,126.82696607774645,37.20444759636757,126.81852929145833,37.201220548530166,2024-10-24 12:47:05
839,6,56,12,,,126.82478306670421,37.20344138705954,126.83451096261763,37.20590354197327,2024-10-24 12:47:54
840,41,27,12,,,126.83331568150557,37.19807094417972,126.82682330340407,37.20044231521169,2024-10-24 12:48:26
841,26,38,12,,,126.81878497123039,37.193842024990765,126.82468748817767,37.20054775915798,2024-10-24 12:48:55
842,50,55,12,,,126.8228912953657,37.211737212393,126.83038831352262,37.20928373250528,2024-10-24 12:49:10
843,14,48,12,,,126.81898281240879,37.2068065862113,126.83141216520345,37.214206194280095,2024-10-24 12:49:23
844,18,72,12,,,126.82460617331803,37.19480628538186,126.81147392258296,37.20649479286902,2024-10-24 12:49:35
845,55,50,12,,,126.83086489997639,37.2095765254281,126.82290231892797,37.21058135332728,2024-10-24 12:50:14
846,30,32,12,,,126.83264566139107,37.19802807197982,126.83196508969675,37.20242413694314,2024-10-24 12:50:15
847,51,21,12,,,126.81938236804739,37.21122648188216,126.81886854420736,37.196168181835084,2024-10-24 12:50:36
848,37,33,12,,,126.82222781145438,37.19799466809635,126.8286071301577,37.20103256352169,2024-10-24 12:51:12
849,39,50,12,,,126.82196133237916,37.200415675748154,126.82282920321373,37.2108934518387,2024-10-24 12:51:32
850,21,38,12,,,126.81902422828679,37.19683012046768,126.8250803711359,37.20076768227992,2024-10-24 12:52:23
851,54,6,12,,,126.83348449557936,37.21037354711752,126.8244796212936,37.20423832086035,2024-10-24 12:52:30
852,50,37,12,,,126.82298500764732,37.2112504297595,126.82034844998896,37.1973147175063,2024-10-24 12:52:35
853,54,32,12,,,126.83338621673282,37.210372676003395,126.83200147211244,37.201014267240666,2024-10-24 12:52:42
854,50,37,12,,,126.82139403534474,37.2115764633371,126.82160141691942,37.19655454735537,2024-10-24 12:52:47
855,45,62,12,,,126.82529552275463,37.213446399692785,126.83802433373945,37.21267916403225,2024-10-24 12:52:48
856,50,37,12,,,126.82275018453834,37.21092686393891,126.8206719058031,37.19809493386665,2024-10-24 12:52:48
857,20,30,12,,,126.8147270616496,37.192164234071974,126.8324521177825,37.19929985703532,2024-10-24 12:53:11
858,28,18,12,,,126.82921421254024,37.20286247794962,126.82281424006585,37.196203291274145,2024-10-24 12:53:20
859,56,50,12,,,126.83484807816613,37.20536542202207,126.82147224908731,37.21140980057476,2024-10-24 12:54:01
860,70,45,12,,,126.83835371342444,37.20970482157399,126.82508591521935,37.21282805943947,2024-10-24 12:54:14
861,50,60,12,,,126.82247082310958,37.21209548290084,126.83218430033796,37.21392948020925,2024-10-24 12:54:23
862,37,51,12,,,126.82164661881757,37.19781586070552,126.81945783000388,37.20951334889276,2024-10-24 12:54:31
863,18,40,12,,,126.8244934871154,37.19553247223352,126.8305917660023,37.19263345535381,2024-10-24 12:54:36
864,55,37,12,,,126.83035487277353,37.210076222876864,126.82054148805246,37.19793801585371,2024-10-24 12:55:03
865,37,51,12,,,126.82149296433465,37.19732879272021,126.81981843471442,37.21077044115725,2024-10-24 12:55:34
866,30,68,12,,,126.83154985598784,37.19818769233266,126.84059623780306,37.20237393646975,2024-10-24 12:55:39
867,50,49,12,,,126.82189667009028,37.21095580494506,126.82800989298302,37.21343882118393,2024-10-24 12:56:05
868,50,37,12,,,126.82333182201498,37.21190599940771,126.82155386898577,37.19797401719208,2024-10-24 12:56:34
869,12,4,12,,,126.818650757959,37.204834953889666,126.82174631121396,37.20909192457244,2024-10-24 12:56:45
870,57,35,12,,,126.83238068955035,37.20504594041646,126.81877713401128,37.20211367870782,2024-10-24 12:56:59
871,37,19,12,,,126.82201570113705,37.197491409318566,126.8278917301488,37.194879601495494,2024-10-24 12:57:26
872,34,21,12,,,126.82242955297778,37.20345723537621,126.81944770535516,37.196766621555824,2024-10-24 12:57:33
873,16,7,12,,,126.8241006569789,37.19245482754197,126.82777851270023,37.20765697039006,2024-10-24 12:58:10
874,21,39,12,,,126.81862288755069,37.19601947412657,126.82067491659107,37.2006400654364,2024-10-24 12:59:36
875,18,16,12,,,126.82346648364859,37.1961551284812,126.82272512877333,37.192559138633015,2024-10-24 12:59:58
876,20,12,13,,,126.81484311481562,37.19339832804421,126.81904627895896,37.20434053541473,2024-10-24 13:00:01
877,8,6,13,,,126.82519538191983,37.20736889127368,126.82362833985373,37.204291107154894,2024-10-24 13:00:22
878,8,22,13,,,126.82402737434755,37.206700653362674,126.81571052757982,37.19587071406038,2024-10-24 13:00:29
879,43,49,13,,,126.82325757344181,37.19043397407735,126.82734867948975,37.21417370137838,2024-10-24 13:00:34
880,71,33,13,,,126.8403198008733,37.20525643073759,126.82936304008045,37.199774038761895,2024-10-24 13:00:46
881,50,23,13,,,126.82331880660756,37.21080481228541,126.8217581003455,37.1908373838133,2024-10-24 13:01:19
882,37,51,13,,,126.82130871224982,37.19796547112225,126.81890252155573,37.21141141659298,2024-10-24 13:01:47
883,70,71,13,,,126.83797130059146,37.21000110802265,126.8391672590502,37.20414561132337,2024-10-24 13:02:33
884,25,3,13,,,126.82077947401257,37.1953043638898,126.82563665360738,37.20939692844829,2024-10-24 13:02:53
885,72,9,13,,,126.81263660175574,37.207523272558795,126.81460821268706,37.206383987399455,2024-10-24 13:03:26
886,50,50,13,,,126.82181495067042,37.21222782900668,126.8226451921041,37.21072637059381,2024-10-24 13:03:33
887,50,60,13,,,126.82168721104317,37.211211549025805,126.8321109325758,37.21308191833065,2024-10-24 13:04:04
888,20,36,13,,,126.81576861449756,37.19328539108454,126.82406326157572,37.198956609765474,2024-10-24 13:04:41
889,70,68,13,,,126.83840454158778,37.209986690352224,126.84048225656471,37.20151864940785,2024-10-24 13:05:16
890,14,34,13,,,126.81992001763015,37.207822062976526,126.8215094276021,37.20391561673753,2024-10-24 13:05:27
891,1,8,13,,,126.81537692323936,37.198041765489265,126.82527158051252,37.207157542900916,2024-10-24 13:06:21
892,50,50,13,,,126.82334360587511,37.21154279191529,126.82274225881241,37.21144616476516,2024-10-24 13:06:24
893,27,50,13,,,126.82723771790205,37.2000266896536,126.82309199164979,37.21161119377002,2024-10-24 13:06:49
894,8,62,13,,,126.82491968882478,37.20626015076039,126.83875318570968,37.21186264906279,2024-10-24 13:07:16
895,70,71,13,,,126.83727216854187,37.21027910232698,126.84026001690118,37.20529421489785,2024-10-24 13:08:13
896,72,59,13,,,126.81159357645849,37.20684833843014,126.83254395237464,37.20786840767336,2024-10-24 13:09:01
897,39,50,13,,,126.82187967806797,37.201177989596914,126.82257454256997,37.210854586955136,2024-10-24 13:09:13
898,50,37,13,,,126.82181375034267,37.21052996336894,126.82183219734465,37.197264089765454,2024-10-24 13:10:17
899,70,26,13,,,126.8375528989852,37.20881634568569,126.81781913252692,37.19369200199062,2024-10-24 13:10:39
900,13,45,13,,,126.81683493476157,37.20348589971361,126.82571081633347,37.213190374683414,2024-10-24 13:10:58
901,37,55,13,,,126.82158784493774,37.1964807462972,126.82963695209315,37.20983325411348,2024-10-24 13:11:38
902,30,58,13,,,126.83104398819872,37.19877397010657,126.83539438343823,37.209245195421076,2024-10-24 13:12:03
903,51,26,13,,,126.81993413396083,37.21118525387527,126.81859353885547,37.19325584097211,2024-10-24 13:12:39
904,51,60,13,,,126.81983668911039,37.20961689630351,126.8332119917796,37.213681810732304,2024-10-24 13:13:04
905,21,33,13,,,126.81838459413966,37.19625239086035,126.82866434295104,37.199675085767495,2024-10-24 13:13:16
906,30,45,13,,,126.83269334067089,37.19822261623923,126.82567564212555,37.211880732076175,2024-10-24 13:13:23
907,9,5,13,,,126.81467010911497,37.205268363226565,126.82681787510631,37.20518095222891,2024-10-24 13:13:54
908,26,48,13,,,126.81885753575658,37.19336587646495,126.83023601853677,37.21447402967957,2024-10-24 13:14:22
909,21,72,13,,,126.81803654147743,37.196696698795165,126.81255275852395,37.20680746346211,2024-10-24 13:15:02
910,50,60,13,,,126.82146336091034,37.210518373386954,126.83284669062056,37.2135761621596,2024-10-24 13:16:35
911,37,51,13,,,126.82114706752077,37.19789879016766,126.81974814942355,37.20967221254458,2024-10-24 13:16:53
912,21,33,13,,,126.8195087921115,37.196731256565975,126.82985420776289,37.200792120071974,2024-10-24 13:17:04
913,33,27,13,,,126.82957399780214,37.20061886171307,126.82629885581707,37.1994847683729,2024-10-24 13:17:21
914,26,38,13,,,126.81857931231609,37.19347038130738,126.82416638830874,37.201051560743515,2024-10-24 13:18:23
915,25,10,13,,,126.8215374197134,37.19440410169403,126.81706164800048,37.20859475424003,2024-10-24 13:19:07
916,50,26,13,,,126.82280976605672,37.21103890394095,126.81781876522572,37.1939819047188,2024-10-24 13:19:15
917,51,21,13,,,126.81967484873933,37.21050485728382,126.8186639222888,37.19647627631097,2024-10-24 13:20:07
918,66,56,13,,,126.83833858473218,37.2029210792263,126.83453853905822,37.20507256491854,2024-10-24 13:20:36
919,50,50,13,,,126.8216965970451,37.21237294416846,126.82286882332969,37.211956987830995,2024-10-24 13:21:18
920,26,38,13,,,126.81737678418703,37.19390611167602,126.82433086471347,37.20074121721267,2024-10-24 13:21:32
921,71,58,13,,,126.83935457367089,37.205068515990405,126.83457467381888,37.20846345782302,2024-10-24 13:21:47
922,51,26,13,,,126.82001124358244,37.210861396255574,126.81812812591018,37.19360560362109,2024-10-24 13:21:53
923,51,21,13,,,126.8192453136734,37.210884193950456,126.8194056292042,37.197005572029816,2024-10-24 13:22:05
924,50,55,13,,,126.82296815496699,37.21053064908571,126.82977816606044,37.209281910198676,2024-10-24 13:22:09
925,36,42,13,,,126.82392002133044,37.19885071802636,126.83233014875529,37.196588445484984,2024-10-24 13:22:11
926,26,38,13,,,126.81907682827638,37.19325089522957,126.82369454634481,37.200694017325176,2024-10-24 13:22:12
927,33,31,13,,,126.82942925635392,37.2003863960245,126.82877850182308,37.1984703174016,2024-10-24 13:24:38
928,44,42,13,,,126.82135413338258,37.188355083713994,126.83105067609256,37.19598960588829,2024-10-24 13:25:30
929,36,44,13,,,126.8238725380033,37.198731659890846,126.82132632454659,37.189891130617326,2024-10-24 13:26:00
930,6,16,13,,,126.82500192472355,37.20383616849085,126.82417184580159,37.193689410940685,2024-10-24 13:26:01
931,37,51,13,,,126.82038833146632,37.19662962233927,126.81979153223533,37.21117677108311,2024-10-24 13:27:06
932,9,41,13,,,126.81481253012669,37.20591347177118,126.83473142871708,37.19751452097703,2024-10-24 13:27:10
933,23,38,13,,,126.82145558451451,37.192140517875636,126.82503164075518,37.20047177008234,2024-10-24 13:27:14
934,51,55,13,,,126.81891559301576,37.21070119698978,126.82911990914604,37.20915891755703,2024-10-24 13:27:58
935,35,46,13,,,126.81975855204014,37.201215833382605,126.82960859763769,37.21285440807474,2024-10-24 13:28:06
936,49,10,13,,,126.82688638635918,37.213038757228176,126.81623088981385,37.20861151040559,2024-10-24 13:28:11
937,56,50,13,,,126.8354972288624,37.20628697232548,126.82261324082315,37.21061711372407,2024-10-24 13:28:23
938,48,48,13,,,126.83046805346564,37.214994519735626,126.83066126578173,37.21534379184774,2024-10-24 13:28:49
939,26,2,13,,,126.818434680121,37.193484330731124,126.82171929722959,37.2058745791853,2024-10-24 13:28:53
940,9,1,13,,,126.81432629363506,37.20557124738526,126.81591117385419,37.19906088096739,2024-10-24 13:28:54
941,42,51,13,,,126.8313752914682,37.19573112952623,126.81871577638505,37.20973082420835,2024-10-24 13:30:09
942,64,63,13,,,126.84332152667466,37.20412051829711,126.83635114984676,37.21137459289353,2024-10-24 13:30:14
943,50,39,13,,,126.82336844499062,37.21099483805739,126.82195507787257,37.19963726482042,2024-10-24 13:30:14
944,37,51,13,,,126.82213828633705,37.197985551785,126.81973653613096,37.21091518012716,2024-10-24 13:30:22
945,12,67,13,,,126.82014590193587,37.205354880195166,126.83470108701871,37.2020277815292,2024-10-24 13:30:29
946,37,51,13,,,126.82062851906534,37.19725158183291,126.82015020958055,37.20946559131484,2024-10-24 13:30:44
947,26,70,13,,,126.81761542256281,37.192887469035355,126.83727586669814,37.20969131475715,2024-10-24 13:30:46
948,50,2,13,,,126.8219236424332,37.21173597250298,126.82130744226897,37.20611513632161,2024-10-24 13:31:05
949,60,38,13,,,126.83275029924363,37.21341431251145,126.82475377147107,37.2005279172347,2024-10-24 13:31:18
950,13,69,13,,,126.81643393639395,37.20455941592804,126.83703779503078,37.20585187619319,2024-10-24 13:32:11
951,39,50,13,,,126.82222622886046,37.20017329202115,126.82247646472125,37.21237022881851,2024-10-24 13:32:30
952,23,38,13,,,126.8202505674031,37.19142086760119,126.8235344171808,37.20146713767959,2024-10-24 13:32:31
953,51,9,13,,,126.82065801616962,37.20988473839192,126.81461592732744,37.20601903056155,2024-10-24 13:33:18
954,50,38,13,,,126.82230674310671,37.212496440567506,126.82382934556959,37.2019025618698,2024-10-24 13:34:01
955,21,33,13,,,126.81772145314129,37.19555580275582,126.83020830430777,37.2002542865133,2024-10-24 13:34:33
956,23,18,13,,,126.82121507224015,37.19186442585686,126.8232958185078,37.19521569197331,2024-10-24 13:35:15
957,58,27,13,,,126.83558342333487,37.20765289310244,126.82600846356625,37.19964838083757,2024-10-24 13:35:27
958,43,17,13,,,126.82396960311034,37.19068919372816,126.82634401535677,37.1964574100761,2024-10-24 13:35:43
959,51,32,13,,,126.8202261329387,37.21078583749532,126.83156548393674,37.20105476774964,2024-10-24 13:35:46
960,53,2,13,,,126.82994303929381,37.20654483926523,126.82137330895218,37.204967800015545,2024-10-24 13:35:53
961,58,37,13,,,126.83527313480717,37.208772407629574,126.82137759362716,37.19831861040027,2024-10-24 13:35:55
962,56,56,13,,,126.83404950596734,37.204724225597495,126.83579793667214,37.20525072839069,2024-10-24 13:36:06
963,42,11,13,,,126.83124522045735,37.19573471581169,126.81493532678458,37.20833646956093,2024-10-24 13:36:26
964,31,66,13,,,126.82966088714355,37.19829140629766,126.8374940727857,37.20350800993266,2024-10-24 13:36:27
965,51,26,13,,,126.81869610440513,37.21015361454422,126.81811123136914,37.19380374270279,2024-10-24 13:36:58
966,50,38,13,,,126.82176375875815,37.21144080722837,126.82480334972352,37.20200279101715,2024-10-24 13:37:04
967,50,50,13,,,126.82188599965298,37.211542366181014,126.8217768214359,37.21177755369926,2024-10-24 13:37:31
968,61,21,13,,,126.83279545582383,37.21562810348741,126.81957354834435,37.19565922575483,2024-10-24 13:37:32
969,51,26,13,,,126.81975693960835,37.2097400759484,126.81899198133281,37.19342645897749,2024-10-24 13:37:51
970,9,36,13,,,126.8150795488091,37.205409427225234,126.82449342281032,37.198659634652245,2024-10-24 13:37:52
971,67,60,13,,,126.834827623593,37.202968560704235,126.83281688887436,37.212197785934165,2024-10-24 13:37:58
972,60,21,13,,,126.83210717762684,37.212839580879596,126.81829260793198,37.19662012144281,2024-10-24 13:38:06
973,32,50,13,,,126.83119717536826,37.20084192332994,126.82181030882221,37.21082719743576,2024-10-24 13:38:45
974,25,8,13,,,126.82101869164502,37.19534588036954,126.82544855061457,37.20791938296462,2024-10-24 13:39:13
975,72,25,13,,,126.811086038406,37.20718546076628,126.82082572574956,37.194187908756604,2024-10-24 13:39:16
976,35,53,13,,,126.81910069138101,37.2022730893704,126.8293316549333,37.207255644563304,2024-10-24 13:39:18
977,7,22,13,,,126.82656919851989,37.20722698999283,126.81535786320673,37.19521642222868,2024-10-24 13:39:19
978,21,6,13,,,126.81950325653037,37.196039063339526,126.82460540946175,37.20368814856069,2024-10-24 13:39:47
979,50,60,13,,,126.8229209681723,37.21081049756004,126.83289598767621,37.212506656191906,2024-10-24 13:40:42
980,65,27,13,,,126.83455134261882,37.19949301473069,126.82673002015127,37.19933518488451,2024-10-24 13:41:32
981,37,51,13,,,126.82157041201822,37.196734152435155,126.81931340605479,37.2111903317644,2024-10-24 13:42:11
982,41,52,13,,,126.83499038774721,37.19769377848193,126.83093857825705,37.21742956747131,2024-10-24 13:43:04
983,37,4,13,,,126.82093552328713,37.198039037999074,126.8222988839597,37.208947597888596,2024-10-24 13:43:43
984,37,50,13,,,126.82079569144888,37.19700631641675,126.82192187037501,37.211789802261485,2024-10-24 13:44:34
985,14,40,13,,,126.81989423986671,37.207646016340554,126.83221817456551,37.193494843023025,2024-10-24 13:44:47
986,37,51,13,,,126.82174849735684,37.19692689773116,126.81911580773063,37.21091886860404,2024-10-24 13:45:11
987,20,29,13,,,126.81584158952089,37.19223732247642,126.82732733706021,37.202436002965484,2024-10-24 13:45:42
988,24,69,13,,,126.81811495689279,37.191624108041665,126.83830843321608,37.205736962632756,2024-10-24 13:46:08
989,50,60,13,,,126.82324107174134,37.211737803392055,126.83314641392346,37.21400315788506,2024-10-24 13:46:49
990,26,37,13,,,126.81826753629845,37.19407949850561,126.82129715694612,37.19666434007198,2024-10-24 13:46:51
991,70,71,13,,,126.83845776372881,37.20994522508843,126.84033992287861,37.20417938463855,2024-10-24 13:47:04
992,48,50,13,,,126.83000418705127,37.21511315428787,126.8229969914705,37.21198636745944,2024-10-24 13:47:22
993,2,65,13,,,126.82139083589664,37.205929261798936,126.83503920130995,37.200616170010434,2024-10-24 13:47:37
994,18,52,13,,,126.82306020512566,37.19515233453616,126.83013751848968,37.216631734994756,2024-10-24 13:47:40
995,48,31,13,,,126.83021427988163,37.21521810941532,126.82861618182106,37.19760700175917,2024-10-24 13:48:48
996,53,52,13,,,126.83062285954325,37.20543864621913,126.83064181624195,37.21697708891545,2024-10-24 13:49:00
997,51,21,13,,,126.82049199083623,37.20968885347773,126.81845168120857,37.196313477109356,2024-10-24 13:49:27
998,66,55,13,,,126.83693876022278,37.20297726737281,126.82925672087853,37.20814512137444,2024-10-24 13:49:34
999,23,50,13,,,126.82034424588217,37.19127723507776,126.82304925513243,37.21095892873943,2024-10-24 13:50:12
1000,65,55,13,,,126.83538339369092,37.199519747872785,126.82978073058322,37.209007516056644,2024-10-24 13:50:49
1001,23,38,13,,,126.8216332900535,37.19215933665912,126.8235681813537,37.201317711121995,2024-10-24 13:50:56
1002,21,39,13,,,126.81912787881042,37.19602219436994,126.82227747995965,37.20060209441431,2024-10-24 13:51:42
1003,44,40,13,,,126.82017565447161,37.18883881238189,126.83034117881984,37.192762328682434,2024-10-24 13:52:17
1004,70,71,13,,,126.83857831820444,37.209208308587684,126.84091590580044,37.20485726532539,2024-10-24 13:52:37
1005,67,14,13,,,126.8350638383003,37.203471104139,126.81957835450987,37.2071559195276,2024-10-24 13:52:40
1006,2,8,13,,,126.82179485703435,37.20622674748161,126.82536618555669,37.20679196163927,2024-10-24 13:52:53
1007,13,33,13,,,126.81666433395404,37.20338456804507,126.82972785324449,37.20105989768181,2024-10-24 13:53:39
1008,21,33,13,,,126.81809206797354,37.196369446217254,126.82990105189262,37.20074158964323,2024-10-24 13:54:48
1009,18,51,13,,,126.82311073233112,37.19572529915483,126.81971576044849,37.21098730802092,2024-10-24 13:54:52
1010,51,21,13,,,126.8201610424112,37.21120298103304,126.81833221907313,37.1953855785084,2024-10-24 13:54:59
1011,70,50,13,,,126.83795970751812,37.209140134162084,126.82181424873275,37.211638643549016,2024-10-24 13:55:22
1012,17,21,13,,,126.82639435620152,37.19612018249843,126.81927781647288,37.19536429363778,2024-10-24 13:55:59
1013,50,38,13,,,126.82332857117805,37.21052574465095,126.82393844407395,37.20174907748385,2024-10-24 13:56:32
1014,55,50,13,,,126.83058858935787,37.20827243008512,126.82249541395124,37.21062191405175,2024-10-24 13:56:48
1015,51,56,13,,,126.81905194234776,37.21129498820353,126.8341228400451,37.20470546680086,2024-10-24 13:57:00
1016,24,59,13,,,126.81744161830319,37.1909497424719,126.83328802382367,37.206591156177495,2024-10-24 13:57:05
1017,50,38,13,,,126.82167154982373,37.212001652838424,126.82395369182572,37.200852719597755,2024-10-24 13:57:35
1018,65,9,13,,,126.83498845887547,37.19975500864329,126.81455426764828,37.20530308305544,2024-10-24 13:57:40
1019,37,27,13,,,126.82041897052207,37.19823774981369,126.82625650686681,37.19927230970996,2024-10-24 13:57:57
1020,7,32,13,,,126.82749801700835,37.20719919133806,126.83151483572232,37.20183396676567,2024-10-24 13:58:38
1021,21,50,13,,,126.81780921780312,37.1953975742381,126.82264669776741,37.2106356221965,2024-10-24 13:58:50
1022,45,47,14,,,126.82499407667119,37.21181805023061,126.82800037215405,37.211440601040785,2024-10-24 14:00:06
1023,38,3,14,,,126.82367507022576,37.201564833097244,126.82555123331943,37.209683379952004,2024-10-24 14:00:14
1024,48,69,14,,,126.83010139912288,37.21397154723301,126.83773209762313,37.20651581393264,2024-10-24 14:00:25
1025,7,41,14,,,126.82663994283666,37.208570918760266,126.83487896843346,37.19689538807824,2024-10-24 14:01:39
1026,49,27,14,,,126.82713748961356,37.214326841516446,126.82747410227054,37.20025270933511,2024-10-24 14:01:59
1027,29,39,14,,,126.82675670516505,37.20244181574595,126.82056926414619,37.20089292527113,2024-10-24 14:02:37
1028,18,32,14,,,126.82378007006974,37.195183776870024,126.83178602540534,37.20141364399104,2024-10-24 14:02:42
1029,12,18,14,,,126.8183676316782,37.2042995743636,126.82411429271897,37.19509038470453,2024-10-24 14:02:58
1030,31,51,14,,,126.82989757256347,37.198230191555616,126.81998686776355,37.21034654703635,2024-10-24 14:03:43
1031,55,50,14,,,126.83062061663969,37.20829358248831,126.82318588618173,37.21227503674832,2024-10-24 14:04:11
1032,70,46,14,,,126.83803887441758,37.20958624288772,126.83047200711464,37.211418637561124,2024-10-24 14:05:20
1033,50,37,14,,,126.82185465866485,37.21149462254397,126.82216220016667,37.197327416370385,2024-10-24 14:05:55
1034,39,50,14,,,126.82131834616187,37.1993369677933,126.82272355516282,37.21085701045869,2024-10-24 14:05:59
1035,33,10,14,,,126.8285406165499,37.20111107644735,126.81788586202822,37.209895724623486,2024-10-24 14:06:10
1036,52,69,14,,,126.83095790806468,37.21721135218506,126.8376597456734,37.20730857715953,2024-10-24 14:07:18
1037,44,27,14,,,126.821548509137,37.18912067590638,126.82580488222251,37.19964295198099,2024-10-24 14:07:27
1038,51,60,14,,,126.8196171481151,37.21012227077158,126.83343203229256,37.2123508147687,2024-10-24 14:07:42
1039,68,58,14,,,126.84075432157525,37.20233338198913,126.8355934504082,37.207618780813505,2024-10-24 14:07:43
1040,50,55,14,,,126.82262526409765,37.21053102711016,126.829399704219,37.20914063780257,2024-10-24 14:07:48
1041,45,29,14,,,126.82505709925333,37.21281021592334,126.82684896820851,37.202858887051505,2024-10-24 14:08:51
1042,21,33,14,,,126.81785383425384,37.19575638739236,126.82991448349574,37.200748490518066,2024-10-24 14:08:59
1043,3,11,14,,,126.82423662826203,37.2097279396403,126.8144685726179,37.20804777092383,2024-10-24 14:09:12
1044,21,33,14,,,126.81820144672912,37.19619580283706,126.82921261174808,37.200876520634104,2024-10-24 14:10:25
1045,18,48,14,,,126.82408986205262,37.19472573704125,126.83003948576513,37.21445462997361,2024-10-24 14:10:43
1046,21,60,14,,,126.81869136179643,37.195977865264716,126.83213292384447,37.213906414807425,2024-10-24 14:10:47
1047,37,12,14,,,126.82102196068566,37.19718096097398,126.82007191713669,37.20532518232205,2024-10-24 14:10:54
1048,50,26,14,,,126.82215850672009,37.211642476957486,126.81908233161082,37.19371807431196,2024-10-24 14:11:19
1049,55,50,14,,,126.82914233826503,37.2094377409925,126.82252775075392,37.21236224019333,2024-10-24 14:11:48
1050,26,38,14,,,126.81932439950899,37.19438189699026,126.82414873407254,37.20205397044655,2024-10-24 14:12:05
1051,23,50,14,,,126.82178534632168,37.190845518485,126.82259058319481,37.21173440668619,2024-10-24 14:12:36
1052,15,13,14,,,126.81772025210977,37.2059207075958,126.81698811990589,37.20382906743527,2024-10-24 14:12:43
1053,26,38,14,,,126.81817032255017,37.19298023669807,126.8250197184418,37.20225734260313,2024-10-24 14:13:11
1054,7,59,14,,,126.82661341474301,37.20840227463106,126.8316192764438,37.20783475110309,2024-10-24 14:13:37
1055,50,37,14,,,126.82226692235828,37.21232722136751,126.82122607304943,37.19647347326042,2024-10-24 14:13:47
1056,45,70,14,,,126.82606227941693,37.21318076466415,126.83748631771302,37.20936761157779,2024-10-24 14:14:09
1057,39,21,14,,,126.82078094465052,37.19933674266769,126.81765012330389,37.196649426599464,2024-10-24 14:14:10
1058,50,37,14,,,126.8217293996639,37.21155071451455,126.82033553673925,37.197172035092514,2024-10-24 14:14:45
1059,38,72,14,,,126.82372507415083,37.20208404817116,126.81228210993231,37.20743327292516,2024-10-24 14:16:42
1060,30,27,14,,,126.83156626722267,37.198968334073726,126.82674494463966,37.20005539889787,2024-10-24 14:16:46
1061,33,64,14,,,126.82961142623799,37.20031393242463,126.84184454478749,37.20367641784928,2024-10-24 14:17:04
1062,48,21,14,,,126.83005037844042,37.215324264712805,126.81822452887901,37.196356252097225,2024-10-24 14:17:22
1063,51,39,14,,,126.8194788185844,37.21124511235156,126.82181479355125,37.20063813430997,2024-10-24 14:17:36
1064,1,12,14,,,126.816119911789,37.19724744159398,126.81850816192883,37.20533631194759,2024-10-24 14:17:55
1065,12,34,14,,,126.81955692732268,37.20389483217179,126.82148542818,37.2020709151059,2024-10-24 14:18:31
1066,13,32,14,,,126.81738891908553,37.20403365562389,126.83121500863585,37.201466943006416,2024-10-24 14:18:31
1067,50,26,14,,,126.82205767900821,37.21218199198229,126.81842169058224,37.19327817213316,2024-10-24 14:19:08
1068,58,56,14,,,126.83528894229903,37.20823861992259,126.8352717632841,37.2050342525333,2024-10-24 14:19:53
1069,14,13,14,,,126.8197698504928,37.20833882613982,126.81632458393076,37.20317002959272,2024-10-24 14:19:58
1070,30,46,14,,,126.83134687400626,37.19947828279361,126.8297995208671,37.2112611481563,2024-10-24 14:20:47
1071,50,39,14,,,126.8216659642682,37.21205158009358,126.8221287093501,37.20098250303868,2024-10-24 14:21:11
1072,72,10,14,,,126.81244903769492,37.207402080302,126.81603174391313,37.20940832886296,2024-10-24 14:21:19
1073,59,61,14,,,126.83303634088406,37.20697724826587,126.83395743332781,37.21618410699538,2024-10-24 14:21:36
1074,23,4,14,,,126.8201044807972,37.19247216706181,126.821792983703,37.20774401776471,2024-10-24 14:21:40
1075,50,50,14,,,126.82272162225621,37.21204608786998,126.82169436620187,37.21104582208852,2024-10-24 14:21:47
1076,41,27,14,,,126.8339936790301,37.19693309412973,126.82648419041882,37.19872039209041,2024-10-24 14:22:02
1077,27,4,14,,,126.82740471657172,37.20031860854508,126.82270803825021,37.20854016243853,2024-10-24 14:22:10
1078,43,2,14,,,126.82332300255209,37.19011253961665,126.82215597087374,37.206261287755744,2024-10-24 14:22:28
1079,50,26,14,,,126.82315543311134,37.21209958434215,126.8192923708147,37.193234881658746,2024-10-24 14:22:38
1080,51,26,14,,,126.82012046211715,37.21105427308828,126.8184201140876,37.19386943110877,2024-10-24 14:22:41
1081,20,33,14,,,126.81598329270837,37.19324138687226,126.82907868762113,37.19984137289864,2024-10-24 14:23:19
1082,50,60,14,,,126.82192147837394,37.211599244989095,126.83350415493994,37.21389576731658,2024-10-24 14:23:54
1083,62,16,14,,,126.83760765034984,37.21157478024414,126.82336089577576,37.19193606267173,2024-10-24 14:24:31
1084,60,48,14,,,126.83383194829628,37.21381136306924,126.83055489385764,37.213745560335326,2024-10-24 14:25:12
1085,51,21,14,,,126.81954759623811,37.209526988881656,126.8187689239253,37.19570083882953,2024-10-24 14:26:11
1086,67,18,14,,,126.83405598199987,37.20253783875519,126.8238771163436,37.195898139105175,2024-10-24 14:26:15
1087,52,71,14,,,126.83013615582267,37.21774068464191,126.83937345421172,37.204476038653624,2024-10-24 14:27:21
1088,26,38,14,,,126.81869582240402,37.19297279900266,126.82357797248699,37.20072537959364,2024-10-24 14:28:11
1089,6,58,14,,,126.82408929835945,37.20398221406803,126.83532083376733,37.20810013132783,2024-10-24 14:28:14
1090,23,18,14,,,126.82042013134547,37.19271551441651,126.82436463637367,37.1961802120505,2024-10-24 14:28:15
1091,66,67,14,,,126.83727858459999,37.20415443853155,126.83532454278232,37.20267547366325,2024-10-24 14:29:03
1092,21,52,14,,,126.81952823501838,37.197334244443496,126.83152506513194,37.21684991751825,2024-10-24 14:29:21
1093,60,38,14,,,126.83372638509215,37.21344479412291,126.82433430223116,37.202300290954554,2024-10-24 14:29:40
1094,50,60,14,,,126.8214373595447,37.21060196604263,126.83199706128423,37.21381579649441,2024-10-24 14:30:17
1095,55,50,14,,,126.8308983163526,37.20846486448305,126.82159686343996,37.210639728944834,2024-10-24 14:30:23
1096,37,35,14,,,126.82062213871987,37.197001164786045,126.81994468263123,37.20277044223101,2024-10-24 14:30:27
1097,33,59,14,,,126.82973954216003,37.20084641381494,126.8323570139799,37.2067816416067,2024-10-24 14:30:58
1098,72,47,14,,,126.81158033193394,37.207201328294836,126.82736746761711,37.21131476502922,2024-10-24 14:30:59
1099,40,18,14,,,126.83104712014502,37.19379856751345,126.82425826330804,37.194760672675784,2024-10-24 14:31:05
1100,51,39,14,,,126.82058956128809,37.21036048087975,126.82227583403744,37.19952634843536,2024-10-24 14:31:46
1101,10,17,14,,,126.81642819619506,37.20838375857004,126.82581322215204,37.19684565115741,2024-10-24 14:32:09
1102,49,49,14,,,126.82834396722143,37.21449508208298,126.82771244950001,37.21395406041796,2024-10-24 14:32:42
1103,53,36,14,,,126.829443865786,37.206064531214786,126.8241269742399,37.19913216375584,2024-10-24 14:32:55
1104,55,50,14,,,126.83017870044698,37.20834116219961,126.82157468199068,37.211151269863734,2024-10-24 14:33:13
1105,65,59,14,,,126.83541004019379,37.20032742301204,126.83172208810115,37.20664932908838,2024-10-24 14:33:13
1106,50,38,14,,,126.82205960598078,37.210808669229564,126.82491660646322,37.201286656327134,2024-10-24 14:34:08
1107,19,34,14,,,126.8279902085123,37.19458658531515,126.82148247906481,37.20256960548474,2024-10-24 14:34:13
1108,30,45,14,,,126.83270022945254,37.19946124851336,126.82494341315187,37.211961336641586,2024-10-24 14:35:14
1109,50,48,14,,,126.8216448084852,37.21185394825265,126.83035357016315,37.21519301497162,2024-10-24 14:35:14
1110,50,50,14,,,126.82287048362265,37.21203287404502,126.82289636181363,37.210545474197495,2024-10-24 14:35:32
1111,10,21,14,,,126.81710777722245,37.209838972637236,126.81956128545671,37.19658895682875,2024-10-24 14:35:43
1112,37,4,14,,,126.82171449433885,37.19783816194871,126.82237975388092,37.20963543392318,2024-10-24 14:35:45
1113,70,7,14,,,126.8387860699544,37.210506687495,126.82723130496328,37.20858929581064,2024-10-24 14:35:56
1114,38,19,14,,,126.82438481613757,37.20193462156871,126.82829993680637,37.195021762349675,2024-10-24 14:37:06
1115,63,34,14,,,126.83470426943093,37.21069686235813,126.82181898104307,37.20233238448677,2024-10-24 14:37:12
1116,42,60,14,,,126.83149251754544,37.1952452448885,126.83361496514516,37.21225325813911,2024-10-24 14:37:34
1117,46,13,14,,,126.82963535728355,37.21254026198864,126.81694321564792,37.2039889289742,2024-10-24 14:38:15
1118,6,22,14,,,126.82486401815406,37.20436712653848,126.81503612538616,37.19475463143569,2024-10-24 14:38:18
1119,37,21,14,,,126.82198609162529,37.198166214518274,126.81786589594807,37.195667121035775,2024-10-24 14:38:36
1120,50,60,14,,,126.82152185991474,37.2109901638229,126.83257362704809,37.21323573744613,2024-10-24 14:39:11
1121,67,56,14,,,126.83564086683137,37.20256116434461,126.83531849479323,37.20577921844835,2024-10-24 14:39:20
1122,62,30,14,,,126.83767948647638,37.21214392025766,126.83153817491956,37.198696507998235,2024-10-24 14:40:17
1123,51,21,14,,,126.82007491454151,37.210678330509936,126.81828792982624,37.19623454537405,2024-10-24 14:40:27
1124,51,64,14,,,126.8197105640796,37.21056874564632,126.84294510290569,37.203064850322534,2024-10-24 14:41:15
1125,27,50,14,,,126.82639029107754,37.20005572229457,126.82260238392163,37.211126308658,2024-10-24 14:41:30
1126,44,72,14,,,126.82010912932418,37.18967353769505,126.81188835544302,37.207326287452084,2024-10-24 14:41:33
1127,39,50,14,,,126.82188412594621,37.20056075429016,126.82250372856723,37.21164507885195,2024-10-24 14:41:43
1128,60,43,14,,,126.83270454409517,37.21398205497607,126.82286207945931,37.18931354554395,2024-10-24 14:41:44
1129,24,29,14,,,126.81759399223478,37.19017437137101,126.826572008649,37.20277527333386,2024-10-24 14:41:48
1130,49,56,14,,,126.8284799071548,37.21358399184932,126.83483366985885,37.206434776495826,2024-10-24 14:42:49
1131,57,54,14,,,126.83273758211529,37.20518179973807,126.8325778372651,37.21051523728138,2024-10-24 14:43:25
1132,23,50,14,,,126.82036102746478,37.1926596221029,126.82159291703799,37.21205872944512,2024-10-24 14:43:28
1133,50,50,14,,,126.82202113491199,37.21228478484403,126.82193267324963,37.21088560495442,2024-10-24 14:43:36
1134,25,50,14,,,126.82174133980674,37.19435626150055,126.82165439961699,37.211483404869306,2024-10-24 14:44:20
1135,38,64,14,,,126.82398915100694,37.20127113642087,126.84271676094195,37.2024122881928,2024-10-24 14:45:01
1136,71,29,14,,,126.83921157746933,37.20590947862544,126.82744968246121,37.20266789289173,2024-10-24 14:45:18
1137,65,19,14,,,126.83348329564454,37.1992626679254,126.82815418089152,37.195331607242565,2024-10-24 14:45:44
1138,20,51,14,,,126.81592047839145,37.19267193302902,126.81917538636402,37.20987424508512,2024-10-24 14:46:17
1139,24,65,14,,,126.8173978004213,37.19127220117304,126.83439761713628,37.20070384609034,2024-10-24 14:46:58
1140,11,48,14,,,126.8133626882772,37.20865464378068,126.83076189002593,37.21490988359377,2024-10-24 14:47:27
1141,33,27,14,,,126.82910040680703,37.20075859707345,126.82567936696563,37.19923198059968,2024-10-24 14:47:31
1142,51,26,14,,,126.81960583308918,37.21035594094097,126.81877357603398,37.19389664652751,2024-10-24 14:47:41
1143,14,17,14,,,126.81910194014192,37.2068032126778,126.8264687407366,37.19750318573266,2024-10-24 14:48:26
1144,50,50,14,,,126.82161104614643,37.21223013408005,126.82146743409963,37.21112247631088,2024-10-24 14:48:43
1145,44,66,14,,,126.82145759259518,37.189355250311856,126.83694417048916,37.20488049845304,2024-10-24 14:49:25
1146,50,26,14,,,126.8224897285889,37.211856908924474,126.81850793951418,37.192565127438826,2024-10-24 14:49:29
1147,33,66,14,,,126.82854260325507,37.19991287129803,126.83709568265986,37.2038067384044,2024-10-24 14:50:03
1148,8,5,14,,,126.82551441878527,37.20605966962599,126.82781495387185,37.206069476105114,2024-10-24 14:50:29
1149,28,2,14,,,126.8296106642134,37.203625189323745,126.82234008848492,37.20615241641003,2024-10-24 14:50:41
1150,50,37,14,,,126.82309501312746,37.21111707651411,126.82080374150034,37.19784328374078,2024-10-24 14:51:18
1151,51,26,14,,,126.8198302433522,37.210948245697736,126.8189578452261,37.19271352292656,2024-10-24 14:51:35
1152,37,33,14,,,126.82109991004961,37.197847698686914,126.82985153422214,37.200284819475236,2024-10-24 14:52:30
1153,6,32,14,,,126.82476215859046,37.20399526432556,126.83122428551248,37.201898541196265,2024-10-24 14:53:01
1154,55,11,14,,,126.83012097184833,37.21007292693106,126.8147141775657,37.207941534985935,2024-10-24 14:53:32
1155,51,58,14,,,126.81934418692487,37.21114097231604,126.83426380986688,37.208433668067265,2024-10-24 14:53:50
1156,7,46,14,,,126.82659306925902,37.20791597638661,126.83084702525669,37.211017930054766,2024-10-24 14:54:48
1157,66,6,14,,,126.83728185319032,37.20373965250091,126.82460154167116,37.204712989712355,2024-10-24 14:55:01
1158,45,42,14,,,126.8252831169179,37.21194145042495,126.83250939917615,37.19653256729047,2024-10-24 14:55:09
1159,55,50,14,,,126.83062628091736,37.2093053273087,126.8226693524032,37.211155330161034,2024-10-24 14:55:34
1160,50,6,14,,,126.82286454346463,37.211328419805845,126.82399137013904,37.20480534433523,2024-10-24 14:55:34
1161,20,17,14,,,126.81655770258688,37.19342775941519,126.82585678484153,37.19766787307832,2024-10-24 14:55:37
1162,9,56,14,,,126.81378907502588,37.205017277087805,126.83451896580823,37.206251480840216,2024-10-24 14:55:59
1163,63,58,14,,,126.83603737459185,37.21212339429432,126.83612799155526,37.20776718918391,2024-10-24 14:57:34
1164,67,53,14,,,126.83510865993041,37.20328905105423,126.83061556637294,37.20583539919349,2024-10-24 14:57:48
1165,50,50,14,,,126.8215535259555,37.21168908883675,126.82147165371235,37.21143426548014,2024-10-24 14:57:53
1166,39,50,14,,,126.82164061774502,37.19930376925128,126.8220415963479,37.21170708460295,2024-10-24 14:58:17
1167,21,33,14,,,126.8189537453792,37.195619092126215,126.83013339880823,37.20146306920382,2024-10-24 14:58:53
1168,21,40,15,,,126.8194565033467,37.19637363884896,126.83119885818475,37.19328125680318,2024-10-24 15:00:15
1169,21,38,15,,,126.81787438975113,37.19713589762882,126.82503463572259,37.20160038297983,2024-10-24 15:01:16
1170,51,26,15,,,126.8191593208747,37.211162976531746,126.81864248829227,37.19442258800188,2024-10-24 15:01:30
1171,51,21,15,,,126.82063381395876,37.210005728014096,126.81784073593784,37.19642574275917,2024-10-24 15:01:32
1172,56,56,15,,,126.83559048354053,37.2054461791368,126.83409369197072,37.205534864675265,2024-10-24 15:01:41
1173,2,16,15,,,126.82109688371752,37.205443260069806,126.82420035528563,37.19288488540611,2024-10-24 15:01:51
1174,14,20,15,,,126.81953361490775,37.20679873389559,126.81635790775616,37.192154692431465,2024-10-24 15:02:48
1175,58,27,15,,,126.83452337896207,37.20867495702145,126.82719210945157,37.199637926418866,2024-10-24 15:03:45
1176,17,5,15,,,126.8267188304834,37.19764665117705,126.82797842708705,37.20588693498907,2024-10-24 15:03:52
1177,29,18,15,,,126.82613595958516,37.201642008542606,126.82411383091339,37.195519301238996,2024-10-24 15:04:18
1178,51,21,15,,,126.82046262271011,37.20979609629503,126.81835804620589,37.19551749034334,2024-10-24 15:04:28
1179,72,55,15,,,126.81136538617069,37.20737378472086,126.82985868648288,37.20907348828955,2024-10-24 15:04:33
1180,16,4,15,,,126.82269286229247,37.19189761600954,126.82204749321863,37.207892865641504,2024-10-24 15:04:38
1181,50,37,15,,,126.82276087544957,37.211270272211,126.82085392662957,37.197485444365064,2024-10-24 15:04:49
1182,37,51,15,,,126.82198620878732,37.19766144559091,126.8197097462609,37.21139295337561,2024-10-24 15:06:31
1183,14,62,15,,,126.81963938187101,37.207114693091924,126.83839381409541,37.21227760079721,2024-10-24 15:06:42
1184,21,33,15,,,126.81771750585452,37.19541259463229,126.82986874770805,37.20112087316735,2024-10-24 15:07:03
1185,39,23,15,,,126.8223341550056,37.200719738837435,126.82138441917168,37.1911448972585,2024-10-24 15:07:07
1186,18,50,15,,,126.82322791081981,37.19608029985784,126.82325173829213,37.211434424829754,2024-10-24 15:07:34
1187,51,32,15,,,126.81930765475705,37.21121595297592,126.8314527896459,37.20232504013343,2024-10-24 15:09:00
1188,39,50,15,,,126.82087274215996,37.20015438545382,126.82191876323427,37.2112176940461,2024-10-24 15:09:18
1189,64,26,15,,,126.8427124281474,37.20392450142272,126.81795960650692,37.19281496914378,2024-10-24 15:09:31
1190,23,38,15,,,126.81986416434648,37.19086451861933,126.82364581853818,37.20231247956057,2024-10-24 15:09:33
1191,10,34,15,,,126.81765362464837,37.20952935052347,126.82221366047928,37.20372947519461,2024-10-24 15:09:54
1192,55,50,15,,,126.83084217203931,37.21000809458675,126.82331967449892,37.21081262021008,2024-10-24 15:09:55
1193,61,34,15,,,126.83297571103887,37.21625691668486,126.82073251946774,37.20282647199189,2024-10-24 15:10:05
1194,51,71,15,,,126.8189284994173,37.20974189855665,126.8402044639745,37.20597620260765,2024-10-24 15:10:28
1195,38,72,15,,,126.82325507947822,37.20165999771152,126.81121199618973,37.20746572374725,2024-10-24 15:10:54
1196,50,37,15,,,126.82309521839476,37.21190712265099,126.8203095736146,37.19791817710438,2024-10-24 15:11:02
1197,63,48,15,,,126.83629817056482,37.211885775778946,126.83122769099504,37.214591538104,2024-10-24 15:11:10
1198,2,8,15,,,126.82224450315663,37.20601534875196,126.82509129710947,37.206534100016675,2024-10-24 15:11:32
1199,41,39,15,,,126.83434131160267,37.19735219817048,126.82130782459893,37.19969830965684,2024-10-24 15:11:36
1200,51,21,15,,,126.82060791860752,37.20999613450558,126.81812856667266,37.195561602684215,2024-10-24 15:12:12
1201,10,3,15,,,126.81773420596888,37.20993700635256,126.82400921413802,37.209451790627035,2024-10-24 15:12:20
1202,51,50,15,,,126.82037332810143,37.211365801308716,126.82271208610427,37.21188623221311,2024-10-24 15:12:26
1203,39,50,15,,,126.82092575783076,37.199989969843564,126.82234818960411,37.21144249419484,2024-10-24 15:13:39
1204,10,45,15,,,126.81769384318329,37.209493777127385,126.82459309639427,37.211690287534736,2024-10-24 15:14:23
1205,16,38,15,,,126.82300125698781,37.19332419449956,126.82440764272287,37.20038779596633,2024-10-24 15:14:58
1206,50,50,15,,,126.82267745097298,37.211579781327714,126.82288392845264,37.21197527380432,2024-10-24 15:16:17
1207,37,12,15,,,126.8214818226444,37.198299782932054,126.818607412513,37.203863904098434,2024-10-24 15:16:19
1208,15,47,15,,,126.81696411794711,37.20699158410731,126.82720024860896,37.21023698730359,2024-10-24 15:16:30
1209,72,56,15,,,126.8115939485763,37.20743199416902,126.83414789707614,37.206031409490286,2024-10-24 15:17:36
1210,2,24,15,,,126.82216345890427,37.20537373070998,126.81764353860743,37.19026298290318,2024-10-24 15:18:58
1211,45,64,15,,,126.8249205261356,37.211610643675584,126.84201221962115,37.20399867530025,2024-10-24 15:19:03
1212,55,62,15,,,126.83049487277137,37.210051727593054,126.83837700732005,37.2133435150824,2024-10-24 15:19:47
1213,41,23,15,,,126.83481489425697,37.19740322724447,126.82103649131638,37.19206912046983,2024-10-24 15:20:08
1214,50,37,15,,,126.82337727749086,37.21097863846727,126.82159881788385,37.19645546404007,2024-10-24 15:20:11
1215,1,48,15,,,126.81624367810437,37.19853122704722,126.83038115440583,37.21386670923342,2024-10-24 15:20:45
1216,55,37,15,,,126.82928243788932,37.21006856160473,126.82221167802491,37.19732046190473,2024-10-24 15:21:38
1217,39,51,15,,,126.82186885337319,37.19949332859719,126.81896766774638,37.209538692569474,2024-10-24 15:22:55
1218,24,60,15,,,126.81721525623315,37.19128810573737,126.83351035667465,37.21224558589654,2024-10-24 15:23:03
1219,61,40,15,,,126.83407547733914,37.21552769920704,126.83050194011163,37.19404850136693,2024-10-24 15:23:32
1220,51,21,15,,,126.82017008323554,37.21025964907626,126.81795480251762,37.19538583743995,2024-10-24 15:23:40
1221,50,60,15,,,126.8223865061166,37.212296379751336,126.83200506925702,37.21285506992931,2024-10-24 15:24:04
1222,21,60,15,,,126.81818233735322,37.19600975226871,126.83389018085562,37.21211960102546,2024-10-24 15:24:30
1223,50,38,15,,,126.82146112284212,37.21143121942545,126.82446519359227,37.201052578433085,2024-10-24 15:24:57
1224,51,3,15,,,126.82058539539234,37.2110191968646,126.8257221629806,37.210383686389626,2024-10-24 15:25:07
1225,51,37,15,,,126.82023416422193,37.21136083722696,126.82096698845785,37.19651824158416,2024-10-24 15:25:23
1226,50,60,15,,,126.8223518279826,37.21119096683875,126.83214156813155,37.21306257687731,2024-10-24 15:25:27
1227,70,71,15,,,126.83763765447665,37.208716425856046,126.83988444166043,37.205817477524135,2024-10-24 15:25:39
1228,18,32,15,,,126.82452103377229,37.196001781848345,126.83293355678718,37.20187864233035,2024-10-24 15:25:39
1229,23,38,15,,,126.82041117582587,37.192114590219376,126.82338238430901,37.20109992189164,2024-10-24 15:26:13
1230,21,53,15,,,126.81921263451902,37.19725118353489,126.82989692524066,37.20626103098053,2024-10-24 15:26:14
1231,23,38,15,,,126.82089453922995,37.19091910730376,126.82423672836904,37.20093517420053,2024-10-24 15:26:32
1232,12,62,15,,,126.81853771124095,37.204737840836,126.83706695793734,37.213095939082024,2024-10-24 15:26:37
1233,26,64,15,,,126.81930485076867,37.19317616045993,126.84179121553733,37.20340541237896,2024-10-24 15:27:26
1234,51,26,15,,,126.82000618575103,37.21057679834135,126.81832544101304,37.19410133930374,2024-10-24 15:28:06
1235,10,38,15,,,126.81648607199104,37.20987899791802,126.82444399760851,37.20120008245805,2024-10-24 15:28:11
1236,37,50,15,,,126.82073202468179,37.19643274379372,126.82243977221415,37.2107355293206,2024-10-24 15:28:35
1237,21,33,15,,,126.81886335753418,37.19577964583943,126.82974507401292,37.201491001310046,2024-10-24 15:29:26
1238,47,28,15,,,126.82830908065908,37.211006069994404,126.8288362848466,37.203664863685574,2024-10-24 15:29:38
1239,39,19,15,,,126.82171807101508,37.19974166862724,126.82877248437407,37.19581498794385,2024-10-24 15:29:40
1240,39,50,15,,,126.82234020654705,37.19952878761173,126.82215403478008,37.21141049542033,2024-10-24 15:29:45
1241,53,7,15,,,126.82913143063581,37.20581771269173,126.82637081048595,37.208156530660986,2024-10-24 15:30:05
1242,9,55,15,,,126.81345333101102,37.20518144056991,126.82945894122146,37.20967757188922,2024-10-24 15:30:29
1243,50,37,15,,,126.82165662200165,37.21142803496017,126.82063063814361,37.19782987349104,2024-10-24 15:31:03
1244,51,39,15,,,126.81993192520741,37.211331816841195,126.82155506568512,37.199560484832766,2024-10-24 15:31:07
1245,23,38,15,,,126.82039335247174,37.19231402820383,126.82427779921886,37.200725953383994,2024-10-24 15:31:22
1246,37,51,15,,,126.82157940098392,37.19796426627738,126.81908210273372,37.20997224229806,2024-10-24 15:31:41
1247,71,58,15,,,126.84038724055624,37.20423701038019,126.83449182408295,37.208034032668685,2024-10-24 15:32:15
1248,39,26,15,,,126.82062615131115,37.200268712503025,126.81824278601533,37.19299829023999,2024-10-24 15:33:06
1249,33,26,15,,,126.82832872136717,37.199827228079805,126.81876662672673,37.194379964490466,2024-10-24 15:33:14
1250,37,18,15,,,126.82043678905443,37.1976477033465,126.82332363887525,37.19634195978697,2024-10-24 15:34:07
1251,72,67,15,,,126.81067695731075,37.207641916615174,126.83484770892633,37.20234629866203,2024-10-24 15:34:59
1252,50,37,15,,,126.82272868010547,37.21239115813475,126.82048267975459,37.19819955952307,2024-10-24 15:35:08
1253,45,59,15,,,126.82605563407724,37.21256006275877,126.83312162561708,37.20756093933988,2024-10-24 15:35:37
1254,55,50,15,,,126.83082741741173,37.20871563601769,126.82237820800398,37.211309638337625,2024-10-24 15:36:25
1255,55,51,15,,,126.829649110752,37.21006371855096,126.81964248609505,37.21083029184338,2024-10-24 15:37:17
1256,29,24,15,,,126.82634077519891,37.201730529817006,126.81739636892036,37.19087652027706,2024-10-24 15:37:46
1257,70,71,15,,,126.83795456584795,37.20946376922791,126.83945392875547,37.205818400753344,2024-10-24 15:37:56
1258,47,69,15,,,126.82736097910953,37.21164363952296,126.83857680154861,37.20581216367141,2024-10-24 15:39:09
1259,39,42,15,,,126.82088193510526,37.199890849696445,126.83120225377486,37.196469098247206,2024-10-24 15:39:34
1260,33,41,15,,,126.82914671786186,37.201439613148295,126.83478092574397,37.19781077888528,2024-10-24 15:40:31
1261,60,38,15,,,126.83378295359124,37.213219367322786,126.82389097801381,37.2021366063417,2024-10-24 15:41:10
1262,21,33,15,,,126.81886764755443,37.19612814173357,126.82939553769101,37.1998826438016,2024-10-24 15:41:39
1263,14,56,15,,,126.8201877395497,37.208440089286945,126.83444290533956,37.20531285410618,2024-10-24 15:41:40
1264,17,36,15,,,126.82732121012175,37.196013220504085,126.82415440541054,37.19767710509418,2024-10-24 15:43:33
1265,18,54,15,,,126.82471173408915,37.195595880120656,126.83305633140817,37.210732192753575,2024-10-24 15:43:36
1266,23,19,15,,,126.82088268772864,37.190974455991714,126.82802710268795,37.19595667980115,2024-10-24 15:44:10
1267,26,20,15,,,126.81769764224774,37.192788766044984,126.81528410386028,37.1915469522371,2024-10-24 15:44:17
1268,25,26,15,,,126.82185143869815,37.19364646871203,126.81783850933301,37.193764434744004,2024-10-24 15:44:38
1269,21,38,15,,,126.81787989614813,37.1961238404849,126.82395150900682,37.20097937417991,2024-10-24 15:45:22
1270,51,26,15,,,126.82037848048846,37.21081311629165,126.81796130890635,37.19341820318527,2024-10-24 15:45:27
1271,24,61,15,,,126.81900980674547,37.19075878795213,126.83319355286942,37.21656538919932,2024-10-24 15:45:33
1272,21,30,15,,,126.81822348945582,37.19688263386134,126.83092303894948,37.198254860831845,2024-10-24 15:45:34
1273,60,34,15,,,126.83384782827689,37.21392445907603,126.82168906860606,37.20284309398122,2024-10-24 15:45:50
1274,71,65,15,,,126.83911229880229,37.20527822822275,126.83444619058973,37.20054100633005,2024-10-24 15:46:57
1275,23,38,15,,,126.81998316010487,37.19151164428507,126.82463949664158,37.20158529497949,2024-10-24 15:47:01
1276,15,48,15,,,126.81641320902064,37.20750938688978,126.82945178567525,37.21376502968545,2024-10-24 15:47:07
1277,34,50,15,,,126.820994313608,37.20230803159381,126.82228021243432,37.21104241317035,2024-10-24 15:47:15
1278,51,21,15,,,126.81899566088546,37.20971529721616,126.81948089073398,37.19575138515999,2024-10-24 15:47:35
1279,50,38,15,,,126.8227980484442,37.210634525503494,126.82513135152003,37.20072913762746,2024-10-24 15:48:07
1280,50,60,15,,,126.82303013220827,37.21156432263309,126.83280010602829,37.21380811407584,2024-10-24 15:48:27
1281,62,1,15,,,126.8385262872102,37.21313099336352,126.81600127428464,37.19790850317006,2024-10-24 15:49:41
1282,56,50,15,,,126.83398889153501,37.20560088175973,126.82161312636796,37.21185653034908,2024-10-24 15:49:56
1283,48,50,15,,,126.82950207445073,37.21528108648879,126.82233791285073,37.21156275712776,2024-10-24 15:50:04
1284,25,8,15,,,126.82188671256532,37.19476703412291,126.82389971789968,37.206024348934115,2024-10-24 15:50:35
1285,7,17,15,,,126.82665066000396,37.20725465498472,126.8257078906732,37.19695318049254,2024-10-24 15:50:36
1286,11,35,15,,,126.81517082974948,37.20915363686577,126.81939083478935,37.201440681027606,2024-10-24 15:50:56
1287,50,37,15,,,126.82327156515936,37.211040092436306,126.82184970417366,37.19750847392406,2024-10-24 15:51:23
1288,50,26,15,,,126.8228429467401,37.21052535965816,126.8176185682334,37.19442755836911,2024-10-24 15:51:24
1289,58,37,15,,,126.83417817676197,37.20801450894047,126.82115166283101,37.19750042829948,2024-10-24 15:52:22
1290,21,33,15,,,126.8183538620557,37.19546764760278,126.82883075058906,37.20165769999859,2024-10-24 15:53:03
1291,39,50,15,,,126.820939996442,37.199459170803884,126.82220456508702,37.21097475039803,2024-10-24 15:53:10
1292,50,37,15,,,126.82262028459631,37.21186984403787,126.82212523319838,37.19709499306347,2024-10-24 15:53:46
1293,71,54,15,,,126.83958076767968,37.203993549881446,126.83334037456726,37.21110552768611,2024-10-24 15:54:00
1294,33,10,15,,,126.82953915638805,37.20136051628486,126.81604143776536,37.20989358561503,2024-10-24 15:54:00
1295,26,38,15,,,126.81857559600863,37.192722275058664,126.82329676350618,37.20199041675525,2024-10-24 15:54:10
1296,37,59,15,,,126.8219483100562,37.19672203854512,126.83244267724021,37.208200746340644,2024-10-24 15:54:22
1297,14,14,15,,,126.8198280150138,37.207501646501356,126.81983678082513,37.208527530699726,2024-10-24 15:54:25
1298,50,13,15,,,126.82157537257949,37.21189382068781,126.8157293645727,37.20369826243929,2024-10-24 15:54:28
1299,1,17,15,,,126.81545128188344,37.197666519510285,126.82660089248427,37.197159742567315,2024-10-24 15:54:29
1300,56,38,15,,,126.83572249128397,37.20577338232282,126.82454714223847,37.2012039235097,2024-10-24 15:54:35
1301,26,57,15,,,126.81802783045028,37.192932972858145,126.83269928348653,37.205233912898294,2024-10-24 15:54:55
1302,21,33,15,,,126.8184578308658,37.19587220254794,126.83017144597389,37.20064922643717,2024-10-24 15:55:29
1303,26,48,15,,,126.81834743122289,37.19274035297842,126.8298759783904,37.21534222415178,2024-10-24 15:55:48
1304,10,64,15,,,126.81634537790633,37.208570251068565,126.84211929099327,37.20305096796355,2024-10-24 15:55:56
1305,70,71,15,,,126.83792646705217,37.209303068364,126.84070791024317,37.204073122360406,2024-10-24 15:56:49
1306,23,50,15,,,126.82174658341525,37.19241667821565,126.82205794438407,37.21053335024706,2024-10-24 15:56:57
1307,71,18,15,,,126.84004361460343,37.2051590730402,126.82317027978515,37.19616870463666,2024-10-24 15:56:58
1308,27,56,15,,,126.826056006415,37.2005144435146,126.83425562500553,37.20473409238438,2024-10-24 15:57:06
1309,21,49,15,,,126.81920123250818,37.19679840768536,126.82720115213768,37.21280295534792,2024-10-24 15:57:37
1310,41,14,15,,,126.83407224798563,37.19712702386994,126.8189107353318,37.208124684420184,2024-10-24 15:58:08
1311,64,55,15,,,126.84218739021769,37.2033040804512,126.83016790724227,37.20997882247006,2024-10-24 15:59:13
1312,50,60,15,,,126.8217989621235,37.212418721137354,126.83234702371563,37.21349924510837,2024-10-24 15:59:28
1313,50,37,15,,,126.82230796574709,37.21124135459638,126.82198151196913,37.1976904083169,2024-10-24 15:59:29
1314,13,42,16,,,126.8170778495936,37.204257076968524,126.83076651862075,37.19520042703707,2024-10-24 16:01:17
1315,72,10,16,,,126.81096774851746,37.20788069374054,126.81658004889081,37.20989724743003,2024-10-24 16:01:24
1316,42,64,16,,,126.83236134271989,37.19640618833218,126.84299545616253,37.202323097221544,2024-10-24 16:01:26
1317,50,37,16,,,126.82267358755091,37.21234673837894,126.82207443622816,37.19767685842619,2024-10-24 16:01:34
1318,39,9,16,,,126.82209150868007,37.19975569876274,126.81345450272482,37.205759248335255,2024-10-24 16:01:59
1319,23,50,16,,,126.82113225718949,37.19114686038812,126.82314877463043,37.212059278614234,2024-10-24 16:02:14
1320,15,24,16,,,126.81712184221198,37.20565545191812,126.81869436879447,37.19122164921645,2024-10-24 16:02:57
1321,66,17,16,,,126.83644152037789,37.20336766265949,126.82681754517142,37.196290088168766,2024-10-24 16:03:43
1322,37,24,16,,,126.82098929600545,37.19746814288263,126.81743057247425,37.19000803605119,2024-10-24 16:04:05
1323,38,21,16,,,126.82486078224139,37.201587567417974,126.81815077039427,37.195876742360234,2024-10-24 16:04:23
1324,39,50,16,,,126.82108039066428,37.199866714616206,126.82328955112608,37.21062767706898,2024-10-24 16:05:43
1325,17,32,16,,,126.82689801547227,37.19606075419706,126.83215872847484,37.20130125604268,2024-10-24 16:06:11
1326,47,7,16,,,126.8279223997779,37.2114959376658,126.8270051450018,37.20804422520398,2024-10-24 16:06:51
1327,23,55,16,,,126.82079454255913,37.191930832489305,126.83006533423219,37.20922008427603,2024-10-24 16:07:28
1328,50,21,16,,,126.8224121059544,37.21081615855407,126.81923792396319,37.19728220201671,2024-10-24 16:07:33
1329,42,10,16,,,126.8313984464901,37.19574837304833,126.81793680779275,37.209703739234804,2024-10-24 16:07:42
1330,18,51,16,,,126.82334979988694,37.196211811483494,126.81973411991021,37.21035119252224,2024-10-24 16:07:42
1331,10,6,16,,,126.81785699661818,37.209975951827836,126.82401582957746,37.20409416932304,2024-10-24 16:07:57
1332,23,50,16,,,126.82044255353117,37.19156038179557,126.82229868664994,37.21125318680108,2024-10-24 16:08:07
1333,11,55,16,,,126.81361062992484,37.20897076373506,126.82923723782211,37.20856566533999,2024-10-24 16:08:47
1334,12,43,16,,,126.81909702172429,37.205750880809624,126.82249715452205,37.1905844815254,2024-10-24 16:08:53
1335,48,65,16,,,126.82983498397819,37.21375002531476,126.83461170883018,37.19962266469393,2024-10-24 16:09:17
1336,7,67,16,,,126.82704746069885,37.20806789766869,126.83436502611505,37.20279702234362,2024-10-24 16:09:20
1337,59,29,16,,,126.83207418678072,37.20689858961873,126.82685190721489,37.203357550767464,2024-10-24 16:09:40
1338,1,57,16,,,126.81687290008664,37.19771664584191,126.83155004438414,37.203833115790104,2024-10-24 16:09:58
1339,66,69,16,,,126.83655695163797,37.203155250036424,126.83695556446976,37.20746006149969,2024-10-24 16:10:06
1340,38,51,16,,,126.82437131281488,37.20083260571103,126.81892178190094,37.210231121008704,2024-10-24 16:10:57
1341,8,13,16,,,126.82392564678463,37.20615542931542,126.81594001509477,37.203149919355894,2024-10-24 16:11:07
1342,23,50,16,,,126.82008241161995,37.19177608125936,126.82235428402569,37.211931960054436,2024-10-24 16:11:12
1343,63,43,16,,,126.83634657935018,37.21090551604767,126.82257623962589,37.190585784977145,2024-10-24 16:11:15
1344,68,29,16,,,126.84047598958891,37.20267271772914,126.82717976133732,37.20252701234206,2024-10-24 16:11:29
1345,21,38,16,,,126.81952709618862,37.195472293665354,126.8243587699354,37.20099697573394,2024-10-24 16:11:31
1346,5,67,16,,,126.82727497414459,37.20574539547318,126.83432961365376,37.20216149613551,2024-10-24 16:12:30
1347,38,61,16,,,126.8247629377959,37.2003751207886,126.83309119478764,37.21544607027582,2024-10-24 16:13:06
1348,68,46,16,,,126.84077410078524,37.2023399392081,126.83035225703868,37.2119802057661,2024-10-24 16:14:29
1349,54,16,16,,,126.83238049179172,37.21013533934061,126.82383904786107,37.193086442116446,2024-10-24 16:16:01
1350,51,39,16,,,126.81959661813059,37.209890360381,126.82165023846883,37.19973554098716,2024-10-24 16:17:52
1351,61,1,16,,,126.83364355792058,37.21605085228144,126.81574228618952,37.197604799500056,2024-10-24 16:17:58
1352,2,22,16,,,126.82220435765397,37.20559195565694,126.81499026722685,37.19617245247217,2024-10-24 16:18:36
1353,46,15,16,,,126.83085707697721,37.21266106412951,126.81672885193167,37.20740394803616,2024-10-24 16:18:42
1354,25,55,16,,,126.82009337491499,37.19424930826524,126.83066041776384,37.20820275338279,2024-10-24 16:19:25
1355,32,46,16,,,126.83159386630771,37.20127681492115,126.83081988745552,37.2120752163393,2024-10-24 16:19:37
1356,5,15,16,,,126.82795008320802,37.20527524137468,126.81731955424026,37.206550690181906,2024-10-24 16:19:54
1357,6,1,16,,,126.82476261694833,37.2047887768565,126.81648715299671,37.19767942823695,2024-10-24 16:21:35
1358,27,71,16,,,126.82694507831316,37.198659813978146,126.84008493327845,37.204833602611494,2024-10-24 16:22:15
1359,18,69,16,,,126.82349080157577,37.19567641818777,126.83806660338524,37.20663760681347,2024-10-24 16:22:23
1360,70,28,16,,,126.8381813578888,37.20859145363595,126.82932668504857,37.20384259924039,2024-10-24 16:22:26
1361,40,49,16,,,126.83180121555719,37.19396456622571,126.82823737640207,37.21427443919256,2024-10-24 16:22:28
1362,33,10,16,,,126.829447129967,37.20021251272806,126.81686438889339,37.20940038965387,2024-10-24 16:22:59
1363,57,51,16,,,126.83148726574788,37.205317914506274,126.81975551234947,37.210054023903794,2024-10-24 16:23:09
1364,32,18,16,,,126.83159826756486,37.20107975915766,126.82312475659569,37.19662784809605,2024-10-24 16:23:10
1365,11,16,16,,,126.8139352797705,37.20760154763591,126.82273465855499,37.19336261362004,2024-10-24 16:23:21
1366,34,26,16,,,126.82201121151263,37.203645550254095,126.81896139765368,37.19313138460712,2024-10-24 16:23:42
1367,26,48,16,,,126.81852107818601,37.19414679743303,126.83068513934235,37.21527426174782,2024-10-24 16:23:48
1368,17,34,16,,,126.82640688827689,37.19609075491365,126.82119178292986,37.20351135493433,2024-10-24 16:24:02
1369,11,4,16,,,126.8142097870675,37.20753516128055,126.82220185103063,37.20966021454063,2024-10-24 16:24:45
1370,39,50,16,,,126.82225587101846,37.200582249214676,126.82305899511961,37.211294303776334,2024-10-24 16:24:48
1371,18,32,16,,,126.82309149089986,37.196085258404075,126.8312138747791,37.202093556118115,2024-10-24 16:25:01
1372,31,15,16,,,126.82873506400767,37.19799099272003,126.81676338660004,37.20571840854195,2024-10-24 16:25:47
1373,26,70,16,,,126.8180434302849,37.19272239067636,126.83752127172008,37.20925426146008,2024-10-24 16:25:58
1374,44,26,16,,,126.82142566263235,37.189832956556046,126.81922578903904,37.19312946688111,2024-10-24 16:26:49
1375,50,37,16,,,126.82326888848199,37.21225329370104,126.82070972093409,37.198192286572045,2024-10-24 16:26:51
1376,21,33,16,,,126.81889377772681,37.196218989543844,126.82860100850074,37.199835794684546,2024-10-24 16:27:03
1377,72,8,16,,,126.81112202741534,37.20668632987782,126.82441437147212,37.207492348573176,2024-10-24 16:27:13
1378,22,32,16,,,126.81622619144565,37.194974334368425,126.83297427217316,37.2026467823573,2024-10-24 16:27:19
1379,21,38,16,,,126.81953182291001,37.19673294707511,126.82495370353664,37.201802576760436,2024-10-24 16:27:20
1380,21,39,16,,,126.81925289946292,37.19558839717843,126.82104146897872,37.20068930606847,2024-10-24 16:27:35
1381,41,35,16,,,126.83441476221572,37.196704567119724,126.81877322484134,37.20195407556448,2024-10-24 16:27:52
1382,46,54,16,,,126.8298761258459,37.21278116939252,126.83350898082148,37.21003820649343,2024-10-24 16:28:11
1383,70,21,16,,,126.83731104807082,37.21038035569206,126.817765291648,37.196339094395476,2024-10-24 16:28:25
1384,30,31,16,,,126.83216696178198,37.19846416653906,126.83006175083318,37.19802626410581,2024-10-24 16:28:45
1385,41,26,16,,,126.83344942835339,37.19663197204915,126.81790223889844,37.19295590785438,2024-10-24 16:28:52
1386,50,50,16,,,126.82167787657414,37.21170129913714,126.82171961993994,37.21241657940336,2024-10-24 16:29:16
1387,51,26,16,,,126.81989483032068,37.21113206458552,126.81791907871988,37.19451810547785,2024-10-24 16:29:26
1388,34,50,16,,,126.82133484381814,37.20338116015003,126.82188190375804,37.21132914217651,2024-10-24 16:29:33
1389,38,72,16,,,126.82498015952103,37.20116375069897,126.81118729107666,37.206579983091515,2024-10-24 16:29:46
1390,66,53,16,,,126.83816014631763,37.20313998966255,126.82964547684513,37.20628671985107,2024-10-24 16:29:47
1391,50,37,16,,,126.82284971838992,37.21145724463509,126.82163568041051,37.19694496347033,2024-10-24 16:30:49
1392,70,71,16,,,126.8382818236338,37.20918936023534,126.84097021919084,37.2054572956506,2024-10-24 16:30:55
1393,50,72,16,,,126.82236767223257,37.212155028579105,126.81104815787742,37.20662496997364,2024-10-24 16:30:58
1394,70,71,16,,,126.83813781184544,37.21020092774988,126.8409658166945,37.20489676756181,2024-10-24 16:31:25
1395,50,38,16,,,126.8227818964807,37.21089704608052,126.82397091809774,37.200657224353996,2024-10-24 16:31:34
1396,24,40,16,,,126.81883833010534,37.190664370783985,126.83110951248906,37.193313267992906,2024-10-24 16:32:04
1397,25,49,16,,,126.82079267635193,37.19479043293559,126.82828239998855,37.21401573154411,2024-10-24 16:33:46
1398,18,54,16,,,126.82413070117242,37.1962135399493,126.83175310555085,37.2103077387395,2024-10-24 16:33:50
1399,39,51,16,,,126.82096058602464,37.20100803479246,126.82030803923892,37.209663942797114,2024-10-24 16:33:53
1400,23,32,16,,,126.82169824114467,37.19125476562806,126.8324748224815,37.200805951758454,2024-10-24 16:33:56
1401,23,1,16,,,126.82134943424667,37.191350903308454,126.81561764527851,37.19729335695508,2024-10-24 16:34:54
1402,37,3,16,,,126.821787631097,37.197330060921814,126.82387761785083,37.209127296338124,2024-10-24 16:35:10
1403,39,50,16,,,126.82164527179656,37.20056733933886,126.82242989444711,37.21205074539913,2024-10-24 16:35:37
1404,23,50,16,,,126.82171859612534,37.1918863621097,126.82224018698356,37.21056371072156,2024-10-24 16:36:54
1405,9,35,16,,,126.81470769284692,37.20584643668649,126.81985587719225,37.20180805091902,2024-10-24 16:37:37
1406,42,69,16,,,126.8318287819743,37.19588477358052,126.8384005687389,37.20712494888444,2024-10-24 16:37:43
1407,9,27,16,,,126.81476536464477,37.20566876362878,126.82669373404735,37.19963636438414,2024-10-24 16:38:08
1408,56,56,16,,,126.83426747415446,37.204725169270844,126.83489440936334,37.20498265229013,2024-10-24 16:38:11
1409,50,60,16,,,126.82281654101998,37.21073521471279,126.83373612736084,37.212879529149724,2024-10-24 16:38:43
1410,71,58,16,,,126.84078197132021,37.204247296928294,126.83469898748884,37.20906177052797,2024-10-24 16:38:51
1411,17,44,16,,,126.82704479245594,37.195906314319394,126.82064748672643,37.18950442982128,2024-10-24 16:38:55
1412,70,71,16,,,126.83703087304161,37.2103978261841,126.83911316263693,37.20463573320017,2024-10-24 16:40:18
1413,70,71,16,,,126.8374775870425,37.20985554190485,126.84030014334444,37.20407635053058,2024-10-24 16:40:33
1414,52,10,16,,,126.82984956408326,37.217072063916326,126.81667590219395,37.20845576696702,2024-10-24 16:40:46
1415,17,10,16,,,126.82720796918058,37.196180442614704,126.81671324444576,37.20870782598889,2024-10-24 16:41:04
1416,47,30,16,,,126.8276208908666,37.211305599123534,126.83216546502825,37.19858446545267,2024-10-24 16:41:06
1417,37,21,16,,,126.8220744183221,37.198129153007436,126.81902991133727,37.197212144710996,2024-10-24 16:41:56
1418,55,61,16,,,126.83094159720726,37.20887439182946,126.83238490659012,37.21616751318247,2024-10-24 16:42:18
1419,32,61,16,,,126.83118314144016,37.202232280773025,126.83230989731302,37.21651336290819,2024-10-24 16:42:38
1420,46,8,16,,,126.83083517693413,37.21156254366878,126.82519517175425,37.20723945260016,2024-10-24 16:43:06
1421,32,24,16,,,126.83257352498707,37.20244117291008,126.81820129521317,37.19139330965096,2024-10-24 16:43:22
1422,51,50,16,,,126.81871530523222,37.21033571735305,126.82202586613161,37.210766923547226,2024-10-24 16:44:11
1423,23,42,16,,,126.82134857935272,37.192296341535105,126.83095474736592,37.19670085598592,2024-10-24 16:45:07
1424,26,71,16,,,126.81782238840668,37.19301614835075,126.83922529710593,37.20461285558804,2024-10-24 16:45:08
1425,23,50,16,,,126.8208230246476,37.191788920130534,126.82299833736708,37.2115853899047,2024-10-24 16:45:11
1426,51,37,16,,,126.81905540449152,37.20979811546982,126.82031829289963,37.19800853078049,2024-10-24 16:46:13
1427,21,33,16,,,126.81760225288923,37.19607775563257,126.82965846433414,37.20101410068854,2024-10-24 16:46:21
1428,23,40,16,,,126.82041894035792,37.19144703381374,126.83184708573741,37.193546363132775,2024-10-24 16:46:22
1429,43,29,16,,,126.82400761600384,37.18930254168733,126.82663042800964,37.203115811841805,2024-10-24 16:46:46
1430,38,3,16,,,126.82485709226718,37.20185077260495,126.82556078310606,37.20958661516131,2024-10-24 16:46:47
1431,19,27,16,,,126.82875410085893,37.195987186851625,126.82621072139007,37.19969289051698,2024-10-24 16:46:54
1432,27,50,16,,,126.8262393676525,37.19871605920691,126.82141879815269,37.211175702189315,2024-10-24 16:46:58
1433,6,67,16,,,126.82446152329221,37.203860178217894,126.83397183495765,37.20253048302939,2024-10-24 16:46:59
1434,31,54,16,,,126.82876215619514,37.19820050822927,126.83320169622561,37.21019901153902,2024-10-24 16:47:09
1435,51,55,16,,,126.81911910007584,37.210214498561456,126.829833131362,37.20887950738924,2024-10-24 16:47:18
1436,37,12,16,,,126.82063382454514,37.19745605194129,126.81956902401107,37.204787068937236,2024-10-24 16:48:00
1437,66,68,16,,,126.83728531529033,37.20402965060943,126.84027037400278,37.20139782619376,2024-10-24 16:48:24
1438,22,12,16,,,126.81608013736655,37.195794084082955,126.81984938004096,37.20530126756197,2024-10-24 16:48:42
1439,17,56,16,,,126.8259693330292,37.196152735281984,126.83498298268616,37.206446239875966,2024-10-24 16:48:51
1440,18,19,16,,,126.82314927011485,37.19488636402754,126.82928170130005,37.19504321930078,2024-10-24 16:49:31
1441,72,35,16,,,126.81095013647342,37.20808486698427,126.81962601571458,37.20157045172542,2024-10-24 16:51:22
1442,44,49,16,,,126.82001058222814,37.18844886266525,126.82858124005625,37.214443249432165,2024-10-24 16:51:39
1443,47,38,16,,,126.82780862042563,37.209951333580136,126.82475088691115,37.20158002512431,2024-10-24 16:52:01
1444,50,26,16,,,126.8225674064222,37.210760699585144,126.81923198067264,37.193348322987845,2024-10-24 16:52:05
1445,42,14,16,,,126.83127687988156,37.196989337738174,126.82011375893568,37.208035347712354,2024-10-24 16:53:32
1446,13,46,16,,,126.81674953386809,37.204027270039134,126.83102774001323,37.21186633963587,2024-10-24 16:54:08
1447,71,65,16,,,126.83919686181065,37.2040997265795,126.83422287199949,37.200915369995705,2024-10-24 16:54:29
1448,42,67,16,,,126.83193224876759,37.19699708970831,126.8341637515909,37.203404829715524,2024-10-24 16:54:32
1449,54,71,16,,,126.8331683721053,37.21038993862576,126.8395627273982,37.20407968027476,2024-10-24 16:54:46
1450,37,19,16,,,126.82119533729391,37.197908019733134,126.82893162778865,37.19590915460832,2024-10-24 16:56:14
1451,50,37,16,,,126.82194296882946,37.21115567454632,126.82099594579347,37.19659240161265,2024-10-24 16:56:26
1452,23,38,16,,,126.82116965001686,37.190929579388424,126.82393411424106,37.20226385754226,2024-10-24 16:56:40
1453,60,6,16,,,126.83261733367954,37.212571212978176,126.8251982679985,37.20399530490082,2024-10-24 16:56:59
1454,18,50,16,,,126.82348046945542,37.195398637280405,126.82183448259744,37.21092906167614,2024-10-24 16:56:59
1455,39,50,16,,,126.82070829704195,37.19952002537162,126.8232452450671,37.21196947448936,2024-10-24 16:57:31
1456,39,26,16,,,126.8219293803092,37.199323369811,126.81746379877553,37.19409215806792,2024-10-24 16:58:11
1457,64,51,16,,,126.84278986111828,37.20409918396645,126.81907250465791,37.210299368324215,2024-10-24 16:58:14
1458,19,50,16,,,126.82957973661763,37.19489075208479,126.82298424697235,37.21229002296923,2024-10-24 16:58:23
1459,51,21,16,,,126.81922707044134,37.21104621398277,126.8183408282305,37.19683575890193,2024-10-24 16:58:50
1460,44,64,17,,,126.82155571037062,37.188884236076454,126.84349455689116,37.20386425348227,2024-10-24 17:00:21
1461,63,10,17,,,126.83439701255773,37.21071747173814,126.81785297449215,37.20890053130737,2024-10-24 17:00:38
1462,11,69,17,,,126.8142801509999,37.20760060401907,126.83833181558352,37.207107327740424,2024-10-24 17:00:54
1463,50,60,17,,,126.82325173779228,37.21074108002805,126.83193409643012,37.212368698481946,2024-10-24 17:01:16
1464,23,18,17,,,126.82044513543599,37.19163713113715,126.8245069937343,37.19481601372841,2024-10-24 17:01:17
1465,26,70,17,,,126.81802861373905,37.19414132166341,126.83727211371115,37.20876746788547,2024-10-24 17:02:10
1466,50,37,17,,,126.82161485859909,37.211546068672995,126.82100966618846,37.197033452895774,2024-10-24 17:02:44
1467,29,39,17,,,126.82618757857654,37.20241512901789,126.82089520477055,37.19947502376996,2024-10-24 17:02:51
1468,70,71,17,,,126.8372678296113,37.21030713418207,126.83989553777074,37.204544522592954,2024-10-24 17:02:58
1469,27,50,17,,,126.82674358744012,37.20012524852069,126.82308619046843,37.21229314907355,2024-10-24 17:03:11
1470,43,22,17,,,126.82415639619909,37.19057155403593,126.8160377079859,37.19515961352651,2024-10-24 17:03:15
1471,50,37,17,,,126.8219897020999,37.212374154985724,126.82062690093282,37.19699056831088,2024-10-24 17:03:19
1472,21,38,17,,,126.81778200824363,37.19601057295502,126.82403242418077,37.20201497150143,2024-10-24 17:03:28
1473,50,60,17,,,126.82242288175111,37.21241509928894,126.83290142686536,37.21351032882624,2024-10-24 17:03:36
1474,70,29,17,,,126.83831068007616,37.209715858466346,126.82772061278109,37.201655379384135,2024-10-24 17:04:27
1475,51,37,17,,,126.81950965232717,37.210387732150124,126.8220330584592,37.19689108462268,2024-10-24 17:04:28
1476,71,41,17,,,126.83944916726792,37.20582264697502,126.83336148857619,37.19685440454579,2024-10-24 17:05:04
1477,51,26,17,,,126.81990837438998,37.21103323117846,126.81744311151776,37.1933312863084,2024-10-24 17:05:46
1478,16,26,17,,,126.82252521660956,37.19212387216736,126.81738491472285,37.192751515582835,2024-10-24 17:05:58
1479,50,37,17,,,126.8221966138906,37.211703714102654,126.82140427617598,37.196665336567335,2024-10-24 17:08:06
1480,31,46,17,,,126.82896843819199,37.198547475822046,126.83074874774408,37.21175967463034,2024-10-24 17:08:23
1481,7,17,17,,,126.82690224961411,37.20840018405073,126.82626108305978,37.196266947251935,2024-10-24 17:08:43
1482,50,37,17,,,126.82240574514266,37.212436577288244,126.82164968807751,37.19748188592434,2024-10-24 17:08:49
1483,50,37,17,,,126.82227170234638,37.21145301981825,126.82131325787344,37.19716219214378,2024-10-24 17:08:52
1484,33,13,17,,,126.82937357392558,37.201172195381695,126.81583917019009,37.20428212383482,2024-10-24 17:10:20
1485,21,38,17,,,126.81846721309725,37.19682043520652,126.82320810383287,37.2012898061158,2024-10-24 17:10:24
1486,6,63,17,,,126.82444724006801,37.20499646808862,126.83452538942211,37.211568880991344,2024-10-24 17:10:35
1487,52,59,17,,,126.83073407649873,37.2181236600538,126.83327063302828,37.20722528251052,2024-10-24 17:11:28
1488,51,26,17,,,126.81906000260015,37.20999009257922,126.81766159897145,37.19406429996067,2024-10-24 17:11:28
1489,59,50,17,,,126.83323818391904,37.20720410366288,126.8229043046553,37.21190711302528,2024-10-24 17:11:50
1490,17,50,17,,,126.82582407840695,37.19748766430213,126.82267885382437,37.211797760118586,2024-10-24 17:12:50
1491,70,26,17,,,126.83795014729479,37.20985920614111,126.81848342469732,37.193892457780684,2024-10-24 17:13:13
1492,23,50,17,,,126.82079780660546,37.19110575023089,126.82326548356902,37.21208747858664,2024-10-24 17:13:37
1493,23,50,17,,,126.82131194373919,37.19135803647261,126.82163756728035,37.211834626579886,2024-10-24 17:14:08
1494,58,56,17,,,126.83533210680382,37.20837825328523,126.8352924198289,37.20467466852527,2024-10-24 17:14:22
1495,55,50,17,,,126.83000720630305,37.20928283481157,126.82285774006348,37.2105914831358,2024-10-24 17:14:31
1496,63,65,17,,,126.83534506656159,37.210742946096296,126.83402160285567,37.1997375679759,2024-10-24 17:15:05
1497,50,50,17,,,126.82205736993663,37.21230100251068,126.82272026185132,37.21059215310388,2024-10-24 17:15:53
1498,46,41,17,,,126.82977975240631,37.21162884922298,126.83466550926333,37.19776553380443,2024-10-24 17:15:57
1499,51,37,17,,,126.81986672290138,37.21092365660815,126.82176552662443,37.19740956259296,2024-10-24 17:16:21
1500,40,69,17,,,126.83093462702928,37.19396435586884,126.83760480371595,37.20656920704718,2024-10-24 17:16:28
1501,32,50,17,,,126.83194655243491,37.20241613146153,126.8217218977633,37.211074030275086,2024-10-24 17:16:44
1502,24,10,17,,,126.81744683809646,37.19042663642321,126.81779909205412,37.209994159716565,2024-10-24 17:17:48
1503,33,10,17,,,126.82982396380244,37.20041065557917,126.81734016762265,37.2090595491526,2024-10-24 17:18:09
1504,51,39,17,,,126.8198670101427,37.210527539656546,126.82201038890844,37.1994419239007,2024-10-24 17:18:22
1505,70,71,17,,,126.83785532373756,37.208782964691714,126.8400899274601,37.20497980596242,2024-10-24 17:18:42
1506,39,21,17,,,126.82150777552783,37.19966637409921,126.81825809895986,37.195967377670314,2024-10-24 17:19:22
1507,21,72,17,,,126.81837604194469,37.195416907272936,126.81209109552006,37.20720271351699,2024-10-24 17:19:51
1508,50,37,17,,,126.82296178157443,37.21147236475625,126.82143999515542,37.196707883322624,2024-10-24 17:20:04
1509,51,37,17,,,126.82057781977811,37.209935257710185,126.8203645029042,37.19822260671799,2024-10-24 17:22:07
1510,72,71,17,,,126.8122851347415,37.20784103709915,126.83952890096418,37.20502800662087,2024-10-24 17:23:15
1511,23,38,17,,,126.82082870702598,37.19166934341921,126.8245387964442,37.20149502986147,2024-10-24 17:23:28
1512,37,42,17,,,126.82082030815666,37.196439408178165,126.83239178504031,37.196170976626675,2024-10-24 17:23:29
1513,10,37,17,,,126.8161737162359,37.20884798274844,126.82048861764913,37.197430492846046,2024-10-24 17:24:15
1514,63,48,17,,,126.8359900108665,37.21065745356151,126.83105166233068,37.2149943468235,2024-10-24 17:24:25
1515,16,7,17,,,126.82442374799433,37.19325501777188,126.82791071377856,37.20838176075411,2024-10-24 17:24:37
1516,29,58,17,,,126.82643773195537,37.20171458265822,126.83514487270267,37.20834169042228,2024-10-24 17:24:41
1517,61,50,17,,,126.83283636156362,37.216479922810365,126.82291530586103,37.210854886949015,2024-10-24 17:25:41
1518,50,38,17,,,126.82281944116306,37.211450968772056,126.82469275073852,37.2015311318617,2024-10-24 17:25:45
1519,51,37,17,,,126.8192332398018,37.21131810324218,126.82136698883816,37.19706027660231,2024-10-24 17:26:17
1520,1,72,17,,,126.81624237971167,37.1980301629923,126.81215484843668,37.20702214323494,2024-10-24 17:26:29
1521,38,72,17,,,126.82464895272014,37.20176990980594,126.81262571508879,37.20642801336604,2024-10-24 17:26:37
1522,65,53,17,,,126.83401478524773,37.1992334626737,126.8291033916624,37.20629754957474,2024-10-24 17:27:02
1523,38,64,17,,,126.82493079764038,37.20187051311042,126.84259142371866,37.202422040204624,2024-10-24 17:27:36
1524,51,34,17,,,126.818812492217,37.210776606265775,126.82107105356575,37.20397649342501,2024-10-24 17:27:48
1525,21,58,17,,,126.81905083782698,37.19704010536504,126.83524168851974,37.20865033370328,2024-10-24 17:28:22
1526,11,2,17,,,126.81392120628367,37.20901064401094,126.8218418596812,37.20604404553742,2024-10-24 17:28:24
1527,50,37,17,,,126.821668066535,37.21214813733578,126.82168304780247,37.19667785166691,2024-10-24 17:28:27
1528,23,37,17,,,126.82004731661644,37.19257140323118,126.82155310629264,37.19766899709077,2024-10-24 17:28:28
1529,50,38,17,,,126.82199877793043,37.21146286654071,126.82384449477107,37.2012244612968,2024-10-24 17:28:30
1530,10,12,17,,,126.81693949009689,37.209164301148775,126.81987306109463,37.205229281673176,2024-10-24 17:29:00
1531,33,59,17,,,126.8291328920162,37.20049260170185,126.83315242852343,37.20729528372512,2024-10-24 17:29:16
1532,18,56,17,,,126.82443761805752,37.19637317201019,126.83408091680252,37.20572008436299,2024-10-24 17:29:44
1533,28,48,17,,,126.83046363966113,37.20407929419226,126.83138415285515,37.215255402379555,2024-10-24 17:29:53
1534,50,50,17,,,126.82267120723162,37.21197233926408,126.82279379142462,37.212232420821834,2024-10-24 17:30:14
1535,23,38,17,,,126.81985504898495,37.19218815092285,126.82355325087052,37.20089573400418,2024-10-24 17:30:36
1536,70,71,17,,,126.83760245096845,37.20917201322821,126.84081561055038,37.20465806816218,2024-10-24 17:30:38
1537,21,38,17,,,126.81797935804029,37.1965133253818,126.82483652534113,37.20145857336476,2024-10-24 17:30:41
1538,53,44,17,,,126.83038772490507,37.20538048245686,126.82083126908151,37.189900170640485,2024-10-24 17:30:50
1539,50,37,17,,,126.82287236678438,37.211447224798654,126.8209994107864,37.19831174283327,2024-10-24 17:31:05
1540,6,64,17,,,126.82520709806786,37.204009843901154,126.84181376981067,37.2032087010884,2024-10-24 17:31:57
1541,23,66,17,,,126.82023230101822,37.19140042582887,126.8364060570729,37.20300204024061,2024-10-24 17:33:42
1542,50,38,17,,,126.82290273173427,37.211773434201156,126.82346681345739,37.20165415393098,2024-10-24 17:34:27
1543,6,33,17,,,126.824319732397,37.20381862255809,126.82968674644914,37.200114243289015,2024-10-24 17:35:02
1544,50,7,17,,,126.82302505961825,37.21166525176689,126.82649740797211,37.20775409124176,2024-10-24 17:35:15
1545,51,26,17,,,126.81920902033403,37.21005415400094,126.81755181149592,37.192756979826186,2024-10-24 17:36:02
1546,60,39,17,,,126.83364958984652,37.21217150925259,126.82156173097073,37.20054143801006,2024-10-24 17:36:44
1547,27,16,17,,,126.82614518702205,37.19903325001225,126.82320794672668,37.19255434161547,2024-10-24 17:38:21
1548,55,51,17,,,126.82916597966738,37.208252386918126,126.82035566096333,37.210816247749705,2024-10-24 17:38:26
1549,45,56,17,,,126.82593938425383,37.213010930203524,126.83559772124872,37.20597396038364,2024-10-24 17:38:36
1550,8,36,17,,,126.8237696019947,37.20604605014806,126.8231602981847,37.19759452215338,2024-10-24 17:38:48
1551,50,50,17,,,126.8229225644535,37.211760732098725,126.82266969352749,37.21111820983467,2024-10-24 17:39:02
1552,50,37,17,,,126.8229370236118,37.211618450577205,126.82142935422245,37.198167633296634,2024-10-24 17:40:09
1553,55,50,17,,,126.83034654505417,37.2086142943934,126.82306425151775,37.21249899741276,2024-10-24 17:40:48
1554,23,38,17,,,126.8212438334605,37.19250002962499,126.82493519506234,37.20125664700376,2024-10-24 17:41:06
1555,38,51,17,,,126.82456379020667,37.20162378661606,126.82025779093395,37.211194738923226,2024-10-24 17:42:12
1556,71,43,17,,,126.8400153464729,37.20418210872627,126.82345877167474,37.19067455229817,2024-10-24 17:42:41
1557,72,36,17,,,126.81232288231709,37.208046123677285,126.82389218689211,37.19799863947824,2024-10-24 17:42:45
1558,39,26,17,,,126.82054021476476,37.199558959748266,126.81853815143332,37.19412088797638,2024-10-24 17:43:23
1559,52,56,17,,,126.8312247684141,37.217560477475686,126.83498960921735,37.20492765335391,2024-10-24 17:43:24
1560,50,37,17,,,126.82225953408216,37.21134735806516,126.82123982880049,37.19828567492649,2024-10-24 17:43:26
1561,37,15,17,,,126.82140986118735,37.19672550791121,126.8177467635145,37.20747842314782,2024-10-24 17:43:47
1562,50,50,17,,,126.82176422763898,37.21161921932165,126.82253308533865,37.21173792178481,2024-10-24 17:43:57
1563,59,27,17,,,126.83266522106543,37.20822229315937,126.82564869996601,37.19859361723013,2024-10-24 17:44:07
1564,70,50,17,,,126.83869625185783,37.20864325489382,126.8233695871255,37.2113656100184,2024-10-24 17:44:22
1565,51,60,17,,,126.81930389043161,37.21098981750351,126.8320639659742,37.21282270352193,2024-10-24 17:44:28
1566,55,13,17,,,126.82898763532326,37.210056680086716,126.8165275540446,37.204574705984534,2024-10-24 17:44:34
1567,10,62,17,,,126.81758253129814,37.20926402022739,126.83713374928988,37.213041203256935,2024-10-24 17:45:09
1568,1,71,17,,,126.81585117921261,37.197269506614084,126.8399462984624,37.20438839905272,2024-10-24 17:45:25
1569,11,18,17,,,126.81494157938893,37.2081570291281,126.82455746319573,37.19537166135045,2024-10-24 17:45:45
1570,47,11,17,,,126.82728076685231,37.21012707891942,126.81353636509508,37.20873215796092,2024-10-24 17:45:54
1571,70,50,17,,,126.83875835470269,37.208585764308644,126.82260828727465,37.21185598259703,2024-10-24 17:46:17
1572,23,5,17,,,126.82154870352701,37.19260326832642,126.82619885853302,37.204679828287,2024-10-24 17:46:19
1573,70,50,17,,,126.83772658544653,37.20965976125324,126.82266130674492,37.212376294412984,2024-10-24 17:46:28
1574,37,33,17,,,126.82200783939551,37.197825184500154,126.82894166385015,37.20110888495208,2024-10-24 17:46:28
1575,62,21,17,,,126.83729275958663,37.21332297461303,126.81796266291563,37.19608383412553,2024-10-24 17:47:35
1576,37,51,17,,,126.8215485053633,37.197231479857685,126.81994338410894,37.21119454864631,2024-10-24 17:47:48
1577,64,58,17,,,126.84193472937605,37.20366741437113,126.83577532641056,37.20785082819017,2024-10-24 17:48:03
1578,50,26,17,,,126.82220348007702,37.21135189793983,126.81820291769475,37.192712187801135,2024-10-24 17:48:34
1579,51,37,17,,,126.81947454417015,37.209536392694716,126.82108639229114,37.19706368663884,2024-10-24 17:48:41
1580,34,57,17,,,126.82259542356614,37.20366674048674,126.83185303582427,37.20373167743139,2024-10-24 17:48:59
1581,23,42,17,,,126.82173304187208,37.19221589241396,126.8318970984443,37.19678155464705,2024-10-24 17:49:21
1582,56,32,17,,,126.83446764630486,37.20575587745596,126.83222011638861,37.20161042958587,2024-10-24 17:49:29
1583,50,38,17,,,126.8229789974147,37.211150946248274,126.82398810492971,37.20164871706611,2024-10-24 17:49:41
1584,42,39,17,,,126.83129684159309,37.19523528463271,126.82119337900598,37.200492884132444,2024-10-24 17:49:58
1585,30,64,17,,,126.83108363629427,37.19967191419336,126.84315487829902,37.202980952173355,2024-10-24 17:50:00
1586,23,50,17,,,126.82075808482888,37.19151363317747,126.82170342568094,37.21244239695373,2024-10-24 17:50:08
1587,1,32,17,,,126.81573646817222,37.19868999001088,126.83126179910663,37.20211642860551,2024-10-24 17:50:14
1588,50,37,17,,,126.82162402998331,37.21147810098767,126.82200159973901,37.197120901598176,2024-10-24 17:50:29
1589,13,64,17,,,126.81653662651271,37.20391146723271,126.8434644005177,37.20349047710703,2024-10-24 17:50:48
1590,57,3,17,,,126.83176945295874,37.20497762918993,126.8244836877094,37.210090648692024,2024-10-24 17:51:23
1591,19,48,17,,,126.82881416729361,37.19496167986803,126.82976704432828,37.21378750736356,2024-10-24 17:52:32
1592,36,45,17,,,126.8230679704988,37.19783298170949,126.82538465774698,37.21310002073175,2024-10-24 17:52:43
1593,28,59,17,,,126.83010265795858,37.20370246550913,126.83309486802065,37.20827254458518,2024-10-24 17:53:21
1594,51,21,17,,,126.8203540458498,37.20983099912625,126.81873578670148,37.19702070772469,2024-10-24 17:53:42
1595,34,50,17,,,126.82259561839822,37.203418644033256,126.82291967789448,37.211385671053876,2024-10-24 17:54:14
1596,37,21,17,,,126.82130030339354,37.197744326974714,126.8183806868363,37.19593432169276,2024-10-24 17:54:32
1597,56,50,17,,,126.83527293170006,37.20527952717658,126.82190209523907,37.211185784187805,2024-10-24 17:54:45
1598,70,71,17,,,126.83829362155704,37.20859027317648,126.8399030541463,37.20594484775374,2024-10-24 17:55:08
1599,11,19,17,,,126.81369608603374,37.20763151678427,126.82907429486539,37.195528887395696,2024-10-24 17:55:17
1600,2,68,17,,,126.82130457504883,37.20560610082552,126.83901674099796,37.2024342169391,2024-10-24 17:55:21
1601,61,32,17,,,126.83301078362337,37.216457102338694,126.83294330382489,37.2009933359057,2024-10-24 17:56:48
1602,70,50,17,,,126.83786489311818,37.208995459649174,126.82176307726773,37.212065019092435,2024-10-24 17:58:24
1603,51,26,17,,,126.81937457785777,37.211287086697304,126.81740125811027,37.192888706589365,2024-10-24 17:58:50
1604,11,24,17,,,126.81419350909333,37.20860395084149,126.81791949485223,37.18974837911176,2024-10-24 17:59:30
1605,28,43,17,,,126.82987731722335,37.20351209530699,126.82412697433048,37.190471243984476,2024-10-24 17:59:38
1606,70,50,18,,,126.83836622046843,37.208733270621345,126.8222130588202,37.21133619288627,2024-10-24 18:00:06
1607,21,48,18,,,126.81772414351398,37.196068507134946,126.82966521192712,37.21380390888451,2024-10-24 18:00:27
1608,62,69,18,,,126.83850396914104,37.213078693864844,126.83740336506271,37.206472230908595,2024-10-24 18:00:52
1609,21,72,18,,,126.81814488296826,37.19574111858294,126.81116586485467,37.20661389215495,2024-10-24 18:02:01
1610,38,57,18,,,126.8234762307545,37.20216400082229,126.83188392773695,37.20546739609377,2024-10-24 18:02:11
1611,55,21,18,,,126.8304371663053,37.208588644414945,126.81846413360503,37.197319975598724,2024-10-24 18:02:35
1612,20,33,18,,,126.81650933637476,37.19243889758897,126.82970071449242,37.200943316965116,2024-10-24 18:02:52
1613,16,62,18,,,126.82312079848968,37.19199467555322,126.83896271455993,37.21222707986662,2024-10-24 18:03:00
1614,23,50,18,,,126.82098808688032,37.19231928679157,126.82196773966437,37.21220938454111,2024-10-24 18:03:09
1615,9,67,18,,,126.8143549027046,37.205044849057984,126.83503952884743,37.20195880481232,2024-10-24 18:03:44
1616,50,50,18,,,126.82314394628749,37.21094164937908,126.82304027550515,37.21209436200549,2024-10-24 18:04:18
1617,2,25,18,,,126.8221709964951,37.20642112770462,126.82128777845692,37.19513653983922,2024-10-24 18:04:58
1618,27,50,18,,,126.82579437976209,37.19930324460514,126.82240495615126,37.21218572045355,2024-10-24 18:05:10
1619,59,66,18,,,126.83216681143539,37.208279803981945,126.83731122285074,37.20366337654588,2024-10-24 18:05:27
1620,51,26,18,,,126.82065749653741,37.210619123420514,126.8187089452746,37.19392032130979,2024-10-24 18:06:28
1621,39,50,18,,,126.82240830860644,37.19989658779314,126.82198866510134,37.21177852028686,2024-10-24 18:07:24
1622,40,67,18,,,126.83116356925592,37.19255817323345,126.83446238572814,37.20331350980281,2024-10-24 18:07:33
1623,64,51,18,,,126.84264777391746,37.203023130380956,126.81956726063841,37.20980784553088,2024-10-24 18:08:29
1624,38,21,18,,,126.82464445839774,37.20093085631257,126.8188943774562,37.196342473265574,2024-10-24 18:08:45
1625,54,33,18,,,126.8322651178853,37.209942521750826,126.82872304403762,37.19996912403515,2024-10-24 18:09:23
1626,23,38,18,,,126.82007502449568,37.192558568286614,126.824233957698,37.200698994695124,2024-10-24 18:09:51
1627,23,50,18,,,126.81991995308566,37.191448483251094,126.82312507715613,37.212091737515294,2024-10-24 18:10:08
1628,50,26,18,,,126.8214155064276,37.210841691866456,126.81794143353723,37.19272872082001,2024-10-24 18:11:00
1629,50,50,18,,,126.82146739919706,37.211948536669084,126.823010622845,37.21152551387646,2024-10-24 18:11:27
1630,39,50,18,,,126.82159024586478,37.19944753142266,126.8227574232718,37.2105646319834,2024-10-24 18:11:42
1631,22,44,18,,,126.8160018473358,37.19494177474071,126.81963279330172,37.18833502461695,2024-10-24 18:11:53
1632,24,65,18,,,126.81787738460892,37.19035619493929,126.83489138988503,37.2004005889659,2024-10-24 18:12:13
1633,69,54,18,,,126.83692590175627,37.20747572761406,126.83305556202247,37.21004721743982,2024-10-24 18:12:53
1634,15,11,18,,,126.81581124652948,37.20573897037555,126.81451168424907,37.20868373210498,2024-10-24 18:13:08
1635,71,68,18,,,126.84006064113795,37.20496159905045,126.83996503034427,37.201393320926094,2024-10-24 18:13:31
1636,18,32,18,,,126.82340434318938,37.196259520204705,126.83238878892324,37.202082224999735,2024-10-24 18:13:44
1637,50,48,18,,,126.82212866357926,37.21235815477978,126.82961760620209,37.21422095435327,2024-10-24 18:13:46
1638,58,7,18,,,126.83448043111854,37.20770977660133,126.82789189849403,37.20812925037688,2024-10-24 18:13:56
1639,58,35,18,,,126.83428940849646,37.20793127485848,126.81864674081181,37.20242333661371,2024-10-24 18:13:57
1640,39,50,18,,,126.82180357210059,37.199704983919794,126.82149428053353,37.21064047254044,2024-10-24 18:14:03
1641,50,60,18,,,126.82291446443398,37.21132270734696,126.83387709784684,37.213008363728264,2024-10-24 18:14:55
1642,33,21,18,,,126.8287340234193,37.20111245464455,126.81875068847872,37.19581031922263,2024-10-24 18:15:29
1643,55,50,18,,,126.82964909000505,37.20980638616973,126.82245799767655,37.21098501164263,2024-10-24 18:15:38
1644,47,50,18,,,126.82684129985067,37.211618219570475,126.82245484925845,37.21226562533953,2024-10-24 18:16:21
1645,23,18,18,,,126.8205581356517,37.19153240335086,126.8237750928237,37.195031712204155,2024-10-24 18:16:23
1646,50,26,18,,,126.82225482147744,37.21192767675381,126.8179114280035,37.19346926604281,2024-10-24 18:16:32
1647,46,28,18,,,126.8304461544492,37.211287331172564,126.82930767543662,37.203345473649584,2024-10-24 18:17:00
1648,49,6,18,,,126.82683872878417,37.2130775001676,126.82467041589267,37.20318856862214,2024-10-24 18:17:15
1649,64,55,18,,,126.84301971154346,37.20379601911561,126.83040480639069,37.208809673854304,2024-10-24 18:17:25
1650,31,67,18,,,126.82868916957425,37.19686735339542,126.83525065644066,37.203471842005804,2024-10-24 18:17:49
1651,50,37,18,,,126.82209554815161,37.2108075066298,126.82032963635797,37.19685694857771,2024-10-24 18:18:39
1652,44,18,18,,,126.8214276009784,37.189270540030904,126.82440651828986,37.19538255627088,2024-10-24 18:19:39
1653,71,33,18,,,126.83939668214481,37.20545474100333,126.82972236777064,37.20041508564181,2024-10-24 18:19:41
1654,21,58,18,,,126.81883935035503,37.19622368908207,126.83485289794277,37.20928407213215,2024-10-24 18:19:50
1655,60,39,18,,,126.83220174668088,37.21319957840229,126.82099901575847,37.20069220153809,2024-10-24 18:20:29
1656,28,58,18,,,126.83007531115123,37.203971743114636,126.83451436434251,37.20914955107259,2024-10-24 18:20:39
1657,50,38,18,,,126.82257578487305,37.211388487044125,126.8239236393381,37.2004170418309,2024-10-24 18:21:02
1658,51,56,18,,,126.81955166049056,37.209892181781534,126.8340675089874,37.20513001075407,2024-10-24 18:21:05
1659,37,18,18,,,126.8211183326154,37.19811520704671,126.82355661507138,37.19657285214592,2024-10-24 18:21:22
1660,27,35,18,,,126.82567897913312,37.19913109766611,126.8185550646285,37.20185673539345,2024-10-24 18:21:38
1661,51,37,18,,,126.820027405926,37.21137543219259,126.82029604426371,37.196558630677714,2024-10-24 18:21:42
1662,50,60,18,,,126.82175846924422,37.21162462190962,126.8329795545699,37.21242345030984,2024-10-24 18:22:01
1663,21,38,18,,,126.81832850480741,37.196957415457554,126.82482101692182,37.20112033757455,2024-10-24 18:22:37
1664,62,23,18,,,126.8379817488196,37.21162869630885,126.8201926867647,37.19110257095356,2024-10-24 18:22:44
1665,26,70,18,,,126.81828824620729,37.19337989526507,126.83842774212972,37.20935743484945,2024-10-24 18:22:57
1666,38,37,18,,,126.82400714290715,37.200999356924974,126.82106748410145,37.19779512932293,2024-10-24 18:24:12
1667,28,38,18,,,126.82893895863675,37.20255788319191,126.82382733086062,37.20071300508701,2024-10-24 18:24:35
1668,38,72,18,,,126.82395012056861,37.20072812167837,126.81101854450598,37.20724498323557,2024-10-24 18:26:01
1669,13,65,18,,,126.81641939300653,37.20363611053868,126.83366264599486,37.200251991027116,2024-10-24 18:26:12
1670,68,62,18,,,126.8400031669332,37.20196817826916,126.83808030594486,37.21315737491032,2024-10-24 18:26:14
1671,26,38,18,,,126.81820318993896,37.19296487803061,126.82348326694807,37.20107387836742,2024-10-24 18:27:01
1672,50,26,18,,,126.82188058563841,37.210576062994726,126.81762610537437,37.193945889788026,2024-10-24 18:27:04
1673,50,60,18,,,126.82140333692914,37.21180849919429,126.83233634165053,37.21243474755851,2024-10-24 18:27:27
1674,32,71,18,,,126.83264294840191,37.20263813473664,126.8390791950733,37.20550426868159,2024-10-24 18:27:34
1675,13,34,18,,,126.81676233323135,37.20317391632048,126.82072935097673,37.20337369481854,2024-10-24 18:28:03
1676,70,50,18,,,126.83866737438204,37.210044453802844,126.82159792231575,37.21223934959242,2024-10-24 18:28:05
1677,63,35,18,,,126.83629843449187,37.212155000179266,126.81900291710089,37.20171964819957,2024-10-24 18:28:23
1678,16,60,18,,,126.823739166547,37.19283649179372,126.83217149467488,37.2123810584927,2024-10-24 18:28:44
1679,50,50,18,,,126.82140849410104,37.210556402014895,126.82273929322366,37.2121415667735,2024-10-24 18:28:47
1680,59,68,18,,,126.83291750377367,37.20738836270583,126.8404700536917,37.20269349335496,2024-10-24 18:28:51
1681,50,60,18,,,126.82180693414568,37.210742121597974,126.83224339237856,37.21272236433093,2024-10-24 18:29:12
1682,37,47,18,,,126.82137764030179,37.19732354758225,126.82768045230003,37.21059653626897,2024-10-24 18:29:56
1683,26,48,18,,,126.81781349938623,37.193565332019006,126.83045935751836,37.213826159550386,2024-10-24 18:30:20
1684,43,13,18,,,126.82307218396268,37.18918637423574,126.81661489453445,37.20432282401742,2024-10-24 18:30:25
1685,66,70,18,,,126.83666453066137,37.20479647201168,126.83797541679242,37.2090343589028,2024-10-24 18:31:05
1686,60,47,18,,,126.83246260075855,37.212620906245306,126.82748712407141,37.21097142013628,2024-10-24 18:31:39
1687,21,33,18,,,126.81805471927998,37.19659071287819,126.8302194498354,37.20113495521942,2024-10-24 18:31:50
1688,19,23,18,,,126.82852847998754,37.1952343533638,126.82173956491378,37.19194994353984,2024-10-24 18:31:54
1689,17,50,18,,,126.82609142007749,37.19638698907056,126.82139553785699,37.21123817366552,2024-10-24 18:32:03
1690,39,50,18,,,126.82088242978391,37.199292582078144,126.82215116240111,37.21232320429564,2024-10-24 18:33:21
1691,48,48,18,,,126.8309585549408,37.21456643002385,126.83017229747298,37.213986334956275,2024-10-24 18:33:41
1692,25,9,18,,,126.82119945431175,37.19455585900952,126.81468378124369,37.205718118110944,2024-10-24 18:33:46
1693,69,67,18,,,126.83791122666145,37.20765908214246,126.83430035766548,37.20259280151481,2024-10-24 18:34:10
1694,42,14,18,,,126.83146879673177,37.19654893725009,126.82045319842962,37.20700741071196,2024-10-24 18:34:18
1695,39,50,18,,,126.82113797645492,37.19926099924559,126.82216158471839,37.212320138567215,2024-10-24 18:35:23
1696,55,50,18,,,126.8298163362619,37.20969607602121,126.82288047599431,37.212125934756486,2024-10-24 18:35:33
1697,50,37,18,,,126.82281219503871,37.21178253805369,126.8210419834452,37.19821762347139,2024-10-24 18:35:41
1698,50,37,18,,,126.82171628091949,37.21198340664131,126.82028316790314,37.197766388022984,2024-10-24 18:36:29
1699,36,25,18,,,126.82439005454452,37.19901957494454,126.82162091071854,37.19453114497282,2024-10-24 18:37:43
1700,11,10,18,,,126.81502576987853,37.20736153960336,126.81724478106547,37.209141628465794,2024-10-24 18:38:10
1701,18,23,18,,,126.82356536162287,37.19640639700158,126.82021417894249,37.19118393630137,2024-10-24 18:38:11
1702,43,22,18,,,126.82319411925364,37.190816912932775,126.81636741884726,37.19541440525926,2024-10-24 18:38:51
1703,70,50,18,,,126.83750751882386,37.210092911528506,126.8228768343172,37.21078594063858,2024-10-24 18:39:05
1704,59,45,18,,,126.83271885510884,37.20727431998203,126.82562688325328,37.21212535753116,2024-10-24 18:39:21
1705,2,66,18,,,126.82288091454143,37.205119281505674,126.83712458614761,37.20474137032425,2024-10-24 18:39:31
1706,51,50,18,,,126.81971671703039,37.21031721226103,126.82238621426107,37.211984141519515,2024-10-24 18:39:56
1707,17,67,18,,,126.825694820215,37.19708499385388,126.83532276750842,37.202301999005044,2024-10-24 18:40:02
1708,30,28,18,,,126.83277185502507,37.199926920179436,126.83001798745491,37.20398608713484,2024-10-24 18:41:14
1709,19,26,18,,,126.82852342721702,37.19463409193971,126.81910535518647,37.19273738637091,2024-10-24 18:42:03
1710,38,68,18,,,126.82499635266612,37.20191800399636,126.83961261785471,37.20232060189476,2024-10-24 18:42:59
1711,65,40,18,,,126.83485300096375,37.200388548408704,126.83217978036248,37.193601710564806,2024-10-24 18:43:20
1712,63,53,18,,,126.83449991793027,37.21224947433388,126.83074738240809,37.20706689745917,2024-10-24 18:43:45
1713,28,9,18,,,126.82909119534565,37.20263763844212,126.81333970804475,37.20489739009471,2024-10-24 18:43:56
1714,26,17,18,,,126.81779219679514,37.1926008995538,126.82713195597366,37.19617564123503,2024-10-24 18:44:21
1715,14,63,18,,,126.82003688647838,37.208479174958605,126.83501383655627,37.21118258373548,2024-10-24 18:44:26
1716,33,6,18,,,126.8298365944519,37.20069107681047,126.82418769321586,37.20343369514957,2024-10-24 18:44:39
1717,23,3,18,,,126.8200353731546,37.19236795020315,126.82445055596267,37.21063832284469,2024-10-24 18:44:42
1718,50,60,18,,,126.82267926416334,37.21213068345839,126.8320308118001,37.21274717160111,2024-10-24 18:44:55
1719,46,61,18,,,126.83034791194822,37.21129506359072,126.83401180480547,37.21561209177536,2024-10-24 18:44:59
1720,67,37,18,,,126.83370907470744,37.20351025609392,126.82154954144858,37.19796554808221,2024-10-24 18:45:14
1721,41,32,18,,,126.8344432192243,37.19714551532734,126.83217420967647,37.20262481323122,2024-10-24 18:45:22
1722,55,50,18,,,126.8305894530746,37.210089269031755,126.82182426228138,37.21189306977208,2024-10-24 18:45:23
1723,48,14,18,,,126.83083092132706,37.21557646637426,126.81890553794122,37.20804882403248,2024-10-24 18:45:30
1724,50,26,18,,,126.82234889264696,37.21199786573085,126.81845000131054,37.19266416492029,2024-10-24 18:45:45
1725,50,37,18,,,126.82226349045978,37.211565111285054,126.82153032749049,37.19651911575613,2024-10-24 18:46:04
1726,49,26,18,,,126.82751176958965,37.21416222825889,126.81906469051965,37.194019605452205,2024-10-24 18:46:07
1727,23,42,18,,,126.82101253346073,37.191541632645944,126.83103998313489,37.19706935623605,2024-10-24 18:47:24
1728,51,55,18,,,126.81915987655668,37.21139615085893,126.83078010831258,37.209345213827824,2024-10-24 18:48:06
1729,66,35,18,,,126.83776473872645,37.2042607927659,126.81854647626913,37.202264025478314,2024-10-24 18:48:14
1730,51,21,18,,,126.82067572732271,37.21049175219079,126.81791959942117,37.19704380291047,2024-10-24 18:48:38
1731,59,43,18,,,126.83229568111464,37.206772850120714,126.82287991154813,37.19027013661956,2024-10-24 18:49:15
1732,66,26,18,,,126.83732524699803,37.20340152519156,126.81807597280624,37.19437062767207,2024-10-24 18:50:13
1733,70,50,18,,,126.83743493388474,37.20933546973813,126.8230121529285,37.21247456466147,2024-10-24 18:51:04
1734,24,1,18,,,126.81863189970522,37.1914773928474,126.81615405029014,37.19782581580249,2024-10-24 18:51:17
1735,17,31,18,,,126.82657295128914,37.19648512751778,126.82838147063697,37.19793257305113,2024-10-24 18:51:29
1736,48,64,18,,,126.8309679115025,37.213954322829075,126.84241842870016,37.202905504630024,2024-10-24 18:51:34
1737,51,37,18,,,126.81935875784238,37.21080683061831,126.82202868073152,37.19769431061452,2024-10-24 18:52:39
1738,38,44,18,,,126.82376812269217,37.201700749654734,126.82072496410063,37.18915185192649,2024-10-24 18:53:09
1739,23,63,18,,,126.82114043953266,37.19173445662927,126.83537467682918,37.21040417629068,2024-10-24 18:53:33
1740,44,22,18,,,126.82081586426902,37.18857283921019,126.8152430900004,37.195882109284334,2024-10-24 18:54:05
1741,60,12,18,,,126.83342000786064,37.212973213126354,126.81841387729003,37.204643456249066,2024-10-24 18:54:10
1742,23,38,18,,,126.82157676272566,37.1927885118705,126.82329960331435,37.202076488114166,2024-10-24 18:54:32
1743,15,61,18,,,126.8169330936305,37.20591018627933,126.8326330022871,37.21609971661149,2024-10-24 18:57:23
1744,26,38,18,,,126.81845424817764,37.19327590528847,126.82333690457423,37.20058837307232,2024-10-24 18:57:30
1745,22,61,18,,,126.81509521785947,37.19478571696663,126.83239491715163,37.21648788061272,2024-10-24 18:57:32
1746,4,55,18,,,126.82272090129146,37.209071778405985,126.83059132365841,37.20823652094576,2024-10-24 18:57:52
1747,23,50,18,,,126.82098159958076,37.19180966100432,126.82283397125923,37.211478494947656,2024-10-24 18:58:07
1748,41,10,18,,,126.83497669846231,37.196608914662654,126.81764596931919,37.208957776692294,2024-10-24 18:59:05
1749,56,50,18,,,126.83581605208795,37.20562620387172,126.82336339931004,37.21060472739923,2024-10-24 18:59:22
1750,55,50,18,,,126.829629823442,37.20887548831977,126.82139145949184,37.211385235455445,2024-10-24 18:59:34
1751,55,37,18,,,126.82954280234647,37.20876989618238,126.82178173443172,37.19771080785437,2024-10-24 18:59:53
1752,6,55,19,,,126.82478929918516,37.20404897138201,126.83076249056242,37.20956295685319,2024-10-24 19:00:12
1753,50,54,19,,,126.82278455759985,37.211928833821155,126.83216034091862,37.21069281039893,2024-10-24 19:00:29
1754,53,50,19,,,126.82974652970815,37.20549957385483,126.82240801137138,37.210670001233915,2024-10-24 19:00:36
1755,50,26,19,,,126.82280581949486,37.21187383037316,126.8176384845148,37.19384281644751,2024-10-24 19:00:38
1756,57,49,19,,,126.83169643655074,37.205096890905224,126.8274337404501,37.21401937661366,2024-10-24 19:00:55
1757,42,52,19,,,126.83104587922868,37.19704342855781,126.83072194557005,37.21709986319559,2024-10-24 19:01:46
1758,64,17,19,,,126.84256649909726,37.20301418365635,126.82736586812865,37.197169957964654,2024-10-24 19:03:28
1759,72,47,19,,,126.81168939267377,37.20714164331064,126.8281072057487,37.211752024392936,2024-10-24 19:04:37
1760,39,50,19,,,126.82183748365512,37.201128386034945,126.82166586207255,37.212380912331525,2024-10-24 19:05:41
1761,33,31,19,,,126.83001717358972,37.2007907752835,126.8300500781398,37.196920296197646,2024-10-24 19:05:59
1762,26,38,19,,,126.81908293580874,37.194083152200136,126.82371928035603,37.20162033431414,2024-10-24 19:06:07
1763,50,39,19,,,126.82153276059722,37.211769867036296,126.82067169953069,37.19971897854878,2024-10-24 19:06:09
1764,70,1,19,,,126.83818465622463,37.209877424379386,126.81537688173111,37.1986182109079,2024-10-24 19:06:36
1765,22,64,19,,,126.8163973703854,37.19452394112153,126.84312670030626,37.20341424571758,2024-10-24 19:06:38
1766,48,50,19,,,126.8313723803137,37.21449818567073,126.82158937963123,37.21125777837797,2024-10-24 19:06:41
1767,29,39,19,,,126.82728102227243,37.2020509755129,126.82155945444812,37.20096332604437,2024-10-24 19:06:47
1768,23,38,19,,,126.82179040351124,37.19214975765411,126.82506964458437,37.2006149233597,2024-10-24 19:06:57
1769,70,50,19,,,126.83830390807265,37.208800500109234,126.82255249708447,37.21074122236965,2024-10-24 19:07:15
1770,2,60,19,,,126.82126411564909,37.206606352744885,126.83265160633835,37.21259546284981,2024-10-24 19:07:27
1771,57,47,19,,,126.83280885259417,37.205477478191334,126.82721367650461,37.21009938309136,2024-10-24 19:07:29
1772,51,21,19,,,126.8200527910937,37.21009530632222,126.81927823530144,37.19700632565515,2024-10-24 19:07:43
1773,31,15,19,,,126.82928842648334,37.197211613985075,126.816896112902,37.20588283230864,2024-10-24 19:08:00
1774,26,17,19,,,126.81833039601734,37.193009401420106,126.82731473017377,37.19714560845343,2024-10-24 19:08:06
1775,17,7,19,,,126.82725109181986,37.19710059297738,126.82728534987415,37.2082986525574,2024-10-24 19:08:24
1776,49,5,19,,,126.82820611328368,37.213014218721206,126.82772013566682,37.20482911582187,2024-10-24 19:08:25
1777,50,50,19,,,126.82240939714639,37.211459825570216,126.82315553523998,37.212496422526755,2024-10-24 19:09:18
1778,7,32,19,,,126.82654722138756,37.207082917030675,126.83290134964857,37.20180776339961,2024-10-24 19:09:28
1779,37,58,19,,,126.82192600227651,37.197023022170335,126.83533736824326,37.20937350045817,2024-10-24 19:09:40
1780,54,36,19,,,126.83349810664943,37.210014912599604,126.82448392905627,37.197518153249895,2024-10-24 19:10:29
1781,42,37,19,,,126.830857866677,37.19595476610061,126.82112800092999,37.19840850169405,2024-10-24 19:11:11
1782,15,55,19,,,126.81710615956965,37.20702946223727,126.82985633627361,37.20829138010992,2024-10-24 19:11:38
1783,55,29,19,,,126.82952551280914,37.20918537124805,126.82716604526925,37.203379256056806,2024-10-24 19:12:26
1784,63,47,19,,,126.83521005517248,37.21213262687179,126.82670730626363,37.21108007065067,2024-10-24 19:13:07
1785,42,14,19,,,126.83167816817013,37.19654428309125,126.81949388309181,37.20789954747668,2024-10-24 19:13:09
1786,39,50,19,,,126.82194978211162,37.199380021159854,126.82277298004001,37.21249123221324,2024-10-24 19:13:54
1787,37,51,19,,,126.82158598066036,37.1977994643292,126.81876813264587,37.2095088602355,2024-10-24 19:14:19
1788,1,19,19,,,126.81523422968769,37.19744855970264,126.8293845184885,37.194400287555695,2024-10-24 19:14:30
1789,39,26,19,,,126.82103922375168,37.20042247134541,126.81819717425354,37.19398589938654,2024-10-24 19:14:44
1790,64,55,19,,,126.84247494720859,37.20292583406096,126.83027429577085,37.2091322438641,2024-10-24 19:15:08
1791,65,70,19,,,126.83355520292807,37.199651251388254,126.83692299447318,37.20862130755683,2024-10-24 19:16:51
1792,54,71,19,,,126.83246260607662,37.20964566495963,126.83991209657226,37.20458722643676,2024-10-24 19:17:04
1793,72,3,19,,,126.81216057746275,37.207959175380005,126.82496110331033,37.21045827070875,2024-10-24 19:17:14
1794,1,60,19,,,126.81685949665182,37.19904317786965,126.8337220920718,37.21289067257861,2024-10-24 19:17:42
1795,49,56,19,,,126.82854259894036,37.213877689865235,126.8358017503194,37.20498441412615,2024-10-24 19:18:30
1796,4,37,19,,,126.8212149421153,37.20781357594672,126.82123113537276,37.196893163968916,2024-10-24 19:18:53
1797,16,35,19,,,126.82301272185887,37.19231444525743,126.81981883663967,37.201925963040004,2024-10-24 19:19:08
1798,59,36,19,,,126.83317598117586,37.20791123280694,126.82343974258352,37.19949284646695,2024-10-24 19:19:11
1799,21,72,19,,,126.81942280877283,37.19590760100914,126.81173788721337,37.20757821941537,2024-10-24 19:19:19
1800,13,70,19,,,126.81698706547172,37.20392203997119,126.83857120121249,37.2102792467453,2024-10-24 19:20:03
1801,15,2,19,,,126.81777927884416,37.207187665417834,126.82186546947455,37.20684406797783,2024-10-24 19:20:34
1802,65,39,19,,,126.8341872424318,37.199231679517304,126.8219076035128,37.20112490256213,2024-10-24 19:20:46
1803,19,32,19,,,126.82893739519936,37.19415859863038,126.83295892476598,37.20244074191506,2024-10-24 19:21:13
1804,37,51,19,,,126.822232785711,37.197468936231026,126.81977108372135,37.21012362338168,2024-10-24 19:21:21
1805,19,63,19,,,126.82946122539695,37.19557739056188,126.8346100639478,37.21214228053916,2024-10-24 19:21:49
1806,47,18,19,,,126.82681809466864,37.21140327783644,126.8232685329158,37.1962851873231,2024-10-24 19:22:46
1807,18,47,19,,,126.82459566064334,37.196170155028206,126.82675764785051,37.211336371438925,2024-10-24 19:23:13
1808,6,25,19,,,126.82502637702986,37.205134023133816,126.82136723751246,37.19549032479176,2024-10-24 19:23:25
1809,72,12,19,,,126.8115388315899,37.207965828129915,126.82006910993823,37.20522331342357,2024-10-24 19:23:42
1810,51,37,19,,,126.81939410814596,37.20963371724051,126.82106488284435,37.19786847089273,2024-10-24 19:24:09
1811,70,50,19,,,126.83754150312627,37.21002211350416,126.82243709829955,37.21205813029031,2024-10-24 19:24:36
1812,18,50,19,,,126.8233479839246,37.19494382752341,126.82285320995354,37.211260903890945,2024-10-24 19:25:06
1813,70,50,19,,,126.83737062709217,37.2090160337386,126.82155383651885,37.21166916810783,2024-10-24 19:25:22
1814,5,33,19,,,126.82805124285343,37.205421986458624,126.83017853013918,37.20118851080483,2024-10-24 19:25:38
1815,6,41,19,,,126.8253432927672,37.20435675098005,126.83484834073738,37.197942110143366,2024-10-24 19:25:50
1816,28,40,19,,,126.829827538741,37.20344970337611,126.83146958904858,37.193167210852714,2024-10-24 19:26:12
1817,50,26,19,,,126.82299154416435,37.21086185864363,126.81893063902292,37.193883314344205,2024-10-24 19:26:35
1818,55,50,19,,,126.8308336719613,37.20911623364373,126.82215707118608,37.21218663950239,2024-10-24 19:27:17
1819,30,28,19,,,126.8308145376063,37.19955666464304,126.82961117902258,37.203593440749124,2024-10-24 19:27:40
1820,55,50,19,,,126.83078854508045,37.20960036445252,126.82177735802058,37.21082113867735,2024-10-24 19:28:44
1821,23,42,19,,,126.82014988097264,37.19215201257316,126.83126205156468,37.19522805617262,2024-10-24 19:29:09
1822,50,37,19,,,126.8228163077923,37.21154170300214,126.8207182748754,37.19827122762287,2024-10-24 19:29:12
1823,67,51,19,,,126.83558105630401,37.202196904300195,126.81930337813779,37.210146551615544,2024-10-24 19:29:24
1824,50,37,19,,,126.8229763119698,37.2124730062263,126.8208123926159,37.19742806220247,2024-10-24 19:29:57
1825,55,37,19,,,126.829694025014,37.20843618507986,126.82097922015946,37.19729152402055,2024-10-24 19:29:59
1826,23,38,19,,,126.82039559827416,37.19218503309398,126.82360512122159,37.20060935820565,2024-10-24 19:30:09
1827,15,14,19,,,126.81675100645549,37.20743305963942,126.81895774020026,37.20768534107051,2024-10-24 19:30:27
1828,20,25,19,,,126.81630172511106,37.192078888692464,126.8204748894182,37.19420198980335,2024-10-24 19:31:26
1829,5,71,19,,,126.82728619227035,37.20572983999071,126.8404191336307,37.204661756934044,2024-10-24 19:32:18
1830,21,38,19,,,126.81909210957035,37.19732350144298,126.82422453714437,37.20110183863061,2024-10-24 19:32:19
1831,23,50,19,,,126.8199183793664,37.19115238780084,126.82267956978191,37.21246106719484,2024-10-24 19:32:20
1832,7,48,19,,,126.82762188912919,37.20806138417938,126.8307109798575,37.21375013192639,2024-10-24 19:32:26
1833,13,38,19,,,126.8172773815253,37.20468143527943,126.8246374037615,37.20213011796535,2024-10-24 19:32:30
1834,55,50,19,,,126.8309524068653,37.210031914185414,126.82235750984078,37.210738098287266,2024-10-24 19:32:43
1835,49,23,19,,,126.82744725887697,37.21285383709118,126.82037742858282,37.1919374381918,2024-10-24 19:33:25
1836,55,50,19,,,126.83041519137707,37.20971215664961,126.82290815959148,37.21115028907222,2024-10-24 19:33:49
1837,33,40,19,,,126.83024682570827,37.20026293870899,126.83228094904746,37.192643104292436,2024-10-24 19:34:33
1838,51,8,19,,,126.81879647787662,37.210125972197275,126.82395750488418,37.2069416093223,2024-10-24 19:35:04
1839,71,50,19,,,126.83914303584484,37.205430195463755,126.8224803655363,37.21088392713034,2024-10-24 19:36:25
1840,71,34,19,,,126.83965836646641,37.205226677269636,126.82223011391244,37.203002643795614,2024-10-24 19:37:18
1841,39,50,19,,,126.82124799694029,37.19974883980997,126.82217949292347,37.21230783354224,2024-10-24 19:37:32
1842,50,26,19,,,126.82307863420452,37.21168974763214,126.81760828863607,37.193481414315386,2024-10-24 19:37:39
1843,50,26,19,,,126.82148510342319,37.2119713584248,126.81930214392337,37.19397852912345,2024-10-24 19:38:44
1844,27,62,19,,,126.82701699444456,37.19954405546691,126.83822898986939,37.211544490086546,2024-10-24 19:39:05
1845,50,48,19,,,126.8228661930862,37.21061533671978,126.8304205344083,37.21485219325682,2024-10-24 19:39:16
1846,5,6,19,,,126.8261611678573,37.205794431050556,126.82497625571902,37.20355726958017,2024-10-24 19:39:45
1847,25,17,19,,,126.82033421758574,37.19447598557732,126.82589562145307,37.19721474107662,2024-10-24 19:40:30
1848,58,39,19,,,126.83500173649911,37.208933517714215,126.82145629080193,37.1998178383259,2024-10-24 19:40:45
1849,17,50,19,,,126.82609207100619,37.19589897429863,126.82286530981168,37.21232084792666,2024-10-24 19:41:00
1850,12,25,19,,,126.81894407949504,37.20537658243084,126.8219200361641,37.195486512204056,2024-10-24 19:41:49
1851,63,24,19,,,126.8345983715969,37.21057188240864,126.8176773504445,37.190515114993815,2024-10-24 19:43:18
1852,50,38,19,,,126.82327428346932,37.212216356623834,126.82379432210034,37.201132742010216,2024-10-24 19:43:23
1853,27,22,19,,,126.82664903973561,37.199922643154444,126.81603880124312,37.1943081932773,2024-10-24 19:43:47
1854,51,37,19,,,126.82048150046339,37.21045044715595,126.82204573448361,37.19829443248071,2024-10-24 19:43:53
1855,26,38,19,,,126.81890484384869,37.194018091046836,126.8245103200617,37.202302040361396,2024-10-24 19:44:33
1856,26,48,19,,,126.81737634906487,37.193417927139905,126.829678936468,37.213977128975486,2024-10-24 19:44:35
1857,71,6,19,,,126.83944126864725,37.205623474834965,126.8235899574659,37.20402667246565,2024-10-24 19:44:40
1858,33,59,19,,,126.82891547333286,37.199665953993,126.83248653370794,37.20827020682908,2024-10-24 19:44:55
1859,20,22,19,,,126.81511371230494,37.19265027151972,126.81596942331214,37.19505276452235,2024-10-24 19:45:18
1860,20,51,19,,,126.81587236001765,37.19235860530341,126.8200253661562,37.209711130527396,2024-10-24 19:46:25
1861,50,71,19,,,126.82259412126515,37.21171890089214,126.84040445796938,37.205917951299035,2024-10-24 19:46:41
1862,44,1,19,,,126.81972172796397,37.18907467932502,126.81584190452718,37.198357638597024,2024-10-24 19:46:41
1863,20,65,19,,,126.81666312639933,37.19169396426771,126.83441665563346,37.200424614154144,2024-10-24 19:47:00
1864,50,50,19,,,126.82140717469677,37.21074989684765,126.82304216901183,37.21088088168306,2024-10-24 19:47:38
1865,50,37,19,,,126.82273580462251,37.21205556999753,126.82117631984958,37.19726009120865,2024-10-24 19:48:17
1866,16,32,19,,,126.82435547172666,37.19193213675108,126.83176620540095,37.20139950631189,2024-10-24 19:48:51
1867,18,32,19,,,126.82400544374735,37.19545229360027,126.83271150779306,37.20187030461155,2024-10-24 19:49:29
1868,62,7,19,,,126.83740560835615,37.212360051497576,126.8274838247066,37.20901665951293,2024-10-24 19:49:51
1869,11,54,19,,,126.81421452357063,37.20790818371558,126.83247221880623,37.21040700052647,2024-10-24 19:50:13
1870,51,37,19,,,126.81948190769994,37.2106817420374,126.82211896468039,37.19826971644382,2024-10-24 19:50:22
1871,50,55,19,,,126.82322029208477,37.21182286189658,126.83087643222598,37.21011085231518,2024-10-24 19:50:26
1872,66,36,19,,,126.83694042982154,37.20355122078124,126.82415807748835,37.198064651053116,2024-10-24 19:50:50
1873,23,38,19,,,126.82111591112452,37.191184432178616,126.82488113086721,37.201044163993984,2024-10-24 19:51:05
1874,7,38,19,,,126.8270382920989,37.20866165969344,126.82448660048587,37.201556415832435,2024-10-24 19:51:17
1875,4,65,19,,,126.82127772174574,37.20788666935607,126.83347454345636,37.20051516701138,2024-10-24 19:51:55
1876,58,70,19,,,126.83536830578976,37.208316558473776,126.83719245366996,37.20999802644319,2024-10-24 19:51:56
1877,50,72,19,,,126.82182951132818,37.21154754650684,126.81232068501993,37.20632624682216,2024-10-24 19:52:08
1878,37,50,19,,,126.82132895146412,37.197010397367194,126.82236025982245,37.210780223767976,2024-10-24 19:53:26
1879,14,60,19,,,126.8194803014348,37.20831761047498,126.83348979078389,37.21226493438806,2024-10-24 19:53:34
1880,17,8,19,,,126.8271495006603,37.19715320933812,126.82514921172861,37.20781415350957,2024-10-24 19:54:18
1881,33,21,19,,,126.82839255969931,37.20029437502952,126.81888196220099,37.1964930349022,2024-10-24 19:54:38
1882,20,53,19,,,126.81473811692148,37.19310253882545,126.82976719345821,37.20593717701375,2024-10-24 19:54:42
1883,18,40,19,,,126.82323942723917,37.19515572748003,126.83054950789453,37.192881850900704,2024-10-24 19:55:11
1884,21,7,19,,,126.81923245058887,37.196009161936416,126.82776674851388,37.20745278234752,2024-10-24 19:55:18
1885,21,33,19,,,126.81904813234941,37.19579301630993,126.8298663508523,37.20151209857409,2024-10-24 19:55:19
1886,30,70,19,,,126.83090290815485,37.19899110409038,126.8378966967706,37.21021381717798,2024-10-24 19:55:26
1887,11,23,19,,,126.81459346585352,37.20790150046042,126.82175263028876,37.19253999102566,2024-10-24 19:55:28
1888,31,7,19,,,126.82833839992736,37.19843042102359,126.82823279439606,37.20853753255815,2024-10-24 19:55:53
1889,60,39,19,,,126.83284393491928,37.21286752953407,126.82069056209906,37.2008043389099,2024-10-24 19:56:01
1890,21,6,19,,,126.81815967141006,37.195774282969346,126.82351030782239,37.20506812426927,2024-10-24 19:56:34
1891,51,37,19,,,126.81940615287549,37.210395922052264,126.8209178502697,37.19765466420803,2024-10-24 19:57:54
1892,21,33,19,,,126.817619812843,37.19566125929331,126.82915914832088,37.20045035401039,2024-10-24 19:57:55
1893,23,38,19,,,126.82042158315092,37.19266227289984,126.82432316309357,37.20162898041165,2024-10-24 19:58:00
1894,21,33,19,,,126.81836029692795,37.19631788214624,126.82963277399922,37.20163456194867,2024-10-24 19:58:29
1895,51,37,19,,,126.81929302073361,37.20965511993158,126.82068687855639,37.19701069379012,2024-10-24 19:58:33
1896,55,50,19,,,126.82920788074613,37.20953095534834,126.82164673483564,37.2110703132033,2024-10-24 19:59:25
1897,50,50,19,,,126.8232761675441,37.21052190303981,126.82324425700999,37.211854579801354,2024-10-24 19:59:41
1898,23,45,20,,,126.82002611302472,37.192708357424266,126.82474108523665,37.21305389898219,2024-10-24 20:00:38
1899,46,33,20,,,126.82982892164155,37.21244121783364,126.82959105129947,37.200769165618716,2024-10-24 20:00:44
1900,70,50,20,,,126.83800530958275,37.20979731755112,126.82279452599998,37.21055615034365,2024-10-24 20:00:47
1901,23,38,20,,,126.8211023993614,37.1923200135542,126.82366553416443,37.20040719252635,2024-10-24 20:00:55
1902,55,14,20,,,126.82960048030365,37.2087164054209,126.81872051890693,37.208242108290214,2024-10-24 20:01:06
1903,51,26,20,,,126.8200620076284,37.21132467914911,126.81862451881568,37.19306738679824,2024-10-24 20:01:33
1904,49,63,20,,,126.82751368191725,37.21383710699524,126.83606150341068,37.211447146615754,2024-10-24 20:01:37
1905,42,70,20,,,126.83087640466366,37.19559445298997,126.8372425530927,37.20875245838461,2024-10-24 20:01:54
1906,46,57,20,,,126.82938076012579,37.21140884526002,126.83131317575693,37.20470236655268,2024-10-24 20:02:12
1907,51,21,20,,,126.82059173210781,37.210509551573665,126.81800362148223,37.195633900443205,2024-10-24 20:02:36
1908,50,37,20,,,126.8219526243081,37.21122745789612,126.8215001136741,37.1972416701719,2024-10-24 20:02:42
1909,10,47,20,,,126.8165938637036,37.209405393922204,126.82840952740418,37.211126366620576,2024-10-24 20:03:06
1910,21,19,20,,,126.81759749758336,37.19659478345228,126.82932714247292,37.194745795064364,2024-10-24 20:03:54
1911,36,40,20,,,126.82366675091409,37.199327056201874,126.83188403660492,37.19399855613623,2024-10-24 20:04:04
1912,50,37,20,,,126.82210603070389,37.21106074831984,126.8206191191723,37.196602062194245,2024-10-24 20:04:39
1913,38,21,20,,,126.82483098426121,37.200344667841634,126.81910751660796,37.196175862582656,2024-10-24 20:05:15
1914,71,58,20,,,126.83977820826834,37.20497714663389,126.83491467988645,37.2091352863688,2024-10-24 20:05:16
1915,42,49,20,,,126.8314877560484,37.19674851082666,126.82803324012238,37.213289135297444,2024-10-24 20:05:16
1916,51,39,20,,,126.81985164346835,37.210864836495674,126.82181255819313,37.199528139546935,2024-10-24 20:05:18
1917,70,50,20,,,126.8368693129518,37.20968311696821,126.82334620255511,37.21196885200274,2024-10-24 20:05:22
1918,51,26,20,,,126.81924247538274,37.20970286491769,126.81910069600944,37.192691108800844,2024-10-24 20:05:42
1919,23,38,20,,,126.82169063191876,37.19132843499481,126.82475364914424,37.201518986802604,2024-10-24 20:05:42
1920,29,39,20,,,126.82706249874389,37.20319169054541,126.82154539359544,37.199595040621354,2024-10-24 20:05:47
1921,50,37,20,,,126.82228898988735,37.21149833819645,126.8208519630251,37.196763038989545,2024-10-24 20:05:57
1922,33,15,20,,,126.82856934487113,37.200311889688564,126.81649188688012,37.20705802802317,2024-10-24 20:06:10
1923,58,37,20,,,126.83563653298656,37.208451464460296,126.82046015081193,37.1982780615298,2024-10-24 20:07:04
1924,39,50,20,,,126.82224674659865,37.19955067973978,126.82288164003056,37.210564751889734,2024-10-24 20:07:35
1925,28,54,20,,,126.83051988154996,37.20346496157165,126.83358482140098,37.20964251940841,2024-10-24 20:07:40
1926,37,4,20,,,126.82054902715174,37.19701299828741,126.82309924801484,37.20939167548376,2024-10-24 20:09:30
1927,21,38,20,,,126.81776406332455,37.1971472091298,126.82353890432081,37.20068273952901,2024-10-24 20:10:07
1928,51,39,20,,,126.82056230354645,37.211212391355055,126.8211172479898,37.20023779640449,2024-10-24 20:10:16
1929,50,37,20,,,126.82336818322884,37.211634315398115,126.82029063017318,37.19661841579745,2024-10-24 20:10:24
1930,50,64,20,,,126.82308703255366,37.21164078112776,126.84326487450346,37.20269958093831,2024-10-24 20:10:48
1931,1,16,20,,,126.81650967801323,37.1982755909436,126.82258835522514,37.192131561660574,2024-10-24 20:11:23
1932,54,12,20,,,126.83282556128296,37.21113696350417,126.81987497027775,37.20381740371026,2024-10-24 20:13:02
1933,5,44,20,,,126.8263974552794,37.2045841493956,126.82098325274077,37.18841355719941,2024-10-24 20:14:07
1934,60,39,20,,,126.8328054090227,37.21245497042084,126.82087555279054,37.20000106472997,2024-10-24 20:14:27
1935,41,56,20,,,126.83488081025804,37.19698053719606,126.8351188965177,37.20659489408065,2024-10-24 20:14:56
1936,26,38,20,,,126.81820741509611,37.19257569231768,126.8244795774705,37.20061446546158,2024-10-24 20:15:18
1937,27,29,20,,,126.82699837768835,37.20042844056998,126.82728318837844,37.20277405014013,2024-10-24 20:15:25
1938,11,60,20,,,126.81374585602323,37.20923620585503,126.83319344026393,37.21224158135534,2024-10-24 20:16:59
1939,42,61,20,,,126.83070650101011,37.195332194919594,126.83381364863183,37.216031369474365,2024-10-24 20:18:25
1940,10,50,20,,,126.81655104682376,37.21019275825451,126.82266420042089,37.21208175631179,2024-10-24 20:18:57
1941,21,33,20,,,126.8195198906102,37.19569634332133,126.83027179815191,37.20074056025379,2024-10-24 20:19:05
1942,29,22,20,,,126.82708487951587,37.20211513337158,126.81673947664031,37.19449884169558,2024-10-24 20:19:14
1943,21,39,20,,,126.81790251849776,37.195384967450835,126.82127282698417,37.19959437360647,2024-10-24 20:19:15
1944,50,13,20,,,126.82274412213559,37.21082295968099,126.81681508696752,37.202865198071585,2024-10-24 20:19:48
1945,50,37,20,,,126.82309127927832,37.21122114638658,126.82204210652911,37.19728540660265,2024-10-24 20:19:51
1946,70,50,20,,,126.83849964678524,37.20892718712789,126.8229935689646,37.211953138916755,2024-10-24 20:20:16
1947,51,37,20,,,126.8193932172659,37.20974845569284,126.82121174550294,37.19726180586701,2024-10-24 20:20:16
1948,32,31,20,,,126.83189261655515,37.20104206508755,126.830042899764,37.19844398711724,2024-10-24 20:21:51
1949,33,33,20,,,126.83020233391223,37.19994222541899,126.82908064379934,37.20150899267113,2024-10-24 20:22:45
1950,48,50,20,,,126.83135231138772,37.215247232567165,126.82200831905732,37.21150094584156,2024-10-24 20:24:20
1951,51,26,20,,,126.82065178639519,37.21099850738842,126.81777613000511,37.192954532240044,2024-10-24 20:24:40
1952,37,68,20,,,126.82047276632915,37.19653177040135,126.83978449921537,37.202336058574325,2024-10-24 20:25:22
1953,50,55,20,,,126.82220576264322,37.21066749477148,126.83074136670538,37.209012701024506,2024-10-24 20:25:30
1954,41,38,20,,,126.83348606703898,37.1981518078462,126.82440693579636,37.20074344092817,2024-10-24 20:25:46
1955,70,71,20,,,126.83813724859007,37.21008031246951,126.84092536541931,37.2045385861814,2024-10-24 20:25:48
1956,55,50,20,,,126.83030576066999,37.20868257234854,126.8226475886407,37.21186107734732,2024-10-24 20:26:02
1957,34,26,20,,,126.82213797999135,37.20222148219811,126.81890632934548,37.193581582468816,2024-10-24 20:26:15
1958,68,10,20,,,126.83917828061757,37.203127555695396,126.81704473126887,37.21014660508442,2024-10-24 20:26:39
1959,48,59,20,,,126.83138253482782,37.21519524995684,126.83164240723646,37.207783091218374,2024-10-24 20:26:40
1960,51,21,20,,,126.81909360674739,37.21095582243108,126.81821125092478,37.19600031411733,2024-10-24 20:27:05
1961,49,20,20,,,126.82775661525947,37.21445577833716,126.8162195495613,37.19245139047796,2024-10-24 20:27:48
1962,39,26,20,,,126.82137237958715,37.20068401990893,126.81737956306901,37.19381738488259,2024-10-24 20:28:05
1963,64,6,20,,,126.84156905036748,37.20231882757952,126.82507422189543,37.20471615311979,2024-10-24 20:28:18
1964,37,21,20,,,126.82191639028262,37.1969085985281,126.81785228382581,37.195454604174785,2024-10-24 20:28:44
1965,64,33,20,,,126.84346353737948,37.20273714058419,126.82960314209367,37.20005110367111,2024-10-24 20:29:21
1966,69,44,20,,,126.83801430426554,37.20618565428897,126.81982655470193,37.18823060232049,2024-10-24 20:29:51
1967,50,37,20,,,126.8216602686595,37.21180109784129,126.82139821356701,37.19667153615972,2024-10-24 20:30:10
1968,21,38,20,,,126.81811426820519,37.19578415091808,126.82478431419754,37.20148304004029,2024-10-24 20:30:11
1969,60,16,20,,,126.83350789055302,37.21301593471916,126.82420087528604,37.193209113457605,2024-10-24 20:30:19
1970,51,71,20,,,126.82040919888323,37.21130603662036,126.84033324642331,37.20525724263737,2024-10-24 20:30:45
1971,51,31,20,,,126.8197442206337,37.211161967389614,126.82860911572179,37.198189574437976,2024-10-24 20:30:49
1972,40,69,20,,,126.83198577931121,37.193408209737946,126.83759799941653,37.207562015740606,2024-10-24 20:31:00
1973,55,50,20,,,126.82934033978108,37.208969283706494,126.82246489992991,37.211690297295455,2024-10-24 20:31:19
1974,51,18,20,,,126.8190552114667,37.2096376272319,126.82464033563194,37.194905689253986,2024-10-24 20:31:44
1975,62,66,20,,,126.83774445922359,37.21325648660209,126.83729769013726,37.20449544400192,2024-10-24 20:32:03
1976,38,51,20,,,126.82466506252416,37.20180682831824,126.81929368013961,37.21081651698129,2024-10-24 20:32:04
1977,72,52,20,,,126.81146935740604,37.20776688498666,126.83091037075285,37.21753264731834,2024-10-24 20:33:31
1978,33,21,20,,,126.82970111504669,37.20051344700425,126.81916368438117,37.19617076153448,2024-10-24 20:33:44
1979,2,13,20,,,126.82267237482382,37.20623901731951,126.81589421796494,37.204650769187644,2024-10-24 20:33:47
1980,55,37,20,,,126.8298985444299,37.209410339833234,126.82096516910867,37.19724437733283,2024-10-24 20:34:04
1981,39,50,20,,,126.82127721369447,37.199559602643774,126.82327585809841,37.21134775520619,2024-10-24 20:34:21
1982,64,24,20,,,126.8427164480818,37.203893547138556,126.81904794835214,37.190382728549785,2024-10-24 20:35:25
1983,55,50,20,,,126.83093468977951,37.208964214870136,126.82323207189009,37.211172166902884,2024-10-24 20:37:01
1984,26,17,20,,,126.81837622906234,37.193121167560356,126.82568928949918,37.19744260701116,2024-10-24 20:37:10
1985,53,31,20,,,126.82996432418877,37.20684566708828,126.82850974742922,37.197282560208905,2024-10-24 20:37:16
1986,18,54,20,,,126.82298846254236,37.195217068951976,126.83226167910146,37.2109901460127,2024-10-24 20:37:29
1987,33,59,20,,,126.82938181467111,37.20065998745317,126.83309045596069,37.207442726462105,2024-10-24 20:37:30
1988,70,26,20,,,126.83746354246314,37.208857635636356,126.81740442469014,37.19271419942856,2024-10-24 20:37:44
1989,1,28,20,,,126.81706121355593,37.1971988704007,126.8301674124527,37.202861702255134,2024-10-24 20:38:39
1990,51,26,20,,,126.81989681957442,37.209482035638246,126.81922606356292,37.193288260225785,2024-10-24 20:38:47
1991,51,39,20,,,126.8187145277655,37.21019766506441,126.8216786895914,37.20080504981575,2024-10-24 20:38:56
1992,70,21,20,,,126.8385047946524,37.21010809188672,126.8180971414458,37.19659750960632,2024-10-24 20:39:23
1993,53,20,20,,,126.82919968301363,37.205491790406214,126.81550978140827,37.19340510022009,2024-10-24 20:39:29
1994,38,3,20,,,126.82322921973623,37.2020606663957,126.82399839779157,37.20949658307289,2024-10-24 20:40:32
1995,70,71,20,,,126.8371024039715,37.20878489794493,126.83941666902636,37.20451264587956,2024-10-24 20:40:40
1996,30,56,20,,,126.83162553392648,37.1982936597437,126.83528305114353,37.206429154396965,2024-10-24 20:40:56
1997,51,21,20,,,126.82009924642473,37.210391979162615,126.81813343132575,37.196295311780375,2024-10-24 20:41:15
1998,22,52,20,,,126.81517988214542,37.194637835788946,126.83056905355863,37.217412402789776,2024-10-24 20:41:29
1999,30,71,20,,,126.83147181619593,37.19956605385854,126.84088788234338,37.20419650165719,2024-10-24 20:42:39
2000,70,71,20,,,126.83878832887848,37.20858581094401,126.83927727667078,37.205722534624044,2024-10-24 20:42:49
2001,15,5,20,,,126.81652488968889,37.20673327626738,126.82748837260311,37.20438250902724,2024-10-24 20:43:11
2002,70,50,20,,,126.83753497590274,37.209802532883145,126.82317519265348,37.21097995744363,2024-10-24 20:43:18
2003,23,16,20,,,126.82001390273282,37.19273389297216,126.8239509940234,37.192927250287454,2024-10-24 20:44:02
2004,50,37,20,,,126.82291664660089,37.211547087849496,126.8205231418157,37.197318564126306,2024-10-24 20:44:28
2005,21,38,20,,,126.81882914048244,37.19585756318066,126.82358116629385,37.20152839582102,2024-10-24 20:44:38
2006,31,7,20,,,126.82862102321923,37.19758851063573,126.82789879938785,37.208845525485934,2024-10-24 20:45:10
2007,50,72,20,,,126.82231112936441,37.210687519915496,126.81244212018063,37.20746097103934,2024-10-24 20:45:40
2008,50,50,20,,,126.82211283870409,37.2107584821522,126.82328346408974,37.21219018496248,2024-10-24 20:46:27
2009,50,60,20,,,126.82333423744706,37.210585864823734,126.83347733053955,37.21212332902939,2024-10-24 20:46:35
2010,51,39,20,,,126.82062584441564,37.21098710391317,126.82230962794992,37.2001124730417,2024-10-24 20:47:01
2011,26,6,20,,,126.81844037004134,37.19306260385892,126.82348173434097,37.203177548673295,2024-10-24 20:47:14
2012,37,36,20,,,126.82101566823358,37.197831529423375,126.82487486022697,37.19755702611087,2024-10-24 20:47:29
2013,50,60,20,,,126.82139526006414,37.21214298374531,126.8324774704634,37.21371533124782,2024-10-24 20:47:46
2014,56,50,20,,,126.83575900090189,37.20588367227214,126.82337010061475,37.21221450820948,2024-10-24 20:47:55
2015,23,50,20,,,126.82009189533238,37.19096305242865,126.82316415475574,37.21201985717893,2024-10-24 20:48:17
2016,41,34,20,,,126.83509870079499,37.19665058498945,126.82089201093576,37.20259790197169,2024-10-24 20:48:25
2017,50,26,20,,,126.82181066856594,37.210963653833296,126.81763486948401,37.19389061005236,2024-10-24 20:49:02
2018,50,26,20,,,126.82330670889073,37.210822607728105,126.81881058550924,37.19356029217271,2024-10-24 20:49:03
2019,2,72,20,,,126.82205686056427,37.20588818549574,126.81185630390833,37.2069564958759,2024-10-24 20:51:14
2020,21,38,20,,,126.81846879301176,37.19613379965943,126.8240366554011,37.201779336250816,2024-10-24 20:51:23
2021,50,37,20,,,126.82247364627722,37.21224142863552,126.82182363770184,37.19836149794816,2024-10-24 20:52:18
2022,50,37,20,,,126.82335166079115,37.211421995973815,126.8217870394066,37.198380571232704,2024-10-24 20:52:41
2023,50,37,20,,,126.82185759542797,37.211866260626095,126.82147450075594,37.198417622707076,2024-10-24 20:52:51
2024,21,33,20,,,126.81874320363022,37.197220906656575,126.82969050415942,37.20111098725265,2024-10-24 20:53:07
2025,63,35,20,,,126.83492465806384,37.21072230340635,126.8185528130133,37.20273257272583,2024-10-24 20:53:23
2026,31,64,20,,,126.8299564111669,37.19685464316822,126.84282826497724,37.20255076425427,2024-10-24 20:53:51
2027,48,48,20,,,126.82953093114376,37.21471148768797,126.83005204305968,37.213930295577455,2024-10-24 20:53:56
2028,8,29,20,,,126.82462417248468,37.206976184949696,126.82637115521514,37.20284167589581,2024-10-24 20:53:58
2029,51,60,20,,,126.819507438024,37.21135934137965,126.83190350304551,37.213050595075515,2024-10-24 20:54:04
2030,57,65,20,,,126.83140270256052,37.20523659002782,126.83532508364351,37.19904442260511,2024-10-24 20:55:01
2031,23,19,20,,,126.82001289502175,37.19081669910044,126.82808626014865,37.194802809854565,2024-10-24 20:55:09
2032,34,50,20,,,126.82211432451219,37.203550813754646,126.82138510638381,37.21097089981316,2024-10-24 20:55:23
2033,32,50,20,,,126.83215491152868,37.20088113199118,126.82193632645725,37.21241968430406,2024-10-24 20:55:36
2034,23,50,20,,,126.8204769477749,37.191119410925566,126.82149112518545,37.210809540322444,2024-10-24 20:55:40
2035,63,5,20,,,126.83592671955714,37.211564149040875,126.82795668278774,37.205007633825375,2024-10-24 20:56:00
2036,51,39,20,,,126.82018033744251,37.211297327247806,126.82111746289287,37.200712343639694,2024-10-24 20:56:13
2037,42,52,20,,,126.83066022717422,37.19587633327754,126.83050744901837,37.217302569003905,2024-10-24 20:56:28
2038,64,58,20,,,126.84338043746568,37.20235664034574,126.83601186289846,37.20831685949036,2024-10-24 20:56:33
2039,51,32,20,,,126.82048457792371,37.20952687369577,126.83292595730775,37.201603573310244,2024-10-24 20:56:41
2040,63,53,20,,,126.83617612463831,37.21207977633701,126.82877075258432,37.20664349992115,2024-10-24 20:57:14
2041,36,16,20,,,126.8240617827779,37.19753864164926,126.82433927297505,37.193788924730285,2024-10-24 20:58:04
2042,10,27,20,,,126.8174266865216,37.20877893499508,126.82597176093381,37.19968936057661,2024-10-24 20:58:11
2043,21,38,20,,,126.81871599717034,37.19569509394737,126.82352966156014,37.20220642255946,2024-10-24 20:58:52
2044,50,60,21,,,126.82290536520793,37.2114261293108,126.83357454533981,37.213045228239594,2024-10-24 21:00:24
2045,51,39,21,,,126.8199419925923,37.211030622818875,126.82061871643795,37.19964030481605,2024-10-24 21:00:26
2046,43,12,21,,,126.8242127931953,37.19024644446026,126.81922402626103,37.204954979390735,2024-10-24 21:00:39
2047,53,38,21,,,126.82883060455477,37.20645797444513,126.82448323116569,37.20162055709412,2024-10-24 21:00:45
2048,47,51,21,,,126.82712770346846,37.21150263489126,126.81973032685895,37.21008686687043,2024-10-24 21:00:55
2049,21,58,21,,,126.8177669208358,37.19548178107235,126.83557958680844,37.209063681166356,2024-10-24 21:01:06
2050,37,51,21,,,126.82132251748556,37.19737608455873,126.81893131713576,37.21012330277812,2024-10-24 21:01:57
2051,11,1,21,,,126.81376543347501,37.20791221277291,126.81699596176495,37.19853277141707,2024-10-24 21:02:00
2052,38,70,21,,,126.82364638254083,37.20147017344842,126.83736965215415,37.20960379274836,2024-10-24 21:02:26
2053,62,46,21,,,126.83718899524604,37.213048987315936,126.83042374801863,37.21245487885262,2024-10-24 21:02:33
2054,38,37,21,,,126.8250867917101,37.20161240215583,126.82036702220914,37.1968627632403,2024-10-24 21:03:24
2055,71,64,21,,,126.84083903038564,37.20508053976915,126.84339041050501,37.2034190233816,2024-10-24 21:03:52
2056,55,50,21,,,126.82928935488883,37.208461510236845,126.82250566969921,37.21181238044615,2024-10-24 21:04:17
2057,21,33,21,,,126.81878028502241,37.19611405460948,126.82852011376478,37.20072030758732,2024-10-24 21:04:31
2058,71,54,21,,,126.83937113967387,37.205733541601724,126.83274073604467,37.20976961248471,2024-10-24 21:04:38
2059,34,15,21,,,126.82169734938611,37.20220453556035,126.81712766727266,37.20594790813838,2024-10-24 21:05:19
2060,50,60,21,,,126.82303916275085,37.21060989918452,126.83256311617212,37.213308971560394,2024-10-24 21:05:46
2061,46,1,21,,,126.8308184666523,37.211128159880445,126.81609758925796,37.19774863832194,2024-10-24 21:06:24
2062,50,60,21,,,126.8225102609726,37.212144393942474,126.83362477751191,37.21339039748387,2024-10-24 21:06:38
2063,50,38,21,,,126.82321976243013,37.21228658095626,126.82351545221393,37.201513790027064,2024-10-24 21:06:41
2064,23,38,21,,,126.81990910361272,37.19085169840575,126.82337911966371,37.200340504495486,2024-10-24 21:07:00
2065,37,51,21,,,126.82074187159002,37.19791365569759,126.81906872427977,37.21120758523886,2024-10-24 21:07:18
2066,71,34,21,,,126.83915837165017,37.20498608101826,126.82075322284217,37.203135322801195,2024-10-24 21:08:03
2067,51,21,21,,,126.82004349074646,37.2109003350092,126.81768272173315,37.19682159968777,2024-10-24 21:08:17
2068,50,37,21,,,126.82228942952008,37.21136743292142,126.8218454276915,37.198359909782326,2024-10-24 21:08:23
2069,51,55,21,,,126.81996705907731,37.21028409652782,126.83062364966086,37.20848213218458,2024-10-24 21:08:24
2070,64,51,21,,,126.84266411605661,37.204231220085845,126.81919965463234,37.209818857987194,2024-10-24 21:09:05
2071,20,1,21,,,126.81491403640076,37.19300606534933,126.81513806760643,37.197714461901306,2024-10-24 21:09:54
2072,51,39,21,,,126.81893673358259,37.21062697045478,126.82089301962245,37.19943263234126,2024-10-24 21:10:26
2073,50,37,21,,,126.8228057683707,37.212407884184174,126.82172685293585,37.1967088922238,2024-10-24 21:10:35
2074,40,45,21,,,126.83208925790413,37.19424863960355,126.82558482690692,37.21192308618615,2024-10-24 21:12:07
2075,39,50,21,,,126.82188537476824,37.20024538537282,126.82199002254883,37.21145403033341,2024-10-24 21:12:38
2076,50,38,21,,,126.82221199877989,37.211000554565985,126.823778840468,37.2007187587923,2024-10-24 21:13:37
2077,37,12,21,,,126.82063665361244,37.197983645830185,126.81857580422903,37.20434433854338,2024-10-24 21:13:51
2078,51,21,21,,,126.81981876325337,37.21045191719005,126.81784948670062,37.19727742976677,2024-10-24 21:13:59
2079,70,26,21,,,126.8377661989393,37.20968026943744,126.81859010195718,37.19323190268253,2024-10-24 21:14:09
2080,3,6,21,,,126.82459091994549,37.21014076745781,126.82520928744556,37.20376230273512,2024-10-24 21:14:21
2081,50,37,21,,,126.8225655174085,37.21106654827271,126.82087238966865,37.19652999027566,2024-10-24 21:14:50
2082,37,4,21,,,126.82103189816472,37.198256998199305,126.82239656491744,37.20858991485965,2024-10-24 21:14:56
2083,50,6,21,,,126.82166264042394,37.21181924750137,126.82388141825568,37.2041307973262,2024-10-24 21:15:02
2084,32,8,21,,,126.83253162973492,37.2009301034676,126.8243225563502,37.20737335635208,2024-10-24 21:15:25
2085,71,58,21,,,126.84091903173241,37.205695046964806,126.83493151878747,37.208458748618206,2024-10-24 21:16:28
2086,50,60,21,,,126.82212559647651,37.21166115851208,126.83369597409043,37.21325099116359,2024-10-24 21:16:33
2087,43,35,21,,,126.82236406317277,37.19000357063896,126.81938390739276,37.201008140047435,2024-10-24 21:16:53
2088,7,17,21,,,126.82668712282795,37.208884722534634,126.82545169579646,37.19582875072715,2024-10-24 21:17:22
2089,72,55,21,,,126.81070641660085,37.20748246607604,126.82938757197357,37.20895532787329,2024-10-24 21:17:57
2090,11,18,21,,,126.81372438631722,37.207804466281225,126.82413740649027,37.194872932276176,2024-10-24 21:18:16
2091,26,38,21,,,126.81920286104425,37.19392502023871,126.82340865111478,37.20148661884965,2024-10-24 21:18:25
2092,21,38,21,,,126.81782486655848,37.196185347335216,126.82382259779497,37.20066199189934,2024-10-24 21:18:44
2093,21,72,21,,,126.81826833013652,37.19597725216666,126.81219109401954,37.20633553649199,2024-10-24 21:18:45
2094,21,33,21,,,126.8194692233223,37.19677540408969,126.82965696330993,37.20128063585695,2024-10-24 21:18:58
2095,50,37,21,,,126.82139604392995,37.21072089483033,126.82055500884488,37.198278069772236,2024-10-24 21:19:41
2096,43,36,21,,,126.82332424850215,37.190729152212185,126.82323819976064,37.197838941821125,2024-10-24 21:19:50
2097,50,47,21,,,126.82263601182692,37.21163384385533,126.8272773672904,37.210938797286,2024-10-24 21:20:17
2098,51,39,21,,,126.82066005728039,37.21022850380221,126.82216787392105,37.200879446982434,2024-10-24 21:20:28
2099,55,50,21,,,126.82912296967874,37.20995947035338,126.82234686349497,37.212179164660014,2024-10-24 21:20:40
2100,50,37,21,,,126.82150860715707,37.21147416327068,126.82116846303141,37.197013057170174,2024-10-24 21:20:43
2101,26,27,21,,,126.8180118021783,37.19267777492836,126.82725451379274,37.19981056000076,2024-10-24 21:20:46
2102,37,33,21,,,126.82141523123192,37.198326592903015,126.82923618162006,37.19986991156407,2024-10-24 21:20:58
2103,50,26,21,,,126.82253840783618,37.21088165900407,126.81902148736572,37.19393136184767,2024-10-24 21:21:06
2104,14,20,21,,,126.81888269180936,37.20693531148505,126.81553637253319,37.192891156939815,2024-10-24 21:21:16
2105,29,23,21,,,126.82735955563392,37.20312430736194,126.82174510766235,37.19256871886711,2024-10-24 21:21:47
2106,21,38,21,,,126.81767600068511,37.195739173668464,126.82326243196351,37.201307580966336,2024-10-24 21:21:51
2107,23,42,21,,,126.82126194185493,37.192515899582865,126.83072691729711,37.195568075668014,2024-10-24 21:22:02
2108,20,50,21,,,126.81580436769569,37.191874581096386,126.82184467165612,37.21114363615299,2024-10-24 21:22:27
2109,39,26,21,,,126.82189613900907,37.200512703493125,126.81735935797073,37.19310364784241,2024-10-24 21:23:43
2110,59,45,21,,,126.83310742010082,37.20754676404619,126.8241233490908,37.21171677590448,2024-10-24 21:23:45
2111,50,26,21,,,126.82216142662351,37.2122765034808,126.81934103164625,37.19336227914947,2024-10-24 21:23:48
2112,46,48,21,,,126.82972536044099,37.21290776118976,126.83016341200567,37.21471686033453,2024-10-24 21:23:56
2113,50,37,21,,,126.82273637472646,37.21099797068491,126.82105897387251,37.19719608538247,2024-10-24 21:24:12
2114,50,26,21,,,126.82331028029334,37.21177798118093,126.81871074728126,37.1942819786497,2024-10-24 21:25:47
2115,38,3,21,,,126.82401402501989,37.2017837156604,126.82464579541302,37.209354106425515,2024-10-24 21:26:06
2116,21,38,21,,,126.81761921859568,37.19581571667744,126.82473545954845,37.20035538504099,2024-10-24 21:26:08
2117,12,18,21,,,126.81874759787594,37.205633357871285,126.8244133108974,37.19508474547776,2024-10-24 21:27:18
2118,21,38,21,,,126.81864361521835,37.19541688923371,126.82384362801318,37.201374739807534,2024-10-24 21:27:29
2119,30,37,21,,,126.83211151533085,37.19920473606243,126.820741793561,37.197467131113555,2024-10-24 21:28:12
2120,50,50,21,,,126.8223019421363,37.212423407518386,126.82143221841292,37.21232563025827,2024-10-24 21:28:42
2121,50,37,21,,,126.8230475942751,37.21120502471652,126.82053618423602,37.196523407803376,2024-10-24 21:29:22
2122,50,37,21,,,126.82154081004894,37.21167096334809,126.82120710220272,37.19686131924203,2024-10-24 21:29:29
2123,50,38,21,,,126.82202433397678,37.21185836009731,126.82453549064287,37.201476047275655,2024-10-24 21:29:45
2124,65,47,21,,,126.83391108321862,37.2003692676609,126.82739356141987,37.21133144374741,2024-10-24 21:29:52
2125,54,51,21,,,126.83348600529524,37.209278738087455,126.81963047896267,37.21134498218062,2024-10-24 21:30:20
2126,14,39,21,,,126.81996518674354,37.20745147989764,126.82173025423879,37.20087068946694,2024-10-24 21:30:27
2127,50,26,21,,,126.82313155985267,37.21247517700666,126.8191737989004,37.19287759507435,2024-10-24 21:30:40
2128,39,50,21,,,126.82050990196994,37.199522572378314,126.82204748247199,37.2114497150568,2024-10-24 21:31:04
2129,55,50,21,,,126.83055994319425,37.20954288114491,126.82290458934594,37.21105719396386,2024-10-24 21:31:22
2130,34,21,21,,,126.82108397274524,37.20369126964384,126.81799400411624,37.19555194227893,2024-10-24 21:31:57
2131,55,50,21,,,126.8293472985343,37.209324200074704,126.82239333461985,37.211917514042334,2024-10-24 21:32:12
2132,51,39,21,,,126.81970627375725,37.20946870189808,126.8223365211995,37.200020332854386,2024-10-24 21:32:20
2133,60,39,21,,,126.83235921840367,37.21265653044104,126.82231896884771,37.20078239170481,2024-10-24 21:32:31
2134,31,41,21,,,126.83004292017564,37.19817282358964,126.83469752948811,37.19683977800498,2024-10-24 21:32:37
2135,51,60,21,,,126.82002973580626,37.20999946150767,126.83288207753574,37.21392739450795,2024-10-24 21:32:47
2136,6,62,21,,,126.82459266838157,37.205124964960795,126.83808672896866,37.21136541272001,2024-10-24 21:33:02
2137,23,19,21,,,126.82060009011896,37.19201776333606,126.82877535260099,37.19542774263488,2024-10-24 21:33:42
2138,50,50,21,,,126.8228045711829,37.21237027330462,126.82223471251429,37.21143727142381,2024-10-24 21:34:23
2139,37,65,21,,,126.82114342786217,37.197091082720384,126.83355835894136,37.19975113096903,2024-10-24 21:34:40
2140,10,42,21,,,126.81644279017071,37.2098601842896,126.83234802860107,37.1958451744421,2024-10-24 21:34:56
2141,65,58,21,,,126.83384468176509,37.20062891405432,126.83539131079559,37.20862287049504,2024-10-24 21:36:04
2142,19,20,21,,,126.82792606901933,37.19473933542856,126.81531479151442,37.19180684471426,2024-10-24 21:36:12
2143,51,50,21,,,126.81992018486201,37.2099399321813,126.82269569281267,37.211378773376595,2024-10-24 21:37:19
2144,37,51,21,,,126.82112369394056,37.19659173724348,126.81969904553158,37.20972062922268,2024-10-24 21:37:34
2145,71,29,21,,,126.84065860541162,37.20569549973093,126.82710442738129,37.20227827368865,2024-10-24 21:38:08
2146,21,33,21,,,126.81842018148184,37.19712820088325,126.82894983996685,37.201178185271225,2024-10-24 21:39:10
2147,21,38,21,,,126.81939996748716,37.19731878237422,126.82485213400312,37.20088844407903,2024-10-24 21:39:18
2148,18,54,21,,,126.82392900353287,37.19550860912126,126.83357264458942,37.210947978677446,2024-10-24 21:40:03
2149,36,40,21,,,126.82397288847602,37.19902753741071,126.83221550556695,37.19292661595101,2024-10-24 21:40:18
2150,38,21,21,,,126.82438374454456,37.20087156384095,126.8177950503218,37.19638010976353,2024-10-24 21:40:33
2151,16,41,21,,,126.82289690632221,37.19263978488336,126.83503158968244,37.196901786290525,2024-10-24 21:41:27
2152,38,72,21,,,126.82397796707377,37.20171873699808,126.81108164374514,37.20696177292396,2024-10-24 21:42:20
2153,6,12,21,,,126.82345558359306,37.204348442581285,126.82023489073451,37.20574049342271,2024-10-24 21:43:05
2154,11,55,21,,,126.81481630016418,37.207845775071455,126.8300118625533,37.20910411988943,2024-10-24 21:44:30
2155,51,56,21,,,126.81971769474178,37.209900752921,126.83430943178938,37.20604217661828,2024-10-24 21:44:52
2156,55,51,21,,,126.82924539339882,37.209163384293355,126.82060505394129,37.21006754235463,2024-10-24 21:44:58
2157,47,53,21,,,126.8283297690575,37.21156104825544,126.82898795960439,37.20648838537835,2024-10-24 21:45:19
2158,51,68,21,,,126.81946630632544,37.20996975182732,126.8397587734719,37.202772554817706,2024-10-24 21:45:34
2159,69,19,21,,,126.83666073292524,37.205916127510875,126.82787666168984,37.19431595394344,2024-10-24 21:45:38
2160,51,32,21,,,126.81900421573786,37.21069872538678,126.83243750985372,37.202002983646985,2024-10-24 21:46:07
2161,50,37,21,,,126.82331271711027,37.210800969178685,126.82158938730934,37.197671193978195,2024-10-24 21:46:29
2162,47,57,21,,,126.82780503602338,37.21088575373493,126.83204406457503,37.203857921777306,2024-10-24 21:46:48
2163,39,50,21,,,126.82111465731218,37.199716144038355,126.8217540629963,37.21063942294306,2024-10-24 21:46:57
2164,25,61,21,,,126.82055645632393,37.195344372443216,126.83234203727677,37.21639487721105,2024-10-24 21:46:59
2165,36,56,21,,,126.82325303169212,37.19841237627682,126.83573698023744,37.20565194211154,2024-10-24 21:48:22
2166,13,27,21,,,126.8163488333741,37.203269857880414,126.8271624404745,37.1997523552456,2024-10-24 21:48:58
2167,55,21,21,,,126.82900478958356,37.209029216831034,126.81857795795939,37.19565950190053,2024-10-24 21:49:21
2168,23,50,21,,,126.82055119420139,37.19259767501159,126.82335850423185,37.21230627484165,2024-10-24 21:49:25
2169,70,21,21,,,126.83827530024284,37.210455016527234,126.81795695500182,37.19639918185008,2024-10-24 21:49:49
2170,60,38,21,,,126.83208923014524,37.21232757102774,126.82503731609341,37.20053215331196,2024-10-24 21:50:01
2171,50,26,21,,,126.82224081519385,37.2118921258469,126.81753169219621,37.19294030562,2024-10-24 21:50:35
2172,61,5,21,,,126.83396518168011,37.21677162859484,126.82657841686657,37.20433987000515,2024-10-24 21:51:35
2173,50,58,21,,,126.82289108708314,37.21134235091874,126.83473785943968,37.20868907170331,2024-10-24 21:52:20
2174,69,43,21,,,126.83768741622679,37.20653977002052,126.82264431884605,37.18920236438148,2024-10-24 21:52:51
2175,19,57,21,,,126.8283568254088,37.19440665854044,126.83196674727036,37.20399248933128,2024-10-24 21:53:59
2176,61,4,21,,,126.83392001870159,37.2152982235121,126.82294055451428,37.20803304698986,2024-10-24 21:54:18
2177,5,14,21,,,126.82667495913401,37.20453822400452,126.8197903609902,37.20841128159511,2024-10-24 21:55:11
2178,51,71,21,,,126.81875060606542,37.210269055042424,126.84018383180083,37.204902821091366,2024-10-24 21:55:32
2179,17,50,21,,,126.82574011755206,37.19589817274737,126.82240208779257,37.210568033696944,2024-10-24 21:55:56
2180,71,38,21,,,126.84089996029077,37.20586989156912,126.82457539490336,37.20082247613565,2024-10-24 21:56:04
2181,39,21,21,,,126.8210209662137,37.20099796040946,126.81914813650313,37.19575428359454,2024-10-24 21:56:15
2182,32,44,21,,,126.83231818732514,37.202492249385884,126.82000159171439,37.18944847831302,2024-10-24 21:57:02
2183,64,10,21,,,126.84186469121111,37.20231239726515,126.81690919637468,37.20855358435291,2024-10-24 21:57:23
2184,23,37,21,,,126.82163437877601,37.192075316313264,126.8221361541784,37.19810975499773,2024-10-24 21:57:56
2185,55,50,21,,,126.82968421762337,37.20911892772129,126.82216062282394,37.211912962908784,2024-10-24 21:58:46
2186,71,33,21,,,126.83921170124498,37.20413039176592,126.82891072734364,37.20123055757903,2024-10-24 21:59:39
2187,50,48,21,,,126.82157145876992,37.212168218368205,126.83082310011862,37.21479701649972,2024-10-24 21:59:47
2188,50,60,21,,,126.822890044519,37.21108720004873,126.83270203351508,37.212794530323826,2024-10-24 21:59:55
2189,50,37,21,,,126.82309739525968,37.211067044749,126.82179851742363,37.19775425570906,2024-10-24 21:59:59
2190,50,44,22,,,126.82302417058885,37.21147724546477,126.8201534842907,37.18871702287291,2024-10-24 22:00:27
2191,71,52,22,,,126.84055171115774,37.20431284276004,126.83053420775884,37.21689200667567,2024-10-24 22:00:55
2192,18,32,22,,,126.82322108414365,37.19643550420962,126.83111253494634,37.20086027203389,2024-10-24 22:01:01
2193,32,8,22,,,126.8327142063846,37.20210328036091,126.82505317554956,37.20665726368298,2024-10-24 22:01:06
2194,26,38,22,,,126.81828602323127,37.193407509136726,126.82412926409538,37.20225148342697,2024-10-24 22:01:10
2195,62,7,22,,,126.83870373489503,37.21138486717814,126.82660512742254,37.208241299898205,2024-10-24 22:01:22
2196,23,38,22,,,126.82132239128315,37.192613230047606,126.82482516340711,37.20099214903508,2024-10-24 22:01:46
2197,59,19,22,,,126.83295789118817,37.208068741521515,126.82886918775971,37.19508793952211,2024-10-24 22:02:27
2198,51,21,22,,,126.82055940074896,37.21028614437882,126.81821173559769,37.19693126764169,2024-10-24 22:02:37
2199,50,14,22,,,126.82322082159055,37.21064801876092,126.82029237665301,37.20850384336565,2024-10-24 22:03:05
2200,54,9,22,,,126.83312826211937,37.20973010896117,126.81473958145007,37.205121590023616,2024-10-24 22:03:43
2201,15,49,22,,,126.815970650986,37.20599929761234,126.82757558942131,37.21268285527719,2024-10-24 22:03:57
2202,6,2,22,,,126.82458897790326,37.20503494842888,126.82109305036043,37.20609449406245,2024-10-24 22:04:49
2203,50,60,22,,,126.82239349451764,37.21115474510661,126.8331573971473,37.21256142773886,2024-10-24 22:05:04
2204,32,44,22,,,126.8316508038618,37.201220462144214,126.82123519513205,37.1887206604792,2024-10-24 22:05:17
2205,71,50,22,,,126.83990681768402,37.205831117314425,126.8216339391394,37.21065552256306,2024-10-24 22:05:33
2206,70,21,22,,,126.8371572446245,37.208730307368846,126.81855630412447,37.19707252827189,2024-10-24 22:05:42
2207,21,48,22,,,126.81928582967592,37.195462312925926,126.82947253029747,37.21451174622683,2024-10-24 22:05:46
2208,61,36,22,,,126.8331294494087,37.21497804330414,126.82441031150492,37.19891131083049,2024-10-24 22:05:47
2209,51,37,22,,,126.82062050265013,37.20985725018702,126.82178861990438,37.19821724050637,2024-10-24 22:06:35
2210,50,50,22,,,126.82321774151293,37.21193301549351,126.82315713368604,37.210740394854575,2024-10-24 22:07:28
2211,71,54,22,,,126.83990377808252,37.204066780427134,126.83327819568561,37.209534918667686,2024-10-24 22:07:45
2212,50,60,22,,,126.82298665633519,37.21243739282357,126.83234103281414,37.213497766749754,2024-10-24 22:07:57
2213,72,18,22,,,126.81123031446302,37.207046960879076,126.82407460566144,37.19653293302558,2024-10-24 22:08:01
2214,50,37,22,,,126.82235264562328,37.21107619999992,126.82059938821065,37.19687087043714,2024-10-24 22:08:05
2215,13,36,22,,,126.81641684868794,37.20356712964975,126.82382093955106,37.197779873206294,2024-10-24 22:08:32
2216,48,25,22,,,126.8305487149037,37.21454850872071,126.82027514022913,37.195032309721384,2024-10-24 22:08:42
2217,51,39,22,,,126.81966214221595,37.210966752692826,126.82146278107001,37.20084834768725,2024-10-24 22:08:44
2218,48,16,22,,,126.83049345270581,37.214773667891485,126.82334218214729,37.19264992145004,2024-10-24 22:09:02
2219,50,37,22,,,126.82282678910344,37.211967399944974,126.82190095879972,37.197602719973894,2024-10-24 22:09:11
2220,50,38,22,,,126.82248370105881,37.21069246569819,126.82350655311325,37.20133710878335,2024-10-24 22:09:37
2221,29,39,22,,,126.827165442282,37.20314299592848,126.8217936339725,37.19970424997536,2024-10-24 22:10:01
2222,51,26,22,,,126.82037604845031,37.21117516843084,126.81868909583355,37.19427776872394,2024-10-24 22:12:17
2223,30,7,22,,,126.83249618538454,37.19929981153651,126.82638534348249,37.208191337607055,2024-10-24 22:12:34
2224,45,14,22,,,126.82581711679639,37.21338138089816,126.81871260589442,37.20663502975732,2024-10-24 22:13:31
2225,64,55,22,,,126.8434550815109,37.20245283679548,126.82973971090945,37.20926491884194,2024-10-24 22:13:50
2226,21,33,22,,,126.81925953190348,37.1971669712682,126.8289241517795,37.200707772760516,2024-10-24 22:13:53
2227,37,18,22,,,126.82225637260375,37.197554408480904,126.82418914184473,37.195949641341016,2024-10-24 22:15:19
2228,21,33,22,,,126.81887649737303,37.19673955672134,126.82854275064714,37.200573308835196,2024-10-24 22:16:02
2229,19,40,22,,,126.82812562160737,37.19603100637524,126.83164190849057,37.19309553519717,2024-10-24 22:16:40
2230,70,26,22,,,126.83762512334481,37.208707306854045,126.81839995556793,37.194203831370174,2024-10-24 22:17:03
2231,26,38,22,,,126.81897366322373,37.19409254315316,126.8234174611012,37.201535710793024,2024-10-24 22:17:06
2232,50,38,22,,,126.822886311782,37.212478124823626,126.82450171549972,37.202168744146405,2024-10-24 22:17:42
2233,23,38,22,,,126.8209953523889,37.192413609415446,126.82385073704548,37.20183421687435,2024-10-24 22:17:55
2234,45,16,22,,,126.82548706915135,37.213112655076415,126.82269945551391,37.1928134137249,2024-10-24 22:17:58
2235,50,37,22,,,126.82261032916678,37.21165078932102,126.82083032858057,37.19662253678127,2024-10-24 22:18:59
2236,50,37,22,,,126.82157317137668,37.21239004987375,126.82094298108923,37.19701830077671,2024-10-24 22:19:04
2237,50,37,22,,,126.8220165307744,37.211146113820995,126.82054713978864,37.19678043533557,2024-10-24 22:19:28
2238,35,67,22,,,126.8198475601913,37.202833975433094,126.83490247622434,37.20187829486663,2024-10-24 22:19:51
2239,20,37,22,,,126.81622984600145,37.19332989021772,126.8215680344085,37.197008970539436,2024-10-24 22:20:39
2240,54,22,22,,,126.83211450851678,37.21008874718703,126.8159648636217,37.196013383706095,2024-10-24 22:21:03
2241,70,50,22,,,126.83848738004363,37.210020551557406,126.82275736937373,37.21057353309511,2024-10-24 22:21:15
2242,53,71,22,,,126.8303804985568,37.20611935646597,126.83957681239907,37.20483905509286,2024-10-24 22:21:40
2243,26,38,22,,,126.81743035664718,37.19366985584231,126.82370634297457,37.20086825220439,2024-10-24 22:23:02
2244,21,33,22,,,126.81898768455072,37.197143723598174,126.82887384106849,37.20090952642536,2024-10-24 22:23:39
2245,38,53,22,,,126.82379848102788,37.200781493845525,126.83014858373552,37.207241692000125,2024-10-24 22:24:42
2246,56,50,22,,,126.83433995990377,37.205305923518644,126.82325940176469,37.211967182374096,2024-10-24 22:25:31
2247,61,6,22,,,126.83238281646162,37.216135541057746,126.82393267996805,37.20461618433627,2024-10-24 22:25:47
2248,51,26,22,,,126.8191640963214,37.21068144189844,126.81841406650466,37.19322509812878,2024-10-24 22:25:57
2249,21,58,22,,,126.81766551230048,37.19611219934279,126.83450193306301,37.207870114843494,2024-10-24 22:26:07
2250,66,2,22,,,126.8378951966475,37.2048108563364,126.82183640408992,37.206298786228366,2024-10-24 22:26:52
2251,51,50,22,,,126.81875258984222,37.21079383299257,126.82180958651936,37.21103636140622,2024-10-24 22:28:07
2252,33,3,22,,,126.82916722403795,37.199808569212856,126.82388980040989,37.209332263438476,2024-10-24 22:28:23
2253,51,37,22,,,126.81934545884022,37.211358113416274,126.82049238502681,37.19774844009082,2024-10-24 22:28:38
2254,44,38,22,,,126.81988660639561,37.18898799363141,126.82493173075812,37.201308112909985,2024-10-24 22:28:44
2255,64,59,22,,,126.84345032939275,37.2024396031481,126.83241434660282,37.20749977011498,2024-10-24 22:29:19
2256,21,60,22,,,126.81889748611366,37.19640785671837,126.83342214188522,37.212071823878006,2024-10-24 22:29:25
2257,19,7,22,,,126.82795362797488,37.19439601571276,126.82761185021246,37.20773089110457,2024-10-24 22:29:56
2258,38,72,22,,,126.82492930183363,37.20178530910161,126.81134583636845,37.20689976439374,2024-10-24 22:30:22
2259,70,67,22,,,126.83784759543043,37.20995726564252,126.83566991065031,37.203544530114385,2024-10-24 22:31:29
2260,51,39,22,,,126.82001589046705,37.21133202018471,126.8212806109338,37.19993406221869,2024-10-24 22:31:43
2261,35,58,22,,,126.8186119409448,37.20285831750546,126.83486968329619,37.20752096941288,2024-10-24 22:32:07
2262,37,51,22,,,126.82130141866303,37.19774199922929,126.81908471193782,37.210053267842106,2024-10-24 22:32:14
2263,71,58,22,,,126.84080384372886,37.204268387309696,126.83415159652084,37.20829494928891,2024-10-24 22:33:15
2264,51,37,22,,,126.81947908485942,37.21101288148362,126.82122266477225,37.197137859454536,2024-10-24 22:33:27
2265,50,60,22,,,126.82310837967502,37.21102662673957,126.83335941674837,37.213995366179915,2024-10-24 22:33:40
2266,51,26,22,,,126.8190918106841,37.209984588477525,126.81925480974625,37.19427941847317,2024-10-24 22:33:54
2267,11,55,22,,,126.81462658518915,37.20827234184747,126.829593386163,37.20897554760487,2024-10-24 22:33:54
2268,21,38,22,,,126.81811727834517,37.19701552325526,126.82376967397013,37.201496192755165,2024-10-24 22:34:03
2269,39,26,22,,,126.82120902630601,37.19939179260461,126.81781384389907,37.19349599961686,2024-10-24 22:34:31
2270,50,37,22,,,126.82317057251545,37.21066809265777,126.82100049448457,37.197610710284636,2024-10-24 22:34:46
2271,51,18,22,,,126.81884284175612,37.21076355208277,126.82450578436018,37.19606486774041,2024-10-24 22:35:00
2272,72,40,22,,,126.81242095733623,37.20682077435951,126.83065863419493,37.19342751866171,2024-10-24 22:35:40
2273,21,16,22,,,126.8182143990984,37.197128829796014,126.82270622111686,37.19295653153659,2024-10-24 22:35:57
2274,42,24,22,,,126.8323694153316,37.195605281015524,126.81846143247199,37.19106075892762,2024-10-24 22:36:42
2275,37,43,22,,,126.8219559368268,37.197889695032885,126.82237657314147,37.19011394694765,2024-10-24 22:36:47
2276,8,41,22,,,126.82387546610757,37.20690813656925,126.83344392275968,37.19764261482947,2024-10-24 22:37:38
2277,21,33,22,,,126.81832146117037,37.1957644121068,126.82859819584161,37.20129854228327,2024-10-24 22:37:44
2278,68,3,22,,,126.8394520657159,37.201390741329334,126.82510023886476,37.20905363715547,2024-10-24 22:38:26
2279,5,57,22,,,126.82748363082938,37.20602466444599,126.83129415083025,37.20509326944805,2024-10-24 22:38:29
2280,50,37,22,,,126.82242976145913,37.21153586895846,126.82211683380679,37.197440059493275,2024-10-24 22:38:30
2281,26,38,22,,,126.81902514382237,37.19384924352985,126.82405646564695,37.202014897777424,2024-10-24 22:38:48
2282,50,48,22,,,126.82226902352653,37.2113535187973,126.83034253209682,37.213996231113,2024-10-24 22:38:59
2283,37,57,22,,,126.82074880465794,37.19700973432888,126.83275871350905,37.204048267687796,2024-10-24 22:39:16
2284,67,22,22,,,126.83447909716907,37.20377760548406,126.81563248067852,37.19472637085009,2024-10-24 22:39:26
2285,50,39,22,,,126.82329908757842,37.21230559628006,126.82208241631811,37.2003185645676,2024-10-24 22:40:51
2286,70,50,22,,,126.83682987673852,37.209352597865525,126.82288945003296,37.21188130835245,2024-10-24 22:40:52
2287,32,24,22,,,126.83121755272687,37.20121589844225,126.81735599229307,37.19072642455205,2024-10-24 22:40:59
2288,55,37,22,,,126.83088710658629,37.20919205109899,126.82101912292411,37.19646583909756,2024-10-24 22:41:17
2289,42,56,22,,,126.83112465423616,37.19563595106262,126.83407174162274,37.205270607970824,2024-10-24 22:41:20
2290,33,15,22,,,126.82898424494742,37.20124211178807,126.81709062578972,37.206339232299136,2024-10-24 22:41:26
2291,27,21,22,,,126.82753612931351,37.19968795447614,126.81809269511706,37.196223751875344,2024-10-24 22:41:39
2292,51,26,22,,,126.8190508947986,37.20983648307342,126.81787929185785,37.19336400927476,2024-10-24 22:41:43
2293,15,43,22,,,126.81652208670637,37.20748802630951,126.82314675979387,37.189445725407566,2024-10-24 22:42:01
2294,51,21,22,,,126.81896841409302,37.20943533030671,126.81946300593702,37.19609529095686,2024-10-24 22:42:49
2295,50,26,22,,,126.82304898351684,37.21140002110449,126.81830735632467,37.19310627286112,2024-10-24 22:43:03
2296,50,37,22,,,126.82202024792392,37.21140756798591,126.82170581303852,37.1967770482354,2024-10-24 22:44:19
2297,55,67,22,,,126.82940747624475,37.2082109468964,126.835654834526,37.20289816961957,2024-10-24 22:44:42
2298,19,54,22,,,126.82836658682967,37.19418843642478,126.83266174692828,37.21028076688499,2024-10-24 22:44:49
2299,51,21,22,,,126.81963489556655,37.209810745736476,126.81795089091318,37.19631188718686,2024-10-24 22:45:58
2300,23,38,22,,,126.82179521745175,37.19136795899444,126.82401651831762,37.20138923520153,2024-10-24 22:46:16
2301,23,50,22,,,126.81998450887026,37.19269505650597,126.82246498328492,37.211000378905666,2024-10-24 22:46:35
2302,65,24,22,,,126.83394931821513,37.200077977425686,126.81812369694707,37.18974697373836,2024-10-24 22:47:58
2303,37,4,22,,,126.82069048410658,37.197111709204044,126.82122080786907,37.20934650461082,2024-10-24 22:48:39
2304,30,56,22,,,126.83267845241375,37.19838683361088,126.83585929436464,37.20662686156709,2024-10-24 22:48:58
2305,23,42,22,,,126.82085126085792,37.191929728150754,126.83131346592766,37.19544049089456,2024-10-24 22:49:05
2306,37,11,22,,,126.82178597033949,37.1967237530831,126.81523626995042,37.20855555747235,2024-10-24 22:49:34
2307,19,67,22,,,126.82966146946957,37.195661678428706,126.83457148360765,37.20354474460886,2024-10-24 22:50:11
2308,63,2,22,,,126.83513969701795,37.21145082179231,126.82265046950292,37.20653257219288,2024-10-24 22:50:14
2309,13,34,22,,,126.81652752820268,37.20274388208071,126.821462593507,37.20282849633539,2024-10-24 22:50:22
2310,23,50,22,,,126.82028988894841,37.192778348195276,126.82194077443381,37.21231593886275,2024-10-24 22:50:54
2311,23,38,22,,,126.82003185554498,37.1909073592285,126.82461144232587,37.201095933566876,2024-10-24 22:51:21
2312,18,23,22,,,126.82430760102648,37.19646566326711,126.82179531260854,37.19192921926532,2024-10-24 22:51:22
2313,1,10,22,,,126.81687280591679,37.19840395587373,126.81615600091645,37.208809496743186,2024-10-24 22:51:42
2314,1,1,22,,,126.81552473217327,37.19719606755702,126.81577548389778,37.19871080837568,2024-10-24 22:52:12
2315,60,46,22,,,126.83196370529069,37.21338535174082,126.83083667310038,37.21242800573716,2024-10-24 22:52:43
2316,54,57,22,,,126.83356764401309,37.21044404750474,126.83188279503354,37.204788728945076,2024-10-24 22:53:13
2317,55,50,22,,,126.83081100658897,37.20952197751994,126.82248516255315,37.21203419777637,2024-10-24 22:53:16
2318,12,46,22,,,126.81931578330126,37.20541138801352,126.83057456384905,37.212648763895956,2024-10-24 22:53:22
2319,64,51,22,,,126.8425412679957,37.20290093182151,126.81924276422764,37.20946625303335,2024-10-24 22:53:34
2320,41,58,22,,,126.83437448483554,37.197033655738586,126.83438364198697,37.20911222243762,2024-10-24 22:53:40
2321,27,50,22,,,126.82736765348342,37.19913734741991,126.82264005052907,37.21075495863534,2024-10-24 22:53:42
2322,60,38,22,,,126.83221004027575,37.21297901157084,126.82362885875389,37.20092264531202,2024-10-24 22:54:01
2323,70,61,22,,,126.83781836413185,37.20951698307512,126.83259190875833,37.216743939707605,2024-10-24 22:54:15
2324,36,70,22,,,126.8243765697829,37.19813054387768,126.83838566749536,37.21002361613275,2024-10-24 22:55:09
2325,50,37,22,,,126.82314414250438,37.212390618993226,126.82112182197187,37.197885573477336,2024-10-24 22:55:34
2326,48,30,22,,,126.83061778934619,37.2155405814913,126.83276331303675,37.199164187956306,2024-10-24 22:56:18
2327,23,38,22,,,126.82154491971895,37.19203618308441,126.82502598122797,37.20188493780001,2024-10-24 22:56:36
2328,56,9,22,,,126.83562817537953,37.2057143169163,126.81470510307052,37.204900575846615,2024-10-24 22:57:13
2329,70,50,22,,,126.83728359271545,37.20967280770978,126.82188342187025,37.212035330633086,2024-10-24 22:57:19
2330,51,21,22,,,126.82036993482643,37.21053572970276,126.81947504629005,37.19659503443581,2024-10-24 22:57:26
2331,26,48,22,,,126.81817036600634,37.193640907398525,126.82959392712836,37.21490301435266,2024-10-24 22:57:38
2332,12,7,22,,,126.81870292185293,37.20554156127611,126.82635413994758,37.20889404924494,2024-10-24 22:58:00
2333,53,10,22,,,126.82888404399188,37.20686255408614,126.81653338761859,37.20988185965533,2024-10-24 22:58:05
2334,51,26,22,,,126.8191230428976,37.21086595633405,126.81833452653362,37.1933963281407,2024-10-24 22:58:30
2335,47,67,22,,,126.82738827513175,37.20991528727174,126.83566426690018,37.20320731742408,2024-10-24 22:59:21
