idx,o,d,hour,o_h3,d_h3,o_x,o_y,d_x,d_y,time
0,21,38,7,,,126.8185538926163,37.196540762011956,126.82389480980989,37.20054344789191,2024-10-24 07:00:02
1,70,26,7,,,126.83741584489869,37.2091052072653,126.81935094889627,37.19370156602273,2024-10-24 07:00:10
2,27,24,7,,,126.82762645162174,37.19950162978001,126.81727614860844,37.19170474156925,2024-10-24 07:00:38
3,18,50,7,,,126.82295034282801,37.19604955941104,126.82288112977149,37.21227009057544,2024-10-24 07:00:47
4,51,39,7,,,126.81913785754863,37.20960549583132,126.82109684437442,37.200622479378396,2024-10-24 07:01:10
5,2,28,7,,,126.82139718517067,37.20505701924078,126.82966083556892,37.20368535787961,2024-10-24 07:02:02
6,50,50,7,,,126.82177809553703,37.21239973714061,126.82168413886387,37.210541273709815,2024-10-24 07:02:07
7,26,48,7,,,126.8181915940605,37.19376645359856,126.83048039877299,37.2149112182857,2024-10-24 07:02:42
8,52,56,7,,,126.83076572317269,37.21850820259067,126.83416128869403,37.20603775407877,2024-10-24 07:03:06
9,42,28,7,,,126.83150115654546,37.19560507824362,126.82868400190141,37.20418079581076,2024-10-24 07:03:09
10,66,35,7,,,126.83709335459986,37.20328310665114,126.81927463235648,37.20248624471228,2024-10-24 07:03:42
11,26,8,7,,,126.81843753463257,37.19368605115953,126.82373086750103,37.20744654472003,2024-10-24 07:03:59
12,7,25,7,,,126.82675722885995,37.20712320494345,126.82019666489565,37.19418711862549,2024-10-24 07:04:44
13,38,21,7,,,126.82501038998795,37.20221746141321,126.81890345615277,37.19658918366292,2024-10-24 07:04:46
14,23,38,7,,,126.82037038966345,37.191821434281685,126.82424731613831,37.20129054143957,2024-10-24 07:04:50
15,59,63,7,,,126.83303290469708,37.206497053676316,126.83600592982104,37.21146451828338,2024-10-24 07:04:52
16,21,58,7,,,126.81854866212687,37.19551417974717,126.83565428379976,37.207597079639065,2024-10-24 07:05:22
17,55,51,7,,,126.8293341765565,37.20842663066541,126.81870001619289,37.20956951886801,2024-10-24 07:05:32
18,64,51,7,,,126.84216310430591,37.202882512672396,126.81950301486168,37.211359758583825,2024-10-24 07:06:00
19,6,23,7,,,126.82408059409072,37.20385309162426,126.81990033602136,37.19132216377651,2024-10-24 07:06:36
20,23,50,7,,,126.82181200007234,37.190894298701124,126.82331736668687,37.21217256884534,2024-10-24 07:06:41
21,23,38,7,,,126.8212698623124,37.190914347390226,126.82338738634,37.20192089746299,2024-10-24 07:06:43
22,2,8,7,,,126.82271622251929,37.2062230277359,126.82446038059459,37.20612447126452,2024-10-24 07:06:59
23,20,44,7,,,126.81526631877337,37.193188073382,126.82080774966848,37.189255840745076,2024-10-24 07:07:15
24,33,10,7,,,126.83008048616402,37.19981627058451,126.81710135769123,37.21014611948286,2024-10-24 07:07:38
25,50,50,7,,,126.82170690579264,37.21205609744753,126.82253674363731,37.211122591514375,2024-10-24 07:07:49
26,59,10,7,,,126.83274291701142,37.20746690235471,126.81766343943212,37.21015508523016,2024-10-24 07:07:50
27,31,27,7,,,126.82957505463813,37.198629711052625,126.82619305528296,37.19889595455432,2024-10-24 07:07:52
28,51,41,7,,,126.81932576063569,37.21086195779286,126.83513755544772,37.197681717406056,2024-10-24 07:08:14
29,38,52,7,,,126.82376949281195,37.2017592209673,126.83047579105634,37.21717818205288,2024-10-24 07:08:30
30,50,50,7,,,126.82160815306452,37.21144763579707,126.82230944213917,37.212396027719606,2024-10-24 07:08:37
31,70,71,7,,,126.83799909405776,37.209544111599,126.84080379438066,37.205728057158254,2024-10-24 07:08:37
32,48,50,7,,,126.8302009039268,37.21404553502314,126.82180727992652,37.21080612420833,2024-10-24 07:09:26
33,13,5,7,,,126.8157450003492,37.2037267449398,126.82629674742925,37.20431024946574,2024-10-24 07:09:26
34,21,33,7,,,126.81789977927174,37.19609070054822,126.83015914153866,37.20157278235967,2024-10-24 07:10:26
35,8,22,7,,,126.82403555101676,37.2066909555335,126.8167661466009,37.19479609539877,2024-10-24 07:11:06
36,50,37,7,,,126.82321845741363,37.2121815250013,126.8213289939262,37.19838504766619,2024-10-24 07:11:16
37,37,19,7,,,126.82092511760303,37.19789673265467,126.82947065939648,37.19589646052925,2024-10-24 07:12:14
38,23,50,7,,,126.82071066223119,37.19117353985895,126.82193646446163,37.21134427695485,2024-10-24 07:13:04
39,50,50,7,,,126.82276060300417,37.210652506630865,126.8215831767832,37.211754998466375,2024-10-24 07:13:32
40,33,52,7,,,126.82964814019869,37.201029916240984,126.83077877227738,37.217266969997695,2024-10-24 07:14:20
41,31,37,7,,,126.82849741589482,37.198285510012894,126.8207887144704,37.19769207962893,2024-10-24 07:14:22
42,27,32,7,,,126.82589445588077,37.199596828122864,126.8311368083978,37.201444522391704,2024-10-24 07:14:33
43,54,9,7,,,126.83243264447685,37.21074486157324,126.81369723854607,37.206258915665224,2024-10-24 07:15:24
44,52,37,7,,,126.83026354041667,37.217281374866765,126.82051391258683,37.19783964068258,2024-10-24 07:15:31
45,7,53,7,,,126.82706168475872,37.20876452350965,126.83043065832292,37.20620371890197,2024-10-24 07:15:53
46,26,38,7,,,126.81923633648428,37.193335241680536,126.82432668639053,37.201459063261545,2024-10-24 07:16:03
47,51,21,7,,,126.81983436403705,37.210920341693864,126.81824947444002,37.19667924978393,2024-10-24 07:16:38
48,28,41,7,,,126.82885383910775,37.203220374598985,126.8346428801771,37.19786344518806,2024-10-24 07:16:40
49,53,58,7,,,126.83029132436029,37.20553380142165,126.83571456112894,37.208671289904615,2024-10-24 07:16:56
50,23,50,7,,,126.81996420491227,37.19254209395021,126.82309130795724,37.21211655816464,2024-10-24 07:17:03
51,37,51,7,,,126.82113286169805,37.196512376778585,126.82030768648708,37.21045922982734,2024-10-24 07:17:23
52,50,50,7,,,126.82171495245903,37.21203430987189,126.82287522547621,37.21171500866296,2024-10-24 07:17:29
53,26,51,7,,,126.8187855278314,37.19293620897675,126.81948623644126,37.20989676103544,2024-10-24 07:17:48
54,32,50,7,,,126.8318828967934,37.20106966867432,126.82250118790185,37.2119118485687,2024-10-24 07:17:52
55,12,20,7,,,126.81910427923363,37.20528268929778,126.81539342207789,37.192614102092215,2024-10-24 07:17:56
56,37,51,7,,,126.8214538891771,37.19650011810587,126.8202675211041,37.21011076335357,2024-10-24 07:18:07
57,60,38,7,,,126.83288373970173,37.21301015603333,126.82324856984388,37.20048059614507,2024-10-24 07:18:35
58,5,59,7,,,126.82799187531297,37.204526975714515,126.83163313925137,37.20705096668751,2024-10-24 07:18:58
59,37,51,7,,,126.82127955801819,37.19712589596932,126.82038198707423,37.21077842536693,2024-10-24 07:19:03
60,56,71,7,,,126.83481679236094,37.206048894409136,126.84090323572153,37.20536342637167,2024-10-24 07:19:18
61,41,17,7,,,126.83450168203845,37.19722685929861,126.82704246637535,37.19644001675242,2024-10-24 07:19:22
62,64,4,7,,,126.84231746124298,37.20357864543204,126.82122900307259,37.20920605061606,2024-10-24 07:19:40
63,60,1,7,,,126.83283354520358,37.212887518576444,126.81592128259612,37.19768546600013,2024-10-24 07:19:42
64,50,50,7,,,126.8231954264744,37.211652107132004,126.82326231536938,37.211251127594025,2024-10-24 07:21:17
65,44,8,7,,,126.82137266109723,37.18987802097223,126.82505508487777,37.20717589824479,2024-10-24 07:21:39
66,70,71,7,,,126.8382291889612,37.21002893960187,126.83982757113753,37.205611474336656,2024-10-24 07:21:43
67,63,61,7,,,126.8360729154072,37.21161469722778,126.83350777743067,37.21548459646734,2024-10-24 07:21:55
68,51,21,7,,,126.82035612678547,37.211122815450246,126.81933994356825,37.19551619863915,2024-10-24 07:22:00
69,50,48,7,,,126.8231386541443,37.21117551477133,126.83133724158165,37.21430038693839,2024-10-24 07:22:18
70,37,51,7,,,126.82049143017083,37.198302077991805,126.81905180038004,37.21136019035225,2024-10-24 07:22:36
71,23,38,7,,,126.82092127818036,37.19083519056208,126.82318322995349,37.20149659267009,2024-10-24 07:23:04
72,71,34,7,,,126.83985038028032,37.20523517533257,126.82136526906349,37.20221487739656,2024-10-24 07:23:06
73,51,26,7,,,126.81988697476356,37.209978706106284,126.81846472628565,37.19428790526841,2024-10-24 07:23:14
74,50,50,7,,,126.8215166109132,37.21094895800662,126.82145989044739,37.21241508488073,2024-10-24 07:23:53
75,33,31,7,,,126.8299065179872,37.20146374584185,126.82988807054322,37.198571690802616,2024-10-24 07:24:53
76,23,38,7,,,126.82084858681759,37.1916693222099,126.82361824294958,37.20056172083301,2024-10-24 07:25:29
77,39,44,7,,,126.82229004340563,37.20059354095835,126.82019170899474,37.18920897158725,2024-10-24 07:25:52
78,37,39,7,,,126.8219779331698,37.19816793727697,126.82211760552536,37.1996837725029,2024-10-24 07:26:06
79,50,37,7,,,126.82328623484923,37.212207409576315,126.8217557780051,37.19726164627642,2024-10-24 07:26:37
80,50,37,7,,,126.82270537368598,37.211684299226434,126.82111797220645,37.196591498635485,2024-10-24 07:26:53
81,43,7,7,,,126.8235858261558,37.189546403029,126.82780336126189,37.207042645812415,2024-10-24 07:27:16
82,23,50,7,,,126.82014270937832,37.19259800777309,126.82216021768748,37.21050482443188,2024-10-24 07:27:22
83,39,14,7,,,126.8215932572695,37.2006333218962,126.81980088707172,37.20698768544009,2024-10-24 07:27:28
84,23,38,7,,,126.82127158683444,37.19172717137815,126.82513717869826,37.201666441535856,2024-10-24 07:28:03
85,42,71,7,,,126.83170222565583,37.19688766697356,126.83982337056734,37.205425348362525,2024-10-24 07:28:17
86,49,26,7,,,126.82783468073477,37.21347795471597,126.81776681300884,37.19335923904611,2024-10-24 07:28:19
87,50,6,7,,,126.82291896571692,37.21127946730051,126.82343174655924,37.20502725693047,2024-10-24 07:28:40
88,50,50,7,,,126.82154318663783,37.21100505673874,126.82245821226815,37.21053928024928,2024-10-24 07:28:46
89,61,5,7,,,126.8333278573646,37.216294056986754,126.826535298,37.20426774649967,2024-10-24 07:29:29
90,51,21,7,,,126.81996583495989,37.211340964264636,126.81899129848766,37.19700028746504,2024-10-24 07:29:35
91,51,21,7,,,126.81973815824156,37.20977166305238,126.81880850590835,37.196643787671064,2024-10-24 07:29:43
92,37,51,7,,,126.82128359278647,37.19763602141777,126.81984784083468,37.210189779996895,2024-10-24 07:29:47
93,70,71,7,,,126.83863961655453,37.20873895269422,126.83934372446448,37.204019351727354,2024-10-24 07:30:03
94,56,56,7,,,126.83484855466614,37.20602166156452,126.83448493948731,37.20470819900371,2024-10-24 07:30:45
95,43,57,7,,,126.82320299660857,37.189325112360955,126.83234127726126,37.20462438477404,2024-10-24 07:31:09
96,6,44,7,,,126.82533891417373,37.2042075890462,126.82069389050815,37.18873501050977,2024-10-24 07:31:21
97,37,41,7,,,126.82190181942907,37.19712292056005,126.83368164742133,37.19793860135051,2024-10-24 07:31:25
98,9,52,7,,,126.81508157898232,37.20520081779349,126.83077290472664,37.21783961224817,2024-10-24 07:31:33
99,40,5,7,,,126.8322464068572,37.1938873686936,126.82739515065855,37.205687939606776,2024-10-24 07:32:18
100,52,64,7,,,126.82978969210933,37.21678778700991,126.8426705990463,37.20323697147864,2024-10-24 07:32:36
101,52,63,7,,,126.83002773257988,37.21744055032474,126.83623957641194,37.210377183643104,2024-10-24 07:32:40
102,68,59,7,,,126.83931830788809,37.20313333369134,126.8322148195911,37.20748030775105,2024-10-24 07:32:56
103,50,37,7,,,126.82205163325969,37.21055856331507,126.82106938000541,37.19778188748121,2024-10-24 07:33:09
104,31,45,7,,,126.8299065393626,37.19735252814276,126.82533287429705,37.211683233748964,2024-10-24 07:33:21
105,70,28,7,,,126.83771182798523,37.21027005048814,126.82920322535446,37.203450003192614,2024-10-24 07:33:25
106,51,26,7,,,126.81905834446201,37.21112129480284,126.81894880894347,37.19295193027826,2024-10-24 07:33:44
107,68,5,7,,,126.83941456919646,37.20303815054601,126.82690842985443,37.20562683997474,2024-10-24 07:34:01
108,44,44,7,,,126.82140351870652,37.188831423269065,126.81990812506069,37.1888697689795,2024-10-24 07:34:27
109,51,18,7,,,126.81871996904802,37.21071447563832,126.82370164275201,37.19552911007221,2024-10-24 07:34:32
110,26,38,7,,,126.81772479415177,37.19268791350839,126.82451927338273,37.20150978265417,2024-10-24 07:34:40
111,64,58,7,,,126.84151885886826,37.2039033327646,126.83505703215921,37.20919738957077,2024-10-24 07:35:07
112,51,27,7,,,126.8188658906716,37.211315514285765,126.82660669843374,37.200025208062975,2024-10-24 07:35:16
113,62,49,7,,,126.838875377433,37.21265840258919,126.82792011770432,37.213025734271085,2024-10-24 07:35:25
114,23,38,7,,,126.82065971101592,37.19253798812424,126.82424744045308,37.200743308852154,2024-10-24 07:36:01
115,51,21,7,,,126.81962441229095,37.21096867203095,126.81876163043837,37.19699434203987,2024-10-24 07:36:44
116,50,37,7,,,126.8231749968671,37.21210025001706,126.82080661729066,37.19740006266626,2024-10-24 07:37:16
117,39,50,7,,,126.8210921822127,37.20090635540642,126.82295089182726,37.21092087904494,2024-10-24 07:37:24
118,51,39,7,,,126.82010037463206,37.2100809717246,126.82098723966656,37.199780737921756,2024-10-24 07:37:34
119,30,29,7,,,126.83210182225933,37.198529686272956,126.8261220682087,37.20327837757136,2024-10-24 07:37:51
120,51,12,7,,,126.8193890722783,37.210984659822934,126.81898855333148,37.204645417700945,2024-10-24 07:38:38
121,51,39,7,,,126.8198016106577,37.21015743003153,126.82247769524209,37.1999264198561,2024-10-24 07:39:42
122,26,17,7,,,126.81919191849148,37.19348126761212,126.82551937860573,37.19683189251214,2024-10-24 07:39:52
123,55,24,7,,,126.82959730994848,37.21009257899958,126.81834888899073,37.19095460331568,2024-10-24 07:40:10
124,16,13,7,,,126.82355569346372,37.193865935947976,126.81728474092931,37.204649849107675,2024-10-24 07:40:40
125,69,5,7,,,126.83835290705184,37.20674019706363,126.8266299439742,37.20594407058375,2024-10-24 07:40:55
126,39,51,7,,,126.82141440869466,37.20054831631521,126.81912206754967,37.210303708728816,2024-10-24 07:41:24
127,28,65,7,,,126.83015254532957,37.20444902704201,126.83479581654709,37.20006945100362,2024-10-24 07:41:45
128,15,33,7,,,126.8171476317919,37.205842921199235,126.82908380800077,37.20085860092583,2024-10-24 07:42:50
129,63,20,7,,,126.83629555969054,37.21190292009782,126.81548612537732,37.19238705703224,2024-10-24 07:43:20
130,2,7,7,,,126.8224149643834,37.20509229089739,126.82658050816569,37.20752133988375,2024-10-24 07:43:39
131,12,18,7,,,126.81877717191203,37.20470636537965,126.82384397561036,37.19518224760591,2024-10-24 07:43:53
132,9,47,7,,,126.81437248885743,37.20458471192913,126.8270150572531,37.21091541568839,2024-10-24 07:44:14
133,37,50,7,,,126.82091727056954,37.19680986328781,126.8233131523804,37.212229219559234,2024-10-24 07:45:03
134,70,71,7,,,126.83812277120194,37.21012431662014,126.84098506250929,37.204292867171944,2024-10-24 07:45:18
135,27,21,7,,,126.82654399188517,37.19987606031244,126.81944814977513,37.19720090950644,2024-10-24 07:45:51
136,61,54,7,,,126.83327292405191,37.216467831630695,126.83202226988043,37.21071969250219,2024-10-24 07:45:53
137,61,9,7,,,126.83327082830114,37.21649690636799,126.8151016771148,37.20634347946559,2024-10-24 07:46:01
138,71,50,7,,,126.8398154324276,37.20570734089986,126.82281680902274,37.21113383598304,2024-10-24 07:46:02
139,10,15,7,,,126.817546804268,37.208986827808566,126.81743027455292,37.20563483309088,2024-10-24 07:46:44
140,53,36,7,,,126.82906083263859,37.20540411644582,126.8235527048655,37.19863001154023,2024-10-24 07:46:51
141,38,3,7,,,126.8246527484312,37.20175857243956,126.82456885415016,37.21010735164521,2024-10-24 07:46:53
142,51,55,7,,,126.81912743402745,37.209789688815086,126.83043571946203,37.209080913653075,2024-10-24 07:47:06
143,43,52,7,,,126.82237414690385,37.19009434965073,126.8313556779338,37.21705800928778,2024-10-24 07:47:30
144,70,71,7,,,126.837584674897,37.20901714038707,126.83987696382366,37.2057006824835,2024-10-24 07:47:36
145,66,48,7,,,126.83642753476644,37.203877365162256,126.83103346080847,37.215003918261125,2024-10-24 07:47:40
146,23,38,7,,,126.82027131870315,37.19205532795661,126.82488811907602,37.20213055246728,2024-10-24 07:48:19
147,67,16,7,,,126.83478607794649,37.20214398062171,126.82268388317608,37.1929781960056,2024-10-24 07:48:27
148,48,48,7,,,126.82997826355609,37.21431533000884,126.83051513778696,37.214383292843955,2024-10-24 07:48:42
149,2,61,7,,,126.82202174634509,37.206169397636614,126.83329896145045,37.215265870384265,2024-10-24 07:48:52
150,20,27,7,,,126.81519620729196,37.19319874212308,126.8259868465011,37.19958623096087,2024-10-24 07:49:17
151,23,38,7,,,126.82095552132218,37.192664150523235,126.8247380871241,37.201265054493895,2024-10-24 07:49:22
152,23,38,7,,,126.82123933308115,37.19217285730627,126.8245122221948,37.20111769704126,2024-10-24 07:49:49
153,55,50,7,,,126.83051202366856,37.208310983628195,126.82190866642289,37.21175154373599,2024-10-24 07:50:31
154,42,3,7,,,126.83117172278561,37.19558513035251,126.82413511913109,37.2103792204255,2024-10-24 07:51:16
155,23,50,7,,,126.82014605735672,37.1924905135109,126.8218068687707,37.21147179592608,2024-10-24 07:51:26
156,51,39,7,,,126.81964685096925,37.209900037002456,126.82138078141334,37.20066258988075,2024-10-24 07:51:45
157,71,58,7,,,126.84013744565794,37.20496455150231,126.83460261995545,37.20869357352533,2024-10-24 07:51:50
158,66,37,7,,,126.8369039083581,37.203011165118724,126.82083680495711,37.19668563016906,2024-10-24 07:51:52
159,52,28,7,,,126.83022500264565,37.217608886466685,126.82892658059922,37.20268237263769,2024-10-24 07:51:53
160,70,50,7,,,126.83772942243287,37.209626389424656,126.82175667891971,37.21114406837563,2024-10-24 07:52:04
161,50,7,7,,,126.82233333363742,37.2116518943688,126.82689865761338,37.208917039491006,2024-10-24 07:52:15
162,47,30,7,,,126.82749462943694,37.211402485605,126.83165479001593,37.19840942049618,2024-10-24 07:52:16
163,21,64,7,,,126.81889618284573,37.195594393866074,126.8418468106513,37.204147175717466,2024-10-24 07:52:16
164,19,13,7,,,126.8280892934658,37.19531675235431,126.8164706289375,37.20357722285378,2024-10-24 07:52:28
165,43,17,7,,,126.82383055094711,37.19082936456086,126.82701383915862,37.19620732251522,2024-10-24 07:52:34
166,50,60,7,,,126.82274789225063,37.211103679046154,126.83348860369624,37.21362026760639,2024-10-24 07:52:44
167,24,23,7,,,126.81856644371683,37.19082408532035,126.82040685078651,37.19110271569262,2024-10-24 07:53:28
168,23,67,7,,,126.82038393359342,37.19236338075566,126.83514541056732,37.2032204073013,2024-10-24 07:53:31
169,56,72,7,,,126.83508830888653,37.20622541478304,126.81103750557722,37.20778381343462,2024-10-24 07:53:46
170,70,21,7,,,126.83749848368537,37.210248354058685,126.81811102652638,37.19691830765456,2024-10-24 07:53:55
171,10,51,7,,,126.81654565886477,37.20896916843585,126.82058048417636,37.20984135481738,2024-10-24 07:54:57
172,23,38,7,,,126.82000208672851,37.191607241965045,126.8238774434087,37.2016376779403,2024-10-24 07:55:07
173,5,51,7,,,126.82759506390282,37.205954617356475,126.81953989354399,37.20973870776296,2024-10-24 07:55:15
174,32,9,7,,,126.83100631714785,37.20129986516972,126.81437675903564,37.20598414535601,2024-10-24 07:56:37
175,7,24,7,,,126.82807233580452,37.20828883577513,126.81751420434675,37.190435818725874,2024-10-24 07:56:37
176,21,48,7,,,126.81805558582091,37.19695642245263,126.8305695472293,37.21422561689201,2024-10-24 07:56:46
177,33,27,7,,,126.82941932357092,37.200404214833384,126.82571320045638,37.19944463216053,2024-10-24 07:56:58
178,67,36,7,,,126.83460729572084,37.20365308405107,126.82460932018937,37.19773926464424,2024-10-24 07:57:26
179,45,31,7,,,126.82458268849936,37.21253098483529,126.82936554414371,37.197344765113634,2024-10-24 07:58:48
180,37,33,7,,,126.82075708114937,37.19789371878881,126.8297168297537,37.199984178550324,2024-10-24 07:58:59
181,35,20,7,,,126.819623588932,37.20129836193838,126.81549401801117,37.19180114098296,2024-10-24 07:59:01
182,50,38,7,,,126.82147994343927,37.211423910563276,126.82359216884394,37.201077920169645,2024-10-24 07:59:10
183,52,60,7,,,126.82986418053268,37.218065197080044,126.8324648279173,37.21203374248584,2024-10-24 07:59:17
184,71,24,7,,,126.8393641360701,37.20529821918438,126.81906803442739,37.19065152987551,2024-10-24 07:59:27
185,35,7,7,,,126.8192651378925,37.201786113183836,126.82816119434003,37.2073406628528,2024-10-24 07:59:42
186,11,55,7,,,126.81375116434019,37.208692961858105,126.83075591576763,37.20911097899763,2024-10-24 07:59:49
187,26,48,8,,,126.81750886945358,37.19344719907861,126.83029340191453,37.21436999496847,2024-10-24 08:01:16
188,23,50,8,,,126.82077139895752,37.19091477285706,126.82275156916442,37.2113037481842,2024-10-24 08:02:07
189,51,39,8,,,126.81916665550852,37.20967184917881,126.82120873347925,37.20052923081921,2024-10-24 08:02:22
190,19,48,8,,,126.82885143835655,37.194643557925865,126.83120935195899,37.213938257704356,2024-10-24 08:02:32
191,50,64,8,,,126.82315095494354,37.212082732101635,126.84213670849923,37.202884669998156,2024-10-24 08:02:59
192,70,50,8,,,126.8379592964869,37.20934069254077,126.82248582002555,37.21088982427895,2024-10-24 08:03:05
193,10,63,8,,,126.81750052142108,37.21015949624717,126.8361633190553,37.211940108008086,2024-10-24 08:03:20
194,21,48,8,,,126.81806381899457,37.19691646202394,126.83056398929374,37.21399572147773,2024-10-24 08:03:27
195,26,33,8,,,126.81886201598807,37.19283885038471,126.82847743643248,37.199765307849226,2024-10-24 08:03:35
196,34,26,8,,,126.82128229195072,37.20279172195438,126.81930788129489,37.193817023517056,2024-10-24 08:03:53
197,21,38,8,,,126.81795629832456,37.196139152128524,126.82486491465245,37.200564031879445,2024-10-24 08:04:08
198,37,51,8,,,126.82137667309198,37.19708298522139,126.81919865631762,37.21019251753965,2024-10-24 08:04:29
199,21,58,8,,,126.81868509677716,37.197002508517464,126.83575918543148,37.20863142076929,2024-10-24 08:04:41
200,63,24,8,,,126.83467361011243,37.211651657352085,126.8180585114818,37.19054379216597,2024-10-24 08:04:58
201,70,50,8,,,126.83771944196042,37.2093122269487,126.82302999680822,37.21160022785421,2024-10-24 08:05:01
202,55,50,8,,,126.82962060480077,37.208363170043164,126.82231104057155,37.21064884371471,2024-10-24 08:05:02
203,51,39,8,,,126.8195070852107,37.210761756908,126.82198422828269,37.200265077106735,2024-10-24 08:05:07
204,58,56,8,,,126.83540319365201,37.20795986522009,126.83415907029837,37.205744602123914,2024-10-24 08:05:23
205,35,21,8,,,126.81903795050687,37.20220337518101,126.81868531394292,37.19626829616089,2024-10-24 08:06:09
206,65,60,8,,,126.83535085992506,37.19911278020202,126.8327324187497,37.21373753937982,2024-10-24 08:06:36
207,3,28,8,,,126.82524819286525,37.21028683402234,126.8288710750165,37.20268233490216,2024-10-24 08:06:43
208,21,7,8,,,126.81880798562834,37.19701025900962,126.82686091258881,37.20890966230756,2024-10-24 08:06:45
209,21,38,8,,,126.81831135111723,37.19730472827968,126.82445850189502,37.20212310486612,2024-10-24 08:06:46
210,36,60,8,,,126.82461978819832,37.19912626596871,126.83206480752709,37.21397398284128,2024-10-24 08:07:03
211,65,53,8,,,126.83439303527373,37.199649801391224,126.8292582752347,37.20583184164614,2024-10-24 08:07:14
212,23,32,8,,,126.8198649954351,37.192115237327265,126.83257919509815,37.20077622537624,2024-10-24 08:07:30
213,50,50,8,,,126.82247140166271,37.21058918505177,126.8217295524264,37.21212753140629,2024-10-24 08:09:06
214,50,60,8,,,126.8229317549717,37.21062671474924,126.83248303440539,37.21292457083399,2024-10-24 08:09:12
215,20,50,8,,,126.81541145222144,37.19222432790462,126.82277234215557,37.212399275212,2024-10-24 08:09:15
216,13,27,8,,,126.81736998893298,37.203964188559816,126.82624740850794,37.19987773995255,2024-10-24 08:09:20
217,71,34,8,,,126.84028154987469,37.2046445882268,126.82268936936065,37.20237925084715,2024-10-24 08:09:32
218,23,50,8,,,126.82036346713464,37.19092448650871,126.8224760870404,37.211766667123776,2024-10-24 08:10:07
219,33,21,8,,,126.82925211554448,37.20054530849705,126.81916934055855,37.19660564308308,2024-10-24 08:10:18
220,51,39,8,,,126.8189802236844,37.21132496792277,126.82204705625365,37.20045405087445,2024-10-24 08:10:55
221,44,58,8,,,126.81967719410152,37.18942030775096,126.83557225081682,37.20818725343039,2024-10-24 08:11:18
222,26,38,8,,,126.81841830892556,37.19278606198142,126.82428629541087,37.20077993387342,2024-10-24 08:11:59
223,6,23,8,,,126.82355061934709,37.20347510016143,126.8210528558726,37.19253480123936,2024-10-24 08:12:17
224,56,50,8,,,126.83416679562372,37.206178482567665,126.82311579742714,37.211506241248074,2024-10-24 08:12:25
225,36,37,8,,,126.82389629189771,37.19814738587182,126.82038449406734,37.19672532586455,2024-10-24 08:12:51
226,67,59,8,,,126.8346809310166,37.20335346704438,126.8324451669814,37.20740722727575,2024-10-24 08:12:57
227,51,26,8,,,126.82041894180863,37.209991610921314,126.81866460696493,37.192623298646396,2024-10-24 08:13:02
228,9,72,8,,,126.81480920319837,37.206440654040975,126.81140459574502,37.2063893086089,2024-10-24 08:13:35
229,52,60,8,,,126.83136465781986,37.21680488757227,126.83369350732461,37.21291329704958,2024-10-24 08:13:39
230,23,50,8,,,126.82051366312396,37.19248767173834,126.82160914479937,37.211613044627384,2024-10-24 08:15:18
231,21,72,8,,,126.81787178956013,37.1959999919499,126.81064753825267,37.20797706414532,2024-10-24 08:15:54
232,29,37,8,,,126.82636542242393,37.20160612661906,126.82056648624514,37.19677060175604,2024-10-24 08:16:07
233,50,38,8,,,126.82147487306554,37.21110281606435,126.8247566464928,37.201159363528774,2024-10-24 08:16:13
234,23,37,8,,,126.81984499730254,37.19197082788617,126.82051426375456,37.19695433872781,2024-10-24 08:16:14
235,45,39,8,,,126.82568155314462,37.212200571754764,126.82215465909961,37.20017693627787,2024-10-24 08:16:19
236,7,27,8,,,126.82746774656995,37.20802689068088,126.82690535200204,37.19904943562336,2024-10-24 08:16:26
237,68,35,8,,,126.83953663625365,37.20160313327119,126.81901360327925,37.20107443921343,2024-10-24 08:16:26
238,51,26,8,,,126.81943070309632,37.209668339146695,126.81883975964085,37.194306663611926,2024-10-24 08:18:39
239,23,50,8,,,126.82142787787782,37.19194132205073,126.82332846737656,37.21219082399783,2024-10-24 08:19:01
240,49,38,8,,,126.82707008312225,37.21283050622738,126.82419555375138,37.201218350882016,2024-10-24 08:19:27
241,8,61,8,,,126.82446515483214,37.20722847100399,126.83381103793299,37.215325185588995,2024-10-24 08:20:25
242,4,70,8,,,126.82124759074931,37.209491899196045,126.83740546875107,37.210131816229065,2024-10-24 08:20:26
243,62,52,8,,,126.83865260816557,37.21232127324667,126.83025387298196,37.217929594410855,2024-10-24 08:20:37
244,59,14,8,,,126.83163450437837,37.207606634153905,126.81965464509393,37.207885980108706,2024-10-24 08:20:40
245,68,25,8,,,126.83901094426602,37.20216758497223,126.82095154222618,37.19439482706652,2024-10-24 08:21:03
246,24,54,8,,,126.81783167400772,37.1915556237156,126.83195839140524,37.20955628561027,2024-10-24 08:21:05
247,26,30,8,,,126.81890681546975,37.19397088251339,126.83094495890936,37.199066115881784,2024-10-24 08:21:16
248,23,50,8,,,126.8209692721723,37.19149641441346,126.82269284677828,37.21092599128652,2024-10-24 08:21:19
249,27,45,8,,,126.8275247713587,37.198928805095925,126.8254435254846,37.21250182976543,2024-10-24 08:22:10
250,23,50,8,,,126.82100821884592,37.19155493083971,126.82239047632127,37.211090309167076,2024-10-24 08:22:11
251,14,19,8,,,126.81882230834418,37.20809896698399,126.82894500463657,37.19429914835265,2024-10-24 08:22:18
252,51,37,8,,,126.81930765645987,37.21074122757312,126.8211129788129,37.197628846966616,2024-10-24 08:22:23
253,71,32,8,,,126.84009407905322,37.20559658824192,126.83278548915384,37.20104438605093,2024-10-24 08:22:44
254,63,49,8,,,126.8349826142169,37.21148775073438,126.82821785796338,37.21409948174686,2024-10-24 08:23:13
255,50,37,8,,,126.82220916798394,37.212361457529425,126.8210086696425,37.1972165116421,2024-10-24 08:23:51
256,10,44,8,,,126.81799556120008,37.209487886200094,126.82154569821476,37.18856840326311,2024-10-24 08:24:30
257,54,43,8,,,126.83191461333472,37.21021098598419,126.82255146387766,37.189460394892194,2024-10-24 08:24:40
258,27,67,8,,,126.82731851145967,37.19876131849737,126.8348621425091,37.20231385724375,2024-10-24 08:24:42
259,16,33,8,,,126.82432443872248,37.192935397934896,126.82882821354654,37.201326728103496,2024-10-24 08:24:58
260,48,5,8,,,126.83057567212866,37.21510048735725,126.8276163262725,37.20509721152191,2024-10-24 08:25:06
261,48,50,8,,,126.82964001280543,37.21485295519796,126.82308170626847,37.21219229822864,2024-10-24 08:25:20
262,50,38,8,,,126.82141185863452,37.211007814197316,126.82385845326185,37.20189675247383,2024-10-24 08:25:29
263,5,20,8,,,126.82656584403293,37.205077390290604,126.81603302993317,37.19227113974027,2024-10-24 08:25:35
264,40,25,8,,,126.83098369595834,37.19358688442212,126.82144274268612,37.19386393022649,2024-10-24 08:25:42
265,44,52,8,,,126.81995150117994,37.18828644727799,126.83090848619901,37.217945304010186,2024-10-24 08:25:43
266,50,38,8,,,126.82212919951914,37.212489564377655,126.82503050008502,37.20037608753233,2024-10-24 08:26:21
267,51,37,8,,,126.81906829918286,37.210097462387026,126.82099544052106,37.197807740693385,2024-10-24 08:26:23
268,50,72,8,,,126.82246543556761,37.212478759079765,126.81214844898734,37.206682629604465,2024-10-24 08:27:11
269,26,70,8,,,126.8181885321495,37.19394668850104,126.83686044631719,37.208769876044066,2024-10-24 08:27:36
270,23,50,8,,,126.82072043294133,37.19147098527974,126.82156954585085,37.2113324929757,2024-10-24 08:28:14
271,23,38,8,,,126.82130476568558,37.19184529309527,126.82472488235415,37.20127220437212,2024-10-24 08:28:44
272,23,50,8,,,126.82032321472849,37.19141816918435,126.82275301624324,37.212407698710415,2024-10-24 08:29:08
273,23,50,8,,,126.82121699397261,37.19099147896543,126.82268120750206,37.21220609914977,2024-10-24 08:29:22
274,69,52,8,,,126.83712320034113,37.205991585168434,126.83046551338333,37.21729116800802,2024-10-24 08:29:25
275,13,72,8,,,126.8162929039909,37.20277442141494,126.81246112277434,37.206438825686895,2024-10-24 08:30:05
276,26,38,8,,,126.8183244676396,37.19385156796352,126.82371518196425,37.20120380081467,2024-10-24 08:30:14
277,51,55,8,,,126.81984250830435,37.2109455580738,126.82978261755176,37.20917143624172,2024-10-24 08:30:18
278,45,13,8,,,126.82556908773266,37.21280282680589,126.81603118741351,37.20427529307131,2024-10-24 08:30:19
279,52,63,8,,,126.83128003167582,37.21855413753651,126.83633059853769,37.212209552681465,2024-10-24 08:30:23
280,52,46,8,,,126.83088275960462,37.216988753579315,126.83120793910344,37.21231613623498,2024-10-24 08:30:27
281,21,38,8,,,126.8180008928311,37.19552621969067,126.82511103489965,37.201598698278325,2024-10-24 08:31:02
282,18,51,8,,,126.82421926254911,37.19542616390776,126.81945671574623,37.20994371194671,2024-10-24 08:31:02
283,50,38,8,,,126.82305274961351,37.2106261279772,126.82424095584415,37.20131937088574,2024-10-24 08:31:12
284,7,37,8,,,126.82632022717155,37.207542209592454,126.82206316551434,37.19803286986511,2024-10-24 08:31:22
285,19,45,8,,,126.82847056946765,37.195853604034006,126.82434385942744,37.21239822767323,2024-10-24 08:31:41
286,23,50,8,,,126.82147697891247,37.190927388658345,126.82157250303743,37.21068697387858,2024-10-24 08:32:22
287,71,62,8,,,126.83965499476203,37.2054061361444,126.83777994747688,37.21298688127681,2024-10-24 08:33:26
288,23,50,8,,,126.82070055979425,37.192217924671866,126.82202359781179,37.21229904720542,2024-10-24 08:33:28
289,50,38,8,,,126.82216028163742,37.211608817580014,126.82444018985845,37.201259982597584,2024-10-24 08:34:39
290,41,63,8,,,126.83396099566488,37.19691961147147,126.83478583454082,37.21063495605449,2024-10-24 08:34:42
291,23,42,8,,,126.82071744597533,37.19198045407781,126.83178109752959,37.1955584926683,2024-10-24 08:35:02
292,56,33,8,,,126.83566465001142,37.20533194885435,126.82959386123615,37.20122630872204,2024-10-24 08:35:19
293,52,28,8,,,126.83078235066061,37.21733358748855,126.82905892498532,37.20300487377469,2024-10-24 08:35:20
294,37,12,8,,,126.8209885425865,37.1976432145238,126.81902224469809,37.20562453525271,2024-10-24 08:35:41
295,50,38,8,,,126.82151473281812,37.21244982265708,126.82418350366868,37.20137183133191,2024-10-24 08:35:44
296,28,59,8,,,126.83027939427544,37.202638614596474,126.8318907916824,37.20786938725021,2024-10-24 08:35:46
297,43,44,8,,,126.8229472388775,37.189133929134556,126.81985190732846,37.189510556964244,2024-10-24 08:35:56
298,21,1,8,,,126.81906121922977,37.19618112634986,126.81594603461267,37.197386329423864,2024-10-24 08:36:52
299,50,38,8,,,126.82259713437053,37.21238096557386,126.8247211935408,37.20116622195916,2024-10-24 08:37:27
300,55,37,8,,,126.83075504235352,37.208372058938075,126.82105706662868,37.196555099921696,2024-10-24 08:37:39
301,18,32,8,,,126.82430260327921,37.195420542689334,126.83207237038621,37.20077434203198,2024-10-24 08:38:02
302,18,62,8,,,126.82394140373376,37.19534500515416,126.8383140397019,37.2126506883716,2024-10-24 08:38:19
303,23,50,8,,,126.82005789770623,37.19145241400491,126.82271005521231,37.21120770983445,2024-10-24 08:38:20
304,51,50,8,,,126.81900154107447,37.20948415977817,126.8221213031874,37.211400358812604,2024-10-24 08:38:43
305,59,30,8,,,126.83276511331137,37.20668616613105,126.83198532264512,37.199372194305425,2024-10-24 08:39:38
306,38,72,8,,,126.82500234118564,37.20164693665328,126.81195397658577,37.20679646554916,2024-10-24 08:39:46
307,34,21,8,,,126.8217228116561,37.20216659099582,126.81848050892765,37.195963688544246,2024-10-24 08:40:22
308,26,38,8,,,126.81868740934729,37.193500956084634,126.8239593750677,37.20041054716648,2024-10-24 08:40:29
309,26,38,8,,,126.81776199047853,37.19263725449494,126.82470354733013,37.20221036061572,2024-10-24 08:40:54
310,71,27,8,,,126.8400555694397,37.205006901563976,126.82590361548718,37.1986756654397,2024-10-24 08:41:07
311,51,37,8,,,126.81905557771957,37.2114095854599,126.8204659424827,37.197011136549165,2024-10-24 08:41:07
312,50,38,8,,,126.82252070160435,37.21120614575443,126.82450527808136,37.20069434026487,2024-10-24 08:41:58
313,51,39,8,,,126.81924377546784,37.21141569032576,126.82238024107137,37.2011989596262,2024-10-24 08:41:58
314,50,38,8,,,126.82153782571484,37.210511016071784,126.82483877447409,37.20083156029814,2024-10-24 08:42:00
315,61,28,8,,,126.83311650620297,37.2161029715246,126.82911768875664,37.203735648442105,2024-10-24 08:42:11
316,12,52,8,,,126.81975856622653,37.204289915274565,126.83102071542746,37.21809455427746,2024-10-24 08:42:23
317,70,71,8,,,126.83705635523859,37.209900326578975,126.83984322105802,37.20593882216235,2024-10-24 08:42:32
318,50,38,8,,,126.82186325044114,37.2115312651356,126.82402732606172,37.20060686612176,2024-10-24 08:43:08
319,18,54,8,,,126.82293793154643,37.19656957637409,126.83172193772386,37.209661118298264,2024-10-24 08:43:35
320,60,62,8,,,126.8324254610787,37.21355125641668,126.83818750626203,37.21177700036973,2024-10-24 08:43:47
321,30,50,8,,,126.83202408838828,37.19920152540668,126.8226338089861,37.21222900742484,2024-10-24 08:43:53
322,37,4,8,,,126.82075623411433,37.19676872153403,126.82203445239549,37.208560567620566,2024-10-24 08:44:06
323,52,7,8,,,126.83158004534363,37.21711699226106,126.8266735284076,37.20708338285787,2024-10-24 08:44:20
324,24,63,8,,,126.81741337647455,37.19051411736154,126.83441876341517,37.21154077423405,2024-10-24 08:44:52
325,24,4,8,,,126.81766452261655,37.19137147025346,126.82256100635769,37.20804588321587,2024-10-24 08:44:54
326,10,52,8,,,126.81602637304434,37.20912987382156,126.83121562847064,37.21828974752386,2024-10-24 08:44:56
327,40,18,8,,,126.83151682530612,37.193083813864064,126.82334040311687,37.19656499698966,2024-10-24 08:45:12
328,53,24,8,,,126.82889231562628,37.20599174888671,126.81891229053095,37.19079689139599,2024-10-24 08:45:35
329,26,38,8,,,126.817497295223,37.19414009095104,126.82325345279864,37.20204324116531,2024-10-24 08:45:36
330,72,72,8,,,126.81147494768857,37.20639521125304,126.81243940135808,37.20679135774148,2024-10-24 08:45:59
331,8,39,8,,,126.82376426075578,37.20704378987447,126.8224597357046,37.201129376337676,2024-10-24 08:46:15
332,3,7,8,,,126.82583526305251,37.21060795283391,126.8271693752525,37.20852508890962,2024-10-24 08:46:43
333,51,37,8,,,126.81958892406703,37.21030720589241,126.82208396112883,37.19787723250258,2024-10-24 08:47:05
334,21,38,8,,,126.81846344737237,37.1960839327605,126.82487974866213,37.20222082278097,2024-10-24 08:47:07
335,57,48,8,,,126.83311839295413,37.204013061571764,126.83000292996246,37.21478166929392,2024-10-24 08:48:25
336,55,50,8,,,126.8300379407695,37.209550255798426,126.82302605297131,37.212038842775925,2024-10-24 08:48:56
337,23,50,8,,,126.82154739695103,37.19235957603403,126.82229545921649,37.211543416104604,2024-10-24 08:49:38
338,50,39,8,,,126.8215867019073,37.2118147224752,126.82199779016705,37.20040271171092,2024-10-24 08:50:02
339,23,50,8,,,126.82007366604267,37.191538415760824,126.82329262341999,37.21062047563112,2024-10-24 08:50:26
340,40,50,8,,,126.83215163882075,37.19429422612132,126.82272028625246,37.21068741960531,2024-10-24 08:50:26
341,71,50,8,,,126.84024286294381,37.205673860386256,126.8223988023738,37.21151514364758,2024-10-24 08:50:28
342,25,65,8,,,126.82078946975321,37.1946693080756,126.83377490869135,37.19991886119976,2024-10-24 08:50:56
343,23,50,8,,,126.82164512247746,37.1916389957536,126.8219546329876,37.21060340583512,2024-10-24 08:51:13
344,29,66,8,,,126.82701242215934,37.20252798853008,126.83813389219475,37.20427020852498,2024-10-24 08:51:30
345,26,38,8,,,126.81804348994078,37.193552383189505,126.82452528406138,37.20054149198567,2024-10-24 08:51:32
346,29,39,8,,,126.82620777823782,37.20271153558454,126.8214726663642,37.200784601246305,2024-10-24 08:51:49
347,26,38,8,,,126.81800938894169,37.19303872958594,126.82466287652238,37.200335172254405,2024-10-24 08:52:10
348,42,54,8,,,126.83100396995009,37.1960879349972,126.83182621859316,37.20946860520019,2024-10-24 08:52:18
349,23,50,8,,,126.82154441976692,37.19189579249885,126.82315555621628,37.21136065355851,2024-10-24 08:52:29
350,37,50,8,,,126.8214565183919,37.197100338004844,126.82267398488624,37.212078967538304,2024-10-24 08:52:52
351,12,18,8,,,126.81946154157536,37.20538638191349,126.82399447509805,37.195393634502196,2024-10-24 08:52:57
352,29,22,8,,,126.82730824419127,37.20209926809445,126.81652291143698,37.195900036957724,2024-10-24 08:52:59
353,48,24,8,,,126.83048975291885,37.214507618575496,126.8187634096454,37.19164508497995,2024-10-24 08:53:07
354,28,72,8,,,126.82955931201212,37.2028175858376,126.81166177127434,37.20640405535374,2024-10-24 08:53:11
355,50,50,8,,,126.82334101254388,37.211869878807995,126.82174393016913,37.21145757601841,2024-10-24 08:53:11
356,54,71,8,,,126.83239368147345,37.210181518368735,126.83999022531114,37.20513321134576,2024-10-24 08:53:57
357,35,29,8,,,126.81810586029991,37.20245120049514,126.82699679935283,37.20321861747665,2024-10-24 08:54:03
358,71,10,8,,,126.8401710773091,37.2059622318604,126.81629871183156,37.20906947508616,2024-10-24 08:54:15
359,51,37,8,,,126.82029696092249,37.21045794083728,126.82041860067925,37.197877766359845,2024-10-24 08:54:25
360,48,45,8,,,126.83118083718205,37.21495320060227,126.82502548671336,37.21168599556816,2024-10-24 08:54:41
361,17,49,8,,,126.82733140603202,37.1959999796565,126.82868245887269,37.212944270006645,2024-10-24 08:54:54
362,23,72,8,,,126.8211633885581,37.19203656965301,126.8118598569808,37.2072894815844,2024-10-24 08:55:52
363,17,23,8,,,126.82734038759861,37.19765801587379,126.82155422905417,37.19138340494042,2024-10-24 08:56:17
364,50,38,8,,,126.82304159514416,37.21144542354127,126.82410706852983,37.2018373947508,2024-10-24 08:56:38
365,49,54,8,,,126.8286422849798,37.213537701097025,126.832574144405,37.20963755050766,2024-10-24 08:56:43
366,57,30,8,,,126.83152945761414,37.20381044324361,126.83142036633171,37.198260242928335,2024-10-24 08:56:45
367,50,38,8,,,126.82204995488414,37.21192992222022,126.82324545465775,37.20061181105491,2024-10-24 08:57:17
368,60,53,8,,,126.83197853787009,37.21385707112972,126.82892488317943,37.20702446068047,2024-10-24 08:57:31
369,69,45,8,,,126.83753542824827,37.20703223535423,126.82575865013322,37.21265501746022,2024-10-24 08:57:32
370,43,6,8,,,126.82328908955903,37.19063467449718,126.82486997065176,37.20421467438012,2024-10-24 08:57:38
371,54,27,8,,,126.83309101600697,37.20950848499248,126.82597772475954,37.1999854972467,2024-10-24 08:58:07
372,38,21,8,,,126.82498153366984,37.20163284061409,126.81824340527237,37.197089432167154,2024-10-24 08:58:08
373,22,52,8,,,126.81686789203421,37.19623019601837,126.83125603288622,37.21764004364219,2024-10-24 08:58:36
374,17,61,8,,,126.82675443190688,37.19712228769104,126.83381191904614,37.21561981213059,2024-10-24 08:58:43
375,63,56,8,,,126.83515488243276,37.210965171330145,126.83493868997628,37.20616424928254,2024-10-24 08:58:45
376,67,2,8,,,126.83531135562536,37.20363184594825,126.82237412024152,37.20673713183156,2024-10-24 08:59:04
377,51,37,9,,,126.81935909917831,37.211317036055,126.82186889959105,37.19766398808691,2024-10-24 09:00:27
378,50,37,9,,,126.82220205118874,37.2115649386452,126.82170513211038,37.196457056006366,2024-10-24 09:00:27
379,27,44,9,,,126.82634864692116,37.1991081650364,126.8209253814752,37.18845054691019,2024-10-24 09:00:46
380,51,26,9,,,126.81947026386645,37.2100030838328,126.81915541631953,37.19269708961176,2024-10-24 09:00:50
381,70,71,9,,,126.83751588715279,37.2094389939844,126.83993355343932,37.20562211370176,2024-10-24 09:02:12
382,21,57,9,,,126.8183706703488,37.19733721644921,126.83309664417007,37.204552888796975,2024-10-24 09:02:28
383,21,38,9,,,126.8179268107512,37.19716933229437,126.8235204256906,37.202084202387596,2024-10-24 09:02:32
384,50,37,9,,,126.82220415861713,37.21202919136232,126.82072361345129,37.19810869314481,2024-10-24 09:03:18
385,38,21,9,,,126.82325732173562,37.200809180743704,126.81865620081805,37.19622079846601,2024-10-24 09:03:19
386,43,1,9,,,126.82420928251067,37.190183206049014,126.81538445105991,37.19819185713544,2024-10-24 09:03:56
387,50,37,9,,,126.82305751115949,37.21154840250598,126.82189673848885,37.19657226453404,2024-10-24 09:04:00
388,38,3,9,,,126.82323600082702,37.20052150586746,126.82524698374033,37.20996166442981,2024-10-24 09:04:35
389,60,61,9,,,126.83351652113687,37.212609739845455,126.83381879009879,37.215055159673575,2024-10-24 09:04:35
390,37,51,9,,,126.82120488906882,37.19839587820732,126.81905462740134,37.20999357054399,2024-10-24 09:04:42
391,50,38,9,,,126.82250729057155,37.211099067454334,126.8248677331261,37.20145310428105,2024-10-24 09:05:15
392,19,60,9,,,126.828141123187,37.19539721273031,126.8338519706867,37.21393824921354,2024-10-24 09:06:51
393,23,17,9,,,126.82048351936291,37.192650031734104,126.82668824426531,37.19667833839791,2024-10-24 09:07:19
394,70,71,9,,,126.83729262530987,37.2100907925985,126.84023126142651,37.2056100619652,2024-10-24 09:08:00
395,37,51,9,,,126.82221741323698,37.197955259077006,126.81953538862545,37.2107111507664,2024-10-24 09:09:14
396,26,38,9,,,126.81922479500382,37.193482598774885,126.82393599705688,37.200333372682344,2024-10-24 09:09:35
397,4,55,9,,,126.82164000193224,37.2093283736542,126.83038759128213,37.20925765702145,2024-10-24 09:10:05
398,20,70,9,,,126.81653949338765,37.19226085114541,126.83777363024002,37.210296328541766,2024-10-24 09:10:46
399,37,51,9,,,126.82171079455895,37.198298424433425,126.82031362111476,37.20964507840774,2024-10-24 09:12:52
400,6,25,9,,,126.82402006761265,37.20317300759831,126.82141808146365,37.193911205214526,2024-10-24 09:13:01
401,23,37,9,,,126.82047480332918,37.192410749798555,126.82155731734456,37.19788584217878,2024-10-24 09:13:09
402,21,33,9,,,126.81815117127537,37.19685469496185,126.82843259854991,37.20023661354697,2024-10-24 09:13:36
403,50,38,9,,,126.822883883112,37.211674585883344,126.82396544031631,37.20174513524117,2024-10-24 09:14:08
404,70,50,9,,,126.83736843903569,37.209123709117854,126.82171579212718,37.21157573091158,2024-10-24 09:15:03
405,39,50,9,,,126.82103474015518,37.2000660254807,126.82256270841678,37.21161394991139,2024-10-24 09:15:05
406,19,48,9,,,126.82797117133228,37.19531071790397,126.83086954945442,37.214570476439214,2024-10-24 09:15:24
407,62,34,9,,,126.8383027524949,37.21295089518693,126.82202275370784,37.20242702060597,2024-10-24 09:15:49
408,68,40,9,,,126.83919693511261,37.201783604431206,126.8313483925888,37.19368677097883,2024-10-24 09:16:17
409,42,6,9,,,126.83115235669462,37.19681407501998,126.82500423496563,37.20455028645827,2024-10-24 09:16:27
410,50,37,9,,,126.8224322861431,37.21088437778916,126.82079539614048,37.198054032492585,2024-10-24 09:16:27
411,52,29,9,,,126.82996729170802,37.21706497609833,126.826607467616,37.20224677347374,2024-10-24 09:16:31
412,43,7,9,,,126.82293423612083,37.18956842544105,126.8272010059603,37.20718969704293,2024-10-24 09:16:34
413,51,37,9,,,126.81903383059448,37.210563309991706,126.82053842678505,37.197185067758134,2024-10-24 09:16:34
414,50,60,9,,,126.82154345019164,37.21192673074053,126.8333195035726,37.212317653606824,2024-10-24 09:16:49
415,12,18,9,,,126.81869714565502,37.20490483497609,126.82331646847258,37.196634813845705,2024-10-24 09:19:02
416,71,34,9,,,126.83939216836175,37.2051823719033,126.82129340728137,37.204012247068206,2024-10-24 09:19:11
417,47,27,9,,,126.82759273565763,37.21060845942308,126.82615266599481,37.199303577845875,2024-10-24 09:19:19
418,16,38,9,,,126.82387794459665,37.193283495061166,126.82412845512192,37.201297718600294,2024-10-24 09:19:43
419,66,70,9,,,126.83755013261151,37.204745306727965,126.83744510468887,37.20988374946217,2024-10-24 09:20:18
420,51,37,9,,,126.81884850747048,37.21038785175808,126.82075392680383,37.19692700318674,2024-10-24 09:20:27
421,51,37,9,,,126.81898653438898,37.209956202724506,126.82081267041033,37.196758018512675,2024-10-24 09:20:33
422,50,67,9,,,126.8229020671547,37.21138998540517,126.83385899439719,37.20203168712233,2024-10-24 09:21:02
423,51,37,9,,,126.81949114391277,37.209774663672846,126.82173049539801,37.1970618790408,2024-10-24 09:21:26
424,65,13,9,,,126.83368800008107,37.19940571816871,126.81654214948246,37.204049095208894,2024-10-24 09:22:15
425,51,37,9,,,126.81955589718959,37.21029983497317,126.82156282038387,37.198070674191435,2024-10-24 09:22:29
426,45,57,9,,,126.82588229372385,37.2121880120129,126.83160347407578,37.20398573654643,2024-10-24 09:22:43
427,50,7,9,,,126.82302255805169,37.211015167190446,126.82758482121744,37.20896457271064,2024-10-24 09:23:02
428,40,71,9,,,126.83166942789931,37.194183070715056,126.83969288254718,37.205560265723484,2024-10-24 09:23:30
429,18,32,9,,,126.82403318344313,37.1965370118543,126.83142719938583,37.20224118172121,2024-10-24 09:23:38
430,70,71,9,,,126.83803925680438,37.21026162669128,126.84028771603212,37.20484499065403,2024-10-24 09:23:56
431,66,12,9,,,126.83760452124022,37.204598977173696,126.81965938830093,37.205416138183,2024-10-24 09:24:01
432,51,24,9,,,126.81988851385826,37.21052782874101,126.81885706352078,37.191281426122046,2024-10-24 09:24:09
433,33,27,9,,,126.82944261082197,37.199821988308656,126.82672484123746,37.19870857482988,2024-10-24 09:24:41
434,29,39,9,,,126.8262917431818,37.20262976845979,126.82079080344354,37.1995060426322,2024-10-24 09:25:05
435,43,43,9,,,126.82372287955819,37.189243362142896,126.82281063330929,37.1894393973867,2024-10-24 09:25:19
436,50,6,9,,,126.82187083420506,37.211640092700584,126.82527961173587,37.20423641792833,2024-10-24 09:25:55
437,37,51,9,,,126.8220949768205,37.197320677976485,126.81885516473295,37.21017438182947,2024-10-24 09:26:06
438,64,29,9,,,126.84194614894349,37.20226237844471,126.8272610054666,37.20195720722454,2024-10-24 09:26:32
439,63,61,9,,,126.83558566309316,37.21033281475742,126.83330483639942,37.215219638011746,2024-10-24 09:27:00
440,37,12,9,,,126.82026677761031,37.196932518149296,126.81839347063087,37.204224464291826,2024-10-24 09:27:01
441,50,37,9,,,126.8232979697606,37.210658552162805,126.82074716245552,37.19734159920226,2024-10-24 09:27:05
442,7,36,9,,,126.82752438842843,37.20803519518536,126.82464178783152,37.1984475432738,2024-10-24 09:28:00
443,41,17,9,,,126.8338355773158,37.19701247363244,126.82648147597506,37.19613739819909,2024-10-24 09:28:25
444,68,57,9,,,126.83998045816568,37.20236569606102,126.8321967671119,37.204408198566476,2024-10-24 09:28:33
445,37,51,9,,,126.82213322252791,37.19765345012558,126.81917599733598,37.211197471814124,2024-10-24 09:28:37
446,37,51,9,,,126.82038826649136,37.19711266144428,126.82056383034545,37.21140763645116,2024-10-24 09:28:55
447,70,71,9,,,126.83847887463223,37.208744362176496,126.83965083150277,37.20549134752101,2024-10-24 09:29:01
448,23,42,9,,,126.81998691067521,37.19182368335999,126.83092044625911,37.19645390486228,2024-10-24 09:29:11
449,58,60,9,,,126.8343302925864,37.20767054370534,126.8333898553183,37.212453213838195,2024-10-24 09:29:23
450,51,21,9,,,126.8198041447489,37.21031707648425,126.81762920500827,37.1961589611932,2024-10-24 09:29:25
451,50,37,9,,,126.82204191540629,37.21179032815906,126.82220842615841,37.19837826215774,2024-10-24 09:29:37
452,50,38,9,,,126.82153141066543,37.210964801683964,126.82439657874276,37.20153004992767,2024-10-24 09:29:50
453,36,34,9,,,126.82335583681291,37.19773681239043,126.82089002117442,37.203220542112284,2024-10-24 09:30:09
454,26,70,9,,,126.81926121387512,37.19403520388146,126.83826449825594,37.20914342097812,2024-10-24 09:30:29
455,53,51,9,,,126.82972090686918,37.20727829952611,126.81970789003374,37.21022099932487,2024-10-24 09:30:39
456,50,38,9,,,126.82209099656771,37.2114817205874,126.82403254416799,37.20220199813121,2024-10-24 09:30:45
457,70,50,9,,,126.83836382847547,37.20967083022111,126.82240098613273,37.21149114036124,2024-10-24 09:31:13
458,29,17,9,,,126.82666431920586,37.20201413024751,126.82719585618591,37.196774681184074,2024-10-24 09:31:46
459,50,37,9,,,126.8213982745176,37.21061274355343,126.82126046345336,37.1967663708616,2024-10-24 09:32:29
460,2,58,9,,,126.82218991386617,37.20521065288455,126.83581541371916,37.20869812621313,2024-10-24 09:32:47
461,60,5,9,,,126.8327281001201,37.21221831039511,126.82630958784448,37.20613947244625,2024-10-24 09:32:57
462,60,39,9,,,126.83209139532529,37.21270581227237,126.82138932670068,37.20068289295437,2024-10-24 09:32:58
463,70,12,9,,,126.83719293035907,37.20911719884683,126.81948623153662,37.20547263210275,2024-10-24 09:33:25
464,50,37,9,,,126.82284491864635,37.21142217167207,126.8205406637243,37.19712795604782,2024-10-24 09:33:29
465,35,70,9,,,126.81909713518871,37.201377671962106,126.83852770521393,37.208868603611904,2024-10-24 09:34:30
466,36,51,9,,,126.82305630545348,37.198395297730436,126.81952551389537,37.20968327780985,2024-10-24 09:34:50
467,48,10,9,,,126.83036684147574,37.21550949761184,126.81745500425919,37.20994389558337,2024-10-24 09:35:00
468,62,14,9,,,126.83736350327958,37.21170429007597,126.82038795344677,37.20772370315909,2024-10-24 09:35:13
469,23,18,9,,,126.821690556139,37.19178094688275,126.82365728088004,37.19639111206768,2024-10-24 09:35:47
470,50,37,9,,,126.82183890716651,37.212338818106055,126.82164532209204,37.19822614962921,2024-10-24 09:36:03
471,37,51,9,,,126.82072007480072,37.19718215664722,126.81900490749409,37.2103406396873,2024-10-24 09:36:18
472,10,64,9,,,126.81671875109011,37.2090229163751,126.84295840585601,37.203797457926356,2024-10-24 09:36:23
473,50,37,9,,,126.82141365936751,37.212455472371644,126.82160881257137,37.19804991815299,2024-10-24 09:36:34
474,37,51,9,,,126.82051544084177,37.197209720974726,126.82036430797102,37.21137683788426,2024-10-24 09:36:40
475,69,8,9,,,126.8378847747317,37.207110581133506,126.82472636210689,37.20795039270439,2024-10-24 09:36:41
476,50,38,9,,,126.82144517773261,37.211627533403274,126.82379781766197,37.202177245163774,2024-10-24 09:37:04
477,51,55,9,,,126.82022990056318,37.209779243555424,126.83044097618746,37.208166348696,2024-10-24 09:37:14
478,50,37,9,,,126.82321317295168,37.211477146317684,126.8215443655935,37.19750787742186,2024-10-24 09:37:18
479,58,61,9,,,126.83528355026579,37.20861969119317,126.83290269842006,37.21571654624319,2024-10-24 09:38:05
480,16,42,9,,,126.82408827548552,37.193741093937035,126.83079463206849,37.19566230822897,2024-10-24 09:38:15
481,70,25,9,,,126.83780867289488,37.2095504053382,126.82086834181236,37.194977736039405,2024-10-24 09:38:20
482,48,48,9,,,126.83091733809935,37.21547204339005,126.830541456469,37.213776313509115,2024-10-24 09:38:24
483,37,4,9,,,126.82118550327861,37.19653907727302,126.8226021689716,37.20929888177705,2024-10-24 09:38:29
484,50,38,9,,,126.82147249811378,37.21145151425047,126.82502001789568,37.20046840856112,2024-10-24 09:38:41
485,70,50,9,,,126.83836895925486,37.208767942601455,126.82211309771651,37.21214707929117,2024-10-24 09:39:05
486,71,54,9,,,126.84077144732245,37.20452334266408,126.8330304870564,37.21116445109836,2024-10-24 09:39:05
487,49,58,9,,,126.82758461460088,37.21382104182871,126.8347928100412,37.207763477422496,2024-10-24 09:39:52
488,45,56,9,,,126.82518200635498,37.21303024644134,126.83564767741117,37.20560170770589,2024-10-24 09:40:06
489,51,37,9,,,126.81933599505844,37.209691638073366,126.82066244964454,37.19831816155519,2024-10-24 09:40:34
490,50,38,9,,,126.82292648400457,37.211293919773794,126.82371550233277,37.20037896375916,2024-10-24 09:40:39
491,46,38,9,,,126.83000394553596,37.212335712118254,126.82381207829317,37.200798374359195,2024-10-24 09:41:15
492,19,19,9,,,126.82834475325049,37.19551661071053,126.8296765575005,37.19413635961707,2024-10-24 09:42:01
493,51,37,9,,,126.81992800233176,37.21041099400365,126.8205317257185,37.19733932697697,2024-10-24 09:42:40
494,51,39,9,,,126.81984642331093,37.210401403755995,126.82123654291881,37.19972375366137,2024-10-24 09:43:12
495,50,64,9,,,126.8221586181231,37.21080906745638,126.84169959759075,37.20297487881429,2024-10-24 09:43:16
496,50,37,9,,,126.82261241289447,37.21183402313428,126.82123645543514,37.1973900120184,2024-10-24 09:43:32
497,65,21,9,,,126.83423736866148,37.19963837783852,126.81780514534691,37.19612796085446,2024-10-24 09:43:37
498,11,4,9,,,126.81385463561865,37.20886443837689,126.82307028360434,37.208653411275336,2024-10-24 09:43:54
499,57,40,9,,,126.83202266217296,37.20491706479406,126.83225817640525,37.193805263450855,2024-10-24 09:44:02
500,61,42,9,,,126.8337205303342,37.21504371450375,126.83203186282641,37.19697523804844,2024-10-24 09:44:14
501,55,50,9,,,126.8293192264464,37.20944190425304,126.82250581475671,37.2117258694798,2024-10-24 09:44:53
502,37,51,9,,,126.82052672627981,37.19817271115454,126.81893193108226,37.211139962292464,2024-10-24 09:45:10
503,10,62,9,,,126.8167638266652,37.20929500430642,126.83796255892118,37.213268754594715,2024-10-24 09:45:12
504,44,24,9,,,126.81966890435402,37.18918788064811,126.81873892840194,37.18985811733028,2024-10-24 09:45:59
505,17,30,9,,,126.82719714036936,37.19685602199557,126.83146531417972,37.19871999367984,2024-10-24 09:46:11
506,50,38,9,,,126.82204283385154,37.21229356520918,126.82344874946399,37.20183093097031,2024-10-24 09:46:13
507,50,60,9,,,126.82213951959938,37.2116722639176,126.83248690822444,37.21355354648736,2024-10-24 09:46:24
508,50,38,9,,,126.82238095987557,37.21194884081537,126.82327624113941,37.20226835909614,2024-10-24 09:47:03
509,50,37,9,,,126.82274745742325,37.21095222818043,126.82156821810625,37.19811933791522,2024-10-24 09:47:35
510,29,24,9,,,126.82723406673476,37.20294019965842,126.81901089841374,37.19098997132394,2024-10-24 09:48:01
511,50,37,9,,,126.8218168135172,37.210802572968106,126.82038164690496,37.1973356230291,2024-10-24 09:48:16
512,51,63,9,,,126.82029003578975,37.20983868592293,126.83449576656228,37.21193699382616,2024-10-24 09:48:21
513,23,38,9,,,126.82128667092651,37.19116552018033,126.82430441072036,37.20190124777012,2024-10-24 09:49:03
514,7,70,9,,,126.82657759728022,37.207156118748166,126.837468832268,37.20895421270868,2024-10-24 09:49:39
515,60,29,9,,,126.83251992995083,37.21229256203276,126.82626722063235,37.20231118283395,2024-10-24 09:49:50
516,39,50,9,,,126.82173641858947,37.201062060399046,126.82237061574729,37.21135491483977,2024-10-24 09:50:11
517,45,61,9,,,126.82606344941647,37.21181626836053,126.83260561644639,37.21578283089286,2024-10-24 09:50:37
518,29,53,9,,,126.8266007356639,37.203378193487296,126.83058803124621,37.206700779750946,2024-10-24 09:51:02
519,39,50,9,,,126.82059732038421,37.20096636555315,126.82195790107501,37.21150830537306,2024-10-24 09:51:29
520,30,52,9,,,126.83234978620905,37.19912255769962,126.83071535148724,37.21761062604091,2024-10-24 09:51:31
521,37,51,9,,,126.82085747264455,37.1964690743658,126.81978355542573,37.21076638884576,2024-10-24 09:51:37
522,23,38,9,,,126.82103534413484,37.19117944461751,126.82397982902505,37.20159716402944,2024-10-24 09:51:41
523,30,7,9,,,126.83210323370808,37.19900596414394,126.82679636316726,37.20746837942145,2024-10-24 09:51:42
524,48,21,9,,,126.83126349433972,37.215423336070245,126.8184045415414,37.196084282685895,2024-10-24 09:51:59
525,21,38,9,,,126.81872494790659,37.195521794284055,126.82461508363201,37.201390016995056,2024-10-24 09:52:28
526,58,72,9,,,126.83551395408068,37.20881776557722,126.81263727260053,37.20647749193902,2024-10-24 09:52:43
527,17,49,9,,,126.82598652475026,37.197378871909514,126.82817774102877,37.213238016659865,2024-10-24 09:52:46
528,2,45,9,,,126.82208881204834,37.2068137424891,126.82416701573267,37.212036722412236,2024-10-24 09:53:26
529,71,33,9,,,126.83946929907405,37.2044018958439,126.82901590433532,37.19978449853164,2024-10-24 09:53:34
530,64,55,9,,,126.84172006083081,37.20237860586099,126.82936046913112,37.209856475138665,2024-10-24 09:54:20
531,50,37,9,,,126.82173790785433,37.212379937500764,126.82130951746959,37.198259701400076,2024-10-24 09:55:02
532,55,37,9,,,126.83026291019387,37.2091863284507,126.82179865476297,37.196593567579264,2024-10-24 09:55:27
533,39,50,9,,,126.82163665298532,37.20107169913405,126.82292445059727,37.21165546330445,2024-10-24 09:55:41
534,51,50,9,,,126.81942469582248,37.21099112219356,126.82177897426972,37.21236464798035,2024-10-24 09:55:44
535,39,50,9,,,126.82108796118445,37.19988023529859,126.82269979901992,37.2107870345435,2024-10-24 09:55:52
536,70,71,9,,,126.83833874146093,37.210053101783615,126.83949249750258,37.204871389690986,2024-10-24 09:56:09
537,18,54,9,,,126.8245872872096,37.19576614843794,126.83194643433416,37.21058581709514,2024-10-24 09:56:31
538,70,38,9,,,126.837153240174,37.20942723278436,126.82476061005472,37.201450508039756,2024-10-24 09:57:20
539,51,71,9,,,126.81951294792817,37.2110107028022,126.84032208571186,37.204987262962106,2024-10-24 09:57:52
540,50,37,9,,,126.82144274317962,37.211800302578766,126.8210150858041,37.19723416030737,2024-10-24 09:58:35
541,70,21,9,,,126.83683790007827,37.20925760764308,126.81920711308155,37.195615942272354,2024-10-24 09:59:05
542,54,71,9,,,126.83275917883134,37.21057689222564,126.83977447261859,37.20557009836563,2024-10-24 09:59:22
543,21,58,9,,,126.81933016753608,37.197194952238824,126.83526900320658,37.20747718893909,2024-10-24 09:59:32
544,1,72,9,,,126.81516955986773,37.19845337092145,126.81257600854205,37.207125182502224,2024-10-24 09:59:32
545,13,2,10,,,126.81641878012657,37.20469136883008,126.82275067781251,37.20686101689853,2024-10-24 10:00:02
546,8,59,10,,,126.82531087160724,37.20768840912501,126.83339194814849,37.206564060913465,2024-10-24 10:00:10
547,23,42,10,,,126.81989308885939,37.1913174925964,126.83212946385501,37.195236330874636,2024-10-24 10:00:56
548,60,34,10,,,126.83348345338284,37.21268494384195,126.82239383102275,37.2026761453511,2024-10-24 10:01:22
549,50,38,10,,,126.82201580799602,37.2108646771872,126.82439161058038,37.20193732629281,2024-10-24 10:02:12
550,31,63,10,,,126.82969889730909,37.19720897433916,126.83626560803333,37.21223725793662,2024-10-24 10:03:35
551,24,33,10,,,126.81800459925235,37.19033288766033,126.82879154815379,37.201572638817794,2024-10-24 10:04:30
552,32,37,10,,,126.83273129022963,37.202500487198144,126.82088214221523,37.19797065867017,2024-10-24 10:04:42
553,32,66,10,,,126.83101516411679,37.20185268751242,126.83749740936321,37.20330928387526,2024-10-24 10:05:53
554,18,32,10,,,126.82272341194943,37.19609638867006,126.83126462535375,37.2017001181383,2024-10-24 10:06:13
555,1,25,10,,,126.81661645383078,37.1973484614319,126.82015565271486,37.1944315351445,2024-10-24 10:06:30
556,55,53,10,,,126.83011191697881,37.209962372812164,126.82933462317774,37.20549887918288,2024-10-24 10:06:50
557,51,21,10,,,126.81903487515399,37.20956778993374,126.81904065137078,37.19609378861119,2024-10-24 10:07:08
558,55,50,10,,,126.82928294894243,37.208941401276185,126.82289612894802,37.211676381941736,2024-10-24 10:07:40
559,38,21,10,,,126.82478404208489,37.20050055421736,126.81898609080814,37.1959513028088,2024-10-24 10:08:11
560,19,18,10,,,126.82871081698615,37.19601113857608,126.82286289595284,37.19495334289271,2024-10-24 10:08:13
561,39,51,10,,,126.82214517697795,37.19926281891414,126.81895609522277,37.211384523605176,2024-10-24 10:08:17
562,70,50,10,,,126.83730260938832,37.20990187801962,126.82227158103751,37.21147808715331,2024-10-24 10:08:27
563,50,37,10,,,126.82284407822316,37.21245223501794,126.82153927865005,37.197297340477014,2024-10-24 10:09:18
564,26,17,10,,,126.81768080949169,37.19393068980035,126.82645163017173,37.197675672645104,2024-10-24 10:09:22
565,5,52,10,,,126.82661488347273,37.2053708677735,126.83056298868419,37.2173880629072,2024-10-24 10:09:42
566,47,51,10,,,126.82776378850049,37.20991643482179,126.81928487507369,37.2099109586887,2024-10-24 10:10:08
567,34,26,10,,,126.82152821010466,37.202067002520906,126.8180459916253,37.19299368606162,2024-10-24 10:10:16
568,51,26,10,,,126.81870229589202,37.20952839883362,126.81900093884398,37.19270294729652,2024-10-24 10:10:29
569,37,51,10,,,126.82115988016261,37.19663491921136,126.81893613822183,37.21004745570583,2024-10-24 10:10:36
570,68,8,10,,,126.84024998487267,37.20130407836136,126.82517756981447,37.206757363881295,2024-10-24 10:10:51
571,70,71,10,,,126.83837839346943,37.210247171951906,126.83949811578658,37.20441729370615,2024-10-24 10:11:07
572,53,27,10,,,126.83037935891228,37.20724122805391,126.82647629253867,37.19883743073205,2024-10-24 10:11:24
573,46,9,10,,,126.83102728984817,37.21163606145825,126.81399455514233,37.204991870448026,2024-10-24 10:11:47
574,71,11,10,,,126.83907234108679,37.205190940432516,126.81493608239047,37.20776191419939,2024-10-24 10:11:49
575,29,39,10,,,126.82756845637542,37.203262837717816,126.82231232765321,37.2003446346448,2024-10-24 10:12:13
576,51,37,10,,,126.81945755512189,37.21016143017989,126.82034998051653,37.196796769593476,2024-10-24 10:12:37
577,70,50,10,,,126.83846574578251,37.20908748429569,126.82265019379045,37.21151076642505,2024-10-24 10:13:35
578,50,37,10,,,126.82206089226084,37.2121134045018,126.82186559555632,37.196778523456466,2024-10-24 10:13:45
579,9,49,10,,,126.8147522275763,37.206378164070124,126.82739518875294,37.213652185871744,2024-10-24 10:14:52
580,50,26,10,,,126.82334470344382,37.211651897892416,126.819223556294,37.193304535621124,2024-10-24 10:14:58
581,70,71,10,,,126.83735690035768,37.20989491979092,126.83909551834755,37.20480767092452,2024-10-24 10:15:22
582,18,54,10,,,126.82361137309559,37.1957278810998,126.83235903672463,37.20920959963188,2024-10-24 10:15:26
583,37,51,10,,,126.8206661719197,37.196572978582765,126.8198640808193,37.21097926309515,2024-10-24 10:15:56
584,50,38,10,,,126.82201841153058,37.21119413392454,126.8250950075246,37.20159208598175,2024-10-24 10:16:14
585,37,15,10,,,126.8221831167889,37.19726323539516,126.8160714163353,37.20746807566772,2024-10-24 10:16:15
586,23,18,10,,,126.82003892246072,37.19178289748196,126.82390909887832,37.19568815767307,2024-10-24 10:16:20
587,50,26,10,,,126.82301194449552,37.211033567677305,126.81746496154152,37.194362209543044,2024-10-24 10:16:27
588,24,56,10,,,126.81799859434345,37.18988497427032,126.83512639451698,37.205549662977546,2024-10-24 10:16:41
589,39,50,10,,,126.82127692123953,37.20117570507616,126.82197705559423,37.21059841491036,2024-10-24 10:16:56
590,55,28,10,,,126.83044075547821,37.20875201545617,126.82871240032479,37.20409600776098,2024-10-24 10:17:36
591,70,50,10,,,126.83819643427438,37.21003745156771,126.82215250551378,37.21107065242805,2024-10-24 10:17:39
592,50,50,10,,,126.82276572632495,37.21091988224398,126.82295341418448,37.21120147599897,2024-10-24 10:18:06
593,2,59,10,,,126.82118563972111,37.206603723941924,126.83194700204848,37.20810993518727,2024-10-24 10:18:55
594,37,18,10,,,126.82210329547308,37.196609656987874,126.82376075777901,37.196483567534386,2024-10-24 10:19:06
595,10,21,10,,,126.81716604439335,37.209013772650074,126.81854735700826,37.19647515706487,2024-10-24 10:19:21
596,51,32,10,,,126.81964180604997,37.21137350452221,126.83256897891582,37.20097752256926,2024-10-24 10:19:55
597,51,26,10,,,126.81879393563376,37.209894485700104,126.8190328532395,37.193671230193615,2024-10-24 10:20:18
598,19,72,10,,,126.8294131100859,37.19430908734664,126.81090815961207,37.20768231767604,2024-10-24 10:20:25
599,33,10,10,,,126.82879944136452,37.20114493483783,126.81795389260313,37.20907480959513,2024-10-24 10:20:44
600,71,34,10,,,126.84047415002546,37.20541413750774,126.82249910383567,37.20260500387183,2024-10-24 10:20:51
601,50,37,10,,,126.82196840870174,37.211968503621904,126.82026434248048,37.196779020288155,2024-10-24 10:20:56
602,25,68,10,,,126.82135318566294,37.19494050185601,126.83885617601906,37.201524136233424,2024-10-24 10:21:06
603,23,50,10,,,126.82165528485307,37.19095116516602,126.82169012843475,37.21244914044389,2024-10-24 10:21:09
604,31,45,10,,,126.8282459954101,37.197392801554635,126.82506838728756,37.21232725229512,2024-10-24 10:21:50
605,23,55,10,,,126.82108202363023,37.19157458504801,126.83034866082926,37.20978156941702,2024-10-24 10:22:18
606,45,6,10,,,126.82594886672449,37.21182669128016,126.82524094609683,37.20323640826512,2024-10-24 10:22:38
607,12,12,10,,,126.81977191962389,37.205576970990556,126.81949977062335,37.20388054752579,2024-10-24 10:23:27
608,37,71,10,,,126.82067601911835,37.198352873155656,126.83958542948639,37.20460527196795,2024-10-24 10:24:27
609,50,37,10,,,126.82143578731176,37.212328473683435,126.82215586413727,37.19782472531786,2024-10-24 10:24:29
610,15,62,10,,,126.8165303569002,37.206023735752886,126.83737428201546,37.21316298414799,2024-10-24 10:24:36
611,37,11,10,,,126.82171517674522,37.198121615686716,126.8143855402302,37.20746503135537,2024-10-24 10:25:41
612,19,21,10,,,126.82947810278625,37.19421349091914,126.81831180457948,37.19554927590945,2024-10-24 10:26:09
613,23,38,10,,,126.82095019591307,37.192514750049945,126.82453473237352,37.20105053736697,2024-10-24 10:26:24
614,50,7,10,,,126.82143150010783,37.211041385044716,126.82636003922971,37.208225788881656,2024-10-24 10:26:30
615,17,50,10,,,126.82685759617321,37.197020848789926,126.82223783605382,37.21201097798931,2024-10-24 10:27:03
616,23,50,10,,,126.82088656476766,37.19095797766592,126.82193430964377,37.21173260778651,2024-10-24 10:27:27
617,47,59,10,,,126.82748349726272,37.21161269308265,126.83221367811666,37.206553220699405,2024-10-24 10:28:07
618,50,60,10,,,126.82213679932185,37.21148667766212,126.83209900638231,37.21310125961445,2024-10-24 10:28:15
619,51,37,10,,,126.8198741176323,37.21136080020456,126.821942341,37.19753080752347,2024-10-24 10:28:15
620,49,44,10,,,126.82851876348622,37.21306167158997,126.82085131802326,37.189029569871856,2024-10-24 10:28:37
621,45,20,10,,,126.82485430277887,37.2132250067647,126.81603585502397,37.19150600082832,2024-10-24 10:29:34
622,51,21,10,,,126.81889718036963,37.20973359668487,126.81795664971541,37.19575397379647,2024-10-24 10:29:38
623,37,51,10,,,126.82052216324001,37.19774849156747,126.82039649215926,37.21000274117832,2024-10-24 10:29:41
624,51,37,10,,,126.81914714930825,37.210349505042515,126.82038402540645,37.19696072769771,2024-10-24 10:30:01
625,20,63,10,,,126.81509554009331,37.19214941167998,126.83619723746772,37.211770967881485,2024-10-24 10:30:02
626,51,18,10,,,126.82038618971573,37.20956680790933,126.82335867315795,37.195278809816756,2024-10-24 10:30:48
627,51,37,10,,,126.82001674485718,37.21039758275445,126.82134899872557,37.19660587746626,2024-10-24 10:32:08
628,50,64,10,,,126.82253548515416,37.21207797366413,126.84196772218839,37.203769965445176,2024-10-24 10:32:43
629,50,6,10,,,126.82234873314319,37.21158954928725,126.82439746915685,37.20496048689649,2024-10-24 10:32:44
630,51,21,10,,,126.81955731141598,37.210828398423395,126.81879131645155,37.196650143193565,2024-10-24 10:32:57
631,67,6,10,,,126.83541877787358,37.203346210884554,126.82442322205098,37.20477716764809,2024-10-24 10:33:04
632,50,37,10,,,126.8217277795142,37.211798874206465,126.82164786746372,37.19836108950383,2024-10-24 10:33:15
633,50,37,10,,,126.82173048770763,37.21158476287822,126.82037308262073,37.19649953119356,2024-10-24 10:33:36
634,37,51,10,,,126.82190067245092,37.19669063141166,126.81983030620427,37.20956905009887,2024-10-24 10:34:30
635,23,50,10,,,126.82123869328773,37.191366097642266,126.82222652464264,37.21203473367651,2024-10-24 10:34:35
636,68,18,10,,,126.83888874239459,37.20293150960886,126.8243870992082,37.19507451948419,2024-10-24 10:35:47
637,23,19,10,,,126.8198375691603,37.192570571098244,126.82849913441972,37.194757025171235,2024-10-24 10:36:03
638,56,11,10,,,126.8356645168335,37.2064031908622,126.81463548659352,37.207785406577,2024-10-24 10:36:33
639,51,21,10,,,126.82065074779348,37.21130305741728,126.81954723340053,37.19601877401153,2024-10-24 10:37:20
640,55,43,10,,,126.82963880307058,37.20890722646736,126.82319002449582,37.18961083578966,2024-10-24 10:37:58
641,50,37,10,,,126.8232761111844,37.21078471825601,126.82188154899336,37.198096997392625,2024-10-24 10:38:28
642,27,2,10,,,126.82594416270224,37.19891882152008,126.82272040022417,37.206416286667576,2024-10-24 10:38:41
643,56,56,10,,,126.83398366104912,37.20586084359685,126.83419643504938,37.20519374757702,2024-10-24 10:39:03
644,51,37,10,,,126.81964718930985,37.211182696869045,126.82206630106981,37.196581513810706,2024-10-24 10:39:05
645,42,44,10,,,126.83217637804024,37.19563303446015,126.8197187533177,37.18802154212082,2024-10-24 10:40:00
646,21,33,10,,,126.81814652282026,37.19678523212075,126.82836792218971,37.20154834135456,2024-10-24 10:40:57
647,50,37,10,,,126.8224322712006,37.21093813155856,126.82209653903898,37.19642497070392,2024-10-24 10:41:04
648,39,50,10,,,126.82215628181613,37.199319564684025,126.82156179997989,37.211156100992945,2024-10-24 10:41:11
649,58,56,10,,,126.8349365192658,37.20882028032855,126.83566664497147,37.20543450478141,2024-10-24 10:41:33
650,50,37,10,,,126.82182584860026,37.21207449726037,126.82061144992711,37.19760150402272,2024-10-24 10:41:53
651,21,33,10,,,126.81929660624945,37.196716005182786,126.82851520360238,37.1998391589313,2024-10-24 10:42:03
652,51,56,10,,,126.82059317438059,37.20971428443823,126.83580685267418,37.20554099876532,2024-10-24 10:42:20
653,51,26,10,,,126.8190940143492,37.21061982018624,126.8176948086132,37.192579161963366,2024-10-24 10:42:40
654,26,70,10,,,126.81826353978518,37.192681830640474,126.83781795321066,37.209259777089784,2024-10-24 10:42:50
655,7,21,10,,,126.82783920077829,37.20862075343747,126.81907628596599,37.19614857438964,2024-10-24 10:43:15
656,8,62,10,,,126.8243329824139,37.20727888124093,126.83811208078592,37.211482044982446,2024-10-24 10:43:20
657,50,38,10,,,126.8232527497594,37.211631614167416,126.82465953493173,37.20060099917757,2024-10-24 10:43:39
658,64,54,10,,,126.84239998992948,37.20243205205866,126.83248622914624,37.21102034010468,2024-10-24 10:44:04
659,44,17,10,,,126.8198473923436,37.18886480440302,126.82706433180071,37.19757979618236,2024-10-24 10:44:05
660,14,3,10,,,126.82021987494183,37.207207736262866,126.82402709117565,37.21051928471083,2024-10-24 10:44:22
661,27,48,10,,,126.82608635158634,37.200030615481424,126.82952290915645,37.21476152347694,2024-10-24 10:46:01
662,20,56,10,,,126.81573044574355,37.19173274237599,126.83520877013443,37.20465986877686,2024-10-24 10:46:13
663,54,39,10,,,126.83366642687811,37.21006426098491,126.82215264855152,37.20049335749227,2024-10-24 10:46:38
664,72,58,10,,,126.8107695412575,37.20639221113523,126.83541426896048,37.20943537653377,2024-10-24 10:46:43
665,59,11,10,,,126.83293914720429,37.20685293618512,126.81511997397638,37.20909880328248,2024-10-24 10:47:08
666,7,31,10,,,126.8270395746568,37.208904228404315,126.82874479983049,37.19875079379635,2024-10-24 10:47:25
667,51,21,10,,,126.8205458119483,37.21052761399484,126.81889787698567,37.196423123706246,2024-10-24 10:47:35
668,37,21,10,,,126.82117766272422,37.19821475959144,126.818738222455,37.19683867164071,2024-10-24 10:47:50
669,50,37,10,,,126.82216257702686,37.21239790999488,126.8221911145477,37.19841216997225,2024-10-24 10:47:55
670,50,37,10,,,126.82217056529701,37.212384360102114,126.82086427697459,37.19662566805152,2024-10-24 10:48:05
671,3,5,10,,,126.82433552068665,37.20941028805957,126.82686285066916,37.20590312802818,2024-10-24 10:48:33
672,51,37,10,,,126.81983710461823,37.209488846117324,126.82140371747764,37.197457238504924,2024-10-24 10:48:45
673,50,50,10,,,126.8221512483682,37.21050307599017,126.82331757782251,37.21196568266417,2024-10-24 10:49:10
674,30,23,10,,,126.83122407545703,37.1992423353574,126.82164514466528,37.191289648408784,2024-10-24 10:50:33
675,61,21,10,,,126.83377207674626,37.21571121036684,126.81841022665566,37.19588171280505,2024-10-24 10:50:46
676,21,38,10,,,126.81886902074952,37.19612637487483,126.82475640433897,37.20188731564042,2024-10-24 10:51:03
677,39,50,10,,,126.82067388286815,37.20033914685181,126.82296699365786,37.2107043283725,2024-10-24 10:51:04
678,51,37,10,,,126.81888806998974,37.2108123310323,126.82187710698194,37.197759886058954,2024-10-24 10:51:21
679,21,33,10,,,126.81903669949803,37.195589187288014,126.82917305086045,37.200368854145125,2024-10-24 10:51:22
680,23,40,10,,,126.82178816766519,37.19173515129404,126.83150146984367,37.192445881576724,2024-10-24 10:52:04
681,50,26,10,,,126.82184489842814,37.21166849151488,126.81784885833783,37.192846940194464,2024-10-24 10:52:20
682,34,21,10,,,126.822173064559,37.20360601866731,126.8191686282826,37.19643599132825,2024-10-24 10:52:44
683,50,37,10,,,126.82243196392946,37.21072235485917,126.82040580987926,37.19715338341597,2024-10-24 10:52:51
684,70,71,10,,,126.83818313266221,37.21047380601019,126.83932004181412,37.204936850944584,2024-10-24 10:53:16
685,26,19,10,,,126.81787163815287,37.19417270432334,126.82936574188679,37.19477856761893,2024-10-24 10:53:27
686,21,33,10,,,126.81813061651413,37.19562253322065,126.82942106664099,37.19983428029636,2024-10-24 10:54:00
687,37,51,10,,,126.8219245463365,37.197209509052975,126.81960018045231,37.21007189226777,2024-10-24 10:54:40
688,49,59,10,,,126.82678851842041,37.213750069342495,126.83287438890177,37.207142773765035,2024-10-24 10:54:45
689,26,48,10,,,126.81840085265272,37.19338633971659,126.83138493451749,37.214269773008766,2024-10-24 10:55:05
690,50,12,10,,,126.82149655663285,37.21205759023783,126.81930627616298,37.20577172432134,2024-10-24 10:55:20
691,51,37,10,,,126.82062592015585,37.21046455367686,126.82213346953836,37.19779773957593,2024-10-24 10:55:52
692,39,50,10,,,126.82054659650088,37.201220258308624,126.8222837765111,37.21130929812807,2024-10-24 10:55:59
693,50,39,10,,,126.8226575795481,37.211918445301464,126.82137769218237,37.20101221209824,2024-10-24 10:56:05
694,42,12,10,,,126.83192345438108,37.195916556774804,126.8184154904275,37.20566381147056,2024-10-24 10:56:13
695,71,61,10,,,126.84022438794425,37.205235868723896,126.83411928884244,37.21483968428554,2024-10-24 10:56:16
696,12,18,10,,,126.81849588593751,37.204707825199826,126.82360381123979,37.19640429579038,2024-10-24 10:57:07
697,70,21,10,,,126.83688487528816,37.20865478433046,126.8182974313638,37.195443991406414,2024-10-24 10:57:08
698,35,63,10,,,126.81804300451235,37.202360280016755,126.83587530752483,37.21094446494516,2024-10-24 10:57:18
699,72,12,10,,,126.81176478138421,37.20785475891271,126.81881276533467,37.20497620675957,2024-10-24 10:57:34
700,50,26,10,,,126.82185247643778,37.21084793773791,126.81882935443205,37.19316369931449,2024-10-24 10:57:42
701,21,33,10,,,126.8181799798674,37.196659683583206,126.82933331850965,37.200701281119954,2024-10-24 10:57:49
702,71,54,10,,,126.83955941105111,37.20468607493007,126.83302628073733,37.21012687052484,2024-10-24 10:58:08
703,60,72,10,,,126.83209258404358,37.213401577368444,126.81091063819164,37.20791380212425,2024-10-24 10:58:35
704,28,60,10,,,126.82863030850282,37.20250589656759,126.83373660235355,37.21273716467176,2024-10-24 10:58:54
705,50,37,10,,,126.82142319996478,37.21114769129779,126.8220951949621,37.19759682206134,2024-10-24 10:59:16
706,70,50,10,,,126.83792140064035,37.209488693876864,126.82305468171282,37.21118901168288,2024-10-24 10:59:25
707,26,38,10,,,126.8191259737493,37.19306521955072,126.82322756077787,37.20186257302225,2024-10-24 10:59:37
708,55,50,10,,,126.83038737370302,37.2081372440733,126.82294274549415,37.21167566585064,2024-10-24 10:59:37
709,57,27,11,,,126.83279474690464,37.2041885505638,126.82691121982872,37.20000945698922,2024-10-24 11:00:19
710,54,71,11,,,126.83278202791584,37.21030052286937,126.8390654733107,37.20423512684939,2024-10-24 11:00:45
711,50,37,11,,,126.82178554861775,37.21198785360767,126.82198163614412,37.198161303633796,2024-10-24 11:00:53
712,21,33,11,,,126.81883005505759,37.196696369126386,126.82970132287176,37.20016342911011,2024-10-24 11:01:13
713,60,63,11,,,126.83315940225195,37.21370838622491,126.83551525079295,37.2118997150084,2024-10-24 11:01:16
714,23,42,11,,,126.8201514046193,37.19197250771167,126.83185196461726,37.19584857605826,2024-10-24 11:01:29
715,6,11,11,,,126.82538762084492,37.20444593400422,126.81416304262424,37.207775985862085,2024-10-24 11:01:44
716,23,50,11,,,126.82109407730607,37.19154350690742,126.82262564372692,37.21204301300186,2024-10-24 11:02:33
717,26,59,11,,,126.81917385748474,37.193623968105356,126.83240897545015,37.2077541854282,2024-10-24 11:02:41
718,51,37,11,,,126.8193365387687,37.21078449185175,126.822150722008,37.19825546857176,2024-10-24 11:02:43
719,70,50,11,,,126.83800342851988,37.20879529952864,126.8224046598043,37.21076996177118,2024-10-24 11:02:56
720,38,26,11,,,126.82426983941498,37.20133357110564,126.81898735084125,37.19328496576294,2024-10-24 11:03:26
721,50,37,11,,,126.82196965530423,37.2118817033759,126.82032535943362,37.19793079160725,2024-10-24 11:04:14
722,37,51,11,,,126.82088922255689,37.196946829445615,126.82005052258972,37.21082852548317,2024-10-24 11:04:19
723,21,72,11,,,126.81817308570723,37.19699056050238,126.8120975309726,37.206757657657676,2024-10-24 11:04:27
724,16,54,11,,,126.82288655238348,37.192818132552304,126.8330332839532,37.209433106368216,2024-10-24 11:04:51
725,51,37,11,,,126.81900217390212,37.21091317078156,126.82092417741806,37.197342054181675,2024-10-24 11:04:55
726,51,39,11,,,126.81970033864951,37.210134789407704,126.82185618963227,37.19981857826548,2024-10-24 11:04:57
727,38,28,11,,,126.82477137085097,37.20123790163076,126.83025152389139,37.20337751759284,2024-10-24 11:05:22
728,51,37,11,,,126.8190506490748,37.209565885188525,126.8204016308516,37.19692741971314,2024-10-24 11:05:58
729,64,51,11,,,126.84252089127268,37.203047048673355,126.82039062842789,37.210744746108965,2024-10-24 11:06:10
730,32,54,11,,,126.83277980979277,37.20244899652313,126.8319486773099,37.20921281914929,2024-10-24 11:06:29
731,55,51,11,,,126.83014774076666,37.20850735166354,126.81940894146571,37.211322468942896,2024-10-24 11:06:42
732,50,37,11,,,126.82167002759556,37.21055105795769,126.82066055150166,37.19776411206869,2024-10-24 11:07:16
733,26,38,11,,,126.8183486223562,37.19409721071024,126.82472476610872,37.20153771605998,2024-10-24 11:07:46
734,55,50,11,,,126.83058586956706,37.208475232448194,126.82308214961715,37.212205015930714,2024-10-24 11:07:49
735,15,4,11,,,126.81751945610429,37.20646403033113,126.82304421077995,37.20885220031143,2024-10-24 11:08:02
736,37,42,11,,,126.82123699222112,37.19738976302389,126.83143225961754,37.19689058101159,2024-10-24 11:08:55
737,50,12,11,,,126.82258442307165,37.21077687368647,126.81927200082404,37.20556153538529,2024-10-24 11:09:06
738,70,50,11,,,126.8372787147312,37.20941932670025,126.821940993189,37.21152959622146,2024-10-24 11:09:29
739,42,72,11,,,126.83203590563777,37.196759070475295,126.8111504457722,37.20699442358849,2024-10-24 11:09:35
740,18,32,11,,,126.82415257625425,37.19532175950582,126.83197438746117,37.202304387076644,2024-10-24 11:09:46
741,37,51,11,,,126.82137743514053,37.19810166975362,126.81880379697814,37.21139497237973,2024-10-24 11:10:08
742,70,50,11,,,126.83754317908758,37.208913340650355,126.82161603461795,37.21193511909208,2024-10-24 11:10:15
743,56,50,11,,,126.83463771657948,37.205774023308756,126.82223598895821,37.21113317999417,2024-10-24 11:10:24
744,65,41,11,,,126.83535751380289,37.199369859986234,126.8351712714466,37.197514781892686,2024-10-24 11:10:52
745,38,10,11,,,126.82415214419781,37.20046944292622,126.81795046721038,37.20882004597313,2024-10-24 11:11:17
746,71,34,11,,,126.83974075618167,37.20543703012768,126.82188932986739,37.20296118704568,2024-10-24 11:11:26
747,50,39,11,,,126.82161808179485,37.211970672647226,126.82104265680678,37.19932017353375,2024-10-24 11:11:51
748,50,60,11,,,126.82295189065097,37.21154172624984,126.8329823095732,37.212327952664126,2024-10-24 11:12:33
749,2,45,11,,,126.8224628121605,37.205169487353764,126.8256751650477,37.21338101005113,2024-10-24 11:12:51
750,50,38,11,,,126.82173422596928,37.21108886911878,126.82354280143858,37.201685030144674,2024-10-24 11:13:12
751,44,40,11,,,126.82145024176391,37.18835302855641,126.8312408348664,37.19308569087522,2024-10-24 11:13:22
752,17,50,11,,,126.82738000264503,37.19645498001146,126.82335267268407,37.2122862039218,2024-10-24 11:13:40
753,19,14,11,,,126.82820340063176,37.19555721531958,126.81945018238456,37.2081329727264,2024-10-24 11:14:17
754,40,64,11,,,126.83103702080699,37.19230429179098,126.84311638216464,37.203520800719,2024-10-24 11:15:08
755,39,50,11,,,126.82114837756528,37.20092753994702,126.82257927647542,37.212035346474906,2024-10-24 11:15:13
756,50,37,11,,,126.82250191527788,37.21198533914692,126.82182936101287,37.19689879465629,2024-10-24 11:15:18
757,71,58,11,,,126.83931984002948,37.20474507923577,126.83517850215527,37.207491779856674,2024-10-24 11:15:41
758,70,50,11,,,126.83747918272962,37.20936875666893,126.82272983302494,37.210727191070305,2024-10-24 11:15:43
759,65,53,11,,,126.83419896051055,37.19913729194125,126.82917598561907,37.20538251517891,2024-10-24 11:15:49
760,26,70,11,,,126.81869641049475,37.19253316657602,126.83848919752967,37.21035328938728,2024-10-24 11:16:00
761,50,7,11,,,126.82330656124766,37.211047705435085,126.82720712372081,37.208972539475965,2024-10-24 11:16:56
762,50,56,11,,,126.82254734628766,37.21076064673541,126.83456985528561,37.20515295158921,2024-10-24 11:18:02
763,57,44,11,,,126.83149203834527,37.20524234111989,126.82134558090462,37.18944388734685,2024-10-24 11:18:53
764,29,39,11,,,126.82595364637154,37.20192876760905,126.82223271321249,37.20086526189564,2024-10-24 11:20:12
765,55,62,11,,,126.82964324161628,37.2090842389392,126.83843014811583,37.21267422811208,2024-10-24 11:21:41
766,7,22,11,,,126.8267461586966,37.2084846559293,126.81646263153607,37.19533140995777,2024-10-24 11:23:25
767,21,33,11,,,126.81778209764693,37.19596705736401,126.8289265035616,37.20067245582173,2024-10-24 11:23:30
768,70,21,11,,,126.83778295337856,37.20951325242409,126.81858035516919,37.196551294803605,2024-10-24 11:23:33
769,51,21,11,,,126.82059528130041,37.21000653784455,126.81852639557772,37.196579434045,2024-10-24 11:24:37
770,20,50,11,,,126.81645344197486,37.193347173473285,126.82244144174344,37.21201420915113,2024-10-24 11:25:28
771,69,33,11,,,126.83704005305061,37.20766906349715,126.82994874690789,37.200477467269465,2024-10-24 11:25:41
772,69,15,11,,,126.83790092763465,37.20645430883643,126.81681999516,37.20719389533114,2024-10-24 11:25:50
773,51,37,11,,,126.82014261596443,37.20993257024352,126.82129448231228,37.1964730151706,2024-10-24 11:26:20
774,6,57,11,,,126.8245587300506,37.20460859705478,126.83285545608263,37.20555162846251,2024-10-24 11:26:30
775,34,47,11,,,126.82125180406702,37.2039788666157,126.82822677855887,37.21061856691385,2024-10-24 11:27:19
776,50,60,11,,,126.82182177033451,37.21068440478305,126.83255991629284,37.212435919299466,2024-10-24 11:27:32
777,39,26,11,,,126.82159869433697,37.20006358216316,126.81753493532364,37.19252803000886,2024-10-24 11:27:32
778,23,23,11,,,126.82026207786217,37.19083137150832,126.82023581559385,37.192762881091056,2024-10-24 11:27:32
779,70,71,11,,,126.83794594260381,37.20973824434433,126.84049450823156,37.2040258966028,2024-10-24 11:27:40
780,50,37,11,,,126.82333101961642,37.2124139176152,126.8213649958622,37.197048911672944,2024-10-24 11:28:26
781,25,67,11,,,126.8202469094156,37.19526964813923,126.83391986906936,37.20326475674314,2024-10-24 11:28:35
782,19,59,11,,,126.8286328219587,37.19596548443741,126.83184647606706,37.20645322823424,2024-10-24 11:29:17
783,51,39,11,,,126.81947366848217,37.21005219762205,126.82049623016908,37.19947551659106,2024-10-24 11:29:33
784,50,38,11,,,126.82320234692645,37.212160480639085,126.82446411304662,37.201728970579055,2024-10-24 11:30:14
785,51,32,11,,,126.81997919345933,37.209900084883074,126.83148688009742,37.20258371932015,2024-10-24 11:30:25
786,38,32,11,,,126.82513018975341,37.20095183549611,126.83103476402738,37.20223698265109,2024-10-24 11:30:31
787,58,37,11,,,126.8356826133923,37.20834937054926,126.82047841193973,37.19739754647603,2024-10-24 11:31:35
788,70,71,11,,,126.83715986676712,37.21027413409672,126.84025709106137,37.205649383680935,2024-10-24 11:32:10
789,70,50,11,,,126.83714122571887,37.20896093720084,126.82142426624861,37.21216724366797,2024-10-24 11:32:42
790,50,32,11,,,126.82326472147408,37.21166612621737,126.83234771274076,37.202166751984755,2024-10-24 11:32:47
791,23,19,11,,,126.8201902872033,37.191511623814804,126.82970259993628,37.195930997464565,2024-10-24 11:33:27
792,49,65,11,,,126.82758678794544,37.21442553711066,126.8348451212104,37.200229557005535,2024-10-24 11:34:24
793,72,19,11,,,126.81229489552088,37.207544737736455,126.82822103348724,37.19524585079287,2024-10-24 11:34:25
794,49,52,11,,,126.82856982142664,37.2142249189708,126.83000630577946,37.217943248153716,2024-10-24 11:34:42
795,55,23,11,,,126.82935453490542,37.20839742671288,126.82031891869123,37.19202689188855,2024-10-24 11:34:59
796,16,71,11,,,126.82260558871481,37.19247040469513,126.8393301441509,37.20569713607233,2024-10-24 11:36:10
797,60,48,11,,,126.83336323849713,37.21240207553778,126.83088968407633,37.21499711147726,2024-10-24 11:36:46
798,63,18,11,,,126.83590784369608,37.2112186381103,126.82316785263728,37.19542062985073,2024-10-24 11:36:50
799,50,26,11,,,126.82202413696713,37.211889137622634,126.81805761983475,37.192758501082466,2024-10-24 11:37:02
800,42,51,11,,,126.83195507596353,37.19615936332867,126.8190229754831,37.20951094534992,2024-10-24 11:37:23
801,55,50,11,,,126.8300858786792,37.20903504688603,126.8215140996871,37.21108181901022,2024-10-24 11:37:28
802,10,37,11,,,126.81620538324044,37.208700534055346,126.82077805036826,37.19667949199055,2024-10-24 11:38:06
803,51,26,11,,,126.82065693114292,37.21106676593206,126.8186910211658,37.19254529797049,2024-10-24 11:38:19
804,70,62,11,,,126.83715141593176,37.20883325949891,126.83807651324241,37.21320027735163,2024-10-24 11:39:04
805,50,60,11,,,126.82152513576325,37.21160083403461,126.8329469393974,37.213424574801884,2024-10-24 11:39:05
806,37,21,11,,,126.82139863352927,37.197388953412236,126.81879932751683,37.196219198453036,2024-10-24 11:40:19
807,23,50,11,,,126.8211373749672,37.19278248250939,126.82141885770532,37.21180764891198,2024-10-24 11:40:32
808,22,67,11,,,126.81576016788556,37.19531037504201,126.83395197879275,37.203200784603446,2024-10-24 11:40:42
809,55,12,11,,,126.83008160036023,37.20890067988039,126.81866751736042,37.20395891538798,2024-10-24 11:40:43
810,39,50,11,,,126.821759508559,37.20116524756437,126.82250403931648,37.212280735472824,2024-10-24 11:41:14
811,51,39,11,,,126.82022521322973,37.20959239957308,126.82127465883062,37.20011425736674,2024-10-24 11:41:24
812,18,64,11,,,126.82334806748555,37.196662273335924,126.8424206631905,37.202369505534506,2024-10-24 11:43:04
813,50,26,11,,,126.82179879956482,37.210935198789215,126.81872636682445,37.193956459649165,2024-10-24 11:43:11
814,47,24,11,,,126.8277030576186,37.2115220684093,126.81803063636016,37.19125683902081,2024-10-24 11:43:13
815,37,68,11,,,126.8212718818109,37.198292346552,126.83982251593746,37.202111422299424,2024-10-24 11:43:55
816,58,72,11,,,126.83581666545992,37.20867190993427,126.81092187048714,37.2078934293848,2024-10-24 11:44:04
817,33,21,11,,,126.8290293281859,37.200006807417076,126.8188202952669,37.1962183018766,2024-10-24 11:44:10
818,67,67,11,,,126.83509187243818,37.202475366514236,126.83534369424379,37.20286997010237,2024-10-24 11:44:16
819,51,37,11,,,126.81972245414794,37.20980441390608,126.82059553628557,37.198320027350455,2024-10-24 11:44:28
820,11,56,11,,,126.81403647804433,37.207435732960704,126.83452290025079,37.20613133915163,2024-10-24 11:44:40
821,39,50,11,,,126.82238514257415,37.20058185380937,126.82148792459891,37.21122719863032,2024-10-24 11:44:41
822,48,6,11,,,126.83044322849423,37.21492250604034,126.8234013579011,37.20506284237569,2024-10-24 11:44:57
823,51,71,11,,,126.81900731169598,37.20948102743292,126.84054892145576,37.204428387982446,2024-10-24 11:45:06
824,70,71,11,,,126.83871324093639,37.210182135918984,126.84026846542841,37.20442184336731,2024-10-24 11:45:10
825,37,51,11,,,126.82122460602177,37.19787690764801,126.8199774736533,37.21074681041805,2024-10-24 11:45:10
826,25,62,11,,,126.82107769941018,37.19381030239265,126.83844468454954,37.21260097916392,2024-10-24 11:45:10
827,27,25,11,,,126.8275284347715,37.199573266792484,126.82018717736906,37.19516739514346,2024-10-24 11:45:40
828,55,53,11,,,126.8291866395744,37.20942346244004,126.83056267465133,37.20653592985154,2024-10-24 11:45:49
829,7,25,11,,,126.82690182196575,37.207748550439476,126.82135231031116,37.193948316026415,2024-10-24 11:45:51
830,50,26,11,,,126.82280016705965,37.21076585713236,126.81770876962834,37.19447804956413,2024-10-24 11:45:54
831,53,9,11,,,126.83069316825649,37.207070854535175,126.81439841349835,37.20617618485468,2024-10-24 11:46:14
832,24,40,11,,,126.81801825574414,37.18994412832622,126.83083221943596,37.192547088021385,2024-10-24 11:47:05
833,25,7,11,,,126.82142746500026,37.19391459689454,126.82690366521815,37.20829217885646,2024-10-24 11:47:54
834,50,60,11,,,126.82145925535094,37.212375502576116,126.83308990992707,37.21386646815601,2024-10-24 11:48:26
835,39,58,11,,,126.82191625931473,37.20055323948067,126.8356517193714,37.207686701318835,2024-10-24 11:48:55
836,51,39,11,,,126.82020658594108,37.21065608784803,126.82188619637694,37.200410121094436,2024-10-24 11:49:10
837,27,69,11,,,126.82614132694553,37.19878763969196,126.83857158640306,37.20618603585343,2024-10-24 11:49:23
838,37,3,11,,,126.82214568064313,37.19654089650249,126.82467246663985,37.20908488543132,2024-10-24 11:49:35
839,65,52,11,,,126.8353384406562,37.20047557856787,126.83118194999477,37.21664045238057,2024-10-24 11:50:14
840,48,50,11,,,126.8313054499036,37.21384101691838,126.82234523809937,37.21217814589654,2024-10-24 11:50:15
841,55,18,11,,,126.82967425275955,37.209919609230596,126.82401310234916,37.19551430158258,2024-10-24 11:50:36
842,50,37,11,,,126.82334643895955,37.21207157806037,126.82055360344742,37.19779038436849,2024-10-24 11:51:12
843,50,38,11,,,126.8228562742373,37.211677284355524,126.82461867731695,37.20071265060479,2024-10-24 11:51:32
844,19,45,11,,,126.82812500103374,37.19559433366977,126.82492312484845,37.21244905879022,2024-10-24 11:52:07
845,37,51,11,,,126.82170829375369,37.197910851335806,126.82060618760806,37.20986735896886,2024-10-24 11:52:23
846,62,30,11,,,126.83885583901194,37.212535456234,126.83186198347724,37.19903411676561,2024-10-24 11:52:30
847,51,37,11,,,126.8203002982227,37.210169305214535,126.82034844998896,37.1973147175063,2024-10-24 11:52:35
848,63,72,11,,,126.83607177752667,37.21145363171829,126.81164411349246,37.20644376459295,2024-10-24 11:52:42
849,51,37,11,,,126.81870932592012,37.210495338792136,126.82160141691942,37.19655454735537,2024-10-24 11:52:47
850,51,37,11,,,126.82006547511372,37.20984573939394,126.8206719058031,37.19809493386665,2024-10-24 11:52:48
851,50,60,11,,,126.8226105915245,37.21236527740632,126.83287725114535,37.21333299210102,2024-10-24 11:52:48
852,37,40,11,,,126.82031837912628,37.19714080154081,126.83200381580292,37.19366882616216,2024-10-24 11:53:11
853,45,55,11,,,126.82474017249963,37.211962793489754,126.82907955018366,37.20962681516227,2024-10-24 11:53:20
854,12,18,11,,,126.81899077643857,37.20556234877387,126.82364876059842,37.195860133980936,2024-10-24 11:53:48
855,67,29,11,,,126.8346237483905,37.202549727023225,126.82594636089493,37.20230980446309,2024-10-24 11:54:01
856,71,33,11,,,126.84059039385785,37.20515394880678,126.82933588319433,37.20091220634219,2024-10-24 11:54:14
857,53,6,11,,,126.82985388640692,37.2068918675229,126.82368083372069,37.20505540139345,2024-10-24 11:54:23
858,50,37,11,,,126.82276524632273,37.211892770669536,126.82102391192333,37.19651756347371,2024-10-24 11:54:31
859,34,50,11,,,126.82248038565889,37.2028977263984,126.82164439732477,37.21083407113359,2024-10-24 11:54:36
860,4,49,11,,,126.82196380566447,37.20930510902137,126.82702931747092,37.21330192745301,2024-10-24 11:54:46
861,65,23,11,,,126.83482841345334,37.200975276016635,126.82009417652084,37.19230753418462,2024-10-24 11:55:03
862,11,8,11,,,126.81515116077773,37.20837519662888,126.82541571927092,37.20784444035966,2024-10-24 11:55:10
863,50,37,11,,,126.82261159183982,37.211405702684225,126.82138451663387,37.1977746557382,2024-10-24 11:55:34
864,49,58,11,,,126.82752426961221,37.21291951954074,126.83589847119636,37.208659746645736,2024-10-24 11:55:39
865,51,39,11,,,126.81921196066567,37.20987468040009,126.82174486684342,37.2000149702751,2024-10-24 11:56:05
866,51,37,11,,,126.82064711259036,37.210824874862745,126.82155386898577,37.19797401719208,2024-10-24 11:56:34
867,26,48,11,,,126.81775649060978,37.19357398279309,126.83002553574393,37.21515074720761,2024-10-24 11:56:45
868,69,3,11,,,126.83775151741138,37.207207534694575,126.82459373034568,37.209906414939994,2024-10-24 11:56:59
869,50,37,11,,,126.82313432864221,37.211568319282584,126.82028628769734,37.1972683764495,2024-10-24 11:57:26
870,50,26,11,,,126.82310078926456,37.21190350229599,126.81922416838474,37.19395143929069,2024-10-24 11:57:33
871,30,27,11,,,126.83237823703477,37.19851206312303,126.82710662313163,37.19921047294869,2024-10-24 11:58:10
872,1,46,11,,,126.81642850476827,37.197631053479626,126.83051361435385,37.21283255054913,2024-10-24 11:58:48
873,37,51,11,,,126.82130695301758,37.1971002049947,126.8188851490246,37.210820549498806,2024-10-24 11:59:36
874,33,27,11,,,126.82905951768397,37.20113191875504,126.82585720673984,37.19927050418029,2024-10-24 11:59:58
875,15,71,12,,,126.81596035499005,37.20747424899768,126.83985428101248,37.20454053027178,2024-10-24 12:00:01
876,6,44,12,,,126.82497152761037,37.20455343053771,126.81982546645357,37.18913391604695,2024-10-24 12:00:22
877,6,56,12,,,126.8238035200381,37.2038851926267,126.83472641986246,37.20625149359866,2024-10-24 12:00:29
878,38,19,12,,,126.82415271158375,37.20169525236878,126.82846541015458,37.195545774158894,2024-10-24 12:00:34
879,60,13,12,,,126.83316053650378,37.21327698588516,126.81661194822787,37.20281594824998,2024-10-24 12:00:46
880,43,24,12,,,126.82421314256884,37.189362732760074,126.81907429237623,37.18975681044477,2024-10-24 12:01:19
881,68,69,12,,,126.83916935660396,37.202712207010265,126.83823742264808,37.20642314807991,2024-10-24 12:01:39
882,36,62,12,,,126.8239929994245,37.199046199757156,126.83725108866518,37.213347411073094,2024-10-24 12:01:47
883,58,46,12,,,126.83528564686156,37.20892023332604,126.82932252683406,37.211085129744745,2024-10-24 12:02:33
884,23,50,12,,,126.82055582820628,37.19248914323358,126.82317561657308,37.21113134748712,2024-10-24 12:02:53
885,71,34,12,,,126.83917563373171,37.20449956922065,126.82210119126246,37.2024556388694,2024-10-24 12:02:58
886,62,17,12,,,126.83903796646318,37.21270265409506,126.8269112998523,37.19771172073108,2024-10-24 12:03:26
887,50,37,12,,,126.82181495067042,37.21222782900668,126.82152656459894,37.19664946062979,2024-10-24 12:03:33
888,50,38,12,,,126.82168721104317,37.211211549025805,126.82338363158829,37.20139241909283,2024-10-24 12:04:04
889,17,21,12,,,126.82650480475337,37.197607995083814,126.81869490893413,37.196795150262446,2024-10-24 12:04:41
890,56,72,12,,,126.83549453809675,37.206090080346435,126.81229327763847,37.20652180705577,2024-10-24 12:05:16
891,12,30,12,,,126.8196964010059,37.20500671939689,126.83157633454597,37.19979229875069,2024-10-24 12:05:27
892,1,61,12,,,126.81537692323936,37.198041765489265,126.83377547364,37.21603193844183,2024-10-24 12:06:21
893,50,26,12,,,126.82334360587511,37.21154279191529,126.81871602886993,37.19347334166788,2024-10-24 12:06:24
894,26,38,12,,,126.81896131939183,37.19396932149673,126.82488146575301,37.20143039253611,2024-10-24 12:06:49
895,7,17,12,,,126.8276045841782,37.207341113337264,126.82711557329881,37.19627690569406,2024-10-24 12:07:16
896,59,9,12,,,126.83190108290734,37.20811735062553,126.81430713554967,37.205747465276296,2024-10-24 12:08:13
897,64,9,12,,,126.84246826604215,37.20292581471414,126.81419883709107,37.20593253698605,2024-10-24 12:09:01
898,65,66,12,,,126.83385630719509,37.19997341462237,126.83751245724737,37.203698579175516,2024-10-24 12:09:12
899,37,46,12,,,126.82165599242094,37.198362688240266,126.83040584981408,37.21128224823286,2024-10-24 12:09:13
900,46,49,12,,,126.82964505758679,37.21095762464667,126.82832090913128,37.21350324203093,2024-10-24 12:10:17
901,56,34,12,,,126.83464289549417,37.2049197356799,126.82117412618263,37.20321855816812,2024-10-24 12:10:39
902,10,54,12,,,126.81728193034955,37.2091164697009,126.83331839935559,37.210802213215615,2024-10-24 12:10:58
903,37,19,12,,,126.82158784493774,37.1964807462972,126.8285165917519,37.19575556639198,2024-10-24 12:11:38
904,27,34,12,,,126.82589848610935,37.19942810007279,126.8219694418545,37.20384078757435,2024-10-24 12:12:03
905,50,38,12,,,126.82261884338544,37.21226637842024,126.82440924290117,37.20104786283547,2024-10-24 12:12:39
906,50,60,12,,,126.822521398535,37.210698020848476,126.8332119917796,37.213681810732304,2024-10-24 12:13:04
907,17,38,12,,,126.8262135323857,37.19667915825892,126.82351891784914,37.2003290153444,2024-10-24 12:13:16
908,26,48,12,,,126.8192714400713,37.192819378048576,126.83104617006504,37.21404296982165,2024-10-24 12:13:23
909,69,58,12,,,126.8369062369759,37.20709443373537,126.83430470834844,37.20891562810793,2024-10-24 12:13:37
910,8,27,12,,,126.82518411378915,37.20677704991586,126.8263699686778,37.199549994248784,2024-10-24 12:13:54
911,24,68,12,,,126.818634018693,37.19055073456059,126.83963203127078,37.201903000398595,2024-10-24 12:14:22
912,21,38,12,,,126.81803654147743,37.196696698795165,126.82507973964977,37.200951173829324,2024-10-24 12:15:02
913,50,37,12,,,126.82146336091034,37.210518373386954,126.82121128802466,37.19799055419166,2024-10-24 12:16:35
914,37,10,12,,,126.82114706752077,37.19789879016766,126.81706366178868,37.20859108575411,2024-10-24 12:16:53
915,20,27,12,,,126.81660154010173,37.19283541996526,126.82716947712551,37.19971139594238,2024-10-24 12:17:04
916,27,62,12,,,126.82688926716476,37.199538137583474,126.83771254493418,37.21225509324845,2024-10-24 12:17:21
917,64,51,12,,,126.84252020296456,37.202423636332995,126.81895541509748,37.21096703940332,2024-10-24 12:17:55
918,24,60,12,,,126.81835579525251,37.190655239403014,126.83289368929626,37.21274105998134,2024-10-24 12:18:23
919,72,8,12,,,126.81246760471039,37.2075019653455,126.82383231982139,37.20667103188391,2024-10-24 12:18:31
920,71,54,12,,,126.8403649293762,37.20409482702884,126.83244917871903,37.20921014284434,2024-10-24 12:18:31
921,23,50,12,,,126.82131377390711,37.191588881037816,126.82243084505996,37.21075700557547,2024-10-24 12:19:07
922,43,44,12,,,126.823704102018,37.18959682441562,126.82005543024151,37.18943215589624,2024-10-24 12:19:15
923,72,15,12,,,126.81194068943921,37.20791082295977,126.81654807177082,37.20598529443606,2024-10-24 12:19:58
924,50,38,12,,,126.82235955816394,37.21158598182879,126.82425608936408,37.2014531159092,2024-10-24 12:20:07
925,56,31,12,,,126.83587751855875,37.204656056950896,126.82872003062026,37.197279931264205,2024-10-24 12:20:36
926,50,37,12,,,126.8216965970451,37.21237294416846,126.82175019582452,37.19788007786698,2024-10-24 12:21:18
927,24,23,12,,,126.81715326712346,37.19109096977166,126.82097545157347,37.191214626813476,2024-10-24 12:21:32
928,60,33,12,,,126.83219530930137,37.21308907113797,126.82875586772705,37.20067058608526,2024-10-24 12:21:47
929,50,39,12,,,126.82269595300706,37.21194252080054,126.82125941399453,37.20031681811099,2024-10-24 12:21:53
930,50,38,12,,,126.82193002309802,37.21196531849542,126.82499779627948,37.20198241162805,2024-10-24 12:22:05
931,50,37,12,,,126.82296815496699,37.21053064908571,126.82105236326773,37.19759299743119,2024-10-24 12:22:09
932,30,51,12,,,126.83175003231801,37.19927731444885,126.82047392964596,37.210892441459734,2024-10-24 12:22:11
933,24,47,12,,,126.8188533112128,37.190435753325204,126.8270511334721,37.21022144081824,2024-10-24 12:22:12
934,28,14,12,,,126.82965332841954,37.203201933581646,126.81915930875621,37.2082240370171,2024-10-24 12:24:38
935,38,30,12,,,126.8249331724125,37.200696854399915,126.83127483706494,37.19880514150139,2024-10-24 12:25:30
936,32,50,12,,,126.83192672993115,37.20197383226656,126.82311588947329,37.212413702537155,2024-10-24 12:26:00
937,2,16,12,,,126.82254110546167,37.20557066438862,126.82417184580159,37.193689410940685,2024-10-24 12:26:01
938,35,61,12,,,126.81815139967138,37.20117937703229,126.83321729757034,37.21658237109308,2024-10-24 12:27:06
939,10,9,12,,,126.81772017495847,37.20980982720094,126.8145981606712,37.205760472608226,2024-10-24 12:27:10
940,21,60,12,,,126.81921883057923,37.1966902686766,126.8337589417427,37.21216126932016,2024-10-24 12:27:14
941,50,50,12,,,126.82160030244037,37.21178232153475,126.8215127338585,37.21154691475356,2024-10-24 12:27:58
942,29,39,12,,,126.82758822314787,37.201642992541935,126.82088234853543,37.201165138189644,2024-10-24 12:28:06
943,40,25,12,,,126.83046367075524,37.192675899146934,126.82025779364284,37.19388159076414,2024-10-24 12:28:11
944,68,55,12,,,126.83952746178963,37.20201992563087,126.83017430375793,37.208753993204354,2024-10-24 12:28:14
945,51,18,12,,,126.82028316390196,37.21106344216274,126.82395510599288,37.19480559263942,2024-10-24 12:28:23
946,39,50,12,,,126.82151765243788,37.20048955109632,126.8226058066121,37.2121004318158,2024-10-24 12:28:49
947,23,50,12,,,126.8208949710267,37.19174976219529,126.82216680801801,37.21150546409942,2024-10-24 12:28:53
948,7,38,12,,,126.82752519366267,37.20816089665142,126.82396375657191,37.20230330978961,2024-10-24 12:28:54
949,37,51,12,,,126.82108515427832,37.19703934008193,126.81871577638505,37.20973082420835,2024-10-24 12:30:09
950,51,71,12,,,126.82049963468899,37.21128642906926,126.84104911426091,37.205088819216314,2024-10-24 12:30:14
951,50,26,12,,,126.82336844499062,37.21099483805739,126.81882378978823,37.19292605033051,2024-10-24 12:30:14
952,34,50,12,,,126.82258567755544,37.203616194829245,126.82242124555557,37.21199630467213,2024-10-24 12:30:22
953,10,42,12,,,126.81790866746965,37.20990448086042,126.83156757094325,37.19531595039056,2024-10-24 12:30:29
954,35,50,12,,,126.8183915872704,37.201801336525925,126.82283491900516,37.210546715859806,2024-10-24 12:30:44
955,26,38,12,,,126.81761542256281,37.192887469035355,126.82362598177451,37.20147149789968,2024-10-24 12:30:46
956,41,28,12,,,126.83378006858783,37.19743141410658,126.82891392432813,37.20372682798206,2024-10-24 12:31:05
957,51,39,12,,,126.81954881472828,37.21082448996257,126.82206935550971,37.19944710986124,2024-10-24 12:31:18
958,70,71,12,,,126.83723675228138,37.20858502552904,126.83946301633831,37.20506466744734,2024-10-24 12:32:09
959,11,12,12,,,126.81419666612119,37.20910885689226,126.81869095206828,37.20391682258722,2024-10-24 12:32:11
960,37,33,12,,,126.82200254321343,37.1973579906645,126.82941136392637,37.20153549800769,2024-10-24 12:32:30
961,21,72,12,,,126.81801381346781,37.19597061840215,126.81100743605498,37.20732342731238,2024-10-24 12:32:31
962,50,38,12,,,126.82334272559423,37.21096586293689,126.82468224332192,37.20189683609284,2024-10-24 12:33:18
963,48,48,12,,,126.83036220227633,37.215739800599444,126.830095330636,37.21532672313565,2024-10-24 12:34:01
964,17,58,12,,,126.82555039138732,37.195982570154385,126.8360271103996,37.20804715825106,2024-10-24 12:34:33
965,21,38,12,,,126.81897831830487,37.196414176657825,126.82374342744129,37.20084641182405,2024-10-24 12:35:15
966,51,26,12,,,126.82014500861331,37.209613627630524,126.81773206505603,37.193591012680706,2024-10-24 12:35:27
967,37,51,12,,,126.8219566396439,37.19805436328948,126.81963306065818,37.21010715896471,2024-10-24 12:35:43
968,70,71,12,,,126.83791633330877,37.21004023959624,126.84104001788903,37.20523474051724,2024-10-24 12:35:43
969,50,48,12,,,126.82291084236331,37.21186696204029,126.83000109150899,37.21405213673498,2024-10-24 12:35:46
970,50,60,12,,,126.82255997599647,37.21174845464317,126.83233759483133,37.21210738293358,2024-10-24 12:35:53
971,51,26,12,,,126.81983472008561,37.21073314215766,126.81846999118984,37.194422697267015,2024-10-24 12:35:55
972,51,21,12,,,126.81883544100691,37.209500695434755,126.81946588816426,37.19595068194077,2024-10-24 12:36:06
973,37,51,12,,,126.82095508326746,37.19704292636739,126.82030408028018,37.21049872537448,2024-10-24 12:36:26
974,27,49,12,,,126.82720020861342,37.20002617939382,126.82787373535791,37.213262824340944,2024-10-24 12:36:27
975,50,38,12,,,126.82138081382975,37.211234739089186,126.82392693541485,37.20159576456616,2024-10-24 12:36:58
976,49,6,12,,,126.82713384303962,37.21360304952983,126.82502718409377,37.204818211439175,2024-10-24 12:37:04
977,50,37,12,,,126.82188599965298,37.211542366181014,126.82065819393074,37.19770064373524,2024-10-24 12:37:31
978,51,50,12,,,126.81936969048881,37.21022250347744,126.82337624131641,37.210816866586974,2024-10-24 12:37:32
979,50,38,12,,,126.82244164903297,37.21082120049337,126.82480768537852,37.20121848084086,2024-10-24 12:37:51
980,8,28,12,,,126.82559355348327,37.206918113914526,126.83008673441154,37.20363662272769,2024-10-24 12:37:52
981,56,33,12,,,126.83505195336863,37.20578425570308,126.82923501298875,37.199854357119435,2024-10-24 12:37:58
982,51,32,12,,,126.81890569311149,37.21024975833071,126.83171515250142,37.202023753321555,2024-10-24 12:38:06
983,66,19,12,,,126.83784113138985,37.20413993524354,126.82800947707928,37.19452732043817,2024-10-24 12:38:18
984,27,53,12,,,126.82582749233862,37.19868047734293,126.82919337211955,37.20562358205782,2024-10-24 12:38:45
985,23,50,12,,,126.82079504583874,37.19253065971332,126.82321138783165,37.21246930304053,2024-10-24 12:39:13
986,63,48,12,,,126.8348016204747,37.211283888900965,126.83022347814968,37.21432343976543,2024-10-24 12:39:16
987,29,61,12,,,126.82693036248874,37.20270024852973,126.83268964754636,37.21678373540625,2024-10-24 12:39:18
988,5,25,12,,,126.8263452153798,37.20441145053159,126.82050210672305,37.194562625172296,2024-10-24 12:39:19
989,17,23,12,,,126.8273321947764,37.19646583073809,126.82102616195151,37.191346137739465,2024-10-24 12:39:47
990,50,37,12,,,126.8229209681723,37.21081049756004,126.82126058508031,37.19692104822397,2024-10-24 12:40:42
991,53,6,12,,,126.8298536899488,37.205778343409506,126.824493160057,37.203885259013035,2024-10-24 12:41:32
992,1,60,12,,,126.81687177083329,37.19827691121279,126.83340091556511,37.21307207157944,2024-10-24 12:41:58
993,36,69,12,,,126.8242546991929,37.19781488107006,126.83721299584865,37.20749465791464,2024-10-24 12:42:11
994,37,51,12,,,126.82201533408742,37.197921426914306,126.81997423776563,37.21028934387305,2024-10-24 12:43:04
995,33,20,12,,,126.82898904999742,37.20128121715228,126.81581270433821,37.19270958305897,2024-10-24 12:43:43
996,34,21,12,,,126.82124308266727,37.20263695946099,126.81811917740295,37.19663216142934,2024-10-24 12:44:34
997,13,19,12,,,126.81698639318826,37.20374970343889,126.82975762083429,37.19522977388478,2024-10-24 12:44:47
998,35,53,12,,,126.8195115655619,37.20147665242418,126.82918358045258,37.20679637777106,2024-10-24 12:45:11
999,17,15,12,,,126.8265777797767,37.1965599264757,126.81726052044519,37.20655844259777,2024-10-24 12:45:42
1000,23,50,12,,,126.82079876486206,37.1927046814102,126.82309355284684,37.210513761027485,2024-10-24 12:46:08
1001,50,37,12,,,126.82324107174134,37.211737803392055,126.82151101132756,37.198417549917124,2024-10-24 12:46:49
1002,23,55,12,,,126.82072782720415,37.19234492996978,126.83002295973883,37.20835325283947,2024-10-24 12:46:51
1003,58,37,12,,,126.83577210999891,37.20886435039182,126.8215452559132,37.19661433181818,2024-10-24 12:47:04
1004,39,59,12,,,126.82105378602351,37.20060818564856,126.83306526486281,37.20786363138155,2024-10-24 12:47:22
1005,71,33,12,,,126.83909219065767,37.205386166995545,126.82964133006142,37.20083179275102,2024-10-24 12:47:27
1006,2,4,12,,,126.82139083589664,37.205929261798936,126.82273471998225,37.20928965146396,2024-10-24 12:47:37
1007,15,57,12,,,126.81612563514852,37.20598629914142,126.8317019399311,37.203634243268624,2024-10-24 12:47:40
1008,38,57,12,,,126.82394829481522,37.20179394814947,126.83174938723141,37.204318837122884,2024-10-24 12:48:48
1009,50,60,12,,,126.82323979624591,37.21064226159707,126.83287896026589,37.21242668786608,2024-10-24 12:49:00
1010,50,38,12,,,126.82317670026084,37.2107699780227,126.82404384828385,37.20129031670759,2024-10-24 12:49:27
1011,55,57,12,,,126.82955551380107,37.2081818422831,126.8314935980992,37.20359472589813,2024-10-24 12:49:34
1012,23,37,12,,,126.82034424588217,37.19127723507776,126.82193062762727,37.19688201877541,2024-10-24 12:50:12
1013,70,26,12,,,126.8387166150292,37.208648605325465,126.81909064893311,37.19438114996812,2024-10-24 12:50:29
1014,55,50,12,,,126.83090985301111,37.208620694733014,126.82217355529568,37.21139551325317,2024-10-24 12:50:49
1015,23,19,12,,,126.8216332900535,37.19215933665912,126.82826552219679,37.19503282743788,2024-10-24 12:50:56
1016,20,42,12,,,126.81622062680064,37.192126357769226,126.8323439315025,37.19647858250196,2024-10-24 12:51:42
1017,38,21,12,,,126.82375469350153,37.20118058306781,126.81759111717025,37.195805303630074,2024-10-24 12:52:17
1018,58,56,12,,,126.83589266447454,37.20812743389107,126.835769221876,37.20551152808681,2024-10-24 12:52:37
1019,56,32,12,,,126.83528816807593,37.20628679913784,126.83210655207625,37.201298418995265,2024-10-24 12:52:40
1020,1,72,12,,,126.81597925920826,37.19843440233959,126.81239151575117,37.20701737011406,2024-10-24 12:52:53
1021,68,36,12,,,126.84020032202064,37.20203297588841,126.82317009358462,37.19865636882055,2024-10-24 12:53:01
1022,10,53,12,,,126.81711132954202,37.209015138032356,126.83017601733671,37.20669101311468,2024-10-24 12:53:39
1023,18,15,12,,,126.82323662611533,37.19571556596475,126.8173734478801,37.206598763974654,2024-10-24 12:54:48
1024,69,44,12,,,126.83688589149192,37.20660813549092,126.82122615308587,37.18806769685721,2024-10-24 12:54:48
1025,13,72,12,,,126.81595267451392,37.20374399891675,126.8116629628505,37.20774392096477,2024-10-24 12:54:52
1026,50,38,12,,,126.82284575183581,37.21228410557801,126.8239243861484,37.200362418106636,2024-10-24 12:54:59
1027,56,56,12,,,126.8350497040271,37.205243524156295,126.83434360426857,37.20578104916679,2024-10-24 12:55:22
1028,70,50,12,,,126.83750527594398,37.20911489947657,126.82198961027241,37.21210907522244,2024-10-24 12:55:59
1029,13,57,12,,,126.81655191828008,37.20305823460928,126.83292456195315,37.20358354179708,2024-10-24 12:55:59
1030,50,26,12,,,126.82332857117805,37.21052574465095,126.81812274002824,37.19395705562049,2024-10-24 12:56:32
1031,50,60,12,,,126.82298141407033,37.210660427281645,126.83301218904198,37.21213061205567,2024-10-24 12:56:48
1032,50,60,12,,,126.82173665177237,37.212376112748494,126.83211025960001,37.212071759187005,2024-10-24 12:57:00
1033,23,50,12,,,126.82012542627247,37.192030315840434,126.82321975043136,37.210713892255384,2024-10-24 12:57:05
1034,48,50,12,,,126.82972700899336,37.21524501287036,126.8221642177225,37.21103352083166,2024-10-24 12:57:35
1035,52,40,12,,,126.83118737397491,37.21730305175333,126.83177847821706,37.19316107404086,2024-10-24 12:57:40
1036,33,21,12,,,126.82847249723235,37.2014799289669,126.81820364532702,37.196030123818225,2024-10-24 12:57:57
1037,5,45,12,,,126.82727403386826,37.20438365187682,126.82457991535507,37.212669098005534,2024-10-24 12:58:38
1038,21,38,12,,,126.81780921780312,37.1953975742381,126.82443617187063,37.20045482096259,2024-10-24 12:58:50
1039,37,51,13,,,126.82119051793589,37.19666001798013,126.82016960149893,37.211012854236664,2024-10-24 13:00:06
1040,34,14,13,,,126.82121435983576,37.203299367411375,126.82018185031613,37.207521290569765,2024-10-24 13:00:14
1041,37,51,13,,,126.82092731244809,37.19665127723705,126.81983250782928,37.2102114877824,2024-10-24 13:00:25
1042,72,20,13,,,126.81080688748334,37.206749633382806,126.81637231970257,37.192458228460936,2024-10-24 13:01:51
1043,38,21,13,,,126.82355687943532,37.20198379798108,126.81942124073075,37.197010523443375,2024-10-24 13:01:59
1044,24,52,13,,,126.81803284635137,37.19075384685598,126.82974383707112,37.218213632931786,2024-10-24 13:02:37
1045,10,4,13,,,126.81706900784053,37.20883304661923,126.82194240844761,37.20835219034121,2024-10-24 13:02:42
1046,27,50,13,,,126.82743689403334,37.19996496465177,126.82267157718816,37.21142767158132,2024-10-24 13:03:43
1047,61,66,13,,,126.83375449726255,37.21500605514984,126.83817630789099,37.2046824646415,2024-10-24 13:04:11
1048,70,50,13,,,126.83803887441758,37.20958624288772,126.82264069987052,37.2109909762834,2024-10-24 13:05:20
1049,46,46,13,,,126.82968596590896,37.21192228382169,126.83111213491595,37.21183198761213,2024-10-24 13:05:55
1050,34,50,13,,,126.82154205173323,37.202152309480894,126.82272355516282,37.21085701045869,2024-10-24 13:05:59
1051,27,54,13,,,126.82585588591252,37.200030352317754,126.83354757333996,37.21075093677759,2024-10-24 13:06:10
1052,53,63,13,,,126.83006134029522,37.20594863775383,126.83542294035027,37.21185929208782,2024-10-24 13:07:18
1053,37,3,13,,,126.82221944655853,37.19756633786219,126.82401575068907,37.20982398788257,2024-10-24 13:07:27
1054,51,71,13,,,126.8196171481151,37.21012227077158,126.84059129666208,37.20433025962113,2024-10-24 13:07:42
1055,70,21,13,,,126.83874220869845,37.20970006686173,126.8190370521392,37.19550299905441,2024-10-24 13:07:43
1056,50,37,13,,,126.82262526409765,37.21053102711016,126.82067390142629,37.19745172503508,2024-10-24 13:07:48
1057,37,51,13,,,126.82125354051803,37.19765218367286,126.81969014697627,37.21087775861821,2024-10-24 13:08:51
1058,13,66,13,,,126.81584033457844,37.20312120690177,126.83797000599988,37.20399064922206,2024-10-24 13:08:59
1059,13,25,13,,,126.81618794705372,37.20356062234647,126.82093541931246,37.19481908046803,2024-10-24 13:10:25
1060,10,8,13,,,126.8173787998234,37.20837500679046,126.82422118937842,37.20666134986576,2024-10-24 13:10:43
1061,16,31,13,,,126.82361214536971,37.19250868560918,126.8283269958516,37.19874748876695,2024-10-24 13:10:47
1062,32,50,13,,,126.8317604397882,37.2015038619846,126.82320387972995,37.21203703432275,2024-10-24 13:10:54
1063,44,1,13,,,126.82036894179339,37.18911990503766,126.8168454529388,37.1982676673531,2024-10-24 13:11:19
1064,71,59,13,,,126.8403680534053,37.20513437652243,126.83292240771885,37.206961284014696,2024-10-24 13:11:32
1065,56,56,13,,,126.8340645185133,37.2059681438068,126.83505710628974,37.2065046458111,2024-10-24 13:11:48
1066,22,41,13,,,126.81686409270465,37.19611634616703,126.83421568612394,37.19793021328406,2024-10-24 13:12:05
1067,19,12,13,,,126.82983810030476,37.19408722520008,126.81945862060155,37.20502255468549,2024-10-24 13:12:36
1068,5,20,13,,,126.82801103191342,37.20461376711491,126.81609436757151,37.19256841132515,2024-10-24 13:12:43
1069,20,20,13,,,126.81548660751082,37.19189958236249,126.81652029935674,37.193384666404185,2024-10-24 13:13:11
1070,49,17,13,,,126.82763700663975,37.21448946366897,126.82637094582857,37.19581950979086,2024-10-24 13:13:47
1071,37,51,13,,,126.82225872068163,37.19802273241367,126.81936224926156,37.21024747140926,2024-10-24 13:14:09
1072,34,50,13,,,126.82100465022188,37.20215208435528,126.82145281627595,37.21180706743161,2024-10-24 13:14:10
1073,46,50,13,,,126.82956070690801,37.21197837579228,126.82145416424441,37.21124894505653,2024-10-24 13:14:45
1074,34,50,13,,,126.82126436376083,37.20381858248529,126.82301961695491,37.21175778452628,2024-10-24 13:16:42
1075,25,45,13,,,126.82082830333508,37.19464574800346,126.82517970730206,37.21305197612474,2024-10-24 13:16:46
1076,29,39,13,,,126.8271506388405,37.20204866712377,126.8208124203683,37.20066184455903,2024-10-24 13:17:04
1077,37,51,13,,,126.82087629176563,37.19800399471685,126.81934251242646,37.2104327683844,2024-10-24 13:17:22
1078,51,60,13,,,126.8194788185844,37.21124511235156,126.83322651050013,37.213408440921256,2024-10-24 13:17:36
1079,41,46,13,,,126.83391410516283,37.197877433585894,126.83027922776884,37.21167865650816,2024-10-24 13:19:08
1080,63,70,13,,,126.83551331204819,37.2110543955292,126.83818176677512,37.20893086253909,2024-10-24 13:19:53
1081,71,58,13,,,126.84018282617913,37.2054425999597,126.83507940053315,37.20758149012843,2024-10-24 13:20:45
1082,27,19,13,,,126.8262013719169,37.20013241275983,126.82845502856928,37.194367801960546,2024-10-24 13:20:47
1083,50,21,13,,,126.8216659642682,37.21205158009358,126.81922095823617,37.19708647081391,2024-10-24 13:21:11
1084,71,34,13,,,126.84086258417777,37.20521473475947,126.82072970468583,37.20312431327863,2024-10-24 13:21:19
1085,64,24,13,,,126.84310525005282,37.20285294902664,126.81896663041135,37.191071666528735,2024-10-24 13:21:36
1086,17,21,13,,,126.82569666510796,37.197448685261335,126.81821405609129,37.1954018395358,2024-10-24 13:21:40
1087,50,37,13,,,126.82272162225621,37.21204608786998,126.8205757386967,37.196968912124504,2024-10-24 13:21:47
1088,34,50,13,,,126.8214660165887,37.20279138560635,126.82223402185109,37.210635847030815,2024-10-24 13:22:02
1089,23,20,13,,,126.8215886089672,37.192526671852384,126.81622185862872,37.192302147608906,2024-10-24 13:22:10
1090,36,70,13,,,126.82399432626033,37.19855843781287,126.838042840689,37.209931188293424,2024-10-24 13:22:28
1091,39,51,13,,,126.8222604912532,37.20083797573478,126.82063389133256,37.21012658021105,2024-10-24 13:22:38
1092,51,18,13,,,126.82012046211715,37.21105427308828,126.82378820919982,37.1960307331214,2024-10-24 13:22:41
1093,11,55,13,,,126.81463977476999,37.2090514839466,126.82975096370356,37.208288106512924,2024-10-24 13:23:19
1094,50,37,13,,,126.82192147837394,37.211599244989095,126.82186875234405,37.198310159348644,2024-10-24 13:23:54
1095,69,2,13,,,126.83715867303424,37.205943111914266,126.82179529438612,37.20493199824529,2024-10-24 13:24:31
1096,67,19,13,,,126.83562019896573,37.20362937568425,126.82898624963431,37.19403651538536,2024-10-24 13:25:12
1097,50,64,13,,,126.82223230566272,37.21060811342662,126.84270879945842,37.202611444344555,2024-10-24 13:26:11
1098,70,21,13,,,126.83719031526653,37.209250143759824,126.8187325582018,37.19655201935768,2024-10-24 13:26:15
1099,54,36,13,,,126.83214903900813,37.21037454640729,126.82326307442099,37.19799171446816,2024-10-24 13:27:21
1100,21,38,13,,,126.81891935937445,37.19578798126779,126.82357797248699,37.20072537959364,2024-10-24 13:28:11
1101,18,54,13,,,126.82332793555199,37.19661138496497,126.8333152854562,37.210684693953816,2024-10-24 13:28:15
1102,70,21,13,,,126.83772752191757,37.20978602626194,126.81921682405007,37.19619112221218,2024-10-24 13:29:03
1103,14,69,13,,,126.82042258202144,37.208595376854575,126.83846031443439,37.206014020070235,2024-10-24 13:29:21
1104,64,58,13,,,126.84334679256247,37.20368906080187,126.83529853342489,37.20943923311541,2024-10-24 13:29:40
1105,50,60,13,,,126.8214373595447,37.21060196604263,126.83199706128423,37.21381579649441,2024-10-24 13:30:17
1106,60,38,13,,,126.83380791615579,37.212361559683494,126.82338633754318,37.200458927710926,2024-10-24 13:30:23
1107,33,62,13,,,126.82867566543015,37.20024334393925,126.83896409961618,37.213152467437155,2024-10-24 13:30:27
1108,28,34,13,,,126.82996361422565,37.20366195137209,126.82161750430082,37.202458110764816,2024-10-24 13:30:58
1109,71,45,13,,,126.83999387841679,37.205013982752305,126.82490633761674,37.21304926505653,2024-10-24 13:30:59
1110,34,50,13,,,126.82142851518071,37.203552916373454,126.8229163981383,37.210572193760434,2024-10-24 13:31:05
1111,51,39,13,,,126.82058956128809,37.21036048087975,126.82227583403744,37.19952634843536,2024-10-24 13:31:46
1112,38,31,13,,,126.82476335704318,37.20215203854762,126.82905321231641,37.19814159007994,2024-10-24 13:32:42
1113,54,71,13,,,126.83235331674092,37.209961107411395,126.84023735403063,37.205616487941306,2024-10-24 13:32:55
1114,70,21,13,,,126.83876868325328,37.20985538269236,126.81785112173678,37.195614424334124,2024-10-24 13:33:13
1115,58,56,13,,,126.83532523045638,37.20768730032309,126.8341040375265,37.20529367548151,2024-10-24 13:33:13
1116,50,7,13,,,126.82205960598078,37.210808669229564,126.82804919049634,37.207998500062004,2024-10-24 13:34:08
1117,10,43,13,,,126.81613419650652,37.20889001889773,126.82304805131287,37.18957379287918,2024-10-24 13:34:13
1118,50,37,13,,,126.8216448084852,37.21185394825265,126.82117948348836,37.19787274497566,2024-10-24 13:35:14
1119,26,5,13,,,126.81927832885296,37.194058010322706,126.82695655691799,37.20459571739484,2024-10-24 13:35:14
1120,50,37,13,,,126.82287048362265,37.21203287404502,126.82177773430847,37.19646856423348,2024-10-24 13:35:32
1121,30,40,13,,,126.83222879250111,37.199345487006106,126.8315508879188,37.19425028074663,2024-10-24 13:35:45
1122,70,21,13,,,126.8387860699544,37.210506687495,126.81850655385487,37.196900612477535,2024-10-24 13:35:56
1123,34,50,13,,,126.82192410574757,37.20366915588284,126.82181312186007,37.2114874472677,2024-10-24 13:37:06
1124,69,48,13,,,126.83694107475407,37.206146147429834,126.83054567649947,37.21402201143849,2024-10-24 13:37:12
1125,35,61,13,,,126.81896544856062,37.20110321013721,126.83383924596482,37.215069035600195,2024-10-24 13:37:34
1126,37,51,13,,,126.82068542253427,37.1980356907469,126.82007469887077,37.21070062575196,2024-10-24 13:38:15
1127,33,21,13,,,126.83003961833558,37.20140839367148,126.81786589594807,37.195667121035775,2024-10-24 13:38:36
1128,50,38,13,,,126.82152185991474,37.2109901638229,126.82384632606058,37.2015462382083,2024-10-24 13:39:11
1129,70,21,13,,,126.83877520009803,37.20927346934924,126.81898644628535,37.19647917199843,2024-10-24 13:39:20
1130,69,40,13,,,126.83723050916078,37.20651225192778,126.83108987293998,37.193065477125074,2024-10-24 13:40:17
1131,50,72,13,,,126.82275962396612,37.2117594550549,126.8113531157757,37.20706767460507,2024-10-24 13:40:27
1132,52,38,13,,,126.83067490457101,37.217708969244576,126.82459739444785,37.201131084405745,2024-10-24 13:41:15
1133,23,38,13,,,126.82057418347303,37.192263785601874,126.82439185802485,37.200945507424095,2024-10-24 13:41:30
1134,37,33,13,,,126.82078006674571,37.19811919965086,126.82956076167073,37.20081606824239,2024-10-24 13:41:33
1135,34,50,13,,,126.82210783151757,37.20337609597775,126.82250372856723,37.21164507885195,2024-10-24 13:41:43
1136,65,24,13,,,126.83426848497179,37.200984412915396,126.81771799649198,37.18996766006765,2024-10-24 13:41:44
1137,19,50,13,,,126.82833055418713,37.19449665145462,126.82209789684137,37.211875269445535,2024-10-24 13:41:48
1138,38,39,13,,,126.82489929697655,37.20124094831395,126.8214093724649,37.20103076227068,2024-10-24 13:42:49
1139,62,65,13,,,126.83855738729191,37.21297506234606,126.8343660389802,37.200333332405954,2024-10-24 13:43:25
1140,18,57,13,,,126.8232688316713,37.196555492651356,126.8314369695462,37.205120336772275,2024-10-24 13:43:28
1141,50,37,13,,,126.82202113491199,37.21228478484403,126.82081404574447,37.1968086949904,2024-10-24 13:43:36
1142,19,61,13,,,126.82957044798353,37.194782747559415,126.83239545552739,37.21580788033431,2024-10-24 13:44:20
1143,34,50,13,,,126.82152844061694,37.203005670735,126.8225795783809,37.210659323509915,2024-10-24 13:45:01
1144,70,71,13,,,126.83697489703592,37.210460351392655,126.84065161011384,37.205256031859754,2024-10-24 13:45:18
1145,70,21,13,,,126.83684193870403,37.20879062760572,126.81786467297316,37.19663965132845,2024-10-24 13:45:44
1146,13,9,13,,,126.81681423072583,37.20393258913914,126.81358325389738,37.204896762864884,2024-10-24 13:46:17
1147,19,53,13,,,126.82813436237366,37.195594481256656,126.82969996446626,37.206989174769156,2024-10-24 13:46:58
1148,28,32,13,,,126.82932447887265,37.2035741346306,126.83104904999527,37.201393426586684,2024-10-24 13:47:31
1149,51,33,13,,,126.81960583308918,37.21035594094097,126.82973470518158,37.20103473881397,2024-10-24 13:47:41
1150,2,30,13,,,126.8215627753225,37.20506883618474,126.83183816611972,37.19966447425961,2024-10-24 13:48:26
1151,50,37,13,,,126.82161104614643,37.21223013408005,126.82034880659447,37.19704556634686,2024-10-24 13:48:43
1152,37,4,13,,,126.82212853001671,37.19780091226767,126.82172998341956,37.209657607956636,2024-10-24 13:49:25
1153,39,21,13,,,126.82159478673077,37.200595300317104,126.8187314764846,37.19538030970396,2024-10-24 13:49:29
1154,30,17,13,,,126.83100337470705,37.198178017202224,126.82613150622458,37.19666843707765,2024-10-24 13:50:03
1155,23,42,13,,,126.82088575390588,37.191936990944306,126.83195910895806,37.19639818080443,2024-10-24 13:50:41
1156,46,22,13,,,126.83092632037157,37.21154473779183,126.81543583225869,37.1956818197843,2024-10-24 13:51:18
1157,51,32,13,,,126.8198302433522,37.210948245697736,126.83260392676596,37.200932337070434,2024-10-24 13:51:35
1158,33,59,13,,,126.8291534367599,37.20108987784012,126.83298490840933,37.20699681420816,2024-10-24 13:52:30
1159,55,50,13,,,126.83012097184833,37.21007292693106,126.82276764048592,37.21118491534445,2024-10-24 13:53:32
1160,51,71,13,,,126.81934418692487,37.21114097231604,126.8391861440302,37.204963669996665,2024-10-24 13:53:50
1161,71,50,13,,,126.8393904299582,37.20457789242277,126.82257464721029,37.21189061600089,2024-10-24 13:54:29
1162,70,21,13,,,126.8377307905079,37.20937124023129,126.81878554022563,37.196920729692096,2024-10-24 13:55:01
1163,37,51,13,,,126.8214795581826,37.19678341817447,126.82065318006681,37.21083656326522,2024-10-24 13:55:09
1164,38,51,13,,,126.82465401756785,37.20114761857194,126.81929335224096,37.21108960060214,2024-10-24 13:55:34
1165,60,39,13,,,126.83353588072055,37.213202022509144,126.82177441054506,37.199893721553664,2024-10-24 13:55:34
1166,10,51,13,,,126.81789845050923,37.2103189855126,126.81914583014294,37.211317621966934,2024-10-24 13:55:37
1167,70,21,13,,,126.83849865857259,37.21038849338432,126.81957159328626,37.19565140742482,2024-10-24 13:57:34
1168,70,21,13,,,126.83824299319707,37.21000135605886,126.81942981010354,37.19588137373929,2024-10-24 13:57:48
1169,50,37,13,,,126.8215535259555,37.21168908883675,126.82035302620719,37.197357355516125,2024-10-24 13:57:53
1170,34,50,13,,,126.82186432331638,37.202119110938874,126.8220415963479,37.21170708460295,2024-10-24 13:58:17
1171,14,3,13,,,126.81984809238226,37.206880224537294,126.8256595366374,37.210563380975806,2024-10-24 13:58:53
1172,21,33,14,,,126.8194565033467,37.19637363884896,126.82918638871234,37.20064714177215,2024-10-24 14:00:15
1173,20,56,14,,,126.81496713774135,37.193240061028106,126.83577451715519,37.20592358983151,2024-10-24 14:01:16
1174,70,71,14,,,126.8383334012679,37.21008891391482,126.83927104839628,37.20407369041314,2024-10-24 14:01:17
1175,51,21,14,,,126.8191593208747,37.211162976531746,126.8188660252627,37.19723777026701,2024-10-24 14:01:30
1176,50,72,14,,,126.82331852338338,37.21108685255906,126.8109059218873,37.20725887199019,2024-10-24 14:01:32
1177,51,39,14,,,126.8203764185801,37.21022264897406,126.82066939457677,37.20013085045012,2024-10-24 14:01:41
1178,7,47,14,,,126.8273640190131,37.207226284817615,126.8282139139685,37.210554792123474,2024-10-24 14:02:48
1179,70,71,14,,,126.83815390604622,37.20867202402107,126.84062015526078,37.20549775707444,2024-10-24 14:02:57
1180,51,39,14,,,126.81908496424052,37.210635691549534,126.8220469990257,37.2002917727519,2024-10-24 14:03:45
1181,12,30,14,,,126.81956062261617,37.20566567260993,126.83267602274789,37.19960184704273,2024-10-24 14:03:52
1182,32,53,14,,,126.83128169937491,37.20098799570088,126.830155029041,37.2061272069457,2024-10-24 14:04:18
1183,50,60,14,,,126.82314733213472,37.21087722084,126.83267751426868,37.2121838291794,2024-10-24 14:04:28
1184,61,16,14,,,126.83284394910369,37.21602277178698,126.82336960179656,37.192834664998394,2024-10-24 14:04:33
1185,11,30,14,,,126.81352130877103,37.20728105613871,126.83166692923608,37.19813874333811,2024-10-24 14:04:38
1186,50,38,14,,,126.82276087544957,37.211270272211,126.82376202823795,37.201381553095175,2024-10-24 14:04:49
1187,71,42,14,,,126.84054780965855,37.20427977048699,126.83171038656218,37.19567014447637,2024-10-24 14:06:11
1188,38,44,14,,,126.8248943103957,37.20155755432102,126.82060489075882,37.189951506000746,2024-10-24 14:06:31
1189,9,18,14,,,126.81427088594876,37.20495259474779,126.8240718215803,37.19561120977741,2024-10-24 14:06:42
1190,20,8,14,,,126.81481025384474,37.191516758031575,126.82517101128585,37.20740568390225,2024-10-24 14:07:03
1191,48,42,14,,,126.83128455603337,37.21522470747674,126.83212186789318,37.19546716837189,2024-10-24 14:07:07
1192,16,13,14,,,126.8230041362513,37.19326500045481,126.81743554564467,37.20364160350702,2024-10-24 14:07:34
1193,70,32,14,,,126.8386655527045,37.21017721878684,126.83162237270137,37.201705541181525,2024-10-24 14:07:57
1194,70,50,14,,,126.8371034518719,37.21025315971713,126.82163006253457,37.21095366253652,2024-10-24 14:08:47
1195,70,71,14,,,126.83766834334439,37.210501748433884,126.83927885802103,37.205514703907085,2024-10-24 14:08:53
1196,51,28,14,,,126.81930765475705,37.21121595297592,126.82899190931926,37.204059855833165,2024-10-24 14:09:00
1197,50,26,14,,,126.8217676840181,37.21141599406119,126.81789253329178,37.193244870948824,2024-10-24 14:09:18
1198,64,11,14,,,126.84226258512356,37.20328981985061,126.81400653743465,37.20822693136618,2024-10-24 14:09:20
1199,58,37,14,,,126.83532895088328,37.20912967766679,126.82086720894424,37.19671088227704,2024-10-24 14:09:31
1200,22,33,14,,,126.81494356663644,37.19433353633193,126.82879124364008,37.20165854998366,2024-10-24 14:09:33
1201,2,37,14,,,126.82257531091943,37.20606071694479,126.82176626926089,37.19809883215037,2024-10-24 14:09:54
1202,51,37,14,,,126.82055028732715,37.21131496723831,126.82220104699375,37.19673571024606,2024-10-24 14:09:55
1203,62,19,14,,,126.83879986638598,37.21199474583319,126.82819280682223,37.19430582354492,2024-10-24 14:09:58
1204,55,37,14,,,126.82984183041602,37.20954444402333,126.82028512824935,37.19719582894765,2024-10-24 14:10:05
1205,51,37,14,,,126.8189284994173,37.20974189855665,126.82140979700908,37.19841114978728,2024-10-24 14:10:28
1206,42,44,14,,,126.83063711505972,37.196455678425714,126.82015993828563,37.18926766342854,2024-10-24 14:10:54
1207,50,38,14,,,126.82309521839476,37.21190712265099,126.82321767522298,37.20181428583449,2024-10-24 14:11:02
1208,64,63,14,,,126.84182566656277,37.202458314074214,126.83473428278833,37.21071665721219,2024-10-24 14:11:07
1209,56,50,14,,,126.83584945105453,37.206254264863155,126.82317223182541,37.211348178072065,2024-10-24 14:11:10
1210,50,37,14,,,126.82248488544805,37.211656756566875,126.8210841389519,37.19688300830019,2024-10-24 14:11:36
1211,50,60,14,,,126.82329262803214,37.21107725905055,126.83244803473545,37.212227941520275,2024-10-24 14:12:12
1212,2,2,14,,,126.82265589223994,37.206468372773884,126.8211006663153,37.20555532475174,2024-10-24 14:12:20
1213,51,37,14,,,126.82037332810143,37.211365801308716,126.82159345859911,37.19780932224909,2024-10-24 14:12:26
1214,62,60,14,,,126.83824075683317,37.21288476236861,126.83254136298432,37.2123434835205,2024-10-24 14:12:30
1215,50,26,14,,,126.8218206996889,37.211251578450934,126.81832195966163,37.19346967109757,2024-10-24 14:13:39
1216,5,37,14,,,126.82776111523903,37.20537153150254,126.82078953765897,37.196532255284254,2024-10-24 14:14:23
1217,12,19,14,,,126.81875120379333,37.205239162986544,126.82910498356595,37.19410291228221,2024-10-24 14:14:58
1218,50,50,14,,,126.82267745097298,37.211579781327714,126.82288392845264,37.21197527380432,2024-10-24 14:16:17
1219,37,33,14,,,126.8214818226444,37.198299782932054,126.82867427431138,37.19974102528832,2024-10-24 14:16:19
1220,11,13,14,,,126.81450335983429,37.208725760228184,126.816237994731,37.203097543721704,2024-10-24 14:16:30
1221,61,22,14,,,126.8330725115093,37.216080981235145,126.8151320047935,37.19565062995201,2024-10-24 14:17:36
1222,62,38,14,,,126.83831572612723,37.21207771050621,126.82326627807689,37.20223002515876,2024-10-24 14:18:36
1223,1,41,14,,,126.81634786107819,37.197581385567965,126.8337497117681,37.19674638950842,2024-10-24 14:18:58
1224,50,37,14,,,126.82223559490546,37.21052952138912,126.82075640955493,37.19816880065335,2024-10-24 14:19:03
1225,51,37,14,,,126.82020298805921,37.211358600244616,126.82159452213004,37.198411735183235,2024-10-24 14:19:47
1226,62,51,14,,,126.83891586589661,37.21241460827011,126.82022754962304,37.21044712211633,2024-10-24 14:19:54
1227,50,37,14,,,126.82295846810234,37.21170778564087,126.821483802848,37.19769960213892,2024-10-24 14:20:08
1228,50,38,14,,,126.82337727749086,37.21097863846727,126.82450691949224,37.20035157277018,2024-10-24 14:20:11
1229,63,7,14,,,126.83572738352098,37.21192807420195,126.82767231974756,37.20763370079405,2024-10-24 14:21:35
1230,51,37,14,,,126.81899055317716,37.21137543425629,126.82221167802491,37.19732046190473,2024-10-24 14:21:38
1231,50,37,14,,,126.82276379523132,37.21075493720456,126.82053374966583,37.19654290715042,2024-10-24 14:22:55
1232,23,37,14,,,126.81989906420243,37.192368679105904,126.82187495407875,37.196659977928604,2024-10-24 14:23:03
1233,70,50,14,,,126.83742810171756,37.208883943617984,126.82161656795377,37.21198943410772,2024-10-24 14:23:21
1234,55,50,14,,,126.83094159671629,37.208815226545504,126.8215545714341,37.21224911714671,2024-10-24 14:23:32
1235,51,21,14,,,126.82017008323554,37.21025964907626,126.81795480251762,37.19538583743995,2024-10-24 14:23:40
1236,71,58,14,,,126.84005668246317,37.204309771203576,126.83461672451358,37.208915762781054,2024-10-24 14:24:02
1237,50,50,14,,,126.8223865061166,37.212296379751336,126.82148829416629,37.211346371925394,2024-10-24 14:24:04
1238,21,48,14,,,126.81818233735322,37.19600975226871,126.83142886493451,37.21385426305348,2024-10-24 14:24:30
1239,70,50,14,,,126.83770260901456,37.20881755726263,126.82242561639097,37.21247567714386,2024-10-24 14:24:45
1240,50,50,14,,,126.82146112284212,37.21143121942545,126.82267571948906,37.21123337966699,2024-10-24 14:24:57
1241,50,60,14,,,126.82327010481696,37.212100321409565,126.83377790103704,37.21362680343237,2024-10-24 14:25:07
1242,51,32,14,,,126.82023416422193,37.21136083722696,126.8317054675604,37.200841142594776,2024-10-24 14:25:23
1243,50,55,14,,,126.8223518279826,37.21119096683875,126.82923196832836,37.20916588167687,2024-10-24 14:25:27
1244,15,37,14,,,126.81758646379515,37.206835746453606,126.82219507768464,37.19755574131973,2024-10-24 14:25:39
1245,58,62,14,,,126.83495200074675,37.207635551159434,126.83787225988502,37.21318420460293,2024-10-24 14:25:39
1246,22,11,14,,,126.81549057811583,37.19558360793198,126.81353944728558,37.208037342767035,2024-10-24 14:26:13
1247,21,38,14,,,126.81921263451902,37.19725118353489,126.82430333604654,37.201283845124564,2024-10-24 14:26:14
1248,23,19,14,,,126.82089453922995,37.19091910730376,126.82893406921212,37.194650290516414,2024-10-24 14:26:32
1249,6,26,14,,,126.82368298230767,37.20408431202482,126.81737687031001,37.1942682460496,2024-10-24 14:26:37
1250,28,10,14,,,126.8304900519819,37.203129790303535,126.81628483591679,37.20949019636064,2024-10-24 14:27:26
1251,51,26,14,,,126.82000618575103,37.21057679834135,126.81832544101304,37.19410133930374,2024-10-24 14:28:06
1252,3,38,14,,,126.82431630608481,37.210306830214634,126.82444399760851,37.20120008245805,2024-10-24 14:28:11
1253,38,27,14,,,126.82364012629017,37.20032885252383,126.82668994078189,37.198820074380194,2024-10-24 14:28:35
1254,19,65,14,,,126.82915286545254,37.19447160175355,126.83489089077516,37.2008367880641,2024-10-24 14:29:26
1255,50,37,14,,,126.82316301942858,37.21165944773525,126.8205586860707,37.19760714697522,2024-10-24 14:29:38
1256,42,69,14,,,126.83178452255794,37.19561815671489,126.83750054979701,37.20750387446714,2024-10-24 14:29:40
1257,50,26,14,,,126.82323514840519,37.2107903962191,126.8181278048376,37.19343767232306,2024-10-24 14:29:45
1258,51,37,14,,,126.81906365791386,37.20994020352471,126.82033012484445,37.197548578196006,2024-10-24 14:30:05
1259,1,58,14,,,126.81546706428777,37.19781681727898,126.83460547123086,37.2090237100127,2024-10-24 14:30:29
1260,50,38,14,,,126.82165662200165,37.21142803496017,126.823538739752,37.20172598222115,2024-10-24 14:31:03
1261,51,37,14,,,126.81993192520741,37.211331816841195,126.82133138003809,37.19674518347612,2024-10-24 14:31:07
1262,21,59,14,,,126.81815659853646,37.196863779004794,126.83255659850795,37.20678401854001,2024-10-24 14:31:22
1263,39,26,14,,,126.82180308663095,37.20077956763403,126.81774058221585,37.19308054374575,2024-10-24 14:31:41
1264,60,39,14,,,126.83322797618672,37.21225756552776,126.82084317692787,37.199814283134366,2024-10-24 14:32:15
1265,48,48,14,,,126.8295765523389,37.21477368114233,126.83032447512744,37.2142144733692,2024-10-24 14:33:06
1266,36,18,14,,,126.82295948183157,37.197665777561504,126.82413472183894,37.19654126650309,2024-10-24 14:33:14
1267,38,21,14,,,126.82334489066281,37.20154381207661,126.81817908073346,37.19699584003948,2024-10-24 14:34:07
1268,61,34,14,,,126.83215552024375,37.2162909036813,126.82187144687937,37.202573321123324,2024-10-24 14:34:59
1269,50,38,14,,,126.82272868010547,37.21239115813475,126.82339078136297,37.20209566825318,2024-10-24 14:35:08
1270,50,37,14,,,126.8233707028471,37.211478940472304,126.82193472471961,37.19760676545375,2024-10-24 14:35:37
1271,51,37,14,,,126.82053553269957,37.210022508669255,126.82125958049882,37.197232728373606,2024-10-24 14:36:25
1272,51,37,14,,,126.81935722603984,37.211370591202524,126.8212085680145,37.19783450642433,2024-10-24 14:37:17
1273,68,63,14,,,126.84043600664182,37.202577374202654,126.83618951153846,37.211109122723585,2024-10-24 14:37:37
1274,34,44,14,,,126.82119542710451,37.2023842590089,126.81985655099972,37.18914191335887,2024-10-24 14:37:46
1275,58,64,14,,,126.83526891211805,37.2083828945313,126.84191507185628,37.204083222579875,2024-10-24 14:37:56
1276,67,66,14,,,126.83534723229621,37.20305408101291,126.83743398718887,37.203959247217725,2024-10-24 14:38:08
1277,72,2,14,,,126.81228104015936,37.20631267615185,126.8219895408647,37.20639611682699,2024-10-24 14:38:55
1278,50,37,14,,,126.82221491787902,37.21229701726381,126.8222432936742,37.19651205210212,2024-10-24 14:39:09
1279,49,65,14,,,126.82714696124486,37.213314700605274,126.8341114600575,37.200365274710165,2024-10-24 14:39:34
1280,36,66,14,,,126.82377747832626,37.199278162629994,126.8379149212986,37.20452276517485,2024-10-24 14:40:31
1281,70,71,14,,,126.83862108293344,37.20895033167184,126.8397584809655,37.20435822018068,2024-10-24 14:41:04
1282,51,39,14,,,126.82058146907589,37.2106295447739,126.82120656205245,37.20105579896824,2024-10-24 14:41:10
1283,19,21,14,,,126.82915715547279,37.194820097647685,126.81865794551383,37.19555973378027,2024-10-24 14:41:39
1284,9,12,14,,,126.81481924362744,37.20627799094281,126.81878158721048,37.20445859648771,2024-10-24 14:41:40
1285,14,24,14,,,126.82038661887877,37.2068475855166,126.81833899873496,37.189885321421656,2024-10-24 14:43:33
1286,17,16,14,,,126.82739611419339,37.19667652777173,126.82388190775714,37.19341241144723,2024-10-24 14:43:36
1287,21,58,14,,,126.81864593379336,37.195524206792676,126.8342939930386,37.20938050564612,2024-10-24 14:44:10
1288,26,29,14,,,126.81769764224774,37.192788766044984,126.82646816064974,37.20150043355828,2024-10-24 14:44:17
1289,23,50,14,,,126.82162779289186,37.190831248055815,126.8218647392755,37.21173725784128,2024-10-24 14:44:38
1290,21,33,14,,,126.81787989614813,37.1961238404849,126.82909693410872,37.200325444603,2024-10-24 14:45:22
1291,51,26,14,,,126.82037848048846,37.21081311629165,126.81796130890635,37.19341820318527,2024-10-24 14:45:27
1292,23,38,14,,,126.82169361471475,37.19183936132066,126.82424197106224,37.202060112500405,2024-10-24 14:45:33
1293,17,27,14,,,126.82605242770185,37.19730940125991,126.82577753686012,37.19890899079806,2024-10-24 14:45:34
1294,51,39,14,,,126.82064634376154,37.21133463652715,126.8214653630347,37.20002775229363,2024-10-24 14:45:50
1295,60,57,14,,,126.83195303443277,37.21329878337032,126.83220952713059,37.20509155771396,2024-10-24 14:46:57
1296,63,28,14,,,126.83542628986486,37.21099947556334,126.82882578046821,37.2031845791568,2024-10-24 14:46:59
1297,22,29,14,,,126.81506256239483,37.194980661997675,126.82732413434599,37.20266610010172,2024-10-24 14:47:01
1298,11,27,14,,,126.81395245090782,37.20924356301066,126.82564649507336,37.1986062147131,2024-10-24 14:47:07
1299,37,3,14,,,126.82054692238961,37.19667738854957,126.82474124946862,37.20930799413152,2024-10-24 14:47:15
1300,50,64,14,,,126.82168037031008,37.210796421761124,126.8434207662671,37.20266199067501,2024-10-24 14:47:35
1301,50,50,14,,,126.8227980484442,37.210634525503494,126.82334187741681,37.21090993886137,2024-10-24 14:48:07
1302,50,60,14,,,126.82303013220827,37.21156432263309,126.83280010602829,37.21380811407584,2024-10-24 14:48:27
1303,56,38,14,,,126.83539178506118,37.20641852904615,126.82405385700237,37.20115093199229,2024-10-24 14:49:41
1304,51,37,14,,,126.81877482657458,37.21037735159699,126.8204944988628,37.19777962038506,2024-10-24 14:49:56
1305,50,38,14,,,126.8214466152811,37.21203772645685,126.82412738695395,37.20138195589385,2024-10-24 14:50:04
1306,23,38,14,,,126.82166306675903,37.191951813466694,126.82345202921998,37.20039346777612,2024-10-24 14:50:35
1307,1,48,14,,,126.81546549325311,37.19730038242763,126.82973710456885,37.21492741395806,2024-10-24 14:50:36
1308,6,13,14,,,126.82523760114316,37.2050316364124,126.81693020144199,37.203175014975876,2024-10-24 14:50:56
1309,50,38,14,,,126.82327156515936,37.211040092436306,126.82475780578204,37.20140458265417,2024-10-24 14:51:23
1310,50,38,14,,,126.8228429467401,37.21052535965816,126.8234342722791,37.20221958023247,2024-10-24 14:51:24
1311,51,39,14,,,126.81873976204041,37.209975243468556,126.82137534847804,37.200315729656126,2024-10-24 14:52:22
1312,17,30,14,,,126.82618280030174,37.19589441500135,126.83129152204104,37.19992284590278,2024-10-24 14:53:03
1313,50,26,14,,,126.82183493830013,37.210720779411254,126.81817833514454,37.193001927300756,2024-10-24 14:53:10
1314,50,38,14,,,126.82262028459631,37.21186984403787,126.82503333480676,37.20099110179358,2024-10-24 14:53:46
1315,34,50,14,,,126.82193302089615,37.203748980175895,126.82141063482484,37.21205583695047,2024-10-24 14:54:00
1316,60,38,14,,,126.83242150331016,37.21201410502901,126.82483733441822,37.202231765633535,2024-10-24 14:54:00
1317,70,71,14,,,126.83800508554239,37.20985910698543,126.84087247222936,37.20492682121449,2024-10-24 14:54:08
1318,26,34,14,,,126.81857559600863,37.192722275058664,126.82083605311618,37.20372495106938,2024-10-24 14:54:10
1319,39,50,14,,,126.82217199570323,37.19953733990177,126.8223744038479,37.21232348241853,2024-10-24 14:54:22
1320,7,26,14,,,126.82765841911915,37.20792919742338,126.81871889685165,37.194451216023516,2024-10-24 14:54:25
1321,50,38,14,,,126.82157537257949,37.21189382068781,126.82333503132338,37.20131028252811,2024-10-24 14:54:28
1322,51,37,14,,,126.82050842632354,37.21054985216008,126.82163904063009,37.19730781477959,2024-10-24 14:54:35
1323,27,24,14,,,126.8263042289605,37.19899034101501,126.81860548397226,37.1913843405695,2024-10-24 14:54:55
1324,18,50,14,,,126.82360238900759,37.19521832229543,126.82323654676877,37.211483957247985,2024-10-24 14:55:29
1325,26,38,14,,,126.81834743122289,37.19274035297842,126.823609993324,37.20191806288594,2024-10-24 14:55:48
1326,6,1,14,,,126.82372788343928,37.20336712159212,126.8157189998177,37.197874773224534,2024-10-24 14:55:56
1327,59,22,14,,,126.83255538141763,37.20714131666255,126.81654533403609,37.194346605583554,2024-10-24 14:56:49
1328,23,35,14,,,126.82174658341525,37.19241667821565,126.81870238508397,37.20100619497606,2024-10-24 14:56:57
1329,59,24,14,,,126.83243584853548,37.20754819410596,126.81757866760935,37.191192260719674,2024-10-24 14:56:58
1330,31,56,14,,,126.82851668494513,37.198779670418446,126.83425562500553,37.20473409238438,2024-10-24 14:57:06
1331,21,38,14,,,126.81920123250818,37.19679840768536,126.82362054195943,37.20045991181255,2024-10-24 14:57:37
1332,50,37,14,,,126.82221582183101,37.211431582266336,126.82070045379564,37.19794428287723,2024-10-24 14:58:08
1333,58,46,14,,,126.83480391295357,37.208509256695265,126.83039203919884,37.21279448094432,2024-10-24 14:59:13
1334,50,50,14,,,126.8217989621235,37.212418721137354,126.82183024862489,37.211990547104456,2024-10-24 14:59:28
1335,50,38,14,,,126.82230796574709,37.21124135459638,126.82488961357751,37.20158651704701,2024-10-24 14:59:29
1336,56,32,15,,,126.83486296945594,37.204986389995355,126.83273678681165,37.20213011718175,2024-10-24 15:00:54
1337,68,43,15,,,126.83946254637641,37.202016853521215,126.82405946452585,37.18918545528773,2024-10-24 15:01:17
1338,50,60,15,,,126.82170525554005,37.21220520534166,126.83246602104103,37.21356819676939,2024-10-24 15:01:24
1339,37,51,15,,,126.82207120553001,37.19771439888788,126.82017356417686,37.209489007993696,2024-10-24 15:01:26
1340,40,40,15,,,126.83162095622843,37.19414612259916,126.83214043241085,37.19355315261043,2024-10-24 15:01:34
1341,28,10,15,,,126.83014542180895,37.20299811411645,126.8163621475566,37.209655603765015,2024-10-24 15:01:59
1342,71,9,15,,,126.83973088314178,37.20560228761703,126.81355591279305,37.20466984549671,2024-10-24 15:02:10
1343,21,33,15,,,126.81889550325421,37.195696611189085,126.83008367383555,37.20122454780342,2024-10-24 15:02:14
1344,71,50,15,,,126.84016945833264,37.20552884631745,126.82308619046843,37.21229314907355,2024-10-24 15:03:11
1345,64,21,15,,,126.84172188377674,37.20292117847004,126.8184402571055,37.19703813190319,2024-10-24 15:03:28
1346,50,38,15,,,126.82145109866863,37.21096023476631,126.82458077400067,37.200840160368436,2024-10-24 15:03:43
1347,25,7,15,,,126.82076563028012,37.19465288186976,126.82660237761665,37.20732704355379,2024-10-24 15:04:05
1348,25,22,15,,,126.82172901490767,37.19487619767499,126.81546692661951,37.194796009271876,2024-10-24 15:04:23
1349,29,52,15,,,126.82644944433004,37.202028327111904,126.83156918219288,37.216686776122266,2024-10-24 15:05:43
1350,58,56,15,,,126.83416083130528,37.20770883358199,126.83394050020115,37.20486674429788,2024-10-24 15:05:58
1351,37,51,15,,,126.82165771104223,37.19807240544263,126.81939837744085,37.21043205815805,2024-10-24 15:06:51
1352,21,38,15,,,126.81855778862385,37.19648058329027,126.82424763304786,37.201427280238654,2024-10-24 15:07:28
1353,39,26,15,,,126.82151716409626,37.1995545499467,126.81901438699276,37.19446701975158,2024-10-24 15:07:33
1354,34,26,15,,,126.8215557005186,37.20268722664827,126.81927977490975,37.19389316747297,2024-10-24 15:07:42
1355,8,68,15,,,126.82424509750012,37.207473412492234,126.83987030123846,37.20210464781817,2024-10-24 15:07:42
1356,21,33,15,,,126.81820579959589,37.19611013259653,126.82923358585506,37.20041845599027,2024-10-24 15:08:07
1357,51,37,15,,,126.81929548205315,37.2107880170048,126.82111621028064,37.196920910721495,2024-10-24 15:08:43
1358,39,21,15,,,126.82088458295043,37.19924505667545,126.81872829989076,37.19595396791855,2024-10-24 15:09:17
1359,50,37,15,,,126.82200591338841,37.21102132569662,126.8212591679021,37.19838063691512,2024-10-24 15:09:40
1360,50,38,15,,,126.82156652992872,37.21074782214325,126.82353015820374,37.20205605866051,2024-10-24 15:10:06
1361,63,34,15,,,126.83524798111542,37.211751992572225,126.82074739344287,37.203024340429934,2024-10-24 15:10:24
1362,51,37,15,,,126.81974922216993,37.21128072435554,126.82042868687084,37.19771805449376,2024-10-24 15:10:35
1363,25,43,15,,,126.82123954548116,37.19412123596805,126.82250082728683,37.189870166028335,2024-10-24 15:10:57
1364,21,38,15,,,126.81784565768467,37.196325832060325,126.82414375812891,37.20175115882053,2024-10-24 15:11:12
1365,50,37,15,,,126.82336850430407,37.211131599514104,126.82056327615945,37.19795095453846,2024-10-24 15:11:15
1366,50,38,15,,,126.82302451768527,37.21200038697818,126.82449512363291,37.201446207219824,2024-10-24 15:11:29
1367,17,26,15,,,126.82735603443466,37.19589906106392,126.8185430658897,37.19320495387058,2024-10-24 15:11:31
1368,61,12,15,,,126.83253888904338,37.21654301320071,126.81954689123111,37.20508590811789,2024-10-24 15:12:50
1369,26,70,15,,,126.8189472337502,37.19258309892523,126.83778949790408,37.209160610434374,2024-10-24 15:13:06
1370,70,71,15,,,126.83780310466908,37.208852157487556,126.84094152302927,37.20557562144299,2024-10-24 15:13:37
1371,70,71,15,,,126.83831724180281,37.209104443729274,126.8393136067406,37.205322769436236,2024-10-24 15:14:08
1372,50,38,15,,,126.8233226288816,37.21166760845714,126.82431042389778,37.20137174325447,2024-10-24 15:14:29
1373,50,37,15,,,126.82208797753947,37.211442378521944,126.82160232975468,37.19763635264011,2024-10-24 15:16:01
1374,71,8,15,,,126.83937262456277,37.2047027442812,126.82540545189651,37.2076064909761,2024-10-24 15:17:48
1375,50,37,15,,,126.8222813275552,37.21097148492597,126.8214265528218,37.196920239630515,2024-10-24 15:17:52
1376,50,37,15,,,126.82290250201018,37.211726376816436,126.82088676729886,37.19695111959217,2024-10-24 15:17:58
1377,37,51,15,,,126.82190714222793,37.19815649288777,126.81963684731446,37.21130037997058,2024-10-24 15:18:42
1378,21,48,15,,,126.81763297517342,37.19598383840999,126.83110870164592,37.21383411061126,2024-10-24 15:19:25
1379,23,50,15,,,126.82040807567356,37.19132343224145,126.8229885802114,37.211647555061575,2024-10-24 15:19:37
1380,67,58,15,,,126.83448376067693,37.20190125872401,126.8355823078396,37.20848536604506,2024-10-24 15:19:51
1381,23,42,15,,,126.82112897070864,37.19086787728545,126.83158040350291,37.19596033923543,2024-10-24 15:22:15
1382,11,15,15,,,126.81409547348582,37.20824455891391,126.8172590182086,37.20643684872881,2024-10-24 15:22:23
1383,50,38,15,,,126.82274199886196,37.210552438012385,126.82395718788105,37.20168099126015,2024-10-24 15:22:26
1384,33,41,15,,,126.82978874608479,37.20133045119468,126.83472371827523,37.1978076384947,2024-10-24 15:22:28
1385,23,50,15,,,126.8209462917251,37.19133985190577,126.82223358595287,37.211562640989314,2024-10-24 15:22:59
1386,50,37,15,,,126.82164321323967,37.21225630717912,126.82132159426892,37.19705823848474,2024-10-24 15:23:09
1387,23,50,15,,,126.8204124769307,37.19112637647795,126.82178289142595,37.2124393691807,2024-10-24 15:23:10
1388,70,50,15,,,126.8378340050896,37.20941575067587,126.82274932234098,37.21167583109538,2024-10-24 15:23:28
1389,23,50,15,,,126.82111650876263,37.192384425540766,126.82298762759616,37.211104207704395,2024-10-24 15:23:42
1390,21,58,15,,,126.81874461515643,37.19696197969816,126.83538338546967,37.208989042642834,2024-10-24 15:23:48
1391,51,39,15,,,126.81885820387076,37.20992910953891,126.82071230329616,37.200245794202694,2024-10-24 15:24:15
1392,57,6,15,,,126.83314970990132,37.20494344558672,126.82500196411569,37.20448533744126,2024-10-24 15:24:37
1393,32,37,15,,,126.83277066447397,37.202089848868646,126.82194036761445,37.197217393812316,2024-10-24 15:24:48
1394,4,29,15,,,126.82152586036977,37.209081316885495,126.82606813498934,37.20274756895984,2024-10-24 15:25:01
1395,23,50,15,,,126.82045827787303,37.191933829123485,126.82235609140744,37.21069596502134,2024-10-24 15:25:47
1396,21,60,15,,,126.81826696725533,37.19553757294149,126.83259868778397,37.21272394384044,2024-10-24 15:25:58
1397,51,26,15,,,126.81982077890156,37.21037226850347,126.81886612551679,37.19337383173878,2024-10-24 15:26:29
1398,37,51,15,,,126.82209660005388,37.19827861851186,126.8205673095569,37.21002116543342,2024-10-24 15:26:49
1399,40,36,15,,,126.83221625715952,37.194052677921256,126.82339400810878,37.19927301520695,2024-10-24 15:26:51
1400,14,31,15,,,126.81978812472987,37.20748012195492,126.82837695639348,37.1970202974588,2024-10-24 15:27:03
1401,50,60,15,,,126.82185953443793,37.21101084147894,126.83269398377993,37.213550966653,2024-10-24 15:27:13
1402,18,54,15,,,126.8240545933622,37.195401187204276,126.83364693482804,37.211093752129365,2024-10-24 15:27:19
1403,14,41,15,,,126.82042616991306,37.20799407948619,126.83502065558804,37.19767881959795,2024-10-24 15:27:20
1404,18,32,15,,,126.82439745760472,37.194934516925926,126.83155626243423,37.20219690572244,2024-10-24 15:27:35
1405,34,21,15,,,126.82188709977432,37.202562858596345,126.81832609116938,37.19632359000334,2024-10-24 15:27:52
1406,37,51,15,,,126.82092619109662,37.19827659815078,126.82053175714461,37.210264121129796,2024-10-24 15:28:11
1407,66,38,15,,,126.8378439525083,37.20460517409036,126.82427745732602,37.201511391542425,2024-10-24 15:28:22
1408,51,55,15,,,126.81928995977927,37.21117289982448,126.82989654575717,37.20928693325501,2024-10-24 15:28:24
1409,50,38,15,,,126.82187168904397,37.2123413400685,126.82335745872328,37.20131593399371,2024-10-24 15:28:25
1410,70,21,15,,,126.83705261468006,37.210317810487844,126.81886904082575,37.19658826622265,2024-10-24 15:28:28
1411,23,50,15,,,126.8212053520881,37.19132635981258,126.82335090373532,37.211676492142374,2024-10-24 15:28:45
1412,33,59,15,,,126.82852790140389,37.20010179963473,126.83199674223323,37.20680599487377,2024-10-24 15:28:52
1413,51,37,15,,,126.81962397773175,37.21024542793925,126.82188639618272,37.19786422370986,2024-10-24 15:29:00
1414,43,19,15,,,126.82257221253542,37.190259219611804,126.82820643488624,37.195950894485335,2024-10-24 15:29:16
1415,50,26,15,,,126.82257953974529,37.21221318913049,126.81791907871988,37.19451810547785,2024-10-24 15:29:26
1416,23,50,15,,,126.82044014106813,37.1921200354367,126.82188190375804,37.21132914217651,2024-10-24 15:29:33
1417,62,36,15,,,126.83875961057262,37.21303956302999,126.82311722093623,37.1985814974161,2024-10-24 15:29:44
1418,27,14,15,,,126.82744085398555,37.19942909699247,126.81901645213026,37.20700798627157,2024-10-24 15:29:46
1419,50,38,15,,,126.82316972460838,37.210732561769376,126.82405188765101,37.20130953399511,2024-10-24 15:29:47
1420,70,50,15,,,126.83686034704857,37.20993455817952,126.8217637767673,37.211076535238085,2024-10-24 15:30:36
1421,64,17,15,,,126.8419192335734,37.203423930896825,126.82707329651188,37.19690850116509,2024-10-24 15:30:41
1422,39,50,15,,,126.82195477653178,37.20019563602772,126.82275430791567,37.21102187343435,2024-10-24 15:30:49
1423,50,38,15,,,126.82284246460696,37.21115034461178,126.8250836538338,37.20178835156034,2024-10-24 15:30:55
1424,47,32,15,,,126.82751373346308,37.21150165083826,126.8314055164974,37.20119547262136,2024-10-24 15:30:58
1425,50,38,15,,,126.8226984528186,37.21216191212632,126.82507925133747,37.201227823471555,2024-10-24 15:31:25
1426,42,61,15,,,126.83195340616543,37.1955119255608,126.83292249990492,37.21516250105291,2024-10-24 15:31:34
1427,51,37,15,,,126.82050908016978,37.21029410016807,126.82055795974445,37.1973788264415,2024-10-24 15:31:57
1428,21,38,15,,,126.81928538413933,37.19629469495348,126.82395161791476,37.20133308253878,2024-10-24 15:32:04
1429,70,71,15,,,126.83723759908185,37.20914683308553,126.8390916748239,37.204082755203785,2024-10-24 15:33:42
1430,21,38,15,,,126.81833227661036,37.196524963080336,126.8247017898103,37.20167268800874,2024-10-24 15:33:46
1431,9,2,15,,,126.81451199411143,37.20596645426875,126.82101308051017,37.20598389300672,2024-10-24 15:33:50
1432,33,27,15,,,126.8287904270879,37.201434912589015,126.82724291723127,37.198829612401674,2024-10-24 15:33:53
1433,19,40,15,,,126.82975099512775,37.19449647234314,126.83180233956165,37.19235934493207,2024-10-24 15:33:56
1434,19,21,15,,,126.82940218822975,37.194592610023534,126.81807806092095,37.19555894617907,2024-10-24 15:34:54
1435,51,32,15,,,126.81962171449892,37.210102878825005,126.8323716988414,37.20119496514643,2024-10-24 15:35:02
1436,23,50,15,,,126.82134031956538,37.19169957925273,126.82141658081653,37.21086171537695,2024-10-24 15:35:10
1437,33,10,15,,,126.82947511285981,37.20099421713542,126.81706069738763,37.20988849406369,2024-10-24 15:35:37
1438,21,33,15,,,126.81948184219006,37.19643611291066,126.82917508618868,37.199728979910745,2024-10-24 15:36:54
1439,37,51,15,,,126.82153864478441,37.197192984136215,126.82050097894505,37.210820622734204,2024-10-24 15:37:43
1440,50,37,15,,,126.82173811861864,37.21058276365307,126.82124642632236,37.19676333670834,2024-10-24 15:38:11
1441,71,35,15,,,126.83957105791457,37.204436847809006,126.81873429682535,37.20165400683215,2024-10-24 15:38:21
1442,45,50,15,,,126.82550147225011,37.211816336999256,126.8232193522701,37.21137083114581,2024-10-24 15:38:43
1443,51,37,15,,,126.81884772978717,37.209514845679,126.82047601101002,37.19651379351848,2024-10-24 15:38:48
1444,50,43,15,,,126.82310593185996,37.210759154071944,126.82283961815317,37.19066155007568,2024-10-24 15:38:51
1445,50,38,15,,,126.82159151401477,37.21235881056054,126.8232265972799,37.20096678910991,2024-10-24 15:40:18
1446,50,38,15,,,126.82203822801566,37.21181652628129,126.8244135779874,37.20040740644032,2024-10-24 15:40:33
1447,50,37,15,,,126.82156993301646,37.21101296486304,126.82092647174827,37.196541108338444,2024-10-24 15:40:46
1448,37,51,15,,,126.82135620213093,37.19788206690036,126.82008508494654,37.21007292581432,2024-10-24 15:41:06
1449,70,50,15,,,126.83824913152412,37.210246436881654,126.82314572095912,37.21143744823767,2024-10-24 15:41:06
1450,24,49,15,,,126.81894329882121,37.191418097969816,126.82820268859079,37.2145320278446,2024-10-24 15:41:56
1451,50,37,15,,,126.82333442191971,37.21126238902599,126.82052522317456,37.19776612775345,2024-10-24 15:42:18
1452,23,50,15,,,126.819997350806,37.19227889809332,126.82156884140262,37.21218888744318,2024-10-24 15:42:38
1453,37,51,15,,,126.82188524218485,37.19705797242703,126.82027329954671,37.210708248131105,2024-10-24 15:43:06
1454,23,50,15,,,126.82138773435291,37.19248779023037,126.82245104221923,37.2121812746526,2024-10-24 15:43:22
1455,50,37,15,,,126.82140001465683,37.211416841898014,126.82090723862645,37.19669001358321,2024-10-24 15:44:11
1456,21,33,15,,,126.81911182541744,37.19684609233607,126.82871813688632,37.20125124569482,2024-10-24 15:45:07
1457,21,72,15,,,126.8180459253771,37.19583133061588,126.81081175062307,37.20680020113057,2024-10-24 15:45:08
1458,51,39,15,,,126.82026701893301,37.21034514701786,126.8205749497469,37.20092472471442,2024-10-24 15:45:09
1459,21,33,15,,,126.81858627071232,37.196338670931496,126.8299332365722,37.200750659093885,2024-10-24 15:45:11
1460,51,26,15,,,126.8194295784025,37.20961161212525,126.81824402905966,37.19292743309909,2024-10-24 15:45:25
1461,51,71,15,,,126.82031033288453,37.21031928494165,126.84089163748625,37.20467132529145,2024-10-24 15:45:45
1462,50,26,15,,,126.82174011391614,37.21087924001479,126.81741069046231,37.194112617647235,2024-10-24 15:46:13
1463,68,34,15,,,126.84056611446744,37.20298299071049,126.82082954724999,37.202518058327506,2024-10-24 15:46:19
1464,12,10,15,,,126.81827298326803,37.20452354446402,126.81735436806954,37.20968658016391,2024-10-24 15:46:21
1465,20,68,15,,,126.81527493441287,37.19210094801399,126.84035118896352,37.20241930966352,2024-10-24 15:46:22
1466,37,51,15,,,126.8219946525374,37.19666771124865,126.8194716067774,37.21113468340851,2024-10-24 15:46:46
1467,25,16,15,,,126.82172532493347,37.19513940286197,126.82421783667299,37.19269421371245,2024-10-24 15:46:47
1468,11,38,15,,,126.81421382299241,37.20920949141114,126.82375002692555,37.20142754422348,2024-10-24 15:46:54
1469,23,18,15,,,126.82042326004799,37.19092412251421,126.82276066332243,37.195364181104665,2024-10-24 15:46:58
1470,23,50,15,,,126.8204853700605,37.192143344632726,126.82290918197336,37.21150605072035,2024-10-24 15:47:09
1471,50,37,15,,,126.82180380950045,37.21129562310642,126.82110732856928,37.19719059462175,2024-10-24 15:47:18
1472,24,11,15,,,126.81750270504425,37.19074499690367,126.81464752368412,37.20825554057942,2024-10-24 15:48:00
1473,50,38,15,,,126.82229489358107,37.21162222271625,126.82460837620236,37.200544694208894,2024-10-24 15:48:24
1474,18,50,15,,,126.82390853928311,37.196220936918806,126.82298134263422,37.21201311956267,2024-10-24 15:48:42
1475,1,55,15,,,126.81567997914073,37.19746037865943,126.83006080243788,37.209915837061665,2024-10-24 15:48:51
1476,70,50,15,,,126.8387383399357,37.20996229967063,126.82272558875958,37.21216667516677,2024-10-24 15:49:21
1477,1,66,15,,,126.81554429633061,37.197274655056056,126.837785308063,37.20391633211198,2024-10-24 15:49:31
1478,70,71,15,,,126.8377633828925,37.20926004043414,126.83937946514119,37.20593053981008,2024-10-24 15:50:08
1479,50,72,15,,,126.82199957678672,37.21211322006701,126.81090444048665,37.20754592595779,2024-10-24 15:50:14
1480,56,38,15,,,126.83488217469599,37.20584669417321,126.82511669205986,37.20155671119024,2024-10-24 15:50:48
1481,50,64,15,,,126.82168764349602,37.21240937858539,126.84311875757574,37.202850571679306,2024-10-24 15:51:22
1482,37,51,15,,,126.82068151964967,37.19689452462106,126.82052644635017,37.21119988258574,2024-10-24 15:51:39
1483,38,21,15,,,126.82445203329834,37.200423910087075,126.81915871983587,37.19660318552607,2024-10-24 15:52:01
1484,39,50,15,,,126.82167246456406,37.199499090977774,126.82325821061512,37.21132114608512,2024-10-24 15:52:05
1485,63,32,15,,,126.83530542739342,37.21120128131962,126.83133143675603,37.200790138378224,2024-10-24 15:52:32
1486,37,50,15,,,126.82098674269167,37.19829754829387,126.82302210490468,37.21193185613342,2024-10-24 15:53:32
1487,50,50,15,,,126.8215208223504,37.21061158372315,126.82214215603213,37.21240431405246,2024-10-24 15:54:29
1488,37,51,15,,,126.8216421115777,37.19830530026401,126.81917401640611,37.21099699455163,2024-10-24 15:54:32
1489,50,37,15,,,126.82287585785305,37.211696977807094,126.82076806043278,37.19651462745439,2024-10-24 15:54:46
1490,54,71,15,,,126.83204206320622,37.209567857961446,126.84026351937935,37.20548271517007,2024-10-24 15:55:17
1491,51,26,15,,,126.81906737641263,37.21015586119467,126.81753903915184,37.19378906309087,2024-10-24 15:55:21
1492,24,45,15,,,126.81806421779302,37.191196964695514,126.82512974407248,37.21345596181281,2024-10-24 15:56:14
1493,40,34,15,,,126.83089033750699,37.192955058766536,126.82144333701186,37.20222304465689,2024-10-24 15:56:26
1494,20,45,15,,,126.8160256440718,37.19158349358867,126.82482957136797,37.213525781062636,2024-10-24 15:56:40
1495,50,37,15,,,126.8221005585888,37.21106251497426,126.82206633201987,37.19728377574869,2024-10-24 15:56:59
1496,6,26,15,,,126.82415191275915,37.20384477755317,126.81780825265496,37.192956238578866,2024-10-24 15:56:59
1497,32,54,15,,,126.83122309049746,37.20102762502559,126.83353775931936,37.21066243530802,2024-10-24 15:57:31
1498,29,29,15,,,126.82729843397496,37.201484982306695,126.82596414052564,37.20296498505352,2024-10-24 15:58:11
1499,50,37,15,,,126.82265267855722,37.21234621928357,126.82063858657736,37.197303582905164,2024-10-24 15:58:14
1500,11,72,15,,,126.81503945875112,37.2081130566443,126.81224673994976,37.20796551136811,2024-10-24 15:58:23
1501,50,6,15,,,126.82191177986596,37.212127338527736,126.82415682967603,37.20462801892219,2024-10-24 15:58:50
1502,55,50,15,,,126.82985414730109,37.209459334003476,126.82216924185829,37.2105363441134,2024-10-24 15:59:30
1503,71,70,15,,,126.84039438541286,37.20501943141701,126.83867199739605,37.20995233913337,2024-10-24 15:59:38
1504,23,50,16,,,126.82177933626053,37.19169941636318,126.8233573743301,37.21211128879939,2024-10-24 16:00:21
1505,51,32,16,,,126.81884212706143,37.21014502342212,126.83122960435487,37.20080653989917,2024-10-24 16:00:27
1506,50,37,16,,,126.82141893751162,37.21094355520458,126.82210354404647,37.196985872678795,2024-10-24 16:00:38
1507,37,51,16,,,126.82213311028711,37.19666417006403,126.81873261191477,37.20977887593306,2024-10-24 16:01:16
1508,51,37,16,,,126.8192628665157,37.20981763487011,126.8207847443721,37.19686149379205,2024-10-24 16:02:01
1509,70,39,16,,,126.83712611567812,37.21038381767976,126.8211449333706,37.20114418015925,2024-10-24 16:02:11
1510,31,53,16,,,126.82832570569695,37.197895840636434,126.82951135699096,37.20590674748185,2024-10-24 16:02:44
1511,1,60,16,,,126.81545035815441,37.19809189507343,126.83230692171942,37.21224533038125,2024-10-24 16:02:51
1512,51,26,16,,,126.82053457193199,37.21041125047686,126.81873958534482,37.193805224678655,2024-10-24 16:02:52
1513,50,37,16,,,126.82182847058446,37.212268118558505,126.82110087080532,37.196979469772586,2024-10-24 16:02:58
1514,50,60,16,,,126.82200270788846,37.2106214960409,126.83381563196582,37.21288090793539,2024-10-24 16:03:00
1515,51,39,16,,,126.81986931649249,37.21094555387971,126.82107279780624,37.20094777593374,2024-10-24 16:03:09
1516,23,50,16,,,126.82169612120103,37.19230624192816,126.82252424473272,37.211397987447015,2024-10-24 16:03:15
1517,32,50,16,,,126.83160955369728,37.202620146032324,126.82174552843799,37.2110674782749,2024-10-24 16:03:19
1518,37,51,16,,,126.82130425424594,37.19833818932492,126.81969994235001,37.210920506277354,2024-10-24 16:03:36
1519,50,38,16,,,126.82263174459585,37.211103455823185,126.82452397719047,37.200451292959485,2024-10-24 16:03:44
1520,50,37,16,,,126.82287132104932,37.211676842842785,126.8221278734683,37.19667846553179,2024-10-24 16:04:27
1521,41,14,16,,,126.8340507879064,37.197164298298695,126.82024333999536,37.20707148616563,2024-10-24 16:04:28
1522,50,38,16,,,126.82261850728352,37.21205201261874,126.82441954579063,37.2018479095822,2024-10-24 16:04:58
1523,50,37,16,,,126.82177312780766,37.21233450411867,126.8203864349164,37.19708205297817,2024-10-24 16:05:04
1524,55,50,16,,,126.8291513864819,37.20883070234902,126.82240495615126,37.21218572045355,2024-10-24 16:05:10
1525,37,51,16,,,126.82147445630943,37.19803744575941,126.81878463203563,37.21022298486071,2024-10-24 16:05:46
1526,70,71,16,,,126.83874260949142,37.20919721202407,126.8396647045616,37.20526666314321,2024-10-24 16:07:24
1527,31,46,16,,,126.82890746098846,37.198053486066094,126.83035421092526,37.21116990780908,2024-10-24 16:08:06
1528,4,34,16,,,126.82203382573378,37.209382241255376,126.82224620421319,37.20288574643284,2024-10-24 16:08:23
1529,67,25,16,,,126.83516001005471,37.2024383681654,126.82135477719777,37.19460794312083,2024-10-24 16:08:45
1530,27,28,16,,,126.8266559137104,37.20052112234784,126.82992728685342,37.20353960263469,2024-10-24 16:08:49
1531,26,38,16,,,126.8182454724039,37.19348019672098,126.82422135948183,37.20105830087389,2024-10-24 16:08:52
1532,51,37,16,,,126.81895625410785,37.21118483537475,126.82132585608962,37.19680288596501,2024-10-24 16:09:51
1533,51,53,16,,,126.81880118269783,37.21007475033923,126.83050814045347,37.20688812213735,2024-10-24 16:10:08
1534,8,18,16,,,126.82467583750338,37.2074570061166,126.82299722800728,37.1962634240729,2024-10-24 16:10:20
1535,46,57,16,,,126.83028575267605,37.212492222278236,126.83304641214418,37.20440962591557,2024-10-24 16:11:28
1536,38,10,16,,,126.82353418612799,37.20089041589028,126.81631863185446,37.209874871722505,2024-10-24 16:11:28
1537,70,71,16,,,126.83792454674976,37.208748155653595,126.84043346273205,37.20405277483975,2024-10-24 16:11:42
1538,50,26,16,,,126.82316991052673,37.21132683974077,126.81887807471281,37.19393428992801,2024-10-24 16:11:50
1539,51,37,16,,,126.819803674658,37.210099024116246,126.82030373072325,37.19678068657276,2024-10-24 16:11:53
1540,53,71,16,,,126.82951019491232,37.205940544562985,126.84048671337793,37.20537767587901,2024-10-24 16:12:13
1541,50,50,16,,,126.82140395133688,37.21071652685494,126.82256514716929,37.21192711246349,2024-10-24 16:13:08
1542,50,37,16,,,126.82251078826795,37.21182019051755,126.82139102713464,37.19778837091394,2024-10-24 16:13:13
1543,51,21,16,,,126.81937776859503,37.21098991674439,126.8189662443538,37.19667859312099,2024-10-24 16:13:44
1544,71,46,16,,,126.84037455341898,37.204454735383514,126.82932558777765,37.211068133818166,2024-10-24 16:14:03
1545,50,7,16,,,126.82257840150687,37.21142011235828,126.82768512242943,37.20706330540846,2024-10-24 16:14:22
1546,48,48,16,,,126.83045549018513,37.214914192040034,126.83091319923311,37.21383484316774,2024-10-24 16:14:31
1547,50,37,16,,,126.82236699151548,37.21096902956273,126.82082225938315,37.19714960206864,2024-10-24 16:15:05
1548,62,37,16,,,126.83746298189902,37.21280205539051,126.82143475394561,37.196891050090755,2024-10-24 16:15:29
1549,37,19,16,,,126.82093874243147,37.19822409254666,126.82920707679762,37.19412646818586,2024-10-24 16:15:53
1550,23,50,16,,,126.82038250612541,37.19149379631215,126.82280908310871,37.212070092200825,2024-10-24 16:15:57
1551,39,50,16,,,126.82165649046786,37.20074317254575,126.8228841541296,37.21148647255698,2024-10-24 16:16:21
1552,51,37,16,,,126.81943936526386,37.210158670439,126.8213146001488,37.19676632332479,2024-10-24 16:16:23
1553,23,50,16,,,126.82042131931497,37.19245758001552,126.8223899233467,37.21134600544191,2024-10-24 16:16:28
1554,5,4,16,,,126.82702477583379,37.20588564345465,126.82149813240295,37.208258567671855,2024-10-24 16:16:44
1555,58,70,16,,,126.83473202777333,37.20747572235893,126.83838498970732,37.21018414701044,2024-10-24 16:17:49
1556,6,35,16,,,126.82490237307078,37.2038800055781,126.81935380538202,37.20169464521704,2024-10-24 16:18:09
1557,42,59,16,,,126.83172322925203,37.196223543681796,126.83297360415888,37.20658079643018,2024-10-24 16:18:22
1558,50,37,16,,,126.82241596471071,37.21074394906815,126.82129526049468,37.19741475314205,2024-10-24 16:18:42
1559,23,50,16,,,126.82083677834919,37.191220591073474,126.82206079193192,37.21112501850246,2024-10-24 16:19:22
1560,51,37,16,,,126.81995733390248,37.21030020536924,126.82098056514066,37.19824902124118,2024-10-24 16:19:50
1561,32,5,16,,,126.83258163317181,37.201718355802846,126.82725669765684,37.20450029632636,2024-10-24 16:20:04
1562,57,66,16,,,126.8327603923887,37.20505254369546,126.83675108075482,37.20459883803882,2024-10-24 16:20:39
1563,64,55,16,,,126.84237414268162,37.20394508169361,126.8298219251892,37.20999637603404,2024-10-24 16:21:22
1564,55,50,16,,,126.82903598585293,37.20865855540999,126.8219106239286,37.21138389066445,2024-10-24 16:21:38
1565,39,50,16,,,126.82236758734459,37.19975477364778,126.82148313040936,37.21229951668201,2024-10-24 16:22:07
1566,51,26,16,,,126.81944648835486,37.21103393174473,126.81900531287611,37.193328315711184,2024-10-24 16:22:37
1567,55,50,16,,,126.82992165143732,37.20896472116581,126.82298838310288,37.21131841922589,2024-10-24 16:22:57
1568,50,38,16,,,126.8230226417641,37.21216554870027,126.82364233560715,37.201359062530614,2024-10-24 16:23:15
1569,21,38,16,,,126.81813624268976,37.19535867731004,126.82500974945881,37.201375295912484,2024-10-24 16:23:29
1570,70,21,16,,,126.83765702783077,37.209219173782444,126.81838341863455,37.1967143984548,2024-10-24 16:24:12
1571,50,37,16,,,126.82301193582039,37.21088353702795,126.82187757565589,37.197674076827546,2024-10-24 16:24:25
1572,56,32,16,,,126.83430934290183,37.20471948206335,126.83165770835478,37.20113979736752,2024-10-24 16:24:35
1573,2,1,16,,,126.82151610935932,37.20518369385577,126.81612805879122,37.1979603194392,2024-10-24 16:24:41
1574,50,26,16,,,126.82209530565322,37.21215544734536,126.81888907591855,37.19288206385174,2024-10-24 16:25:41
1575,37,5,16,,,126.8217008136579,37.19737405880804,126.82760135163156,37.205427436135324,2024-10-24 16:25:45
1576,70,50,16,,,126.83760000549223,37.208947938535836,126.82175605152858,37.21156949483669,2024-10-24 16:26:01
1577,50,50,16,,,126.82223558565398,37.21142893186141,126.8215819300275,37.211740935083874,2024-10-24 16:26:12
1578,39,51,16,,,126.82102300736828,37.201137619179775,126.81980090691872,37.21005606202136,2024-10-24 16:26:17
1579,23,50,16,,,126.82129353958014,37.19224331940674,126.82336322211138,37.21075252496716,2024-10-24 16:26:37
1580,54,71,16,,,126.8325219341337,37.20963066194655,126.83936983230511,37.204742822457675,2024-10-24 16:27:01
1581,50,37,16,,,126.82193406928037,37.21072240673046,126.8206017008599,37.19742425498867,2024-10-24 16:27:02
1582,59,50,16,,,126.83309137019684,37.20826940761215,126.82140315561304,37.21201612582524,2024-10-24 16:27:34
1583,23,38,16,,,126.82157538450038,37.192343922711224,126.82424371526082,37.200488274287835,2024-10-24 16:27:36
1584,38,21,16,,,126.82328667574484,37.201676929576834,126.81793959688046,37.19726511951264,2024-10-24 16:27:48
1585,50,48,16,,,126.82257852587881,37.21096673764321,126.82945604643314,37.21506332177025,2024-10-24 16:28:03
1586,27,15,16,,,126.82591823510273,37.200232682395374,126.81720897050023,37.20577720515154,2024-10-24 16:28:27
1587,33,59,16,,,126.82893367713555,37.20062813572989,126.83212329406015,37.20728252645282,2024-10-24 16:28:30
1588,50,60,16,,,126.82262107594578,37.2114633122814,126.83217149467488,37.2123810584927,2024-10-24 16:28:44
1589,9,27,16,,,126.81392115091982,37.205268725747466,126.82733432369886,37.1995025648626,2024-10-24 16:29:16
1590,1,14,16,,,126.81704155977589,37.198675257389795,126.82042034771652,37.20811553392655,2024-10-24 16:29:53
1591,64,71,16,,,126.84263345036801,37.20315342222915,126.84021043052978,37.20473805686617,2024-10-24 16:29:56
1592,37,24,16,,,126.82155257972646,37.19789542930006,126.81854404441856,37.191444455820196,2024-10-24 16:30:14
1593,55,6,16,,,126.82944690461626,37.20915015791975,126.8244172068222,37.203217418706565,2024-10-24 16:30:20
1594,50,37,16,,,126.8221630919416,37.21113299760465,126.82202094358496,37.197093015341814,2024-10-24 16:30:38
1595,47,5,16,,,126.82815072283823,37.20993072009396,126.82731890900446,37.20613824560003,2024-10-24 16:30:50
1596,27,50,16,,,126.82712253535212,37.19953176985825,126.82211803829156,37.21238865279729,2024-10-24 16:31:05
1597,51,26,16,,,126.81917270282743,37.21066722916537,126.8192583206878,37.19399686293296,2024-10-24 16:31:50
1598,51,21,16,,,126.81935695561663,37.21061891373686,126.8195028109785,37.1964996943408,2024-10-24 16:31:54
1599,51,18,16,,,126.8193804653789,37.21003673795917,126.82273740302672,37.19542665258087,2024-10-24 16:32:03
1600,71,34,16,,,126.8394534111023,37.204042333541864,126.82147992611434,37.20387693737587,2024-10-24 16:33:21
1601,54,28,16,,,126.8328342617945,37.21014099080507,126.83011959440569,37.20375753162248,2024-10-24 16:33:46
1602,37,12,16,,,126.82178410422911,37.19769652423714,126.81854537676091,37.20512310316419,2024-10-24 16:34:27
1603,23,50,16,,,126.82145912058147,37.19195786013378,126.82157534983577,37.2112230487408,2024-10-24 16:35:15
1604,72,9,16,,,126.81129541129046,37.20619809625184,126.81388474282713,37.206261531802014,2024-10-24 16:35:23
1605,37,55,16,,,126.82077510225348,37.19705836858189,126.82918521672595,37.20834180572693,2024-10-24 16:36:02
1606,50,26,16,,,126.82313281475578,37.210662811248675,126.81843044288638,37.19383022352016,2024-10-24 16:36:44
1607,64,51,16,,,126.84296157743606,37.20376872095654,126.82027849452442,37.21034219140474,2024-10-24 16:37:43
1608,50,38,16,,,126.82307923279875,37.210604919961874,126.82440345222817,37.20112307856733,2024-10-24 16:38:10
1609,51,21,16,,,126.81953878702852,37.211136793541264,126.81797742500721,37.19573368710233,2024-10-24 16:38:11
1610,48,50,16,,,126.82961426354946,37.21388374414659,126.82304037038794,37.21189737229467,2024-10-24 16:38:26
1611,23,50,16,,,126.82168851398691,37.192222416283954,126.8230683657129,37.211831554765865,2024-10-24 16:38:36
1612,37,33,16,,,126.82180393694834,37.19768382213471,126.82960459273261,37.20028347902386,2024-10-24 16:39:02
1613,50,38,16,,,126.82332842532985,37.21075016641979,126.82392363854157,37.202153141197165,2024-10-24 16:39:31
1614,51,21,16,,,126.81898386551642,37.21073474274249,126.81921504877617,37.19581764755397,2024-10-24 16:40:02
1615,26,38,16,,,126.81891079366932,37.19364562747993,126.82433745583083,37.202063742026745,2024-10-24 16:40:09
1616,47,12,16,,,126.82788543099713,37.21034891384908,126.81993228892449,37.20578714541206,2024-10-24 16:40:48
1617,58,49,16,,,126.83612988966492,37.20945464601301,126.82822910046563,37.21416752268996,2024-10-24 16:41:14
1618,51,26,16,,,126.81935190284611,37.21001865231277,126.81910535518647,37.19273738637091,2024-10-24 16:42:03
1619,23,19,16,,,126.82120837706667,37.192097196216864,126.82942931530486,37.19581017855017,2024-10-24 16:42:12
1620,50,37,16,,,126.82233930701264,37.21069396586992,126.8214458082083,37.19803972185949,2024-10-24 16:42:41
1621,50,37,16,,,126.82306038933969,37.212370635278404,126.82120789971742,37.19691791084334,2024-10-24 16:42:45
1622,70,50,16,,,126.83864623758974,37.21013782085383,126.82216114595107,37.2116482711438,2024-10-24 16:42:59
1623,23,50,16,,,126.81986921758612,37.19111317672253,126.8225643813758,37.212093711073656,2024-10-24 16:43:23
1624,45,7,16,,,126.82563006857744,37.21258250070886,126.82738231181787,37.2073162902371,2024-10-24 16:43:24
1625,26,48,16,,,126.81823330413968,37.19337453496789,126.83041391547528,37.215605944922444,2024-10-24 16:43:26
1626,14,26,16,,,126.81962014272351,37.206905909454164,126.81931323837942,37.194483156529934,2024-10-24 16:43:47
1627,56,30,16,,,126.83446157961073,37.20479923731356,126.83101222059311,37.19838641195329,2024-10-24 16:43:56
1628,37,50,16,,,126.82064560013382,37.19754230935763,126.82253308533865,37.21173792178481,2024-10-24 16:43:57
1629,50,21,16,,,126.82259694767312,37.21234502923726,126.81759583842621,37.195351431338395,2024-10-24 16:44:07
1630,54,32,16,,,126.83211094098988,37.20926668346974,126.83272556229706,37.20115250571521,2024-10-24 16:44:21
1631,50,37,16,,,126.82325689283098,37.21060423927026,126.82225095962033,37.19728870005438,2024-10-24 16:44:22
1632,50,50,16,,,126.82294523244738,37.21237568337967,126.82203576151016,37.211408667201916,2024-10-24 16:44:26
1633,43,16,16,,,126.8228829358175,37.19062886252314,126.82266528148469,37.19268718503033,2024-10-24 16:44:28
1634,47,7,16,,,126.82652652126622,37.2117912995424,126.8272658048284,37.20889856980823,2024-10-24 16:44:34
1635,60,59,16,,,126.83341847033752,37.2130345056252,126.8322426581347,37.206676339883565,2024-10-24 16:44:39
1636,51,37,16,,,126.81891660276676,37.21099421729129,126.82087089142321,37.198295831919495,2024-10-24 16:44:42
1637,23,50,16,,,126.82056876658503,37.19107306502716,126.82158982801529,37.21197553831943,2024-10-24 16:45:54
1638,50,37,16,,,126.82331899567585,37.21054674868508,126.82148965976948,37.19777907263301,2024-10-24 16:46:17
1639,50,37,16,,,126.82228722641969,37.21162074562968,126.82154267923976,37.198299384448966,2024-10-24 16:46:28
1640,17,21,16,,,126.82715271217465,37.197171221030594,126.81820407167297,37.19678597493075,2024-10-24 16:46:28
1641,51,37,16,,,126.8198937630729,37.21016789973408,126.820749845945,37.19837756679175,2024-10-24 16:47:24
1642,50,26,16,,,126.82162890190179,37.21246810467788,126.81773912594521,37.1932686518604,2024-10-24 16:47:35
1643,21,39,16,,,126.8188644398964,37.19615074898956,126.82173315167542,37.20101406458391,2024-10-24 16:47:48
1644,50,37,16,,,126.82179754681499,37.21191444968825,126.82190299360845,37.1968157772992,2024-10-24 16:48:03
1645,23,50,16,,,126.82063754104024,37.19164450630672,126.82222914763723,37.21068501089841,2024-10-24 16:48:34
1646,39,50,16,,,126.82126431173663,37.19935590863231,126.8222050197963,37.21114059660286,2024-10-24 16:48:41
1647,10,52,16,,,126.81789746279344,37.20995075607107,126.83028861438285,37.216729169157524,2024-10-24 16:48:59
1648,49,43,16,,,126.8273083750505,37.21377571413964,126.82349460075251,37.189922359013934,2024-10-24 16:49:29
1649,37,14,16,,,126.82186036990953,37.197074036284256,126.81929028485749,37.20793300987895,2024-10-24 16:49:41
1650,23,50,16,,,126.82055939287159,37.19091301351932,126.82208832086411,37.211754492739814,2024-10-24 16:49:58
1651,2,31,16,,,126.82124045484875,37.20661061418586,126.82972854283582,37.197577759453914,2024-10-24 16:50:00
1652,33,21,16,,,126.82855892918843,37.200643370176856,126.81931753427212,37.19604017073005,2024-10-24 16:50:29
1653,52,30,16,,,126.83116127777808,37.21832445690233,126.83181282956174,37.198679460952,2024-10-24 16:51:17
1654,49,65,16,,,126.82729548473199,37.214078264164236,126.83410336664247,37.20033612367409,2024-10-24 16:51:23
1655,50,72,16,,,126.82254670601516,37.21121600095136,126.81093311651651,37.207258289486575,2024-10-24 16:51:29
1656,13,12,16,,,126.81568611818182,37.20303634171587,126.81956776392359,37.20530704644459,2024-10-24 16:52:43
1657,70,26,16,,,126.8374180076158,37.2099205665122,126.81848829908485,37.193701600749044,2024-10-24 16:53:09
1658,1,26,16,,,126.81668057807333,37.198298428706664,126.81900036468586,37.19442245756579,2024-10-24 16:53:21
1659,51,71,16,,,126.82002166914482,37.21036072371741,126.84007264124332,37.20411840261347,2024-10-24 16:53:33
1660,37,51,16,,,126.82192012776925,37.196835213707196,126.81985377024893,37.211097224011866,2024-10-24 16:53:42
1661,10,37,16,,,126.81789765762552,37.20970265961759,126.82180105038931,37.19730876108986,2024-10-24 16:54:14
1662,14,60,16,,,126.8195105849297,37.20792472851767,126.8327001548991,37.21260066052882,2024-10-24 16:54:32
1663,51,37,16,,,126.82045799233782,37.21141477895864,126.82039150170597,37.198180379384056,2024-10-24 16:54:32
1664,49,57,16,,,126.82811366044571,37.213299363860266,126.83174614774728,37.20424739151496,2024-10-24 16:54:45
1665,50,37,16,,,126.8228542625302,37.21055125755292,126.82110838718089,37.19837979493337,2024-10-24 16:55:08
1666,50,26,16,,,126.82226972771296,37.21213262687369,126.81929722228503,37.19277452176183,2024-10-24 16:56:48
1667,50,55,16,,,126.8225257984379,37.21088774275872,126.82949912166424,37.209387243949955,2024-10-24 16:57:23
1668,54,72,16,,,126.83277299237238,37.20994168920441,126.81080992344842,37.20644466270511,2024-10-24 16:57:30
1669,51,37,16,,,126.81889704518167,37.20994296634216,126.82053523373607,37.198086495183695,2024-10-24 16:57:32
1670,50,38,16,,,126.82294466665181,37.211887241009215,126.82477362247408,37.20044371690838,2024-10-24 16:57:52
1671,51,60,16,,,126.81986282919293,37.21043592809246,126.83335074634996,37.21298719295157,2024-10-24 16:58:07
1672,50,37,16,,,126.82242553409134,37.21095644402561,126.82064444976257,37.19798810912842,2024-10-24 16:58:24
1673,37,51,16,,,126.82094065977722,37.19829130127825,126.81874277862813,37.20978040514167,2024-10-24 16:58:50
1674,37,13,17,,,126.82180823393642,37.196617345033765,126.81639686617274,37.20354337156354,2024-10-24 17:00:06
1675,38,29,17,,,126.82456546481491,37.201233550959984,126.8276294270825,37.20285095793805,2024-10-24 17:00:12
1676,67,46,17,,,126.83508958336003,37.20325554444008,126.82969913391048,37.21242751085799,2024-10-24 17:00:29
1677,72,65,17,,,126.81162595938821,37.206378677631655,126.83448872733874,37.19918105717716,2024-10-24 17:00:36
1678,56,32,17,,,126.83533517503068,37.20601623599093,126.83128456605466,37.20206163059138,2024-10-24 17:00:38
1679,25,64,17,,,126.82149781822571,37.19533165295281,126.84232566725453,37.203001993986206,2024-10-24 17:00:52
1680,51,37,17,,,126.81918966011935,37.21134742453256,126.82132368699808,37.196963854178286,2024-10-24 17:01:46
1681,23,50,17,,,126.82126405198098,37.19126924997837,126.82226682657709,37.21247761643087,2024-10-24 17:02:35
1682,21,33,17,,,126.81934125331543,37.19578400854694,126.82997517471027,37.201259631194674,2024-10-24 17:04:18
1683,23,50,17,,,126.8205325990063,37.19269514842673,126.82232080114149,37.211255948652706,2024-10-24 17:05:27
1684,51,21,17,,,126.82004771608864,37.21130887009735,126.81786316910049,37.19722327149938,2024-10-24 17:05:41
1685,50,50,17,,,126.8230822743846,37.211625506094315,126.82333923104194,37.21057052423421,2024-10-24 17:05:59
1686,50,38,17,,,126.82310916575122,37.21205597529741,126.82371928035603,37.20162033431414,2024-10-24 17:06:07
1687,64,35,17,,,126.84166994315828,37.20352283171918,126.81821108208872,37.20145343188515,2024-10-24 17:06:09
1688,23,18,17,,,126.82177626692524,37.19199285633238,126.82407704038681,37.196081623322414,2024-10-24 17:06:28
1689,50,37,17,,,126.82288390713222,37.21076231504203,126.82187089024004,37.19758437107068,2024-10-24 17:06:38
1690,53,24,17,,,126.83069998444141,37.206051210260846,126.81733963262518,37.19046981337633,2024-10-24 17:06:41
1691,50,38,17,,,126.8228069104648,37.21115097162457,126.82424387040948,37.202044133417836,2024-10-24 17:06:47
1692,50,37,17,,,126.82335634254802,37.21185714928721,126.82216154297599,37.19671881462959,2024-10-24 17:06:57
1693,37,51,17,,,126.82059299893234,37.198160327694985,126.819450121823,37.21000564030093,2024-10-24 17:07:27
1694,1,9,17,,,126.81595309196389,37.1973355589571,126.8138805180767,37.20592819241868,2024-10-24 17:07:33
1695,70,26,17,,,126.83817685954516,37.20921544649075,126.81905469833102,37.19419114339002,2024-10-24 17:07:43
1696,50,50,17,,,126.82257757938548,37.210861842021636,126.8224888177094,37.21086038878803,2024-10-24 17:08:00
1697,50,37,17,,,126.82235662595983,37.21098222451738,126.82216985739463,37.19779957192299,2024-10-24 17:08:06
1698,43,51,17,,,126.82411918250716,37.19038938688562,126.81967858231319,37.210686485511474,2024-10-24 17:08:24
1699,53,38,17,,,126.83021909229956,37.2056483610418,126.82481153477379,37.20093281154825,2024-10-24 17:08:25
1700,26,21,17,,,126.81848436141392,37.1932973426008,126.81844927709096,37.195731329243706,2024-10-24 17:08:29
1701,66,29,17,,,126.83739981885564,37.20386725346339,126.8276296470476,37.20339642641508,2024-10-24 17:09:18
1702,23,50,17,,,126.82040666459626,37.191542169299055,126.8217881448325,37.21080385484596,2024-10-24 17:09:23
1703,38,72,17,,,126.82341463735443,37.200371073295806,126.81254399102859,37.20723726075189,2024-10-24 17:09:28
1704,50,60,17,,,126.82304462978168,37.21109993213435,126.83310043803705,37.21392405753514,2024-10-24 17:09:40
1705,18,20,17,,,126.82275737159733,37.195030170781806,126.81525771849788,37.191648066484426,2024-10-24 17:11:00
1706,51,37,17,,,126.81900164756766,37.21025876207536,126.82112800092999,37.19840850169405,2024-10-24 17:11:11
1707,21,33,17,,,126.817664706225,37.19679089583694,126.82994552205012,37.200690783065646,2024-10-24 17:11:27
1708,43,37,17,,,126.82359320033832,37.190564939191326,126.8211305334809,37.19660246734243,2024-10-24 17:11:38
1709,34,26,17,,,126.82103978510025,37.20380625908901,126.81873681782773,37.19338143352388,2024-10-24 17:12:53
1710,51,37,17,,,126.8198219490608,37.210848279066,126.82128360155565,37.197719145933725,2024-10-24 17:13:09
1711,37,50,17,,,126.82126597417253,37.19739654623008,126.82251355844063,37.21072099017513,2024-10-24 17:13:31
1712,21,33,17,,,126.8183259706072,37.197200513947635,126.82849704623759,37.20014286351052,2024-10-24 17:13:46
1713,51,37,17,,,126.82016001454514,37.20956050522226,126.82165435253485,37.19841432224922,2024-10-24 17:13:54
1714,23,50,17,,,126.82016078678481,37.19104424404127,126.82296984035769,37.211598207875916,2024-10-24 17:13:56
1715,23,50,17,,,126.81996976416274,37.19126574229843,126.82200230011192,37.211950491884714,2024-10-24 17:13:57
1716,50,60,17,,,126.82270460816552,37.21187637429322,126.83196961716122,37.21209868278439,2024-10-24 17:14:19
1717,37,51,17,,,126.82037871079703,37.19679487979476,126.82021299411758,37.20978484792875,2024-10-24 17:14:30
1718,51,18,17,,,126.8192494561852,37.210602955407815,126.82356526936576,37.196147201399164,2024-10-24 17:14:44
1719,21,60,17,,,126.81911177146192,37.196165066514816,126.83387709784684,37.213008363728264,2024-10-24 17:14:55
1720,23,50,17,,,126.82047597568072,37.192486991733155,126.82245799767655,37.21098501164263,2024-10-24 17:15:38
1721,7,62,17,,,126.82661729675651,37.20880263981228,126.83811870694329,37.21312049527468,2024-10-24 17:16:21
1722,18,17,17,,,126.82359668664718,37.19611615566916,126.82596390321996,37.19671121570651,2024-10-24 17:16:32
1723,6,69,17,,,126.82462815567855,37.203494289082954,126.83736358453513,37.20658786850852,2024-10-24 17:17:00
1724,11,55,17,,,126.81341518158249,37.20767187750763,126.83026428270675,37.20816595223749,2024-10-24 17:17:15
1725,26,70,17,,,126.81885629903992,37.19407023133545,126.83823699012999,37.209236686674394,2024-10-24 17:17:25
1726,37,51,17,,,126.82200397776116,37.19838949796176,126.82052060755645,37.210300850029725,2024-10-24 17:17:42
1727,55,50,17,,,126.83077968994644,37.20932745036725,126.82327239478359,37.21084200850838,2024-10-24 17:18:30
1728,18,51,17,,,126.82343741332134,37.19499598554515,126.81876355443852,37.20985273399676,2024-10-24 17:18:39
1729,37,51,17,,,126.82032007997049,37.196552128585935,126.8196650534533,37.20988894938797,2024-10-24 17:18:53
1730,43,43,17,,,126.82278896721893,37.18949918621978,126.82406873190105,37.19001103878567,2024-10-24 17:19:08
1731,50,37,17,,,126.82322550174489,37.21106524184128,126.8213567667308,37.19782582105247,2024-10-24 17:19:19
1732,6,41,17,,,126.82523047437856,37.20442773113885,126.83492107927475,37.19688951895913,2024-10-24 17:19:39
1733,37,21,17,,,126.82060201517939,37.19788968818296,126.81898477559346,37.19609217562048,2024-10-24 17:19:41
1734,39,50,17,,,126.82190831626104,37.20045325268655,126.82313184218565,37.21224023112174,2024-10-24 17:20:03
1735,23,50,17,,,126.82011903255336,37.19198348876527,126.82189395761661,37.21195381014546,2024-10-24 17:20:29
1736,42,46,17,,,126.83254349333627,37.196780101377506,126.83014428750708,37.21290261416968,2024-10-24 17:20:34
1737,21,10,17,,,126.818773091901,37.19623084621198,126.8167649681754,37.20843559172937,2024-10-24 17:21:02
1738,23,42,17,,,126.8206704308784,37.191265914693396,126.8307096631363,37.19560248461658,2024-10-24 17:21:05
1739,48,48,17,,,126.83050603942269,37.21386764358034,126.83139453233822,37.2154381109004,2024-10-24 17:21:13
1740,50,55,17,,,126.82335141321616,37.211545846195044,126.83006296843351,37.20881675073012,2024-10-24 17:21:21
1741,23,38,17,,,126.82114617631383,37.19274916510445,126.8232041458721,37.200454739407824,2024-10-24 17:21:42
1742,49,5,17,,,126.82834449473212,37.214205317781364,126.82633006389796,37.206083867045315,2024-10-24 17:21:49
1743,21,33,17,,,126.81795577627216,37.19646698107748,126.82939767868429,37.20008002149511,2024-10-24 17:22:01
1744,25,17,17,,,126.82097559790427,37.193881655396815,126.82578487107546,37.19607908915309,2024-10-24 17:22:44
1745,51,71,17,,,126.81898732401352,37.21097553103232,126.83960270720632,37.2055848512641,2024-10-24 17:22:46
1746,48,36,17,,,126.83130925464323,37.215225036144794,126.82317724628953,37.19899356785066,2024-10-24 17:23:13
1747,37,51,17,,,126.82189444105123,37.19842249398168,126.82002482131834,37.21130137122368,2024-10-24 17:23:25
1748,70,50,17,,,126.83751817659741,37.208753857409036,126.82218351034952,37.21194538085675,2024-10-24 17:24:09
1749,48,40,17,,,126.8300615779245,37.21399870864,126.83180057863106,37.19306028811116,2024-10-24 17:25:06
1750,37,51,17,,,126.82223454035201,37.19762957345489,126.82055892150944,37.21094211707068,2024-10-24 17:25:38
1751,37,51,17,,,126.82221135678857,37.19764522182791,126.82030720515814,37.211165543994795,2024-10-24 17:25:50
1752,50,38,17,,,126.82266856747026,37.211468896629775,126.82431169447428,37.20118702539859,2024-10-24 17:26:12
1753,34,21,17,,,126.82188045874278,37.202849580598425,126.81861375528796,37.19714486414303,2024-10-24 17:26:14
1754,55,50,17,,,126.8305987194519,37.208473861447104,126.8229568689654,37.21185613744148,2024-10-24 17:26:35
1755,15,33,17,,,126.81628788083101,37.20559850651534,126.82858723452198,37.201083982074486,2024-10-24 17:27:04
1756,21,38,17,,,126.81760064395708,37.19665085836215,126.82360904066302,37.200745248320686,2024-10-24 17:27:27
1757,50,38,17,,,126.8214188669492,37.21212624954966,126.82424168185506,37.20143183276888,2024-10-24 17:27:40
1758,35,66,17,,,126.8198724560551,37.20247828290828,126.836588344025,37.2046467774856,2024-10-24 17:28:05
1759,25,67,17,,,126.82197806621527,37.195488912668814,126.83466350216118,37.2025735140895,2024-10-24 17:28:23
1760,21,33,17,,,126.81760580112898,37.19539876118275,126.82967419242878,37.20130683596268,2024-10-24 17:28:47
1761,23,50,17,,,126.82128329134459,37.19180370715061,126.82301858178806,37.212021162603996,2024-10-24 17:28:51
1762,50,37,17,,,126.82171582000942,37.211859404206265,126.8209719143748,37.196536266728316,2024-10-24 17:29:09
1763,21,33,17,,,126.81800424117363,37.19558448076583,126.82866151649294,37.2003789355162,2024-10-24 17:29:12
1764,62,11,17,,,126.83848016547714,37.21239657293729,126.81378343946035,37.209104757228374,2024-10-24 17:29:12
1765,59,66,17,,,126.8330445853621,37.20835027014841,126.83692144183033,37.203912400059664,2024-10-24 17:29:57
1766,50,37,17,,,126.82196153731094,37.21189242472708,126.8206970196132,37.196713249475536,2024-10-24 17:30:09
1767,6,7,17,,,126.82419115647487,37.20326307294919,126.82735314531826,37.20864668784111,2024-10-24 17:30:25
1768,42,55,17,,,126.83151522094761,37.19702549559909,126.82947326145681,37.209193852295044,2024-10-24 17:30:27
1769,28,63,17,,,126.82883308022285,37.204369850864836,126.83551413281168,37.2107692598128,2024-10-24 17:31:05
1770,49,54,17,,,126.82838175437436,37.21329460842678,126.83210969690094,37.2097871215989,2024-10-24 17:31:26
1771,24,63,17,,,126.81769607866175,37.19032424323975,126.83531913788701,37.21139871441069,2024-10-24 17:31:39
1772,37,51,17,,,126.82146948976893,37.197937426986975,126.82005838474583,37.21009248953273,2024-10-24 17:32:18
1773,50,28,17,,,126.82289480254241,37.212481142275124,126.8295940343119,37.203263446610855,2024-10-24 17:32:19
1774,50,37,17,,,126.82148431840318,37.210859779433946,126.82156094227675,37.19838415723082,2024-10-24 17:32:20
1775,39,50,17,,,126.82180488913471,37.20026873307105,126.82265552068787,37.21050677189445,2024-10-24 17:32:26
1776,39,50,17,,,126.82219863231462,37.201212647994794,126.82284792965828,37.21231091919926,2024-10-24 17:32:30
1777,55,37,17,,,126.82968434988305,37.20830359759319,126.82082474011443,37.19756791986089,2024-10-24 17:33:25
1778,10,26,17,,,126.8175338987117,37.20916081865647,126.81809060836088,37.19277015182706,2024-10-24 17:33:41
1779,34,50,17,,,126.82202511000543,37.203989613617416,126.8219953319053,37.21126609089588,2024-10-24 17:34:10
1780,5,26,17,,,126.8269953620433,37.205649560809526,126.81933531445614,37.19293109603575,2024-10-24 17:34:18
1781,50,50,17,,,126.82331192650315,37.2110976695198,126.82333358036993,37.21084372007222,2024-10-24 17:34:33
1782,70,21,17,,,126.83692054632807,37.209246112365804,126.8179176491292,37.196333888566066,2024-10-24 17:35:04
1783,23,50,17,,,126.82064322193757,37.19237668158463,126.82288047599431,37.212125934756486,2024-10-24 17:35:33
1784,19,3,17,,,126.82929900998501,37.195316853135665,126.82462164798466,37.210560114396586,2024-10-24 17:35:41
1785,18,34,17,,,126.82305814608922,37.19617188555666,126.82073055912153,37.203397031067226,2024-10-24 17:36:29
1786,51,21,17,,,126.81945822937381,37.20992932387237,126.81837679995141,37.1971501927101,2024-10-24 17:37:32
1787,55,51,17,,,126.83068580949207,37.209301750435614,126.81894980915393,37.21037311286769,2024-10-24 17:37:39
1788,56,50,17,,,126.834014458959,37.20611376404257,126.82332837386585,37.21195135222072,2024-10-24 17:38:44
1789,6,8,17,,,126.82431309176583,37.20489361164623,126.825091118377,37.20710285910385,2024-10-24 17:38:51
1790,37,4,17,,,126.82094953229185,37.197976985940926,126.82265306895685,37.20797047803535,2024-10-24 17:39:05
1791,50,38,17,,,126.82276682587683,37.211459510407316,126.82435460628777,37.20050881891749,2024-10-24 17:39:05
1792,64,43,17,,,126.84300337564726,37.202368301402664,126.82325941119996,37.19016675369954,2024-10-24 17:39:16
1793,23,50,17,,,126.82108464267975,37.19168966442681,126.82294195202314,37.21104423524469,2024-10-24 17:39:21
1794,37,51,17,,,126.82034446535587,37.19800201804682,126.82027823782094,37.20984152584709,2024-10-24 17:39:45
1795,23,38,17,,,126.82083548741822,37.191690945172894,126.82417568836429,37.20180334028561,2024-10-24 17:39:56
1796,50,37,17,,,126.82167651081623,37.21136815655421,126.82075074867393,37.19786870454618,2024-10-24 17:40:30
1797,44,64,17,,,126.82027626080551,37.18810727581238,126.84300249237273,37.20407381260954,2024-10-24 17:41:00
1798,39,50,17,,,126.82118110023016,37.200826825824166,126.8232623293946,37.212378683180944,2024-10-24 17:41:49
1799,27,16,17,,,126.82702245356413,37.199962037525054,126.82435050228618,37.19317550585691,2024-10-24 17:43:20
1800,62,44,17,,,126.83893814115416,37.21307122655898,126.82021528307043,37.188790971324295,2024-10-24 17:43:23
1801,26,14,17,,,126.81749561294168,37.19450273470304,126.82045597314175,37.20837400441605,2024-10-24 17:43:45
1802,50,38,17,,,126.82239887116788,37.21183809809485,126.82431481209316,37.200365765963895,2024-10-24 17:43:47
1803,70,50,17,,,126.83860556891484,37.20957058732448,126.82316436198877,37.212371342444726,2024-10-24 17:43:53
1804,50,37,17,,,126.82293107379117,37.21199091414411,126.82160221845332,37.198405931631285,2024-10-24 17:44:33
1805,50,38,17,,,126.82140257900735,37.21139075023718,126.8234129514016,37.20055296770964,2024-10-24 17:44:35
1806,21,48,17,,,126.81887657119128,37.19697304262625,126.82956949587899,37.21448183362913,2024-10-24 17:44:55
1807,50,50,17,,,126.82198057412774,37.21050068480381,126.82241826031563,37.212392942906966,2024-10-24 17:44:55
1808,7,17,17,,,126.82743866284045,37.207398444813954,126.82729699416905,37.19655674287678,2024-10-24 17:44:59
1809,31,5,17,,,126.82811489604512,37.19853331743843,126.82736624395,37.20575796108594,2024-10-24 17:45:14
1810,49,14,17,,,126.82719374156824,37.21386599125403,126.81954761408996,37.20739463002179,2024-10-24 17:45:18
1811,2,35,17,,,126.82213928228126,37.20581918880962,126.81919879877898,37.20285166691362,2024-10-24 17:45:22
1812,23,50,17,,,126.82141633875027,37.19276987459518,126.82182426228138,37.21189306977208,2024-10-24 17:45:23
1813,10,11,17,,,126.81740626509796,37.21017085500688,126.81376042099001,37.20870195209503,2024-10-24 17:45:30
1814,16,9,17,,,126.82346698324818,37.19337104524317,126.81419938936176,37.20457838125236,2024-10-24 17:45:45
1815,18,52,17,,,126.82360535562951,37.195753590200404,126.83092858606246,37.21665512477344,2024-10-24 17:46:04
1816,12,18,17,,,126.81900972271492,37.205288133956735,126.82443278563187,37.19618090746483,2024-10-24 17:46:07
1817,49,55,17,,,126.82795238928095,37.213574325037726,126.83031725086836,37.208404257875834,2024-10-24 17:46:25
1818,68,45,17,,,126.8400455931688,37.2023912316431,126.82541334973926,37.21351093072915,2024-10-24 17:46:41
1819,51,50,17,,,126.81882658346605,37.21051612669988,126.82210501314168,37.21178086865316,2024-10-24 17:46:41
1820,50,26,17,,,126.82337307138117,37.21074744170056,126.81830970972362,37.19394073511363,2024-10-24 17:47:00
1821,67,43,17,,,126.83371220045696,37.20207660746658,126.8239365049731,37.189438802157724,2024-10-24 17:47:38
1822,23,38,17,,,126.82027864694452,37.192769883770794,126.82496240712825,37.201552409790445,2024-10-24 17:48:06
1823,27,50,17,,,126.82702448558493,37.199937909932316,126.82190203556924,37.211791180749316,2024-10-24 17:48:14
1824,56,55,17,,,126.83526516015833,37.206197975615304,126.8299021226423,37.20894900397614,2024-10-24 17:48:17
1825,21,72,17,,,126.81955774377526,37.196415235903615,126.81098478537064,37.207876932141495,2024-10-24 17:48:38
1826,43,40,17,,,126.82413171708671,37.189116877713424,126.8310937224811,37.192952899485505,2024-10-24 17:48:51
1827,23,50,17,,,126.82066146868556,37.1911881945655,126.82198557558685,37.211712216144896,2024-10-24 17:49:15
1828,45,65,17,,,126.82534850980775,37.212344936971384,126.83517237216304,37.200135369508196,2024-10-24 17:49:29
1829,27,24,17,,,126.82658499385651,37.199078642357975,126.81785245574267,37.19155548576771,2024-10-24 17:50:13
1830,39,50,17,,,126.82137304463271,37.19988995546672,126.82217970455397,37.21171403970781,2024-10-24 17:50:13
1831,70,50,17,,,126.8376059761514,37.20980188220593,126.82323759218555,37.212346626407836,2024-10-24 17:50:22
1832,67,60,17,,,126.83552531784495,37.20314957251551,126.83378603202917,37.21400754751563,2024-10-24 17:50:26
1833,37,12,17,,,126.82087694735273,37.19721954415055,126.81988019033524,37.20576271266077,2024-10-24 17:51:04
1834,50,37,17,,,126.8226818501613,37.21089182381172,126.82197302925883,37.197148055263874,2024-10-24 17:51:05
1835,39,38,17,,,126.82122129210443,37.20086900858511,126.82448660048587,37.201556415832435,2024-10-24 17:51:17
1836,11,36,17,,,126.81485898941266,37.207467582438625,126.82384690580862,37.19815635861803,2024-10-24 17:51:34
1837,37,51,17,,,126.82038285960093,37.19662522199528,126.81870911806439,37.21092298652317,2024-10-24 17:51:55
1838,68,53,17,,,126.83928098323182,37.202219877257804,126.83044125533986,37.20544714304533,2024-10-24 17:52:08
1839,23,27,17,,,126.82047752823021,37.19218056353017,126.82739747680442,37.199855765638134,2024-10-24 17:52:39
1840,50,50,17,,,126.82244757896929,37.21108730733121,126.82236025982245,37.210780223767976,2024-10-24 17:53:26
1841,39,50,17,,,126.82149370554566,37.20095251028867,126.82297301569315,37.21075623638414,2024-10-24 17:53:34
1842,6,58,17,,,126.82461873766918,37.203730030318134,126.83448333204416,37.209078624131784,2024-10-24 17:54:05
1843,23,50,17,,,126.82133729373312,37.19175712348933,126.82154583988329,37.211355308249765,2024-10-24 17:54:10
1844,44,48,17,,,126.82133369045962,37.18936151085187,126.83096750811532,37.215607433617414,2024-10-24 17:54:18
1845,50,50,17,,,126.82145766049419,37.211129105840335,126.82268465517305,37.21165067573434,2024-10-24 17:54:38
1846,50,26,17,,,126.82144806190331,37.212156016258305,126.81835790021839,37.19316796929442,2024-10-24 17:54:42
1847,45,66,17,,,126.82458249329957,37.21204837085114,126.83659256092626,37.203489894573664,2024-10-24 17:55:11
1848,50,26,17,,,126.82303514356093,37.21116680276856,126.81881846043505,37.19294891674928,2024-10-24 17:55:18
1849,50,26,17,,,126.82285082532147,37.21095065714207,126.8189052217047,37.19437400628763,2024-10-24 17:55:19
1850,50,38,17,,,126.82150723749776,37.211560688997004,126.82424681184698,37.20199400032051,2024-10-24 17:55:26
1851,39,50,17,,,126.8217519869156,37.199883272211565,126.82331856932554,37.21224738265877,2024-10-24 17:55:28
1852,50,38,17,,,126.8216275528295,37.21208064906015,126.82510021036293,37.20182568882328,2024-10-24 17:55:53
1853,50,26,17,,,126.82196236438212,37.21093192380149,126.81747076940644,37.19446068198388,2024-10-24 17:56:34
1854,70,50,17,,,126.83753022132694,37.20951606222079,126.82203647777486,37.21173157417205,2024-10-24 17:57:54
1855,50,26,17,,,126.82142250581506,37.21081890012545,126.81819801917328,37.19331226172393,2024-10-24 17:57:55
1856,50,37,17,,,126.8219875221877,37.21236966453294,126.82141506148518,37.19773287168154,2024-10-24 17:58:00
1857,50,26,17,,,126.82216298990001,37.21147552297838,126.81867164485162,37.19449646966221,2024-10-24 17:58:29
1858,70,50,17,,,126.83741708918507,37.20877526010011,126.82180550606155,37.21108760375414,2024-10-24 17:58:33
1859,1,51,17,,,126.81685716369319,37.19749024300292,126.82033045695405,37.21003890348277,2024-10-24 17:59:05
1860,23,50,17,,,126.82172075751535,37.19177640662084,126.82336339931004,37.21060472739923,2024-10-24 17:59:22
1861,23,50,17,,,126.82045670911768,37.19155609388319,126.82139145949184,37.211385235455445,2024-10-24 17:59:34
1862,64,51,17,,,126.84341335010515,37.20227486772269,126.82055954758538,37.21077345525639,2024-10-24 17:59:41
1863,23,50,17,,,126.82036968802214,37.191450501745805,126.82290036193689,37.21178771781839,2024-10-24 17:59:53
1864,37,12,18,,,126.82047342455634,37.19833883909335,126.81892419141326,37.205260924695025,2024-10-24 18:00:38
1865,50,37,18,,,126.82199761439743,37.21201355655592,126.82153752458919,37.19752698646551,2024-10-24 18:00:44
1866,11,33,18,,,126.81379892112231,37.208791903219556,126.82899855537376,37.20102240350139,2024-10-24 18:00:55
1867,36,24,18,,,126.8242339980677,37.19903122385819,126.81762631305516,37.18980002875862,2024-10-24 18:00:55
1868,62,72,18,,,126.83765716270095,37.211959272552576,126.81089135785334,37.20781410511016,2024-10-24 18:01:06
1869,54,58,18,,,126.83303923130526,37.21109876451274,126.83540445405511,37.207998350822464,2024-10-24 18:01:33
1870,50,50,18,,,126.82214359763579,37.211674864693784,126.82308342836457,37.21167323008219,2024-10-24 18:01:37
1871,50,37,18,,,126.82170489497894,37.21097957350969,126.82068456656069,37.19663653279703,2024-10-24 18:01:54
1872,50,37,18,,,126.82154945288167,37.21098118398229,126.82035049574355,37.197563849261506,2024-10-24 18:02:12
1873,51,60,18,,,126.82059173210781,37.210509551573665,126.83232308954503,37.212300239279266,2024-10-24 18:02:36
1874,51,37,18,,,126.81926791488348,37.210146333351155,126.8215001136741,37.1972416701719,2024-10-24 18:02:42
1875,23,50,18,,,126.8203971217263,37.19186025362454,126.82326346617367,37.21177974436142,2024-10-24 18:03:06
1876,18,32,18,,,126.82377118170594,37.19544969788882,126.83295947445205,37.20214682244483,2024-10-24 18:03:28
1877,25,50,18,,,126.82005789732493,37.19486025330753,126.82284032752662,37.21121147998239,2024-10-24 18:03:54
1878,39,50,18,,,126.82120614938643,37.20106162892362,126.8229366679274,37.21219917191601,2024-10-24 18:04:04
1879,23,46,18,,,126.82086096065959,37.191758763278656,126.8307924517623,37.21283306341151,2024-10-24 18:04:37
1880,51,26,18,,,126.81942132127928,37.20997962377487,126.81771151673499,37.19270614906099,2024-10-24 18:04:39
1881,42,28,18,,,126.83221301984271,37.195140348555825,126.83006918085076,37.20331431016113,2024-10-24 18:05:15
1882,50,7,18,,,126.82231624636368,37.212133631346376,126.82758521397726,37.20765793549695,2024-10-24 18:05:16
1883,58,28,18,,,126.83529005818991,37.20890410196759,126.829866471322,37.20277055490064,2024-10-24 18:05:18
1884,37,11,18,,,126.82213794345037,37.196958916663895,126.8149107121208,37.208456407678,2024-10-24 18:05:42
1885,55,50,18,,,126.8295343600949,37.20839599226613,126.82312692595193,37.21066393189812,2024-10-24 18:05:42
1886,37,51,18,,,126.8214697594311,37.198214776693064,126.81975562602896,37.20977552468376,2024-10-24 18:05:47
1887,51,21,18,,,126.81960428046274,37.21041721365148,126.81816789755821,37.19568230812142,2024-10-24 18:05:57
1888,37,51,18,,,126.82051581816084,37.19706971053536,126.8193998822629,37.21095445995759,2024-10-24 18:06:10
1889,21,38,18,,,126.81894260422573,37.19668076792368,126.82342946444884,37.20186063973013,2024-10-24 18:06:36
1890,66,24,18,,,126.83787324939887,37.203900751426524,126.81732903131103,37.19156700649218,2024-10-24 18:07:04
1891,22,14,18,,,126.81637801229898,37.19452311056517,126.81964415111547,37.206844713948584,2024-10-24 18:07:15
1892,11,7,18,,,126.81491133716574,37.209172490505665,126.82698967341045,37.20728380333317,2024-10-24 18:07:29
1893,43,28,18,,,126.82403602441806,37.18937020882181,126.8300406113013,37.20254555863607,2024-10-24 18:07:35
1894,37,51,18,,,126.82224228277406,37.197407244861296,126.8206075977241,37.20986843404478,2024-10-24 18:07:40
1895,39,50,18,,,126.82077271279877,37.19982829964406,126.82332301337519,37.21220713808699,2024-10-24 18:09:30
1896,31,71,18,,,126.82827760339447,37.198654621925385,126.83942546967785,37.204351683619265,2024-10-24 18:10:07
1897,60,3,18,,,126.8337637880618,37.21380221390394,126.82447322688223,37.20976498597303,2024-10-24 18:10:16
1898,51,21,18,,,126.82068347380422,37.21055319085315,126.81760656470628,37.19553768492933,2024-10-24 18:10:24
1899,1,4,18,,,126.81694248378267,37.197898721724805,126.8226945040264,37.20769887197578,2024-10-24 18:10:29
1900,51,39,18,,,126.82040232312904,37.210559656582795,126.82223275008427,37.19968500764806,2024-10-24 18:10:48
1901,23,50,18,,,126.82120684759096,37.19199142936663,126.82147026462391,37.210758382148256,2024-10-24 18:11:23
1902,4,59,18,,,126.82169457216125,37.208757905841345,126.83276020685393,37.20835651609059,2024-10-24 18:12:26
1903,62,38,18,,,126.83819690471555,37.21329887262065,126.82479640697423,37.20034845447705,2024-10-24 18:13:02
1904,17,7,18,,,126.82625822540035,37.19762783690465,126.82648330316947,37.208264490892475,2024-10-24 18:13:07
1905,23,50,18,,,126.82013344124637,37.19116125472278,126.82277281766747,37.21093612911924,2024-10-24 18:14:07
1906,69,71,18,,,126.8375035143012,37.2061694740222,126.83944653410893,37.20475081619369,2024-10-24 18:14:27
1907,49,67,18,,,126.82839446838489,37.21344733789392,126.83489456674207,37.20377919908181,2024-10-24 18:14:56
1908,18,53,18,,,126.82367962981726,37.19536134829343,126.83005018378064,37.20631662568268,2024-10-24 18:15:08
1909,37,51,18,,,126.82111501753343,37.19647160545094,126.82000539394267,37.20971414215052,2024-10-24 18:15:18
1910,37,51,18,,,126.82162958161545,37.19826698554637,126.8201243671462,37.21079292170683,2024-10-24 18:15:25
1911,19,49,18,,,126.82796130190701,37.19467451052699,126.82685371972781,37.21274453423473,2024-10-24 18:16:51
1912,24,7,18,,,126.81754957193739,37.1916916212119,126.82759872330953,37.20726392585239,2024-10-24 18:16:59
1913,1,9,18,,,126.81590698320986,37.19752947408483,126.81395921522075,37.205040476815206,2024-10-24 18:17:04
1914,23,19,18,,,126.82133214544857,37.19257629534802,126.82898688122233,37.19572700482955,2024-10-24 18:17:14
1915,50,37,18,,,126.8215349913254,37.21071731543931,126.82195396521627,37.19762998404534,2024-10-24 18:18:25
1916,23,56,18,,,126.82035430484646,37.192647617956844,126.8351935559567,37.20622416192956,2024-10-24 18:18:57
1917,26,17,18,,,126.81929635363977,37.1928811610562,126.82736314422077,37.19684441763103,2024-10-24 18:19:05
1918,13,10,18,,,126.81729151513609,37.2042411475621,126.81650488585451,37.210326776460626,2024-10-24 18:19:11
1919,37,51,18,,,126.82149214020308,37.19713821951923,126.82054130396251,37.20965609107111,2024-10-24 18:19:14
1920,33,58,18,,,126.82864011067494,37.199707877472164,126.83492147413925,37.20781412314079,2024-10-24 18:19:15
1921,50,60,18,,,126.82274412213559,37.21082295968099,126.83314805470572,37.21216671739823,2024-10-24 18:19:48
1922,50,64,18,,,126.82309127927832,37.21122114638658,126.84329791659533,37.20311528124955,2024-10-24 18:19:51
1923,56,32,18,,,126.83460728222633,37.20497198585558,126.83195022460548,37.201584706877625,2024-10-24 18:20:16
1924,18,62,18,,,126.82344839163417,37.19490910248941,126.83846640305578,37.213241381104645,2024-10-24 18:20:46
1925,37,51,18,,,126.82115413745261,37.19671916407693,126.82064734324152,37.21101309060883,2024-10-24 18:21:51
1926,38,36,18,,,126.82505690881032,37.20059615499589,126.82371140426375,37.19934754215283,2024-10-24 18:22:45
1927,23,38,18,,,126.82071039957572,37.19258294809793,126.82499054663471,37.201754364190364,2024-10-24 18:23:42
1928,50,39,18,,,126.82329685221809,37.21200387253523,126.82111337719918,37.20023933723419,2024-10-24 18:24:20
1929,21,38,18,,,126.81829945112737,37.196825457048455,126.82422657240276,37.2018773290564,2024-10-24 18:24:36
1930,54,49,18,,,126.83362901007206,37.21077259275205,126.82717244422906,37.21308959763878,2024-10-24 18:24:40
1931,21,58,18,,,126.81812857509327,37.195819377282895,126.83430754181579,37.20862730903478,2024-10-24 18:25:22
1932,42,20,18,,,126.83076290351903,37.19522355984565,126.81562308232989,37.19261025039051,2024-10-24 18:25:22
1933,51,37,18,,,126.81952105321861,37.20958637022651,126.82201556391267,37.197323788257016,2024-10-24 18:25:30
1934,48,50,18,,,126.82968510005398,37.215699726274536,126.82261746169314,37.21092424216208,2024-10-24 18:25:46
1935,64,28,18,,,126.8428357679435,37.20282353422795,126.82980655991145,37.203841884093656,2024-10-24 18:26:02
1936,38,72,18,,,126.82459869038135,37.20048694788398,126.81219505226537,37.20722989396497,2024-10-24 18:26:15
1937,71,71,18,,,126.83940284817419,37.205943367800785,126.8400899677886,37.20579699927621,2024-10-24 18:26:39
1938,50,50,18,,,126.8233270756582,37.211951889924904,126.82157413384415,37.21190582729626,2024-10-24 18:26:40
1939,51,50,18,,,126.81909360674739,37.21095582243108,126.82201394389683,37.21115795494947,2024-10-24 18:27:05
1940,11,3,18,,,126.81517303375354,37.20826085048175,126.82461810822038,37.210452220463566,2024-10-24 18:27:17
1941,50,50,18,,,126.82238653097801,37.2122935360357,126.82292949454313,37.21150486791082,2024-10-24 18:27:48
1942,43,16,18,,,126.82316165740656,37.19050354899096,126.82252388361272,37.193163387492184,2024-10-24 18:28:05
1943,71,34,18,,,126.83910790726668,37.20405400575299,126.82238967713519,37.2036352670119,2024-10-24 18:28:18
1944,6,57,18,,,126.82519467826637,37.204622980837165,126.8316214105288,37.20388274600451,2024-10-24 18:28:44
1945,40,47,18,,,126.83198238646531,37.19278489271233,126.82680103802838,37.20995886726608,2024-10-24 18:28:44
1946,71,54,18,,,126.84100239427868,37.20447231875766,126.83296075714081,37.20957879530059,2024-10-24 18:29:21
1947,21,38,18,,,126.81947333757176,37.19571255284912,126.82377756166562,37.201046874926604,2024-10-24 18:29:24
1948,5,34,18,,,126.82678492472272,37.20453968531611,126.82142661137785,37.20292216706479,2024-10-24 18:29:59
1949,51,37,18,,,126.81897555923489,37.21071997329632,126.82139821356701,37.19667153615972,2024-10-24 18:30:10
1950,28,30,18,,,126.82907593244799,37.202922598496556,126.83239051075142,37.19909425636757,2024-10-24 18:30:11
1951,68,20,18,,,126.84044258736593,37.2021795674662,126.81637283970298,37.19278245651243,2024-10-24 18:30:19
1952,62,1,18,,,126.83875776599268,37.21324203110047,126.81639409834855,37.19834586972489,2024-10-24 18:30:45
1953,55,51,18,,,126.83003610534585,37.20985509473805,126.81921355919931,37.21075867792957,2024-10-24 18:30:49
1954,44,43,18,,,126.82124884570699,37.1890862535979,126.82327745500857,37.19089673461,2024-10-24 18:31:00
1955,64,15,18,,,126.8418703470546,37.203110245585904,126.81687219512251,37.206712740816066,2024-10-24 18:31:19
1956,51,39,18,,,126.8190552114667,37.2096376272319,126.82240352860407,37.199455601731266,2024-10-24 18:31:44
1957,70,26,18,,,126.83751996056559,37.210440632290506,126.81828103848552,37.19411519301147,2024-10-24 18:32:03
1958,42,53,18,,,126.83204709810566,37.19660250903243,126.82936145286156,37.20669402614831,2024-10-24 18:32:04
1959,7,36,18,,,126.82826728971409,37.208950953882905,126.82392316951031,37.19774191695815,2024-10-24 18:32:43
1960,37,51,18,,,126.8216475883364,37.19727126785104,126.82028166792861,37.21024727782166,2024-10-24 18:33:44
1961,23,50,18,,,126.82155394657546,37.192162510600525,126.8217104106124,37.212443590510375,2024-10-24 18:33:47
1962,7,44,18,,,126.82773007422587,37.2086311963471,126.82111859466478,37.18862771715239,2024-10-24 18:33:49
1963,63,8,18,,,126.83526944418846,37.211572253563325,126.82432095939676,37.20677136722094,2024-10-24 18:34:04
1964,44,16,18,,,126.82038259062591,37.188298639331315,126.82439394869964,37.19272093471851,2024-10-24 18:34:21
1965,71,50,18,,,126.840255304981,37.205628725312025,126.82329769535819,37.21117069355142,2024-10-24 18:35:25
1966,22,34,18,,,126.81498045963777,37.195703678686904,126.82180912924952,37.20243766021056,2024-10-24 18:36:25
1967,64,6,18,,,126.84346469705302,37.203105176749546,126.82524538036355,37.203806786091,2024-10-24 18:37:01
1968,37,51,18,,,126.82128383149966,37.19701708069361,126.81897833480059,37.21109235589977,2024-10-24 18:37:10
1969,62,28,18,,,126.83824511857627,37.21290415240137,126.8289578716021,37.2029135949918,2024-10-24 18:37:16
1970,22,21,18,,,126.81549579025933,37.195500160492784,126.81909865722716,37.19629126988325,2024-10-24 18:37:18
1971,25,24,18,,,126.82030430414213,37.19413641905974,126.81771941784315,37.191509220192394,2024-10-24 18:37:29
1972,38,68,18,,,126.82423638956921,37.20131391703008,126.84047365447202,37.202237793290955,2024-10-24 18:37:30
1973,23,50,18,,,126.82175838313366,37.190914708823726,126.82300844118195,37.2108808955088,2024-10-24 18:38:39
1974,53,55,18,,,126.82996459229638,37.20535954480527,126.83085946879295,37.20887308612653,2024-10-24 18:38:47
1975,58,25,18,,,126.83415294248705,37.20823693053633,126.82123133821904,37.19517448744623,2024-10-24 18:38:56
1976,62,5,18,,,126.83748047740113,37.211550275719304,126.82691780138636,37.20617408069266,2024-10-24 18:39:29
1977,42,26,18,,,126.83061125531773,37.19685634710989,126.8175111308148,37.19325817901444,2024-10-24 18:40:32
1978,12,13,18,,,126.8191160686089,37.20526352478657,126.81653504001261,37.20328662561054,2024-10-24 18:40:45
1979,37,51,18,,,126.82111123576422,37.1967863346863,126.8200689861831,37.211205624234225,2024-10-24 18:40:56
1980,51,55,18,,,126.82009924642473,37.210391979162615,126.82954329958535,37.20906495541599,2024-10-24 18:41:15
1981,34,21,18,,,126.82099518260546,37.20242994278967,126.81848672951978,37.196195662904344,2024-10-24 18:41:29
1982,37,51,18,,,126.82095751803367,37.19805872880114,126.82052713345851,37.20962723425587,2024-10-24 18:42:39
1983,24,68,18,,,126.81786784749023,37.19092286774513,126.8402417695105,37.201339336738485,2024-10-24 18:43:11
1984,16,39,18,,,126.82273838715201,37.19217114538739,126.82103215559242,37.20004147138808,2024-10-24 18:43:18
1985,34,39,18,,,126.82090860548283,37.203995017685486,126.82193796156405,37.200292462167766,2024-10-24 18:44:02
1986,50,60,18,,,126.82291664660089,37.211547087849496,126.8321585444116,37.21290417209424,2024-10-24 18:44:28
1987,26,48,18,,,126.81860560351201,37.19304238091553,126.82984715136025,37.21495255708687,2024-10-24 18:44:38
1988,22,16,18,,,126.81527869244017,37.195896958058114,126.82269473959366,37.19276523278985,2024-10-24 18:44:40
1989,37,51,18,,,126.8207915486162,37.197161828708275,126.8202920318269,37.211233358440005,2024-10-24 18:45:10
1990,51,39,18,,,126.8196264199398,37.20960639537053,126.8222846853451,37.20052387403309,2024-10-24 18:45:40
1991,51,37,18,,,126.81942812927947,37.209677357607234,126.82216483658458,37.19811327499846,2024-10-24 18:46:27
1992,51,37,18,,,126.82064952802244,37.20950474027877,126.82184192794365,37.19653772106145,2024-10-24 18:46:35
1993,57,60,18,,,126.83315460634847,37.20512983578529,126.83372134489879,37.212882779652986,2024-10-24 18:47:01
1994,37,51,18,,,126.82134797247866,37.196958516992176,126.8187837164429,37.20946180494021,2024-10-24 18:47:14
1995,41,10,18,,,126.83399072189337,37.197603880991,126.81794000349797,37.208390956104545,2024-10-24 18:47:29
1996,51,37,18,,,126.81871055063952,37.21106185920034,126.8208420678675,37.198129723279884,2024-10-24 18:47:46
1997,64,55,18,,,126.84336682792713,37.203494231337245,126.8309772759023,37.20982651101295,2024-10-24 18:47:55
1998,37,33,18,,,126.820539206864,37.19659353409774,126.83009905396086,37.20118512636812,2024-10-24 18:48:17
1999,47,51,18,,,126.82838833587087,37.210301765645,126.81887853779793,37.2099630443465,2024-10-24 18:48:25
2000,50,60,18,,,126.82181066856594,37.210963653833296,126.83217787451723,37.21337213115355,2024-10-24 18:49:02
2001,50,60,18,,,126.82330670889073,37.210822607728105,126.83335359054246,37.213041813273904,2024-10-24 18:49:03
2002,16,30,18,,,126.82285984127253,37.19287836107475,126.83195743722736,37.19991603210535,2024-10-24 18:49:51
2003,20,35,18,,,126.81524006313045,37.19209031545521,126.81923685851872,37.20153367711123,2024-10-24 18:50:50
2004,23,50,18,,,126.82093843231591,37.19181167877675,126.82259381093093,37.21128100747702,2024-10-24 18:51:14
2005,31,36,18,,,126.82898233308168,37.19764121245501,126.8238128409674,37.19896395615561,2024-10-24 18:51:23
2006,12,26,18,,,126.81948263789955,37.20464656554613,126.81772686470063,37.19398618772235,2024-10-24 18:51:56
2007,51,21,18,,,126.8197889368526,37.211160304090555,126.81913957223495,37.19728076708004,2024-10-24 18:52:18
2008,51,26,18,,,126.82066695136653,37.21034087142885,126.81887943696928,37.19448465809945,2024-10-24 18:52:41
2009,51,21,18,,,126.81917288600336,37.21078513608113,126.81879043528905,37.19733689183895,2024-10-24 18:52:51
2010,26,38,18,,,126.8185196666598,37.194405724391444,126.82454507905751,37.20176491682955,2024-10-24 18:53:07
2011,70,50,18,,,126.83738594204458,37.20898740249635,126.8219083723134,37.21225972799683,2024-10-24 18:53:23
2012,37,51,18,,,126.82212693656388,37.196427961240765,126.82000637299157,37.20971667502642,2024-10-24 18:53:51
2013,50,37,18,,,126.82147547197414,37.21146812765603,126.82087795638489,37.1966100255815,2024-10-24 18:53:56
2014,23,50,18,,,126.82082107066498,37.1918187133925,126.82189704340752,37.211941672007484,2024-10-24 18:53:58
2015,61,64,18,,,126.83293320335902,37.21676494138962,126.84152391051583,37.20329486175448,2024-10-24 18:54:04
2016,65,42,18,,,126.83363936601967,37.20068603864391,126.83241587736087,37.19514824614215,2024-10-24 18:55:01
2017,35,59,18,,,126.81822327475842,37.20099693546254,126.83166771859466,37.2071457586947,2024-10-24 18:55:09
2018,39,21,18,,,126.82189061894083,37.20073547206705,126.81758241341176,37.19581325898102,2024-10-24 18:55:23
2019,37,51,18,,,126.82141643242613,37.196558230980564,126.81925161703263,37.21133855975909,2024-10-24 18:55:36
2020,37,51,18,,,126.82092425930652,37.19674989259465,126.81880641576083,37.20972841577748,2024-10-24 18:55:40
2021,70,50,18,,,126.83838800353787,37.20982924813087,126.82325860779149,37.21129213078566,2024-10-24 18:56:00
2022,13,36,18,,,126.81651096718109,37.203566010207425,126.82315116362672,37.19906976618815,2024-10-24 18:56:01
2023,58,66,18,,,126.83561875216407,37.20933659271972,126.83700282646026,37.20438138014024,2024-10-24 18:56:13
2024,50,37,18,,,126.8214887174895,37.211261453797256,126.8211091904464,37.1971665599866,2024-10-24 18:56:28
2025,71,63,18,,,126.84091929436488,37.20409181851921,126.83623623264762,37.21113263509697,2024-10-24 18:56:33
2026,56,1,18,,,126.83569864288414,37.20475040385851,126.81704299709587,37.19793435220751,2024-10-24 18:56:41
2027,70,71,18,,,126.83863740861905,37.21034487542701,126.83906372874723,37.20533525815544,2024-10-24 18:57:14
2028,39,26,18,,,126.82160118125024,37.199273214371004,126.81919495243135,37.19444292212069,2024-10-24 18:58:04
2029,23,50,18,,,126.8212299445443,37.19123379469742,126.82172159236607,37.21160481551702,2024-10-24 18:58:11
2030,32,38,18,,,126.83213854173978,37.201098725826114,126.82352966156014,37.20220642255946,2024-10-24 18:58:52
2031,6,34,18,,,126.82361401393204,37.20455357173299,126.82097549854886,37.202624046283525,2024-10-24 18:59:25
2032,63,17,19,,,126.83588344025404,37.211200045844365,126.82708401552306,37.1968056568021,2024-10-24 19:00:24
2033,66,44,19,,,126.83761712372618,37.20451917525702,126.81972409336939,37.18837934150359,2024-10-24 19:00:26
2034,42,68,19,,,126.83248996691874,37.196303403465876,126.83980746075792,37.202339162142394,2024-10-24 19:00:39
2035,70,21,19,,,126.83688690028427,37.209700605446635,126.81889106409041,37.19664371749588,2024-10-24 19:00:45
2036,6,19,19,,,126.82457925902938,37.20439292111568,126.82928134094628,37.194090465425624,2024-10-24 19:00:47
2037,47,56,19,,,126.82712770346846,37.21150263489126,126.83494439181938,37.205310397033166,2024-10-24 19:00:55
2038,30,55,19,,,126.83096528446495,37.198069836997874,126.83043305679904,37.20971754304288,2024-10-24 19:01:06
2039,37,51,19,,,126.82132251748556,37.19737608455873,126.81893131713576,37.21012330277812,2024-10-24 19:01:57
2040,20,56,19,,,126.8151089514134,37.19210211569857,126.83578842591527,37.20609840709098,2024-10-24 19:02:00
2041,37,71,19,,,126.82073828093245,37.19757406471831,126.83960633258756,37.20505291998115,2024-10-24 19:02:26
2042,37,51,19,,,126.82217869010172,37.19771629342572,126.81880094028969,37.20985854865935,2024-10-24 19:03:24
2043,71,33,19,,,126.83935821906154,37.20433765028972,126.82944056890433,37.200977649635334,2024-10-24 19:04:17
2044,25,7,19,,,126.82124068476398,37.194379524464736,126.826507272696,37.20808608089909,2024-10-24 19:04:31
2045,13,36,19,,,126.81628597616063,37.203696182454806,126.82372663425903,37.199180964112735,2024-10-24 19:05:16
2046,34,70,19,,,126.82169734938611,37.20220453556035,126.8381597311069,37.20896448024133,2024-10-24 19:05:19
2047,7,17,19,,,126.8263520120613,37.20817514384561,126.82737244782909,37.19723797856916,2024-10-24 19:05:22
2048,63,42,19,,,126.83601723779695,37.21038381571808,126.83121785076611,37.19641515303676,2024-10-24 19:05:46
2049,46,56,19,,,126.8308184666523,37.211128159880445,126.83489005340829,37.205314273995846,2024-10-24 19:06:24
2050,64,11,19,,,126.84264744353366,37.203897358625355,126.81505453950096,37.20863831912144,2024-10-24 19:06:38
2051,55,37,19,,,126.83082693771767,37.20989858375973,126.82060735060554,37.197617681296954,2024-10-24 19:06:41
2052,32,66,19,,,126.83109489424687,37.200805081085456,126.83658006726975,37.20292873362257,2024-10-24 19:07:00
2053,37,51,19,,,126.82074187159002,37.19791365569759,126.81906872427977,37.21120758523886,2024-10-24 19:07:18
2054,64,13,19,,,126.84286538273213,37.20373442423705,126.81566922205775,37.204186419197185,2024-10-24 19:08:17
2055,51,32,19,,,126.81960472009547,37.21028630837645,126.83258390679404,37.20268281079294,2024-10-24 19:08:23
2056,70,11,19,,,126.83809112752877,37.20940423669635,126.8149630114531,37.207626749022594,2024-10-24 19:08:24
2057,24,25,19,,,126.81737423437654,37.19127157778055,126.82005888299044,37.19424552098055,2024-10-24 19:09:54
2058,67,23,19,,,126.83392646876739,37.20303480561868,126.8202220224438,37.19098684931552,2024-10-24 19:10:26
2059,51,71,19,,,126.82012105894609,37.211326759639206,126.84052151990127,37.20427394504417,2024-10-24 19:10:35
2060,42,60,19,,,126.83231339891132,37.197064134863616,126.83341667076752,37.2123506619036,2024-10-24 19:12:07
2061,39,26,19,,,126.82188537476824,37.20024538537282,126.81796379260635,37.19348120723613,2024-10-24 19:12:38
2062,56,56,19,,,126.83474135431571,37.20514296018376,126.8345187219006,37.20504196564398,2024-10-24 19:13:37
2063,37,51,19,,,126.82063665361244,37.197983645830185,126.81902305739767,37.20997506599911,2024-10-24 19:13:51
2064,64,71,19,,,126.84264065523904,37.2032860064179,126.83932821913294,37.205923213455264,2024-10-24 19:13:59
2065,13,70,19,,,126.81631369026374,37.2040823651739,126.83863533799894,37.20916669917057,2024-10-24 19:14:21
2066,51,50,19,,,126.81988080798389,37.209985423727744,126.82199101717381,37.210606900239675,2024-10-24 19:14:50
2067,37,51,19,,,126.82103189816472,37.198256998199305,126.81993562085317,37.210324252917914,2024-10-24 19:14:56
2068,50,37,19,,,126.82166264042394,37.21181924750137,126.82074948227705,37.197419268174066,2024-10-24 19:15:02
2069,34,50,19,,,126.82224054185076,37.20223784550122,126.82208539356728,37.21192327642799,2024-10-24 19:15:25
2070,61,40,19,,,126.83286665238691,37.215985633977084,126.83212656767722,37.19354167737989,2024-10-24 19:16:33
2071,43,24,19,,,126.82236406317277,37.19000357063896,126.81848971968681,37.1897473303168,2024-10-24 19:16:53
2072,19,42,19,,,126.8282518796379,37.19588799511565,126.8305969602072,37.19517450364101,2024-10-24 19:17:22
2073,20,63,19,,,126.8150679042556,37.19199436920688,126.83577361636664,37.21045836989439,2024-10-24 19:18:16
2074,34,50,19,,,126.82255785469995,37.20345157641621,126.82161917701156,37.21166742008356,2024-10-24 19:18:25
2075,26,63,19,,,126.81760132958806,37.193370165070085,126.83501119873786,37.21061670966681,2024-10-24 19:18:44
2076,30,61,19,,,126.83146669376568,37.19856530809218,126.83366965695254,37.214984523558115,2024-10-24 19:18:45
2077,25,33,19,,,126.82192962306387,37.19504087394495,126.82965696330993,37.20128063585695,2024-10-24 19:18:58
2078,51,37,19,,,126.81871133450534,37.209639770285364,126.82055500884488,37.198278069772236,2024-10-24 19:19:41
2079,45,10,19,,,126.825114843771,37.213252354023986,126.81630334303163,37.2086728718148,2024-10-24 19:19:50
2080,10,30,19,,,126.81769109069891,37.20872592016889,126.8323892396217,37.19938355401013,2024-10-24 19:20:16
2081,58,65,19,,,126.83538971712386,37.20859198478228,126.83421202202726,37.200103230970086,2024-10-24 19:20:17
2082,68,45,19,,,126.84079623860865,37.20198195909814,126.82574774700932,37.21322217787627,2024-10-24 19:20:28
2083,51,44,19,,,126.81882389773246,37.21039303872571,126.82049752560988,37.18856739521436,2024-10-24 19:20:43
2084,34,50,19,,,126.82136679583401,37.20220433110586,126.823004345225,37.21172601494117,2024-10-24 19:20:46
2085,37,51,19,,,126.82141523123192,37.198326592903015,126.81961657299033,37.20962351782992,2024-10-24 19:20:58
2086,51,4,19,,,126.81985369841156,37.209800534459106,126.82282395194785,37.20908872234171,2024-10-24 19:21:06
2087,23,1,19,,,126.82022509874159,37.19112442827301,126.81598320890052,37.19852140431654,2024-10-24 19:21:16
2088,34,50,19,,,126.82221420753952,37.203778036553835,126.82331104669913,37.21227611050021,2024-10-24 19:21:47
2089,26,41,19,,,126.81745246371469,37.19292399140333,126.83332938401492,37.19718382380385,2024-10-24 19:21:51
2090,33,10,19,,,126.82976278009683,37.20138856040516,126.81618621055291,37.20879094485229,2024-10-24 19:22:02
2091,24,27,19,,,126.81826456567147,37.1901400935276,126.82609484022386,37.19922818121258,2024-10-24 19:22:27
2092,38,72,19,,,126.82458055497042,37.20159351086659,126.81064808089062,37.20675195933857,2024-10-24 19:23:43
2093,50,58,19,,,126.82216142662351,37.2122765034808,126.83612096688567,37.20829324317369,2024-10-24 19:23:48
2094,47,44,19,,,126.82704011442738,37.21182672217119,126.82031838790935,37.188950928382766,2024-10-24 19:23:56
2095,55,12,19,,,126.830343550014,37.20860997348838,126.81904563878442,37.20456114334579,2024-10-24 19:24:12
2096,50,37,19,,,126.82331028029334,37.21177798118093,126.82161834971858,37.198177891782954,2024-10-24 19:25:47
2097,11,55,19,,,126.81464442664301,37.208797916487434,126.8308565012466,37.20866244612852,2024-10-24 19:25:48
2098,37,51,19,,,126.82110592341151,37.19788760693029,126.81950004895411,37.21000740091937,2024-10-24 19:26:06
2099,27,45,19,,,126.82567208013548,37.19905790256917,126.82563091667537,37.211617308561365,2024-10-24 19:26:08
2100,21,58,19,,,126.81807686749714,37.19718756903984,126.83582515102461,37.20785440748936,2024-10-24 19:27:18
2101,28,71,19,,,126.82960527946115,37.20255533681219,126.83973019337022,37.20504368389779,2024-10-24 19:27:29
2102,34,50,19,,,126.82204460838697,37.20332805404927,126.82186042106616,37.21154404107757,2024-10-24 19:28:12
2103,60,23,19,,,126.83281871722704,37.213932105522304,126.81986627937614,37.192618238625165,2024-10-24 19:28:42
2104,51,71,19,,,126.82036288485048,37.21012390017155,126.83933085120144,37.204088460623744,2024-10-24 19:29:22
2105,54,22,19,,,126.8318333243012,37.21036392416676,126.81583919296106,37.19469985528555,2024-10-24 19:29:29
2106,56,50,19,,,126.8345536895126,37.20600076571508,126.82274601653965,37.21165684850956,2024-10-24 19:29:45
2107,2,65,19,,,126.82235191310788,37.20533156776958,126.83369683559599,37.19926423018356,2024-10-24 19:29:51
2108,70,26,19,,,126.83863285006983,37.20862479289235,126.8182889584448,37.19445328362831,2024-10-24 19:30:20
2109,23,18,19,,,126.82130759367577,37.1916405966856,126.82396706126666,37.19632077698966,2024-10-24 19:30:27
2110,50,37,19,,,126.82313155985267,37.21247517700666,126.82208140133771,37.196773508207606,2024-10-24 19:30:40
2111,39,51,19,,,126.82050990196994,37.199522572378314,126.81936277304737,37.210368590511834,2024-10-24 19:31:04
2112,72,3,19,,,126.8122152608841,37.20760636674032,126.82536562638023,37.209322774925035,2024-10-24 19:31:22
2113,37,19,19,,,126.82063658152686,37.1980606265996,126.8282835120346,37.19424389819305,2024-10-24 19:31:57
2114,67,57,19,,,126.83469600894205,37.20187653706198,126.83307551556585,37.20434354878891,2024-10-24 19:32:20
2115,34,50,19,,,126.822660836791,37.20337678470642,126.82284110333349,37.211144336401375,2024-10-24 19:32:37
2116,70,21,19,,,126.83815380425771,37.2091196016762,126.81856260947295,37.19726105567189,2024-10-24 19:32:47
2117,18,51,19,,,126.82392122507784,37.19667882468803,126.8197381618592,37.2094294182399,2024-10-24 19:33:02
2118,13,45,19,,,126.81639067178118,37.20429857526505,126.82531567091618,37.21255467055152,2024-10-24 19:33:31
2119,30,71,19,,,126.83156169981284,37.199155570062544,126.83996457711494,37.20538157040925,2024-10-24 19:33:42
2120,59,63,19,,,126.8328728445752,37.20824753722673,126.8352127875604,37.211211187957375,2024-10-24 19:34:23
2121,37,51,19,,,126.82114342786217,37.197091082720384,126.81879293354939,37.21015895048082,2024-10-24 19:34:40
2122,19,71,19,,,126.82829880217649,37.19555675070702,126.84085255837661,37.204718437818165,2024-10-24 19:34:56
2123,23,50,19,,,126.81987331503625,37.19149762871348,126.82202473649626,37.21086032214711,2024-10-24 19:36:12
2124,68,64,19,,,126.84005636619027,37.20169338747723,126.84283287537373,37.203131738059476,2024-10-24 19:37:19
2125,37,51,19,,,126.82112369394056,37.19659173724348,126.81969904553158,37.20972062922268,2024-10-24 19:37:34
2126,5,22,19,,,126.82672225843255,37.20453412305251,126.8149441178858,37.19444864860533,2024-10-24 19:37:44
2127,26,17,19,,,126.81819664451142,37.19431301861812,126.82604118603571,37.19728204264846,2024-10-24 19:39:10
2128,28,59,19,,,126.83036163172996,37.204457229952695,126.83313093329221,37.206946509235046,2024-10-24 19:39:18
2129,4,63,19,,,126.8228416702652,37.209253613659925,126.83487790946397,37.21152906697203,2024-10-24 19:39:23
2130,23,42,19,,,126.82102119932635,37.19161273857281,126.83245164002189,37.19686989733906,2024-10-24 19:40:03
2131,37,51,19,,,126.82128860130133,37.197946808775804,126.82058342746481,37.210046107185825,2024-10-24 19:40:18
2132,37,51,19,,,126.82147564293618,37.19697545511084,126.81891303386925,37.21045662605071,2024-10-24 19:40:33
2133,12,24,19,,,126.8185310823514,37.20403403032067,126.81749088256005,37.19023653802157,2024-10-24 19:40:40
2134,23,19,19,,,126.82021287668421,37.19155921373794,126.82966197847412,37.1947406597689,2024-10-24 19:41:27
2135,38,51,19,,,126.82397796707377,37.20171873699808,126.81913444134312,37.21020515998011,2024-10-24 19:42:20
2136,11,57,19,,,126.81529550693142,37.207303414961935,126.83144528971874,37.20529599909485,2024-10-24 19:42:49
2137,18,50,19,,,126.82278414028933,37.19590230230852,126.82336685332777,37.21245234542341,2024-10-24 19:43:05
2138,7,24,19,,,126.82701767501224,37.208294559760546,126.81892544564742,37.19019199244199,2024-10-24 19:43:18
2139,21,2,19,,,126.81906707011234,37.195931514597824,126.82195717647734,37.20586123217184,2024-10-24 19:44:30
2140,70,21,19,,,126.83784176319324,37.20902089308953,126.8179773832815,37.19674213016837,2024-10-24 19:44:52
2141,50,6,19,,,126.823183707827,37.21221442599629,126.82361820478052,37.20432661994441,2024-10-24 19:45:19
2142,70,21,19,,,126.8375903747769,37.20908989199585,126.8185046085962,37.1969425832346,2024-10-24 19:45:34
2143,65,50,19,,,126.83376964112983,37.200290905874986,126.82281765825634,37.211756992600385,2024-10-24 19:46:07
2144,51,39,19,,,126.82062800768566,37.20971984463372,126.82181307295637,37.20048649533484,2024-10-24 19:46:29
2145,50,7,19,,,126.82265897479287,37.211539131475774,126.82712207020316,37.20732735695111,2024-10-24 19:46:48
2146,39,33,19,,,126.82111465731218,37.199716144038355,126.82868896220143,37.19980469213225,2024-10-24 19:46:57
2147,34,50,19,,,126.82122751326764,37.20379027650033,126.82160098136637,37.21207040174605,2024-10-24 19:46:59
2148,37,51,19,,,126.82056874451743,37.19733164764192,126.82052291527701,37.2104284119488,2024-10-24 19:48:22
2149,22,42,19,,,126.81567848927473,37.194824305282644,126.83208378159148,37.19628268966629,2024-10-24 19:48:58
2150,70,58,19,,,126.83683697332286,37.209456229651124,126.8351343562284,37.20777528365962,2024-10-24 19:49:21
2151,34,26,19,,,126.82144589695139,37.20385879972492,126.81933227428937,37.19433345174438,2024-10-24 19:49:25
2152,50,37,19,,,126.82224081519385,37.2118921258469,126.82043929463353,37.196836218753255,2024-10-24 19:50:35
2153,60,65,19,,,126.83340786217387,37.21285104892266,126.8340648701101,37.200241986719604,2024-10-24 19:52:20
2154,23,58,19,,,126.82030407142572,37.19116495182536,126.83487640005909,37.20788902293107,2024-10-24 19:53:59
2155,15,48,19,,,126.81638417933036,37.20584516448542,126.83075416612883,37.215551150048114,2024-10-24 19:55:11
2156,70,21,19,,,126.83687467451688,37.20938919521095,126.81870509936851,37.19625703740287,2024-10-24 19:55:32
2157,23,20,19,,,126.8201479332413,37.19092165454784,126.81569214281073,37.19151455626409,2024-10-24 19:55:56
2158,38,54,19,,,126.82370538217505,37.20207876778292,126.83324334372745,37.20960488524535,2024-10-24 19:56:15
2159,34,50,19,,,126.82202709944099,37.20379999141951,126.82179115664108,37.21197105023285,2024-10-24 19:57:02
2160,31,8,19,,,126.82991116491065,37.19813247990981,126.82549194446648,37.20763674488584,2024-10-24 19:57:56
2161,71,10,19,,,126.83975308179608,37.20499506777417,126.81679142576446,37.20975071157334,2024-10-24 19:58:46
2162,59,36,19,,,126.83163973216223,37.208045482290316,126.82433330061852,37.19855747513867,2024-10-24 19:59:47
2163,62,52,19,,,126.83855390220384,37.21194206998388,126.83046488949114,37.2173449313732,2024-10-24 19:59:55
2164,51,71,19,,,126.82041268583507,37.20998592020403,126.84059318438905,37.205319308529425,2024-10-24 19:59:59
2165,61,29,20,,,126.83376522649925,37.215801720929775,126.82641716102502,37.202139598681065,2024-10-24 20:00:27
2166,32,4,20,,,126.8314990705713,37.20249301634087,126.82126891798862,37.20779881838406,2024-10-24 20:01:01
2167,38,34,20,,,126.82488382889044,37.2016764880804,126.82214477647986,37.20276091683911,2024-10-24 20:01:06
2168,37,51,20,,,126.82119362566858,37.19730342226998,126.81965508056754,37.21135116011591,2024-10-24 20:01:10
2169,35,61,20,,,126.81953277101982,37.20279346640971,126.8337767452143,37.21549742573399,2024-10-24 20:01:46
2170,14,8,20,,,126.81861679159219,37.208297608959725,126.82482960355743,37.20747729749898,2024-10-24 20:02:33
2171,70,21,20,,,126.83868346920042,37.20940628454735,126.81821173559769,37.19693126764169,2024-10-24 20:02:37
2172,51,32,20,,,126.82053611216594,37.20956689421595,126.8328205742194,37.20264634283331,2024-10-24 20:03:05
2173,23,38,20,,,126.8215970518886,37.191885005279694,126.82504270204717,37.20148525746481,2024-10-24 20:03:52
2174,31,44,20,,,126.82827420289127,37.197326626055165,126.82041594021315,37.1879980410559,2024-10-24 20:03:57
2175,22,63,20,,,126.8152085634668,37.19600702482487,126.83542629683852,37.21085056819961,2024-10-24 20:04:38
2176,26,38,20,,,126.81854943948731,37.19442750614349,126.82333003525207,37.20154457774266,2024-10-24 20:04:49
2177,65,48,20,,,126.834474210485,37.19966580104985,126.8306960812262,37.21429608976688,2024-10-24 20:05:04
2178,39,21,20,,,126.82113601040629,37.199712862490244,126.81922206708668,37.196085591566884,2024-10-24 20:05:17
2179,34,50,20,,,126.8224172863612,37.20217368683829,126.82141707112784,37.211268386194895,2024-10-24 20:05:46
2180,72,43,20,,,126.81256770505215,37.20661386313087,126.82380158337082,37.19085207094505,2024-10-24 20:06:35
2181,64,51,20,,,126.84335492407399,37.20368598017639,126.82047242426142,37.20965927030961,2024-10-24 20:07:28
2182,65,33,20,,,126.83506737230255,37.20094844876681,126.82875915692853,37.20115433793502,2024-10-24 20:07:57
2183,21,60,20,,,126.81767963921786,37.19634029732977,126.83194123421968,37.21309028772489,2024-10-24 20:08:03
2184,56,38,20,,,126.8348820011591,37.205218605617695,126.82350748981904,37.20076697916725,2024-10-24 20:08:05
2185,31,27,20,,,126.82894388843326,37.19770972293592,126.82650544844927,37.198860599595,2024-10-24 20:08:32
2186,50,37,20,,,126.82249325573407,37.21130514868877,126.82049880595446,37.197847570734254,2024-10-24 20:08:42
2187,50,37,20,,,126.82243799353618,37.21153030785955,126.8211054640409,37.197199831973705,2024-10-24 20:09:02
2188,14,70,20,,,126.81961858752655,37.2085817469819,126.8373237230838,37.20893899815572,2024-10-24 20:09:05
2189,51,39,20,,,126.82014207967883,37.21088627540001,126.82212464444675,37.20041802133054,2024-10-24 20:09:11
2190,58,50,20,,,126.83523740635576,37.20765060662514,126.82171707901003,37.21151791001726,2024-10-24 20:09:37
2191,37,61,20,,,126.8215727029692,37.198166082076135,126.83342963174104,37.21529033404774,2024-10-24 20:10:01
2192,71,54,20,,,126.84073679733518,37.20574443583216,126.83300784002829,37.21094355263988,2024-10-24 20:12:17
2193,38,21,20,,,126.82488998883066,37.20168859520923,126.81766059237408,37.19650265427395,2024-10-24 20:12:34
2194,50,37,20,,,126.82313218556625,37.2123002586117,126.82050232435826,37.19645462821437,2024-10-24 20:13:31
2195,34,50,20,,,126.82239098858877,37.20387834518057,126.82198925257438,37.21154250357133,2024-10-24 20:13:53
2196,19,2,20,,,126.82881365485876,37.195175568895856,126.82216882111125,37.20557384086568,2024-10-24 20:14:09
2197,45,8,20,,,126.82605993133905,37.21271244073139,126.82508443945791,37.20721124234976,2024-10-24 20:15:19
2198,34,50,20,,,126.82200795405831,37.20345093063371,126.82160785144202,37.21140803964601,2024-10-24 20:16:02
2199,23,18,20,,,126.82167705323538,37.19249951247535,126.82351967866026,37.195689086606606,2024-10-24 20:16:28
2200,32,30,20,,,126.83125865825845,37.20274268233987,126.83209021047014,37.198726566070334,2024-10-24 20:16:40
2201,37,51,20,,,126.82188126566105,37.19798845628642,126.81894327757337,37.210635387481965,2024-10-24 20:17:06
2202,57,37,20,,,126.83273036429021,37.20553973215078,126.82159361389134,37.198272635416295,2024-10-24 20:17:42
2203,36,51,20,,,126.82412695109521,37.19912481971944,126.81937655351764,37.21093389356329,2024-10-24 20:17:55
2204,24,19,20,,,126.81719417661739,37.19101901267552,126.82826721163232,37.194877640151795,2024-10-24 20:17:57
2205,50,37,20,,,126.82280213792122,37.21203153278995,126.82046273740752,37.19736332424856,2024-10-24 20:17:58
2206,56,32,20,,,126.8351396847026,37.20579319493879,126.83156880768311,37.20094543779189,2024-10-24 20:18:59
2207,53,6,20,,,126.82895623467402,37.2071864344958,126.82407491706786,37.20372982992885,2024-10-24 20:19:04
2208,55,27,20,,,126.82962370606195,37.208758116624466,126.82591593586154,37.19894189035918,2024-10-24 20:19:28
2209,43,27,20,,,126.82409745545269,37.19091905117876,126.8268476190319,37.198636129307296,2024-10-24 20:19:51
2210,34,11,20,,,126.8222685546965,37.2039371007308,126.81463319899345,37.20784250014494,2024-10-24 20:20:39
2211,1,61,20,,,126.81525268577668,37.19892423749378,126.83308791940537,37.21650364012502,2024-10-24 20:20:40
2212,37,51,20,,,126.8203379590845,37.197565768975565,126.81923215944674,37.20996792889333,2024-10-24 20:23:02
2213,34,26,20,,,126.822119141236,37.20385509751054,126.81791271192088,37.1937714341389,2024-10-24 20:23:39
2214,7,70,20,,,126.82796120484485,37.20820054262504,126.8368777768875,37.208674669241574,2024-10-24 20:23:45
2215,50,3,20,,,126.82200900692466,37.21096229507943,126.82522655747248,37.21071088833924,2024-10-24 20:24:42
2216,71,33,20,,,126.83952484520627,37.205250709299754,126.82937519565226,37.20036319041524,2024-10-24 20:25:57
2217,34,50,20,,,126.82079696898576,37.20282357325516,126.82174822776607,37.210911973916545,2024-10-24 20:26:07
2218,39,51,20,,,126.82133738297469,37.1993816914163,126.81874405395098,37.209985557932335,2024-10-24 20:28:23
2219,72,45,20,,,126.81129266124223,37.20811472636012,126.82429594376211,37.2129064723413,2024-10-24 20:28:38
2220,50,37,20,,,126.82167617132231,37.21151056555124,126.82202362914974,37.197412004179874,2024-10-24 20:28:44
2221,34,50,20,,,126.82202894279894,37.20311923063074,126.82290536679449,37.21056312587409,2024-10-24 20:29:25
2222,15,54,20,,,126.81623766244387,37.20688065523827,126.83254001444162,37.210677782306924,2024-10-24 20:29:52
2223,32,23,20,,,126.83108666462596,37.201107691677386,126.82112385303934,37.1914924569705,2024-10-24 20:29:56
2224,50,6,20,,,126.82313982773042,37.21196611033552,126.82409665186451,37.203858895182975,2024-10-24 20:30:22
2225,72,51,20,,,126.81196309286906,37.20808863312856,126.81949084336732,37.21011454628109,2024-10-24 20:31:43
2226,43,17,20,,,126.82286183620619,37.190943393251125,126.82614222327322,37.195831955052356,2024-10-24 20:32:07
2227,3,16,20,,,126.82420116028105,37.20997777823241,126.82351142522107,37.19329069355465,2024-10-24 20:32:12
2228,48,50,20,,,126.83047550533782,37.21506226922524,126.82176942136243,37.21113439238707,2024-10-24 20:32:14
2229,10,37,20,,,126.81647324625345,37.20898558110168,126.82209528320068,37.197967090348165,2024-10-24 20:32:31
2230,71,58,20,,,126.83983983374429,37.205582148884936,126.83509499757436,37.2081729103455,2024-10-24 20:33:27
2231,64,55,20,,,126.84324556223608,37.20277959142245,126.83044981694518,37.21009867097947,2024-10-24 20:33:40
2232,70,21,20,,,126.83721587913556,37.209104728646054,126.81947834671668,37.1970946007383,2024-10-24 20:33:54
2233,29,57,20,,,126.82715415991699,37.20241572609431,126.83183026338367,37.20442515212856,2024-10-24 20:33:54
2234,34,50,20,,,126.82124873503045,37.20372689716763,126.82198019986691,37.21167699398907,2024-10-24 20:34:03
2235,50,28,20,,,126.82210396816414,37.21065340121198,126.8289990451123,37.203449629460465,2024-10-24 20:34:31
2236,51,71,20,,,126.82048586309084,37.2095869681128,126.83979516144998,37.205175763105004,2024-10-24 20:34:46
2237,67,66,20,,,126.83383257694092,37.20317138724666,126.8381543408997,37.20428381671824,2024-10-24 20:35:00
2238,34,21,20,,,126.82134585578368,37.20384020370838,126.81778543754358,37.19642571119213,2024-10-24 20:35:57
2239,16,8,20,,,126.82288205639895,37.193491037623396,126.82487476828156,37.20711480949218,2024-10-24 20:36:04
2240,50,37,20,,,126.82319790564688,37.21099040153524,126.82159255197288,37.19777181396524,2024-10-24 20:36:42
2241,46,11,20,,,126.83090587157608,37.21239426627463,126.81342877425998,37.20831264611447,2024-10-24 20:36:47
2242,26,66,20,,,126.81761207338216,37.19348523354788,126.83657791831432,37.20435460111904,2024-10-24 20:37:38
2243,34,50,20,,,126.82145291785565,37.202475786019164,126.82166329663649,37.21213327309408,2024-10-24 20:37:44
2244,20,18,20,,,126.81627262096953,37.193153879441724,126.8239721807434,37.19556674871567,2024-10-24 20:38:08
2245,26,17,20,,,126.81875932589064,37.194336338309,126.82547634359601,37.197300788687315,2024-10-24 20:38:29
2246,53,47,20,,,126.82981282475647,37.20633225358051,126.82838152254246,37.210863591716446,2024-10-24 20:38:30
2247,37,51,20,,,126.82193274625969,37.1977451566631,126.81958228211911,37.211114574466365,2024-10-24 20:38:48
2248,63,4,20,,,126.83524709857264,37.211127435330866,126.82206330756685,37.20793740847783,2024-10-24 20:38:59
2249,49,45,20,,,126.82723751644457,37.21324888659436,126.82559959223097,37.212067782647104,2024-10-24 20:39:16
2250,59,3,20,,,126.83336736097073,37.20818286020217,126.82543839521054,37.20984575413615,2024-10-24 20:40:51
2251,39,4,20,,,126.82070275927136,37.19970829878828,126.82138197393878,37.208698926950454,2024-10-24 20:40:59
2252,50,37,20,,,126.82195314455144,37.21102107158234,126.82042375858175,37.197051292389034,2024-10-24 20:41:20
2253,41,23,20,,,126.83390577189692,37.197772284202486,126.82111739156034,37.19160939714542,2024-10-24 20:41:26
2254,37,51,20,,,126.82216733324061,37.19752649945253,126.8192106786645,37.21030026816252,2024-10-24 20:41:39
2255,71,17,20,,,126.83941164368346,37.204405750474734,126.82593176707431,37.196605958938456,2024-10-24 20:41:43
2256,31,30,20,,,126.82882563861163,37.19881535475234,126.8316480944897,37.19831822002628,2024-10-24 20:42:01
2257,70,21,20,,,126.83709248254448,37.20855547047524,126.81946300593702,37.19609529095686,2024-10-24 20:42:49
2258,51,37,20,,,126.82036427409223,37.21031889655952,126.82121495876198,37.19700218599438,2024-10-24 20:43:03
2259,51,71,20,,,126.8193355384993,37.21032644344094,126.84050048000394,37.204342101055765,2024-10-24 20:44:19
2260,32,50,20,,,126.83149962348075,37.200900112389405,126.82236923267602,37.211587806066326,2024-10-24 20:44:49
2261,7,17,20,,,126.82656027624762,37.208082423990845,126.82731600863988,37.19641779346602,2024-10-24 20:44:58
2262,18,50,20,,,126.82278771772573,37.194881404820954,126.82138984674354,37.21078163886146,2024-10-24 20:45:38
2263,70,21,20,,,126.83775896401801,37.208930885905005,126.81795089091318,37.19631188718686,2024-10-24 20:45:58
2264,37,19,20,,,126.82224252898337,37.19699844066353,126.8287138591607,37.195104351517415,2024-10-24 20:46:16
2265,37,51,20,,,126.82043182040188,37.198325538175055,126.8197802738603,37.2099192543607,2024-10-24 20:46:35
2266,44,54,20,,,126.82001954668505,37.18866604724823,126.83173708748167,37.21085492803272,2024-10-24 20:48:39
2267,38,26,20,,,126.82507225585987,37.2007756172836,126.81930370888634,37.19451163285204,2024-10-24 20:48:58
2268,37,21,20,,,126.82129857238954,37.19756020981984,126.81833926327089,37.195667970582136,2024-10-24 20:49:05
2269,45,6,20,,,126.82558952907479,37.21188178533358,126.8253030413441,37.20443355701898,2024-10-24 20:49:34
2270,19,1,20,,,126.8293227561623,37.19595031598565,126.81549653935937,37.19813359262609,2024-10-24 20:49:49
2271,8,14,20,,,126.82380961783743,37.206268952947916,126.82033949602119,37.206816446124805,2024-10-24 20:50:01
2272,33,44,20,,,126.83010955372839,37.20129263253592,126.82047689292077,37.189695462070105,2024-10-24 20:50:11
2273,31,16,20,,,126.829054567948,37.19688647536688,126.823251920395,37.192647942767486,2024-10-24 20:50:22
2274,37,51,20,,,126.82073720048002,37.19840882986436,126.8192560650092,37.211234814317784,2024-10-24 20:50:54
2275,37,12,20,,,126.8204791670766,37.196537840897584,126.8196900056294,37.204564882800085,2024-10-24 20:51:21
2276,31,48,20,,,126.8296765829546,37.1986269563152,126.83141671081495,37.21487997093036,2024-10-24 20:51:22
2277,13,27,20,,,126.81740793312225,37.204654331807106,126.82613051043805,37.198708912025026,2024-10-24 20:51:35
2278,26,6,20,,,126.81910968458881,37.19385436283259,126.8235385064494,37.203606367266744,2024-10-24 20:51:42
2279,26,5,20,,,126.8177616108453,37.19264647451588,126.82673666750854,37.20584954147153,2024-10-24 20:52:12
2280,18,54,20,,,126.82381440102728,37.1955050473306,126.83204249713702,37.20933740472548,2024-10-24 20:52:51
2281,31,10,20,,,126.82915859299239,37.19847301197766,126.81737405954546,37.21005885128279,2024-10-24 20:53:22
2282,50,37,20,,,126.82251805868091,37.21133821413498,126.82051130918487,37.19807717154665,2024-10-24 20:53:40
2283,37,51,20,,,126.82199885741052,37.196975892396296,126.81995534110446,37.209673834090374,2024-10-24 20:53:42
2284,11,55,20,,,126.81512549987097,37.20773036768858,126.83077149516217,37.20846051239656,2024-10-24 20:54:18
2285,44,7,20,,,126.82102134518668,37.18860415328697,126.82786836660486,37.20851564301015,2024-10-24 20:55:09
2286,55,50,20,,,126.83075131779192,37.2100026217967,126.82224044947704,37.211962483441354,2024-10-24 20:55:34
2287,21,72,20,,,126.81942122785846,37.19722410788063,126.81204841377755,37.20667876576844,2024-10-24 20:56:04
2288,51,18,20,,,126.81987762075195,37.21121609691439,126.82470950754939,37.19592225177828,2024-10-24 20:56:18
2289,37,3,20,,,126.82199223125056,37.1976666647535,126.82569754415904,37.21033131999509,2024-10-24 20:56:36
2290,14,53,20,,,126.81881916268105,37.20666292416121,126.8296614567315,37.20551222031041,2024-10-24 20:57:23
2291,70,21,20,,,126.83849400327789,37.20965586987129,126.81947504629005,37.19659503443581,2024-10-24 20:57:26
2292,37,51,20,,,126.82107796844366,37.19753682053178,126.81885375853412,37.21057852977575,2024-10-24 20:57:38
2293,30,7,20,,,126.83123055510329,37.19968382837018,126.82635413994758,37.20889404924494,2024-10-24 20:58:00
2294,70,21,20,,,126.83724711134906,37.209986096502575,126.81855806350404,37.19621151040583,2024-10-24 20:58:30
2295,50,37,20,,,126.82224221390125,37.21056866501259,126.82224061363483,37.197803696841135,2024-10-24 20:59:21
2296,20,29,20,,,126.81482571680289,37.19158877147672,126.82644993994614,37.20296529227817,2024-10-24 20:59:39
2297,70,50,21,,,126.8371940820532,37.209163210318,126.82245483716119,37.21188860401886,2024-10-24 21:00:22
2298,51,26,21,,,126.82019096227287,37.20974357535872,126.81822834674956,37.19286008452511,2024-10-24 21:00:55
2299,45,71,21,,,126.82572480844033,37.21161111952946,126.83935910874645,37.20519840025359,2024-10-24 21:01:22
2300,37,51,21,,,126.8217709902907,37.198114567635386,126.8196976633888,37.21047249989517,2024-10-24 21:02:27
2301,18,61,21,,,126.82417761303685,37.19522562705785,126.83375747925173,37.21550467225382,2024-10-24 21:03:43
2302,51,21,21,,,126.81954606879916,37.21126184991311,126.81783124616734,37.195497881730915,2024-10-24 21:05:33
2303,50,37,21,,,126.82171788559766,37.210691291745285,126.82124036959137,37.198153259140014,2024-10-24 21:05:42
2304,41,54,21,,,126.83424481965292,37.19634900944274,126.83313716608765,37.21060045297827,2024-10-24 21:05:47
2305,51,26,21,,,126.81954302919765,37.209497513025816,126.81895945149087,37.192869134751746,2024-10-24 21:07:45
2306,54,9,21,,,126.83226033573787,37.21006443329886,126.81445589860044,37.20628584734503,2024-10-24 21:08:01
2307,2,12,21,,,126.82189934085214,37.206416992323675,126.81922576033489,37.20539810429392,2024-10-24 21:08:44
2308,46,61,21,,,126.83114920619396,37.211127533390325,126.8328735915323,37.21597739150347,2024-10-24 21:13:50
2309,50,37,21,,,126.82218576431796,37.21066829123048,126.82130755800524,37.19809974450343,2024-10-24 21:17:03
2310,59,71,21,,,126.83185657124722,37.20742428007846,126.84048436323259,37.2052166561733,2024-10-24 21:19:48
2311,21,33,21,,,126.81801930129247,37.19623814553622,126.82938629957364,37.20141702681578,2024-10-24 21:21:03
2312,50,37,21,,,126.82304802101679,37.211981535933845,126.82163874186857,37.19649662313109,2024-10-24 21:21:15
2313,14,34,21,,,126.82008908929046,37.20742646342285,126.82122953665204,37.202904645316735,2024-10-24 21:21:40
2314,72,50,21,,,126.81189181267804,37.2063654312091,126.82151291817553,37.211689422597196,2024-10-24 21:22:35
2315,36,49,21,,,126.82337626403748,37.19816733657176,126.82862948604615,37.214129424675555,2024-10-24 21:25:31
2316,39,50,21,,,126.82074681869308,37.20054945698537,126.82191937149459,37.21198156514815,2024-10-24 21:25:47
2317,50,37,21,,,126.82290477493824,37.212403428443224,126.82116528737318,37.19785276117847,2024-10-24 21:26:52
2318,6,43,21,,,126.8234506077403,37.204509576725656,126.82270392248064,37.189594281880886,2024-10-24 21:28:07
2319,49,48,21,,,126.82868323111316,37.21284888076668,126.83040153238014,37.214865866224805,2024-10-24 21:29:19
2320,50,60,21,,,126.82240823640359,37.21191825001896,126.83388165998086,37.213726517499374,2024-10-24 21:31:29
2321,51,37,21,,,126.820443094844,37.20969911990838,126.82027926371873,37.197259898397945,2024-10-24 21:33:15
2322,66,71,21,,,126.83731401595452,37.204116977132585,126.83971576797751,37.204409890795546,2024-10-24 21:35:27
2323,59,57,21,,,126.83322673775113,37.20702254988274,126.83155531802562,37.20468974176865,2024-10-24 21:35:40
2324,50,37,21,,,126.82200059381226,37.21071841057837,126.8215205743253,37.19671114623028,2024-10-24 21:38:26
2325,50,37,21,,,126.82217407140888,37.212450894865135,126.82100038992017,37.196887834806574,2024-10-24 21:39:26
2326,50,37,21,,,126.82139051771168,37.211313582241964,126.8217708225278,37.197804398388435,2024-10-24 21:40:52
2327,24,56,21,,,126.81903018429269,37.19079208329388,126.8346671059651,37.20468515467935,2024-10-24 21:41:17
2328,26,38,21,,,126.81777407101472,37.192626120995655,126.82513928286903,37.20139065776674,2024-10-24 21:44:42
2329,50,34,21,,,126.82186860224778,37.211566921482444,126.82170220766635,37.20208867182022,2024-10-24 21:47:58
2330,46,12,21,,,126.82999292921596,37.212104566536475,126.81996601769808,37.2054516051063,2024-10-24 21:50:14
2331,67,2,21,,,126.83538919228194,37.20326748480866,126.82198062029198,37.205140307253906,2024-10-24 21:50:58
2332,39,50,21,,,126.82055198834182,37.20061504512953,126.82300536585626,37.21200034445943,2024-10-24 21:52:43
2333,23,60,21,,,126.82170919072405,37.192043695052966,126.83255551761606,37.213235819621836,2024-10-24 21:53:13
2334,24,60,21,,,126.81895408429537,37.19112200971483,126.83300193764389,37.213542895780286,2024-10-24 21:53:16
2335,46,32,21,,,126.83023539267876,37.211575628416355,126.83154732524963,37.200793368624915,2024-10-24 21:53:34
2336,38,39,21,,,126.82348273928824,37.20128951233301,126.82094444279254,37.19984183793856,2024-10-24 21:54:01
2337,50,38,21,,,126.822379005105,37.21147796745156,126.82364032695115,37.20223866300869,2024-10-24 21:54:15
2338,67,6,21,,,126.83431977598975,37.202774965132186,126.82433366951848,37.20349358442567,2024-10-24 21:56:37
2339,31,56,21,,,126.82980966694157,37.19792168326197,126.8355113004976,37.20510158822959,2024-10-24 21:57:13
2340,50,37,21,,,126.82184423368861,37.21163379208622,126.82076479436509,37.19795842066907,2024-10-24 21:57:19
2341,14,23,21,,,126.81859263472553,37.20816966104302,126.82033664564129,37.19233671935767,2024-10-24 21:58:05
2342,34,45,22,,,126.82268631233676,37.20362097658757,126.82567101305904,37.21176431249942,2024-10-24 22:00:10
2343,37,28,22,,,126.82187521544192,37.19669755356541,126.82948172359838,37.203332131897994,2024-10-24 22:03:33
2344,37,51,22,,,126.82194512910898,37.19819017492901,126.82058564461339,37.21133010937673,2024-10-24 22:05:20
2345,37,26,22,,,126.82121167466786,37.196710270375114,126.81750871908646,37.192528184317794,2024-10-24 22:10:00
2346,15,11,22,,,126.81599131361467,37.20604883242985,126.8145005453756,37.208850902278726,2024-10-24 22:12:10
2347,50,37,22,,,126.82173738537233,37.21126542850631,126.82028209151058,37.197918860701286,2024-10-24 22:13:02
2348,57,22,22,,,126.83133788068128,37.20411046866361,126.81495369041299,37.19540650159074,2024-10-24 22:17:16
2349,6,30,22,,,126.8252157040855,37.20370350801595,126.8322336910569,37.19878326007287,2024-10-24 22:18:44
2350,37,51,22,,,126.82049533965981,37.19742435392144,126.81944928385097,37.210539679400554,2024-10-24 22:20:39
2351,50,37,22,,,126.8218069340937,37.211957496681535,126.82225654689287,37.19754319175658,2024-10-24 22:23:37
2352,37,51,22,,,126.82199302354438,37.19677962852817,126.8202361543141,37.21113013375653,2024-10-24 22:23:46
2353,10,71,22,,,126.81681671383105,37.209587264211784,126.84013744761903,37.204498155299994,2024-10-24 22:25:04
2354,50,37,22,,,126.82238496088469,37.21233212787526,126.82080680232728,37.19644959271623,2024-10-24 22:25:10
2355,63,49,22,,,126.83614597948936,37.210332104148996,126.82822185079193,37.212969139477714,2024-10-24 22:25:13
2356,37,51,22,,,126.82097072993122,37.19783609289402,126.81932860859645,37.21109668798185,2024-10-24 22:26:19
2357,50,37,22,,,126.82176915138572,37.21122249643033,126.82091764975664,37.19759598052729,2024-10-24 22:30:10
2358,61,9,22,,,126.83341552707243,37.216324861137345,126.81331030684623,37.20553308158412,2024-10-24 22:32:19
2359,5,68,22,,,126.82652950818932,37.205334328893194,126.84068660507363,37.202430487932276,2024-10-24 22:43:26
2360,50,51,22,,,126.82233684390981,37.211050416511284,126.82008566289815,37.2095072239056,2024-10-24 22:44:11
2361,14,61,22,,,126.81965630645733,37.20700918147759,126.83255331302168,37.21503094170601,2024-10-24 22:45:00
2362,37,51,22,,,126.82163148183739,37.198001533822605,126.81956549149349,37.210535199299485,2024-10-24 22:47:27
2363,57,54,22,,,126.8332178898353,37.20541727068078,126.83265248939514,37.2104579546593,2024-10-24 22:49:01
2364,21,62,22,,,126.8187279926242,37.19610876587514,126.83825278227178,37.21306218405016,2024-10-24 22:52:17
2365,27,53,22,,,126.82686131712484,37.20005958978735,126.82918105089108,37.207115357785284,2024-10-24 22:55:06
2366,37,51,22,,,126.82054651466702,37.19697907724311,126.81957795838368,37.210293875614745,2024-10-24 22:56:54
