idx,o,d,hour,o_h3,d_h3,o_x,o_y,d_x,d_y,time
0,26,37,7,,,126.81833035564587,37.193725579746825,126.8209867082015,37.1966473391618,2024-10-24 07:00:02
1,42,70,7,,,126.83254779273872,37.1960319642007,126.83696525464134,37.210531722194446,2024-10-24 07:00:38
2,17,58,7,,,126.82563472293225,37.19713020706211,126.83563483506843,37.20922823150239,2024-10-24 07:00:47
3,10,17,7,,,126.8164754988996,37.20852565281946,126.82652810957215,37.196973677699695,2024-10-24 07:02:02
4,70,32,7,,,126.83721745456387,37.21043875276417,126.83130399046125,37.200787264756414,2024-10-24 07:02:07
5,41,70,7,,,126.8340742501576,37.19743471829944,126.83786429863021,37.20970687387732,2024-10-24 07:02:42
6,58,19,7,,,126.83508335215768,37.20794833969028,126.82801184557697,37.1957343041464,2024-10-24 07:03:09
7,35,32,7,,,126.81910820527494,37.202131718985804,126.83111355631549,37.20224245584254,2024-10-24 07:03:59
8,11,32,7,,,126.81378170780339,37.207348782083976,126.83115880972352,37.20132528064898,2024-10-24 07:04:44
9,56,41,7,,,126.83575027142055,37.20654066826489,126.83456257527945,37.19744226609867,2024-10-24 07:04:46
10,32,59,7,,,126.83155618029761,37.20177481696139,126.8325261154274,37.20734860659559,2024-10-24 07:04:50
11,31,58,7,,,126.8290622021968,37.197021592542754,126.83565428379976,37.207597079639065,2024-10-24 07:05:22
12,10,56,7,,,126.81669808855777,37.2090562211007,126.83399563059396,37.20517196102739,2024-10-24 07:06:36
13,33,56,7,,,126.83031283831424,37.199766959523416,126.83584672222268,37.20631497446311,2024-10-24 07:06:41
14,33,56,7,,,126.8297707005543,37.19978700821252,126.8341272677726,37.20624410431467,2024-10-24 07:06:43
15,10,17,7,,,126.81779453624823,37.20969166131458,126.82624946308565,37.195943517906855,2024-10-24 07:06:59
16,19,10,7,,,126.8284630787015,37.19577586589683,126.81722811753569,37.209616161329464,2024-10-24 07:07:15
17,56,17,7,,,126.83567494249472,37.2047934070131,126.82649680002469,37.19757749738472,2024-10-24 07:07:38
18,70,33,7,,,126.83714626481948,37.21009511307109,126.82947164284244,37.20028786070356,2024-10-24 07:07:49
19,54,33,7,,,126.83315672179252,37.21097289990785,126.82887778592034,37.19997667868391,2024-10-24 07:07:52
20,56,41,7,,,126.83450937424455,37.20608242781898,126.83405258614417,37.1968145246032,2024-10-24 07:08:30
21,70,33,7,,,126.83704751209136,37.20948665142063,126.82924434134429,37.20156129690879,2024-10-24 07:08:37
22,17,54,7,,,126.82558743827063,37.19678869282895,126.83189118668525,37.20928770724469,2024-10-24 07:09:26
23,59,15,7,,,126.83221371814948,37.20667943891331,126.81621457511912,37.20582856772894,2024-10-24 07:09:26
24,23,32,7,,,126.82013653320702,37.19154094974726,126.83284409393092,37.20265350421708,2024-10-24 07:10:26
25,11,58,7,,,126.81374492531363,37.2079974952509,126.83600638864466,37.20799261024622,2024-10-24 07:11:06
26,70,10,7,,,126.83865781644047,37.21022054062486,126.81707842437189,37.21029970629477,2024-10-24 07:11:16
27,56,31,7,,,126.83457310064401,37.20611604823646,126.82969469154804,37.19871191741071,2024-10-24 07:12:14
28,33,56,7,,,126.8292115004731,37.20004620068124,126.83446581999745,37.20548668257262,2024-10-24 07:13:04
29,70,33,7,,,126.83819996203101,37.208691522254426,126.82851807598831,37.20092026765556,2024-10-24 07:13:32
30,56,17,7,,,126.83524259652938,37.20600705266957,126.82652538648456,37.19647699751083,2024-10-24 07:14:20
31,54,33,7,,,126.83207908304921,37.21062869886812,126.82884224118068,37.200934258782134,2024-10-24 07:14:22
32,42,70,7,,,126.83081579699775,37.196127162543554,126.83695631582727,37.209237546968666,2024-10-24 07:14:33
33,11,33,7,,,126.81408616370216,37.208990100650176,126.8299824942307,37.2005726034691,2024-10-24 07:15:53
34,41,56,7,,,126.83511899258139,37.197003506381414,126.83506656782313,37.205782270113225,2024-10-24 07:16:03
35,50,37,7,,,126.82169486783701,37.21123956785265,126.82166782651731,37.19809109362044,2024-10-24 07:16:40
36,33,56,7,,,126.82846504315417,37.2014147547725,126.83562066349306,37.20625896378241,2024-10-24 07:17:03
37,56,33,7,,,126.83478084473903,37.204731692360376,126.82992729511682,37.2007056235615,2024-10-24 07:17:23
38,70,33,7,,,126.83715431148588,37.21007332549545,126.82981012468133,37.20088027785214,2024-10-24 07:17:29
39,42,70,7,,,126.8319832674586,37.195523911554304,126.83761030489272,37.20901690120397,2024-10-24 07:17:48
40,54,33,7,,,126.83255555944828,37.20951663844639,126.82943608710697,37.20107711775788,2024-10-24 07:17:52
41,17,54,7,,,126.82626248710086,37.1972636678649,126.83239588131198,37.210360540343736,2024-10-24 07:17:56
42,56,33,7,,,126.83510187221809,37.20471943368766,126.82988712973383,37.20035715708772,2024-10-24 07:18:07
43,10,40,7,,,126.81792460325724,37.20864922133936,126.83051223453658,37.19297308698562,2024-10-24 07:18:58
44,56,33,7,,,126.83492754105917,37.20534521155111,126.83000159570396,37.201024819101086,2024-10-24 07:19:03
45,58,19,7,,,126.83539896118077,37.208489558621956,126.82950303604767,37.19470520526797,2024-10-24 07:19:22
46,70,33,7,,,126.83863478550124,37.209691122755565,126.8301972145745,37.20041639678321,2024-10-24 07:21:17
47,58,33,7,,,126.83591593132087,37.20935873381901,126.82975282129998,37.20089108750989,2024-10-24 07:21:39
48,70,17,7,,,126.83857801317114,37.20921453039489,126.827308027686,37.196326153472874,2024-10-24 07:22:18
49,56,33,7,,,126.83413941321182,37.206521393573595,126.82867140900977,37.201606584086406,2024-10-24 07:22:36
50,32,58,7,,,126.83210706881452,37.20078857324179,126.83414746114721,37.20863553483095,2024-10-24 07:23:04
51,70,19,7,,,126.83695596994005,37.20898797363018,126.82794670539369,37.19594939996271,2024-10-24 07:23:53
52,56,17,7,,,126.8355009743179,37.206440882270435,126.82720346871933,37.1974910454056,2024-10-24 07:24:53
53,32,56,7,,,126.83203437745175,37.2016227048896,126.83435812438218,37.20488492768469,2024-10-24 07:25:29
54,56,41,7,,,126.83571434079958,37.205997555183494,126.83383770007606,37.19742698511068,2024-10-24 07:25:52
55,56,32,7,,,126.83562591621079,37.20638725285876,126.83263239898088,37.20119137215687,2024-10-24 07:26:06
56,69,30,7,,,126.83850111521848,37.207430611181586,126.83227007616736,37.19876897133381,2024-10-24 07:26:37
57,70,11,7,,,126.83814473271282,37.209723314849995,126.8141831367914,37.20742502824099,2024-10-24 07:26:53
58,58,33,7,,,126.83544519549147,37.207946623481284,126.82981620233066,37.19967687250064,2024-10-24 07:27:16
59,33,58,7,,,126.82864354762022,37.201470668595384,126.83491392298443,37.20746296535883,2024-10-24 07:27:22
60,56,41,7,,,126.83501755466345,37.20603733612134,126.83456565919535,37.19657963546476,2024-10-24 07:27:28
61,33,56,7,,,126.82977242507634,37.20059983220044,126.83587706013085,37.205989648387536,2024-10-24 07:28:03
62,58,32,7,,,126.83528442126806,37.209230928420226,126.83176718270447,37.202183196552774,2024-10-24 07:28:17
63,59,33,7,,,126.83253286984561,37.20719297633662,126.82872794215645,37.20049733133257,2024-10-24 07:28:19
64,59,41,7,,,126.83298723910923,37.20715673122262,126.8332748642404,37.19808807934596,2024-10-24 07:28:40
65,70,18,7,,,126.83698254566467,37.2090440723623,126.82380007743788,37.19472775916463,2024-10-24 07:28:46
66,72,56,7,,,126.8119130373619,37.208097577208484,126.83532334699554,37.20630033391495,2024-10-24 07:29:35
67,72,70,7,,,126.81168536064358,37.20652827599623,126.83805055790725,37.20984044412677,2024-10-24 07:29:43
68,56,33,7,,,126.83493157582745,37.20585533699956,126.82946744946442,37.20043617373105,2024-10-24 07:29:47
69,58,33,7,,,126.83506236594424,37.20772533281324,126.82943212395817,37.20072804663607,2024-10-24 07:31:09
70,11,17,7,,,126.81527214278005,37.20832958949957,126.82650970070883,37.19652670899602,2024-10-24 07:31:21
71,56,32,7,,,126.83554980247006,37.20534223614184,126.83144507286408,37.202489150793504,2024-10-24 07:31:25
72,11,70,7,,,126.81530495795336,37.20801604420018,126.83793263268669,37.20981952881844,2024-10-24 07:31:33
73,58,19,7,,,126.83605274347661,37.209046125400334,126.82918389060859,37.195506751649035,2024-10-24 07:32:18
74,69,30,7,,,126.83726651362893,37.20578176492034,126.83158367816768,37.19928921253861,2024-10-24 07:33:09
75,54,33,7,,,126.83348820651699,37.209695716997985,126.82958284227203,37.199767380651686,2024-10-24 07:33:21
76,58,33,7,,,126.83594678893016,37.20831213611584,126.82863258919251,37.20055761008852,2024-10-24 07:34:27
77,72,33,7,,,126.81066717145004,37.20747108858217,126.8292946767874,37.200505900346045,2024-10-24 07:34:32
78,40,72,7,,,126.83069839277178,37.19246012082588,126.81199229225692,37.20736607228696,2024-10-24 07:34:40
79,32,11,7,,,126.83184550165008,37.20249137080395,126.81440450342964,37.20768072972755,2024-10-24 07:36:01
80,69,30,7,,,126.83838987723634,37.20732345162233,126.83132091545292,37.19890738772366,2024-10-24 07:37:16
81,58,17,7,,,126.83474082936777,37.20912610494074,126.82697713710124,37.19619000561136,2024-10-24 07:37:24
82,54,17,7,,,126.83299866585449,37.20979223199824,126.82567420167506,37.19764750024945,2024-10-24 07:37:51
83,70,42,7,,,126.83751314072975,37.21010479999146,126.83129202560946,37.19597214918193,2024-10-24 07:38:38
84,37,72,7,,,126.8220995209288,37.19737718074538,126.81075562630916,37.207238254344595,2024-10-24 07:39:52
85,17,56,7,,,126.82646384813647,37.19776188300208,126.83563028911259,37.20658507604818,2024-10-24 07:40:40
86,58,19,7,,,126.83506305584974,37.20876806584953,126.82829359192058,37.19491914835576,2024-10-24 07:41:24
87,51,34,7,,,126.82030886463421,37.21138709575071,126.82204386429295,37.2031121281406,2024-10-24 07:41:45
88,17,54,7,,,126.82676658187327,37.196089604245046,126.83244142304791,37.210386292555306,2024-10-24 07:42:50
89,10,17,7,,,126.81749327811234,37.20856092447607,126.82568469530332,37.19625942394921,2024-10-24 07:43:39
90,17,54,7,,,126.82593537977927,37.19668734394677,126.83279462469288,37.20968672950923,2024-10-24 07:43:53
91,11,58,7,,,126.81459586782847,37.20739993833582,126.83462270131955,37.208526934356186,2024-10-24 07:44:14
92,56,33,7,,,126.83456525361052,37.2050291788696,126.83024805158551,37.20139448874842,2024-10-24 07:45:03
93,42,70,7,,,126.83146533300216,37.19640639473313,126.83869020177403,37.21039756596215,2024-10-24 07:45:51
94,12,17,7,,,126.81978403873423,37.20443722714331,126.8270492246343,37.195881516136694,2024-10-24 07:46:44
95,56,40,7,,,126.8353926298638,37.20608177929124,126.83105518579339,37.193641154904256,2024-10-24 07:46:53
96,58,33,7,,,126.83423351623952,37.208494570103014,126.83001094607212,37.20016417942368,2024-10-24 07:47:30
97,32,59,7,,,126.83145710933731,37.20200871063631,126.83316691836511,37.2081886176233,2024-10-24 07:48:19
98,58,42,7,,,126.8346765096834,37.20803011090385,126.83163118830205,37.1957548122923,2024-10-24 07:48:42
99,10,17,7,,,126.81710006007403,37.20963803121529,126.82658415081403,37.19621052148568,2024-10-24 07:48:52
100,19,10,7,,,126.8283929672201,37.19578653463791,126.81636748087388,37.209339434565834,2024-10-24 07:49:17
101,33,54,7,,,126.82945635956408,37.20153681134553,126.83324112727314,37.21013881654647,2024-10-24 07:49:22
102,32,54,7,,,126.83242512371531,37.20212623998597,126.83301526234384,37.209991459093835,2024-10-24 07:49:49
103,58,19,7,,,126.83475391839784,37.20792839179918,126.82816089704309,37.1956479545463,2024-10-24 07:51:16
104,33,56,7,,,126.82864689559862,37.20136317433319,126.83433622430651,37.20561420154385,2024-10-24 07:51:26
105,69,30,7,,,126.83754821400666,37.20687509597407,126.83137227013414,37.19981641208342,2024-10-24 07:52:15
106,58,33,7,,,126.83510227350338,37.209014004272795,126.82919401856395,37.20014427459199,2024-10-24 07:52:16
107,31,59,7,,,126.82940972291566,37.19710180666166,126.83177790148255,37.208271474956696,2024-10-24 07:52:16
108,17,70,7,,,126.82562872379347,37.197051563838755,126.8377261806118,37.20940905980007,2024-10-24 07:52:28
109,58,33,7,,,126.83568992028277,37.20922958501315,126.82992249308977,37.200103465137985,2024-10-24 07:52:34
110,70,42,7,,,126.83818725127747,37.209142694669715,126.83214333829022,37.19672644908275,2024-10-24 07:52:44
111,33,70,7,,,126.82975108992801,37.200777319511175,126.83741214885013,37.20884912294929,2024-10-24 07:53:28
112,33,58,7,,,126.82888477183532,37.20123604157795,126.83559409010408,37.20885183760932,2024-10-24 07:53:31
113,12,19,7,,,126.81878289333099,37.20441956777059,126.82975200854727,37.19445679444432,2024-10-24 07:54:57
114,33,56,7,,,126.82850292497041,37.200479902787336,126.8346173248413,37.20596088479198,2024-10-24 07:55:07
115,10,38,7,,,126.81752779184708,37.21007686298132,126.82401407707182,37.20063903107402,2024-10-24 07:55:15
116,11,17,7,,,126.81509681474796,37.208514412915655,126.82579019662678,37.196492910293934,2024-10-24 07:56:37
117,54,33,7,,,126.83167897980273,37.20974683494179,126.82958850013202,37.2012080213104,2024-10-24 07:56:37
118,31,54,7,,,126.82856912589084,37.19846383524821,126.83280660231193,37.209675217678736,2024-10-24 07:56:46
119,56,17,7,,,126.83501377990162,37.20538135126197,126.82548927716262,37.19662921366736,2024-10-24 07:56:58
120,58,33,7,,,126.83465146256617,37.208408003475775,126.82958959625097,37.20016026233938,2024-10-24 07:58:48
121,56,31,7,,,126.83440506419035,37.2061130343706,126.82949277764645,37.19716868132458,2024-10-24 07:58:59
122,56,31,7,,,126.83550850376793,37.20496792282715,126.82891481009086,37.197204390379255,2024-10-24 07:59:01
123,70,17,7,,,126.83691930246611,37.20946292618684,126.8258289400147,37.196527847969975,2024-10-24 07:59:10
124,56,19,7,,,126.83515005272842,37.20545567407261,126.82972595114998,37.194343935433814,2024-10-24 07:59:42
125,17,12,7,,,126.82583087253438,37.19720546878304,126.82001677788682,37.20478712419346,2024-10-24 07:59:49
126,37,72,8,,,126.82085785836668,37.19698928167772,126.81263967181616,37.20734987751889,2024-10-24 08:00:10
127,11,17,8,,,126.81376910405302,37.207443240017774,126.82601803150654,37.19715321455219,2024-10-24 08:01:10
128,69,30,8,,,126.83755221836354,37.20584536609544,126.83214723982152,37.19873416327758,2024-10-24 08:02:07
129,58,19,8,,,126.8351183287072,37.20806738377084,126.82964070773566,37.194229212754394,2024-10-24 08:02:32
130,12,17,8,,,126.81935412951263,37.20573725153668,126.82565817843219,37.19716447502742,2024-10-24 08:03:06
131,56,32,8,,,126.83539907401638,37.206464153200386,126.83280509560657,37.20241218252112,2024-10-24 08:03:20
132,58,33,8,,,126.83462021726358,37.209032243783035,126.82944342932923,37.19991763063498,2024-10-24 08:03:27
133,33,56,8,,,126.82903783209572,37.20004094794715,126.8351595471924,37.20615580560106,2024-10-24 08:03:42
134,58,33,8,,,126.83451269659356,37.208254933887616,126.83001033975435,37.19991010230254,2024-10-24 08:04:08
135,58,33,8,,,126.83524149504616,37.20911829027656,126.82994037933966,37.20083854903152,2024-10-24 08:04:41
136,31,54,8,,,126.82967547840263,37.196969561717644,126.83332036902719,37.21038356256848,2024-10-24 08:04:52
137,17,70,8,,,126.82575324654293,37.19608375442836,126.83682408464435,37.20868965903654,2024-10-24 08:05:32
138,33,56,8,,,126.82896082094997,37.2002948171787,126.83471707982211,37.206583288746565,2024-10-24 08:06:00
139,54,33,8,,,126.83307967008321,37.21071421387983,126.82864700295087,37.19986679734501,2024-10-24 08:06:43
140,58,19,8,,,126.83536438389734,37.209126040768716,126.82842566939877,37.195912934888575,2024-10-24 08:06:45
141,58,33,8,,,126.83486774938623,37.209420510038775,126.82960392699692,37.20146917528921,2024-10-24 08:06:46
142,58,33,8,,,126.83418463976882,37.20878076988732,126.82989424270589,37.199695503518825,2024-10-24 08:07:30
143,26,37,8,,,126.81864841367663,37.193616815335325,126.82191400898644,37.198240426601586,2024-10-24 08:07:50
144,11,33,8,,,126.81395700714009,37.20869970197931,126.83021602849821,37.20115154499164,2024-10-24 08:08:14
145,42,70,8,,,126.83173124471564,37.19611997545572,126.83856711394725,37.210278929925465,2024-10-24 08:08:37
146,58,19,8,,,126.83487510250022,37.20823594626442,126.82925915710187,37.195933590293976,2024-10-24 08:09:15
147,56,33,8,,,126.83571553711626,37.20589941550032,126.82893213914532,37.20095846408214,2024-10-24 08:09:20
148,69,30,8,,,126.83714428654066,37.20585507974709,126.8318717576975,37.199197082217154,2024-10-24 08:10:07
149,56,17,8,,,126.83406666640944,37.20498288659108,126.82664504018335,37.19751131943889,2024-10-24 08:12:17
150,56,31,8,,,126.83561540062544,37.20664166642395,126.82885294986548,37.19706359217346,2024-10-24 08:13:35
151,70,33,8,,,126.83751896118758,37.21023407899501,126.82854404400449,37.20077831381657,2024-10-24 08:15:18
152,17,54,8,,,126.82616637549857,37.197321027320996,126.83226659468959,37.21101048324909,2024-10-24 08:15:24
153,11,70,8,,,126.81393044642965,37.207978895454964,126.83707189911884,37.20995556627016,2024-10-24 08:15:31
154,58,33,8,,,126.83442818782913,37.20811577370899,126.82831994448038,37.201466844935624,2024-10-24 08:15:54
155,58,42,8,,,126.83416464163626,37.20863636044623,126.83080440094444,37.19564612817211,2024-10-24 08:16:14
156,56,17,8,,,126.83507504396943,37.20563825379769,126.82668142870828,37.19623401713019,2024-10-24 08:16:26
157,10,17,8,,,126.81714987640218,37.20983921490339,126.82607841268606,37.19710601718249,2024-10-24 08:16:38
158,17,54,8,,,126.82693450633693,37.19600654336602,126.83325337008425,37.21040610979633,2024-10-24 08:16:56
159,31,59,8,,,126.82907781170886,37.19785122999285,126.83152736913297,37.20653866130109,2024-10-24 08:18:35
160,70,33,8,,,126.83843317594145,37.2096877293074,126.83026336658168,37.201356093187016,2024-10-24 08:19:01
161,19,10,8,,,126.82877425177142,37.19544080387334,126.81785799920179,37.20971303217988,2024-10-24 08:19:18
162,33,54,8,,,126.82911517788705,37.200990949938344,126.83174528268519,37.21071447403796,2024-10-24 08:19:40
163,31,58,8,,,126.82902761721071,37.19772859253597,126.83493809650757,37.208066836983214,2024-10-24 08:19:42
164,56,19,8,,,126.83475734758504,37.20592079669767,126.82955679696889,37.194535025205965,2024-10-24 08:20:25
165,54,33,8,,,126.83176387036191,37.21100032261794,126.82890100892935,37.20125806979469,2024-10-24 08:20:26
166,70,42,8,,,126.83752078004062,37.2103826043408,126.8308373868377,37.195478204271886,2024-10-24 08:21:05
167,72,70,8,,,126.81219553838963,37.207619194009546,126.8369886472791,37.20967471641197,2024-10-24 08:21:16
168,70,33,8,,,126.83797457023593,37.209242821670124,126.8296277459834,37.20009126047571,2024-10-24 08:21:19
169,42,70,8,,,126.83196133961907,37.19660480345859,126.83759089070412,37.21016234710387,2024-10-24 08:21:43
170,32,59,8,,,126.83271469195847,37.20208677174082,126.83283499491257,37.20703738492445,2024-10-24 08:21:55
171,10,17,8,,,126.8176716391506,37.21004168865977,126.82716888181429,37.19594296603771,2024-10-24 08:22:00
172,69,30,8,,,126.83778903825194,37.20648552407808,126.83178614697837,37.198520724260455,2024-10-24 08:22:11
173,56,33,8,,,126.834260009849,37.206137881022826,126.82939308889539,37.19993010245986,2024-10-24 08:22:18
174,51,34,8,,,126.81948963139546,37.21066590793125,126.82136526906349,37.20221487739656,2024-10-24 08:23:06
175,10,38,8,,,126.8172024871287,37.20889757931581,126.82428043033136,37.20207992713178,2024-10-24 08:23:14
176,56,31,8,,,126.83589411379538,37.20579254315331,126.83004611023932,37.19744074714638,2024-10-24 08:24:30
177,56,33,8,,,126.83573570365708,37.20570462404035,126.82882821354654,37.201326728103496,2024-10-24 08:24:58
178,54,33,8,,,126.83216028328893,37.210054848069554,126.82967787412012,37.20048988636231,2024-10-24 08:25:35
179,70,17,8,,,126.83772573100495,37.20921739253641,126.82559579112483,37.19660161954212,2024-10-24 08:28:14
180,59,15,8,,,126.83293897811467,37.207429948650486,126.81734270344353,37.206475449126636,2024-10-24 08:28:44
181,70,17,8,,,126.83732851279211,37.20916457644102,126.82677926151722,37.19767682527684,2024-10-24 08:29:08
182,70,10,8,,,126.83822229203624,37.208737886222096,126.81731201044258,37.210043847814326,2024-10-24 08:29:22
183,32,11,8,,,126.83220665305157,37.20221557256835,126.81378376008352,37.20730886310144,2024-10-24 08:29:29
184,42,70,8,,,126.83237176721241,37.19531481655094,126.83710704403107,37.208570224494565,2024-10-24 08:30:03
185,56,33,8,,,126.83463845217418,37.20470964835544,126.83013352900205,37.1999286064772,2024-10-24 08:30:05
186,19,10,8,,,126.82880601407662,37.19541357102872,126.81658638689201,37.2084035420505,2024-10-24 08:30:45
187,58,33,8,,,126.8345572911001,37.20764200144976,126.83025646000155,37.20094476870142,2024-10-24 08:31:02
188,56,41,8,,,126.83540675291519,37.205380090610184,126.83399785132546,37.19672027809528,2024-10-24 08:31:02
189,56,17,8,,,126.83392752457102,37.205153572709264,126.82720803829348,37.19737890639555,2024-10-24 08:31:22
190,58,19,8,,,126.8347374598183,37.20927742987898,126.82814574314361,37.194851420468744,2024-10-24 08:31:41
191,70,18,8,,,126.8384822769761,37.20867379591501,126.82291436820717,37.19487545279393,2024-10-24 08:32:22
192,17,54,8,,,126.82553630631651,37.19599781452305,126.8328259307375,37.21017696761442,2024-10-24 08:32:36
193,17,12,8,,,126.82577434678706,37.19665057783787,126.82012953877258,37.20389141510884,2024-10-24 08:32:40
194,33,58,8,,,126.82880173518957,37.201626272129566,126.83490025149574,37.20856118475589,2024-10-24 08:32:56
195,40,72,8,,,126.83121983763591,37.1940304190848,126.81130674706112,37.20714468484516,2024-10-24 08:33:25
196,69,30,8,,,126.83748137920027,37.20714851791024,126.83141926846889,37.1997294622988,2024-10-24 08:33:28
197,10,17,8,,,126.81637385682714,37.21004016801236,126.82700128415993,37.19619387994196,2024-10-24 08:33:44
198,33,58,8,,,126.82889799649794,37.20153108898423,126.83496406015512,37.208869477861974,2024-10-24 08:34:01
199,59,33,8,,,126.83235165840442,37.20756510963302,126.82954448704999,37.2001088823772,2024-10-24 08:35:02
200,33,56,8,,,126.82831657551232,37.2013156372709,126.83483268239809,37.20638165426159,2024-10-24 08:35:07
201,10,40,8,,,126.81618140303674,37.21023438749529,126.83130389854352,37.1937400472236,2024-10-24 08:35:16
202,32,58,8,,,126.83283137134553,37.202049523700644,126.8353037387198,37.207821632896575,2024-10-24 08:35:25
203,10,17,8,,,126.81693992465608,37.20988754524048,126.82659056868441,37.19742110943844,2024-10-24 08:36:44
204,58,19,8,,,126.83561761749877,37.208296908108956,126.82869595817347,37.19434387456197,2024-10-24 08:36:52
205,11,32,8,,,126.81473162113646,37.207918715911056,126.83150203312208,37.201288337575726,2024-10-24 08:37:34
206,56,41,8,,,126.83549009364529,37.20537446939176,126.83430894494346,37.19622379258898,2024-10-24 08:38:02
207,58,17,8,,,126.83535324386096,37.20811466716576,126.82667642729103,37.19706494500288,2024-10-24 08:38:19
208,70,32,8,,,126.83706319576986,37.20919882126157,126.83232990680969,37.201453700881046,2024-10-24 08:38:20
209,11,17,8,,,126.8144328571621,37.207995174217984,126.8273988823742,37.19645715502989,2024-10-24 08:39:42
210,17,56,8,,,126.82601637993491,37.19774970276253,126.8351279915326,37.20588497393509,2024-10-24 08:40:10
211,33,70,8,,,126.83007292588772,37.20068226464755,126.83737122800478,37.21026758316759,2024-10-24 08:40:55
212,56,33,8,,,126.8354198843556,37.205144172893036,126.82967598356578,37.201200724413354,2024-10-24 08:42:23
213,32,59,8,,,126.83293733624181,37.20237499461086,126.83226434375146,37.20731779838721,2024-10-24 08:43:20
214,56,41,8,,,126.83412542191252,37.20652350307651,126.83328584962622,37.1966635990832,2024-10-24 08:43:35
215,72,33,8,,,126.81092561645801,37.20697757076206,126.82837558757419,37.200932126889676,2024-10-24 08:44:52
216,70,42,8,,,126.83735362864945,37.21019845087866,126.83195628140275,37.19547622529938,2024-10-24 08:44:54
217,56,31,8,,,126.83392492563964,37.205434530774774,126.82964684450171,37.19858042043401,2024-10-24 08:44:56
218,42,70,8,,,126.83185492185982,37.19670018047686,126.83874838207588,37.208843739939155,2024-10-24 08:45:18
219,32,56,8,,,126.83215171973889,37.20238934721229,126.83425911116399,37.206169137301295,2024-10-24 08:45:53
220,32,54,8,,,126.83214962398812,37.20241842194959,126.83367103325831,37.211095047049454,2024-10-24 08:46:01
221,54,17,8,,,126.8324319072196,37.21091215886218,126.82684305429672,37.19640296254946,2024-10-24 08:46:02
222,56,17,8,,,126.83405645350868,37.20573611556815,126.82738092283671,37.19766011151147,2024-10-24 08:46:15
223,54,33,8,,,126.83366674027047,37.2110353326914,126.82918221632127,37.20115931559784,2024-10-24 08:46:43
224,17,54,8,,,126.82570401461523,37.195876858390186,126.83227955944824,37.21031915368801,2024-10-24 08:46:51
225,11,58,8,,,126.81375868053185,37.20762743300154,126.83558224947143,37.20842705177655,2024-10-24 08:47:06
226,58,32,8,,,126.83501984564137,37.208199714519594,126.83271012615629,37.20264761506148,2024-10-24 08:47:07
227,41,70,8,,,126.83400174202478,37.19667356636711,126.83764028339024,37.210251555250714,2024-10-24 08:47:36
228,33,56,8,,,126.8283720122623,37.200635206458266,126.83550735717466,37.20590296384696,2024-10-24 08:47:40
229,33,56,8,,,126.82941595139143,37.19998253919197,126.83409514811068,37.20574742211105,2024-10-24 08:48:27
230,59,41,8,,,126.83318160938012,37.207944231589245,126.83415188537111,37.19723885770821,2024-10-24 08:49:38
231,70,19,8,,,126.8370789641063,37.20928482301749,126.82977943836629,37.19415479071309,2024-10-24 08:50:26
232,17,58,8,,,126.82693109365499,37.195968107391145,126.83466237171983,37.20870968466294,2024-10-24 08:50:31
233,72,56,8,,,126.8113942559611,37.20723696745137,126.83422354825981,37.20555021087429,2024-10-24 08:50:56
234,70,33,8,,,126.83865042054109,37.209385403010266,126.82888953219272,37.19976867502431,2024-10-24 08:51:13
235,10,56,8,,,126.81696236333438,37.20881891021198,126.83480507880729,37.20606660410589,2024-10-24 08:51:45
236,54,33,8,,,126.83275392044995,37.21016936946462,126.82878381386362,37.20090070178757,2024-10-24 08:51:50
237,33,56,8,,,126.82884838585396,37.19976900641473,126.8344847879981,37.20490494575085,2024-10-24 08:51:52
238,11,58,8,,,126.81389190865863,37.208306407054884,126.83452131462542,37.207659706818305,2024-10-24 08:51:53
239,41,56,8,,,126.83414648956065,37.1972828154047,126.83428603445553,37.205286473993404,2024-10-24 08:52:04
240,70,11,8,,,126.83854971783055,37.209642199755514,126.81510209329606,37.208117273199996,2024-10-24 08:52:29
241,56,32,8,,,126.83512285970444,37.20624063953196,126.83227246152569,37.201451146633445,2024-10-24 08:52:57
242,23,32,8,,,126.82099301431393,37.192375617532164,126.8313948641972,37.202354316082335,2024-10-24 08:53:46
243,35,32,8,,,126.81870356535842,37.20268218316412,126.83153357109582,37.202321939533306,2024-10-24 08:53:55
244,56,40,8,,,126.83583451629386,37.20487325870785,126.83225974326875,37.1925814119254,2024-10-24 08:54:54
245,70,33,8,,,126.83816868662173,37.20978297690968,126.82953226320852,37.2007792623747,2024-10-24 08:55:52
246,56,33,8,,,126.83584349786045,37.20653129492514,126.83005506729607,37.20025606576271,2024-10-24 08:56:17
247,33,56,8,,,126.82923716916578,37.20149164262133,126.83557301605566,37.20487785159113,2024-10-24 08:57:26
248,58,33,8,,,126.83610813407797,37.20942671086582,126.82991130102454,37.20074621377809,2024-10-24 08:58:36
249,56,41,8,,,126.83525754216872,37.20599556674239,126.83492728929036,37.19699077826919,2024-10-24 08:58:43
250,12,19,8,,,126.81845258687262,37.20529424602606,126.82843486777287,37.1940593595639,2024-10-24 08:59:17
251,50,37,8,,,126.82168809660985,37.21181007632803,126.82219915392828,37.19736258491313,2024-10-24 08:59:27
252,11,17,9,,,126.81348163647584,37.208176641817374,126.82626418801888,37.196395761502956,2024-10-24 09:01:16
253,56,33,9,,,126.83438072046896,37.20489537934155,126.82903857454251,37.20095610861576,2024-10-24 09:02:22
254,56,17,9,,,126.83568031047936,37.20622513771941,126.82602577121214,37.1964008318817,2024-10-24 09:02:59
255,70,32,9,,,126.8379592964869,37.20934069254077,126.83210567162293,37.20113581532555,2024-10-24 09:03:05
256,10,17,9,,,126.81751904887108,37.20864942214654,126.82556878250134,37.19586916522646,2024-10-24 09:03:35
257,17,56,9,,,126.82597977351148,37.196507115440575,126.83586346677319,37.2059322522321,2024-10-24 09:03:53
258,31,58,9,,,126.829206147695,37.19750966714885,126.83463707103918,37.20823178301157,2024-10-24 09:04:29
259,59,41,9,,,126.83176380845863,37.20775500474063,126.83416468464247,37.19702719877121,2024-10-24 09:04:58
260,70,33,9,,,126.83771944196042,37.2093122269487,126.82996489601334,37.2007654970434,2024-10-24 09:05:01
261,58,32,9,,,126.83476713481016,37.20770930816664,126.83193089216893,37.20089483476131,2024-10-24 09:05:02
262,56,33,9,,,126.83472115017113,37.20598528707074,126.82981406934594,37.20069195490329,2024-10-24 09:05:07
263,58,33,9,,,126.83540319365201,37.20795986522009,126.82856461396767,37.20076746569533,2024-10-24 09:05:23
264,17,58,9,,,126.82641975508095,37.19699965701843,126.83524171221192,37.20838407791998,2024-10-24 09:06:09
265,69,30,9,,,126.83848502432694,37.20582492586405,126.83161131431606,37.19965925646928,2024-10-24 09:06:36
266,19,10,9,,,126.8295409434751,37.1956567623798,126.81617883537687,37.21030303350192,2024-10-24 09:07:03
267,69,30,9,,,126.83752719967562,37.20636194705325,126.83127088259445,37.19846587211746,2024-10-24 09:07:14
268,54,33,9,,,126.83276391591497,37.20928214587043,126.82866445163152,37.201292800595475,2024-10-24 09:09:06
269,56,17,9,,,126.83546111050752,37.20476912036701,126.82599250458863,37.196684999396496,2024-10-24 09:09:12
270,70,42,9,,,126.83804486944128,37.20919546099401,126.83253211533214,37.19544039724721,2024-10-24 09:09:32
271,17,54,9,,,126.82634346161333,37.196649165874284,126.83326454778286,37.21045624473389,2024-10-24 09:10:18
272,56,33,9,,,126.83419428864484,37.20654849808551,126.82987689731691,37.200880928671005,2024-10-24 09:10:55
273,33,56,9,,,126.82840165823333,37.20110814885997,126.8353479010557,37.20537151812121,2024-10-24 09:11:18
274,10,56,9,,,126.81707534180856,37.208596633743255,126.83502617684347,37.2051031407251,2024-10-24 09:11:59
275,58,33,9,,,126.83439114538484,37.20899421787684,126.83005069663226,37.20067151043726,2024-10-24 09:12:25
276,19,10,9,,,126.82881744717449,37.19467788228291,126.81613392451303,37.208639984493125,2024-10-24 09:12:51
277,70,11,9,,,126.83781526428326,37.21006577204901,126.81432343066888,37.20828658299513,2024-10-24 09:12:57
278,56,17,9,,,126.83563300676906,37.205215141084054,126.82671708218139,37.19586524831009,2024-10-24 09:13:02
279,56,41,9,,,126.83561438228888,37.20488819413676,126.8350331583885,37.19710004064927,2024-10-24 09:13:39
280,12,19,9,,,126.81875934802305,37.203994270730036,126.8281719286966,37.19438182680204,2024-10-24 09:16:07
281,42,70,9,,,126.83064638275026,37.19571769554463,126.83840653141642,37.20937918038624,2024-10-24 09:16:13
282,33,56,9,,,126.8299315211196,37.200284718657485,126.83557895649356,37.20558095050301,2024-10-24 09:16:19
283,70,17,9,,,126.83752452337686,37.20896981814379,126.82639540785333,37.19587072105085,2024-10-24 09:16:26
284,56,19,9,,,126.83464476805675,37.204891869309435,126.82935280452963,37.195813801791175,2024-10-24 09:18:39
285,33,70,9,,,126.8286348980459,37.199833533115104,126.837845438675,37.209438167739485,2024-10-24 09:19:27
286,59,33,9,,,126.83305702387304,37.20734366723364,126.82890914112028,37.20103576454675,2024-10-24 09:20:37
287,58,33,9,,,126.83431993628301,37.20868751115874,126.82949789026806,37.20094775771896,2024-10-24 09:20:40
288,70,17,9,,,126.83699883138922,37.20953426984483,126.82632008073065,37.19655612460983,2024-10-24 09:21:03
289,11,33,9,,,126.81522113987074,37.20760087967782,126.82969349345959,37.20058597666815,2024-10-24 09:22:10
290,56,32,9,,,126.8345217214203,37.20596475773586,126.83185145791545,37.20195174797723,2024-10-24 09:22:23
291,70,33,9,,,126.8378573986198,37.21014746100913,126.83010053676158,37.19996366419352,2024-10-24 09:22:44
292,69,30,9,,,126.83721941954003,37.206937035806085,126.83224344433901,37.199367654538776,2024-10-24 09:23:13
293,37,72,9,,,126.82109054047878,37.19828454756541,126.81138979012506,37.206968910004996,2024-10-24 09:23:51
294,58,19,9,,,126.8343758043794,37.208476166092474,126.82814394286268,37.194436789499505,2024-10-24 09:24:40
295,11,58,9,,,126.81501487997171,37.20743339307926,126.83531082204586,37.20794528755177,2024-10-24 09:24:42
296,33,56,9,,,126.82945511216415,37.201022396514496,126.83544760681207,37.205524114099966,2024-10-24 09:25:06
297,33,58,9,,,126.82851945284092,37.20077486435521,126.83583541156541,37.20915043915559,2024-10-24 09:25:20
298,54,33,9,,,126.83170437288678,37.20970077501598,126.82900387836375,37.20124282289692,2024-10-24 09:25:29
299,32,56,9,,,126.83165617887819,37.2020334912485,126.83531439145243,37.20489850682115,2024-10-24 09:25:42
300,33,56,9,,,126.82867596531176,37.199974288387004,126.83515821066803,37.20602861057467,2024-10-24 09:25:43
301,40,72,9,,,126.83107656819666,37.19428894859787,126.8125035189592,37.206232377165115,2024-10-24 09:26:21
302,56,31,9,,,126.83428236414329,37.205320992549765,126.82882491512409,37.19823442262084,2024-10-24 09:26:23
303,56,17,9,,,126.83499479110343,37.20662116469754,126.82691220128392,37.19627626777201,2024-10-24 09:27:11
304,11,32,9,,,126.81416129917177,37.208676131239805,126.83104093888772,37.200976851467104,2024-10-24 09:27:36
305,70,19,9,,,126.83734767899873,37.208807399186725,126.82867269726283,37.194766384036704,2024-10-24 09:29:25
306,10,17,9,,,126.8169815005226,37.20966213972535,126.825951953135,37.196653728615,2024-10-24 09:30:14
307,56,33,9,,,126.83505657326478,37.20616908823654,126.82911034146933,37.20072470262743,2024-10-24 09:30:18
308,33,56,9,,,126.82981905570765,37.20088697370861,126.83437673559679,37.206210520011815,2024-10-24 09:30:19
309,56,41,9,,,126.83552975614484,37.20663744410099,126.8352089496462,37.198131077751505,2024-10-24 09:30:23
310,56,41,9,,,126.83513248407364,37.2050720601438,126.83523305801394,37.19758391656086,2024-10-24 09:30:27
311,42,70,9,,,126.83222425929823,37.19524100745748,126.83789084076777,37.20953918774321,2024-10-24 09:31:12
312,72,33,9,,,126.81124144827918,37.20759348168693,126.82905098899715,37.20129728053085,2024-10-24 09:33:26
313,54,33,9,,,126.83245279588968,37.21030177839868,126.82958561496035,37.20060605302068,2024-10-24 09:34:39
314,32,59,9,,,126.83172442110764,37.20147016091447,126.83187603288702,37.20673830344304,2024-10-24 09:34:42
315,58,33,9,,,126.83588899977255,37.20814768416353,126.82959386123615,37.20122630872204,2024-10-24 09:35:19
316,56,41,9,,,126.83503207512963,37.20541689405303,126.8337563798692,37.19671950863196,2024-10-24 09:35:20
317,26,37,9,,,126.81808094014919,37.193747301390545,126.82103557978618,37.19825947728939,2024-10-24 09:35:41
318,54,17,9,,,126.83180724707037,37.211142783475744,126.82642027483944,37.19682175913224,2024-10-24 09:35:44
319,11,58,9,,,126.81506696008448,37.20741442749163,126.83457622358704,37.20895026425505,2024-10-24 09:35:46
320,33,56,9,,,126.82898780212135,37.19974127784908,126.83417082779097,37.206175534501845,2024-10-24 09:35:56
321,42,70,9,,,126.83176864405524,37.19699584505414,126.83837107846442,37.20938603881663,2024-10-24 09:37:27
322,58,19,9,,,126.83590157236291,37.20771819706155,126.82866250908015,37.19416632496769,2024-10-24 09:37:39
323,56,33,9,,,126.8342156060349,37.20470768994091,126.82905620239252,37.20056562800179,2024-10-24 09:38:43
324,58,33,9,,,126.835450545216,37.20776704313589,126.82952455119315,37.201107048401234,2024-10-24 09:39:38
325,32,11,9,,,126.8328327186798,37.20207372893379,126.81463802068815,37.20787759679177,2024-10-24 09:39:46
326,17,54,9,,,126.82642029321686,37.19588198448202,126.83257571615196,37.209814290195055,2024-10-24 09:40:22
327,10,17,9,,,126.8173444422303,37.20931152784647,126.82619614623846,37.19586047496681,2024-10-24 09:40:29
328,10,38,9,,,126.81641902336153,37.20844782625677,126.82470354733013,37.20221036061572,2024-10-24 09:40:54
329,56,31,9,,,126.83426964268,37.20663311562264,126.82829541708573,37.19743781847662,2024-10-24 09:41:07
330,70,33,9,,,126.83781888900629,37.20955777433119,126.82858834612456,37.199756389569295,2024-10-24 09:41:07
331,56,33,9,,,126.83445784042827,37.2066392204885,126.83021008213463,37.20162583742275,2024-10-24 09:41:58
332,51,34,9,,,126.81983599217973,37.210125021209464,126.82204456769136,37.202428874579,2024-10-24 09:41:58
333,42,70,9,,,126.83070933539956,37.19512589555207,126.83848865939771,37.20905137715561,2024-10-24 09:42:00
334,59,15,9,,,126.83244372368488,37.207655759981705,126.8163660126785,37.20677728521638,2024-10-24 09:42:11
335,70,33,9,,,126.83705635523859,37.209900326578975,126.82910208080288,37.20161594849519,2024-10-24 09:42:32
336,50,37,9,,,126.82186325044114,37.2115312651356,126.82111922445334,37.19671075739165,2024-10-24 09:43:08
337,58,42,9,,,126.83466239128491,37.20900069933971,126.83169515826191,37.195537009914865,2024-10-24 09:43:47
338,17,54,9,,,126.82665466300516,37.19704023687972,126.83292632323835,37.210921968243504,2024-10-24 09:43:53
339,23,32,9,,,126.82030892258271,37.19113823986494,126.83187806935321,37.201622021270396,2024-10-24 09:44:06
340,56,40,9,,,126.83582976981265,37.205200298825545,126.83069883894878,37.19235172457712,2024-10-24 09:44:20
341,32,54,9,,,126.83218930822598,37.201530420690446,126.8322910521994,37.21106947889297,2024-10-24 09:45:12
342,58,17,9,,,126.83426295762588,37.2081535051916,126.82718828281098,37.19685398296405,2024-10-24 09:45:35
343,11,17,9,,,126.81347006224527,37.2088695336898,126.8254902239694,37.19749316896564,2024-10-24 09:45:36
344,72,56,9,,,126.81147494768857,37.20639521125304,126.83570626391649,37.20525827496037,2024-10-24 09:45:59
345,56,32,9,,,126.83480298902747,37.20553073605515,126.83282244023137,37.202200133513195,2024-10-24 09:47:05
346,58,33,9,,,126.83602804574286,37.20790959517156,126.82888236999796,37.20070357845117,2024-10-24 09:48:25
347,58,19,9,,,126.8351844707789,37.208896393921904,126.82951286791761,37.1955731578579,2024-10-24 09:48:56
348,54,33,9,,,126.83187921615955,37.21050768329386,126.8298276312303,37.20082958950748,2024-10-24 09:50:02
349,32,58,9,,,126.8328241217406,37.202740832947704,126.8354739915494,37.20764556053226,2024-10-24 09:50:26
350,70,42,9,,,126.8380061825104,37.21022473315347,126.83157031205852,37.196130023127864,2024-10-24 09:50:28
351,17,54,9,,,126.8265645556257,37.19689711120817,126.83343598473775,37.21055574145047,2024-10-24 09:51:30
352,10,17,9,,,126.81670052282378,37.20936295495134,126.82676205523214,37.195991419786,2024-10-24 09:51:32
353,17,12,9,,,126.82575991170417,37.197080658262635,126.81923564562908,37.205334357852976,2024-10-24 09:51:49
354,10,40,9,,,126.81666642182469,37.208849301347776,126.83182077109669,37.19231535770853,2024-10-24 09:52:10
355,32,59,9,,,126.83145231186275,37.20171904656352,126.83160197773321,37.20665290830364,2024-10-24 09:52:18
356,31,54,9,,,126.82928599299493,37.1975270199323,126.8329664991385,37.21077192835697,2024-10-24 09:52:52
357,12,17,9,,,126.81970216979039,37.204487412205424,126.82703569345777,37.19740753744465,2024-10-24 09:52:59
358,33,56,9,,,126.82936919295435,37.200429527732744,126.83554251218727,37.20657545559936,2024-10-24 09:53:07
359,54,33,9,,,126.83363352679613,37.21056283962666,126.82867882937425,37.2006228452076,2024-10-24 09:53:11
360,11,70,9,,,126.81434687782117,37.207593398732755,126.83783863732378,37.20876758257842,2024-10-24 09:53:11
361,58,19,9,,,126.83485487251814,37.20844669847702,126.82880100079718,37.195179383571386,2024-10-24 09:53:57
362,17,70,9,,,126.82548766487399,37.197247482332564,126.83796204657204,37.210357629211885,2024-10-24 09:54:03
363,70,33,9,,,126.83793439687568,37.21051310462761,126.82860280809616,37.20039699561079,2024-10-24 09:54:15
364,56,31,9,,,126.83551102588292,37.20568147100002,126.82824807528227,37.1983044482873,2024-10-24 09:54:25
365,33,58,9,,,126.83006027721754,37.200875109759515,126.83509426078017,37.207563014208645,2024-10-24 09:54:41
366,41,70,9,,,126.83489802129878,37.197140865144874,126.83775695345345,37.210057211608266,2024-10-24 09:56:38
367,35,32,9,,,126.81991664139822,37.201848303524564,126.83190148175012,37.20119058073559,2024-10-24 09:56:43
368,58,33,9,,,126.83443911040287,37.207706976843404,126.82895959487973,37.19999509702414,2024-10-24 09:56:45
369,41,56,9,,,126.83390638103876,37.197625363823825,126.83398533609035,37.20493501790659,2024-10-24 09:57:17
370,58,33,9,,,126.8342154680763,37.209306514052756,126.8284767190872,37.2013933452476,2024-10-24 09:57:31
371,70,18,9,,,126.83775990690587,37.20984804937252,126.82441558407282,37.19576237408911,2024-10-24 09:57:32
372,33,54,9,,,126.82932965280287,37.201242023211705,126.83314917643055,37.21027301601067,2024-10-24 09:57:38
373,58,19,9,,,126.83555220705166,37.20777366510077,126.8282143711381,37.19543526726908,2024-10-24 09:58:07
374,31,59,9,,,126.82990290666449,37.198163413811436,126.83211437163673,37.20812433692141,2024-10-24 09:58:08
375,69,30,9,,,126.8373916877559,37.20641445640185,126.83180500509756,37.19945225875814,2024-10-24 09:58:45
376,70,10,9,,,126.83844568889202,37.210344150952885,126.81745243397046,37.21020576541024,2024-10-24 09:59:04
377,72,70,9,,,126.81069516145963,37.20755208937646,126.83875287459149,37.209488709726905,2024-10-24 09:59:32
378,70,33,10,,,126.83748316762977,37.21043717622353,126.82992242630134,37.20090616724011,2024-10-24 10:00:27
379,58,19,10,,,126.83495575648568,37.20852307957215,126.82931057456184,37.19406828105236,2024-10-24 10:00:27
380,32,56,10,,,126.8317183299508,37.201269611023406,126.83524430193772,37.20511552444779,2024-10-24 10:00:46
381,70,17,10,,,126.8375943323179,37.20912322400133,126.82720789153599,37.19593903927546,2024-10-24 10:00:50
382,17,70,10,,,126.82619960859483,37.19776398384778,126.8386919506887,37.20953029709338,2024-10-24 10:02:28
383,17,58,10,,,126.82575574899724,37.19759609969294,126.83448465688433,37.20922314454845,2024-10-24 10:02:32
384,56,41,10,,,126.83473351415294,37.20617159698009,126.83369866711108,37.19788104471243,2024-10-24 10:03:18
385,50,37,10,,,126.8214678476324,37.21098998197761,126.82134026628495,37.19730152933413,2024-10-24 10:03:19
386,56,17,10,,,126.8358443020852,37.20576769119212,126.8256738049484,37.196884213758,2024-10-24 10:03:56
387,56,41,10,,,126.83558686669531,37.205690808123755,126.83487179214863,37.19634461610166,2024-10-24 10:04:00
388,42,70,10,,,126.83061803640852,37.19531718658165,126.83822530573288,37.2097350990922,2024-10-24 10:04:35
389,33,70,10,,,126.82925841577911,37.201638057360526,126.8371786958528,37.20911371071252,2024-10-24 10:04:42
390,58,33,10,,,126.8352609958685,37.208057208381284,126.830013158228,37.200799174704144,2024-10-24 10:05:15
391,17,54,10,,,126.82568055351467,37.19713202421476,126.83362770984822,37.21112251202829,2024-10-24 10:06:51
392,19,10,10,,,126.82853627334599,37.195891738449184,126.81729280193186,37.209246960496046,2024-10-24 10:07:19
393,35,32,10,,,126.81998048144204,37.20250501377002,126.83183994964745,37.20203826635797,2024-10-24 10:09:14
394,32,11,10,,,126.83287087654368,37.20170141291876,126.81409306003344,37.20727079355774,2024-10-24 10:09:35
395,10,17,10,,,126.8164945702331,37.20998158492199,126.82680666126856,37.196914780784404,2024-10-24 10:10:05
396,17,54,10,,,126.82727568364346,37.19658345514469,126.83262678546544,37.21095027373687,2024-10-24 10:10:46
397,42,70,10,,,126.83200093174884,37.196990213877726,126.83843768956622,37.20876521857627,2024-10-24 10:12:52
398,10,17,10,,,126.8166375620797,37.20837613707475,126.82678661996812,37.196072502757836,2024-10-24 10:13:01
399,26,37,10,,,126.81801451242347,37.194145318334385,126.82155731734456,37.19788584217878,2024-10-24 10:13:09
400,17,54,10,,,126.82598010952141,37.197281462360415,126.83179021359705,37.20976430517645,2024-10-24 10:13:36
401,58,33,10,,,126.83563758840894,37.20863272681029,126.82911086541822,37.20109120566426,2024-10-24 10:14:08
402,54,33,10,,,126.83222219626558,37.21002059490674,126.8294976076219,37.200779219100575,2024-10-24 10:15:05
403,17,54,10,,,126.82551060165996,37.19704552938842,126.83310660453705,37.21002007722594,2024-10-24 10:15:24
404,56,17,10,,,126.83451020254572,37.20634160115747,126.82701717176614,37.19718479383658,2024-10-24 10:16:27
405,58,19,10,,,126.83518599144004,37.207842518716106,126.82840083859195,37.19566525753858,2024-10-24 10:16:27
406,70,18,10,,,126.83715789904593,37.209683450160234,126.82299891945995,37.1954504566375,2024-10-24 10:16:34
407,56,17,10,,,126.83456925569537,37.20515291058416,126.82630519309794,37.19592778110839,2024-10-24 10:16:34
408,69,30,10,,,126.83675833056088,37.2071499323458,126.83219839913896,37.198239370696285,2024-10-24 10:16:49
409,11,32,10,,,126.81377564532806,37.20837330661828,126.83159445490023,37.202692325976955,2024-10-24 10:19:02
410,56,32,10,,,126.83497602996295,37.2054042427817,126.83152234902445,37.20146502383288,2024-10-24 10:19:19
411,11,33,10,,,126.8147063910752,37.20866693519034,126.82927388022382,37.20064378902339,2024-10-24 10:19:43
412,70,32,10,,,126.83697257592193,37.20950799192661,126.83149240590637,37.201249904197354,2024-10-24 10:20:27
413,70,19,10,,,126.83711060284044,37.209076342893034,126.8284181128618,37.19436924355867,2024-10-24 10:20:33
414,70,10,10,,,126.83834142618154,37.20942900102873,126.81618477157753,37.20854272516796,2024-10-24 10:21:02
415,70,33,10,,,126.83761521236423,37.208894803841375,126.8297840221083,37.20030405819401,2024-10-24 10:21:26
416,70,33,10,,,126.83767996564104,37.2094199751417,126.82961634709416,37.20131285334464,2024-10-24 10:22:29
417,56,31,10,,,126.83572671802953,37.20524929534421,126.82847026866543,37.19727390118271,2024-10-24 10:22:43
418,56,33,10,,,126.83555191358751,37.20515757280822,126.82959766228622,37.201598799398866,2024-10-24 10:23:02
419,54,33,10,,,126.83301457347405,37.211076647313504,126.82895174229205,37.20123739205632,2024-10-24 10:23:30
420,12,17,10,,,126.81955935568014,37.205636680938255,126.82583359306243,37.197264317241036,2024-10-24 10:23:38
421,70,17,10,,,126.83801258230972,37.209647968909536,126.82713305580081,37.197338517690106,2024-10-24 10:24:09
422,33,56,10,,,126.82944261082197,37.199821988308656,126.83500402820555,37.20476643538806,2024-10-24 10:24:41
423,32,59,10,,,126.83143748297155,37.201975755618065,126.83175401869399,37.20664491516168,2024-10-24 10:25:05
424,56,17,10,,,126.83535789913273,37.204827847286005,126.82594254262199,37.19615060347846,2024-10-24 10:25:19
425,56,33,10,,,126.83440018974088,37.20578249831836,126.83020120246752,37.2007670679294,2024-10-24 10:25:55
426,37,72,10,,,126.8220949768205,37.197320677976485,126.81080236713497,37.206930994773316,2024-10-24 10:26:06
427,33,58,10,,,126.8283203043206,37.2001746973025,126.83427913852107,37.207894457219474,2024-10-24 10:27:01
428,58,19,10,,,126.83605167505755,37.207616693089754,126.82835260490698,37.194952824248254,2024-10-24 10:27:05
429,10,38,10,,,126.8172331332326,37.20934190134896,126.82486560226522,37.20126292336901,2024-10-24 10:28:00
430,54,33,10,,,126.83227166541343,37.2100099928475,126.8293901299062,37.200033540821856,2024-10-24 10:28:25
431,42,70,10,,,126.8324233597178,37.19634523956988,126.83730006578743,37.21031761198265,2024-10-24 10:28:37
432,33,58,10,,,126.82844179320165,37.200354840597484,126.83600224506701,37.20944690192308,2024-10-24 10:28:55
433,31,59,10,,,126.82826369680986,37.19788084695654,126.8318172099667,37.20771628930411,2024-10-24 10:29:11
434,70,11,10,,,126.83792821320036,37.20943721665278,126.81337843506012,37.20807322166683,2024-10-24 10:29:25
435,58,33,10,,,126.83479562070323,37.20874846908601,126.8302619528687,37.20162044131094,2024-10-24 10:29:37
436,59,33,10,,,126.83159968405774,37.206842065606075,126.82954200384467,37.20087612035076,2024-10-24 10:29:50
437,33,56,10,,,126.8287250763485,37.19989826290873,126.83409061299702,37.20580921464983,2024-10-24 10:30:09
438,32,54,10,,,126.83290729541498,37.202254018025336,126.83311765348135,37.20979736617323,2024-10-24 10:30:29
439,69,30,10,,,126.83730587693695,37.20670492219267,126.83163874072187,37.199813214458494,2024-10-24 10:30:45
440,32,58,10,,,126.83181005899561,37.201360117405784,126.83592331620888,37.2084636955446,2024-10-24 10:31:46
441,58,33,10,,,126.83415197981455,37.20757088448038,126.82931399016364,37.20000855001481,2024-10-24 10:32:29
442,10,17,10,,,126.81726822759511,37.20867928646323,126.82708795369619,37.1970091118526,2024-10-24 10:32:47
443,56,40,10,,,126.83537427418217,37.20556457728984,126.83060665990699,37.19300425023206,2024-10-24 10:33:29
444,33,56,10,,,126.82938759369394,37.200070096422294,126.83561770172291,37.204971993606115,2024-10-24 10:34:30
445,33,56,10,,,126.82842554498907,37.20055674824874,126.8347395788558,37.20490680797259,2024-10-24 10:34:50
446,56,33,10,,,126.83484073784193,37.206408543197675,126.82975910052379,37.201271416108,2024-10-24 10:35:00
447,23,32,10,,,126.821690556139,37.19178094688275,126.83193526730768,37.20244862419893,2024-10-24 10:35:47
448,58,33,10,,,126.83459261246345,37.209296959033004,126.82969884880232,37.20146832878241,2024-10-24 10:36:03
449,42,70,10,,,126.8310102119906,37.195873946091524,126.83712897594555,37.20946077985583,2024-10-24 10:36:18
450,11,17,10,,,126.81403448522937,37.20794178735203,126.82684746856893,37.1973136198099,2024-10-24 10:36:23
451,58,19,10,,,126.83416736466445,37.209413613298594,126.82921425502283,37.19566114319898,2024-10-24 10:36:34
452,41,56,10,,,126.83349049450156,37.19698207254235,126.83557837293145,37.206600368047,2024-10-24 10:36:40
453,58,33,10,,,126.83419888302956,37.20858567433022,126.82894324276387,37.20152331558687,2024-10-24 10:37:04
454,72,33,10,,,126.8121771029652,37.20653585649927,126.82976870010503,37.19971961508171,2024-10-24 10:37:14
455,56,41,10,,,126.8357425284875,37.205619551935456,126.83451941925328,37.197280228989484,2024-10-24 10:37:18
456,11,58,10,,,126.81491672196408,37.209124534066206,126.83437682768071,37.208005569675635,2024-10-24 10:38:15
457,56,33,10,,,126.83539123446555,37.206371088975885,126.8294208965045,37.19969822266636,2024-10-24 10:38:24
458,33,56,10,,,126.8292390299889,37.19978125642623,126.83535528986776,37.206256749998055,2024-10-24 10:38:29
459,58,33,10,,,126.83422620341072,37.20840965517742,126.83016544299758,37.199814478984216,2024-10-24 10:38:41
460,56,33,10,,,126.83474388585523,37.20580120514502,126.82897400394937,37.19997060568473,2024-10-24 10:39:52
461,56,31,10,,,126.83502643066066,37.20609152977265,126.82982916897322,37.197809074051555,2024-10-24 10:40:06
462,70,33,10,,,126.8374600635099,37.208811778241895,126.82871597635483,37.2015603407084,2024-10-24 10:40:34
463,59,41,10,,,126.83299475739688,37.207171183695905,126.83378245438418,37.19625520659667,2024-10-24 10:40:39
464,56,32,10,,,126.83470199382766,37.2060504564583,126.83164245578733,37.2012251666397,2024-10-24 10:41:15
465,17,12,10,,,126.82588418357817,37.197251422194974,126.82005777996095,37.203890192534395,2024-10-24 10:42:01
466,70,33,10,,,126.83805207078322,37.20953113417218,126.82858525242878,37.20058150613018,2024-10-24 10:42:40
467,70,42,10,,,126.83797049176239,37.209521543924524,126.83130299446167,37.19560024174902,2024-10-24 10:43:12
468,69,30,10,,,126.83737349849234,37.20603226906165,126.83095808568679,37.198652329224785,2024-10-24 10:43:16
469,58,17,10,,,126.83536611819142,37.20879216406123,126.82638132821428,37.19673604854884,2024-10-24 10:43:32
470,11,17,10,,,126.81385463561865,37.20886443837689,126.82732029423866,37.19673800044499,2024-10-24 10:43:54
471,40,72,10,,,126.8305927224625,37.194049005338776,126.81087913348428,37.20789657523631,2024-10-24 10:45:10
472,10,56,10,,,126.8167638266652,37.20929500430642,126.83482805677215,37.20655629027734,2024-10-24 10:45:12
473,56,19,10,,,126.83398782481653,37.205852858185715,126.8294754903543,37.194180397413895,2024-10-24 10:45:59
474,11,58,10,,,126.81511743217517,37.20834351507064,126.83482334881957,37.20824771951341,2024-10-24 10:46:11
475,58,42,10,,,126.83479653914848,37.20925170613613,126.83083078504549,37.1966266116845,2024-10-24 10:46:13
476,69,30,10,,,126.83735439996862,37.20689546552287,126.8313658037908,37.19947526357682,2024-10-24 10:46:24
477,59,15,10,,,126.83244923326788,37.20782610473748,126.8158940622288,37.20747160385066,2024-10-24 10:47:03
478,58,32,10,,,126.83550116272019,37.20791036910738,126.8323066972088,37.20244223892584,2024-10-24 10:47:35
479,32,59,10,,,126.83237980652451,37.20228618681669,126.8333289188121,37.207655200247686,2024-10-24 10:48:01
480,56,41,10,,,126.83434616905302,37.20494497858588,126.83335670056475,37.19710797459672,2024-10-24 10:48:16
481,72,56,10,,,126.81223723819177,37.20659529886678,126.834047047052,37.206305482910366,2024-10-24 10:48:21
482,31,54,10,,,126.82956345706116,37.19722268377687,126.8328074508694,37.21077500982269,2024-10-24 10:49:03
483,10,40,10,,,126.8162863420844,37.20846282491176,126.83097684191868,37.19271458130534,2024-10-24 10:49:39
484,54,33,10,,,126.83292387469986,37.21101662982508,126.82930551495241,37.20052018402895,2024-10-24 10:50:11
485,56,31,10,,,126.83590787372215,37.20487755169184,126.82857540763385,37.1978081273913,2024-10-24 10:50:37
486,33,54,10,,,126.8290615230614,37.201643458788155,126.83349748220112,37.210597355947556,2024-10-24 10:51:02
487,51,34,10,,,126.81880755281773,37.21114684961555,126.82128666478823,37.20306203845328,2024-10-24 10:51:29
488,33,56,10,,,126.82988901475707,37.200857411795425,126.83496507595626,37.20569393260539,2024-10-24 10:51:31
489,41,70,10,,,126.83383252630433,37.19624142593342,126.83790762387719,37.20988652901429,2024-10-24 10:51:37
490,31,58,10,,,126.82931213026949,37.197236608214055,126.83494406021877,37.208736106190294,2024-10-24 10:51:41
491,33,56,10,,,126.8296424622561,37.20074081823975,126.83440366056674,37.20507974253826,2024-10-24 10:51:42
492,56,33,10,,,126.83573739070592,37.20632238165608,126.82914213371858,37.200407192707225,2024-10-24 10:51:59
493,17,56,10,,,126.82655388615262,37.19594856168262,126.83535496506461,37.205713223846736,2024-10-24 10:52:28
494,11,70,10,,,126.81390681655607,37.20886636498458,126.83824701577414,37.20911478998197,2024-10-24 10:52:46
495,10,17,10,,,126.81716712577727,37.21028237606778,126.82550832977651,37.19622472669219,2024-10-24 10:53:26
496,58,19,10,,,126.83449161315127,37.20933807842771,126.82891495992105,37.19587092644607,2024-10-24 10:55:02
497,54,17,10,,,126.83282410909571,37.21102626856008,126.82695069587125,37.196924589870875,2024-10-24 10:55:41
498,70,42,10,,,126.83754876427393,37.21011126236209,126.83095048395444,37.196979527460634,2024-10-24 10:55:44
499,54,33,10,,,126.83227541729484,37.20983480472463,126.82963469822504,37.19995230373269,2024-10-24 10:55:52
500,12,19,10,,,126.8201134594466,37.20486581752189,126.8281407350282,37.195427171358446,2024-10-24 10:56:31
501,72,70,10,,,126.81146015033019,37.20776731574605,126.83808540527845,37.20953813572932,2024-10-24 10:57:52
502,58,33,10,,,126.83419644847656,37.208758443505715,126.82906861251439,37.20047633946057,2024-10-24 10:58:35
503,19,10,10,,,126.82961967545444,37.19588690815294,126.81714610085015,37.208356796676696,2024-10-24 10:59:32
504,42,70,11,,,126.83140648245875,37.1970990696331,126.83863754762777,37.21053091743621,2024-10-24 11:00:02
505,33,70,11,,,126.83000860802944,37.20140359839011,126.83876303378302,37.208725812614915,2024-10-24 11:00:10
506,56,32,11,,,126.83398838343199,37.205167289847275,126.83257780576767,37.20086744244095,2024-10-24 11:00:56
507,32,59,11,,,126.83169637972333,37.20164596940744,126.83232578737137,37.20801123476752,2024-10-24 11:02:12
508,58,33,11,,,126.83574175550817,37.20781734330267,126.83022243219234,37.201628610592245,2024-10-24 11:03:35
509,56,33,11,,,126.83478370179422,37.20526325827974,126.82879154815379,37.201572638817794,2024-10-24 11:04:30
510,11,58,11,,,126.81494628312592,37.207857661483025,126.83583143948533,37.20768882513552,2024-10-24 11:04:35
511,58,33,11,,,126.8358651439292,37.209212637078494,126.82893566892551,37.20121283782338,2024-10-24 11:04:42
512,58,33,11,,,126.83414901781636,37.20856483739277,126.82944188685907,37.200067125171266,2024-10-24 11:05:53
513,50,37,11,,,126.82138154677969,37.21190790975471,126.82052614625121,37.19737721712768,2024-10-24 11:06:13
514,33,56,11,,,126.8298144616504,37.19993696067722,126.83402730148117,37.20546611173916,2024-10-24 11:06:30
515,32,59,11,,,126.8314731178804,37.20229776802154,126.83262349535856,37.207999183030964,2024-10-24 11:08:00
516,70,11,11,,,126.83843392700851,37.20872037107483,126.81473532085998,37.20786556328243,2024-10-24 11:08:11
517,54,17,11,,,126.8325165162921,37.21116978431277,126.82554727605708,37.19603399054378,2024-10-24 11:08:13
518,70,32,11,,,126.83847947786293,37.208563443145074,126.83126065624477,37.20271163919674,2024-10-24 11:08:17
519,56,41,11,,,126.83423639496999,37.20604591851539,126.83428181105238,37.198101987682286,2024-10-24 11:09:22
520,33,56,11,,,126.8288517076816,37.20082063392297,126.83481271315321,37.20547136947168,2024-10-24 11:09:42
521,70,42,11,,,126.83805708629683,37.2086088281862,126.83114109418302,37.19560696271395,2024-10-24 11:10:08
522,58,33,11,,,126.83495315168838,37.20747141036763,126.8290071207729,37.20013177834808,2024-10-24 11:10:16
523,69,30,11,,,126.83749338803702,37.20593503078065,126.83101651830354,37.19855899534418,2024-10-24 11:10:36
524,70,42,11,,,126.83863534163089,37.209247415804086,126.83144290671831,37.19566535669351,2024-10-24 11:11:47
525,58,19,11,,,126.83584804986474,37.20932097475644,126.82969408445764,37.195140558334145,2024-10-24 11:12:13
526,37,72,11,,,126.8219104419624,37.19835986087131,126.81128759744888,37.207165431969166,2024-10-24 11:14:52
527,31,59,11,,,126.8286399271067,37.19743446545773,126.83178406551949,37.207452994833695,2024-10-24 11:15:03
528,51,34,11,,,126.81958479850124,37.21045827763948,126.82139528618559,37.20207037189344,2024-10-24 11:15:26
529,12,19,11,,,126.8195069322168,37.20538417325108,126.82918080494092,37.19440760260772,2024-10-24 11:15:49
530,69,30,11,,,126.8369996797941,37.20587309015205,126.83194446090101,37.19949080273349,2024-10-24 11:15:56
531,58,42,11,,,126.83605544959102,37.20829828628613,126.83083563082742,37.19706051162739,2024-10-24 11:16:15
532,17,70,11,,,126.82577170848295,37.19638040024667,126.83784038293811,37.20992640238217,2024-10-24 11:16:17
533,56,31,11,,,126.83413421703332,37.205632694732834,126.82927808080645,37.19784945072116,2024-10-24 11:16:20
534,10,17,11,,,126.81631846358174,37.2088436257096,126.82615960108235,37.19661589615183,2024-10-24 11:16:31
535,56,33,11,,,126.83477769688533,37.20481534488973,126.82953193818628,37.20057252654896,2024-10-24 11:16:41
536,70,17,11,,,126.83761122212451,37.21047632930709,126.82600330086821,37.19586754147678,2024-10-24 11:16:56
537,33,56,11,,,126.82856804971465,37.20139987804523,126.83440808419199,37.20637507688293,2024-10-24 11:18:55
538,59,15,11,,,126.83329019637056,37.206563830874,126.81682618780188,37.20731753213965,2024-10-24 11:19:06
539,33,56,11,,,126.82865102810662,37.200859498236134,126.83449399910397,37.206600919605755,2024-10-24 11:19:11
540,40,72,11,,,126.83148261013035,37.19297540820573,126.81161254295772,37.20730828629589,2024-10-24 11:19:21
541,17,58,11,,,126.82658595617623,37.19760700540121,126.83475945095897,37.20880287476556,2024-10-24 11:20:18
542,54,33,11,,,126.83321880939185,37.20946773308333,126.82858056583979,37.201172098466344,2024-10-24 11:20:25
543,58,33,11,,,126.83461824745635,37.20893780657559,126.83025798886773,37.20040233011976,2024-10-24 11:20:44
544,56,40,11,,,126.83522483442925,37.20597507845067,126.83035207279295,37.19265118970268,2024-10-24 11:21:06
545,56,33,11,,,126.83575057942566,37.2048009624169,126.82862502763987,37.20161440963307,2024-10-24 11:21:09
546,58,32,11,,,126.83428885360918,37.208001170518145,126.8320033076548,37.20149212105525,2024-10-24 11:21:50
547,17,54,11,,,126.82563352938769,37.19616378879189,126.83265085638217,37.21053487735029,2024-10-24 11:22:15
548,56,33,11,,,126.83517731820282,37.20542438229889,126.82967638474683,37.20133483580273,2024-10-24 11:22:18
549,70,33,11,,,126.8387032945212,37.208784584617256,126.83016253682848,37.19976705826619,2024-10-24 11:22:38
550,41,56,11,,,126.83476030837177,37.19798426459486,126.83516108875243,37.20473480514426,2024-10-24 11:23:27
551,33,54,11,,,126.82953479698266,37.2013878802569,126.83290419082412,37.21004980861635,2024-10-24 11:23:56
552,17,56,11,,,126.82664034480494,37.19746067584694,126.83532070643001,37.20627039580147,2024-10-24 11:24:01
553,70,10,11,,,126.83723400565036,37.210468798743236,126.81654019296666,37.20895487777616,2024-10-24 11:24:27
554,42,70,11,,,126.83129457139232,37.19561617171256,126.83714978335746,37.21034712983641,2024-10-24 11:24:36
555,58,33,11,,,126.83558750954732,37.209156666577684,126.82937390235554,37.19987368090307,2024-10-24 11:25:41
556,54,33,11,,,126.83328380209221,37.20937213665583,126.82904939675666,37.19987218593078,2024-10-24 11:26:09
557,56,31,11,,,126.83504549048567,37.20636454730082,126.82945610536817,37.197581110564315,2024-10-24 11:26:24
558,17,54,11,,,126.82583521165641,37.19577854032825,126.83307940791123,37.209750164154876,2024-10-24 11:26:32
559,17,12,11,,,126.82663383332103,37.19582802479028,126.81943181789576,37.20418331054604,2024-10-24 11:27:00
560,42,70,11,,,126.83200286058396,37.19636660170379,126.83767719508066,37.21004999361287,2024-10-24 11:27:03
561,56,33,11,,,126.83498185934026,37.204807774916794,126.82886920884889,37.200897876975695,2024-10-24 11:27:27
562,72,33,11,,,126.81159992900962,37.20794155922238,126.82908030392947,37.19984122596648,2024-10-24 11:28:07
563,19,10,11,,,126.82901580120834,37.19522768039204,126.8169835175442,37.20918433990388,2024-10-24 11:28:33
564,72,56,11,,,126.81241117218215,37.20657491768739,126.83517023848577,37.20569454740946,2024-10-24 11:28:37
565,32,58,11,,,126.83265936720277,37.200951337599534,126.83472849733946,37.20896134559161,2024-10-24 11:29:01
566,10,56,11,,,126.81620739022998,37.20855015144295,126.83540243576338,37.20508692145205,2024-10-24 11:29:23
567,70,33,11,,,126.83760873057558,37.2101829001018,126.82968069921093,37.19972474745036,2024-10-24 11:29:34
568,69,30,11,,,126.83685567111442,37.207048603136755,126.83247687224097,37.19851428081667,2024-10-24 11:29:41
569,54,33,11,,,126.8320979993274,37.2098958499315,126.83015406162673,37.20116232053711,2024-10-24 11:30:02
570,10,17,11,,,126.81696864651236,37.21031966356861,126.82641884473233,37.19657125043626,2024-10-24 11:30:39
571,32,11,11,,,126.832544321046,37.201877805644145,126.81434752321252,37.20824776000273,2024-10-24 11:31:13
572,11,32,11,,,126.81415786210914,37.20746623203268,126.8312313644456,37.202669960453136,2024-10-24 11:32:57
573,11,58,11,,,126.81352115731434,37.20795373390994,126.83503797385576,37.20890264248869,2024-10-24 11:32:58
574,23,32,11,,,126.82018763229544,37.19137079159017,126.83223804572725,37.202430475150045,2024-10-24 11:33:25
575,59,41,11,,,126.8330875733484,37.20664480529779,126.8343714417835,37.19634561624744,2024-10-24 11:34:30
576,56,33,11,,,126.83533398786032,37.20521589489314,126.82916142384776,37.2012000028657,2024-10-24 11:34:35
577,12,17,11,,,126.81856768300148,37.204137568140126,126.82732254468975,37.196889338146576,2024-10-24 11:35:13
578,56,31,11,,,126.8339328637329,37.20642036834912,126.82872316657128,37.1975724820527,2024-10-24 11:36:03
579,19,10,11,,,126.82915670930876,37.19542169461021,126.81712000226449,37.21033806144486,2024-10-24 11:36:41
580,11,17,11,,,126.81447638204862,37.20841816990771,126.82618788778363,37.19666119734461,2024-10-24 11:38:05
581,31,54,11,,,126.8290801609659,37.19786116167808,126.8325031492951,37.21056286783496,2024-10-24 11:38:20
582,58,19,11,,,126.83444769943145,37.20779241738744,126.82965472595889,37.19558148666367,2024-10-24 11:38:41
583,32,54,11,,,126.8325494518254,37.20097491802449,126.83240561196877,37.21084004010984,2024-10-24 11:39:05
584,33,56,11,,,126.83003030706732,37.20020046899692,126.83526732833997,37.20661389589747,2024-10-24 11:39:05
585,70,33,11,,,126.83844422738237,37.20905717060343,126.82844321744952,37.19970938322984,2024-10-24 11:40:00
586,56,17,11,,,126.83447857132813,37.20608527857067,126.82545926825857,37.197652198731795,2024-10-24 11:40:57
587,70,17,11,,,126.83849058270111,37.208620188914956,126.82558804525387,37.19642522755937,2024-10-24 11:41:11
588,54,33,11,,,126.83339181347377,37.210566606833595,126.82851520360238,37.1998391589313,2024-10-24 11:42:03
589,58,17,11,,,126.8350434750246,37.2076127946647,126.8264048394578,37.196489888032644,2024-10-24 11:42:50
590,33,58,11,,,126.82985204184706,37.2012549801257,126.835632684235,37.20826435614873,2024-10-24 11:43:15
591,35,32,11,,,126.81874026033088,37.20230164604584,126.83206807469846,37.2008731660939,2024-10-24 11:43:20
592,17,54,11,,,126.8261828979681,37.1963964484617,126.83190035257122,37.20997856250527,2024-10-24 11:43:37
593,10,40,11,,,126.81680941260527,37.20969320613146,126.83225817640525,37.193805263450855,2024-10-24 11:44:02
594,70,33,11,,,126.83707631629714,37.20942639194641,126.82997298573186,37.201475938805125,2024-10-24 11:44:05
595,11,70,11,,,126.81492601150359,37.20747585868023,126.83829971216853,37.21039937419172,2024-10-24 11:44:14
596,42,70,11,,,126.83229973059555,37.195719124164214,126.8370054131682,37.210292719373214,2024-10-24 11:44:22
597,10,38,11,,,126.81634285409937,37.20966765011413,126.82429528885993,37.20154506824589,2024-10-24 11:44:53
598,58,19,11,,,126.83458988831555,37.20890421134878,126.82795426493313,37.195052478526975,2024-10-24 11:46:01
599,54,33,11,,,126.83273290497765,37.20947918062751,126.82961431380373,37.19968273234827,2024-10-24 11:46:13
600,33,58,11,,,126.82905241572557,37.20153845509254,126.83478765802957,37.20935916275986,2024-10-24 11:47:25
601,59,33,11,,,126.8323645636217,37.208168933477566,126.82947581463218,37.20116158166204,2024-10-24 11:47:50
602,33,56,11,,,126.82880938285747,37.200309976287585,126.83469413120872,37.20633003060624,2024-10-24 11:48:33
603,11,33,11,,,126.81394969193988,37.20754048367033,126.82872800802984,37.20057644813481,2024-10-24 11:49:50
604,58,19,11,,,126.83458211009687,37.20877006119097,126.82969789864836,37.194531355123864,2024-10-24 11:50:33
605,56,19,11,,,126.8352010692574,37.205426421324745,126.82945374518205,37.1956024319563,2024-10-24 11:51:03
606,70,19,11,,,126.83700818375313,37.20963977108274,126.82945380860416,37.194238643454476,2024-10-24 11:51:04
607,56,17,11,,,126.8353687480059,37.20488923373793,126.8262643969293,37.19647271152236,2024-10-24 11:51:22
608,56,32,11,,,126.83588346223779,37.20558494854492,126.83217395276353,37.200892488403106,2024-10-24 11:52:04
609,11,17,11,,,126.81470678586352,37.20861624429176,126.8274010248971,37.19607113010656,2024-10-24 11:52:43
610,58,33,11,,,126.83559800614272,37.209010426514034,126.82990622045978,37.20075890134958,2024-10-24 11:52:44
611,56,41,11,,,126.83442722363117,37.20628793303839,126.83473535309511,37.19693969414056,2024-10-24 11:53:27
612,33,56,11,,,126.82872815881892,37.20007902217674,126.83461036066602,37.20476163496023,2024-10-24 11:53:34
613,56,17,11,,,126.834462665022,37.204922579670566,126.82651241270985,37.19593813767359,2024-10-24 11:54:00
614,17,54,11,,,126.82560912354373,37.195894767744534,126.83204580809583,37.21093743315386,2024-10-24 11:54:20
615,69,30,11,,,126.83825805421091,37.20650962062226,126.83168056053402,37.198583431906115,2024-10-24 11:54:40
616,72,70,11,,,126.81068092711635,37.20726331543992,126.83824547453631,37.209304525466486,2024-10-24 11:54:45
617,56,41,11,,,126.83495643813102,37.205501568431636,126.83518590150248,37.19672185458043,2024-10-24 11:55:05
618,10,17,11,,,126.81728653784684,37.209412074311786,126.82694352754211,37.195939604109704,2024-10-24 11:55:27
619,70,18,11,,,126.83688089738585,37.210520882539555,126.82362564168083,37.19549777704342,2024-10-24 11:55:59
620,32,56,11,,,126.83251923403147,37.20226007720665,126.83434581357814,37.20552565245241,2024-10-24 11:56:09
621,70,33,11,,,126.8381913037232,37.20934069291808,126.82848235222588,37.20154093266044,2024-10-24 11:56:13
622,41,70,11,,,126.83348427468539,37.19711511880413,126.8377013050969,37.21025483249859,2024-10-24 11:57:07
623,58,33,11,,,126.8341522691094,37.208845576214706,126.82983213168384,37.20033581760078,2024-10-24 11:57:18
624,31,58,11,,,126.82842472824503,37.197737989124235,126.83572484124845,37.20858945020061,2024-10-24 11:57:20
625,56,17,11,,,126.83451202837527,37.20595973003312,126.82642466457851,37.19680513849719,2024-10-24 11:57:49
626,58,19,11,,,126.83422504252903,37.2074832307482,126.82970664220912,37.194762781749816,2024-10-24 11:58:54
627,26,37,11,,,126.81737231110894,37.193245768922246,126.82189117854844,37.19669667314048,2024-10-24 11:59:05
628,10,17,11,,,126.8170974675196,37.20972168007153,126.82612467843231,37.1973510820757,2024-10-24 11:59:22
629,56,41,11,,,126.8356815592276,37.205180448265764,126.83329451282927,37.19773881585976,2024-10-24 11:59:37
630,58,33,12,,,126.83538645332659,37.20881215088548,126.82970132287176,37.20016342911011,2024-10-24 12:01:13
631,51,34,12,,,126.82028196886749,37.210095121293065,126.82239383102275,37.2026761453511,2024-10-24 12:01:22
632,69,30,12,,,126.83693222402532,37.20690310095004,126.83207612558964,37.198664111671356,2024-10-24 12:01:29
633,56,41,12,,,126.83590366790727,37.205953720433875,126.83407293169908,37.1967148078242,2024-10-24 12:01:44
634,17,54,12,,,126.82604205327,37.196133803753625,126.83289465072941,37.21081108834538,2024-10-24 12:02:12
635,69,30,12,,,126.8378748967121,37.2064741001458,126.83202131438402,37.19947342809524,2024-10-24 12:02:33
636,70,32,12,,,126.83863944645407,37.20963580682619,126.83196055365522,37.20212291255269,2024-10-24 12:02:41
637,59,15,12,,,126.8320440520716,37.20802546525663,126.81724233318779,37.206104612779406,2024-10-24 12:04:27
638,58,19,12,,,126.8345221670792,37.208403093966936,126.82922758464724,37.194274460631526,2024-10-24 12:04:51
639,70,42,12,,,126.83859931722223,37.21024202110009,126.83082767274236,37.19513473781091,2024-10-24 12:06:29
640,42,70,12,,,126.83167625137598,37.196965249488976,126.83739091890725,37.20874151018439,2024-10-24 12:06:50
641,31,58,12,,,126.82843043167647,37.19699868644215,126.83559704963979,37.208209570370286,2024-10-24 12:07:08
642,41,70,12,,,126.83353219980951,37.19702484007632,126.83833548797486,37.2097153975653,2024-10-24 12:07:40
643,70,18,12,,,126.83781421132552,37.210109049431075,126.82427715717523,37.19590699620924,2024-10-24 12:07:46
644,58,19,12,,,126.83586586620864,37.208399727737465,126.8297547910866,37.19520197799664,2024-10-24 12:08:02
645,56,17,12,,,126.83439260589729,37.20600526801383,126.82629782631149,37.19674721371973,2024-10-24 12:08:27
646,12,19,12,,,126.8197121156299,37.20574038301724,126.82914472110151,37.19490856552301,2024-10-24 12:09:18
647,58,33,12,,,126.83556441638146,37.20809142151742,126.82928943506892,37.20122366521923,2024-10-24 12:09:46
648,32,59,12,,,126.83100685691402,37.200855514425186,126.83309544217877,37.2065530343159,2024-10-24 12:10:29
649,54,33,12,,,126.83309102722129,37.209324708429065,126.82987530623667,37.20047255314639,2024-10-24 12:10:51
650,56,31,12,,,126.8354683899784,37.20635056194612,126.82853292342419,37.19727892281324,2024-10-24 12:11:07
651,33,70,12,,,126.82993119482006,37.20161011262104,126.83766548299778,37.20879190129602,2024-10-24 12:11:24
652,56,32,12,,,126.83392565716235,37.20584520319394,126.83260939690807,37.2012512856045,2024-10-24 12:11:49
653,33,56,12,,,126.82907716375162,37.20040782391404,126.83399796355751,37.20501608517527,2024-10-24 12:12:37
654,56,33,12,,,126.83543967848473,37.204942777885655,126.82992513302268,37.20146515695385,2024-10-24 12:12:51
655,56,17,12,,,126.83555574229149,37.2051908742899,126.82667643906443,37.19677989299147,2024-10-24 12:13:35
656,58,33,12,,,126.836107462668,37.20814399437199,126.83028757188919,37.201451473110986,2024-10-24 12:13:40
657,11,58,12,,,126.81400742934062,37.20887002414329,126.83573792835843,37.20781357434743,2024-10-24 12:13:45
658,58,33,12,,,126.83447029098241,37.208981041164556,126.82929342755868,37.201194750336654,2024-10-24 12:14:17
659,10,40,12,,,126.81797550638434,37.209489646556975,126.83219715491401,37.193076742938615,2024-10-24 12:14:58
660,56,31,12,,,126.83444689686665,37.20599830978513,126.82813032598516,37.197669300031606,2024-10-24 12:15:22
661,70,33,12,,,126.83816199946408,37.208545005296855,126.82998473770795,37.2014795429529,2024-10-24 12:16:00
662,17,58,12,,,126.82604465680456,37.196463260490965,126.83605923871832,37.20873102814261,2024-10-24 12:16:14
663,10,38,12,,,126.81764274743604,37.20887131634186,126.82328066558722,37.20215423140641,2024-10-24 12:16:27
664,37,72,12,,,126.8217149526855,37.19706310268868,126.81081592203145,37.20779068941353,2024-10-24 12:17:36
665,56,19,12,,,126.83528643078336,37.20614084156192,126.82863932046008,37.194604967510024,2024-10-24 12:17:39
666,19,10,12,,,126.82925254127125,37.19445419732595,126.817584217125,37.20903922466353,2024-10-24 12:18:06
667,33,54,12,,,126.8292614146797,37.20161989825636,126.8332416415707,37.20942449234133,2024-10-24 12:19:55
668,70,33,12,,,126.83691889359076,37.20906777934428,126.83006255427574,37.2012921396922,2024-10-24 12:20:12
669,32,58,12,,,126.83109849665576,37.20122160129167,126.83581278847893,37.20860219421784,2024-10-24 12:20:18
670,56,32,12,,,126.83532746610102,37.20606840026916,126.83279019171982,37.20129726183821,2024-10-24 12:20:51
671,17,54,12,,,126.82599465397571,37.197237630188326,126.8316754842379,37.20954889107084,2024-10-24 12:20:56
672,56,41,12,,,126.83435345609607,37.20609601904611,126.83480559443751,37.19726522548187,2024-10-24 12:23:25
673,58,42,12,,,126.83433849591593,37.2080828391231,126.8311631140412,37.19612206611283,2024-10-24 12:23:30
674,11,17,12,,,126.81338232439154,37.20908509332492,126.82730073691641,37.1971707618483,2024-10-24 12:24:29
675,58,33,12,,,126.83591709225364,37.20935879183309,126.82937634094856,37.201179478340315,2024-10-24 12:25:28
676,56,41,12,,,126.83507477711295,37.206116383484435,126.83486782972903,37.198185462738955,2024-10-24 12:26:30
677,10,17,12,,,126.81606230304835,37.208879133709274,126.82546422636734,37.196963872947116,2024-10-24 12:26:30
678,72,56,12,,,126.8111855333312,37.208100621934356,126.83561007286418,37.20541435027247,2024-10-24 12:27:19
679,69,30,12,,,126.83704289726819,37.20576196474669,126.83119742528773,37.19990068781754,2024-10-24 12:27:32
680,33,56,12,,,126.82949372626203,37.20160719393871,126.83559032404098,37.20575012310526,2024-10-24 12:28:15
681,23,32,12,,,126.82057086028507,37.19177928602902,126.83120208288895,37.20183855265713,2024-10-24 12:28:15
682,70,17,12,,,126.83702856167294,37.21020083473968,126.82564108858315,37.19720717269063,2024-10-24 12:28:35
683,58,33,12,,,126.83489971230935,37.20938931028238,126.82871310187987,37.199741233501314,2024-10-24 12:29:17
684,32,54,12,,,126.83120174139162,37.20106071227644,126.83205185693973,37.20960457544728,2024-10-24 12:29:38
685,33,56,12,,,126.82876675793798,37.20059589877667,126.83403200844744,37.2051800432795,2024-10-24 12:30:01
686,31,54,12,,,126.82978174623821,37.19699770441774,126.83230932224048,37.20978329172007,2024-10-24 12:30:48
687,33,56,12,,,126.82963635348692,37.20064397648861,126.83499698176655,37.20482519304805,2024-10-24 12:32:08
688,26,37,12,,,126.81850925521168,37.194105150566855,126.82071191212216,37.19794009079828,2024-10-24 12:32:43
689,10,17,12,,,126.8169795360837,37.209427297951805,126.82641040595736,37.197594994274795,2024-10-24 12:32:44
690,32,11,12,,,126.83186187243797,37.20215551401496,126.8145405465034,37.2085644036672,2024-10-24 12:32:57
691,54,33,12,,,126.83340626636566,37.21071246108429,126.82934481278264,37.20130781764916,2024-10-24 12:33:04
692,17,12,12,,,126.82575402478818,37.19706800077289,126.81963453237563,37.205726147467146,2024-10-24 12:33:15
693,59,41,12,,,126.83182449963239,37.20709627937002,126.8350722111446,37.19809212398619,2024-10-24 12:33:27
694,11,32,12,,,126.81367702478741,37.208341382519706,126.83111156172328,37.20082243220418,2024-10-24 12:33:36
695,54,33,12,,,126.8317297847432,37.210952139676564,126.82998013324358,37.200051309758024,2024-10-24 12:35:47
696,58,32,12,,,126.83424120341053,37.20805536610976,126.83127395628803,37.20245498426258,2024-10-24 12:36:10
697,42,70,12,,,126.8323066709824,37.19687566472471,126.83812830854058,37.209067802559076,2024-10-24 12:36:33
698,31,59,12,,,126.83004630431596,37.19873395392569,126.83341819976489,37.20705367876578,2024-10-24 12:37:20
699,40,72,12,,,126.83097899646056,37.193094607884106,126.81155818151194,37.206728403713875,2024-10-24 12:37:58
700,58,17,12,,,126.83432828559687,37.20782092631774,126.8259229231474,37.19602552852099,2024-10-24 12:38:06
701,11,17,12,,,126.81522264826418,37.207541337897496,126.8270264217725,37.197443033923065,2024-10-24 12:38:28
702,42,70,12,,,126.83062581519802,37.19633331745936,126.8371064385404,37.20909035758281,2024-10-24 12:39:03
703,33,56,12,,,126.82926679793958,37.2014290906032,126.8357142841108,37.2048008293925,2024-10-24 12:39:05
704,69,30,12,,,126.83791819437322,37.20771307574776,126.83081452836242,37.19923806400536,2024-10-24 12:40:32
705,59,33,12,,,126.83231497802468,37.207426012884625,126.82858185223769,37.201039343173704,2024-10-24 12:40:42
706,11,33,12,,,126.81437880828038,37.207694751200044,126.83015006574927,37.19966714985713,2024-10-24 12:41:04
707,42,70,12,,,126.83135432365357,37.196477018881886,126.83857664846249,37.2093311147872,2024-10-24 12:41:33
708,17,54,12,,,126.82585209387423,37.19734362382679,126.83202259168453,37.210371374805405,2024-10-24 12:41:53
709,33,58,12,,,126.83021278301032,37.19996067817238,126.83603120243531,37.2083567340745,2024-10-24 12:42:20
710,32,59,12,,,126.8313985753712,37.201946935777805,126.83178931194799,37.20642924898275,2024-10-24 12:42:40
711,58,33,12,,,126.83475990761276,37.209431935347524,126.82921837983456,37.19978181004081,2024-10-24 12:43:04
712,17,56,12,,,126.82727899503338,37.19690074073384,126.83539941636433,37.20492420602925,2024-10-24 12:43:39
713,54,33,12,,,126.83255532162067,37.209372048194446,126.8291286140991,37.2014926484752,2024-10-24 12:44:04
714,70,42,12,,,126.83753378800762,37.20888055385145,126.83179449792368,37.195990822189025,2024-10-24 12:44:10
715,58,19,12,,,126.83484364626149,37.207637254246166,126.82848035966127,37.195523248615835,2024-10-24 12:44:40
716,70,17,12,,,126.83785935166752,37.2087414889931,126.82680707213868,37.1970152357952,2024-10-24 12:45:10
717,70,33,12,,,126.8387176252306,37.20952773735645,126.82846436980468,37.20122483530953,2024-10-24 12:45:40
718,56,41,12,,,126.83450911936522,37.205359913556286,126.83455102969627,37.196535928606906,2024-10-24 12:45:51
719,35,32,12,,,126.82001835332575,37.20184414489524,126.83266744200704,37.20200095714624,2024-10-24 12:46:38
720,56,33,12,,,126.83403640381592,37.20485912835412,126.82959546286865,37.201642504796006,2024-10-24 12:46:43
721,70,10,12,,,126.83770736177703,37.20877110895142,126.81651565369896,37.20858545246573,2024-10-24 12:47:05
722,50,37,12,,,126.82287087381198,37.21097567226301,126.82205480939143,37.198265273676974,2024-10-24 12:47:08
723,32,56,12,,,126.8328503729703,37.20185472958641,126.83522992549355,37.20572317015616,2024-10-24 12:47:35
724,70,11,12,,,126.83820911725759,37.208845783494986,126.8139281441616,37.208517755996986,2024-10-24 12:47:54
725,17,54,12,,,126.82618882230084,37.1976670365613,126.83360225630513,37.211182040754935,2024-10-24 12:47:55
726,12,17,12,,,126.81903860270376,37.205672508101415,126.82600914975373,37.19597170458196,2024-10-24 12:48:05
727,33,58,12,,,126.82945671324796,37.19973523985148,126.83527605027975,37.20849228939589,2024-10-24 12:48:45
728,19,10,12,,,126.8286380633145,37.19403739107214,126.81794838076303,37.20980343132873,2024-10-24 12:49:10
729,70,33,12,,,126.83733051740464,37.208742110255926,126.83029160523894,37.20012810343734,2024-10-24 12:49:23
730,54,33,12,,,126.83332353508811,37.2100796957205,126.82914781883284,37.20020462282638,2024-10-24 12:50:46
731,33,56,12,,,126.82850767861947,37.201058724766455,126.83552509002293,37.205979201640744,2024-10-24 12:51:21
732,58,33,12,,,126.83439189138439,37.20901815951474,126.82917309282344,37.20053320569294,2024-10-24 12:52:07
733,10,17,12,,,126.81647570136866,37.20950624017944,126.82590133355428,37.19608888985816,2024-10-24 12:52:20
734,11,70,12,,,126.81437850100924,37.20747897450066,126.83696379641127,37.20926930900355,2024-10-24 12:52:51
735,56,31,12,,,126.83527312917118,37.2065771960044,126.82835484945173,37.197798480051674,2024-10-24 12:53:16
736,58,19,12,,,126.83487644432877,37.209232341701515,126.82879371037498,37.19520597014756,2024-10-24 12:53:48
737,72,70,12,,,126.81241411492307,37.207019481717055,126.83708375635162,37.20887308675715,2024-10-24 12:54:36
738,56,40,12,,,126.83471692656063,37.206262977242375,126.83060660186698,37.19293906937177,2024-10-24 12:54:46
739,58,19,12,,,126.83595832899489,37.20857671791434,126.8296653714343,37.19592867551754,2024-10-24 12:55:10
740,10,17,12,,,126.81612735957337,37.20989533890239,126.82646448403021,37.19775270288846,2024-10-24 12:55:20
741,33,56,12,,,126.83024552878558,37.20071094741101,126.83578145257934,37.20601705515772,2024-10-24 12:55:52
742,17,70,12,,,126.82668382482208,37.197187571867886,126.83771199306734,37.21031283632917,2024-10-24 12:56:05
743,56,33,12,,,126.83507770401981,37.20589013148532,126.83031313213716,37.199680478009725,2024-10-24 12:56:16
744,70,19,12,,,126.8372220795791,37.209585821513926,126.8284568915206,37.19544170225765,2024-10-24 12:56:45
745,56,17,12,,,126.83397487179714,37.204758174324674,126.82612636960984,37.19587075880498,2024-10-24 12:57:08
746,56,33,12,,,126.83503164394263,37.2063216761316,126.82887962713305,37.20085332794945,2024-10-24 12:57:34
747,10,56,12,,,126.8164832793783,37.20868568640247,126.83538493991036,37.205278928029536,2024-10-24 12:57:42
748,56,33,12,,,126.83441272712668,37.205340337691496,126.82966866569019,37.20059917889536,2024-10-24 12:58:08
749,70,33,12,,,126.83842192540452,37.209120663653216,126.82979135376901,37.200291197078286,2024-10-24 12:58:10
750,54,17,12,,,126.8318683232051,37.21058584018319,126.82567439048822,37.197507440291794,2024-10-24 12:58:35
751,56,33,12,,,126.83522096891859,37.20519668915353,126.82961720631485,37.20157015846059,2024-10-24 12:58:48
752,11,58,12,,,126.81336973704457,37.20790431093928,126.83596752776421,37.20863187295231,2024-10-24 12:59:16
753,56,17,12,,,126.83501139714933,37.205592083871075,126.8270809269868,37.196458138249305,2024-10-24 12:59:25
754,41,56,12,,,126.8346366245701,37.19622068287343,126.83547210102996,37.205818071468414,2024-10-24 12:59:37
755,72,33,12,,,126.81138711145626,37.20764213796473,126.82854193737722,37.200351228309884,2024-10-24 12:59:58
756,58,17,13,,,126.83570439969337,37.20808508416359,126.82668729653496,37.19719403849605,2024-10-24 13:00:19
757,56,33,13,,,126.8350188691994,37.205749967668474,126.82832433305556,37.19991225318223,2024-10-24 13:00:45
758,33,58,13,,,126.82872044782287,37.20115312279685,126.83585396894622,37.209196354524764,2024-10-24 13:00:53
759,58,19,13,,,126.83539633245816,37.20915782914794,126.82902399069314,37.19566011355681,2024-10-24 13:01:16
760,54,17,13,,,126.83231376244557,37.21055857721538,126.82729559478715,37.1976015051022,2024-10-24 13:02:43
761,70,11,13,,,126.83800342851988,37.20879529952864,126.81435119688409,37.207526581412665,2024-10-24 13:02:56
762,11,58,13,,,126.81442690239155,37.20827099198104,126.83576728608068,37.208215929787166,2024-10-24 13:03:26
763,33,56,13,,,126.82890455450935,37.20104697256509,126.83397334247461,37.20615010718904,2024-10-24 13:04:14
764,10,38,13,,,126.81663865300257,37.20886148807419,126.82452470611756,37.20172884879423,2024-10-24 13:04:19
765,56,17,13,,,126.83421623886255,37.2061367009443,126.8260690501972,37.196688090712115,2024-10-24 13:04:55
766,56,31,13,,,126.83491440360994,37.20535831957044,126.82946197858827,37.19742995883629,2024-10-24 13:04:57
767,11,58,13,,,126.81492843382753,37.20817532250616,126.8358462579176,37.20835485177346,2024-10-24 13:05:22
768,56,17,13,,,126.83426471403523,37.204789415351264,126.82554650363075,37.19627345624358,2024-10-24 13:05:58
769,58,33,13,,,126.83513741400857,37.20825222491742,126.83001023705762,37.20099113984312,2024-10-24 13:06:10
770,70,33,13,,,126.8370793908807,37.20950401116896,126.82996931693472,37.20087273216601,2024-10-24 13:06:21
771,56,41,13,,,126.83506992101493,37.20503775447784,126.83395007704495,37.19809903509147,2024-10-24 13:06:42
772,33,56,13,,,126.82860492680068,37.199716327146874,126.83430853454264,37.20598342765048,2024-10-24 13:07:16
773,56,33,13,,,126.83550804981533,37.205005635262495,126.83001704882227,37.2013702851199,2024-10-24 13:07:49
774,10,17,13,,,126.8169864226668,37.20930442165247,126.8262869952068,37.197544828097726,2024-10-24 13:08:55
775,32,11,13,,,126.83220427466902,37.20102286473307,126.81435050049708,37.20903000702748,2024-10-24 13:09:06
776,69,30,13,,,126.8370542360736,37.20660351268196,126.8313366638461,37.19896001131484,2024-10-24 13:09:29
777,17,56,13,,,126.82689064122702,37.197413317561434,126.83441730833061,37.20546134080738,2024-10-24 13:09:35
778,11,17,13,,,126.81444259972548,37.208935199359125,126.82551475167674,37.19774522349112,2024-10-24 13:10:08
779,69,30,13,,,126.83731870042998,37.206097526632064,126.83101170527505,37.19936553418546,2024-10-24 13:10:15
780,56,41,13,,,126.83463771657948,37.205774023308756,126.83409241511283,37.196828621597774,2024-10-24 13:10:24
781,58,33,13,,,126.83603050313248,37.20781694496994,126.8302497444971,37.20098460947827,2024-10-24 13:10:52
782,11,33,13,,,126.81430920717438,37.207406863801616,126.83025456347498,37.200147566497755,2024-10-24 13:11:17
783,70,33,13,,,126.83750407574826,37.209987902894895,126.82949546535929,37.20057272315464,2024-10-24 13:11:26
784,37,72,13,,,126.82049945428969,37.19789376268321,126.81120009164232,37.20625727054,2024-10-24 13:11:51
785,42,70,13,,,126.83212340033569,37.196156605730124,126.8379048935093,37.20885827028377,2024-10-24 13:12:33
786,35,32,13,,,126.81837866666918,37.20156171384778,126.83137317893274,37.20211182242518,2024-10-24 13:13:12
787,17,58,13,,,126.82726605196459,37.196144727042665,126.83504717148583,37.208244447581954,2024-10-24 13:13:22
788,17,54,13,,,126.82611589740344,37.19577403413719,126.83327171385584,37.21046079685478,2024-10-24 13:15:08
789,17,54,13,,,126.82606956469739,37.19745827512081,126.83287179072768,37.21072830729357,2024-10-24 13:15:13
790,33,56,13,,,126.829436814483,37.20115060833611,126.83547734405386,37.20511811023808,2024-10-24 13:15:18
791,70,33,13,,,126.83708315959606,37.20929595200298,126.82935969606345,37.19969890811891,2024-10-24 13:15:41
792,69,30,13,,,126.83725470407202,37.20655294265064,126.83212550368204,37.19815760616368,2024-10-24 13:15:43
793,58,33,13,,,126.83487194984014,37.207584376924956,126.82872782152685,37.19975139974604,2024-10-24 13:15:49
794,31,59,13,,,126.83001740834553,37.197397477398525,126.83235333897677,37.208318760897114,2024-10-24 13:16:56
795,40,72,13,,,126.83149471496519,37.192560030955626,126.81130299272719,37.20668603437032,2024-10-24 13:18:02
796,58,19,13,,,126.834401691134,37.209138874719685,126.82962196077762,37.19550077434865,2024-10-24 13:18:53
797,56,41,13,,,126.83456542186455,37.2056146417535,126.83462271658561,37.197514799780535,2024-10-24 13:21:41
798,69,30,13,,,126.83755847472096,37.2066974384058,126.83177871879835,37.199139350729126,2024-10-24 13:23:33
799,42,70,13,,,126.83245150040975,37.1957025418698,126.83776844757662,37.209776090500704,2024-10-24 13:24:37
800,59,41,13,,,126.83189344607368,37.20832312581399,126.83487027385739,37.19700763968388,2024-10-24 13:25:41
801,59,33,13,,,126.83275432065771,37.20710837115327,126.82934759917252,37.20133672099971,2024-10-24 13:25:50
802,72,33,13,,,126.81225110922749,37.20687703770162,126.82998865440548,37.201481500617554,2024-10-24 13:26:01
803,54,33,13,,,126.8331198396413,37.20970665560715,126.82934800902257,37.1997151943238,2024-10-24 13:26:20
804,42,70,13,,,126.83099328001923,37.195299284263335,126.83748250022894,37.20896623691911,2024-10-24 13:27:32
805,12,17,13,,,126.81936167360185,37.20461333876983,126.8255874105401,37.195769979672555,2024-10-24 13:27:32
806,70,17,13,,,126.83794594260381,37.20973824434433,126.82684471404528,37.19580688031287,2024-10-24 13:27:40
807,33,56,13,,,126.83026591882154,37.20157918680439,126.83501297890318,37.205268227254734,2024-10-24 13:28:26
808,56,19,13,,,126.8346877334426,37.20527572778479,126.82787798697352,37.1942714402804,2024-10-24 13:29:33
809,33,58,13,,,126.83013724613157,37.20132574982827,126.83542834424034,37.20886791273991,2024-10-24 13:30:14
810,51,34,13,,,126.81997919345933,37.209900084883074,126.82119579221326,37.20389146135378,2024-10-24 13:30:25
811,11,70,13,,,126.81528725272997,37.20788925637151,126.83685427145684,37.21003000722805,2024-10-24 13:30:31
812,58,19,13,,,126.8356826133923,37.20834937054926,126.8280838543912,37.195008771522026,2024-10-24 13:31:35
813,70,19,13,,,126.83715986676712,37.21027413409672,126.82906786654742,37.19569555590656,2024-10-24 13:32:10
814,70,10,13,,,126.83714122571887,37.20896093720084,126.81605506918913,37.21000499233253,2024-10-24 13:32:42
815,32,59,13,,,126.83288457307145,37.201912117263966,126.83279613453568,37.20779802486027,2024-10-24 13:32:47
816,31,58,13,,,126.82892755076183,37.19861306677264,126.83551811054,37.20867664198924,2024-10-24 13:34:24
817,70,33,13,,,126.83847176157032,37.209908264961136,126.82866911774606,37.20087680490008,2024-10-24 13:34:25
818,26,37,13,,,126.81917350720269,37.194089853572066,126.8206080472075,37.19780723913641,2024-10-24 13:34:42
819,56,33,13,,,126.83427671515369,37.20492782952718,126.82881975693313,37.200899552710844,2024-10-24 13:34:59
820,58,19,13,,,126.83560016870334,37.207851518460814,126.829321039853,37.1952880665273,2024-10-24 13:36:46
821,58,33,13,,,126.83568347394692,37.20840286250369,126.82876088667267,37.20039742012457,2024-10-24 13:36:50
822,32,59,13,,,126.83164398856451,37.202135128669234,126.83215212316954,37.20660858810185,2024-10-24 13:37:02
823,17,54,13,,,126.82680981155279,37.19681361041481,126.83200019915996,37.20928503071355,2024-10-24 13:37:23
824,56,40,13,,,126.83500805892747,37.20556544970033,126.83046146836463,37.192881203230435,2024-10-24 13:37:28
825,50,37,13,,,126.82334164056753,37.21214789047703,126.82159862360312,37.196441211103746,2024-10-24 13:38:19
826,70,17,13,,,126.83715141593176,37.20883325949891,126.82643890083155,37.19761453398291,2024-10-24 13:39:04
827,42,70,13,,,126.83069664544797,37.196215713514896,126.83786952333351,37.20995489242153,2024-10-24 13:39:05
828,72,56,13,,,126.81090963336095,37.20637143589075,126.83437375548937,37.205597201766956,2024-10-24 13:39:19
829,10,17,13,,,126.81714806397495,37.20930361204081,126.82662826576286,37.1966459658516,2024-10-24 13:40:19
830,56,33,13,,,126.8350037806085,37.20543108269469,126.8287343791588,37.199836036577864,2024-10-24 13:40:43
831,12,19,13,,,126.81952248782387,37.20571500417104,126.82899085426278,37.1958150505548,2024-10-24 13:41:14
832,56,31,13,,,126.83543927819017,37.20481592973582,126.82888044778662,37.19772563793755,2024-10-24 13:41:24
833,70,33,13,,,126.83857423847464,37.20973915689248,126.82981903967949,37.20072864276471,2024-10-24 13:41:58
834,32,56,13,,,126.8314186511622,37.201181189835815,126.83528195230275,37.20607168836421,2024-10-24 13:43:11
835,19,10,13,,,126.8290438113344,37.19570976123212,126.81691118630674,37.209882552687006,2024-10-24 13:43:13
836,11,32,13,,,126.81433704639585,37.20912587615751,126.8319908956312,37.20168508259506,2024-10-24 13:43:55
837,58,19,13,,,126.83581666545992,37.20867190993427,126.82814619245603,37.19575225606789,2024-10-24 13:44:04
838,58,42,13,,,126.83554055197494,37.20810679682226,126.83221017816832,37.196158138963725,2024-10-24 13:44:16
839,54,33,13,,,126.8326996778248,37.20957849926971,126.82864906299585,37.20156220650366,2024-10-24 13:44:28
840,17,12,13,,,126.82730632970626,37.19711258898316,126.81835596200565,37.20451534662962,2024-10-24 13:44:41
841,19,10,13,,,126.8288745842709,37.195213461090376,126.81601885236816,37.21026597185213,2024-10-24 13:44:57
842,56,32,13,,,126.83422137665642,37.20470455759566,126.83249273359289,37.201186236172695,2024-10-24 13:45:06
843,70,18,13,,,126.83871324093639,37.210182135918984,126.82393429113789,37.195122179426306,2024-10-24 13:45:10
844,11,17,13,,,126.81428977060672,37.208710437253515,126.82668842835189,37.19709706152944,2024-10-24 13:45:10
845,56,41,13,,,126.83410881982267,37.205953865254344,126.83503603750862,37.19743498683309,2024-10-24 13:45:49
846,32,58,13,,,126.83242001865703,37.20101184817896,126.83448870486777,37.209409013588356,2024-10-24 13:45:54
847,56,33,13,,,126.83583946049497,37.20641687553089,126.82961015459473,37.201400060809064,2024-10-24 13:46:14
848,70,42,13,,,126.8372777057119,37.209599162336616,126.83212999502732,37.196719993547475,2024-10-24 13:47:37
849,41,56,13,,,126.83331568150557,37.19807094417972,126.83510249037215,37.20650017576987,2024-10-24 13:48:26
850,17,54,13,,,126.82683744644685,37.19708397465446,126.83319052832671,37.20942152121055,2024-10-24 13:48:55
851,56,31,13,,,126.83542065090151,37.20587961801077,126.82949198533294,37.198021501665245,2024-10-24 13:49:10
852,10,17,13,,,126.81789511108882,37.20845555513107,126.82623767487954,37.196088431036564,2024-10-24 13:49:35
853,58,33,13,,,126.83601142998579,37.208922663551576,126.8298372181331,37.199746622516464,2024-10-24 13:50:14
854,23,32,13,,,126.82168405169719,37.19089026525334,126.83196508969675,37.20242413694314,2024-10-24 13:50:15
855,56,33,13,,,126.83459643300782,37.2064500120449,126.82960613638454,37.200491091856414,2024-10-24 13:50:36
856,33,56,13,,,126.83028133816467,37.201236847249554,126.8342015864884,37.20600969995028,2024-10-24 13:51:12
857,33,70,13,,,126.82979117344242,37.20084255354471,126.83826856224057,37.20893246746226,2024-10-24 13:51:32
858,10,40,13,,,126.81745772419937,37.20982550996438,126.8322382657102,37.19274786773404,2024-10-24 13:52:23
859,58,32,13,,,126.83594568662404,37.208638727225804,126.83208616441752,37.20184969271883,2024-10-24 13:52:30
860,54,33,13,,,126.83327752189957,37.20994339057817,126.82840197669924,37.200556896659506,2024-10-24 13:52:35
861,58,33,13,,,126.8358474077775,37.20863785611168,126.82931651972018,37.19993354538325,2024-10-24 13:52:42
862,54,33,13,,,126.831686549597,37.21026942415577,126.8296549436297,37.19979672650857,2024-10-24 13:52:47
863,41,70,13,,,126.83446701767912,37.19806071900992,126.83779983508146,37.20986330972067,2024-10-24 13:52:48
864,54,33,13,,,126.83304269879059,37.209619824757574,126.82872543251338,37.201337113019854,2024-10-24 13:52:48
865,70,42,13,,,126.83768172684961,37.20989664801929,126.83230053245849,37.19595676119546,2024-10-24 13:52:53
866,10,17,13,,,126.81606780957196,37.20905546016939,126.82708269239937,37.197138568508365,2024-10-24 13:53:11
867,17,70,13,,,126.82608148654347,37.19615079776971,126.83691173392296,37.21005382798236,2024-10-24 13:53:20
868,58,33,13,,,126.83507242792726,37.208181157331246,126.82840714829243,37.20057506976395,2024-10-24 13:54:01
869,70,32,13,,,126.83835371342444,37.20970482157399,126.83202083558659,37.2019929281996,2024-10-24 13:54:14
870,56,32,13,,,126.8350001786454,37.206237888518615,126.8312873768446,37.202666773251934,2024-10-24 13:54:23
871,33,56,13,,,126.82970014552785,37.20105803985872,126.83467189496432,37.2047368790555,2024-10-24 13:54:31
872,58,33,13,,,126.83550140278292,37.20942236100034,126.82859501476274,37.20118019500691,2024-10-24 13:55:03
873,33,56,13,,,126.82954649104494,37.20057097187341,126.83503249967485,37.20599397131999,2024-10-24 13:55:34
874,31,54,13,,,126.82886503242861,37.19710704920272,126.83343728015167,37.21039456653745,2024-10-24 13:55:39
875,56,17,13,,,126.8344260256261,37.20509821056283,126.82666605397553,37.19654570544889,2024-10-24 13:56:05
876,56,17,13,,,126.8358611775508,37.206048405025484,126.82669874176491,37.19732005372252,2024-10-24 13:56:34
877,59,15,13,,,126.83260491043444,37.207861597011416,126.81653998850399,37.20666327749943,2024-10-24 13:56:59
878,33,54,13,,,126.83006922784733,37.20073358847177,126.83169742945476,37.210038247232184,2024-10-24 13:57:26
879,32,54,13,,,126.83272064086194,37.20214949334259,126.83354291257947,37.21061722320663,2024-10-24 13:57:33
880,72,70,13,,,126.81183845184941,37.20634363723598,126.83733434315178,37.20962699134263,2024-10-24 13:58:38
881,10,56,13,,,126.81705638346327,37.209014863623274,126.83409921398503,37.206044079661545,2024-10-24 13:59:36
882,17,12,14,,,126.82557930507143,37.19772093204349,126.81904627895896,37.20434053541473,2024-10-24 14:00:01
883,10,17,14,,,126.81758902207743,37.20975656001415,126.82564127665424,37.1969256145332,2024-10-24 14:00:22
884,10,17,14,,,126.81642101450515,37.20908832210314,126.82622330960062,37.19737821454731,2024-10-24 14:00:29
885,56,31,14,,,126.83489259301635,37.20601845922046,126.82868944230614,37.19836123104036,2024-10-24 14:00:34
886,56,33,14,,,126.83584816214338,37.20494721790318,126.8302589385874,37.199710044635594,2024-10-24 14:01:19
887,54,33,14,,,126.83271985400724,37.210735341904936,126.82852213018546,37.201657810327134,2024-10-24 14:01:47
888,32,58,14,,,126.83174161884044,37.202442525913284,126.83592932187003,37.20808948841407,2024-10-24 14:02:53
889,58,19,14,,,126.83456865596736,37.20918596993363,126.8291320070504,37.194260685675786,2024-10-24 14:03:33
890,58,33,14,,,126.83444091634011,37.208169689952754,126.82852905669019,37.20073848951592,2024-10-24 14:04:04
891,17,54,14,,,126.82650480475337,37.197607995083814,126.83279011615845,37.210645751913255,2024-10-24 14:04:41
892,11,58,14,,,126.81477490067894,37.20847519103908,126.83493436918582,37.20932002458426,2024-10-24 14:05:27
893,58,19,14,,,126.83609731117205,37.20850093284224,126.82922907375871,37.19498047984713,2024-10-24 14:06:24
894,33,56,14,,,126.82992244853943,37.20110741378319,126.83562134718561,37.20575359938779,2024-10-24 14:06:49
895,10,17,14,,,126.81731332898238,37.20864781950086,126.82711557329881,37.19627690569406,2024-10-24 14:07:16
896,56,17,14,,,126.83530397546193,37.20658200382206,126.82660078784394,37.19612371352156,2024-10-24 14:09:13
897,56,41,14,,,126.83434310587849,37.204672368986714,126.83480725100443,37.197036441333076,2024-10-24 14:10:17
898,11,32,14,,,126.81459766448882,37.20803534067783,126.83264573670071,37.20235524344355,2024-10-24 14:10:58
899,56,17,14,,,126.83523582797872,37.20470006187899,126.82605602207958,37.19749037787643,2024-10-24 14:11:38
900,33,58,14,,,126.82858321674674,37.20050882420238,126.83539438343823,37.209245195421076,2024-10-24 14:12:03
901,59,41,14,,,126.83268711677775,37.20814364234235,126.83447619495257,37.196924105672984,2024-10-24 14:12:39
902,70,10,14,,,126.83796075756185,37.20873703647204,126.81732601962939,37.210010861392945,2024-10-24 14:13:04
903,17,54,14,,,126.8262135323857,37.19667915825892,126.83202195799818,37.209202777396975,2024-10-24 14:13:16
904,33,58,14,,,126.83023256921891,37.199957470335036,126.83574441619236,37.20775775071666,2024-10-24 14:13:23
905,10,38,14,,,126.81757775394675,37.209164718656325,126.82390927421328,37.20128464795528,2024-10-24 14:13:54
906,33,56,14,,,126.82981866490418,37.20050396875141,126.83470991490296,37.205373075265406,2024-10-24 14:14:22
907,23,32,14,,,126.8202732954127,37.1921469479942,126.83291011714392,37.20137796610983,2024-10-24 14:15:02
908,58,33,14,,,126.83421706620729,37.2074765143139,126.82926481473494,37.20123273334487,2024-10-24 14:16:35
909,54,33,14,,,126.83255820927819,37.21066866095035,126.82936775805328,37.199918606278736,2024-10-24 14:16:53
910,17,70,14,,,126.82733773035754,37.19715802396454,126.83835866758461,37.20966586650635,2024-10-24 14:17:04
911,37,72,14,,,126.82152047109186,37.19737668255986,126.81131118022674,37.207075711712186,2024-10-24 14:17:21
912,33,56,14,,,126.82954044146369,37.20060847359384,126.83490626974134,37.205374767595195,2024-10-24 14:18:23
913,32,59,14,,,126.83249956454127,37.20154226371752,126.83249911845226,37.206634269497584,2024-10-24 14:19:07
914,56,40,14,,,126.83533912159254,37.205181309558725,126.83079236384573,37.19375411203629,2024-10-24 14:19:15
915,58,33,14,,,126.83511326346088,37.20854412275574,126.82940151446599,37.2007991863323,2024-10-24 14:20:07
916,72,70,14,,,126.81261065600033,37.206189139732004,126.83744854254924,37.20896917492433,2024-10-24 14:20:36
917,58,19,14,,,126.83445030234205,37.20933108509541,126.82935563827598,37.19549130291297,2024-10-24 14:21:18
918,33,56,14,,,126.82833791333464,37.20104420396248,126.83507074614607,37.20506442406435,2024-10-24 14:21:32
919,69,30,14,,,126.8379108333763,37.20716572240581,126.83155002650976,37.19900884181174,2024-10-24 14:21:53
920,58,42,14,,,126.83468372839496,37.20892345942237,126.83237983186098,37.19677809234224,2024-10-24 14:22:05
921,58,32,14,,,126.83572186026393,37.20748879001266,126.83179084237027,37.201915898441804,2024-10-24 14:22:09
922,42,70,14,,,126.83152587134563,37.196461778835754,126.83859799809741,37.21001258162826,2024-10-24 14:22:11
923,33,56,14,,,126.83003795742398,37.20038898751603,126.83443442777741,37.205017224176856,2024-10-24 14:22:12
924,40,72,14,,,126.83144172582632,37.19302051105553,126.81133014770262,37.20779603383704,2024-10-24 14:24:38
925,56,32,14,,,126.8356730538451,37.205020061251595,126.83149901800522,37.20162071745461,2024-10-24 14:25:30
926,42,70,14,,,126.8314783880185,37.196342720700244,126.83855524850013,37.21045271816072,2024-10-24 14:26:00
927,54,33,14,,,126.83179947322374,37.20939949312196,126.82941114086506,37.201423164817264,2024-10-24 14:27:06
928,10,56,14,,,126.81772017495847,37.20980982720094,126.83540435809827,37.2059614849912,2024-10-24 14:27:10
929,31,54,14,,,126.82973237064915,37.19819768147218,126.83353468090422,37.20934553213491,2024-10-24 14:27:14
930,69,30,14,,,126.83681518280962,37.20700552314002,126.8309084045156,37.19897732984694,2024-10-24 14:27:58
931,41,56,14,,,126.83497053749487,37.19643843025721,126.83430664592939,37.20656915241479,2024-10-24 14:28:06
932,56,33,14,,,126.83404565761353,37.20501892054449,126.82853498607845,37.19993903093022,2024-10-24 14:28:11
933,70,18,14,,,126.83840723235342,37.21018358233127,126.82395510599288,37.19480559263942,2024-10-24 14:28:23
934,56,33,14,,,126.83494194983183,37.20589356532146,126.82954070581722,37.201265701004985,2024-10-24 14:28:49
935,33,54,14,,,126.8293958092686,37.200622423017585,126.83245932227027,37.21019842491808,2024-10-24 14:28:53
936,10,17,14,,,126.81723393846684,37.20946760281502,126.82620052774267,37.19775323758994,2024-10-24 14:28:54
937,56,31,14,,,126.8347331373193,37.20525865566372,126.82811133290753,37.19716172071676,2024-10-24 14:30:09
938,70,33,14,,,126.83862370314044,37.21040656923779,126.83030797400578,37.20076594554915,2024-10-24 14:30:14
939,58,19,14,,,126.83612215028757,37.20795297898434,126.82933683467701,37.19443318850976,2024-10-24 14:30:14
940,51,34,14,,,126.8205722044176,37.21098133720405,126.8217500092688,37.20355003775235,2024-10-24 14:30:22
941,11,17,14,,,126.81522440160892,37.20882335183735,126.8264223065325,37.1959701974767,2024-10-24 14:30:29
942,54,17,14,,,126.83203966082276,37.21002145261559,126.82686116427914,37.19581584242623,2024-10-24 14:30:44
943,33,56,14,,,126.82857655171041,37.200025561321816,126.83436586320711,37.20579470475136,2024-10-24 14:30:46
944,56,33,14,,,126.83445299796902,37.20587837812075,126.82868985226251,37.20091129042491,2024-10-24 14:31:05
945,70,33,14,,,126.83767288317974,37.2099446301311,126.82989919657297,37.199873987657796,2024-10-24 14:31:18
946,11,33,14,,,126.81419666612119,37.20910885689226,126.82875781386666,37.1997939437771,2024-10-24 14:32:11
947,56,17,14,,,126.83565052625441,37.20557730624629,126.82650270999522,37.19763935538493,2024-10-24 14:32:30
948,31,58,14,,,126.82852735353774,37.19747803119773,126.83449864837452,37.20860607984045,2024-10-24 14:32:31
949,58,33,14,,,126.83609643089117,37.20792400386384,126.82982766842382,37.20124290651594,2024-10-24 14:33:18
950,56,41,14,,,126.83483609864253,37.20663884618528,126.833896297621,37.19777880470731,2024-10-24 14:34:01
951,17,56,14,,,126.82555039138732,37.195982570154385,126.83580276063847,37.205231422941885,2024-10-24 14:34:33
952,26,37,14,,,126.81875478133445,37.193598994392694,126.8208353258329,37.19695030309394,2024-10-24 14:35:15
953,70,32,14,,,126.83826907706477,37.20873376779905,126.8313781465959,37.20180982682458,2024-10-24 14:35:27
954,56,31,14,,,126.83560462268488,37.20627367887127,126.82902861718065,37.19753805547312,2024-10-24 14:35:43
955,69,30,14,,,126.83812572273256,37.20709016364556,126.83134130299646,37.19823919179642,2024-10-24 14:35:46
956,70,11,14,,,126.83799933502331,37.20978747026673,126.81376735682038,37.20735530457115,2024-10-24 14:35:53
957,70,33,14,,,126.83795878853707,37.209853282326186,126.82943112033745,37.201560789553476,2024-10-24 14:35:55
958,70,19,14,,,126.83695950945837,37.208620835603284,126.82975539608262,37.19464263785489,2024-10-24 14:36:06
959,56,19,14,,,126.83460306630845,37.20526224194918,126.8294756046511,37.19511416500142,2024-10-24 14:36:26
960,33,70,14,,,126.8298849392508,37.20110690352341,126.83794301010329,37.20913959766305,2024-10-24 14:36:27
961,59,33,14,,,126.83144908722205,37.2071120030113,126.82907236051675,37.20094183498925,2024-10-24 14:36:58
962,56,41,14,,,126.83429311429397,37.20558321284614,126.83487030177493,37.19787903385466,2024-10-24 14:37:04
963,58,19,14,,,126.83463970494992,37.20850050710796,126.8282636363822,37.19531186878123,2024-10-24 14:37:31
964,70,33,14,,,126.83749375894027,37.20934264364597,126.83031114052153,37.19998213577616,2024-10-24 14:37:32
965,59,15,14,,,126.83250992242527,37.20669846441548,126.8174255064679,37.206421725595376,2024-10-24 14:37:51
966,10,40,14,,,126.81798719364087,37.209305782654994,126.83187513181832,37.193455200201576,2024-10-24 14:37:52
967,70,33,14,,,126.83702976156295,37.20936989849924,126.82903020010916,37.20094303146414,2024-10-24 14:38:06
968,35,32,14,,,126.81822176447078,37.20106877701234,126.83143016041959,37.20107318848236,2024-10-24 14:38:45
969,32,59,14,,,126.8319808364729,37.202484042393024,126.83327966122395,37.20834656696264,2024-10-24 14:39:13
970,41,70,14,,,126.83431267683574,37.197495686245006,126.8373879506628,37.21049827556481,2024-10-24 14:39:18
971,17,54,14,,,126.8273321947764,37.19646583073809,126.83288461524054,37.209746490191236,2024-10-24 14:39:47
972,58,33,14,,,126.83567467346924,37.20776863848699,126.8293141117906,37.200163227377175,2024-10-24 14:40:42
973,70,42,14,,,126.83790998567831,37.20902097441101,126.83165136126826,37.1958655193052,2024-10-24 14:41:32
974,54,33,14,,,126.83298155377564,37.20950402321784,126.82893301468452,37.20143672549855,2024-10-24 14:42:11
975,56,17,14,,,126.83566331712841,37.206140742496096,126.82668519246423,37.19663959498444,2024-10-24 14:43:04
976,42,70,14,,,126.83122566047702,37.196730827443375,126.83796200834689,37.20980207611539,2024-10-24 14:43:43
977,50,37,14,,,126.82191431895404,37.211083226380765,126.82080324286984,37.19771289229747,2024-10-24 14:44:34
978,11,58,14,,,126.8147491229155,37.20829914440311,126.83602451118493,37.20865359972976,2024-10-24 14:44:47
979,54,33,14,,,126.83315963911426,37.209696768513844,126.82873541636036,37.20116526233819,2024-10-24 14:45:11
980,17,54,14,,,126.8265777797767,37.1965599264757,126.83314573950484,37.21022895989582,2024-10-24 14:45:42
981,32,56,14,,,126.83198455549622,37.2026580640899,126.83562290838266,37.20465616664526,2024-10-24 14:46:08
982,58,33,14,,,126.83599477703828,37.208695944319004,126.82956453803784,37.20165972907033,2024-10-24 14:46:49
983,33,56,14,,,126.82922866544605,37.20121759079207,126.8349451399871,37.204883655653774,2024-10-24 14:46:51
984,56,33,14,,,126.83447808341747,37.206012199873705,126.82993189067562,37.201151636648625,2024-10-24 14:47:22
985,12,19,14,,,126.81858637736266,37.20425200362011,126.82834470236918,37.19410695102344,2024-10-24 14:47:40
986,56,33,14,,,126.83468817624782,37.20611715500115,126.82884023392832,37.20042249898491,2024-10-24 14:48:48
987,70,17,14,,,126.83867915527276,37.208681277220634,126.82638843044913,37.19618711642858,2024-10-24 14:49:00
988,58,33,14,,,126.83593040555779,37.207728118949646,126.82918927338575,37.200636387130686,2024-10-24 14:49:27
989,72,56,14,,,126.81121083149092,37.20624532787851,126.8341789011268,37.204675524188744,2024-10-24 14:49:34
990,32,11,14,,,126.83153003651633,37.20123061775747,126.81499579221222,37.20771554838092,2024-10-24 14:50:12
991,72,33,14,,,126.81256517070096,37.20668418032842,126.8291084545008,37.20056078244236,2024-10-24 14:50:49
992,31,59,14,,,126.82991007618814,37.19821650025566,126.8318469806428,37.20737577627801,2024-10-24 14:50:56
993,19,10,14,,,126.82941738672878,37.19471415028406,126.81780322475831,37.209701451686236,2024-10-24 14:51:42
994,56,32,14,,,126.83449457493413,37.20550378991949,126.83101366173969,37.20120893550882,2024-10-24 14:52:17
995,11,17,14,,,126.81442706368128,37.207934009009286,126.82681919931335,37.197163755059044,2024-10-24 14:53:39
996,17,58,14,,,126.82592100621957,37.19679621361582,126.83571985798444,37.20853446138099,2024-10-24 14:54:48
997,12,17,14,,,126.81863690456812,37.20482496823878,126.82642671514708,37.19733755913231,2024-10-24 14:54:52
998,58,33,14,,,126.83559945713276,37.20924224650496,126.8290698112503,37.19970848852973,2024-10-24 14:54:59
999,11,70,14,,,126.81431464800733,37.2076076755735,126.83851986847178,37.208560950093485,2024-10-24 14:55:59
1000,58,17,14,,,126.836082276475,37.2074838855779,126.8261752152447,37.19719900528418,2024-10-24 14:56:32
1001,70,17,14,,,126.83842077309717,37.20869944290521,126.82652165922522,37.19589104061817,2024-10-24 14:56:48
1002,69,30,14,,,126.83695153214161,37.207599314353764,126.83098915516638,37.197993476276466,2024-10-24 14:57:00
1003,32,54,14,,,126.83131121690663,37.20198369852014,126.83351226468362,37.20940685307405,2024-10-24 14:57:05
1004,56,41,14,,,126.83420090535955,37.206144058456196,126.83402064387712,37.196728962435266,2024-10-24 14:57:35
1005,70,42,14,,,126.83834710193496,37.209282968323606,126.83200261922426,37.195976569300925,2024-10-24 14:57:40
1006,42,70,14,,,126.83070910771195,37.196929539257994,126.83744569732592,37.20922678027393,2024-10-24 14:57:57
1007,19,10,14,,,126.82809872572147,37.19408953015222,126.81727750070793,37.20847337086106,2024-10-24 14:58:50
1008,58,19,15,,,126.835062850738,37.2076950688711,126.82934112586985,37.19562829386361,2024-10-24 15:00:06
1009,56,31,15,,,126.83441495165836,37.205888039948924,126.829801043383,37.19776757095427,2024-10-24 15:00:14
1010,58,33,15,,,126.8347996452502,37.20768632812802,126.82945211645901,37.200457881516556,2024-10-24 15:00:25
1011,11,32,15,,,126.81459029849283,37.20852490752273,126.83204799247271,37.20085476061931,2024-10-24 15:00:46
1012,17,54,15,,,126.8257441299743,37.197309002825726,126.83331505653109,37.2098929072933,2024-10-24 15:01:39
1013,58,33,15,,,126.83452111062904,37.209122740141936,126.83015883290793,37.201333433464704,2024-10-24 15:01:59
1014,10,56,15,,,126.81716274450514,37.20979984106365,126.83402057512576,37.20479987408479,2024-10-24 15:02:33
1015,50,37,15,,,126.82228259335743,37.21154181185762,126.82034557849916,37.19807762391448,2024-10-24 15:02:37
1016,32,56,15,,,126.83205805649739,37.201241289001274,126.83469552934378,37.20531005856221,2024-10-24 15:02:42
1017,26,37,15,,,126.81747336432898,37.19303860326703,126.82165380004407,37.19682499582516,2024-10-24 15:02:58
1018,11,58,15,,,126.81532064585812,37.2086044038014,126.83563875987527,37.209400735091606,2024-10-24 15:03:26
1019,54,33,15,,,126.83347923971786,37.21057338041084,126.82960647639328,37.200592940770505,2024-10-24 15:03:43
1020,10,38,15,,,126.81759598550146,37.20978542339322,126.82482025876429,37.20066551742298,2024-10-24 15:05:16
1021,59,33,15,,,126.83192293205715,37.20737188646608,126.83021572687696,37.20056959552359,2024-10-24 15:05:55
1022,56,33,15,,,126.83474264355583,37.20474098201844,126.82965845436794,37.200022279647875,2024-10-24 15:05:59
1023,54,33,15,,,126.83189823159704,37.21063876807683,126.83018995829282,37.201223245148114,2024-10-24 15:06:10
1024,56,41,15,,,126.83586742959952,37.20578565344398,126.8334111398094,37.197253848525,2024-10-24 15:07:27
1025,70,19,15,,,126.8380646231245,37.20857004273372,126.82827934387775,37.19506295008107,2024-10-24 15:07:48
1026,11,17,15,,,126.81377934659481,37.208996706344905,126.8266102227149,37.19707519860792,2024-10-24 15:08:13
1027,58,19,15,,,126.83512587332014,37.208687234563826,126.82886167134718,37.19549319824515,2024-10-24 15:08:51
1028,33,56,15,,,126.82859142643102,37.20007929741369,126.83550893982644,37.20572562694665,2024-10-24 15:08:59
1029,11,70,15,,,126.81427762056087,37.20792946967275,126.83791503800917,37.21003015937481,2024-10-24 15:09:01
1030,12,19,15,,,126.81864362863448,37.20475050667843,126.82900885048441,37.194825466364314,2024-10-24 15:09:12
1031,33,56,15,,,126.8289390389063,37.20051871285839,126.83480706807877,37.20585365706269,2024-10-24 15:10:25
1032,10,17,15,,,126.81674434289887,37.20861507872669,126.82587160774338,37.196933951654316,2024-10-24 15:10:39
1033,32,58,15,,,126.83236784848026,37.2007832491725,126.83473773189245,37.20816941086862,2024-10-24 15:10:43
1034,33,56,15,,,126.8294289539736,37.200300775286046,126.83414550428955,37.20654012242128,2024-10-24 15:10:47
1035,56,17,15,,,126.83466994372664,37.20540027655577,126.82723012500392,37.19730616088917,2024-10-24 15:10:54
1036,58,42,15,,,126.83491221201703,37.208600617884436,126.83228007123802,37.19630577688952,2024-10-24 15:11:19
1037,42,70,15,,,126.83252213913619,37.196969599567815,126.83779861899616,37.21027378730402,2024-10-24 15:12:05
1038,33,70,15,,,126.83028618456358,37.19971817930729,126.83802994222165,37.20977342230975,2024-10-24 15:12:36
1039,32,54,15,,,126.83293280851454,37.20114425512179,126.8330968268056,37.21031484957667,2024-10-24 15:12:43
1040,41,56,15,,,126.83405297864728,37.19664850139895,126.8357595998744,37.20658054945481,2024-10-24 15:13:11
1041,17,56,15,,,126.82571760188064,37.19714035869652,126.83408035858731,37.206099892798754,2024-10-24 15:13:37
1042,69,30,15,,,126.83748180272752,37.20755042297278,126.8317403712117,37.197980798317815,2024-10-24 15:13:47
1043,58,19,15,,,126.83613105348374,37.20905778330464,126.82853377363247,37.1948629110362,2024-10-24 15:14:09
1044,56,33,15,,,126.83420524204448,37.20474075689283,126.82838771548107,37.200972336620794,2024-10-24 15:14:10
1045,59,41,15,,,126.8317976730562,37.20742797843666,126.83331059039904,37.196944386660135,2024-10-24 15:14:45
1046,56,33,15,,,126.83446495558343,37.20640725502284,126.82995451616003,37.200923053715464,2024-10-24 15:16:42
1047,51,34,15,,,126.81948588714096,37.21045679443538,126.82182353978514,37.2035245869185,2024-10-24 15:16:46
1048,56,17,15,,,126.83520588256869,37.205291068853214,126.82573360750041,37.19719257973282,2024-10-24 15:17:04
1049,58,32,15,,,126.83474862456774,37.20903904560782,126.83164707344845,37.20175988397597,2024-10-24 15:17:22
1050,72,56,15,,,126.81142602098642,37.20800172529541,126.83523909094521,37.20604214853511,2024-10-24 15:17:36
1051,12,17,15,,,126.81925105781025,37.203958819649415,126.82566636979607,37.19731729051471,2024-10-24 15:17:55
1052,31,54,15,,,126.8293997370138,37.19695645613593,126.83244917871903,37.20921014284434,2024-10-24 15:18:31
1053,31,58,15,,,126.82991595883085,37.19817624891006,126.83434886233542,37.208179092886766,2024-10-24 15:18:31
1054,58,33,15,,,126.83481138430516,37.20914013290924,126.82938281972984,37.20041626441962,2024-10-24 15:19:08
1055,31,59,15,,,126.82938904355967,37.19858510652433,126.83220904997053,37.20684011483756,2024-10-24 15:19:58
1056,54,33,15,,,126.83224371760141,37.2107408285189,126.8289031128281,37.19999875606776,2024-10-24 15:20:47
1057,69,30,15,,,126.83688084463745,37.20727478169885,126.83241932186533,37.19967452673943,2024-10-24 15:21:11
1058,33,56,15,,,126.8286053190391,37.2013448278841,126.83454610459917,37.20470188598571,2024-10-24 15:21:40
1059,11,33,15,,,126.81362507129042,37.20833699277554,126.82875586772705,37.20067058608526,2024-10-24 15:21:47
1060,70,18,15,,,126.83816098128305,37.21008510349354,126.8230362313716,37.19523430100387,2024-10-24 15:21:47
1061,56,40,15,,,126.8346666084113,37.2053800581439,126.83118139052861,37.19243523125103,2024-10-24 15:22:02
1062,42,70,15,,,126.8323260576887,37.19684894296577,126.8383711626374,37.20939464066532,2024-10-24 15:22:10
1063,56,41,15,,,126.83495802212663,37.20569702475976,126.83445990781678,37.197587614273466,2024-10-24 15:22:28
1064,58,33,15,,,126.83590913840828,37.2090577252691,126.8302534999623,37.20037297394521,2024-10-24 15:22:38
1065,70,33,15,,,126.8382445305686,37.21017441325681,126.8293812432352,37.20100752339523,2024-10-24 15:22:41
1066,33,54,15,,,126.82962813689532,37.2014601334943,126.83243630266827,37.20936906452812,2024-10-24 15:23:19
1067,70,32,15,,,126.83736083740078,37.20963826061266,126.83260723144659,37.20263306035926,2024-10-24 15:23:54
1068,70,33,15,,,126.83767166468957,37.208647129050185,126.82950651610248,37.20002374885086,2024-10-24 15:26:11
1069,41,70,15,,,126.83457847850113,37.19664106370354,126.83722785741061,37.20894519645111,2024-10-24 15:28:11
1070,17,54,15,,,126.82610223515996,37.19661672144633,126.83285964272264,37.20983495121955,2024-10-24 15:28:14
1071,33,58,15,,,126.82892096958737,37.201588175238804,126.83577647650088,37.2089498740621,2024-10-24 15:28:15
1072,33,56,15,,,126.83026582719556,37.201657154464826,126.83577478960096,37.20493322408274,2024-10-24 15:29:21
1073,70,33,15,,,126.83687671857155,37.20864098166619,126.82841518539861,37.20147236767968,2024-10-24 15:30:17
1074,56,31,15,,,126.83427012176085,37.205220480367835,126.8300110890292,37.19864736946545,2024-10-24 15:30:27
1075,54,33,15,,,126.83309715720716,37.21037410544442,126.82922363979272,37.20006964687378,2024-10-24 15:30:58
1076,56,33,15,,,126.83462910700331,37.206141588911,126.82985129734342,37.19973746294962,2024-10-24 15:31:05
1077,72,33,15,,,126.8125367636901,37.2071170938236,126.8301056751007,37.19995322623192,2024-10-24 15:31:46
1078,19,10,15,,,126.82828420820084,37.19408032498745,126.81641777981858,37.20941427325555,2024-10-24 15:32:09
1079,58,33,15,,,126.8357275882369,37.209290980708474,126.82927726442367,37.20095708730569,2024-10-24 15:32:42
1080,69,30,15,,,126.83727448635003,37.206031870834835,126.8325228030171,37.19889787265442,2024-10-24 15:34:08
1081,32,59,15,,,126.83112324516338,37.201298261279774,126.8322219887439,37.20689313632663,2024-10-24 15:34:13
1082,54,17,15,,,126.8335970730477,37.210723794238646,126.82628472719571,37.196149340921544,2024-10-24 15:35:14
1083,69,30,15,,,126.83685968885445,37.20707714985792,126.83169378165063,37.19938007003306,2024-10-24 15:35:14
1084,70,17,15,,,126.8383098426495,37.21007188966858,126.82692260708761,37.19581460076392,2024-10-24 15:35:32
1085,19,10,15,,,126.82896378922823,37.19553553905465,126.8179947813693,37.20958434632545,2024-10-24 15:35:43
1086,56,17,15,,,126.83536247737983,37.2060574775305,126.82662976451525,37.197720023092835,2024-10-24 15:35:45
1087,56,32,15,,,126.83512469757017,37.20625782842039,126.83143297345745,37.2017334383143,2024-10-24 15:37:06
1088,56,41,15,,,126.83485036339654,37.204772771025986,126.83495461620905,37.19644000173879,2024-10-24 15:37:34
1089,10,17,15,,,126.81715340077334,37.209479598749866,126.8263263590576,37.19595821449667,2024-10-24 15:37:58
1090,58,19,15,,,126.83455775533638,37.209070741637866,126.82924622324168,37.195316065378904,2024-10-24 15:38:15
1091,17,12,15,,,126.82687695495457,37.197001633916784,126.81839069953972,37.204281153355495,2024-10-24 15:38:18
1092,56,19,15,,,126.83563407466627,37.206385530100064,126.82815540386643,37.194359076949894,2024-10-24 15:38:36
1093,70,33,15,,,126.83696121894158,37.20902917944646,126.82899175116248,37.200892308631396,2024-10-24 15:39:11
1094,11,58,15,,,126.81377008250838,37.20826659200889,126.834921724277,37.20803822066044,2024-10-24 15:39:16
1095,70,33,15,,,126.83819898299296,37.209798470678464,126.82902552200342,37.200557455395376,2024-10-24 15:40:27
1096,42,70,15,,,126.83131163219453,37.19658605671526,126.83804174294848,37.209165324281564,2024-10-24 15:41:30
1097,58,17,15,,,126.83465239954782,37.20915425054183,126.82665210773959,37.196919925619625,2024-10-24 15:41:33
1098,56,33,15,,,126.83530842334017,37.2059647685153,126.82943862777235,37.20081034804114,2024-10-24 15:41:43
1099,35,32,15,,,126.81848817994073,37.201435181101644,126.83171774843875,37.202121260492135,2024-10-24 15:41:48
1100,58,33,15,,,126.83586352817028,37.20837989047481,126.82923921352815,37.20145764006724,2024-10-24 15:42:49
1101,33,58,15,,,126.82886186570668,37.20153228292519,126.83434662233493,37.20901687037207,2024-10-24 15:43:28
1102,70,17,15,,,126.83746049393883,37.21032380046759,126.82595891852361,37.19615473152084,2024-10-24 15:43:36
1103,40,72,15,,,126.83203100171475,37.19304781669766,126.81091689259439,37.207158893268186,2024-10-24 15:44:20
1104,56,32,15,,,126.83472903243954,37.20559434327255,126.83219942997827,37.200905314556515,2024-10-24 15:45:01
1105,33,56,15,,,126.8295653225784,37.20089067965106,126.83438945132445,37.20509777524786,2024-10-24 15:46:17
1106,37,72,15,,,126.8205289199222,37.19798325621066,126.81157939414632,37.20786827854598,2024-10-24 15:46:58
1107,10,40,15,,,126.81764920764249,37.20974395812943,126.83161125209588,37.19249062600242,2024-10-24 15:47:04
1108,23,32,15,,,126.81985021216063,37.19219063250609,126.83232628245368,37.20191251460843,2024-10-24 15:47:27
1109,54,33,15,,,126.83245802185417,37.21028628870293,126.82836409760301,37.20031270472927,2024-10-24 15:47:31
1110,70,42,15,,,126.83772990154064,37.2094760811095,126.83197131566118,37.19648434910507,2024-10-24 15:47:41
1111,32,11,15,,,126.8316301377083,37.20094571214546,126.81438903254241,37.20899067880772,2024-10-24 15:48:26
1112,70,10,15,,,126.83705040517327,37.21026914970361,126.81609823704015,37.208960224975435,2024-10-24 15:48:43
1113,56,41,15,,,126.8357765130577,37.20602022784946,126.83381017493453,37.19816851216347,2024-10-24 15:49:25
1114,58,33,15,,,126.83524343388585,37.208815049851424,126.82946906866178,37.199703219725286,2024-10-24 15:49:29
1115,56,17,15,,,126.83413705958577,37.20489000772662,126.82613150622458,37.19666843707765,2024-10-24 15:50:03
1116,17,58,15,,,126.82730350127633,37.195878716268325,126.83587058417254,37.20931211399235,2024-10-24 15:50:29
1117,42,70,15,,,126.83162320262738,37.196259262057694,126.83822695830018,37.20982231694771,2024-10-24 15:50:41
1118,59,15,15,,,126.83316328651976,37.20699434043622,126.81632966419811,37.20694263722541,2024-10-24 15:51:18
1119,70,42,15,,,126.83795431180366,37.210068385866265,126.8321555848533,37.19530122550412,2024-10-24 15:51:35
1120,56,31,15,,,126.8347478930906,37.206067014268704,126.82962748211489,37.19746932224949,2024-10-24 15:52:30
1121,11,17,15,,,126.81508549625738,37.20792591260561,126.82726611161416,37.19663824903546,2024-10-24 15:52:37
1122,10,17,15,,,126.81738961548064,37.20998214218463,126.82651294575285,37.19632155451509,2024-10-24 15:52:40
1123,17,54,15,,,126.82677509539097,37.19662977170387,126.83189694816735,37.21034551096833,2024-10-24 15:53:01
1124,72,70,15,,,126.81129138932688,37.207897585259886,126.83694946359678,37.20951454276388,2024-10-24 15:53:50
1125,17,54,15,,,126.82569725639665,37.19665406045207,126.83330823226483,37.209283229595705,2024-10-24 15:54:48
1126,58,19,15,,,126.83535189098471,37.20781846906544,126.82982470443773,37.19545200289216,2024-10-24 15:55:09
1127,10,17,15,,,126.8171511514318,37.20893886720308,126.82584049400673,37.19690777011544,2024-10-24 15:55:22
1128,58,33,15,,,126.83561824876158,37.208286560732795,126.8289129608707,37.2013359943363,2024-10-24 15:55:34
1129,32,59,15,,,126.83288749916609,37.20272722789464,126.83189881295986,37.20827601043401,2024-10-24 15:55:37
1130,17,70,15,,,126.82609216219112,37.19634501041943,126.83742896929925,37.210148090846005,2024-10-24 15:55:59
1131,70,11,15,,,126.83699288498234,37.20972810446031,126.81341819079213,37.20819088512163,2024-10-24 15:57:53
1132,56,33,15,,,126.83506491513897,37.20470778347642,126.82897649555302,37.200872353792136,2024-10-24 15:58:17
1133,33,56,15,,,126.82969133755638,37.199942002147544,126.83572785513893,37.206440205632404,2024-10-24 15:58:53
1134,56,19,16,,,126.83578855185458,37.205673685298876,126.82873830445352,37.19501618766494,2024-10-24 16:00:15
1135,56,17,16,,,126.834206438259,37.206435944078734,126.82727140689335,37.197050310780156,2024-10-24 16:01:16
1136,33,54,16,,,126.82847929371106,37.20023941417311,126.83337477893666,37.21020466671246,2024-10-24 16:01:51
1137,37,72,16,,,126.8213233333716,37.196618332352635,126.8123303457154,37.2068836582632,2024-10-24 16:02:48
1138,42,70,16,,,126.83186409489414,37.19699240409091,126.83871971111763,37.21021044757291,2024-10-24 16:03:52
1139,11,33,16,,,126.81495997843193,37.207438199326326,126.83012078538685,37.20144030593751,2024-10-24 16:04:11
1140,58,19,16,,,126.83441555307448,37.20770014558123,126.82925878068995,37.19486513740562,2024-10-24 16:04:18
1141,42,70,16,,,126.83074628137597,37.19513931597751,126.83771061760582,37.208747343868296,2024-10-24 16:04:38
1142,31,59,16,,,126.8293103624886,37.197896999227595,126.83270897326283,37.20686824020551,2024-10-24 16:05:20
1143,58,33,16,,,126.83585854158943,37.20869649648188,126.82932935489063,37.20163934710976,2024-10-24 16:06:31
1144,41,56,16,,,126.83440415399464,37.19670664311659,126.83525931194639,37.205565136479834,2024-10-24 16:06:42
1145,56,17,16,,,126.8340495543624,37.2047126410822,126.8269600937769,37.19722473054458,2024-10-24 16:07:03
1146,59,41,16,,,126.83329737025605,37.207858611366916,126.83480678436308,37.19654773049521,2024-10-24 16:07:07
1147,10,17,16,,,126.8173090799384,37.20899000179633,126.82647111057814,37.19735450212068,2024-10-24 16:07:18
1148,54,17,16,,,126.83217855990233,37.210584781761156,126.8272779835661,37.196703551396176,2024-10-24 16:07:34
1149,10,17,16,,,126.81693266048023,37.2090411439811,126.8269415024758,37.1961112433312,2024-10-24 16:07:42
1150,31,54,16,,,126.83001369676947,37.19801082320161,126.83313225936351,37.20935360070522,2024-10-24 16:07:43
1151,70,11,16,,,126.83720704304494,37.20945500968475,126.81386530031405,37.207974313687586,2024-10-24 16:09:18
1152,56,33,16,,,126.83395945891908,37.204714315870206,126.82879124364008,37.20165854998366,2024-10-24 16:09:33
1153,33,56,16,,,126.82995772091297,37.200856871048096,126.83541425230187,37.20631814773216,2024-10-24 16:09:54
1154,59,15,16,,,126.8315338787673,37.20771806286754,126.81635679840493,37.20681267886898,2024-10-24 16:10:54
1155,72,33,16,,,126.81235771137216,37.20758261104987,126.82836310032488,37.20116035625758,2024-10-24 16:11:02
1156,32,59,16,,,126.83231186554242,37.20189222471268,126.83292240771885,37.206961284014696,2024-10-24 16:11:32
1157,70,19,16,,,126.83792424447489,37.209695772190436,126.82868958140337,37.194494233346184,2024-10-24 16:11:36
1158,10,56,16,,,126.816165965918,37.209663486853586,126.83505710628974,37.2065046458111,2024-10-24 16:11:48
1159,33,56,16,,,126.83003830223348,37.20126452687719,126.83407753263954,37.205328615283634,2024-10-24 16:12:20
1160,69,30,16,,,126.83703558005814,37.206474780056205,126.83174386026121,37.19887290928822,2024-10-24 16:13:39
1161,33,56,16,,,126.82999793944789,37.20082129765201,126.83443752069995,37.204751570866044,2024-10-24 16:14:23
1162,42,70,16,,,126.8310546760713,37.196565894467525,126.8380575276465,37.2086076128238,2024-10-24 16:14:58
1163,58,33,16,,,126.83535415544651,37.20933483382302,126.82867427431138,37.19974102528832,2024-10-24 16:16:19
1164,41,70,16,,,126.83441324890913,37.1976645821903,126.8374935464053,37.208929380667996,2024-10-24 16:16:30
1165,33,56,16,,,126.82954586889781,37.200169884813285,126.8344226411493,37.20519335352259,2024-10-24 16:18:58
1166,70,33,16,,,126.83767495393231,37.20856853701268,126.82880993626522,37.20141097980655,2024-10-24 16:19:03
1167,11,58,16,,,126.81448177408187,37.20803709863713,126.83549611304522,37.20784998784248,2024-10-24 16:19:53
1168,70,18,16,,,126.83839782712919,37.20974680126443,126.82394429552289,37.195964991018286,2024-10-24 16:20:08
1169,70,42,16,,,126.8388166365177,37.20901765409083,126.83188895507374,37.19514725348437,2024-10-24 16:20:11
1170,32,59,16,,,126.83212663831625,37.20220044814995,126.83239396862851,37.206500613123595,2024-10-24 16:20:45
1171,32,54,16,,,126.8328063963149,37.20197258294972,126.83169345522487,37.21026354101707,2024-10-24 16:21:19
1172,11,70,16,,,126.81491460457154,37.20785660398525,126.83865573644425,37.209898647153935,2024-10-24 16:21:36
1173,70,17,16,,,126.83820315425817,37.208793952828124,126.82567862244497,37.19588894368086,2024-10-24 16:22:55
1174,56,33,16,,,126.83399435877503,37.20621847635678,126.82992848078904,37.19990215708181,2024-10-24 16:23:03
1175,56,31,16,,,126.8345143858611,37.20530979871862,126.83008425286275,37.19696067498498,2024-10-24 16:24:30
1176,17,54,16,,,126.82597003793897,37.19598903687542,126.8325353194268,37.20925584397808,2024-10-24 16:24:31
1177,17,12,16,,,126.82734141847952,37.197571791631745,126.81936747209475,37.20379034830269,2024-10-24 16:25:12
1178,51,34,16,,,126.82049445917794,37.21073217838803,126.82264246890303,37.203186384363974,2024-10-24 16:25:39
1179,56,33,16,,,126.83450647039847,37.20596438747025,126.82852780941091,37.200445992314734,2024-10-24 16:26:13
1180,56,31,16,,,126.8355446830269,37.206551229984804,126.82922470904118,37.19781441832191,2024-10-24 16:26:14
1181,19,10,16,,,126.82823777118598,37.19474544321824,126.81716605411438,37.209547408854384,2024-10-24 16:26:15
1182,56,33,16,,,126.83498983380255,37.20476890455464,126.82938215347095,37.200281244623625,2024-10-24 16:26:32
1183,33,70,16,,,126.82860457303933,37.20061496202589,126.83684245927934,37.21028008477044,2024-10-24 16:26:37
1184,10,17,16,,,126.8164873276964,37.20951933425318,126.82572366002545,37.196257022363696,2024-10-24 16:27:21
1185,58,19,16,,,126.8360847860081,37.20810712448415,126.82814084792257,37.19518676277806,2024-10-24 16:27:26
1186,33,56,16,,,126.82879016825564,37.201206518442646,126.83518387904111,37.20552328930973,2024-10-24 16:28:11
1187,58,33,16,,,126.8346043574839,37.20746779468469,126.82937467141927,37.19990079850979,2024-10-24 16:28:35
1188,19,10,16,,,126.82877497783703,37.19528132572035,126.81765031996265,37.20918651170888,2024-10-24 16:29:03
1189,56,17,16,,,126.83519540604206,37.205079692289345,126.82683642008178,37.19759485868728,2024-10-24 16:29:26
1190,70,33,16,,,126.83860237845542,37.20969846335881,126.82861221278098,37.20084932612843,2024-10-24 16:29:38
1191,59,33,16,,,126.83268128626553,37.20688054115672,126.82922056863289,37.20144594205106,2024-10-24 16:29:40
1192,12,17,16,,,126.82007764740816,37.20522424411829,126.82657107340192,37.197750218754884,2024-10-24 16:29:40
1193,70,10,16,,,126.83867450743203,37.208829411842665,126.8167848377206,37.20924824408489,2024-10-24 16:29:45
1194,11,17,16,,,126.81523767814484,37.207609481321064,126.82562310871394,37.195908855511256,2024-10-24 16:30:23
1195,33,56,16,,,126.8286650721074,37.2004053165243,126.83438112146973,37.206207974703524,2024-10-24 16:30:29
1196,32,56,16,,,126.83193769055391,37.201771830942555,126.83475076192242,37.20611054838784,2024-10-24 16:30:59
1197,72,56,16,,,126.81091911497906,37.20710352335905,126.8342786211846,37.20604918907283,2024-10-24 16:31:03
1198,56,32,16,,,126.83448864704434,37.20616382545471,126.83210817671302,37.2011527456645,2024-10-24 16:31:22
1199,58,33,16,,,126.83545173378603,37.20899931716835,126.82870171136345,37.20021863603221,2024-10-24 16:31:41
1200,10,38,16,,,126.81669160542918,37.20910589525729,126.8243507886736,37.20194754385105,2024-10-24 16:32:55
1201,69,30,16,,,126.83673597353852,37.206753522715665,126.83166468661491,37.198401528430644,2024-10-24 16:33:06
1202,17,58,16,,,126.82735556950041,37.19708549363522,126.83440752000578,37.20773020609322,2024-10-24 16:33:13
1203,11,17,16,,,126.81451806223922,37.207485779037626,126.82560092726466,37.196420396430156,2024-10-24 16:33:13
1204,58,33,16,,,126.834147527459,37.20762009981757,126.82972775587433,37.201518056776926,2024-10-24 16:33:14
1205,58,33,16,,,126.83430912185653,37.208682754237465,126.82891667291064,37.20131875006081,2024-10-24 16:34:07
1206,70,32,16,,,126.83881006187394,37.209517956095866,126.83267320382215,37.201929666464366,2024-10-24 16:35:37
1207,31,58,16,,,126.83005755802542,37.198817443834876,126.83506295212388,37.20901639423663,2024-10-24 16:35:56
1208,17,54,16,,,126.8257524396588,37.196192072390986,126.8327827315821,37.209471612225215,2024-10-24 16:37:12
1209,58,19,16,,,126.83462036868823,37.20778866685563,126.82813293087271,37.19519880036067,2024-10-24 16:37:46
1210,70,33,16,,,126.83765427690587,37.21033603288737,126.83029682038449,37.199754231255326,2024-10-24 16:39:09
1211,26,37,16,,,126.8193096111287,37.193261630628406,126.82167051175225,37.19755990286656,2024-10-24 16:39:20
1212,69,30,16,,,126.83699175733264,37.206375659909085,126.83142641474724,37.1992846338603,2024-10-24 16:39:34
1213,17,54,16,,,126.82604187406551,37.196558176888935,126.83243501851472,37.20995905372352,2024-10-24 16:40:17
1214,58,33,16,,,126.83496552395368,37.20923248488606,126.82985939879447,37.20128060647086,2024-10-24 16:40:31
1215,10,17,16,,,126.81702607644473,37.209487618855846,126.8268341656186,37.196581012206074,2024-10-24 16:41:15
1216,54,33,16,,,126.83296285477874,37.209978743384376,126.82939553769101,37.1998826438016,2024-10-24 16:41:39
1217,40,72,16,,,126.83204345419622,37.19413598192823,126.81117604278114,37.20684593688729,2024-10-24 16:41:40
1218,12,19,16,,,126.81905580641117,37.205761504971456,126.82845455844434,37.194289940151265,2024-10-24 16:41:44
1219,11,58,16,,,126.81484006668686,37.2088768120524,126.8350390283098,37.20878041738966,2024-10-24 16:43:25
1220,50,37,16,,,126.82329496484778,37.21074409393766,126.82147011823585,37.196596376459276,2024-10-24 16:43:33
1221,54,33,16,,,126.83366238317167,37.21010036202397,126.82969871636104,37.201204501124096,2024-10-24 16:43:36
1222,56,32,16,,,126.83497798230124,37.20482425324259,126.83116013933903,37.20266835576577,2024-10-24 16:44:10
1223,56,41,16,,,126.83425322772604,37.20490399476003,126.83385047499674,37.196295871273556,2024-10-24 16:44:17
1224,56,41,16,,,126.83572308746446,37.20468104530669,126.83372116543012,37.19743269944488,2024-10-24 16:44:38
1225,32,11,16,,,126.83115538960645,37.20266732681569,126.81492210773337,37.20852450864489,2024-10-24 16:45:18
1226,56,17,16,,,126.834211944656,37.20542388693482,126.82618828017758,37.19642930198024,2024-10-24 16:45:22
1227,56,40,16,,,126.83578890928734,37.20568915857154,126.83139986563654,37.19404029795453,2024-10-24 16:45:33
1228,54,33,16,,,126.83231869668013,37.21073323551215,126.8284622674975,37.19998971492765,2024-10-24 16:45:34
1229,17,56,16,,,126.82542882495116,37.19602073854858,126.83419672148104,37.20593969777836,2024-10-24 16:45:44
1230,56,33,16,,,126.83407845467747,37.20536144153595,126.82978492174348,37.20093136540258,2024-10-24 16:47:01
1231,42,70,16,,,126.83117742351276,37.197101822849454,126.83683568553246,37.20856068527707,2024-10-24 16:47:07
1232,58,33,16,,,126.83441925519172,37.207712439440535,126.82921511163944,37.20020768235953,2024-10-24 16:47:15
1233,70,33,16,,,126.83688597430795,37.21007674208041,126.82927281205585,37.200728026316945,2024-10-24 16:50:04
1234,56,41,16,,,126.83575836133163,37.20580161071757,126.83351898127138,37.19626971061363,2024-10-24 16:50:35
1235,33,56,16,,,126.82866350107274,37.19988888167295,126.83421100093504,37.20582645954389,2024-10-24 16:50:36
1236,33,58,16,,,126.83015919187481,37.20156228641347,126.8355000993864,37.20792597722556,2024-10-24 16:50:56
1237,70,42,16,,,126.83828230576694,37.208564375281725,126.8308163078606,37.197015260946664,2024-10-24 16:51:24
1238,54,33,16,,,126.83244906928002,37.20931824925359,126.82883075058906,37.20165769999859,2024-10-24 16:53:03
1239,69,30,16,,,126.83704981866937,37.205943981016524,126.83160023574412,37.19840516549141,2024-10-24 16:53:10
1240,10,40,16,,,126.8171445995013,37.21029867279215,126.83171500916345,37.192984299564664,2024-10-24 16:53:32
1241,58,32,16,,,126.83535796247988,37.20915338802262,126.83103048642222,37.20230182799707,2024-10-24 16:54:00
1242,56,41,16,,,126.83513118148693,37.20483750377371,126.83336371555758,37.19786665959276,2024-10-24 16:54:10
1243,58,42,16,,,126.83582064285831,37.207757089436086,126.83154591353262,37.196938361898816,2024-10-24 16:54:22
1244,35,32,16,,,126.8193808016827,37.20187099965142,126.83236497839151,37.20267003016739,2024-10-24 16:54:25
1245,70,33,16,,,126.83701473160633,37.209932836311374,126.82848045642528,37.200656352951206,2024-10-24 16:54:28
1246,32,58,16,,,126.83133424209532,37.20133574061302,126.83532835250723,37.20884875692784,2024-10-24 16:54:29
1247,58,19,16,,,126.8348077656897,37.20786393688237,126.82934204592462,37.19570662065311,2024-10-24 16:54:55
1248,17,70,16,,,126.82631767675504,37.19660135117415,126.83802759222453,37.2101173861478,2024-10-24 16:55:01
1249,54,33,16,,,126.83255303809011,37.20972280419875,126.83017144597389,37.20064922643717,2024-10-24 16:55:29
1250,11,32,16,,,126.8149656427096,37.208449944146714,126.83228920400057,37.20140132120763,2024-10-24 16:55:34
1251,58,17,16,,,126.83512736646232,37.20767131700264,126.82584676449476,37.19736799068627,2024-10-24 16:55:48
1252,33,58,16,,,126.82864947417093,37.19989777159319,126.83473581372915,37.20825614420762,2024-10-24 16:55:56
1253,56,33,16,,,126.83584187798785,37.20626647546653,126.82899284358919,37.19969861943625,2024-10-24 16:56:57
1254,58,19,16,,,126.83455954314421,37.209388039381956,126.828213084416,37.19412600184858,2024-10-24 16:57:06
1255,17,54,16,,,126.82708554481972,37.19761860432718,126.83366680051057,37.20950200907563,2024-10-24 16:57:34
1256,56,31,16,,,126.83553328101605,37.20609845413527,126.82854191495407,37.1969904850099,2024-10-24 16:57:37
1257,23,32,16,,,126.82123769513345,37.192254948802194,126.83285235467298,37.20128500561803,2024-10-24 16:57:48
1258,70,17,16,,,126.83765518085785,37.2094705978899,126.82584532657478,37.19729031940767,2024-10-24 16:58:08
1259,72,70,16,,,126.81157045872449,37.20691684299526,126.83853949850113,37.20980633390448,2024-10-24 16:59:29
1260,56,19,17,,,126.83542339777688,37.20619230390903,126.82808182388233,37.194119862638765,2024-10-24 17:01:17
1261,17,54,17,,,126.8258702755733,37.197513227643135,126.83296123248701,37.21108837191782,2024-10-24 17:01:30
1262,12,19,17,,,126.82018656079012,37.204375000558365,126.8281302438562,37.195117698673286,2024-10-24 17:01:32
1263,32,56,17,,,126.83268097960209,37.20154976456563,126.83409369197072,37.205534864675265,2024-10-24 17:01:41
1264,58,33,17,,,126.83545190152321,37.20781239294818,126.83008367383555,37.20122454780342,2024-10-24 17:02:14
1265,56,31,17,,,126.83524390255519,37.20477541401528,126.82965496289839,37.19835938618153,2024-10-24 17:02:57
1266,32,58,17,,,126.83138952526251,37.2019628071411,126.83569564618078,37.20851152228622,2024-10-24 17:03:45
1267,72,70,17,,,126.81137041648802,37.207220541245526,126.83711967850715,37.20883501667639,2024-10-24 17:04:05
1268,11,58,17,,,126.81509386921451,37.207633840481485,126.83491444447489,37.207633272102434,2024-10-24 17:04:28
1269,41,56,17,,,126.83395931934791,37.19739373792558,126.83478086673115,37.20560389110385,2024-10-24 17:04:33
1270,10,17,17,,,126.8173916783901,37.20910802087556,126.82599879940871,37.196831480895504,2024-10-24 17:04:49
1271,56,32,17,,,126.83540112573411,37.20493403324841,126.83215872847484,37.20130125604268,2024-10-24 17:06:11
1272,59,15,17,,,126.83242875498821,37.20751548804452,126.81686545413724,37.20663052499317,2024-10-24 17:07:28
1273,56,33,17,,,126.83453729025302,37.206165738185916,126.82935372853994,37.20059758625639,2024-10-24 17:07:42
1274,54,33,17,,,126.83351870792991,37.21083116398194,126.82893742030912,37.20062481932411,2024-10-24 17:07:57
1275,58,33,17,,,126.83476219786489,37.20822591435562,126.82923358585506,37.20041845599027,2024-10-24 17:08:07
1276,56,17,17,,,126.83419344838087,37.206356549711344,126.82565630780854,37.19622278910294,2024-10-24 17:08:47
1277,56,17,17,,,126.83475833985337,37.206605138428095,126.82562906383475,37.19729568761716,2024-10-24 17:08:53
1278,17,54,17,,,126.82601860945564,37.19756620408731,126.83212545230077,37.2107720099055,2024-10-24 17:09:00
1279,54,33,17,,,126.83241791681476,37.210229815986395,126.82899489955999,37.200635580913875,2024-10-24 17:09:20
1280,33,56,17,,,126.82951014479146,37.201336805929024,126.83451519198522,37.20493019785883,2024-10-24 17:09:31
1281,31,54,17,,,126.82994584384963,37.198745863746716,126.83361218875118,37.20950558102874,2024-10-24 17:09:55
1282,42,70,17,,,126.83230751838586,37.195754755378324,126.83714535090277,37.20881052408651,2024-10-24 17:09:58
1283,33,56,17,,,126.82916955433359,37.201097710409044,126.83393311129034,37.20541514452944,2024-10-24 17:10:05
1284,19,10,17,,,126.82810002378821,37.19435733818359,126.81715922745477,37.21032580841586,2024-10-24 17:10:28
1285,54,33,17,,,126.83198099825397,37.20939831021,126.82869110694735,37.20010800986781,2024-10-24 17:11:07
1286,33,56,17,,,126.83025499472383,37.20127712843457,126.83570158736123,37.20549058368984,2024-10-24 17:11:10
1287,58,42,17,,,126.83440205595367,37.20844161381942,126.83152579371041,37.19654683953472,2024-10-24 17:11:12
1288,58,19,17,,,126.83608349445763,37.20758807542445,126.82905611077848,37.194712092049826,2024-10-24 17:11:31
1289,11,70,17,,,126.81523916511192,37.207833878692036,126.83737061867156,37.20875825913992,2024-10-24 17:12:12
1290,17,70,17,,,126.82708428280002,37.197716052420105,126.83815144513112,37.20992524783667,2024-10-24 17:12:26
1291,50,37,17,,,126.82257689914833,37.21202989243346,126.82090596038842,37.196757875552564,2024-10-24 17:12:30
1292,10,56,17,,,126.8173082539135,37.20941752999227,126.83541328398846,37.20611767942209,2024-10-24 17:16:17
1293,41,70,17,,,126.83418788175352,37.19745194737374,126.83705790056716,37.209928019496076,2024-10-24 17:17:36
1294,42,70,17,,,126.83182337812711,37.195837720051344,126.83691616300051,37.21044984201623,2024-10-24 17:18:36
1295,69,30,17,,,126.83665054851473,37.2063646808474,126.83244891313339,37.1980211656727,2024-10-24 17:19:25
1296,70,33,17,,,126.83741337373718,37.20906983949811,126.82992347941652,37.20081282425076,2024-10-24 17:19:37
1297,31,59,17,,,126.82959854458169,37.19878949675302,126.83278142302751,37.208365909069364,2024-10-24 17:19:47
1298,42,70,17,,,126.83242351789649,37.196174617815245,126.8383516180745,37.20956726228486,2024-10-24 17:19:54
1299,51,34,17,,,126.82006459905026,37.21107303312342,126.82207902532444,37.20265639137331,2024-10-24 17:21:35
1300,23,32,17,,,126.82010932356499,37.19274916716815,126.83295015712746,37.20164336291535,2024-10-24 17:21:38
1301,70,11,17,,,126.83813426877227,37.208614284542115,126.81435543089798,37.20810207939663,2024-10-24 17:22:15
1302,56,41,17,,,126.83467829194186,37.205630344890196,126.83470814917062,37.197109846811806,2024-10-24 17:22:23
1303,70,33,17,,,126.83795158978872,37.20908625916243,126.829168485158,37.2007279101785,2024-10-24 17:22:59
1304,70,19,17,,,126.83741777499432,37.20887278373462,126.82826970637225,37.195973684262675,2024-10-24 17:23:10
1305,56,17,17,,,126.83451809822654,37.204987333612195,126.82564281322774,37.19725856067414,2024-10-24 17:23:21
1306,33,56,17,,,126.83026932063386,37.20036849293122,126.83408392696992,37.206391522764484,2024-10-24 17:23:32
1307,17,12,17,,,126.82688103793413,37.196609900187646,126.81862553289642,37.203831626271395,2024-10-24 17:23:40
1308,70,33,17,,,126.83812180682625,37.21013083279743,126.82992252680128,37.20026947689358,2024-10-24 17:23:42
1309,69,30,17,,,126.83776218849773,37.20734282213557,126.83202535082982,37.19946131680926,2024-10-24 17:23:48
1310,56,32,17,,,126.83490999853873,37.204964033965,126.83148287081401,37.2022036129007,2024-10-24 17:24:02
1311,11,17,17,,,126.81433304319638,37.209052999392824,126.82551453944026,37.196615498491816,2024-10-24 17:24:04
1312,56,17,17,,,126.83479260552353,37.20492094725684,126.82645186166495,37.19774480371028,2024-10-24 17:24:45
1313,10,38,17,,,126.81609192578264,37.20926896809001,126.82446519359227,37.201052578433085,2024-10-24 17:24:57
1314,56,33,17,,,126.83427898126594,37.2060391851065,126.82852892238684,37.2010128342607,2024-10-24 17:25:01
1315,11,58,17,,,126.81521664189674,37.20885694105105,126.83601483124325,37.2090762463554,2024-10-24 17:25:07
1316,17,56,17,,,126.82694511892052,37.19771108833835,126.83461497149884,37.20473755716595,2024-10-24 17:25:23
1317,11,32,17,,,126.81429836506238,37.20794758648024,126.83124464463819,37.201799869919995,2024-10-24 17:25:27
1318,33,56,17,,,126.82913319465493,37.19984267942167,126.834737757736,37.20647174028556,2024-10-24 17:25:39
1319,70,17,17,,,126.83746357593665,37.20968023638015,126.82638233668142,37.19596509158776,2024-10-24 17:25:47
1320,69,30,17,,,126.83728454059663,37.2059184153789,126.83147758335033,37.1986456609299,2024-10-24 17:25:58
1321,58,17,17,,,126.83545017599582,37.20833477130294,126.8256923545696,37.19593965206178,2024-10-24 17:27:03
1322,58,19,17,,,126.83546643348942,37.208170849215875,126.82984123552208,37.195935106392675,2024-10-24 17:27:19
1323,58,19,17,,,126.83608822117901,37.208848728834205,126.82965104437972,37.19551769307632,2024-10-24 17:27:20
1324,58,19,17,,,126.83580929773193,37.207704178937526,126.82842322578315,37.195485229757814,2024-10-24 17:27:35
1325,17,54,17,,,126.82671714044962,37.19692704945274,126.83264418520778,37.21076712321968,2024-10-24 17:28:06
1326,70,17,17,,,126.83821065015172,37.209072767069244,126.8273771490093,37.196945618708796,2024-10-24 17:28:45
1327,70,33,17,,,126.83744543913176,37.20986644269337,126.82881680296316,37.200494411365696,2024-10-24 17:29:33
1328,19,10,17,,,126.82823518228477,37.19455564315165,126.81607955529013,37.20946323682458,2024-10-24 17:30:05
1329,17,58,17,,,126.826642879906,37.197682067952584,126.8352037128402,37.207780234367085,2024-10-24 17:31:07
1330,59,33,17,,,126.8331563505037,37.207329599707734,126.82909704301666,37.200679152961875,2024-10-24 17:32:04
1331,37,72,17,,,126.82159257359082,37.19667195755982,126.8110006117634,37.20675138014062,2024-10-24 17:32:15
1332,59,41,17,,,126.83220324297473,37.20755986783459,126.83476874186171,37.19754893084625,2024-10-24 17:33:46
1333,56,40,17,,,126.8353181915385,37.20616746665172,126.83040795997611,37.19341416214105,2024-10-24 17:33:50
1334,58,33,17,,,126.8360178854784,37.207920298188114,126.82978987008924,37.19972522990104,2024-10-24 17:33:56
1335,58,32,17,,,126.8356690785804,37.20801643586851,126.83150060549039,37.20096257805781,2024-10-24 17:34:54
1336,42,70,17,,,126.83058597401806,37.196581307696576,126.83798204219299,37.20905860366666,2024-10-24 17:34:59
1337,10,17,17,,,126.81735948304599,37.21022890679931,126.82562755253373,37.19754559605351,2024-10-24 17:35:08
1338,70,42,17,,,126.838345617629,37.209445986509394,126.83058809050125,37.19547659485723,2024-10-24 17:35:10
1339,26,37,17,,,126.8191940121817,37.19313081011695,126.82125958049882,37.197232728373606,2024-10-24 17:36:25
1340,58,33,17,,,126.83603824045906,37.20855189466975,126.82917508618868,37.199728979910745,2024-10-24 17:36:54
1341,31,58,17,,,126.82875278256232,37.19880148771093,126.8350809008166,37.208869557315296,2024-10-24 17:37:17
1342,54,33,17,,,126.83327704899044,37.21059800427036,126.83014633569748,37.20050047537921,2024-10-24 17:37:37
1343,33,58,17,,,126.82945010602623,37.200590022793534,126.83453159459216,37.209288398823944,2024-10-24 17:37:56
1344,54,33,17,,,126.83333472078829,37.210420331212646,126.82937846468474,37.200717088513734,2024-10-24 17:38:08
1345,56,33,17,,,126.83554790271778,37.204779593370745,126.82937195085825,37.20119227093029,2024-10-24 17:38:55
1346,56,31,17,,,126.83571107944242,37.205053721666054,126.82879328860311,37.19721984928777,2024-10-24 17:41:04
1347,33,54,17,,,126.83020107770562,37.200875938508055,126.83239401816284,37.21101036839428,2024-10-24 17:41:10
1348,72,56,17,,,126.81245553880467,37.207881551370335,126.83536195984514,37.20651219116091,2024-10-24 17:41:56
1349,70,33,17,,,126.83700264886963,37.21002530534999,126.82850374060774,37.20135415663237,2024-10-24 17:42:38
1350,70,32,17,,,126.83839303241653,37.21023419748704,126.8320708938166,37.2024272656992,2024-10-24 17:43:22
1351,58,33,17,,,126.83566822368644,37.20896187409516,126.82871813688632,37.20125124569482,2024-10-24 17:45:07
1352,69,30,17,,,126.83706349871841,37.206212173053295,126.83094492830277,37.19855512782507,2024-10-24 17:45:08
1353,58,33,17,,,126.83514266898132,37.20845445269059,126.8299332365722,37.200750659093885,2024-10-24 17:45:11
1354,17,54,17,,,126.82708943518705,37.197163367403036,126.83228005310109,37.21008398710121,2024-10-24 17:45:27
1355,32,59,17,,,126.83295090478353,37.202661752118715,126.83242857828515,37.20716662482311,2024-10-24 17:45:50
1356,56,41,17,,,126.83393430139711,37.20537780208249,126.83457999128365,37.197544273102956,2024-10-24 17:46:21
1357,58,33,17,,,126.83473858469165,37.20811256637379,126.829834616265,37.200912248101744,2024-10-24 17:46:22
1358,56,41,17,,,126.83479664144845,37.20659527738742,126.83381697897696,37.19730378706099,2024-10-24 17:46:54
1359,40,72,17,,,126.83038362801956,37.19358946958662,126.81162796759978,37.20770543878569,2024-10-24 17:46:57
1360,70,10,17,,,126.83742855811161,37.20867052977088,126.81604960109321,37.209013450853874,2024-10-24 17:46:58
1361,54,17,17,,,126.832740729071,37.20991851984844,126.82569305447144,37.196472898976886,2024-10-24 17:46:59
1362,70,18,17,,,126.83749066812412,37.20988975188939,126.8242510471431,37.1956945296357,2024-10-24 17:47:09
1363,12,17,17,,,126.81854840771682,37.204084569760425,126.82730982898002,37.19617815255855,2024-10-24 17:47:35
1364,70,42,17,,,126.83719181107715,37.20957197752887,126.83187249628905,37.19611380041822,2024-10-24 17:48:00
1365,10,40,17,,,126.81742885138472,37.20847227416805,126.83228924609433,37.19270932308159,2024-10-24 17:48:07
1366,11,33,17,,,126.81497666928806,37.208320942274575,126.82921823014267,37.20146468526111,2024-10-24 17:48:27
1367,58,19,17,,,126.83532037941032,37.208990598930406,126.82946815758052,37.195547434644645,2024-10-24 17:48:42
1368,56,33,17,,,126.83447244329105,37.205026014333335,126.82938852635546,37.20146910344738,2024-10-24 17:48:51
1369,56,33,17,,,126.83433676048094,37.20484029072996,126.82972978555887,37.20067417340799,2024-10-24 17:49:31
1370,33,56,17,,,126.82979732873048,37.20144139261756,126.83479373843497,37.20547413884397,2024-10-24 17:49:41
1371,32,54,17,,,126.83107938759657,37.201704467188556,126.83190564062022,37.21054949116775,2024-10-24 17:49:56
1372,10,17,17,,,126.81790236809988,37.208877841100865,126.8269945769528,37.1968545104545,2024-10-24 17:51:23
1373,32,59,17,,,126.8310443230624,37.20130235906012,126.83233856372848,37.20745460218561,2024-10-24 17:52:22
1374,10,17,17,,,126.81725108753683,37.20970759270243,126.82727010597752,37.19644102959391,2024-10-24 17:53:46
1375,35,32,17,,,126.81854916891932,37.200978251754094,126.83266771191238,37.20265855791404,2024-10-24 17:54:00
1376,56,31,17,,,126.83509508205137,37.20596249697964,126.82990727986697,37.19778845032158,2024-10-24 17:54:08
1377,32,11,17,,,126.83281298734553,37.201876967751645,126.81470420521504,37.2081413443851,2024-10-24 17:54:35
1378,72,33,17,,,126.81157645777648,37.20766041809603,126.82937971204747,37.201540108715534,2024-10-24 17:56:14
1379,58,33,17,,,126.83548929435058,37.20759511194848,126.82907953934296,37.20160992796536,2024-10-24 17:56:40
1380,33,58,17,,,126.82942200723045,37.200429321929626,126.83578557607986,37.207543120431005,2024-10-24 17:56:49
1381,33,70,17,,,126.8293024743483,37.200836199373036,126.83726777364225,37.210019241344874,2024-10-24 17:56:58
1382,56,33,17,,,126.8346679598215,37.20535256398283,126.82876938180256,37.200094330865326,2024-10-24 17:56:59
1383,56,41,17,,,126.83562227720715,37.205498842620585,126.83484067312698,37.19798546457283,2024-10-24 17:58:23
1384,33,56,17,,,126.82898510686175,37.2007163849575,126.83509008749054,37.206509225284364,2024-10-24 17:59:13
1385,11,17,17,,,126.81374549920328,37.20917534077884,126.82585649389887,37.19725967367088,2024-10-24 17:59:28
1386,58,19,18,,,126.83508731921707,37.20780212530453,126.82960375016057,37.19541844121713,2024-10-24 18:00:54
1387,59,33,18,,,126.83207934786508,37.207221786692365,126.83010002776969,37.19979280400225,2024-10-24 18:01:17
1388,56,31,18,,,126.83423461107587,37.20634761095943,126.82866009304816,37.19840927072891,2024-10-24 18:01:24
1389,17,54,18,,,126.82721607830915,37.19706043541832,126.83315078785373,37.20926309335733,2024-10-24 18:01:26
1390,32,59,18,,,126.83229343914829,37.20259272942554,126.83326133712563,37.20763103231232,2024-10-24 18:01:34
1391,10,40,18,,,126.81761725347873,37.20885505603467,126.83067871329361,37.19361723932067,2024-10-24 18:01:59
1392,70,19,18,,,126.83749420270837,37.210153160384245,126.82831956963061,37.194262767343886,2024-10-24 18:02:10
1393,70,33,18,,,126.83715282579576,37.20955414075313,126.8287250458338,37.19990190156652,2024-10-24 18:02:51
1394,70,33,18,,,126.83793277789923,37.21007971908466,126.83002108967355,37.20145841826274,2024-10-24 18:03:11
1395,58,33,18,,,126.83433840651263,37.20812635471411,126.82917784928267,37.20136104192452,2024-10-24 18:03:28
1396,50,37,18,,,126.82145109866863,37.21096023476631,126.82167267239228,37.196944051638326,2024-10-24 18:03:43
1397,10,17,18,,,126.81770211107869,37.20960611731644,126.8259797086403,37.1963035097588,2024-10-24 18:04:23
1398,11,17,18,,,126.8139218696022,37.207884942865064,126.82731579640006,37.1958968036354,2024-10-24 18:05:43
1399,58,33,18,,,126.83416083130528,37.20770883358199,126.82834604387045,37.199889607869295,2024-10-24 18:05:58
1400,23,32,18,,,126.82121039951062,37.19244192377354,126.83170293846284,37.201759173749615,2024-10-24 18:06:51
1401,31,59,18,,,126.82912295305226,37.19716593051751,126.83310889032755,37.20831710677096,2024-10-24 18:07:33
1402,12,19,18,,,126.81909497421212,37.20442164156735,126.82979281979853,37.19540030565222,2024-10-24 18:07:42
1403,72,33,18,,,126.81152008407153,37.20787319225749,126.82985233970508,37.200497282541804,2024-10-24 18:08:23
1404,56,40,18,,,126.83450954701358,37.20601154716754,126.83118220646332,37.19279720490573,2024-10-24 18:08:43
1405,31,58,18,,,126.82849037190643,37.19685643724626,126.83528469815977,37.20806974967764,2024-10-24 18:09:17
1406,41,70,18,,,126.83386233954303,37.196716767300224,126.8378171544341,37.2104965625027,2024-10-24 18:09:40
1407,54,33,18,,,126.83185904418097,37.20944078296191,126.82867558330564,37.201402129083604,2024-10-24 18:10:06
1408,58,33,18,,,126.83502361136625,37.20893621696561,126.82835352893477,37.2006358765389,2024-10-24 18:10:24
1409,56,33,18,,,126.83496328713036,37.20650425451828,126.82848221358113,37.20096023364697,2024-10-24 18:10:35
1410,10,17,18,,,126.81721264165218,37.208851155609494,126.82563273659953,37.19658137212009,2024-10-24 18:10:57
1411,42,70,18,,,126.83254001398879,37.19574647899439,126.83712126269145,37.21006688012604,2024-10-24 18:11:15
1412,54,33,18,,,126.83331703193753,37.21069334779685,126.82964054873482,37.20079227764292,2024-10-24 18:11:29
1413,58,33,18,,,126.83455153842992,37.20917667866266,126.82961375302949,37.20096302930777,2024-10-24 18:12:50
1414,10,17,18,,,126.8176042666332,37.208393670687066,126.82637638415122,37.196390721377234,2024-10-24 18:13:06
1415,70,17,18,,,126.83780310466908,37.208852157487556,126.827291728843,37.19735660515306,2024-10-24 18:13:37
1416,70,11,18,,,126.83831724180281,37.209104443729274,126.81358410436013,37.208591246221374,2024-10-24 18:14:08
1417,54,33,18,,,126.83361514313385,37.21036056927581,126.82945584899969,37.200717813677564,2024-10-24 18:14:29
1418,33,70,18,,,126.82902287674459,37.20060764771113,126.83816031628669,37.20975227822769,2024-10-24 18:16:01
1419,72,56,18,,,126.81158919381494,37.207845628813814,126.83425125329912,37.20521643589286,2024-10-24 18:16:44
1420,70,18,18,,,126.83713594412936,37.20925361704841,126.82451015428333,37.19634488996736,2024-10-24 18:17:48
1421,33,56,18,,,126.82921622676032,37.20013675411516,126.83507453586279,37.205139555212305,2024-10-24 18:17:52
1422,42,70,18,,,126.8320740116949,37.19634125629672,126.83744475383087,37.20906704517975,2024-10-24 18:17:58
1423,72,70,18,,,126.81215155757472,37.206920874788864,126.83814872370897,37.2092608161116,2024-10-24 18:18:09
1424,19,10,18,,,126.82951258467939,37.19576771793376,126.81695235967959,37.21021925318011,2024-10-24 18:18:42
1425,58,42,18,,,126.83493244021369,37.20753268903203,126.83200011222738,37.196142104598394,2024-10-24 18:19:51
1426,54,33,18,,,126.83303451311421,37.20924539883105,126.82910261298295,37.20102706168324,2024-10-24 18:22:26
1427,11,58,18,,,126.81480038395945,37.20892180164698,126.83562099741755,37.20907033781805,2024-10-24 18:22:28
1428,41,56,18,,,126.83349963939429,37.19795174878272,126.8349695773099,37.205277554066534,2024-10-24 18:23:09
1429,69,30,18,,,126.837609526432,37.20659993665758,126.83214499299808,37.199106246188755,2024-10-24 18:23:28
1430,56,41,18,,,126.83407226883119,37.20515263970165,126.83346367130892,37.19720284441367,2024-10-24 18:24:15
1431,58,32,18,,,126.83605936269005,37.208839979186514,126.8326085072396,37.202096709299745,2024-10-24 18:24:37
1432,70,42,18,,,126.83740297917458,37.20885359439345,126.83156267709045,37.195998428975614,2024-10-24 18:24:41
1433,11,17,18,,,126.81509734995637,37.208600477463534,126.82708524039359,37.196563430342756,2024-10-24 18:24:48
1434,56,33,18,,,126.83503484386199,37.20559579866621,126.8298272546644,37.20051192402524,2024-10-24 18:26:29
1435,17,56,18,,,126.82724147283302,37.1976246550423,126.83578137451734,37.20524469559616,2024-10-24 18:26:49
1436,32,58,18,,,126.83288874007937,37.20249928474764,126.8345820537362,37.20922733746301,2024-10-24 18:26:51
1437,56,31,18,,,126.83438888997375,37.20515324709671,126.82888805578706,37.198392040612525,2024-10-24 18:27:13
1438,12,17,18,,,126.81942637346783,37.20429727351542,126.82615502941542,37.1967503574019,2024-10-24 18:27:52
1439,19,10,18,,,126.82853163354808,37.19588782319677,126.81784726950974,37.20918299433932,2024-10-24 18:28:11
1440,58,33,18,,,126.83560723609598,37.20915588712413,126.82942288242792,37.20085746196552,2024-10-24 18:28:22
1441,58,17,18,,,126.83472837450083,37.2092121652964,126.8263156157436,37.19694405701796,2024-10-24 18:28:24
1442,54,33,18,,,126.83216420329623,37.211034300887164,126.82850288382518,37.200662004416806,2024-10-24 18:28:25
1443,59,41,18,,,126.83168152904553,37.20815605878639,126.83452815995243,37.197441348658394,2024-10-24 18:28:28
1444,11,70,18,,,126.81353953927855,37.20769315008703,126.83736782786777,37.20896774657522,2024-10-24 18:28:52
1445,56,41,18,,,126.83483804269218,37.20546895810199,126.8348614498425,37.19763657527748,2024-10-24 18:29:00
1446,33,54,18,,,126.82861277577926,37.200866568326326,126.8320121341922,37.211109540222026,2024-10-24 18:29:16
1447,33,56,18,,,126.82951443895041,37.201378458319674,126.83447466419818,37.206633334192894,2024-10-24 18:29:26
1448,58,33,18,,,126.83584945818473,37.20914283402179,126.82848646047182,37.2007429479344,2024-10-24 18:29:44
1449,10,38,18,,,126.81782148835833,37.20918230059743,126.82371427220248,37.20072369345873,2024-10-24 18:29:46
1450,51,34,18,,,126.82048501518376,37.20965143722441,126.82159117726101,37.20304406830924,2024-10-24 18:29:47
1451,70,33,18,,,126.83874402741723,37.21013750306949,126.83026359289065,37.2011773115368,2024-10-24 18:29:53
1452,69,30,18,,,126.83663586839097,37.20711874416123,126.8311594474244,37.19850695033146,2024-10-24 18:30:36
1453,58,33,18,,,126.8345357563093,37.208629107140894,126.82998195044303,37.200804643787855,2024-10-24 18:30:41
1454,32,54,18,,,126.8324695699873,37.20170323568169,126.83304682216793,37.20971483425301,2024-10-24 18:30:49
1455,56,17,18,,,126.83537182014278,37.20529275022955,126.82732042500456,37.19723827936067,2024-10-24 18:30:55
1456,33,56,18,,,126.8293025714377,37.20132029776829,126.83431502043584,37.20509188719253,2024-10-24 18:30:58
1457,56,17,18,,,126.83522780835442,37.20630431774409,126.82731602250823,37.196677751271885,2024-10-24 18:31:25
1458,32,59,18,,,126.83240174807808,37.20114303712712,126.83224971738683,37.206715289510015,2024-10-24 18:31:34
1459,56,33,18,,,126.83572314513022,37.20551763033081,126.82861148645473,37.200621005594705,2024-10-24 18:31:57
1460,70,17,18,,,126.83723759908185,37.20914683308553,126.82544188063763,37.19586373891386,2024-10-24 18:33:42
1461,11,58,18,,,126.81380206496256,37.209026263041316,126.83574645396048,37.20770320826903,2024-10-24 18:33:53
1462,56,33,18,,,126.83483577945935,37.205326408987744,126.82968674644914,37.200114243289015,2024-10-24 18:35:02
1463,11,33,18,,,126.81448675073447,37.20858556758772,126.82936479365223,37.20121601458832,2024-10-24 18:35:37
1464,17,54,18,,,126.82668351756355,37.196539020666656,126.83347820262192,37.21059470809784,2024-10-24 18:37:43
1465,40,72,18,,,126.83068548729617,37.19238214787329,126.81162754680493,37.206515735071235,2024-10-24 18:38:11
1466,70,32,18,,,126.83733437748116,37.20898772057622,126.83170970772284,37.20142715314975,2024-10-24 18:38:21
1467,33,56,18,,,126.8297514402251,37.19990048390198,126.83574870780592,37.20551323676358,2024-10-24 18:38:43
1468,56,41,18,,,126.8340617947476,37.20473837584174,126.8334510646698,37.1962861450861,2024-10-24 18:38:48
1469,56,19,18,,,126.83563528739577,37.204901559689716,126.82843209713819,37.19563794468299,2024-10-24 18:38:51
1470,56,17,18,,,126.83412086955059,37.20650121617831,126.82546336845066,37.19641671691024,2024-10-24 18:40:18
1471,56,17,18,,,126.83456758355148,37.20595893189906,126.82665034915816,37.19585733424065,2024-10-24 18:40:33
1472,33,58,18,,,126.82850483222158,37.200178234052224,126.83479880455037,37.20757615922941,2024-10-24 18:40:46
1473,69,30,18,,,126.83802465286652,37.20743062286336,126.83254139161622,37.198867863331046,2024-10-24 18:41:06
1474,26,37,18,,,126.81844859969361,37.193986153767106,126.82165116686599,37.19707714039527,2024-10-24 18:41:06
1475,37,72,18,,,126.82221579441455,37.19718547906197,126.81090634365712,37.207518526116345,2024-10-24 18:42:18
1476,17,70,18,,,126.82703011496399,37.19640400895747,126.83839736799817,37.209828388299634,2024-10-24 18:43:06
1477,33,56,18,,,126.82833491386195,37.2005821110872,126.83455522166743,37.204909329165,2024-10-24 18:44:11
1478,56,41,18,,,126.83548108389344,37.2055686771806,126.83332631775966,37.19788177492539,2024-10-24 18:45:09
1479,56,33,18,,,126.83464364336294,37.20483514228799,126.82920515820726,37.200065525385554,2024-10-24 18:45:25
1480,58,19,18,,,126.83574874760609,37.208358550413564,126.8297024129723,37.194717497517075,2024-10-24 18:45:45
1481,33,56,18,,,126.82867501312126,37.20004450920398,126.83396627594061,37.20622784636228,2024-10-24 18:46:13
1482,59,15,18,,,126.8331829159561,37.20818792388164,126.81590807872936,37.20598676876789,2024-10-24 18:46:19
1483,17,54,18,,,126.82713952531654,37.19601374777909,126.83244883045427,37.21090876877214,2024-10-24 18:46:46
1484,10,17,18,,,126.81769842110448,37.209869322503415,126.82712599134574,37.196590160766554,2024-10-24 18:46:47
1485,33,58,18,,,126.82873870870557,37.20046089229561,126.83497966137139,37.20822564551272,2024-10-24 18:47:18
1486,54,17,18,,,126.83258740783333,37.21031518353492,126.82684514737312,37.19599462200922,2024-10-24 18:48:24
1487,69,30,18,,,126.8385138612781,37.20714648565234,126.83212125941668,37.19959709026015,2024-10-24 18:49:21
1488,70,42,18,,,126.83712732466401,37.21028051472354,126.83218920542268,37.19584286697076,2024-10-24 18:50:00
1489,70,10,18,,,126.8377633828925,37.20926004043414,126.81633422862146,37.21028014561829,2024-10-24 18:50:08
1490,56,32,18,,,126.83452893232254,37.20625562568478,126.83126179910663,37.20211642860551,2024-10-24 18:50:14
1491,58,19,18,,,126.83510652445712,37.20866242948239,126.82981403290295,37.195271827506126,2024-10-24 18:50:48
1492,56,32,18,,,126.83421699903184,37.206551784203164,126.83260142661206,37.201343598043024,2024-10-24 18:51:22
1493,17,58,18,,,126.82582639242881,37.1962405611515,126.83596486107173,37.209239148057655,2024-10-24 18:51:39
1494,31,54,18,,,126.82937340629299,37.19695448328442,126.83325392706018,37.21045378717688,2024-10-24 18:52:01
1495,32,11,18,,,126.83218725801957,37.20100669063174,126.8152047476949,37.20807776572661,2024-10-24 18:52:05
1496,58,33,18,,,126.83508105764426,37.208385505713004,126.82864648436377,37.19970941652081,2024-10-24 18:52:32
1497,70,33,18,,,126.83838304571468,37.20976067438636,126.82996149383347,37.20156054985225,2024-10-24 18:53:21
1498,17,12,18,,,126.82613161547081,37.19764358482431,126.81989014231142,37.20522000413272,2024-10-24 18:53:32
1499,56,31,18,,,126.83405017788621,37.20475398934092,126.82885300312999,37.1987540860159,2024-10-24 18:54:29
1500,17,54,18,,,126.82678698435684,37.19765133679445,126.83215124008298,37.21077107991526,2024-10-24 18:54:32
1501,35,32,18,,,126.81952029855294,37.20216982253609,126.83150653953533,37.20083752846501,2024-10-24 18:54:46
1502,58,19,18,,,126.8345032542509,37.20783303806973,126.82907429486539,37.195528887395696,2024-10-24 18:55:17
1503,56,33,18,,,126.83428144137307,37.20537939135741,126.82850016829944,37.20092715537733,2024-10-24 18:55:21
1504,32,56,18,,,126.83156282042684,37.20140166559292,126.83464392883445,37.20481171719444,2024-10-24 18:56:26
1505,42,70,18,,,126.83127206827352,37.19567739445454,126.83862431855188,37.20939970133627,2024-10-24 18:56:59
1506,11,32,18,,,126.81354977597987,37.20753825362048,126.83286509666448,37.20221546553596,2024-10-24 18:57:31
1507,10,56,18,,,126.81745512510786,37.208422727082926,126.83401938425384,37.206207386782964,2024-10-24 18:58:11
1508,42,70,18,,,126.83182418824194,37.19696109876385,126.83719657310937,37.20941950849274,2024-10-24 18:58:14
1509,33,56,18,,,126.82884667907108,37.20129260771692,126.83467287673838,37.20613580535185,2024-10-24 18:58:50
1510,58,19,18,,,126.83500067731049,37.208805472126954,126.82865605680459,37.194070659195376,2024-10-24 18:59:30
1511,70,33,18,,,126.83815770497945,37.20957030418422,126.83016753757433,37.201078592699,2024-10-24 18:59:38
1512,17,54,19,,,126.82737152057129,37.196675934562705,126.83364988858236,37.21080424961806,2024-10-24 19:00:21
1513,70,33,19,,,126.83696619551289,37.20926516359065,126.82854465196262,37.199725818041756,2024-10-24 19:00:27
1514,56,33,19,,,126.83394829304744,37.20508596082235,126.83015707075675,37.200228051832,2024-10-24 19:00:38
1515,33,56,19,,,126.8301866369974,37.19990634921724,126.8339466768752,37.2050024060958,2024-10-24 19:01:16
1516,70,33,19,,,126.83738693496716,37.20893777503864,126.82883827108239,37.200103672945254,2024-10-24 19:02:01
1517,32,11,19,,,126.83123471019647,37.201792059719594,126.81407483077341,37.20786698250128,2024-10-24 19:02:44
1518,70,18,19,,,126.83865864038344,37.20953139064539,126.82410768045703,37.19596652669128,2024-10-24 19:02:52
1519,58,19,19,,,126.83458217588141,37.209226259485455,126.82870631325679,37.19459069481858,2024-10-24 19:02:58
1520,69,30,19,,,126.8372175882577,37.20584469764617,126.83269452753218,37.198802625024854,2024-10-24 19:03:00
1521,17,54,19,,,126.82728830551179,37.197282760127685,126.83281675898498,37.21009094826568,2024-10-24 19:03:15
1522,32,56,19,,,126.83160955369728,37.202620146032324,126.8342748839738,37.20520988389267,2024-10-24 19:03:19
1523,33,56,19,,,126.82935778095623,37.201580368478126,126.83491400731045,37.206144036440094,2024-10-24 19:03:36
1524,58,33,19,,,126.8353854498928,37.208061596750134,126.82966940229237,37.19979736338258,2024-10-24 19:03:44
1525,56,40,19,,,126.83540067658514,37.20581924846056,126.832193869651,37.192554759716025,2024-10-24 19:04:27
1526,42,70,19,,,126.8313658714365,37.196083736175375,126.8385910449912,37.20900701021026,2024-10-24 19:04:28
1527,58,33,19,,,126.83537221258047,37.20901015354569,126.82956497089253,37.20119398000529,2024-10-24 19:04:58
1528,58,19,19,,,126.8345268331046,37.20929264504562,126.82799187736786,37.19469327802416,2024-10-24 19:05:04
1529,33,58,19,,,126.82952798301972,37.201279624912615,126.83422304675719,37.20826225033262,2024-10-24 19:05:46
1530,31,59,19,,,126.82890746098846,37.198053486066094,126.83259117707345,37.206619510453464,2024-10-24 19:08:06
1531,31,54,19,,,126.82911659224052,37.198786349251684,126.83306082983493,37.210251756707024,2024-10-24 19:08:49
1532,19,10,19,,,126.82875851729268,37.194987334900226,126.81706268831913,37.209076850772355,2024-10-24 19:08:52
1533,72,56,19,,,126.81090345650986,37.2079414483186,126.8349738391306,37.205022201546804,2024-10-24 19:09:51
1534,10,17,19,,,126.81706947766098,37.20984467485707,126.82568160811152,37.197344071723975,2024-10-24 19:10:20
1535,37,72,19,,,126.8206260845196,37.19699430716017,126.81095032189134,37.20771261145683,2024-10-24 19:11:28
1536,54,17,19,,,126.83274695968419,37.210757521819176,126.82722860490995,37.19661714515483,2024-10-24 19:11:28
1537,56,31,19,,,126.83569926606255,37.20546924535854,126.82961515175316,37.19825688498872,2024-10-24 19:11:50
1538,70,33,19,,,126.83792774310946,37.209219164284775,126.82835725743354,37.20002286572596,2024-10-24 19:11:53
1539,59,15,19,,,126.83147222472918,37.20659379077705,126.81697244236189,37.2069495559841,2024-10-24 19:13:08
1540,56,33,19,,,126.83504014380377,37.20596259613532,126.82944455384492,37.201030550067145,2024-10-24 19:13:13
1541,70,11,19,,,126.83750183704649,37.21011005691292,126.81471547440565,37.208592853594624,2024-10-24 19:13:44
1542,56,17,19,,,126.83510775704269,37.205562517976055,126.82678930956706,37.19580138947392,2024-10-24 19:14:22
1543,54,33,19,,,126.83269254526776,37.21036379282676,126.8297926392686,37.19975675232499,2024-10-24 19:14:31
1544,56,33,19,,,126.8348963470513,37.205111435180505,126.82887578609343,37.200391781221846,2024-10-24 19:15:05
1545,33,56,19,,,126.82899226914175,37.201466271699864,126.83524961738713,37.204734558721654,2024-10-24 19:15:53
1546,17,54,19,,,126.82597469043617,37.19647031451168,126.83310159736097,37.21076305301949,2024-10-24 19:15:57
1547,42,70,19,,,126.83172294201071,37.1966196606334,126.83832351315644,37.20952548818054,2024-10-24 19:16:21
1548,70,42,19,,,126.83756343371532,37.20927881060753,126.83160473733868,37.19545811276909,2024-10-24 19:16:23
1549,12,19,19,,,126.8188552957585,37.20545311964793,126.828876738293,37.194880320523886,2024-10-24 19:16:28
1550,42,70,19,,,126.83172322925203,37.196223543681796,126.83834468979342,37.20874254813163,2024-10-24 19:18:22
1551,58,17,19,,,126.83516967000766,37.2077020899951,126.82644013327382,37.19676078967249,2024-10-24 19:18:42
1552,11,70,19,,,126.81434925446575,37.20768460234807,126.83750015095876,37.20916403412602,2024-10-24 19:19:22
1553,70,33,19,,,126.83808140235394,37.20942034553777,126.82903409185094,37.201491200394386,2024-10-24 19:19:50
1554,32,54,19,,,126.83258163317181,37.201718355802846,126.83285113691284,37.20947775410531,2024-10-24 19:20:04
1555,41,70,19,,,126.83511895535734,37.196711823858756,126.8369224894362,37.21033853230557,2024-10-24 19:22:07
1556,70,32,19,,,126.83757055680631,37.21015407191326,126.83265139441598,37.20154712985506,2024-10-24 19:22:37
1557,58,33,19,,,126.83577634706104,37.20912368962722,126.82878776070905,37.20070513295371,2024-10-24 19:23:15
1558,11,17,19,,,126.8138854727416,37.20727293778367,126.82724652062957,37.196825223712814,2024-10-24 19:23:29
1559,56,33,19,,,126.83554129135621,37.20502594264572,126.82993110236617,37.20091625598075,2024-10-24 19:24:25
1560,56,32,19,,,126.83462466118904,37.20629785296313,126.83253515745841,37.201100877995614,2024-10-24 19:25:41
1561,32,59,19,,,126.83243929276044,37.201696959818655,126.83297155002761,37.20758919701772,2024-10-24 19:25:45
1562,58,33,19,,,126.83498929095093,37.20838707278836,126.82851682923263,37.20090620427306,2024-10-24 19:26:12
1563,42,70,19,,,126.83108945891114,37.19701410726743,126.83792497537017,37.20917620218989,2024-10-24 19:26:17
1564,11,58,19,,,126.8148060156967,37.208707330681335,126.83611692740833,37.20771066589411,2024-10-24 19:26:37
1565,56,33,19,,,126.83446342481619,37.204864812348234,126.82865522757018,37.20066643414187,2024-10-24 19:27:02
1566,11,58,19,,,126.81508786061694,37.20880793398582,126.83520794645455,37.20762721644869,2024-10-24 19:27:36
1567,40,72,19,,,126.83044457031914,37.19365711503096,126.81100478282993,37.20809824874367,2024-10-24 19:27:48
1568,58,33,19,,,126.83533223117576,37.20792487857016,126.82833548646863,37.2009852309275,2024-10-24 19:28:03
1569,26,37,19,,,126.81764183659251,37.19417531423851,126.82168304780247,37.19667785166691,2024-10-24 19:28:27
1570,32,59,19,,,126.83161862952781,37.201708857587306,126.83212329406015,37.20728252645282,2024-10-24 19:28:30
1571,59,41,19,,,126.83268934933808,37.207340576203514,126.83351114573877,37.19656780209239,2024-10-24 19:28:44
1572,10,17,19,,,126.8168287957516,37.209165081177225,126.8271104004051,37.19668714636943,2024-10-24 19:29:16
1573,33,56,19,,,126.82960610643674,37.201137608453266,126.83532314696043,37.20637482643961,2024-10-24 19:30:14
1574,58,19,19,,,126.83491679723855,37.2080911385316,126.82962638603642,37.19470424038781,2024-10-24 19:30:38
1575,54,33,19,,,126.83329717585998,37.20927705865347,126.82955573321333,37.2015880117495,2024-10-24 19:30:50
1576,31,58,19,,,126.82958321388224,37.197796996762094,126.83487174358851,37.20934679372424,2024-10-24 19:31:05
1577,70,19,19,,,126.83729677127889,37.209787369333895,126.82977136557658,37.19550400111221,2024-10-24 19:31:50
1578,70,17,19,,,126.83748102406808,37.20973905390539,126.82733174922454,37.196926461739366,2024-10-24 19:31:54
1579,69,30,19,,,126.83728005517276,37.20634106410941,126.83079120851409,37.1986685887589,2024-10-24 19:32:03
1580,33,54,19,,,126.8298376309394,37.20093870339034,126.83196985360642,37.210527915983555,2024-10-24 19:34:27
1581,17,58,19,,,126.82705130489222,37.19693437833331,126.83432905513271,37.20818118966775,2024-10-24 19:35:15
1582,35,32,19,,,126.81853817045854,37.20160812327491,126.83119789303578,37.20097579397006,2024-10-24 19:36:02
1583,56,31,19,,,126.8356621702916,37.20480521686645,126.82916751992673,37.19815281858087,2024-10-24 19:36:44
1584,58,33,19,,,126.83583293809569,37.20756306088882,126.82954887733007,37.20046914899042,2024-10-24 19:38:10
1585,70,10,19,,,126.83766285547998,37.21025693370979,126.8164109209198,37.208729076599035,2024-10-24 19:38:11
1586,54,33,19,,,126.83185131863209,37.20933334493332,126.82997526959306,37.20106264148386,2024-10-24 19:38:26
1587,17,54,19,,,126.82728069829767,37.19719893448348,126.83336087996516,37.21052451558453,2024-10-24 19:38:36
1588,33,56,19,,,126.82985746365863,37.20092600128791,126.8351990490633,37.205260615452445,2024-10-24 19:39:02
1589,58,33,19,,,126.83608213062679,37.20770830734674,126.82906906364347,37.20149921162026,2024-10-24 19:39:31
1590,69,30,19,,,126.83688345531027,37.207039068892726,126.83241341240533,37.198405703479494,2024-10-24 19:40:02
1591,19,10,19,,,126.8294238385581,37.19515276565918,126.81717878466813,37.21008229192521,2024-10-24 19:40:09
1592,54,33,19,,,126.83303188401888,37.20969525240859,126.82999915072287,37.201664266601945,2024-10-24 19:40:48
1593,70,17,19,,,126.83747597129756,37.2091387924813,126.82715783040292,37.195979336034604,2024-10-24 19:42:03
1594,11,33,19,,,126.81472085318323,37.20856120749146,126.82987739956369,37.20144113265738,2024-10-24 19:42:12
1595,58,19,19,,,126.83509301230958,37.20765210679687,126.82905125065976,37.19565094690548,2024-10-24 19:42:41
1596,58,32,19,,,126.83581409463663,37.20932877620535,126.83194637881996,37.20124081185396,2024-10-24 19:42:45
1597,12,17,19,,,126.81830319402964,37.20410871635494,126.82659062664978,37.19736283764008,2024-10-24 19:43:23
1598,51,34,19,,,126.82026042792269,37.21042025387743,126.82178901739475,37.202338980816364,2024-10-24 19:43:24
1599,23,32,19,,,126.82069359504538,37.19163996643206,126.83197830790303,37.202608575937106,2024-10-24 19:43:26
1600,10,40,19,,,126.81715929163303,37.20864016653979,126.83228683699943,37.194255363847425,2024-10-24 19:43:47
1601,33,56,19,,,126.8286991268441,37.200784488510834,126.83506244087447,37.20588032740258,2024-10-24 19:43:57
1602,56,19,19,,,126.83512630320894,37.206487434855035,126.82788534634457,37.19404338725251,2024-10-24 19:44:07
1603,56,41,19,,,126.8357862483668,37.20474664488803,126.83522601328012,37.197061051622,2024-10-24 19:44:22
1604,58,42,19,,,126.83569893774433,37.20933382430662,126.83120727119488,37.1960235466822,2024-10-24 19:44:26
1605,50,37,19,,,126.82198859985623,37.21207094204848,126.8204285633783,37.197237095553994,2024-10-24 19:44:28
1606,54,33,19,,,126.83167297428797,37.21113763810191,126.82927864589718,37.20153279649645,2024-10-24 19:44:34
1607,70,42,19,,,126.83704067121822,37.210114357459815,126.8311610286131,37.196987621363796,2024-10-24 19:44:42
1608,17,56,19,,,126.82616095089578,37.19604958322669,126.83411918355111,37.2061179439372,2024-10-24 19:45:54
1609,56,41,19,,,126.83584835121167,37.204689154302855,126.83446471342927,37.19755142420063,2024-10-24 19:46:17
1610,56,41,19,,,126.83481658195551,37.20576315124745,126.83451773289954,37.19807173601659,2024-10-24 19:46:28
1611,11,17,19,,,126.81507300398046,37.20865871410566,126.826033009919,37.19721274232931,2024-10-24 19:46:28
1612,72,70,19,,,126.81184096547491,37.20692451267793,126.83730783247701,37.21049349237933,2024-10-24 19:47:24
1613,56,32,19,,,126.83415825743761,37.206610510295654,126.83138520748507,37.201487466004274,2024-10-24 19:47:35
1614,11,32,19,,,126.81461366994824,37.20806500946319,126.83224794513093,37.20252166423788,2024-10-24 19:47:48
1615,56,33,19,,,126.83432690235081,37.206056855306024,126.82995652031873,37.200057956452405,2024-10-24 19:48:03
1616,17,70,19,,,126.826229725351,37.19662102450625,126.83766850666407,37.20872402652197,2024-10-24 19:48:34
1617,41,56,19,,,126.83401567974938,37.196312958843286,126.83473437533212,37.20528300222063,2024-10-24 19:48:41
1618,10,17,19,,,126.81789746279344,37.20995075607107,126.82603522859003,37.19593919667066,2024-10-24 19:48:59
1619,56,17,19,,,126.83446764630486,37.20575587745596,126.82662651006521,37.19663356510569,2024-10-24 19:49:29
1620,33,56,19,,,126.82991389661981,37.20031621543746,126.83472798636231,37.20597192391779,2024-10-24 19:49:41
1621,17,12,19,,,126.82615157718234,37.19588953171885,126.81895635827085,37.205042640739116,2024-10-24 19:49:58
1622,32,58,19,,,126.83124388158069,37.20172409203427,126.83587393254112,37.20815595248914,2024-10-24 19:50:29
1623,56,17,19,,,126.83445475598634,37.20605842748055,126.82604889594909,37.19709419429727,2024-10-24 19:51:23
1624,69,30,19,,,126.8377615863844,37.20643920255663,126.8310662941962,37.19901321618107,2024-10-24 19:51:29
1625,10,38,19,,,126.8161331137698,37.20866691170316,126.82448920062006,37.20183809721138,2024-10-24 19:52:43
1626,33,58,19,,,126.82997365447953,37.2000773928604,126.83529218497048,37.20913648948378,2024-10-24 19:53:42
1627,10,17,19,,,126.81789765762552,37.20970265961759,126.82694592316845,37.1966547976203,2024-10-24 19:54:14
1628,10,56,19,,,126.81704973383923,37.20965898560329,126.83471273534418,37.205234368142676,2024-10-24 19:54:32
1629,72,33,19,,,126.81240519473984,37.20817139190249,126.82844502841625,37.20142255853726,2024-10-24 19:54:32
1630,56,17,19,,,126.83527293170006,37.20527952717658,126.82592834051304,37.19645491075423,2024-10-24 19:54:45
1631,58,19,19,,,126.83560796782714,37.20750939847987,126.82871382963235,37.19599101997937,2024-10-24 19:55:08
1632,56,31,19,,,126.83479908324878,37.20627503249146,126.83003429932538,37.19709711682254,2024-10-24 19:56:48
1633,59,33,19,,,126.8325940718302,37.20676500668083,126.82882684558182,37.20094051033567,2024-10-24 19:57:23
1634,70,33,19,,,126.83702111363313,37.20906310651069,126.82858876044635,37.2013286743369,2024-10-24 19:57:32
1635,58,33,19,,,126.83569837194875,37.208845381936165,126.82991904757598,37.199789787331476,2024-10-24 19:57:52
1636,56,41,19,,,126.83495488962716,37.205098849643385,126.83361950342236,37.19776046069604,2024-10-24 19:58:24
1637,33,70,19,,,126.8289941864875,37.20153348043146,126.83686684707959,37.2089005453102,2024-10-24 19:58:50
1638,70,17,20,,,126.83836622046843,37.208733270621345,126.82623930409417,37.19660531945269,2024-10-24 20:00:06
1639,72,56,20,,,126.8120384836891,37.20708984059277,126.83568467081069,37.20609335966749,2024-10-24 20:00:12
1640,58,33,20,,,126.83559381675315,37.20918196485665,126.82912338389859,37.20041429849251,2024-10-24 20:00:52
1641,31,54,20,,,126.82839760374914,37.19869457401964,126.832332389481,37.21109874958528,2024-10-24 20:02:11
1642,56,33,20,,,126.83535934655357,37.205119047229246,126.82920172578221,37.20164288562005,2024-10-24 20:02:35
1643,10,17,20,,,126.81718482885762,37.20986442708924,126.82599398493835,37.19747851110753,2024-10-24 20:03:09
1644,54,33,20,,,126.83343646053974,37.209634610197746,126.82997517471027,37.201259631194674,2024-10-24 20:04:18
1645,11,70,20,,,126.81349074827413,37.207975319187035,126.8378443151781,37.21022473607711,2024-10-24 20:05:10
1646,58,19,20,,,126.83485224334002,37.209360680986784,126.82880761608779,37.19479026373468,2024-10-24 20:05:27
1647,56,31,20,,,126.83587156149784,37.205842653583254,126.82944602231494,37.1982429163705,2024-10-24 20:06:28
1648,32,11,20,,,126.83292310206195,37.20140418744711,126.81393520218113,37.20853513992835,2024-10-24 20:07:24
1649,70,33,20,,,126.83715098546435,37.210276253282565,126.82906973045273,37.20025203403508,2024-10-24 20:07:27
1650,32,59,20,,,126.83183605217577,37.20100478005983,126.83222563336027,37.207864063105994,2024-10-24 20:07:33
1651,58,33,20,,,126.83526429665335,37.208228306625024,126.82918686926814,37.200054239265036,2024-10-24 20:08:29
1652,19,10,20,,,126.82934179924082,37.19464597262845,126.81732787336878,37.209337862762276,2024-10-24 20:08:45
1653,56,33,20,,,126.83450195916886,37.20539196654993,126.82872304403762,37.19996912403515,2024-10-24 20:09:23
1654,72,70,20,,,126.81088765622862,37.206227362928594,126.83872085707803,37.20960078797657,2024-10-24 20:09:28
1655,10,17,20,,,126.81611669506296,37.20899362354876,126.82715132243011,37.197360864081716,2024-10-24 20:10:08
1656,42,70,20,,,126.83058701611232,37.19545657134674,126.83740702250655,37.20874055954084,2024-10-24 20:11:00
1657,54,33,20,,,126.83175991344932,37.21064149748775,126.82994552205012,37.200690783065646,2024-10-24 20:11:27
1658,32,54,20,,,126.8321050393203,37.20095513107663,126.83304993752405,37.20925759280207,2024-10-24 20:11:42
1659,10,40,20,,,126.8167579345555,37.20898190860549,126.8317580425952,37.19368891724287,2024-10-24 20:12:13
1660,69,30,20,,,126.83692590175627,37.20747572761406,126.83215871842731,37.198784671714535,2024-10-24 20:12:53
1661,70,18,20,,,126.83782396070454,37.20951247181766,126.82385542361037,37.19490946909048,2024-10-24 20:13:31
1662,54,33,20,,,126.83242117783152,37.211051115598444,126.82849704623759,37.20014286351052,2024-10-24 20:13:46
1663,56,41,20,,,126.83425608135741,37.20489404129215,126.83482626651231,37.19729364947952,2024-10-24 20:13:56
1664,58,17,20,,,126.83428940849646,37.20793127485848,126.8260285453859,37.197219618451136,2024-10-24 20:13:57
1665,32,58,20,,,126.8323183655561,37.20121258357376,126.83424798583047,37.20759861346739,2024-10-24 20:14:03
1666,70,19,20,,,126.83693669732904,37.20891080538234,126.8293845184885,37.194400287555695,2024-10-24 20:14:30
1667,56,19,20,,,126.8354438199698,37.20546511296473,126.8298471377024,37.19503398080632,2024-10-24 20:14:55
1668,17,56,20,,,126.82582536948816,37.19721631202179,126.83508273698659,37.205110365672546,2024-10-24 20:15:29
1669,56,40,20,,,126.83457127025332,37.20633678898403,126.83140536635408,37.192784395862844,2024-10-24 20:15:38
1670,33,58,20,,,126.82863013782529,37.20143686650051,126.8352085545554,37.20922376626648,2024-10-24 20:16:21
1671,42,70,20,,,126.83142633116216,37.19654255623409,126.83737701697282,37.20948110476365,2024-10-24 20:16:32
1672,33,56,20,,,126.82954974641021,37.200024939084024,126.8346780597017,37.20550707252102,2024-10-24 20:17:00
1673,40,72,20,,,126.83041601318023,37.19271464208636,126.8119196003966,37.2062294378329,2024-10-24 20:17:15
1674,58,33,20,,,126.83563623427935,37.209001195359676,126.82973253030826,37.20036294024002,2024-10-24 20:17:25
1675,70,32,20,,,126.83856196429316,37.21050542354934,126.83282516857844,37.20162796562129,2024-10-24 20:17:42
1676,17,54,20,,,126.82600456775036,37.1957867079984,126.83323814493274,37.21083809220554,2024-10-24 20:17:49
1677,50,37,20,,,126.82209554815161,37.2108075066298,126.82032963635797,37.19685694857771,2024-10-24 20:18:39
1678,70,33,20,,,126.83687806650249,37.208668054173515,126.82928466208304,37.20013534312212,2024-10-24 20:18:53
1679,33,56,20,,,126.83015206511021,37.20095838113992,126.83559400865595,37.2053364829733,2024-10-24 20:19:39
1680,70,17,20,,,126.8371600017114,37.21000561377054,126.8268137138395,37.19651894301904,2024-10-24 20:19:41
1681,58,32,20,,,126.83443867688709,37.20864902132532,126.83151380921399,37.20219980119206,2024-10-24 20:20:29
1682,17,12,20,,,126.82694258515447,37.197260062934724,126.81862869645231,37.205479558144944,2024-10-24 20:20:39
1683,54,33,20,,,126.83286829912531,37.21008144786279,126.82906906444,37.199763112254,2024-10-24 20:21:02
1684,56,33,20,,,126.83476572545099,37.20511571194427,126.8284730526567,37.20015287432548,2024-10-24 20:21:05
1685,17,70,20,,,126.82626320539454,37.19746124357715,126.83765410892849,37.21042338885413,2024-10-24 20:21:22
1686,11,58,20,,,126.81337534764516,37.207803172248006,126.83466432922555,37.2083420315914,2024-10-24 20:21:38
1687,56,32,20,,,126.83524147088643,37.20659896235533,126.83103452336626,37.20088153168833,2024-10-24 20:21:42
1688,56,17,20,,,126.83428782478003,37.20576702752739,126.82648902475314,37.19618387887235,2024-10-24 20:22:01
1689,58,33,20,,,126.8350715964317,37.20773196730065,126.8286935250066,37.19997523177585,2024-10-24 20:22:44
1690,11,58,20,,,126.81426101322955,37.20810933800383,126.83574208839983,37.20827656015284,2024-10-24 20:22:57
1691,70,42,20,,,126.83845242758323,37.21053841956926,126.83188104042767,37.196997375248934,2024-10-24 20:23:25
1692,23,32,20,,,126.82065172976715,37.19147276652578,126.83180596320399,37.202118030333544,2024-10-24 20:24:12
1693,12,19,20,,,126.81864802477276,37.203865224444876,126.8285246717037,37.19442812140289,2024-10-24 20:24:35
1694,70,33,20,,,126.83879252688402,37.20974549904247,126.83017853013918,37.20118851080483,2024-10-24 20:25:38
1695,72,33,20,,,126.81259247727114,37.20739762019081,126.82992681378788,37.20141193772895,2024-10-24 20:25:50
1696,31,59,20,,,126.82887149356326,37.197258694875714,126.83182432492089,37.2074467587588,2024-10-24 20:26:01
1697,69,30,20,,,126.8377665753988,37.20651904912347,126.83181211891711,37.19973292006855,2024-10-24 20:26:14
1698,11,17,20,,,126.81417595696122,37.20769432076937,126.82572003811883,37.19652380616775,2024-10-24 20:27:01
1699,41,70,20,,,126.83373701179303,37.19627150459833,126.8370916943437,37.20995772850886,2024-10-24 20:27:04
1700,56,17,20,,,126.83393269246496,37.20595090481206,126.82584581183377,37.196195176121016,2024-10-24 20:27:27
1701,17,54,20,,,126.82704934207851,37.19766127025646,126.8316956698653,37.2107090866439,2024-10-24 20:27:34
1702,69,30,20,,,126.83844289572444,37.20722863978455,126.83099359297285,37.1996697646858,2024-10-24 20:28:05
1703,58,33,20,,,126.8360740647427,37.20933922457265,126.82929337560611,37.20041207265976,2024-10-24 20:28:23
1704,54,33,20,,,126.83170100835329,37.20924936283356,126.82967419242878,37.20130683596268,2024-10-24 20:28:47
1705,58,19,20,,,126.83560293567831,37.208469239710666,126.82950539673436,37.19555547768597,2024-10-24 20:28:51
1706,56,17,20,,,126.8343362896815,37.20488452721575,126.8257528625618,37.196482792893434,2024-10-24 20:29:12
1707,19,10,20,,,126.82898308275325,37.194934772628244,126.81716519401004,37.20908766267438,2024-10-24 20:29:56
1708,11,33,20,,,126.8137862664085,37.20829477475777,126.82933879755386,37.199748068707635,2024-10-24 20:30:20
1709,33,56,20,,,126.82911274720652,37.19979372295026,126.83496044271773,37.20625805095792,2024-10-24 20:30:25
1710,59,33,20,,,126.83174238234442,37.20826630804061,126.8294709569707,37.20016061246842,2024-10-24 20:31:05
1711,58,33,20,,,126.83469953096476,37.20807034916834,126.82927596204603,37.200790067066315,2024-10-24 20:31:39
1712,70,42,20,,,126.83802747630094,37.210053352574555,126.83191460385517,37.19578849355798,2024-10-24 20:32:18
1713,32,56,20,,,126.83139722323942,37.20080018173211,126.83468051793693,37.206465609913415,2024-10-24 20:33:21
1714,35,32,20,,,126.81954753647108,37.20179591472091,126.83173668990074,37.200988965970936,2024-10-24 20:33:41
1715,10,56,20,,,126.81717255048277,37.209285778650965,126.83548997867076,37.20591913049392,2024-10-24 20:33:46
1716,69,30,20,,,126.83791122666145,37.20765908214246,126.8313910025624,37.19869650598926,2024-10-24 20:34:10
1717,33,56,20,,,126.82923218625217,37.201099326958996,126.83589089993444,37.205046324750796,2024-10-24 20:34:18
1718,32,59,20,,,126.83165276991043,37.20076859889956,126.8322298581107,37.208197402489326,2024-10-24 20:35:23
1719,56,33,20,,,126.83473851651017,37.20622647883551,126.82981537519943,37.20129120394567,2024-10-24 20:35:33
1720,54,17,20,,,126.83310470929096,37.210475498872356,126.82618685622434,37.19756366000183,2024-10-24 20:35:41
1721,42,70,20,,,126.83088779060421,37.19659828612159,126.83684115443515,37.209882313610564,2024-10-24 20:36:29
1722,17,58,20,,,126.82685064014898,37.19728488284008,126.83571690924597,37.20838145687666,2024-10-24 20:37:43
1723,33,56,20,,,126.82923468249749,37.2014242616473,126.8353833111299,37.20579518479753,2024-10-24 20:38:51
1724,70,10,20,,,126.83750751882386,37.210092911528506,126.81750763725772,37.20862368930314,2024-10-24 20:39:05
1725,58,19,20,,,126.83540428701347,37.208355196986865,126.82942876696944,37.19457855032667,2024-10-24 20:39:21
1726,70,33,20,,,126.83690245188788,37.2101179436344,126.82989784645068,37.20008791958124,2024-10-24 20:39:45
1727,56,32,20,,,126.83493078199082,37.20554074242377,126.83200606585845,37.202230132566115,2024-10-24 20:39:56
1728,17,54,20,,,126.82740242964195,37.19776563165248,126.83315153043642,37.21069824120717,2024-10-24 20:41:14
1729,31,58,20,,,126.82991772566076,37.19844857719371,126.83491485124802,37.20860641207075,2024-10-24 20:42:59
1730,58,33,20,,,126.83552599029333,37.20883563339241,126.83016731089008,37.200967595533776,2024-10-24 20:43:20
1731,58,33,20,,,126.83427554818111,37.20943369872727,126.83029921831587,37.2014357820263,2024-10-24 20:43:45
1732,12,17,20,,,126.81880026148166,37.20394497969509,126.82564279520999,37.19622512342633,2024-10-24 20:43:56
1733,11,17,20,,,126.8137649638174,37.207330342292565,126.82713195597366,37.19617564123503,2024-10-24 20:44:21
1734,17,54,20,,,126.82692794052076,37.19679493418771,126.83246689899465,37.20949203678012,2024-10-24 20:44:39
1735,56,17,20,,,126.83520861969916,37.20627308907616,126.82554028198334,37.19650760016361,2024-10-24 20:44:55
1736,33,58,20,,,126.82945150390923,37.20003267150218,126.83602445419201,37.20824575723731,2024-10-24 20:44:59
1737,59,41,20,,,126.83147232233956,37.208060809397104,126.83452459510836,37.19773789964983,2024-10-24 20:45:14
1738,33,56,20,,,126.8295216922748,37.200615342912926,126.8350837136149,37.20652122780239,2024-10-24 20:45:22
1739,56,41,20,,,126.83551163332287,37.206619671846056,126.833680688436,37.197588511375685,2024-10-24 20:45:23
1740,33,70,20,,,126.82971036136256,37.20149837553151,126.83725324293707,37.20998434807711,2024-10-24 20:45:30
1741,42,70,20,,,126.83152040233168,37.196612745211134,126.83791559027986,37.20867600364112,2024-10-24 20:45:45
1742,51,34,20,,,126.81957878103516,37.21048398674009,126.82197771870888,37.202149758800374,2024-10-24 20:46:04
1743,41,56,20,,,126.8339981114628,37.19769542756104,126.83562027599795,37.20613483416725,2024-10-24 20:46:07
1744,56,33,20,,,126.83437394151711,37.20661968102167,126.83010783223015,37.20089848021354,2024-10-24 20:48:06
1745,59,15,20,,,126.8328425904095,37.207730628794835,126.81630933076184,37.20681362426993,2024-10-24 20:48:14
1746,56,31,20,,,126.83588979228314,37.20571528235353,126.8284331394911,37.198551215706054,2024-10-24 20:48:38
1747,58,19,20,,,126.83498111301928,37.20785372712555,126.82847239053315,37.19524653122687,2024-10-24 20:49:15
1748,58,42,20,,,126.83508853058572,37.20795223822533,126.83127371243344,37.19695833024963,2024-10-24 20:50:13
1749,70,11,20,,,126.83743493388474,37.20933546973813,126.81495869000828,37.20923118430296,2024-10-24 20:51:04
1750,10,38,20,,,126.8175124496518,37.2101031065136,126.82420663300786,37.201068244624715,2024-10-24 20:51:17
1751,37,72,20,,,126.82179382482771,37.19663405283312,126.8115437391165,37.206828028346024,2024-10-24 20:51:34
1752,70,33,20,,,126.83694084613293,37.20874114758286,126.82832872669412,37.201169380257326,2024-10-24 20:51:55
1753,56,31,20,,,126.83457282280281,37.20603036078105,126.82985815533455,37.19812099254198,2024-10-24 20:52:39
1754,26,37,20,,,126.81795241864647,37.19390872779137,126.82139590152217,37.1975975138823,2024-10-24 20:53:09
1755,10,17,20,,,126.81733718150996,37.20927959692693,126.82642284705705,37.19589938632354,2024-10-24 20:53:33
1756,33,56,20,,,126.82954032840084,37.200260680319204,126.83425898228303,37.20626288882261,2024-10-24 20:54:05
1757,58,19,20,,,126.83565693806685,37.208422656049386,126.82803265482958,37.19488962333174,2024-10-24 20:54:10
1758,11,32,20,,,126.81442701519991,37.208005348027235,126.83116728206839,37.20101516535283,2024-10-24 20:57:30
1759,10,17,20,,,126.81717834155806,37.209354801301984,126.8268602165332,37.19674762151408,2024-10-24 20:58:07
1760,33,54,20,,,126.83005517151281,37.20007874224824,126.83330768063092,37.2098129888464,2024-10-24 20:59:05
1761,56,41,20,,,126.83581605208795,37.20562620387172,126.83521982546466,37.19630016900283,2024-10-24 20:59:22
1762,56,41,20,,,126.83455200369028,37.20540589113407,126.83324788564646,37.19708067705905,2024-10-24 20:59:34
1763,56,33,20,,,126.83446498259474,37.20530029899668,126.82983526114201,37.200952987007575,2024-10-24 20:59:53
1764,58,19,21,,,126.83553826289679,37.208886974748104,126.82835464161266,37.19553416466224,2024-10-24 21:00:29
1765,58,33,21,,,126.83511717170775,37.20766133015972,126.8293429105765,37.1998352704231,2024-10-24 21:00:36
1766,56,33,21,,,126.83533517503068,37.20601623599093,126.8285996136624,37.20098090873397,2024-10-24 21:00:38
1767,70,11,21,,,126.83729174306937,37.21007429920163,126.81401019324842,37.20861375395369,2024-10-24 21:00:55
1768,56,17,21,,,126.83440372507978,37.2065709546953,126.82646855977723,37.196309890708726,2024-10-24 21:01:46
1769,70,33,21,,,126.83786867556304,37.20930023459703,126.8302745220598,37.20106610058742,2024-10-24 21:03:28
1770,54,33,21,,,126.83302493976551,37.21108295546098,126.82860076127767,37.20154618152071,2024-10-24 21:05:41
1771,42,70,21,,,126.83225378406932,37.1962403855746,126.83877859006878,37.20860953985777,2024-10-24 21:05:59
1772,33,56,21,,,126.83004406495634,37.2012212444866,126.83445916178863,37.20594354116582,2024-10-24 21:06:07
1773,56,41,21,,,126.83406211613304,37.20591227265407,126.83342306754345,37.196676028759754,2024-10-24 21:06:09
1774,72,56,21,,,126.81200779017519,37.207513897154705,126.83416934588143,37.20618384658181,2024-10-24 21:06:36
1775,32,58,21,,,126.8325037587296,37.20100830608863,126.83574322304214,37.20861942196165,2024-10-24 21:06:38
1776,56,31,21,,,126.83584627667989,37.20539723125656,126.8283002267291,37.19760755034141,2024-10-24 21:06:41
1777,37,72,21,,,126.82168828295964,37.19707406166055,126.81171688928366,37.207900423050624,2024-10-24 21:06:47
1778,33,56,21,,,126.83029124175314,37.2010224184764,126.83580952601697,37.20493813021138,2024-10-24 21:06:57
1779,70,10,21,,,126.8384041591128,37.21045488648774,126.81669841821463,37.208590509496766,2024-10-24 21:07:29
1780,58,33,21,,,126.83549120581526,37.20813457179414,126.83001582747862,37.20132923567648,2024-10-24 21:07:43
1781,42,70,21,,,126.8317490890702,37.19547672150192,126.83792817673624,37.20889940441159,2024-10-24 21:08:00
1782,33,56,21,,,126.82929152516495,37.20014749370657,126.83581784043561,37.20601888750478,2024-10-24 21:08:06
1783,11,70,21,,,126.81517138362567,37.208588086052444,126.83780265076464,37.20980662568,2024-10-24 21:08:24
1784,56,31,21,,,126.83536538453804,37.20499438203752,126.82973290776843,37.197463384745596,2024-10-24 21:08:25
1785,58,17,21,,,126.83516310244333,37.208417966497166,126.82718178051395,37.19776554909318,2024-10-24 21:09:18
1786,54,33,21,,,126.83333714403393,37.20979289295302,126.82951856215143,37.20158062872041,2024-10-24 21:09:40
1787,58,33,21,,,126.83595929769412,37.20828009270789,126.82985316859187,37.199679603768196,2024-10-24 21:10:29
1788,56,17,21,,,126.83421571252809,37.2054822922381,126.82627287370913,37.19775453822449,2024-10-24 21:11:11
1789,11,33,21,,,126.81464540145683,37.20876363835815,126.82918406019118,37.199844646495634,2024-10-24 21:11:38
1790,59,15,21,,,126.8319866109139,37.20745063236669,126.81709922865423,37.20750169568909,2024-10-24 21:12:26
1791,70,33,21,,,126.83767133915322,37.21039772596179,126.82849614423824,37.2008987175807,2024-10-24 21:13:07
1792,56,17,21,,,126.83503601402123,37.20607180922874,126.82642847433479,37.197065182464165,2024-10-24 21:13:09
1793,56,17,21,,,126.83537407950557,37.204784035384996,126.82679922531399,37.19776035877966,2024-10-24 21:13:54
1794,54,33,21,,,126.83299712241778,37.210569335111884,126.8283877412756,37.199755253969656,2024-10-24 21:14:19
1795,54,33,21,,,126.83222667986207,37.21037704077145,126.82915830340114,37.201123991673,2024-10-24 21:14:44
1796,70,33,21,,,126.83777712367437,37.20921188500164,126.82960201968842,37.20068551024981,2024-10-24 21:15:08
1797,70,42,21,,,126.83691384598755,37.20917921106857,126.83065514513106,37.195197171413554,2024-10-24 21:16:51
1798,58,42,21,,,126.8349237971213,37.207910845067914,126.83140756679673,37.19571396306069,2024-10-24 21:17:04
1799,56,32,21,,,126.83570187019471,37.20585785318155,126.83289224638096,37.20108799955498,2024-10-24 21:18:30
1800,11,58,21,,,126.81384116833743,37.2076978853866,126.83592810123672,37.208411259237955,2024-10-24 21:19:08
1801,70,18,21,,,126.83854706681039,37.21007298450839,126.82321594808373,37.19667750671142,2024-10-24 21:19:11
1802,32,56,21,,,126.83284535334226,37.20131123288788,126.83500474977178,37.20604513663426,2024-10-24 21:19:19
1803,10,56,21,,,126.8174340610597,37.20955260995848,126.83566119772146,37.20638263673951,2024-10-24 21:20:03
1804,11,17,21,,,126.81531852073134,37.20892184153871,126.82633922553694,37.197744079458374,2024-10-24 21:20:34
1805,70,33,21,,,126.83754588549128,37.20875963919762,126.82973744457605,37.201551780358685,2024-10-24 21:20:46
1806,17,54,21,,,126.82647682552704,37.19589341011483,126.83363158742085,37.21088771168713,2024-10-24 21:21:13
1807,54,17,21,,,126.83364392746842,37.21023880701371,126.82648203841994,37.19647387449307,2024-10-24 21:21:21
1808,17,56,21,,,126.82700065572463,37.19731220204633,126.83416134443752,37.20651076962337,2024-10-24 21:21:49
1809,56,31,21,,,126.83420138897395,37.20619906119506,126.82863751484393,37.19844648037119,2024-10-24 21:22:46
1810,17,54,21,,,126.82728004074758,37.19725080267928,126.83190410087226,37.21068270999844,2024-10-24 21:23:13
1811,58,33,21,,,126.83483252286752,37.207672982712424,126.82911840955464,37.20111065004593,2024-10-24 21:24:09
1812,72,70,21,,,126.81136463707684,37.20765858627948,126.83787645732639,37.21009714591387,2024-10-24 21:24:36
1813,17,54,21,,,126.82603236402885,37.19602447517448,126.83314572420579,37.20995386470961,2024-10-24 21:25:06
1814,35,32,21,,,126.81931300817016,37.20194174135877,126.83214207196843,37.201613817679096,2024-10-24 21:26:12
1815,56,33,21,,,126.83552089970017,37.205004264261405,126.82989176817053,37.201021406630666,2024-10-24 21:26:35
1816,69,30,21,,,126.838441377043,37.20672743244553,126.83155274184318,37.19961705459577,2024-10-24 21:27:17
1817,40,72,21,,,126.83036623562673,37.19392563376988,126.81171470072924,37.20728812240167,2024-10-24 21:27:40
1818,69,30,21,,,126.83839625016215,37.20721156325432,126.83117302867768,37.19825155377073,2024-10-24 21:28:44
1819,33,56,21,,,126.82865071921454,37.20102467339545,126.83461989741578,37.204755582310106,2024-10-24 21:29:09
1820,56,40,21,,,126.83534566332811,37.20568410861991,126.83078427105809,37.1941475218071,2024-10-24 21:29:12
1821,72,33,21,,,126.81253852352123,37.20654568208015,126.82892298676752,37.2003929453497,2024-10-24 21:29:24
1822,56,33,21,,,126.83550566750561,37.20661541184407,126.82886591932619,37.200670241355674,2024-10-24 21:29:57
1823,59,33,21,,,126.83215512311877,37.2067014461985,126.82903274686974,37.200533703173754,2024-10-24 21:29:59
1824,32,59,21,,,126.83158138890832,37.20213841577368,126.83188392051068,37.206667423361665,2024-10-24 21:30:09
1825,11,32,21,,,126.81429024834267,37.2091672357603,126.83148593776664,37.20182784053817,2024-10-24 21:30:27
1826,17,70,21,,,126.82703791536687,37.19640149269174,126.83725654167553,37.209133176403796,2024-10-24 21:31:26
1827,32,54,21,,,126.83251465413979,37.20272713332172,126.83272757729341,37.20997560068319,2024-10-24 21:32:19
1828,33,56,21,,,126.8284192176083,37.20002504862313,126.83520892531773,37.20660347281261,2024-10-24 21:32:20
1829,10,17,21,,,126.81733063393337,37.20936809034298,126.82668176596185,37.19577589846087,2024-10-24 21:32:26
1830,10,40,21,,,126.81772437711328,37.21031200526672,126.8317952983358,37.19411030341948,2024-10-24 21:32:30
1831,69,30,21,,,126.83856011194699,37.20764311298721,126.83175318049788,37.198168513380644,2024-10-24 21:32:43
1832,56,32,21,,,126.83460653013132,37.204834000407494,126.83156321921697,37.201890820871505,2024-10-24 21:33:25
1833,69,30,21,,,126.83802289645877,37.20732335545141,126.83230383024858,37.1985807041656,2024-10-24 21:33:49
1834,42,70,21,,,126.83248343618787,37.195712549000085,126.83877293939678,37.20888273569578,2024-10-24 21:34:33
1835,58,32,21,,,126.83423489259818,37.20816523766919,126.83134019369864,37.20173752044481,2024-10-24 21:35:04
1836,54,33,21,,,126.83243545305068,37.209703409236006,126.82911439212859,37.20147310273143,2024-10-24 21:37:32
1837,56,33,21,,,126.83560798974034,37.205832153249915,126.82856941778367,37.200619506601846,2024-10-24 21:37:39
1838,56,33,21,,,126.834014458959,37.20611376404257,126.83026327307097,37.20111662140991,2024-10-24 21:38:44
1839,33,70,21,,,126.82970172508195,37.2006247795965,126.8380044912114,37.20872863577496,2024-10-24 21:39:05
1840,56,41,21,,,126.83539554862202,37.204757742337556,126.8342215013933,37.19730427482848,2024-10-24 21:39:16
1841,33,56,21,,,126.82861141002135,37.200533425743394,126.83439873171491,37.20608802012797,2024-10-24 21:40:30
1842,70,17,21,,,126.83768739022901,37.21001439241083,126.82637747793405,37.19634857349969,2024-10-24 21:40:45
1843,12,19,21,,,126.81893386313895,37.20391799573151,126.82935212475797,37.19585516300864,2024-10-24 21:41:00
1844,10,38,21,,,126.81670684502882,37.209926183096094,126.82505180349781,37.202197881947036,2024-10-24 21:41:49
1845,70,33,21,,,126.83705965557763,37.208836981498635,126.82886199665568,37.20046834918464,2024-10-24 21:43:18
1846,56,41,21,,,126.83580363900514,37.20635876224161,126.83386127415174,37.19700898484773,2024-10-24 21:43:23
1847,33,58,21,,,126.829333770373,37.20100336728404,126.83527904328689,37.20750470812475,2024-10-24 21:43:47
1848,58,33,21,,,126.83591991518495,37.208489712627866,126.8300992611939,37.20153661163391,2024-10-24 21:43:53
1849,33,56,21,,,126.82986597299629,37.201156183333296,126.8352502014943,37.206625247213076,2024-10-24 21:44:33
1850,33,58,21,,,126.82833747821248,37.200556019426365,126.83437718259532,37.2076919098705,2024-10-24 21:44:35
1851,50,37,21,,,126.82198057412774,37.21050068480381,126.82129963281047,37.19831603294295,2024-10-24 21:44:55
1852,17,58,21,,,126.82584990256075,37.196972875518995,126.8352096653559,37.2082492793698,2024-10-24 21:45:18
1853,19,10,21,,,126.82906911994579,37.19494639781824,126.81734087852134,37.20863000373692,2024-10-24 21:46:25
1854,56,19,21,,,126.83404064842648,37.20573965686262,126.82859182808798,37.19531518373513,2024-10-24 21:46:41
1855,58,19,21,,,126.8353478265621,37.20867704181909,126.82921523345543,37.19596412352466,2024-10-24 21:46:41
1856,23,32,21,,,126.82180713234439,37.19104005006746,126.83195579126348,37.2021595492575,2024-10-24 21:47:00
1857,58,19,21,,,126.83416087999372,37.2077080377746,126.82952898395813,37.194415196765036,2024-10-24 21:47:38
1858,56,33,21,,,126.83526516015833,37.206197975615304,126.82922984655987,37.20050227036185,2024-10-24 21:48:17
1859,11,58,21,,,126.81518391820522,37.20731557688025,126.83490005910052,37.20811165619224,2024-10-24 21:48:51
1860,17,12,21,,,126.8266898238516,37.19653294125134,126.81995969360243,37.204912461564255,2024-10-24 21:49:29
1861,70,32,21,,,126.83718110969815,37.20954419718599,126.83218161816764,37.20273160805857,2024-10-24 21:49:51
1862,10,17,21,,,126.81689878943136,37.20898931273865,126.82620594982795,37.19698316627423,2024-10-24 21:50:13
1863,58,33,21,,,126.8349203224215,37.20872100750932,126.83017249139067,37.20151189559702,2024-10-24 21:50:22
1864,58,19,21,,,126.83597399738171,37.20878100282353,126.82975607188473,37.196033164593686,2024-10-24 21:50:26
1865,70,42,21,,,126.83738936713912,37.20918280851163,126.83176392750354,37.19567571186251,2024-10-24 21:50:50
1866,33,54,21,,,126.82961674936642,37.20005709300091,126.83338417101625,37.20991792604656,2024-10-24 21:51:05
1867,10,17,21,,,126.81674703690308,37.20996836585704,126.82672337165663,37.197006343632765,2024-10-24 21:51:17
1868,70,17,21,,,126.83805395951966,37.20939743317039,126.82577933991709,37.19722813738605,2024-10-24 21:51:56
1869,58,19,21,,,126.83458321662512,37.20850568743379,126.82954500698882,37.19418507350525,2024-10-24 21:52:08
1870,51,34,21,,,126.81976286954468,37.210006182786245,126.82168902353567,37.2023339568482,2024-10-24 21:53:26
1871,11,17,21,,,126.81433518448358,37.20897073853753,126.82699926096713,37.196025362950564,2024-10-24 21:53:34
1872,12,17,21,,,126.81999129279306,37.205172230771,126.82693829421967,37.1976332001519,2024-10-24 21:54:18
1873,42,70,21,,,126.83062917017891,37.19574398532062,126.83812401419989,37.2096896913579,2024-10-24 21:54:38
1874,19,10,21,,,126.82793487684961,37.19569033134028,126.81701493310139,37.208978541056254,2024-10-24 21:54:42
1875,17,54,21,,,126.82592380734341,37.1962363751311,126.83189465346926,37.20977542749915,2024-10-24 21:55:11
1876,31,54,21,,,126.8297459906588,37.197516574732,126.8331372046298,37.20961470066522,2024-10-24 21:55:18
1877,31,58,21,,,126.82956167241933,37.19730042910551,126.83568515694412,37.209304970311855,2024-10-24 21:55:19
1878,41,56,21,,,126.83336366365238,37.19725613060061,126.83498669327957,37.20631720717219,2024-10-24 21:55:26
1879,10,17,21,,,126.81727773171426,37.208982629483494,126.82734481459951,37.19751650922519,2024-10-24 21:55:28
1880,41,70,21,,,126.83348397898412,37.19777609066375,126.83875009528656,37.210045505680746,2024-10-24 21:55:53
1881,70,19,21,,,126.83776651885539,37.20939784715372,126.8280723189035,37.19560026259924,2024-10-24 21:56:01
1882,26,37,21,,,126.81793613443963,37.192959100704215,126.82037837184376,37.19835659511713,2024-10-24 21:56:34
1883,58,33,21,,,126.83484456759705,37.20843518752418,126.82897137697998,37.200896843361235,2024-10-24 21:57:54
1884,32,11,21,,,126.83104235741244,37.20106489117205,126.81417078619555,37.208041704462694,2024-10-24 21:57:55
1885,32,59,21,,,126.83160737378508,37.20261565557954,126.83260196238265,37.20768704556767,2024-10-24 21:58:00
1886,31,59,21,,,126.82887383699787,37.19782529494182,126.83276614818641,37.2083465566816,2024-10-24 21:58:29
1887,58,33,21,,,126.83473143545517,37.2076943854035,126.82874040526667,37.200252872943324,2024-10-24 21:58:33
1888,59,41,21,,,126.83166897885089,37.20779621646698,126.83350316099026,37.196765754806904,2024-10-24 21:59:25
1889,56,41,21,,,126.83580552307991,37.204664308657584,126.83510068316461,37.19755002140496,2024-10-24 21:59:41
1890,32,58,22,,,126.83121190365888,37.20266174010397,126.83480985930346,37.20893091762267,2024-10-24 22:00:38
1891,56,33,22,,,126.83452696993325,37.20615596217369,126.82959105129947,37.200769165618716,2024-10-24 22:00:44
1892,32,54,22,,,126.83228818999555,37.202273396233906,126.83216857431347,37.20928095457892,2024-10-24 22:00:55
1893,72,33,22,,,126.81125579799351,37.20677989101631,126.82856376408105,37.201303885900465,2024-10-24 22:01:06
1894,69,30,22,,,126.83796159742225,37.207629005299346,126.83204641941526,37.19847062498889,2024-10-24 22:01:33
1895,56,41,22,,,126.8346729531716,37.205817270311556,126.83493985451919,37.197368671685794,2024-10-24 22:01:37
1896,56,33,22,,,126.83423425051475,37.20512197912746,126.82873809327097,37.199878711950234,2024-10-24 22:01:54
1897,56,33,22,,,126.83407880841749,37.20512358960006,126.82840402245384,37.20080602841471,2024-10-24 22:02:12
1898,69,30,22,,,126.83849132190167,37.2068138777239,126.83120198511139,37.19822195636873,2024-10-24 22:02:36
1899,58,33,22,,,126.83470632960504,37.20818559882307,126.82955364038439,37.2004838493251,2024-10-24 22:02:42
1900,12,19,22,,,126.81883109816982,37.20485579325695,126.82975028111997,37.1953140594434,2024-10-24 22:03:06
1901,17,54,22,,,126.8254264358294,37.19702155085084,126.83313284177888,37.209904440801054,2024-10-24 22:03:54
1902,50,37,22,,,126.82210109124456,37.21232323753099,126.82181804042223,37.198122261951994,2024-10-24 22:04:04
1903,11,17,22,,,126.81437343677615,37.20822277455325,126.82698738979217,37.197674528700205,2024-10-24 22:04:37
1904,58,32,22,,,126.83485973600084,37.20801888924679,126.83135759827485,37.20092496320486,2024-10-24 22:04:39
1905,54,33,22,,,126.83333402441025,37.20921842989421,126.82984510878514,37.200498772603986,2024-10-24 22:05:15
1906,56,31,22,,,126.8348456018995,37.20627603696415,126.82937400293878,37.197476664959424,2024-10-24 22:05:16
1907,70,32,22,,,126.83797571191981,37.2099849766642,126.83232735164864,37.201035739200904,2024-10-24 22:05:18
1908,70,10,22,,,126.8373665438342,37.20882300508622,126.81775772889245,37.20850168056268,2024-10-24 22:05:42
1909,32,56,22,,,126.83287642255291,37.20128181767451,126.83549353057684,37.205842193654284,2024-10-24 22:05:42
1910,33,56,22,,,126.82952328614138,37.20145695584627,126.8349696909894,37.204999054846496,2024-10-24 22:05:47
1911,58,19,22,,,126.8350426951843,37.2084564791234,126.82845740547657,37.19437426403554,2024-10-24 22:05:57
1912,40,72,22,,,126.83058181434353,37.192946004719595,126.81134708466492,37.20771107290144,2024-10-24 22:06:10
1913,10,17,22,,,126.81749535198632,37.20859923315023,126.82657874235845,37.19601034893607,2024-10-24 22:07:15
1914,56,17,22,,,126.8356710439926,37.20495469396492,126.82690788530454,37.195833878456156,2024-10-24 22:07:35
1915,33,56,22,,,126.83029580948434,37.2006494240145,126.83582166268454,37.20509196420752,2024-10-24 22:07:40
1916,51,34,22,,,126.81898294523229,37.21000878370646,126.82265177708841,37.20376087116721,2024-10-24 22:09:30
1917,23,32,22,,,126.82000081725982,37.19259745832884,126.83136928181497,37.201109531809514,2024-10-24 22:10:07
1918,70,33,22,,,126.83868637199791,37.210332531523584,126.82894708905306,37.20066467420104,2024-10-24 22:10:16
1919,58,19,22,,,126.83612188852578,37.208592456325064,126.82789607262464,37.194229640843446,2024-10-24 22:10:24
1920,58,33,22,,,126.8358407378506,37.20859892205471,126.83006259114752,37.20011188544461,2024-10-24 22:10:48
1921,11,17,22,,,126.81471932370752,37.208455440641224,126.82549650989789,37.19602750871468,2024-10-24 22:11:23
1922,70,42,22,,,126.83797240605755,37.21048301830906,126.83217844255573,37.19514413519124,2024-10-24 22:13:02
1923,11,58,22,,,126.81364591736293,37.20762526599737,126.83552652296441,37.20789427004619,2024-10-24 22:14:07
1924,56,31,22,,,126.83555373963924,37.20542750121023,126.82930038807974,37.19880226042632,2024-10-24 22:14:56
1925,33,56,22,,,126.82916854424371,37.19971378460414,126.8352194589031,37.20493767231326,2024-10-24 22:15:18
1926,33,56,22,,,126.82968310832574,37.20150916469957,126.83533843210664,37.20601645186957,2024-10-24 22:15:25
1927,17,54,22,,,126.82582556421742,37.19774871277996,126.83296917942545,37.20942584417009,2024-10-24 22:16:59
1928,10,40,22,,,126.81752888742587,37.21012143564568,126.83144743495356,37.19399207396779,2024-10-24 22:17:14
1929,56,32,22,,,126.83406434686121,37.20485972105708,126.83269244431881,37.20195288505596,2024-10-24 22:18:25
1930,17,12,22,,,126.82594648915722,37.19762413615637,126.81953223782763,37.20536990431109,2024-10-24 22:18:57
1931,17,56,22,,,126.82734882885623,37.196123110719896,126.83586625448261,37.20571769668238,2024-10-24 22:19:05
1932,33,56,22,,,126.82954566691336,37.200380398672436,126.83575536892295,37.20487962123385,2024-10-24 22:19:14
1933,31,54,22,,,126.82841605856768,37.19689238024642,126.83246028309456,37.20954894303251,2024-10-24 22:19:15
1934,56,41,22,,,126.83527347767141,37.20496536529876,126.8344877057696,37.19635346099792,2024-10-24 22:19:48
1935,58,19,22,,,126.83584498457526,37.20817928731353,126.82964754898057,37.194896631648646,2024-10-24 22:19:51
1936,70,17,22,,,126.83751728571735,37.20886859586137,126.82635661828208,37.19660784239745,2024-10-24 22:20:16
1937,35,32,22,,,126.81891720565767,37.20126891876995,126.83295190426351,37.2023402062004,2024-10-24 22:21:51
1938,41,70,22,,,126.83512386086173,37.1964723978334,126.83758510362107,37.210382739105505,2024-10-24 22:22:45
1939,10,56,22,,,126.81690714155302,37.21012808839559,126.83573042806731,37.206077571042044,2024-10-24 22:23:42
1940,56,33,22,,,126.83582620775391,37.206146278153,126.82894321826244,37.20066621503074,2024-10-24 22:24:20
1941,69,30,22,,,126.83855137618905,37.207302833538655,126.8311980306047,37.1983577704307,2024-10-24 22:24:40
1942,54,33,22,,,126.83188390808657,37.209301641184034,126.82926792651685,37.20082899701255,2024-10-24 22:25:22
1943,10,17,22,,,126.81656207100585,37.2088147667796,126.82558008179282,37.196938294674254,2024-10-24 22:25:22
1944,58,33,22,,,126.83495946794017,37.20762563569843,126.83006909062296,37.20056596741022,2024-10-24 22:25:30
1945,56,31,22,,,126.83415899642017,37.20659877186037,126.829328308791,37.19727401412552,2024-10-24 22:25:46
1946,42,70,22,,,126.83198072596285,37.19528262859817,126.8383719183148,37.20959342118965,2024-10-24 22:26:15
1947,56,33,22,,,126.83585643119402,37.20609429554268,126.82850903304927,37.20107109648545,2024-10-24 22:26:40
1948,59,33,22,,,126.83184658956431,37.20791421089816,126.82894884310195,37.20032322413866,2024-10-24 22:27:05
1949,56,40,22,,,126.83491588651383,37.206435941653474,126.83187686322066,37.193304252131036,2024-10-24 22:27:48
1950,56,17,22,,,126.8347966769811,37.20608803413407,126.82543203828547,37.19705933454629,2024-10-24 22:28:05
1951,54,17,22,,,126.83332753204004,37.20967846931078,126.82568122207185,37.19588137157335,2024-10-24 22:28:44
1952,58,33,22,,,126.83441397395644,37.20875923876824,126.82945174027729,37.199913715312924,2024-10-24 22:30:10
1953,19,10,22,,,126.82840377612355,37.1944761068322,126.81762564303484,37.20950158993875,2024-10-24 22:30:11
1954,70,33,22,,,126.83853326733468,37.210426176788886,126.82959210616818,37.20093436897021,2024-10-24 22:30:45
1955,70,11,22,,,126.83786828908515,37.21028210755814,126.81384480570371,37.208596422116024,2024-10-24 22:30:49
1956,56,17,22,,,126.8355677661695,37.2057512311355,126.82640936432126,37.19760794070176,2024-10-24 22:31:00
1957,59,15,22,,,126.83180819428362,37.20659601569898,126.81770576565481,37.20573965385925,2024-10-24 22:31:44
1958,54,33,22,,,126.8331681026732,37.21068059037081,126.82891328876934,37.20106291071544,2024-10-24 22:32:04
1959,41,56,22,,,126.83462264199619,37.197043619418665,126.83549573288904,37.2054708079844,2024-10-24 22:33:44
1960,11,33,22,,,126.81506642269203,37.20862652187512,126.82864530981752,37.20160885969956,2024-10-24 22:33:47
1961,72,56,22,,,126.81155386211975,37.20747382542864,126.83461315214966,37.20546369291462,2024-10-24 22:34:04
1962,56,17,22,,,126.83470151108843,37.204963616868916,126.82730210337239,37.19661688177261,2024-10-24 22:34:21
1963,10,38,22,,,126.8160977993251,37.209779801271964,126.82426983963951,37.20070312589643,2024-10-24 22:36:25
1964,72,70,22,,,126.81259000746937,37.207027700465545,126.83867143091693,37.209211182526445,2024-10-24 22:37:01
1965,33,56,22,,,126.82933735820994,37.20025925984682,126.83419239976102,37.20631588606251,2024-10-24 22:37:10
1966,70,42,22,,,126.83802061991827,37.21008829808979,126.83097041001608,37.19554766772575,2024-10-24 22:37:16
1967,10,17,22,,,126.81661312994667,37.209576283077844,126.8269275954732,37.19671803728181,2024-10-24 22:37:18
1968,17,54,22,,,126.8256728426466,37.19629771660305,126.83226167910146,37.2109901460127,2024-10-24 22:37:29
1969,42,70,22,,,126.83161842515071,37.19610959774427,126.83846154159522,37.209604478163556,2024-10-24 22:37:30
1970,11,32,22,,,126.81527085925022,37.20737872009832,126.83262829277933,37.2011268865554,2024-10-24 22:38:39
1971,69,30,22,,,126.83779640936828,37.20578636178848,126.8326479641625,37.19869149841644,2024-10-24 22:38:47
1972,70,19,22,,,126.83683859621695,37.20931780523294,126.82906044639583,37.195600973505094,2024-10-24 22:38:56
1973,70,33,22,,,126.83725597874313,37.20873442140772,126.82915462559522,37.20162384684213,2024-10-24 22:39:29
1974,54,33,22,,,126.83173225988527,37.210934428448276,126.8284722599624,37.2003962713009,2024-10-24 22:40:32
1975,33,56,22,,,126.8291647624745,37.200028513839506,126.83528305114353,37.206429154396965,2024-10-24 22:40:56
1976,59,41,22,,,126.83285222924165,37.207350367629694,126.83379255045243,37.19714839421612,2024-10-24 22:41:15
1977,31,58,22,,,126.8283772659901,37.19722598167289,126.83504312778878,37.20831144466344,2024-10-24 22:41:29
1978,33,58,22,,,126.82901104474395,37.20130090795435,126.83596554818007,37.207666499727786,2024-10-24 22:42:39
1979,17,54,22,,,126.82614383977027,37.19697995931319,126.83308281185911,37.20935996680619,2024-10-24 22:43:11
1980,31,59,22,,,126.82829068886747,37.1987910565687,126.83290117681449,37.20743133469725,2024-10-24 22:44:02
1981,58,17,22,,,126.83567035189783,37.208505228776446,126.82566801459484,37.196664600656746,2024-10-24 22:44:28
1982,17,70,22,,,126.82665807872847,37.196284330579225,126.83723105121747,37.20974821267849,2024-10-24 22:44:38
1983,10,17,22,,,126.81639603212751,37.209973080643174,126.82560289426641,37.19666117984396,2024-10-24 22:44:40
1984,33,58,22,,,126.82884507532648,37.20040400786148,126.83573044654845,37.20927262391192,2024-10-24 22:45:10
1985,58,42,22,,,126.83506483466135,37.207645660842445,126.83235113688795,37.19640036212074,2024-10-24 22:45:40
1986,58,33,22,,,126.83486654400103,37.20771662307915,126.83021836329486,37.20135545415167,2024-10-24 22:46:27
1987,58,33,22,,,126.836087942744,37.207544005750684,126.82989545465394,37.19977990021466,2024-10-24 22:46:35
1988,70,18,22,,,126.8387499128671,37.2101072440817,126.82454643497779,37.19556256056442,2024-10-24 22:47:01
1989,33,54,22,,,126.82940149918895,37.20020069614538,126.83176094011976,37.209235890303844,2024-10-24 22:47:14
1990,54,33,22,,,126.832426809991,37.21060140020606,126.83024409976257,37.19971847662917,2024-10-24 22:47:29
1991,58,33,22,,,126.83414896536108,37.20910112467226,126.82889559457779,37.20137190243309,2024-10-24 22:47:46
1992,32,59,22,,,126.83127768596654,37.200916435108354,126.83323242814805,37.20789712110104,2024-10-24 22:48:17
1993,56,19,22,,,126.83577163017618,37.20509754900362,126.82805006216884,37.194578483973444,2024-10-24 22:48:25
1994,56,41,22,,,126.83434002410176,37.20510605945107,126.83351752558112,37.197558874753234,2024-10-24 22:49:02
1995,56,41,22,,,126.83583606442654,37.20496501334588,126.83469324160635,37.19722855687359,2024-10-24 22:49:03
1996,11,58,22,,,126.81445090843248,37.208275690051344,126.83534751622787,37.20823914840397,2024-10-24 22:51:14
1997,19,10,22,,,126.82875830093012,37.19482575557355,126.8168779842384,37.20979788614928,2024-10-24 22:51:23
1998,58,19,22,,,126.83522735157416,37.20919956956247,126.8294290801533,37.195972722994156,2024-10-24 22:52:18
1999,58,33,22,,,126.83610536608809,37.208380136900765,126.82984056611689,37.20162275038591,2024-10-24 22:52:41
2000,58,19,22,,,126.83461130072492,37.208824401553045,126.8290799432074,37.19602884775307,2024-10-24 22:52:51
2001,17,58,22,,,126.82657214187626,37.19764767405514,126.83550931025124,37.20890385899041,2024-10-24 22:53:07
2002,33,70,22,,,126.83018046327416,37.19967014039397,126.83813044144303,37.20883681519495,2024-10-24 22:53:51
2003,56,33,22,,,126.83400482750996,37.205610533273806,126.82893148309518,37.199852204734704,2024-10-24 22:53:56
2004,11,70,22,,,126.81433354678154,37.20828272466709,126.83733640243436,37.209980687631045,2024-10-24 22:53:58
2005,70,33,22,,,126.83763150647546,37.21047948154818,126.8283216271599,37.200707166260784,2024-10-24 22:54:04
2006,32,11,22,,,126.8311986856559,37.20077008178014,126.81354598228214,37.20802511441408,2024-10-24 22:55:09
2007,42,70,22,,,126.83195707048368,37.196611960154705,126.83682446541066,37.209009915436724,2024-10-24 22:55:23
2008,37,72,22,,,126.82141643242613,37.196558230980564,126.81119881943465,37.20809517270294,2024-10-24 22:55:36
2009,32,59,22,,,126.83166273840907,37.20107279360527,126.83155939857775,37.206686804244555,2024-10-24 22:55:40
2010,70,33,22,,,126.83830440589396,37.210417467416335,126.82894730395613,37.20113922143625,2024-10-24 22:56:13
2011,56,32,22,,,126.83401807302532,37.20540385941503,126.83184766954895,37.201489460997216,2024-10-24 22:56:28
2012,70,17,22,,,126.83860864637516,37.2086470138643,126.82733235098435,37.19662670883007,2024-10-24 22:56:41
2013,42,70,22,,,126.8316676327931,37.19514970245866,126.83866054140067,37.21045476084153,2024-10-24 22:58:04
2014,12,17,22,,,126.81966392098782,37.204229334329824,126.82574783764005,37.19687394208344,2024-10-24 22:58:11
2015,26,37,22,,,126.81849246019992,37.19287991168224,126.82062155995176,37.19831031382935,2024-10-24 22:58:52
