idx,o,d,hour,o_h3,d_h3,o_x,o_y,d_x,d_y,time
0,27,32,7,,,126.82660675415609,37.19978294790369,126.83172518730404,37.20097024017242,2024-10-24 07:00:02
1,42,70,7,,,126.83254779273872,37.1960319642007,126.83696525464134,37.210531722194446,2024-10-24 07:00:38
2,19,10,7,,,126.82809529260457,37.19539539557766,126.81751193271201,37.210107839239996,2024-10-24 07:00:47
3,5,5,7,,,126.82654277095534,37.20440340719462,126.82719993929443,37.20542005417299,2024-10-24 07:02:02
4,70,33,7,,,126.83721745456387,37.21043875276417,126.828619038069,37.199706542899,2024-10-24 07:02:07
5,42,14,7,,,126.8313893336877,37.19635415617612,126.81951659363436,37.2077713498327,2024-10-24 07:02:42
6,58,33,7,,,126.83508335215768,37.20794833969028,126.82845992983579,37.20136525825361,2024-10-24 07:03:09
7,37,40,7,,,126.82134513706988,37.19758196429279,126.83044107339563,37.193795849016155,2024-10-24 07:03:59
8,10,38,7,,,126.81646597366412,37.20842991110705,126.82332843222936,37.20089848836847,2024-10-24 07:04:44
9,56,41,7,,,126.83575027142055,37.20654066826489,126.83456257527945,37.19744226609867,2024-10-24 07:04:46
10,33,56,7,,,126.82887122790535,37.20069409510398,126.83498719757091,37.20561374829125,2024-10-24 07:04:50
11,28,10,7,,,126.82951032636967,37.20265262732565,126.81753138144333,37.208476687376674,2024-10-24 07:05:22
12,7,56,7,,,126.8269893437536,37.207749514937106,126.83399563059396,37.20517196102739,2024-10-24 07:06:36
13,33,56,7,,,126.83031283831424,37.199766959523416,126.83584672222268,37.20631497446311,2024-10-24 07:06:41
14,33,56,7,,,126.8297707005543,37.19978700821252,126.8341272677726,37.20624410431467,2024-10-24 07:06:43
15,2,18,7,,,126.82271622251929,37.2062230277359,126.8235650829814,37.19486287025578,2024-10-24 07:06:59
16,24,2,7,,,126.81772651674915,37.191453585813214,126.82214980380675,37.20614752775079,2024-10-24 07:07:15
17,50,37,7,,,126.8231455869589,37.21065100139533,126.82135192724554,37.19823146085428,2024-10-24 07:07:38
18,70,42,7,,,126.83714626481948,37.21009511307109,126.83170825332203,37.19573747099466,2024-10-24 07:07:49
19,45,70,7,,,126.8255491387704,37.21336106137565,126.83738224574206,37.208850425118285,2024-10-24 07:07:52
20,56,41,7,,,126.83450937424455,37.20608242781898,126.83405258614417,37.1968145246032,2024-10-24 07:08:30
21,70,42,7,,,126.83704751209136,37.20948665142063,126.83148095182389,37.19701090719989,2024-10-24 07:08:37
22,17,54,7,,,126.82558743827063,37.19678869282895,126.83189118668525,37.20928770724469,2024-10-24 07:09:26
23,68,12,7,,,126.83959691666081,37.20147450574216,126.81867531733326,37.204094272207634,2024-10-24 07:09:26
24,26,37,7,,,126.81767624230132,37.19327551828309,126.82210561482837,37.198330603206465,2024-10-24 07:10:26
25,10,44,7,,,126.81642919117436,37.20907862427397,126.82146311842102,37.188511897399444,2024-10-24 07:11:06
26,69,30,7,,,126.83843333778287,37.20740472660657,126.83184329208846,37.19989237272359,2024-10-24 07:11:16
27,55,38,7,,,126.82965092039574,37.20958564542216,126.8247733185534,37.202181344213365,2024-10-24 07:12:14
28,33,56,7,,,126.8292115004731,37.20004620068124,126.83446581999745,37.20548668257262,2024-10-24 07:13:04
29,72,8,7,,,126.81202309598157,37.206327995029746,126.82382033956611,37.207205078390466,2024-10-24 07:13:32
30,54,17,7,,,126.83300575524582,37.21055760787046,126.82652538648456,37.19647699751083,2024-10-24 07:14:20
31,46,10,7,,,126.82961787604107,37.21236339932718,126.81653814491608,37.209606738257506,2024-10-24 07:14:22
32,42,70,7,,,126.83081579699775,37.196127162543554,126.83695631582727,37.209237546968666,2024-10-24 07:14:33
33,10,40,7,,,126.8167704295629,37.21007122967325,126.83199496370311,37.19320671850013,2024-10-24 07:15:53
34,41,56,7,,,126.83511899258139,37.197003506381414,126.83506656782313,37.205782270113225,2024-10-24 07:16:03
35,42,70,7,,,126.83086637752173,37.195854447332934,126.83822581304932,37.21020701920802,2024-10-24 07:16:40
36,33,56,7,,,126.82846504315417,37.2014147547725,126.83562066349306,37.20625896378241,2024-10-24 07:17:03
37,56,33,7,,,126.83478084473903,37.204731692360376,126.82992729511682,37.2007056235615,2024-10-24 07:17:23
38,70,42,7,,,126.83715431148588,37.21007332549545,126.83204673516093,37.19632988814324,2024-10-24 07:17:29
39,42,40,7,,,126.8319832674586,37.195523911554304,126.8311183145434,37.19277726980062,2024-10-24 07:17:48
40,48,25,7,,,126.83031850436565,37.21406703765966,126.82115889467136,37.19501967759181,2024-10-24 07:17:52
41,17,49,7,,,126.82626248710086,37.1972636678649,126.82747345134119,37.21382982182653,2024-10-24 07:17:56
42,56,33,7,,,126.83510187221809,37.20471943368766,126.82988712973383,37.20035715708772,2024-10-24 07:18:07
43,6,68,7,,,126.82530710879018,37.203446091862915,126.8390163377627,37.20184603351636,2024-10-24 07:18:58
44,56,32,7,,,126.83492754105917,37.20534521155111,126.83268654809622,37.2021055409585,2024-10-24 07:19:03
45,58,32,7,,,126.83539896118077,37.208489558621956,126.83263607269875,37.201416881232596,2024-10-24 07:19:22
46,72,4,7,,,126.8124579194518,37.207327595530884,126.82303855000903,37.208435664990795,2024-10-24 07:21:17
47,61,52,7,,,126.83390328193433,37.216725068357064,126.83109755316165,37.21778491737399,2024-10-24 07:21:39
48,70,17,7,,,126.83857801317114,37.20921453039489,126.827308027686,37.196326153472874,2024-10-24 07:22:18
49,56,33,7,,,126.83413941321182,37.206521393573595,126.82867140900977,37.201606584086406,2024-10-24 07:22:36
50,32,59,7,,,126.83210706881452,37.20078857324179,126.83146202924257,37.20755465782611,2024-10-24 07:23:04
51,70,32,7,,,126.83695596994005,37.20898797363018,126.83107974204476,37.20266107592733,2024-10-24 07:23:53
52,50,57,7,,,126.82297161878208,37.21229847665266,126.83302127595357,37.20528352616633,2024-10-24 07:24:53
53,32,58,7,,,126.83203437745175,37.2016227048896,126.8345824741433,37.207700662993865,2024-10-24 07:25:29
54,56,41,7,,,126.83571434079958,37.205997555183494,126.83383770007606,37.19742698511068,2024-10-24 07:25:52
55,56,17,7,,,126.83562591621079,37.20638725285876,126.82703879265748,37.19621450767669,2024-10-24 07:26:06
56,69,30,7,,,126.83850111521848,37.207430611181586,126.83227007616736,37.19876897133381,2024-10-24 07:26:37
57,70,10,7,,,126.83814473271282,37.209723314849995,126.81686740265214,37.20850615726406,2024-10-24 07:26:53
58,59,16,7,,,126.83275976358684,37.206865746476446,126.82399939372677,37.19188478282377,2024-10-24 07:27:16
59,36,27,7,,,126.82327430808462,37.19930921807708,126.82641038625522,37.19858936949147,2024-10-24 07:27:22
60,56,41,7,,,126.83501755466345,37.20603733612134,126.83456565919535,37.19657963546476,2024-10-24 07:27:28
61,33,56,7,,,126.82977242507634,37.20059983220044,126.83587706013085,37.205989648387536,2024-10-24 07:28:03
62,59,15,7,,,126.83259898936342,37.20815005141539,126.81655462629969,37.206959649026786,2024-10-24 07:28:17
63,68,70,7,,,126.83991606835694,37.20198804316547,126.83723240197817,37.209371077766946,2024-10-24 07:28:19
64,69,30,7,,,126.83813384608617,37.20650266890578,126.83081410874287,37.19982305283573,2024-10-24 07:28:40
65,70,17,7,,,126.83698254566467,37.2090440723623,126.82648445754212,37.1958084068157,2024-10-24 07:28:46
66,72,56,7,,,126.8119130373619,37.208097577208484,126.83532334699554,37.20630033391495,2024-10-24 07:29:35
67,72,70,7,,,126.81168536064358,37.20652827599623,126.83805055790725,37.20984044412677,2024-10-24 07:29:43
68,56,33,7,,,126.83493157582745,37.20585533699956,126.82946744946442,37.20043617373105,2024-10-24 07:29:47
69,59,45,7,,,126.8323769340396,37.2066444558084,126.82518215598319,37.21264389973335,2024-10-24 07:31:09
70,10,17,7,,,126.81795640864078,37.20941071852264,126.82650970070883,37.19652670899602,2024-10-24 07:31:21
71,56,31,7,,,126.83554980247006,37.20534223614184,126.82853606836457,37.198592931710344,2024-10-24 07:31:25
72,11,17,7,,,126.81530495795336,37.20801604420018,126.82651951893382,37.1970496397613,2024-10-24 07:31:33
73,58,19,7,,,126.83605274347661,37.209046125400334,126.82918389060859,37.195506751649035,2024-10-24 07:32:18
74,69,30,7,,,126.83726651362893,37.20578176492034,126.83158367816768,37.19928921253861,2024-10-24 07:33:09
75,46,22,7,,,126.83102699950885,37.211430417457045,126.81616140632009,37.194363737542,2024-10-24 07:33:21
76,63,48,7,,,126.83617115867932,37.21112791172246,126.82975314915701,37.21463570093127,2024-10-24 07:34:27
77,72,45,7,,,126.81066717145004,37.20747108858217,126.82504470881241,37.21242175344332,2024-10-24 07:34:32
78,41,1,7,,,126.83360745024888,37.196356178209264,126.81646669066501,37.198267353831945,2024-10-24 07:34:40
79,32,11,7,,,126.83184550165008,37.20249137080395,126.81440450342964,37.20768072972755,2024-10-24 07:36:01
80,69,30,7,,,126.83838987723634,37.20732345162233,126.83132091545292,37.19890738772366,2024-10-24 07:37:16
81,58,19,7,,,126.83474082936777,37.20912610494074,126.82943770677356,37.19445519412692,2024-10-24 07:37:24
82,45,54,7,,,126.82539108283237,37.21218039346604,126.83194047065334,37.211071334501696,2024-10-24 07:37:51
83,72,40,7,,,126.81133627468031,37.20774127276678,126.83106788460226,37.19315665392186,2024-10-24 07:38:38
84,40,72,7,,,126.83216551711149,37.19325347492961,126.81075562630916,37.207238254344595,2024-10-24 07:39:52
85,17,70,7,,,126.82646384813647,37.19776188300208,126.83854029260361,37.21048168605397,2024-10-24 07:40:40
86,58,19,7,,,126.83506305584974,37.20876806584953,126.82829359192058,37.19491914835576,2024-10-24 07:41:24
87,44,45,7,,,126.82120400913213,37.18994564837585,126.82540003180986,37.212639517346844,2024-10-24 07:41:45
88,17,58,7,,,126.82676658187327,37.196089604245046,126.8349026140926,37.20865147266359,2024-10-24 07:42:50
89,1,34,7,,,126.81659936655731,37.197299945755375,126.82098721374257,37.20254403046301,2024-10-24 07:43:39
90,16,18,7,,,126.82302722510651,37.192791396892666,126.82384397561036,37.19518224760591,2024-10-24 07:43:53
91,10,56,7,,,126.81728013368921,37.20848106735889,126.83439835155842,37.20571119904701,2024-10-24 07:44:14
92,56,32,7,,,126.83456525361052,37.2050291788696,126.83293300397777,37.20247521060583,2024-10-24 07:45:03
93,42,56,7,,,126.83146533300216,37.19640639473313,126.835780198283,37.20650095595636,2024-10-24 07:45:51
94,11,32,7,,,126.81486253840727,37.207905698785495,126.8326428309577,37.20085838061687,2024-10-24 07:46:44
95,56,40,7,,,126.8353926298638,37.20608177929124,126.83105518579339,37.193641154904256,2024-10-24 07:46:53
96,59,41,7,,,126.83154808433488,37.207413693098175,126.83493247302162,37.1966943518381,2024-10-24 07:47:30
97,33,56,7,,,126.82877215694505,37.2009279887789,126.83562800050862,37.20645375931896,2024-10-24 07:48:19
98,67,63,7,,,126.83422783014665,37.20239868059583,126.83543775366344,37.21091384934558,2024-10-24 07:48:42
99,6,23,7,,,126.82448256560697,37.20443490173885,126.82099196650327,37.191234003286155,2024-10-24 07:48:52
100,19,45,7,,,126.8283929672201,37.19578653463791,126.8244216091635,37.21258280818774,2024-10-24 07:49:17
101,33,56,7,,,126.82945635956408,37.20153681134553,126.8354779685567,37.205588261345575,2024-10-24 07:49:22
102,32,54,7,,,126.83242512371531,37.20212623998597,126.83301526234384,37.209991459093835,2024-10-24 07:49:49
103,58,33,7,,,126.83475391839784,37.20792839179918,126.82860898130191,37.201278908653514,2024-10-24 07:51:16
104,35,32,7,,,126.8183564370934,37.202670749873,126.83142672036807,37.20171778697268,2024-10-24 07:51:26
105,69,30,7,,,126.83754821400666,37.20687509597407,126.83137227013414,37.19981641208342,2024-10-24 07:52:15
106,67,15,7,,,126.83465359396662,37.203382573964774,126.81666641455143,37.206001448923416,2024-10-24 07:52:16
107,31,59,7,,,126.82940972291566,37.19710180666166,126.83177790148255,37.208271474956696,2024-10-24 07:52:16
108,19,10,7,,,126.8280892934658,37.19531675235431,126.81691762452547,37.20920779284107,2024-10-24 07:52:28
109,59,33,7,,,126.83300448837814,37.20814870800831,126.82992249308977,37.200103465137985,2024-10-24 07:52:34
110,72,33,7,,,126.81201038522804,37.206779167445035,126.82990672781062,37.20127683879166,2024-10-24 07:52:44
111,37,16,7,,,126.82169756321773,37.19753514035797,126.82309088042452,37.192183286838045,2024-10-24 07:53:28
112,36,69,7,,,126.82351553229972,37.19907459105965,126.83805526517638,37.207116898287644,2024-10-24 07:53:31
113,11,51,7,,,126.81386139300403,37.20788803941278,126.82058048417636,37.20984135481738,2024-10-24 07:54:57
114,33,56,7,,,126.82850292497041,37.200479902787336,126.8346173248413,37.20596088479198,2024-10-24 07:55:07
115,6,25,7,,,126.82491029738003,37.204873733504876,126.82088230973811,37.19392766133104,2024-10-24 07:55:15
116,10,17,7,,,126.8177810806087,37.209595541938725,126.82579019662678,37.196492910293934,2024-10-24 07:56:37
117,47,21,7,,,126.82653252678098,37.21040049638228,126.81885090795484,37.19688511128907,2024-10-24 07:56:37
118,27,41,7,,,126.82610844736071,37.200198608344365,126.8343705142143,37.196677698463674,2024-10-24 07:56:46
119,50,38,7,,,126.8224844243658,37.2112389456442,126.82325250599186,37.20117928586703,2024-10-24 07:56:58
120,67,3,7,,,126.83420278302941,37.20277657316775,126.82511573408014,37.20926057411137,2024-10-24 07:58:48
121,55,64,7,,,126.82948288394208,37.2095826315563,126.84291911310964,37.20257187404402,2024-10-24 07:58:59
122,54,33,7,,,126.83327166248436,37.209518478028045,126.82913886219812,37.200019887605,2024-10-24 07:59:01
123,70,17,7,,,126.83691930246611,37.20946292618684,126.8258289400147,37.196527847969975,2024-10-24 07:59:10
124,54,33,7,,,126.83291321144486,37.2100062292735,126.8301740354088,37.199974889541025,2024-10-24 07:59:42
125,11,58,7,,,126.81375116434019,37.208692961858105,126.83590244577702,37.20845711712111,2024-10-24 07:59:49
126,42,70,8,,,126.83114799555656,37.195681071122024,126.8388165378656,37.20971340474357,2024-10-24 08:00:10
127,10,7,8,,,126.81645336991376,37.208524369040845,126.8269138443689,37.20841513048673,2024-10-24 08:01:10
128,70,33,8,,,126.83777669702114,37.20866118011373,126.82968646836954,37.200469017373386,2024-10-24 08:02:07
129,58,33,8,,,126.8351183287072,37.20806738377084,126.83008879199448,37.199860166861605,2024-10-24 08:02:32
130,11,32,8,,,126.81443262918567,37.20920572317887,126.8312517847556,37.2021413395076,2024-10-24 08:03:06
131,56,33,8,,,126.83539907401638,37.206464153200386,126.83012014321432,37.20133146066371,2024-10-24 08:03:20
132,63,28,8,,,126.83484458701274,37.21184801938965,126.82966750139485,37.202733168192125,2024-10-24 08:03:27
133,36,44,8,,,126.82366859256013,37.19787949742885,126.82084062672989,37.189490828063455,2024-10-24 08:03:42
134,62,62,8,,,126.83742284898146,37.21215166289581,126.83873929823407,37.2115997030485,2024-10-24 08:04:08
135,63,62,8,,,126.83546586479532,37.21193406588317,126.83866933781938,37.212528149777484,2024-10-24 08:04:41
136,20,32,8,,,126.81625468632294,37.19156631232135,126.83264770637231,37.201936592796415,2024-10-24 08:04:52
137,17,54,8,,,126.82575324654293,37.19608375442836,126.83167723986976,37.20934360423164,2024-10-24 08:05:32
138,33,56,8,,,126.82896082094997,37.2002948171787,126.83471707982211,37.206583288746565,2024-10-24 08:06:00
139,56,32,8,,,126.83531651136677,37.20616365867894,126.83133195534313,37.20094751920242,2024-10-24 08:06:43
140,58,33,8,,,126.83536438389734,37.209126040768716,126.82887375365759,37.201543888995786,2024-10-24 08:06:45
141,60,21,8,,,126.83263081918003,37.21397106711574,126.81886633481975,37.19714626526788,2024-10-24 08:06:46
142,69,30,8,,,126.83664581484112,37.20704583056564,126.83235501415787,37.19796064942302,2024-10-24 08:07:30
143,19,10,8,,,126.82916145856541,37.195123953514575,126.81766343943212,37.21015508523016,2024-10-24 08:07:50
144,10,56,8,,,126.81664127300083,37.209780831002384,126.83581048482891,37.206128681420225,2024-10-24 08:08:14
145,54,33,8,,,126.83285224928318,37.210198056794106,126.83006265412553,37.20140518349109,2024-10-24 08:08:37
146,58,33,8,,,126.83487510250022,37.20823594626442,126.8297072413607,37.20156454440119,2024-10-24 08:09:15
147,56,41,8,,,126.83571553711626,37.20589941550032,126.83385366609483,37.19748863649656,2024-10-24 08:09:20
148,70,33,8,,,126.83736876519826,37.20867089376538,126.82941098624552,37.20093193631296,2024-10-24 08:10:07
149,56,33,8,,,126.83406666640944,37.20498288659108,126.8295536941145,37.20140746206165,2024-10-24 08:12:17
150,56,33,8,,,126.83561540062544,37.20664166642395,126.82907700197273,37.199879089399204,2024-10-24 08:13:35
151,71,48,8,,,126.839755641621,37.205683206227796,126.829664603969,37.21485640465932,2024-10-24 08:15:18
152,17,54,8,,,126.82616637549857,37.197321027320996,126.83226659468959,37.21101048324909,2024-10-24 08:15:24
153,11,17,8,,,126.81393044642965,37.207978895454964,126.82565878536597,37.19718567721302,2024-10-24 08:15:31
154,69,30,8,,,126.83688936290143,37.20638083438731,126.83078071593236,37.199731990839815,2024-10-24 08:15:54
155,70,11,8,,,126.83685029536616,37.20971723514284,126.81357942833951,37.20778786833331,2024-10-24 08:16:14
156,56,33,8,,,126.83507504396943,37.20563825379769,126.82959008263943,37.20013015975295,2024-10-24 08:16:26
157,1,45,8,,,126.81625596484716,37.1985782361827,126.82473709864222,37.212918012902534,2024-10-24 08:16:38
158,17,54,8,,,126.82693450633693,37.19600654336602,126.83325337008425,37.21040610979633,2024-10-24 08:16:56
159,20,46,8,,,126.81565701962916,37.192447980596555,126.82929040298478,37.211089058656704,2024-10-24 08:18:35
160,72,21,8,,,126.812256309892,37.20732420208272,126.8195257744045,37.197033183165686,2024-10-24 08:19:01
161,18,68,8,,,126.82362930199486,37.19609496770671,126.84067866816491,37.20254761426628,2024-10-24 08:19:18
162,31,59,8,,,126.82889112577979,37.1981754527126,126.83152104182524,37.2078987771414,2024-10-24 08:19:40
163,20,45,8,,,126.81560682513101,37.19232534313967,126.82486932244076,37.21218981834273,2024-10-24 08:19:42
164,56,33,8,,,126.83475734758504,37.20592079669767,126.83000488122771,37.20016597931318,2024-10-24 08:20:25
165,56,32,8,,,126.83400071164547,37.20644976741705,126.83158596132161,37.2023387916521,2024-10-24 08:20:26
166,72,56,8,,,126.81134391399118,37.20801907711612,126.8341952326888,37.205005730409376,2024-10-24 08:21:05
167,72,72,8,,,126.81219553838963,37.207619194009546,126.81081178122966,37.20731118918729,2024-10-24 08:21:16
168,71,44,8,,,126.84021125066934,37.20469194890291,126.82090328185159,37.18840341936669,2024-10-24 08:21:19
169,51,22,8,,,126.82010512050974,37.21090879943334,126.81566499493046,37.195884957559805,2024-10-24 08:21:43
170,31,58,8,,,126.82980568745896,37.19819055265766,126.83552042681721,37.208118261929286,2024-10-24 08:21:55
171,1,37,8,,,126.81677772759558,37.19878070993908,126.82202400903515,37.19659692950727,2024-10-24 08:22:00
172,70,33,8,,,126.83801351690954,37.209301338096374,126.8293253755264,37.20025557835626,2024-10-24 08:22:11
173,58,19,8,,,126.83448435961013,37.208953616332,126.82894500463657,37.19429914835265,2024-10-24 08:22:18
174,54,64,8,,,126.83246685507233,37.210439993294884,126.84217368791133,37.202414108999214,2024-10-24 08:23:06
175,2,12,8,,,126.82212417339976,37.20542894573713,126.81935899363488,37.205548876364986,2024-10-24 08:23:14
176,56,33,8,,,126.83589411379538,37.20579254315331,126.83027016234658,37.20025624437213,2024-10-24 08:24:30
177,58,19,8,,,126.8359600534182,37.20852035934953,126.82838012928772,37.195695773996285,2024-10-24 08:24:58
178,56,33,8,,,126.83439712457249,37.20550429286866,126.82967787412012,37.20048988636231,2024-10-24 08:25:35
179,70,33,8,,,126.83772573100495,37.20921739253641,126.82850444505597,37.200497762164886,2024-10-24 08:28:14
180,70,17,8,,,126.8383100637492,37.209591700351936,126.8269616535249,37.19672213217245,2024-10-24 08:28:44
181,70,33,8,,,126.83732851279211,37.20916457644102,126.82968791544836,37.2015729678996,2024-10-24 08:29:08
182,70,33,8,,,126.83822229203624,37.208737886222096,126.82961610670718,37.201371368338954,2024-10-24 08:29:22
183,26,37,8,,,126.81856057151171,37.193996758424476,126.82071859549858,37.19647533349593,2024-10-24 08:29:29
184,54,33,8,,,126.83349277177994,37.20939289788932,126.82860258420935,37.19969647806019,2024-10-24 08:30:03
185,56,41,8,,,126.83463845217418,37.20470964835544,126.83505505595156,37.19645877889162,2024-10-24 08:30:05
186,17,56,8,,,126.8263454444043,37.19714838251317,126.83448493948731,37.20470819900371,2024-10-24 08:30:45
187,62,63,8,,,126.837467443488,37.21153873045796,126.83629963584254,37.211553416045795,2024-10-24 08:31:02
188,58,33,8,,,126.83563110267632,37.20819582591936,126.82907632437596,37.20019010568086,2024-10-24 08:31:02
189,56,33,8,,,126.83392752457102,37.205153572709264,126.83011669222462,37.201275049018314,2024-10-24 08:31:22
190,58,33,8,,,126.8347374598183,37.20927742987898,126.82859382740243,37.200482374575955,2024-10-24 08:31:41
191,70,33,8,,,126.8384822769761,37.20867379591501,126.82850740224255,37.19985224306777,2024-10-24 08:32:22
192,11,60,8,,,126.81345659812231,37.20748530759811,126.83305019157598,37.212992704799674,2024-10-24 08:32:36
193,11,58,8,,,126.81369463859286,37.20813807091294,126.83601520666278,37.20756140803649,2024-10-24 08:32:40
194,38,8,8,,,126.82365631008767,37.20228020170647,126.82438370898171,37.20705312375303,2024-10-24 08:32:56
195,46,41,8,,,126.8301037762025,37.212658696142306,126.83390068023834,37.197164638049884,2024-10-24 08:33:25
196,70,33,8,,,126.83770585785787,37.20996433192853,126.82895849701691,37.201464316394606,2024-10-24 08:33:28
197,1,53,8,,,126.81547994527212,37.19877918929167,126.8303581021833,37.20572113799759,2024-10-24 08:33:44
198,37,64,8,,,126.82084446978766,37.19828890983103,126.84234753741923,37.203664301617906,2024-10-24 08:34:01
199,70,17,8,,,126.83772274403896,37.209726861334474,126.82663583311884,37.196212739754436,2024-10-24 08:35:02
200,33,70,8,,,126.82831657551232,37.2013156372709,126.83774268588911,37.21027826426738,2024-10-24 08:35:07
201,2,31,8,,,126.8211030893078,37.20676575391661,126.82906737696386,37.19829043496682,2024-10-24 08:35:16
202,28,38,8,,,126.8303704910189,37.20378433940038,126.82433950752608,37.20068269073572,2024-10-24 08:35:25
203,1,20,8,,,126.81604601310106,37.198626566519785,126.8158543784286,37.19309850543916,2024-10-24 08:36:44
204,58,33,8,,,126.83561761749877,37.208296908108956,126.82914404243229,37.199974828669184,2024-10-24 08:36:52
205,10,38,8,,,126.8174158869972,37.20899984493413,126.82367165562792,37.20086154529522,2024-10-24 08:37:34
206,58,33,8,,,126.83571444340642,37.208190204700934,126.82938741799396,37.199693620174564,2024-10-24 08:38:02
207,58,33,8,,,126.83535324386096,37.20811466716576,126.82958508122218,37.20096108762564,2024-10-24 08:38:19
208,70,42,8,,,126.83706319576986,37.20919882126157,126.83188156489703,37.19582258931473,2024-10-24 08:38:20
209,10,17,8,,,126.81711712302284,37.209076303241055,126.8273988823742,37.19645715502989,2024-10-24 08:39:42
210,17,54,8,,,126.82601637993491,37.19774970276253,126.83289115024904,37.210435529135985,2024-10-24 08:40:10
211,41,56,8,,,126.83499445283722,37.197212437061964,126.83446122451376,37.2063709731618,2024-10-24 08:40:55
212,56,41,8,,,126.8354198843556,37.205144172893036,126.83459751051528,37.19773089682777,2024-10-24 08:42:23
213,29,19,8,,,126.82779159645206,37.203029007452585,126.82868288530545,37.19497484954707,2024-10-24 08:43:20
214,58,33,8,,,126.83434977167364,37.20933923838569,126.82836432267672,37.200133426668785,2024-10-24 08:43:35
215,72,57,8,,,126.81092561645801,37.20697757076206,126.83128474087728,37.204828465027646,2024-10-24 08:44:52
216,72,44,8,,,126.81117676260001,37.20783492365398,126.82099520679134,37.18833877389927,2024-10-24 08:44:54
217,56,33,8,,,126.83392492563964,37.205434530774774,126.82987089660897,37.20139591765976,2024-10-24 08:44:56
218,54,33,8,,,126.83297592642735,37.21077826181524,126.83024392225416,37.19996999350478,2024-10-24 08:45:18
219,28,13,8,,,126.82969083941225,37.204124162912024,126.81591356298071,37.20423391036079,2024-10-24 08:45:53
220,27,44,8,,,126.82677994095847,37.20025697596258,126.82158895407936,37.18987951431096,2024-10-24 08:46:01
221,55,67,8,,,126.82974656825489,37.209831200846985,126.83512183478292,37.20246054660197,2024-10-24 08:46:02
222,56,33,8,,,126.83405645350868,37.20573611556815,126.83028957676785,37.20155625413423,2024-10-24 08:46:15
223,56,31,8,,,126.83590358155404,37.20648477749051,126.82895816421401,37.198343818372095,2024-10-24 08:46:43
224,17,54,8,,,126.82570401461523,37.195876858390186,126.83227955944824,37.21031915368801,2024-10-24 08:46:51
225,11,17,8,,,126.81375868053185,37.20762743300154,126.82685478944846,37.196738037416026,2024-10-24 08:47:06
226,59,15,8,,,126.83233441373673,37.207118837514756,126.81749756975151,37.20742406753549,2024-10-24 08:47:07
227,51,16,8,,,126.81946060644555,37.20989700021854,126.82331901496462,37.19358571913947,2024-10-24 08:47:36
228,36,66,8,,,126.82300277272671,37.198473755939965,126.8379684233481,37.204167986122364,2024-10-24 08:47:40
229,37,29,8,,,126.82136242468114,37.19674036003877,126.82603990438248,37.20250502038161,2024-10-24 08:48:27
230,70,18,8,,,126.83855269501466,37.210105983290696,126.82363732438623,37.195731895019954,2024-10-24 08:49:38
231,70,42,8,,,126.8370789641063,37.20928482301749,126.83246413310471,37.1952353551114,2024-10-24 08:50:26
232,17,54,8,,,126.82693109365499,37.195968107391145,126.83220118067514,37.21044450455466,2024-10-24 08:50:31
233,72,70,8,,,126.8113942559611,37.20723696745137,126.83713355175084,37.20944682088008,2024-10-24 08:50:56
234,71,40,8,,,126.8408871009745,37.204834530243055,126.83090200166512,37.19240279005534,2024-10-24 08:51:13
235,2,42,8,,,126.82188404960544,37.205350276633304,126.8314472329562,37.1965390779684,2024-10-24 08:51:45
236,56,31,8,,,126.83499076173351,37.20561881426373,126.82855976175637,37.19808520456182,2024-10-24 08:51:50
237,36,58,8,,,126.82347914631836,37.19760755589643,126.83470913775922,37.207720681060025,2024-10-24 08:51:52
238,11,17,8,,,126.81389190865863,37.208306407054884,126.82579385460245,37.19597069245778,2024-10-24 08:51:53
239,47,7,8,,,126.82743612463653,37.21093399606025,126.82667873705606,37.20767511087659,2024-10-24 08:52:04
240,70,33,8,,,126.83854971783055,37.209642199755514,126.8300904554214,37.200525922747694,2024-10-24 08:52:29
241,56,41,8,,,126.83512285970444,37.20624063953196,126.83450903608293,37.19690059719045,2024-10-24 08:52:57
242,19,10,8,,,126.82904576829701,37.195617324247245,126.81640581554034,37.209946073700294,2024-10-24 08:53:46
243,42,70,8,,,126.83123063434324,37.196824217915406,126.83735307852528,37.21011496411027,2024-10-24 08:53:55
244,58,19,8,,,126.83605886605498,37.207688994017026,126.82979918953752,37.19431634278716,2024-10-24 08:54:54
245,72,33,8,,,126.81199182057229,37.207419449685,126.82953226320852,37.2007792623747,2024-10-24 08:55:52
246,58,19,8,,,126.83606784762158,37.20934703023432,126.82960698303725,37.1946251116555,2024-10-24 08:56:17
247,37,43,8,,,126.8211836424555,37.19824946346812,126.82393799648112,37.18929336644802,2024-10-24 08:57:26
248,69,30,8,,,126.83856930915027,37.20769177154414,126.83237207247652,37.19901135968228,2024-10-24 08:58:36
249,58,19,8,,,126.83548189192985,37.208811302051565,126.82955767808204,37.19482965174756,2024-10-24 08:58:43
250,11,33,8,,,126.81353108654567,37.20876271766824,126.82888295203169,37.19969031367111,2024-10-24 08:59:17
251,54,33,8,,,126.8319806108621,37.210503037146694,126.83025268063857,37.200604764066334,2024-10-24 08:59:27
252,10,14,9,,,126.81616590233658,37.209257770840445,126.8193295967759,37.20723012651547,2024-10-24 09:01:16
253,55,56,9,,,126.82945854022068,37.20836497652725,126.8346330308732,37.20593324504435,2024-10-24 09:02:22
254,46,61,9,,,126.83098226218766,37.21251039337936,126.83274058184857,37.21545618078028,2024-10-24 09:02:59
255,70,17,9,,,126.8379592964869,37.20934069254077,126.82651206529953,37.19615895084537,2024-10-24 09:03:05
256,1,5,9,,,126.81662513731605,37.19738844342585,126.82624061222361,37.204315541699756,2024-10-24 09:03:35
257,17,54,9,,,126.82597977351148,37.196507115440575,126.83362662548963,37.210482807432996,2024-10-24 09:03:53
258,19,45,9,,,126.82898211554344,37.194694210267386,126.82456829697237,37.212354764371085,2024-10-24 09:04:29
259,58,33,9,,,126.83444924036327,37.20883588174547,126.82924315769297,37.20049702635679,2024-10-24 09:04:58
260,70,33,9,,,126.83771944196042,37.2093122269487,126.82996489601334,37.2007654970434,2024-10-24 09:05:01
261,58,19,9,,,126.83476713481016,37.20770930816664,126.82879785551785,37.19418315879668,2024-10-24 09:05:02
262,55,8,9,,,126.82979896992286,37.20945488425644,126.82511633292374,37.206976765638196,2024-10-24 09:05:07
263,58,33,9,,,126.83540319365201,37.20795986522009,126.82856461396767,37.20076746569533,2024-10-24 09:05:23
264,17,54,9,,,126.82641975508095,37.19699965701843,126.83278052116724,37.2101188978117,2024-10-24 09:06:09
265,63,54,9,,,126.8362482190038,37.21037564079234,126.83250815791122,37.21092180219457,2024-10-24 09:06:36
266,17,54,9,,,126.82708037380277,37.197391573864245,126.83184054668861,37.21115824565603,2024-10-24 09:07:03
267,63,27,9,,,126.83529039435248,37.210912661981546,126.82612538050509,37.199120002083674,2024-10-24 09:07:14
268,42,70,9,,,126.83164291134743,37.19520406453205,126.83716891145325,37.21016654702985,2024-10-24 09:09:06
269,46,27,9,,,126.83076306221582,37.211054376026965,126.82621642788239,37.199500417889666,2024-10-24 09:09:12
270,72,33,9,,,126.81186800339184,37.20683193376933,126.83029550485254,37.199990786956114,2024-10-24 09:09:32
271,11,70,9,,,126.81426375341914,37.20813665894935,126.83841139255745,37.20980229953879,2024-10-24 09:10:18
272,55,45,9,,,126.82927210839657,37.21001809527121,126.82562692934192,37.21279678176828,2024-10-24 09:10:55
273,33,56,9,,,126.82840165823333,37.20110814885997,126.8353479010557,37.20537151812121,2024-10-24 09:11:18
274,2,17,9,,,126.82199702807962,37.20512800016458,126.82652306658163,37.19622986167375,2024-10-24 09:11:59
275,58,19,9,,,126.83439114538484,37.20899421787684,126.82960261237344,37.19504055633005,2024-10-24 09:12:25
276,17,54,9,,,126.82635687750216,37.19641269376736,126.83179563582476,37.20949519664723,2024-10-24 09:12:51
277,69,30,9,,,126.83759078562566,37.20724995803072,126.8317725642462,37.19896037844702,2024-10-24 09:12:57
278,53,32,9,,,126.83048671453058,37.20586912008834,126.83231068850479,37.20084211279027,2024-10-24 09:13:02
279,56,41,9,,,126.83561438228888,37.20488819413676,126.8350331583885,37.19710004064927,2024-10-24 09:13:39
280,11,17,9,,,126.81383784769609,37.20746274237222,126.82571135902428,37.19611663828648,2024-10-24 09:16:07
281,38,10,9,,,126.82326434716876,37.20092201483044,126.8175979753301,37.20917791342724,2024-10-24 09:16:13
282,33,56,9,,,126.8299315211196,37.200284718657485,126.83557895649356,37.20558095050301,2024-10-24 09:16:19
283,69,30,9,,,126.83730004471926,37.2061540041255,126.83176483323645,37.19803200957781,2024-10-24 09:16:26
284,53,55,9,,,126.82949847581827,37.20554584831372,126.83047316487088,37.20989148951267,2024-10-24 09:18:39
285,33,56,9,,,126.8286348980459,37.199833533115104,126.83493543518398,37.205541557733696,2024-10-24 09:19:27
286,58,33,9,,,126.83574245577768,37.208424544238476,126.82890914112028,37.20103576454675,2024-10-24 09:20:37
287,58,33,9,,,126.83431993628301,37.20868751115874,126.82949789026806,37.20094775771896,2024-10-24 09:20:40
288,69,30,9,,,126.83677435273162,37.20671845582654,126.83168950611378,37.198717413136784,2024-10-24 09:21:03
289,10,17,9,,,126.81790540573148,37.20868200870089,126.82678483952844,37.19668983404539,2024-10-24 09:22:10
290,54,33,9,,,126.83228488013674,37.21051531293676,126.82916650552319,37.20087102611982,2024-10-24 09:22:23
291,71,59,9,,,126.84009407905322,37.20559658824192,126.83323391094876,37.20667565892644,2024-10-24 09:22:44
292,58,33,9,,,126.83475824446774,37.208671975127764,126.82978267288703,37.201102508634584,2024-10-24 09:23:13
293,33,58,9,,,126.82914406718906,37.20152672671861,126.8348810024446,37.208251562533064,2024-10-24 09:23:51
294,58,17,9,,,126.8343758043794,37.208476166092474,126.82568337319036,37.19617160098395,2024-10-24 09:24:40
295,10,17,9,,,126.81769914583245,37.208514522102334,126.82658336202289,37.196256273191246,2024-10-24 09:24:42
296,33,56,9,,,126.82945511216415,37.201022396514496,126.83544760681207,37.205524114099966,2024-10-24 09:25:06
297,33,56,9,,,126.82851945284092,37.20077486435521,126.83561106180429,37.206334703846416,2024-10-24 09:25:20
298,42,70,9,,,126.83058336831924,37.1956226936776,126.83750833818547,37.2101165693313,2024-10-24 09:25:29
299,27,33,9,,,126.82628649584855,37.19987204526149,126.82971993512173,37.199921370392566,2024-10-24 09:25:42
300,32,56,9,,,126.83136091770402,37.20105501024442,126.83515821066803,37.20602861057467,2024-10-24 09:25:43
301,33,58,9,,,126.82906409872426,37.20165483356684,126.83599473127875,37.207515029693184,2024-10-24 09:26:21
302,54,8,9,,,126.83204552285973,37.20987154775066,126.82435123080914,37.20733473058149,2024-10-24 09:26:23
303,47,1,9,,,126.82761149679811,37.21182538133892,126.81662284739544,37.19758391114945,2024-10-24 09:27:11
304,10,17,9,,,126.81684556503251,37.209757260262876,126.82544733256432,37.195999986986926,2024-10-24 09:27:36
305,69,30,9,,,126.83712320034113,37.205991585168434,126.83158155297363,37.19866248404811,2024-10-24 09:29:25
306,1,10,9,,,126.81608758896758,37.19840116100466,126.81655651080155,37.209222350713134,2024-10-24 09:30:14
307,56,31,9,,,126.83505657326478,37.20616908823654,126.82888628936207,37.197909205401686,2024-10-24 09:30:18
308,33,56,9,,,126.82981905570765,37.20088697370861,126.83437673559679,37.206210520011815,2024-10-24 09:30:19
309,56,41,9,,,126.83552975614484,37.20663744410099,126.8352089496462,37.198131077751505,2024-10-24 09:30:23
310,56,33,9,,,126.83513248407364,37.2050720601438,126.83031153106444,37.20105374414644,2024-10-24 09:30:27
311,38,31,9,,,126.82484222371673,37.20044532674329,126.82916232883879,37.19784994408309,2024-10-24 09:31:12
312,72,63,9,,,126.81124144827918,37.20759348168693,126.83509416483814,37.21190592787523,2024-10-24 09:33:26
313,42,70,9,,,126.83133179132214,37.1962236970603,126.83809007478207,37.20947979945505,2024-10-24 09:34:39
314,27,61,9,,,126.826354738078,37.19930871492746,126.83254881540512,37.21518551498593,2024-10-24 09:34:42
315,58,19,9,,,126.83588899977255,37.20814768416353,126.82914577697733,37.19559535461483,2024-10-24 09:35:19
316,56,31,9,,,126.83503207512963,37.20541689405303,126.82861080081244,37.197373838991794,2024-10-24 09:35:20
317,19,1,9,,,126.82859398503797,37.195254439569794,126.81589109867684,37.198913157197275,2024-10-24 09:35:41
318,42,70,9,,,126.83068624250284,37.19706470213736,126.8378333885923,37.20959164818938,2024-10-24 09:35:44
319,10,30,9,,,126.81775122594522,37.2084955565147,126.83121818894719,37.19942253842148,2024-10-24 09:35:46
320,32,54,9,,,126.8316727545136,37.20082199970649,126.83193398650741,37.21072608970274,2024-10-24 09:35:56
321,37,72,9,,,126.82147850686536,37.19830405560984,126.81219421241498,37.20702251159195,2024-10-24 09:37:27
322,58,19,9,,,126.83590157236291,37.20771819706155,126.82866250908015,37.19416632496769,2024-10-24 09:37:39
323,56,19,9,,,126.8342156060349,37.20470768994091,126.8286081181337,37.19493467389458,2024-10-24 09:38:43
324,58,33,9,,,126.835450545216,37.20776704313589,126.82952455119315,37.201107048401234,2024-10-24 09:39:38
325,20,57,9,,,126.81650292210058,37.192774260454335,126.83253553611658,37.20418258447744,2024-10-24 09:39:46
326,17,12,9,,,126.82642029321686,37.19588198448202,126.81915123930645,37.20440947737569,2024-10-24 09:40:22
327,1,50,9,,,126.81645053067527,37.198050549125774,126.82216990096448,37.210591348400385,2024-10-24 09:40:29
328,1,72,9,,,126.81552511180651,37.19718684753608,126.81217656620431,37.20806665024851,2024-10-24 09:40:54
329,54,33,9,,,126.83203280139644,37.21118367082353,126.82851946919298,37.20025331570237,2024-10-24 09:41:07
330,70,33,9,,,126.83781888900629,37.20955777433119,126.82858834612456,37.199756389569295,2024-10-24 09:41:07
331,54,68,9,,,126.83222099914471,37.21118977568939,126.84072665483315,37.20313289898453,2024-10-24 09:41:58
332,42,70,9,,,126.83169221128907,37.195821025234714,126.83815516300498,37.20891415712234,2024-10-24 09:41:58
333,37,16,9,,,126.82041919820968,37.196434106107766,126.8241673909721,37.19238554104437,2024-10-24 09:42:00
334,58,33,9,,,126.83512915558951,37.20873663698654,126.82889361669102,37.20092011088496,2024-10-24 09:42:11
335,70,33,9,,,126.83705635523859,37.209900326578975,126.82910208080288,37.20161594849519,2024-10-24 09:42:32
336,42,70,9,,,126.83103476012586,37.19614614461588,126.83767721098535,37.20882668297923,2024-10-24 09:43:08
337,58,33,9,,,126.83466239128491,37.20900069933971,126.82945854778231,37.20008739962377,2024-10-24 09:43:47
338,11,58,9,,,126.81457495481096,37.20852772995479,126.83538751428304,37.20918714835179,2024-10-24 09:43:53
339,17,56,9,,,126.82590110689347,37.19611475806447,126.83478757329165,37.20551843584157,2024-10-24 09:44:06
340,56,31,9,,,126.83582976981265,37.205200298825545,126.82846231736912,37.196902112320345,2024-10-24 09:44:20
341,20,70,9,,,126.81585951164676,37.19223095221099,126.83743789697398,37.21041553369787,2024-10-24 09:45:12
342,56,41,9,,,126.83403860786476,37.205337769882426,126.83501846369163,37.19728029800123,2024-10-24 09:45:35
343,2,27,9,,,126.82107601437707,37.20648202913419,126.82571414726316,37.200308587458814,2024-10-24 09:45:36
344,72,68,9,,,126.81147494768857,37.20639521125304,126.84062838028431,37.20178820009356,2024-10-24 09:45:59
345,54,33,9,,,126.8325661477439,37.210081291256046,126.83013748783911,37.20111941165578,2024-10-24 09:47:05
346,58,32,9,,,126.83602804574286,37.20790959517156,126.83156732239021,37.20178430030858,2024-10-24 09:48:25
347,58,19,9,,,126.8351844707789,37.208896393921904,126.82951286791761,37.1955731578579,2024-10-24 09:48:56
348,42,70,9,,,126.83075821159201,37.19642960195548,126.83833209105202,37.20970333594185,2024-10-24 09:50:02
349,27,41,9,,,126.82745443871096,37.2005793869607,126.83457671240708,37.19638286120891,2024-10-24 09:50:26
350,72,56,9,,,126.81182931646096,37.207861205928786,126.83492815790962,37.205657549265354,2024-10-24 09:50:28
351,11,32,9,,,126.8144848474315,37.20838460428324,126.83276332208287,37.202108771678404,2024-10-24 09:51:30
352,1,12,9,,,126.81580661126875,37.198101976230646,126.8196038473649,37.20401044121888,2024-10-24 09:51:32
353,11,17,9,,,126.81368020350997,37.2085681513377,126.82639385349631,37.1973153364201,2024-10-24 09:51:49
354,2,15,9,,,126.82158810809575,37.2053806677691,126.81728069761176,37.205538417008924,2024-10-24 09:52:10
355,31,54,9,,,126.82854330736323,37.19782282748036,126.83182621859316,37.20946860520019,2024-10-24 09:52:18
356,19,11,9,,,126.82906196084336,37.19471156305084,126.81462052196602,37.20883558717979,2024-10-24 09:52:52
357,10,56,9,,,126.81746493532417,37.20903701287068,126.83553880371961,37.206280816496,2024-10-24 09:52:59
358,33,56,9,,,126.82936919295435,37.200429527732744,126.83554251218727,37.20657545559936,2024-10-24 09:53:07
359,45,65,9,,,126.82602594377401,37.21295100109446,126.83382464613649,37.19996863196165,2024-10-24 09:53:11
360,10,38,9,,,126.8170311436819,37.208674527755825,126.82418875240016,37.20054776572095,2024-10-24 09:53:11
361,58,19,9,,,126.83485487251814,37.20844669847702,126.82880100079718,37.195179383571386,2024-10-24 09:53:57
362,17,54,9,,,126.82548766487399,37.197247482332564,126.83281520179746,37.21101157440699,2024-10-24 09:54:03
363,70,33,9,,,126.83793439687568,37.21051310462761,126.82860280809616,37.20039699561079,2024-10-24 09:54:15
364,54,33,9,,,126.83327418459936,37.21023202620091,126.82847212738953,37.20111994551305,2024-10-24 09:54:25
365,33,56,9,,,126.83006027721754,37.200875109759515,126.83486991101904,37.20474727889947,2024-10-24 09:54:41
366,36,20,9,,,126.82460725481369,37.198449242212156,126.81560764944477,37.19296471855185,2024-10-24 09:56:38
367,33,56,9,,,126.83020709990345,37.20054072798475,126.83481098568856,37.205086995306765,2024-10-24 09:56:43
368,58,19,9,,,126.83443911040287,37.207706976843404,126.82851151062091,37.19436414291693,2024-10-24 09:56:45
369,36,17,9,,,126.82361561455366,37.19893374089111,126.82548222582851,37.19606173885524,2024-10-24 09:57:17
370,58,33,9,,,126.8342154680763,37.209306514052756,126.8284767190872,37.2013933452476,2024-10-24 09:57:31
371,69,30,9,,,126.83753542824827,37.20703223535423,126.83246938956019,37.199004310267135,2024-10-24 09:57:32
372,31,59,9,,,126.82910560069561,37.19842652598596,126.8329249355706,37.20745731911411,2024-10-24 09:57:38
373,56,41,9,,,126.83532785729054,37.20495792979159,126.83358398234643,37.19759639379071,2024-10-24 09:58:07
374,19,51,9,,,126.82967887451292,37.19534795692997,126.81936138881981,37.21116594845433,2024-10-24 09:58:08
375,58,33,9,,,126.8349305126836,37.20814939572353,126.82934423364559,37.20118711285395,2024-10-24 09:58:45
376,69,30,9,,,126.83822121023442,37.207528336934594,126.83221730168704,37.199798431839056,2024-10-24 09:59:04
377,72,70,9,,,126.81069516145963,37.20755208937646,126.83875287459149,37.209488709726905,2024-10-24 09:59:32
378,70,33,10,,,126.83748316762977,37.21043717622353,126.82992242630134,37.20090616724011,2024-10-24 10:00:27
379,56,33,10,,,126.83473140672456,37.205707344262976,126.82975865882067,37.19969923515957,2024-10-24 10:00:27
380,27,60,10,,,126.82634864692116,37.1991081650364,126.83323172149264,37.212481816833936,2024-10-24 10:00:46
381,70,17,10,,,126.8375943323179,37.20912322400133,126.82720789153599,37.19593903927546,2024-10-24 10:00:50
382,17,54,10,,,126.82619960859483,37.19776398384778,126.83354510591411,37.210184242288484,2024-10-24 10:02:28
383,17,54,10,,,126.82575574899724,37.19759609969294,126.83202346583964,37.21095796444017,2024-10-24 10:02:32
384,56,17,10,,,126.83473351415294,37.20617159698009,126.82586848623043,37.19745472967525,2024-10-24 10:03:18
385,38,29,10,,,126.82325732173562,37.200809180743704,126.82693300559774,37.20227844318648,2024-10-24 10:03:19
386,51,19,10,,,126.82063023712477,37.21054416102938,126.82813437462072,37.19514940227355,2024-10-24 10:03:56
387,56,17,10,,,126.83558686669531,37.205690808123755,126.82704161126799,37.19591830106448,2024-10-24 10:04:00
388,38,21,10,,,126.82323600082702,37.20052150586746,126.81898325373398,37.196538442636495,2024-10-24 10:04:35
389,33,56,10,,,126.82925841577911,37.201638057360526,126.83426869236177,37.20521710070673,2024-10-24 10:04:42
390,58,32,10,,,126.8352609958685,37.208057208381284,126.83269811062026,37.20187989656156,2024-10-24 10:05:15
391,11,70,10,,,126.81360084532048,37.208619517289826,126.8387745546228,37.210468566833185,2024-10-24 10:06:51
392,17,54,10,,,126.82607570367367,37.19762654993363,126.83295451324359,37.21010217265015,2024-10-24 10:07:19
393,33,56,10,,,126.83027093994727,37.20119743823021,126.83474945358589,37.20593468092914,2024-10-24 10:09:14
394,23,32,10,,,126.82168508590952,37.191748030239054,126.83176637455104,37.20076016496285,2024-10-24 10:09:35
395,5,6,10,,,126.82656184228884,37.20585933929715,126.82479372446805,37.2042802734061,2024-10-24 10:10:05
396,15,65,10,,,126.81765673356209,37.20633677209888,126.83441498718054,37.200768368861446,2024-10-24 10:10:46
397,36,44,10,,,126.82439508173364,37.19937915306833,126.82120876561268,37.18820363103288,2024-10-24 10:12:52
398,5,26,10,,,126.82670483413544,37.20425389144991,126.81873414475166,37.19283055309414,2024-10-24 10:13:01
399,18,31,10,,,126.82338260753569,37.19630662034701,126.82938679194758,37.198312524106235,2024-10-24 10:13:09
400,16,18,10,,,126.82307195484866,37.19338551530631,126.82283956451452,37.19525982327313,2024-10-24 10:13:36
401,58,19,10,,,126.83563758840894,37.20863272681029,126.8286627811594,37.19546025155705,2024-10-24 10:14:08
402,45,48,10,,,126.82461461324345,37.212408756374536,126.83061816758641,37.214857309943326,2024-10-24 10:15:05
403,11,58,10,,,126.81343089346576,37.208533022463484,126.83556779558174,37.208285257334225,2024-10-24 10:15:24
404,49,26,10,,,126.82735093129136,37.214361437841156,126.81896469654968,37.19394284417288,2024-10-24 10:16:27
405,56,33,10,,,126.83496164167892,37.20502678340693,126.82884892285077,37.20129621164579,2024-10-24 10:16:27
406,70,33,10,,,126.83715789904593,37.209683450160234,126.82859195349533,37.20042724691134,2024-10-24 10:16:34
407,51,34,10,,,126.81935519073494,37.20992938042142,126.82160771153718,37.20221238762219,2024-10-24 10:16:34
408,63,2,10,,,126.83452152523775,37.21170064727409,126.82235521769344,37.20517807068879,2024-10-24 10:16:49
409,10,17,10,,,126.8164599111888,37.20945443564135,126.82600084857683,37.19771546149678,2024-10-24 10:19:02
410,54,33,10,,,126.83273918867938,37.20995479798259,126.8288373966322,37.20038430197547,2024-10-24 10:19:19
411,10,20,10,,,126.81739065693594,37.20974806421341,126.81562903603687,37.19242504240135,2024-10-24 10:19:43
412,70,33,10,,,126.83697257592193,37.20950799192661,126.82880745351412,37.20016918233994,2024-10-24 10:20:27
413,70,33,10,,,126.83711060284044,37.209076342893034,126.82886619712062,37.20000019766588,2024-10-24 10:20:33
414,64,10,10,,,126.84303924971576,37.20314295008805,126.81618477157753,37.20854272516796,2024-10-24 10:21:02
415,70,33,10,,,126.83761521236423,37.208894803841375,126.8297840221083,37.20030405819401,2024-10-24 10:21:26
416,70,33,10,,,126.83767996564104,37.2094199751417,126.82961634709416,37.20131285334464,2024-10-24 10:22:29
417,54,33,10,,,126.83348987674597,37.2097998505451,126.82869432077268,37.20008939840846,2024-10-24 10:22:43
418,56,17,10,,,126.83555191358751,37.20515757280822,126.82668900835507,37.1977026567761,2024-10-24 10:23:02
419,46,49,10,,,126.8305533664659,37.212811347772565,126.8273869273684,37.21423436516859,2024-10-24 10:23:30
420,11,11,10,,,126.81463785535318,37.20910515258044,126.81375388486823,37.2087518103161,2024-10-24 10:23:38
421,68,49,10,,,126.84002469518651,37.202281284036935,126.8284768948083,37.21423163342514,2024-10-24 10:24:09
422,32,17,10,,,126.83212756321423,37.20090271016607,126.8265009179437,37.19589315633671,2024-10-24 10:24:41
423,29,8,10,,,126.8262917431818,37.20262976845979,126.8239229080846,37.20621773116366,2024-10-24 10:25:05
424,53,67,10,,,126.83021160689425,37.20548182629029,126.8342213231082,37.202208187530964,2024-10-24 10:25:19
425,56,14,10,,,126.83440018974088,37.20578249831836,126.8203579572934,37.20770529031915,2024-10-24 10:25:55
426,33,56,10,,,126.83014850353078,37.20056285712969,126.83406922969338,37.20539791199221,2024-10-24 10:26:06
427,33,56,10,,,126.8283203043206,37.2001746973025,126.83405478875994,37.2050787219103,2024-10-24 10:27:01
428,56,33,10,,,126.83582732529642,37.20480095778058,126.8288006891658,37.200583778355465,2024-10-24 10:27:05
429,10,17,10,,,126.8172331332326,37.20934190134896,126.82710237343598,37.19671285116934,2024-10-24 10:28:00
430,47,3,10,,,126.82712521239168,37.21066365428799,126.82491626773538,37.209133852593844,2024-10-24 10:28:25
431,37,72,10,,,126.82213322252791,37.19765345012558,126.81112319973799,37.20795408475797,2024-10-24 10:28:37
432,33,56,10,,,126.82844179320165,37.200354840597484,126.83577789530588,37.2066311666139,2024-10-24 10:28:55
433,20,67,10,,,126.81484290473016,37.19247759756024,126.83405396233458,37.203165736000926,2024-10-24 10:29:11
434,66,21,10,,,126.83747927588277,37.203805628922396,126.81762920500827,37.1961589611932,2024-10-24 10:29:25
435,56,33,10,,,126.8345712709421,37.205932733776834,126.8302619528687,37.20162044131094,2024-10-24 10:29:37
436,59,33,10,,,126.83159968405774,37.206842065606075,126.82954200384467,37.20087612035076,2024-10-24 10:29:50
437,32,59,10,,,126.83141002874076,37.200978984766145,126.8316295308535,37.20754407295417,2024-10-24 10:30:09
438,25,15,10,,,126.82194515058711,37.19511585600185,126.8172324344217,37.20612684887517,2024-10-24 10:30:29
439,60,32,10,,,126.83260777165845,37.21299041859132,126.83186292166215,37.202628790411715,2024-10-24 10:30:45
440,28,60,10,,,126.82934917866898,37.20309493310552,126.83368638600267,37.21301425262157,2024-10-24 10:31:46
441,56,33,10,,,126.83392763005342,37.204755149171206,126.82931399016364,37.20000855001481,2024-10-24 10:32:29
442,2,47,10,,,126.82218991386617,37.20521065288455,126.82820776965272,37.21108660754533,2024-10-24 10:32:47
443,56,17,10,,,126.83537427418217,37.20556457728984,126.82568553650344,37.19647399257826,2024-10-24 10:33:29
444,32,59,10,,,126.8320725460862,37.20115081827971,126.8331566195794,37.206706851910454,2024-10-24 10:34:30
445,33,54,10,,,126.82842554498907,37.20055674824874,126.83250273757224,37.209457363173485,2024-10-24 10:34:50
446,54,33,10,,,126.83260389655837,37.21095909839857,126.82975910052379,37.201271416108,2024-10-24 10:35:00
447,17,54,10,,,126.82728274044976,37.19675746508228,126.83260792996256,37.210895593970996,2024-10-24 10:35:47
448,56,33,10,,,126.83436826270233,37.20648122372383,126.82969884880232,37.20146832878241,2024-10-24 10:36:03
449,36,27,10,,,126.8234043619754,37.198262885282126,126.82593978548644,37.19950630929186,2024-10-24 10:36:18
450,10,17,10,,,126.81671875109011,37.2090229163751,126.82684746856893,37.1973136198099,2024-10-24 10:36:23
451,56,33,10,,,126.83394301490333,37.20659787798942,126.82966233928165,37.201292097306194,2024-10-24 10:36:34
452,33,70,10,,,126.82856896755206,37.20045190012793,126.83848837642248,37.21049697805279,2024-10-24 10:36:40
453,58,19,10,,,126.83419888302956,37.20858567433022,126.82849515850505,37.19589236147966,2024-10-24 10:37:04
454,70,42,10,,,126.83835396901463,37.20889938372395,126.83200531058463,37.19516922537281,2024-10-24 10:37:14
455,56,17,10,,,126.8357425284875,37.205619551935456,126.82668923837264,37.1968539139523,2024-10-24 10:37:18
456,10,38,10,,,126.81760098782482,37.210205663089276,126.82341259648699,37.20086662751478,2024-10-24 10:38:15
457,55,35,10,,,126.83046905421728,37.209840686161584,126.81913043799928,37.201005798206175,2024-10-24 10:38:24
458,33,56,10,,,126.8292390299889,37.19978125642623,126.83535528986776,37.206256749998055,2024-10-24 10:38:29
459,58,17,10,,,126.83422620341072,37.20840965517742,126.82725678906644,37.19591833636145,2024-10-24 10:38:41
460,55,53,10,,,126.82982170560696,37.20927080233072,126.82942216804159,37.2056017211176,2024-10-24 10:39:52
461,54,33,10,,,126.8327895893771,37.21064208497354,126.83005322108048,37.2006245712773,2024-10-24 10:40:06
462,70,33,10,,,126.8374600635099,37.208811778241895,126.82871597635483,37.2015603407084,2024-10-24 10:40:34
463,59,41,10,,,126.83299475739688,37.207171183695905,126.83378245438418,37.19625520659667,2024-10-24 10:40:39
464,54,33,10,,,126.8324651525441,37.21060101165919,126.82895750339507,37.20014444478229,2024-10-24 10:41:15
465,11,33,10,,,126.81380447538398,37.20873891527004,126.83012464175933,37.19976731372428,2024-10-24 10:42:01
466,70,33,10,,,126.83805207078322,37.20953113417218,126.82858525242878,37.20058150613018,2024-10-24 10:42:40
467,70,42,10,,,126.83797049176239,37.209521543924524,126.83130299446167,37.19560024174902,2024-10-24 10:43:12
468,63,66,10,,,126.8351366931692,37.210582983989944,126.83655283673895,37.203629342024584,2024-10-24 10:43:16
469,56,31,10,,,126.83514176843029,37.20597642875205,126.82906593003817,37.19781669394586,2024-10-24 10:43:32
470,10,17,10,,,126.81653890147939,37.20994556739996,126.82732029423866,37.19673800044499,2024-10-24 10:43:54
471,33,56,10,,,126.8285802529901,37.201414890307746,126.8341459960427,37.2063634924552,2024-10-24 10:45:10
472,10,17,10,,,126.8167638266652,37.20929500430642,126.82632494651031,37.19768301122599,2024-10-24 10:45:12
473,54,11,10,,,126.83175098353297,37.21040341338661,126.81493521248778,37.20740270197341,2024-10-24 10:45:59
474,10,40,10,,,126.81780169803591,37.20942464409371,126.83101701220015,37.19308896280668,2024-10-24 10:46:11
475,58,33,10,,,126.83479653914848,37.20925170613613,126.8285941745659,37.201177001393404,2024-10-24 10:46:13
476,62,64,10,,,126.83780337728422,37.212527133852745,126.84210731569476,37.203797813166325,2024-10-24 10:46:24
477,58,42,10,,,126.83513466517252,37.20890698174232,126.83065827672091,37.19706403981033,2024-10-24 10:47:03
478,56,33,10,,,126.83527681295907,37.205094633798204,126.82962174481654,37.20136151706843,2024-10-24 10:47:35
479,28,68,10,,,126.82991892619788,37.20402100251643,126.84071211732343,37.202450267076536,2024-10-24 10:48:01
480,56,17,10,,,126.83434616905302,37.20494497858588,126.8255265196841,37.19668165955954,2024-10-24 10:48:16
481,72,63,10,,,126.81223723819177,37.20659529886678,126.83449576656228,37.21193699382616,2024-10-24 10:48:21
482,18,48,10,,,126.82419447513303,37.19506139072878,126.83057039578676,37.21532540903596,2024-10-24 10:49:03
483,10,17,10,,,126.8162863420844,37.20846282491176,126.82605571851514,37.19618432365154,2024-10-24 10:49:39
484,45,51,10,,,126.82531629167774,37.21340479129288,126.81968590632268,37.2102737902948,2024-10-24 10:50:11
485,54,33,10,,,126.83367103243859,37.20942810689273,126.8287994597411,37.200623624617045,2024-10-24 10:50:37
486,31,26,10,,,126.82883747095414,37.19882796156241,126.81917873800639,37.193931572031616,2024-10-24 10:51:02
487,40,72,10,,,126.83043963091987,37.19402735838074,126.81122039405241,37.20718379377194,2024-10-24 10:51:29
488,31,59,10,,,126.82966496264982,37.19804191456968,126.83250399381275,37.20742879090973,2024-10-24 10:51:31
489,36,12,10,,,126.82354175981924,37.197549803000705,126.81933630225708,37.20513566139003,2024-10-24 10:51:37
490,19,10,10,,,126.82908809811792,37.19442115133259,126.81682115786235,37.2096157139279,2024-10-24 10:51:41
491,31,54,10,,,126.82941841014885,37.197925321014004,126.83216681928317,37.20963029773915,2024-10-24 10:51:42
492,54,33,10,,,126.83350054942235,37.21087293685697,126.82914213371858,37.200407192707225,2024-10-24 10:51:59
493,17,54,10,,,126.82655388615262,37.19594856168262,126.83311812378105,37.21026377904763,2024-10-24 10:52:28
494,10,56,10,,,126.8165910824168,37.20994749400765,126.83533701228312,37.20521817997618,2024-10-24 10:52:46
495,1,64,10,,,126.81627321422225,37.19902139734709,126.84161926706359,37.20270856480865,2024-10-24 10:53:26
496,56,33,10,,,126.83426726339015,37.206522343118536,126.82936304417987,37.20150188055328,2024-10-24 10:55:02
497,42,70,10,,,126.83170310452817,37.1969481872217,126.83836380962411,37.209694478928014,2024-10-24 10:55:41
498,70,42,10,,,126.83754876427393,37.21011126236209,126.83095048395444,37.196979527460634,2024-10-24 10:55:44
499,42,70,10,,,126.8311544127273,37.195756723386246,126.83813915804676,37.20882605016706,2024-10-24 10:55:52
500,11,32,10,,,126.81519195911964,37.20833428916408,126.83127377167928,37.20213884732307,2024-10-24 10:56:31
501,72,70,10,,,126.81146015033019,37.20776731574605,126.83808540527845,37.20953813572932,2024-10-24 10:57:52
502,56,33,10,,,126.83397209871544,37.20594270819654,126.82906861251439,37.20047633946057,2024-10-24 10:58:35
503,17,54,10,,,126.82715910578212,37.19762171963739,126.83280781216189,37.209212008830804,2024-10-24 10:59:32
504,37,34,11,,,126.82111634526886,37.198407280188796,126.82252695231415,37.20404563489287,2024-10-24 11:00:02
505,33,58,11,,,126.83000860802944,37.20140359839011,126.83607738005313,37.2076449379183,2024-10-24 11:00:10
506,54,53,11,,,126.83175154214842,37.20971784504817,126.83034101746763,37.20541783601641,2024-10-24 11:00:56
507,32,49,11,,,126.83169637972333,37.20164596940744,126.82762759826053,37.214296213146866,2024-10-24 11:02:12
508,56,41,11,,,126.83551740574704,37.205001607993495,126.83514395914185,37.19815878300666,2024-10-24 11:03:35
509,56,19,11,,,126.83478370179422,37.20526325827974,126.82834346389497,37.19594168471058,2024-10-24 11:04:30
510,11,17,11,,,126.81494628312592,37.207857661483025,126.82710397946236,37.19599981077499,2024-10-24 11:04:35
511,56,41,11,,,126.83564079416807,37.20639690176932,126.83385719587501,37.197743010237794,2024-10-24 11:04:42
512,56,41,11,,,126.83392466805523,37.205749102083594,126.83436341380857,37.19659729758568,2024-10-24 11:05:53
513,42,70,11,,,126.83055305646441,37.19652278923499,126.83708413278322,37.20949314271526,2024-10-24 11:06:13
514,33,56,11,,,126.8298144616504,37.19993696067722,126.83402730148117,37.20546611173916,2024-10-24 11:06:30
515,32,54,11,,,126.8314731178804,37.20229776802154,126.83284773621851,37.21081487992752,2024-10-24 11:08:00
516,59,15,11,,,126.83306284137397,37.20655861937338,126.8171960789728,37.206131387161555,2024-10-24 11:08:11
517,43,45,11,,,126.82311833800112,37.19103474396877,126.82420596201324,37.211845986263825,2024-10-24 11:08:13
518,67,60,11,,,126.83534514459627,37.20185113814044,126.83215757973812,37.21397434615406,2024-10-24 11:08:17
519,56,32,11,,,126.83423639496999,37.20604591851539,126.83204523649513,37.20265253712528,2024-10-24 11:09:22
520,33,56,11,,,126.8288517076816,37.20082063392297,126.83481271315321,37.20547136947168,2024-10-24 11:09:42
521,72,33,11,,,126.81188022024739,37.20624530096152,126.82890448370343,37.200157352422856,2024-10-24 11:10:08
522,58,19,11,,,126.83495315168838,37.20747141036763,126.82855903651408,37.19450082424087,2024-10-24 11:10:16
523,58,42,11,,,126.83503221296472,37.20766997010233,126.83079235733116,37.195743459731084,2024-10-24 11:10:36
524,72,19,11,,,126.81245847558145,37.206883888579405,126.82875821197989,37.1945847922952,2024-10-24 11:11:47
525,56,33,11,,,126.83562370010361,37.20650523944726,126.83014216871646,37.20077151244136,2024-10-24 11:12:13
526,34,26,11,,,126.82235783318079,37.20399050391555,126.817998874529,37.19351712047301,2024-10-24 11:14:52
527,24,3,11,,,126.81767933300279,37.190296728492655,126.82417682916147,37.20984131187276,2024-10-24 11:15:03
528,42,70,11,,,126.83144101761057,37.19615428166473,126.83750588149921,37.20855565443678,2024-10-24 11:15:26
529,11,32,11,,,126.81458543188984,37.20885264489327,126.832313841592,37.20111927857234,2024-10-24 11:15:49
530,58,33,11,,,126.8345385047218,37.20760802947373,126.82948368944903,37.2012256568293,2024-10-24 11:15:56
531,58,19,11,,,126.83605544959102,37.20829828628613,126.828150936089,37.195979947229084,2024-10-24 11:16:15
532,19,23,11,,,126.82823227815527,37.19464558876222,126.82083508487449,37.19217999512551,2024-10-24 11:16:17
533,54,33,11,,,126.83189737574976,37.21018324993373,126.8295021329137,37.200664947946905,2024-10-24 11:16:20
534,1,67,11,,,126.81542455202671,37.197582646988906,126.83443838156856,37.20267348020434,2024-10-24 11:16:31
535,56,31,11,,,126.83477769688533,37.20481534488973,126.82930788607902,37.19775702932321,2024-10-24 11:16:41
536,59,41,11,,,126.83224013648997,37.20831457760564,126.83383348174885,37.19629385651396,2024-10-24 11:16:56
537,33,56,11,,,126.82856804971465,37.20139987804523,126.83440808419199,37.20637507688293,2024-10-24 11:18:55
538,58,19,11,,,126.8359756282752,37.20764470787884,126.82890570755558,37.19582940370101,2024-10-24 11:19:06
539,32,59,11,,,126.83133598049888,37.20194022009355,126.83203291696046,37.208335777910094,2024-10-24 11:19:11
540,35,32,11,,,126.81917968215272,37.201648868714514,126.8319699015777,37.20187878894361,2024-10-24 11:19:21
541,19,10,11,,,126.82904652584855,37.19587219391676,126.81663654860255,37.20968248250317,2024-10-24 11:20:18
542,48,42,11,,,126.83098175430922,37.2140181322966,126.83081717631939,37.19662170875744,2024-10-24 11:20:25
543,56,41,11,,,126.83439389769522,37.206122071266414,126.83517951581723,37.196932502534175,2024-10-24 11:20:44
544,56,32,11,,,126.83522483442925,37.20597507845067,126.8310245557128,37.20109779652906,2024-10-24 11:21:06
545,55,35,11,,,126.83082839917739,37.208270559602596,126.81833456913465,37.202921985172885,2024-10-24 11:21:09
546,56,33,11,,,126.83406450384805,37.20518543520897,126.82931835526254,37.20041139919784,2024-10-24 11:21:50
547,17,54,11,,,126.82563352938769,37.19616378879189,126.83265085638217,37.21053487735029,2024-10-24 11:22:15
548,55,36,11,,,126.83025513795455,37.208893979484586,126.82430714521124,37.19917338528443,2024-10-24 11:22:18
549,69,30,11,,,126.8384788158636,37.205968770598965,126.83262330828046,37.19803220417038,2024-10-24 11:22:38
550,36,35,11,,,126.82446954188667,37.19929264166214,126.8192761739165,37.20106524425549,2024-10-24 11:23:27
551,32,56,11,,,126.83221974937491,37.202468602114315,126.83514103210769,37.205499253415454,2024-10-24 11:23:56
552,17,54,11,,,126.82664034480494,37.19746067584694,126.83308386514645,37.21082095100236,2024-10-24 11:24:01
553,59,13,11,,,126.83186292001582,37.208307047041785,126.81609319737868,37.20332430778887,2024-10-24 11:24:27
554,42,70,11,,,126.83129457139232,37.19561617171256,126.83714978335746,37.21034712983641,2024-10-24 11:24:36
555,58,19,11,,,126.83558750954732,37.209156666577684,126.82892581809672,37.194242726795856,2024-10-24 11:25:41
556,46,1,11,,,126.83082259508407,37.21110683711489,126.81585138893703,37.19728368668546,2024-10-24 11:26:09
557,54,35,11,,,126.83280864920211,37.210915102501716,126.8193896989702,37.20170418332987,2024-10-24 11:26:24
558,16,56,11,,,126.82292705698366,37.191882593274144,126.83531624919479,37.20519960895398,2024-10-24 11:26:32
559,11,33,11,,,126.81455412512683,37.20731551786535,126.82949867969414,37.20006043173593,2024-10-24 11:27:00
560,42,70,11,,,126.83200286058396,37.19636660170379,126.83767719508066,37.21004999361287,2024-10-24 11:27:03
561,55,21,11,,,126.83005967909199,37.20827737210249,126.8181316166717,37.196574966954365,2024-10-24 11:27:27
562,72,43,11,,,126.81159992900962,37.20794155922238,126.82303974068563,37.18923387725196,2024-10-24 11:28:07
563,19,28,11,,,126.82901580120834,37.19522768039204,126.82951168587442,37.20332739798565,2024-10-24 11:28:33
564,72,56,11,,,126.81241117218215,37.20657491768739,126.83517023848577,37.20569454740946,2024-10-24 11:28:37
565,32,11,11,,,126.83265936720277,37.200951337599534,126.8139213291223,37.20875982430615,2024-10-24 11:29:01
566,10,17,11,,,126.81620739022998,37.20855015144295,126.82689932550154,37.1962136424007,2024-10-24 11:29:23
567,70,33,11,,,126.83760873057558,37.2101829001018,126.82968069921093,37.19972474745036,2024-10-24 11:29:34
568,58,19,11,,,126.83439449604212,37.208783542458434,126.82956801653017,37.194618180805264,2024-10-24 11:29:41
569,53,63,11,,,126.82918854837249,37.20599927373489,126.83619723746772,37.211770967881485,2024-10-24 11:30:02
570,6,44,11,,,126.82435115204531,37.20511653409217,126.82060303453166,37.188779551950006,2024-10-24 11:30:39
571,24,52,11,,,126.81867472244257,37.19084384959591,126.83068061719953,37.21755023941453,2024-10-24 11:31:13
572,10,17,11,,,126.81684212796988,37.20854736105575,126.8256377581222,37.19769309597296,2024-10-24 11:32:57
573,10,56,11,,,126.81620542317508,37.20903486293301,126.83481362409464,37.20608690717951,2024-10-24 11:32:58
574,19,53,11,,,126.82824038627852,37.19461249830525,126.83000125742721,37.2069808687255,2024-10-24 11:33:25
575,58,19,11,,,126.83577300525303,37.20772568230263,126.82900183057518,37.194184489725814,2024-10-24 11:34:30
576,55,4,11,,,126.83041180761205,37.20868549207884,126.8220027592823,37.20921927107328,2024-10-24 11:34:35
577,11,17,11,,,126.81364618267452,37.20760603978231,126.82732254468975,37.196889338146576,2024-10-24 11:35:13
578,54,33,11,,,126.83169602244934,37.210970923550015,126.82894721867854,37.200387979278446,2024-10-24 11:36:03
579,19,42,11,,,126.82915670930876,37.19542169461021,126.83166070900869,37.19711519226058,2024-10-24 11:36:41
580,10,17,11,,,126.81716064790936,37.20949929893078,126.82618788778363,37.19666119734461,2024-10-24 11:38:05
581,20,40,11,,,126.8156593688862,37.19245791228178,126.83115800372038,37.19366929123651,2024-10-24 11:38:20
582,56,33,11,,,126.83422334967032,37.20497668207826,126.83010281021771,37.20121244077088,2024-10-24 11:38:41
583,30,37,11,,,126.83232527088512,37.19815934207127,126.82099447021135,37.19807016932715,2024-10-24 11:39:05
584,33,56,11,,,126.83003030706732,37.20020046899692,126.83526732833997,37.20661389589747,2024-10-24 11:39:05
585,69,30,11,,,126.83821974872477,37.20624135658514,126.8309039889015,37.19797452913403,2024-10-24 11:40:00
586,54,33,11,,,126.83224173004457,37.21063583377156,126.82836792218971,37.20154834135456,2024-10-24 11:40:57
587,59,33,11,,,126.83311949706658,37.206458437213506,126.82849669918501,37.20032137018213,2024-10-24 11:41:11
588,54,8,11,,,126.83339181347377,37.210566606833595,126.82381746718018,37.2061239696662,2024-10-24 11:42:03
589,56,33,11,,,126.83481912526348,37.20479705935552,126.82931349338894,37.20038603065541,2024-10-24 11:42:50
590,33,56,11,,,126.82985204184706,37.2012549801257,126.83540833447387,37.205448620839555,2024-10-24 11:43:15
591,33,58,11,,,126.82903071883611,37.20099407050603,126.83520192839802,37.20758531597425,2024-10-24 11:43:20
592,17,54,11,,,126.8261828979681,37.1963964484617,126.83190035257122,37.20997856250527,2024-10-24 11:43:37
593,10,17,11,,,126.81680941260527,37.20969320613146,126.8273370530017,37.19727500579706,2024-10-24 11:44:02
594,69,30,11,,,126.83685183763954,37.20661057792812,126.83243375718384,37.199741084709316,2024-10-24 11:44:05
595,11,17,11,,,126.81492601150359,37.20747585868023,126.82688659841567,37.19762948513458,2024-10-24 11:44:14
596,37,72,11,,,126.82200959340567,37.19702733471991,126.81082854711876,37.207929192148534,2024-10-24 11:44:22
597,10,17,11,,,126.81634285409937,37.20966765011413,126.82653206003069,37.19699499604622,2024-10-24 11:44:53
598,56,33,11,,,126.83436553855442,37.206088476039604,126.82840234919195,37.200683432634186,2024-10-24 11:46:01
599,50,51,11,,,126.82244039072539,37.210786219808845,126.819994705174,37.20943633861412,2024-10-24 11:46:13
600,33,58,11,,,126.82905241572557,37.20153845509254,126.83478765802957,37.20935916275986,2024-10-24 11:47:25
601,58,19,11,,,126.83504999552633,37.209249810482405,126.82902773037335,37.19553062755483,2024-10-24 11:47:50
602,33,56,11,,,126.82880938285747,37.200309976287585,126.83469413120872,37.20633003060624,2024-10-24 11:48:33
603,10,38,11,,,126.81663395780062,37.2086216126934,126.82358258292794,37.20123037771172,2024-10-24 11:49:50
604,56,33,11,,,126.83435776033575,37.20595432588179,126.83014598290718,37.200162309231075,2024-10-24 11:50:33
605,54,33,11,,,126.83296422797383,37.20997697652564,126.82990182944087,37.201233386063514,2024-10-24 11:51:03
606,63,70,11,,,126.83454689977239,37.21137467199274,126.8384063526847,37.20874334399606,2024-10-24 11:51:04
607,54,30,11,,,126.83313190672234,37.20943978893882,126.83163382231243,37.19863400004932,2024-10-24 11:51:22
608,54,39,11,,,126.83364662095423,37.21013550374581,126.82165915930801,37.19938488874914,2024-10-24 11:52:04
609,10,17,11,,,126.81739105172426,37.20969737331483,126.8274010248971,37.19607113010656,2024-10-24 11:52:43
610,57,17,11,,,126.83268835335399,37.20511389291424,126.82699756652863,37.196862758726816,2024-10-24 11:52:44
611,56,32,11,,,126.83442722363117,37.20628793303839,126.83249877853787,37.20149024358356,2024-10-24 11:53:27
612,32,58,11,,,126.83141311121118,37.20115974403415,126.83483471042715,37.207577370269405,2024-10-24 11:53:34
613,54,33,11,,,126.83222582373844,37.20947313487146,126.82942106664099,37.19983428029636,2024-10-24 11:54:00
614,17,54,11,,,126.82560912354373,37.195894767744534,126.83204580809583,37.21093743315386,2024-10-24 11:54:20
615,58,32,11,,,126.83579687913861,37.20824455994394,126.8319047414743,37.20139900785934,2024-10-24 11:54:40
616,72,70,11,,,126.81068092711635,37.20726331543992,126.83824547453631,37.209304525466486,2024-10-24 11:54:45
617,56,33,11,,,126.83495643813102,37.205501568431636,126.83026437455298,37.200191682166015,2024-10-24 11:55:05
618,8,29,11,,,126.82489289768924,37.20702440557132,126.82739139407576,37.20157048143161,2024-10-24 11:55:27
619,61,2,11,,,126.83218259426941,37.216806342381,126.82183626572268,37.20567841321395,2024-10-24 11:55:59
620,31,59,11,,,126.82961022953195,37.19836385812349,126.83188473143463,37.20726051075675,2024-10-24 11:56:09
621,69,30,11,,,126.8379668250656,37.20652487889979,126.83094312367786,37.199806078564635,2024-10-24 11:56:13
622,36,43,11,,,126.82319350820029,37.19842349587141,126.82315628203133,37.190773737349694,2024-10-24 11:57:07
623,58,19,11,,,126.8341522691094,37.208845576214706,126.82938404742502,37.19470486349357,2024-10-24 11:57:18
624,22,37,11,,,126.81522734440034,37.195149843240294,126.82185250844634,37.197554399309645,2024-10-24 11:57:20
625,54,33,11,,,126.83227518709171,37.210510285234015,126.82933331850965,37.200701281119954,2024-10-24 11:57:49
626,56,33,11,,,126.8340006927679,37.204667495439026,126.83015472646794,37.20039373585703,2024-10-24 11:58:54
627,20,2,11,,,126.81468859606959,37.192165114586665,126.82256229526519,37.20514269819038,2024-10-24 11:59:05
628,6,49,11,,,126.82447997305255,37.20451855059509,126.8274685174398,37.214244197810736,2024-10-24 11:59:22
629,56,33,11,,,126.8356815592276,37.205180448265764,126.82837298587977,37.20120864344534,2024-10-24 11:59:37
630,59,15,12,,,126.83270102142195,37.20773127388064,126.81717371885924,37.20602060344154,2024-10-24 12:01:13
631,54,33,12,,,126.83325919254436,37.2098692066567,126.82999996651465,37.20028768146006,2024-10-24 12:01:22
632,69,30,12,,,126.83693222402532,37.20690310095004,126.83207612558964,37.198664111671356,2024-10-24 12:01:29
633,58,19,12,,,126.8361280176684,37.20876945574305,126.82870332049076,37.19455368130257,2024-10-24 12:01:44
634,17,54,12,,,126.82604205327,37.196133803753625,126.83289465072941,37.21081108834538,2024-10-24 12:02:12
635,69,30,12,,,126.8378748967121,37.2064741001458,126.83202131438402,37.19947342809524,2024-10-24 12:02:33
636,70,33,12,,,126.83863944645407,37.20963580682619,126.82927560126296,37.201042190695276,2024-10-24 12:02:41
637,62,63,12,,,126.83763963636413,37.21300307126967,126.8358131130413,37.21085608579236,2024-10-24 12:04:27
638,58,33,12,,,126.8345221670792,37.208403093966936,126.82967566890606,37.19990541473874,2024-10-24 12:04:51
639,70,42,12,,,126.83859931722223,37.21024202110009,126.83082767274236,37.19513473781091,2024-10-24 12:06:29
640,42,70,12,,,126.83167625137598,37.196965249488976,126.83739091890725,37.20874151018439,2024-10-24 12:06:50
641,25,5,12,,,126.82037729134811,37.19375674350182,126.8275414193391,37.20496693248305,2024-10-24 12:07:08
642,42,70,12,,,126.83084728333961,37.195944277953,126.83833548797486,37.2097153975653,2024-10-24 12:07:40
643,70,33,12,,,126.83781421132552,37.210109049431075,126.82987019121062,37.200883786483075,2024-10-24 12:07:46
644,58,33,12,,,126.83586586620864,37.208399727737465,126.83020287534542,37.20083293210385,2024-10-24 12:08:02
645,56,31,12,,,126.83439260589729,37.20600526801383,126.82898242813538,37.19782785911675,2024-10-24 12:08:27
646,11,58,12,,,126.81479061530294,37.20920885465943,126.83541161145216,37.20833239136798,2024-10-24 12:09:18
647,58,33,12,,,126.83556441638146,37.20809142151742,126.82928943506892,37.20122366521923,2024-10-24 12:09:46
648,32,11,12,,,126.83100685691402,37.200855514425186,126.81497370586625,37.20743239003528,2024-10-24 12:10:29
649,56,17,12,,,126.83532786850485,37.20477415322817,126.82696665230553,37.196576410523626,2024-10-24 12:10:51
650,56,33,12,,,126.8354683899784,37.20635056194612,126.82875697553145,37.20009442003899,2024-10-24 12:11:07
651,33,70,12,,,126.82993119482006,37.20161011262104,126.83766548299778,37.20879190129602,2024-10-24 12:11:24
652,56,33,12,,,126.83392565716235,37.20584520319394,126.82992444451581,37.200170563747086,2024-10-24 12:11:49
653,32,59,12,,,126.83176211614388,37.201488545771454,126.831536881414,37.206750943479605,2024-10-24 12:12:37
654,56,41,12,,,126.83543967848473,37.204942777885655,126.83484665997219,37.19799532936827,2024-10-24 12:12:51
655,56,17,12,,,126.83555574229149,37.2051908742899,126.82667643906443,37.19677989299147,2024-10-24 12:13:35
656,58,33,12,,,126.836107462668,37.20814399437199,126.83028757188919,37.201451473110986,2024-10-24 12:13:40
657,11,17,12,,,126.81400742934062,37.20887002414329,126.82701046833546,37.196124559986906,2024-10-24 12:13:45
658,58,33,12,,,126.83447029098241,37.208981041164556,126.82929342755868,37.201194750336654,2024-10-24 12:14:17
659,10,17,12,,,126.81797550638434,37.209489646556975,126.82727603151046,37.19654648528482,2024-10-24 12:14:58
660,56,33,12,,,126.83444689686665,37.20599830978513,126.82835437809241,37.20048479725735,2024-10-24 12:15:22
661,70,33,12,,,126.83816199946408,37.208545005296855,126.82998473770795,37.2014795429529,2024-10-24 12:16:00
662,17,54,12,,,126.82604465680456,37.196463260490965,126.83359804767363,37.210465848034325,2024-10-24 12:16:14
663,10,17,12,,,126.81764274743604,37.20887131634186,126.82551743675798,37.19760415920674,2024-10-24 12:16:27
664,38,26,12,,,126.82462305429388,37.20095921141879,126.81752719911157,37.19414237791737,2024-10-24 12:17:36
665,56,32,12,,,126.83528643078336,37.20614084156192,126.83177235711116,37.20131664347465,2024-10-24 12:17:39
666,19,35,12,,,126.82925254127125,37.19445419732595,126.81959785488438,37.20167432072797,2024-10-24 12:18:06
667,32,54,12,,,126.83194636707196,37.202700620113774,126.8332416415707,37.20942449234133,2024-10-24 12:19:55
668,70,33,12,,,126.83691889359076,37.20906777934428,126.83006255427574,37.2012921396922,2024-10-24 12:20:12
669,28,70,12,,,126.82863761632912,37.202956416991405,126.83849844220883,37.20968306891445,2024-10-24 12:20:18
670,56,33,12,,,126.83532746610102,37.20606840026916,126.83010523932757,37.200216539980794,2024-10-24 12:20:51
671,11,70,12,,,126.81391494578152,37.20872512326339,126.83682232901249,37.208894945875734,2024-10-24 12:20:56
672,58,19,12,,,126.8345778058572,37.208911754355285,126.82943598322919,37.19510409896024,2024-10-24 12:23:25
673,59,41,12,,,126.83165306401129,37.20700196211826,126.8338480305111,37.19720262823615,2024-10-24 12:23:30
674,10,38,12,,,126.81606659025228,37.21016622234799,126.82506396574566,37.20172083404797,2024-10-24 12:24:29
675,58,33,12,,,126.83591709225364,37.20935879183309,126.82937634094856,37.201179478340315,2024-10-24 12:25:28
676,58,19,12,,,126.83529912687408,37.20893211879361,126.82949821852071,37.19602433621733,2024-10-24 12:26:30
677,6,54,12,,,126.8234448085813,37.20367600423283,126.83173049534562,37.21038770719936,2024-10-24 12:26:30
678,72,33,12,,,126.8111855333312,37.208100621934356,126.83001561653349,37.200437213843884,2024-10-24 12:27:19
679,69,30,12,,,126.83704289726819,37.20576196474669,126.83119742528773,37.19990068781754,2024-10-24 12:27:32
680,33,56,12,,,126.82949372626203,37.20160719393871,126.83559032404098,37.20575012310526,2024-10-24 12:28:15
681,20,23,12,,,126.81542685434002,37.19243320022927,126.82001629225479,37.191885169977425,2024-10-24 12:28:15
682,70,33,12,,,126.83702856167294,37.21020083473968,126.8285497425143,37.2011033153134,2024-10-24 12:28:35
683,58,33,12,,,126.83489971230935,37.20938931028238,126.82871310187987,37.199741233501314,2024-10-24 12:29:17
684,28,14,12,,,126.82874086106499,37.20279552797617,126.81885099671847,37.20701510620755,2024-10-24 12:29:38
685,33,56,12,,,126.82876675793798,37.20059589877667,126.83403200844744,37.2051800432795,2024-10-24 12:30:01
686,24,19,12,,,126.81882115213429,37.18985996745266,126.82850362293452,37.19462464598338,2024-10-24 12:30:48
687,32,59,12,,,126.83232130587918,37.20172469834602,126.83253589962304,37.20656005135239,2024-10-24 12:32:08
688,23,65,12,,,126.82096954611738,37.192370582031025,126.83391125559469,37.20052805670554,2024-10-24 12:32:43
689,5,67,12,,,126.82704680813944,37.20530505232696,126.83468918644357,37.2036525783273,2024-10-24 12:32:44
690,28,13,12,,,126.82940099211133,37.203890329714696,126.81677781677615,37.20401496270298,2024-10-24 12:32:57
691,56,17,12,,,126.83564310764922,37.2061619058834,126.8264361588515,37.197411675026395,2024-10-24 12:33:04
692,11,58,12,,,126.81367431659399,37.20855549384795,126.83552020026583,37.209396140394794,2024-10-24 12:33:15
693,67,44,12,,,126.83406125200027,37.20254572606684,126.82142622006329,37.18987411046276,2024-10-24 12:33:27
694,10,46,12,,,126.81636129064815,37.209422511542776,126.82932301737002,37.211004102435304,2024-10-24 12:33:36
695,56,17,12,,,126.83396662602676,37.20640158447567,126.82707147931244,37.19615516713526,2024-10-24 12:35:47
696,58,33,12,,,126.83424120341053,37.20805536610976,126.82858900389577,37.20137426240517,2024-10-24 12:36:10
697,45,46,12,,,126.82582009252782,37.21334190753089,126.83052025675785,37.21145644821324,2024-10-24 12:36:33
698,26,37,12,,,126.81930922727561,37.194411358864976,126.82223129886742,37.19709950487965,2024-10-24 12:37:20
699,40,72,12,,,126.83097899646056,37.193094607884106,126.81155818151194,37.206728403713875,2024-10-24 12:37:58
700,58,33,12,,,126.83432828559687,37.20782092631774,126.82883157707855,37.199921671143755,2024-10-24 12:38:06
701,10,44,12,,,126.81790691412492,37.208622466920566,126.82121061157183,37.189651335436814,2024-10-24 12:38:28
702,46,34,12,,,126.82928561275742,37.212146099256806,126.82099584322678,37.20260507503947,2024-10-24 12:39:03
703,33,56,12,,,126.82926679793958,37.2014290906032,126.8357142841108,37.2048008293925,2024-10-24 12:39:05
704,69,30,12,,,126.83791819437322,37.20771307574776,126.83081452836242,37.19923806400536,2024-10-24 12:40:32
705,63,52,12,,,126.83522477967848,37.21132266549608,126.82992658409937,37.21793317303781,2024-10-24 12:40:42
706,10,56,12,,,126.81706307414112,37.208775880223115,126.83574452207996,37.20464428628571,2024-10-24 12:41:04
707,50,37,12,,,126.82218281396885,37.2118621394016,126.82201866193049,37.19721518919962,2024-10-24 12:41:33
708,11,66,12,,,126.81377238568004,37.208831116901855,126.83672049914153,37.204085841879916,2024-10-24 12:41:53
709,33,56,12,,,126.83021278301032,37.19996067817238,126.83580685267418,37.20554099876532,2024-10-24 12:42:20
710,32,42,12,,,126.8313985753712,37.201946935777805,126.8308925482404,37.19516686454092,2024-10-24 12:42:40
711,58,33,12,,,126.83475990761276,37.209431935347524,126.82921837983456,37.19978181004081,2024-10-24 12:43:04
712,17,54,12,,,126.82727899503338,37.19690074073384,126.83316257508076,37.20947476123014,2024-10-24 12:43:39
713,55,17,12,,,126.82986998265596,37.20829109017925,126.82621996016796,37.19759650585244,2024-10-24 12:44:04
714,71,59,12,,,126.83977046844103,37.20432968108424,126.83269126163127,37.20725320663085,2024-10-24 12:44:10
715,58,33,12,,,126.83484364626149,37.207637254246166,126.82892844392009,37.201154202723046,2024-10-24 12:44:40
716,70,17,12,,,126.83785935166752,37.2087414889931,126.82680707213868,37.1970152357952,2024-10-24 12:45:10
717,70,33,12,,,126.8387176252306,37.20952773735645,126.82846436980468,37.20122483530953,2024-10-24 12:45:40
718,58,19,12,,,126.83473346912635,37.20817564886546,126.82918141848795,37.19437480208528,2024-10-24 12:45:51
719,37,72,12,,,126.82225528512069,37.197294390202224,126.81231008338706,37.20743045449852,2024-10-24 12:46:38
720,56,41,12,,,126.83403640381592,37.20485912835412,126.83451698981816,37.19817267721042,2024-10-24 12:46:43
721,69,30,12,,,126.83748288311943,37.205955294933126,126.83128052141554,37.198178118894546,2024-10-24 12:47:05
722,54,32,12,,,126.83316338806424,37.20966863308168,126.83279328849397,37.20258817468759,2024-10-24 12:47:08
723,28,15,12,,,126.83038949264366,37.20358954528614,126.81710786515033,37.206603208059,2024-10-24 12:47:35
724,70,17,12,,,126.83820911725759,37.208845783494986,126.82600785235579,37.19703026292192,2024-10-24 12:47:54
725,14,35,12,,,126.81925423105785,37.20850140157381,126.81995418275277,37.20296192466527,2024-10-24 12:47:55
726,11,58,12,,,126.8141171023768,37.2091409797436,126.8347366097767,37.207660718942485,2024-10-24 12:48:05
727,33,56,12,,,126.82945671324796,37.19973523985148,126.83505170051862,37.205676554086715,2024-10-24 12:48:45
728,19,54,12,,,126.8286380633145,37.19403739107214,126.83361009207476,37.21065864348284,2024-10-24 12:49:10
729,70,33,12,,,126.83733051740464,37.208742110255926,126.83029160523894,37.20012810343734,2024-10-24 12:49:23
730,54,33,12,,,126.83332353508811,37.2100796957205,126.82914781883284,37.20020462282638,2024-10-24 12:50:46
731,33,56,12,,,126.82850767861947,37.201058724766455,126.83552509002293,37.205979201640744,2024-10-24 12:51:21
732,58,33,12,,,126.83439189138439,37.20901815951474,126.82917309282344,37.20053320569294,2024-10-24 12:52:07
733,10,17,12,,,126.81647570136866,37.20950624017944,126.82590133355428,37.19608888985816,2024-10-24 12:52:20
734,11,33,12,,,126.81437850100924,37.20747897450066,126.82845933658955,37.20039556256918,2024-10-24 12:52:51
735,56,33,12,,,126.83527312917118,37.2065771960044,126.82857890155898,37.20061397727742,2024-10-24 12:53:16
736,58,33,12,,,126.83487644432877,37.209232341701515,126.8292417946338,37.20083692425477,2024-10-24 12:53:48
737,72,70,12,,,126.81241411492307,37.207019481717055,126.83708375635162,37.20887308675715,2024-10-24 12:54:36
738,58,19,12,,,126.83494127632176,37.20907871255155,126.82814604813575,37.194674000233526,2024-10-24 12:54:46
739,58,33,12,,,126.83595832899489,37.20857671791434,126.83011345569312,37.201559629624754,2024-10-24 12:55:10
740,6,69,12,,,126.82350986510632,37.20469220942595,126.83765311912548,37.20770677792731,2024-10-24 12:55:20
741,33,56,12,,,126.83024552878558,37.20071094741101,126.83578145257934,37.20601705515772,2024-10-24 12:55:52
742,19,10,12,,,126.8291443944944,37.19545276038344,126.81690343698102,37.21011156937017,2024-10-24 12:56:05
743,56,41,12,,,126.83507770401981,37.20589013148532,126.83523465908667,37.19621065042414,2024-10-24 12:56:16
744,70,33,12,,,126.8372220795791,37.209585821513926,126.82890497577942,37.20107265636486,2024-10-24 12:56:45
745,56,17,12,,,126.83397487179714,37.204758174324674,126.82612636960984,37.19587075880498,2024-10-24 12:57:08
746,56,41,12,,,126.83503164394263,37.2063216761316,126.83380115408255,37.19738350036387,2024-10-24 12:57:34
747,10,17,12,,,126.8164832793783,37.20868568640247,126.82688182964851,37.196405648978185,2024-10-24 12:57:42
748,56,33,12,,,126.83441272712668,37.205340337691496,126.82966866569019,37.20059917889536,2024-10-24 12:58:08
749,70,33,12,,,126.83842192540452,37.209120663653216,126.82979135376901,37.200291197078286,2024-10-24 12:58:10
750,54,33,12,,,126.8318683232051,37.21058584018319,126.82858304441936,37.20140358291456,2024-10-24 12:58:35
751,56,41,12,,,126.83522096891859,37.20519668915353,126.83453873326435,37.19810033087501,2024-10-24 12:58:48
752,11,17,12,,,126.81336973704457,37.20790431093928,126.82724006774124,37.19694285859178,2024-10-24 12:59:16
753,56,31,12,,,126.83501139714933,37.205592083871075,126.82976552881068,37.19753878364632,2024-10-24 12:59:25
754,41,56,12,,,126.8346366245701,37.19622068287343,126.83547210102996,37.205818071468414,2024-10-24 12:59:37
755,72,32,12,,,126.81138711145626,37.20764213796473,126.83122688976948,37.2014319501673,2024-10-24 12:59:58
756,56,41,13,,,126.83548004993224,37.205269348854415,126.8345174774156,37.19762035353323,2024-10-24 13:00:19
757,54,33,13,,,126.83278202791584,37.21030052286937,126.82832433305556,37.19991225318223,2024-10-24 13:00:45
758,32,59,13,,,126.83140540021513,37.202233844654266,126.83316853704159,37.208115477519925,2024-10-24 13:00:53
759,58,6,13,,,126.83539633245816,37.20915782914794,126.82455048422031,37.20476041766295,2024-10-24 13:01:16
760,42,70,13,,,126.83119275787803,37.196480495877,126.83870870854001,37.21037139415934,2024-10-24 13:02:43
761,69,30,13,,,126.83777894986228,37.20597948551035,126.8318003304614,37.198200376864555,2024-10-24 13:02:56
762,10,36,13,,,126.81711116825228,37.20935212100411,126.82457924045326,37.1982616075311,2024-10-24 13:03:26
763,31,5,13,,,126.8286805024021,37.19823147533934,126.82614206193504,37.20572320461098,2024-10-24 13:04:14
764,5,37,13,,,126.8267059250583,37.20473924244935,126.82161660450917,37.19783274006412,2024-10-24 13:04:19
765,47,25,13,,,126.82683294455724,37.21134091758568,126.82070051169273,37.194526793168805,2024-10-24 13:04:55
766,51,34,13,,,126.81970033864951,37.210134789407704,126.82207989520363,37.20263391995307,2024-10-24 13:04:57
767,10,38,13,,,126.81761269968827,37.20925645152923,126.82488202672387,37.2012159096126,2024-10-24 13:05:22
768,50,24,13,,,126.82173535849941,37.21064700973349,126.81727051135071,37.19021636467552,2024-10-24 13:05:58
769,58,19,13,,,126.83513741400857,37.20825222491742,126.8295621527988,37.19536018573591,2024-10-24 13:06:10
770,70,33,13,,,126.8370793908807,37.20950401116896,126.82996931693472,37.20087273216601,2024-10-24 13:06:21
771,56,31,13,,,126.83506992101493,37.20503775447784,126.82880449798819,37.1987533654513,2024-10-24 13:06:42
772,27,69,13,,,126.8259201961633,37.19863560301728,126.83699405937607,37.20706422363798,2024-10-24 13:07:16
773,56,17,13,,,126.83550804981533,37.205005635262495,126.82710839489113,37.197474142497136,2024-10-24 13:07:49
774,5,6,13,,,126.82705369472254,37.20518217602763,126.82427405840629,37.20491032071942,2024-10-24 13:08:55
775,20,67,13,,,126.81587447808981,37.191723396253614,126.83470898917749,37.20360009800492,2024-10-24 13:09:06
776,66,56,13,,,126.83682977741361,37.203787738969865,126.83447034872482,37.20567200183923,2024-10-24 13:09:29
777,11,70,13,,,126.81481093303283,37.2089008106365,126.83732731182164,37.20935795081317,2024-10-24 13:09:35
778,10,17,13,,,126.81712686558622,37.210016328382196,126.82551475167674,37.19774522349112,2024-10-24 13:10:08
779,67,26,13,,,126.83440884582092,37.20220103564572,126.81758980467546,37.19396229599481,2024-10-24 13:10:15
780,56,41,13,,,126.83463771657948,37.205774023308756,126.83409241511283,37.196828621597774,2024-10-24 13:10:24
781,58,26,13,,,126.83603050313248,37.20781694496994,126.81928861534949,37.19384651719181,2024-10-24 13:10:52
782,10,17,13,,,126.81699347303511,37.208487992824686,126.82734590954384,37.19625142387499,2024-10-24 13:11:17
783,70,33,13,,,126.83750407574826,37.209987902894895,126.82949546535929,37.20057272315464,2024-10-24 13:11:26
784,33,56,13,,,126.82855298099997,37.20113594183641,126.83446695420074,37.20472418775889,2024-10-24 13:11:51
785,37,72,13,,,126.8218332631458,37.19746481628582,126.81172802745986,37.20649474305909,2024-10-24 13:12:33
786,33,56,13,,,126.8286691251744,37.20025413830797,126.83428268287118,37.206008236996354,2024-10-24 13:13:12
787,14,67,13,,,126.8203314607216,37.20697909205518,126.83459849194907,37.20261301727393,2024-10-24 13:13:22
788,11,58,13,,,126.81403618920925,37.20726152721225,126.83573290490052,37.208725976963066,2024-10-24 13:15:08
789,11,32,13,,,126.8139898565032,37.208945768195875,126.8321991280728,37.202281337521505,2024-10-24 13:15:13
790,31,64,13,,,126.82921276237575,37.19833511111036,126.8430851710791,37.20272866930319,2024-10-24 13:15:18
791,70,33,13,,,126.83708315959606,37.20929595200298,126.82935969606345,37.19969890811891,2024-10-24 13:15:41
792,67,38,13,,,126.83434484946297,37.202656451664296,126.82451930712816,37.2005463898364,2024-10-24 13:15:43
793,58,33,13,,,126.83487194984014,37.207584376924956,126.82872782152685,37.19975139974604,2024-10-24 13:15:49
794,19,10,13,,,126.82979337619396,37.19458202051706,126.81691586852499,37.21027924563956,2024-10-24 13:16:56
795,33,58,13,,,126.82948224549278,37.199925915924595,126.83479420504673,37.20796868689839,2024-10-24 13:18:02
796,56,41,13,,,126.83417734137288,37.20632313941051,126.83499157198594,37.19766190087028,2024-10-24 13:18:53
797,56,41,13,,,126.83456542186455,37.2056146417535,126.83462271658561,37.197514799780535,2024-10-24 13:21:41
798,64,35,13,,,126.84248077691278,37.20322720148341,126.81902748884114,37.20218178036475,2024-10-24 13:23:33
799,40,72,13,,,126.83222735940255,37.192887046609734,126.81159158152718,37.20741256327602,2024-10-24 13:24:37
800,60,28,13,,,126.83234194777211,37.2139545598958,126.83017281897351,37.20329300482661,2024-10-24 13:25:41
801,59,33,13,,,126.83275432065771,37.20710837115327,126.82934759917252,37.20133672099971,2024-10-24 13:25:50
802,71,72,13,,,126.84066465571034,37.204689692159086,126.81231624817777,37.20799171982725,2024-10-24 13:26:01
803,42,70,13,,,126.83199883507376,37.19562857426877,126.83785246884429,37.208588940758176,2024-10-24 13:26:20
804,38,40,13,,,126.82361124443773,37.200503603549144,126.83099050987963,37.192726605515766,2024-10-24 13:27:32
805,10,49,13,,,126.81712443913563,37.20916293943509,126.82693124954758,37.21266309540759,2024-10-24 13:27:32
806,70,17,13,,,126.83794594260381,37.20973824434433,126.82684471404528,37.19580688031287,2024-10-24 13:27:40
807,32,54,13,,,126.8329508712138,37.2026599086618,126.83277613761962,37.20981878245563,2024-10-24 13:28:26
808,50,37,13,,,126.82215837790679,37.211133322167015,126.82027254452206,37.19666021523441,2024-10-24 13:29:33
809,33,15,13,,,126.83013724613157,37.20132574982827,126.817081934136,37.20693221533357,2024-10-24 13:30:14
810,42,70,13,,,126.83183541256867,37.195596088908324,126.83730638752688,37.210376743897115,2024-10-24 13:30:25
811,10,40,13,,,126.81797151859071,37.20897038539458,126.83036228110753,37.193790375824705,2024-10-24 13:30:31
812,56,41,13,,,126.83545826363117,37.20553363524008,126.83345346559952,37.197169898043654,2024-10-24 13:31:35
813,70,33,13,,,126.83715986676712,37.21027413409672,126.82951595080624,37.20132651001377,2024-10-24 13:32:10
814,68,66,13,,,126.83915333859566,37.20159425232824,126.83641468795787,37.20457467156115,2024-10-24 13:32:42
815,26,37,13,,,126.81923849153159,37.19369330312009,126.82160923363821,37.19784385097414,2024-10-24 13:32:47
816,19,10,13,,,126.82870351861027,37.19579760989117,126.81739520818357,37.20955624972685,2024-10-24 13:34:24
817,70,33,13,,,126.83847176157032,37.209908264961136,126.82866911774606,37.20087680490008,2024-10-24 13:34:25
818,18,66,13,,,126.82454160231491,37.19625115558469,126.83671709642192,37.204291576993604,2024-10-24 13:34:42
819,56,1,13,,,126.83427671515369,37.20492782952718,126.8156217491135,37.198311053465524,2024-10-24 13:34:59
820,57,61,13,,,126.8326905159146,37.20395498486102,126.8335752808171,37.21607822691033,2024-10-24 13:36:46
821,58,19,13,,,126.83568347394692,37.20840286250369,126.82831280241385,37.194766466017356,2024-10-24 13:36:50
822,24,37,13,,,126.81777438996107,37.191101172620996,126.82096522227206,37.19665441421572,2024-10-24 13:37:02
823,11,68,13,,,126.8147301033586,37.20830110348987,126.83915915681135,37.20126440064585,2024-10-24 13:37:23
824,56,31,13,,,126.83500805892747,37.20556544970033,126.82822494678497,37.19743159097366,2024-10-24 13:37:28
825,41,56,13,,,126.83519806672216,37.19784333208063,126.8352466066441,37.20466052668554,2024-10-24 13:38:19
826,69,30,13,,,126.83692693727416,37.20601744548062,126.83180832621467,37.199775822509864,2024-10-24 13:39:04
827,37,4,13,,,126.82040650825809,37.197523924070595,126.82220639894632,37.20910041419474,2024-10-24 13:39:05
828,72,33,13,,,126.81090963336095,37.20637143589075,126.82877929915867,37.20062006533837,2024-10-24 13:39:19
829,4,43,13,,,126.82229349567409,37.208650400773024,126.82349635645016,37.18993475975984,2024-10-24 13:40:19
830,54,60,13,,,126.83276693932494,37.20998163789558,126.83231625504442,37.212179465392595,2024-10-24 13:40:43
831,10,53,13,,,126.81728525335765,37.2102646048363,126.82988710261382,37.20707712009488,2024-10-24 13:41:14
832,53,38,13,,,126.83029298595169,37.205469908740106,126.82395907479197,37.201195064740205,2024-10-24 13:41:24
833,70,33,13,,,126.83857423847464,37.20973915689248,126.82981903967949,37.20072864276471,2024-10-24 13:41:58
834,23,32,13,,,126.82023286052804,37.19122780715611,126.83237244836431,37.20217527379304,2024-10-24 13:43:11
835,16,4,13,,,126.82367508698933,37.193548625662466,126.82205661800587,37.20922934141922,2024-10-24 13:43:13
836,10,17,13,,,126.81702131225659,37.21020700518058,126.82639728930779,37.196708218114885,2024-10-24 13:43:55
837,56,41,13,,,126.83559231569879,37.20585617462509,126.83351580366435,37.19791338258952,2024-10-24 13:44:04
838,58,33,13,,,126.83554055197494,37.20810679682226,126.82997356768873,37.20070852867263,2024-10-24 13:44:16
839,45,27,13,,,126.82509209480268,37.21196666073751,126.82596433235847,37.200481482374066,2024-10-24 13:44:28
840,11,17,13,,,126.81522662151207,37.208600082058226,126.82551416987289,37.19649632519674,2024-10-24 13:44:41
841,16,31,13,,,126.82350585992583,37.19305232552072,126.8280988965255,37.19877799515101,2024-10-24 13:44:57
842,53,60,13,,,126.82907508441794,37.205358536599945,126.83338965708624,37.21244894313001,2024-10-24 13:45:06
843,70,18,13,,,126.83871324093639,37.210182135918984,126.82393429113789,37.195122179426306,2024-10-24 13:45:10
844,10,17,13,,,126.81697403646746,37.209791566276586,126.82668842835189,37.19709706152944,2024-10-24 13:45:10
845,56,32,13,,,126.83410881982267,37.205953865254344,126.83279946295137,37.201985536276084,2024-10-24 13:45:49
846,24,33,13,,,126.8185504200536,37.18997789213072,126.82866989877594,37.20161614185059,2024-10-24 13:45:54
847,54,17,13,,,126.8336026192114,37.210967430731785,126.82670150066359,37.1975039181863,2024-10-24 13:46:14
848,70,42,13,,,126.8372777057119,37.209599162336616,126.83212999502732,37.196719993547475,2024-10-24 13:47:37
849,36,5,13,,,126.82302491502047,37.199379321247,126.82727120983259,37.20607327319181,2024-10-24 13:48:26
850,11,33,13,,,126.81475773825265,37.20857146772953,126.82983291327957,37.19989382958107,2024-10-24 13:48:55
851,51,1,13,,,126.82020658594108,37.21065608784803,126.81651802962057,37.19824849964567,2024-10-24 13:49:10
852,1,64,13,,,126.81700119953379,37.197194576410375,126.84234861216662,37.20257226915302,2024-10-24 13:49:35
853,58,32,13,,,126.83601142998579,37.208922663551576,126.83252217052535,37.20082734437388,2024-10-24 13:50:14
854,18,55,13,,,126.8245918559037,37.19478613580179,126.82995241338692,37.20979014870001,2024-10-24 13:50:15
855,55,48,13,,,126.82967425275955,37.209919609230596,126.83072669634905,37.214569182699165,2024-10-24 13:50:36
856,28,54,13,,,126.83050541023029,37.2040523848067,126.83196474520484,37.21056025515117,2024-10-24 13:51:12
857,33,54,13,,,126.82979117344242,37.20084255354471,126.83312171746599,37.209586412657366,2024-10-24 13:51:32
858,6,26,13,,,126.82484022973232,37.20462238048794,126.8192646670902,37.19297566041655,2024-10-24 13:52:23
859,58,19,13,,,126.83594568662404,37.208638727225804,126.82895312776644,37.19513801675421,2024-10-24 13:52:30
860,43,10,13,,,126.8238793436086,37.189808350234166,126.81609788043464,37.20922937613488,2024-10-24 13:52:35
861,58,19,13,,,126.8358474077775,37.20863785611168,126.82886843546136,37.19430259127604,2024-10-24 13:52:42
862,45,33,13,,,126.82407896657487,37.21265758562357,126.8296549436297,37.19979672650857,2024-10-24 13:52:47
863,36,30,13,,,126.82417625119402,37.199369096077206,126.83175614671171,37.199254709190484,2024-10-24 13:52:48
864,45,57,13,,,126.82543511576847,37.21200798622537,126.83163458581647,37.205233451157824,2024-10-24 13:52:48
865,70,42,13,,,126.83768172684961,37.20989664801929,126.83230053245849,37.19595676119546,2024-10-24 13:52:53
866,4,63,13,,,126.8212132412711,37.2084022489016,126.8360345221715,37.211643358475506,2024-10-24 13:53:11
867,14,71,13,,,126.81914689530049,37.206985162782225,126.83914841435637,37.205502955215145,2024-10-24 13:53:20
868,58,33,13,,,126.83507242792726,37.208181157331246,126.82840714829243,37.20057506976395,2024-10-24 13:54:01
869,70,33,13,,,126.83835371342444,37.20970482157399,126.82933588319433,37.20091220634219,2024-10-24 13:54:14
870,54,1,13,,,126.83276333736184,37.21078844371951,126.81540441663272,37.1989975521492,2024-10-24 13:54:23
871,32,11,13,,,126.83238509792011,37.202138761716135,126.81408907650828,37.20735109307922,2024-10-24 13:54:31
872,58,19,13,,,126.83550140278292,37.20942236100034,126.82814693050392,37.1955492408997,2024-10-24 13:55:03
873,31,54,13,,,126.82932243893768,37.197755474647664,126.83279565839129,37.210544526520884,2024-10-24 13:55:34
874,19,10,13,,,126.82864100027705,37.19429159232126,126.81777556883993,37.209539354383345,2024-10-24 13:55:39
875,50,25,13,,,126.82189667009028,37.21095580494506,126.82129751547106,37.19438440790558,2024-10-24 13:56:05
876,45,69,13,,,126.82601675324511,37.21298712169418,126.83788737686018,37.20727412876137,2024-10-24 13:56:34
877,58,42,13,,,126.83529034233908,37.208942474016254,126.83130420299611,37.1962557134591,2024-10-24 13:56:59
878,27,60,13,,,126.82738449720995,37.19965286434218,126.83192169029324,37.212853984417436,2024-10-24 13:57:26
879,23,15,13,,,126.82153485022778,37.192196110662884,126.81765769351982,37.20694670590858,2024-10-24 13:57:33
880,72,56,13,,,126.81183845184941,37.20634363723598,126.83442433966076,37.20573038133684,2024-10-24 13:58:38
881,10,17,13,,,126.81705638346327,37.209014863623274,126.82559610372319,37.197170800610195,2024-10-24 13:59:36
882,11,70,14,,,126.81349959687724,37.209208425118554,126.83761760057907,37.20909140303899,2024-10-24 14:00:01
883,1,7,14,,,126.8166951105224,37.19849558129346,126.8265370895166,37.20818753046774,2024-10-24 14:00:22
884,2,31,14,,,126.82134270077621,37.205619688524465,126.82890791142451,37.198458859944324,2024-10-24 14:00:29
885,56,17,14,,,126.83489259301635,37.20601845922046,126.82600484048226,37.19728058564334,2024-10-24 14:00:34
886,56,33,14,,,126.83584816214338,37.20494721790318,126.8302589385874,37.199710044635594,2024-10-24 14:01:19
887,54,33,14,,,126.83271985400724,37.210735341904936,126.82852213018546,37.201657810327134,2024-10-24 14:01:47
888,28,30,14,,,126.8292807385138,37.20417734161302,126.83257128723018,37.198561762580496,2024-10-24 14:02:53
889,58,19,14,,,126.83456865596736,37.20918596993363,126.8291320070504,37.194260685675786,2024-10-24 14:03:33
890,58,33,14,,,126.83444091634011,37.208169689952754,126.82852905669019,37.20073848951592,2024-10-24 14:04:04
891,17,54,14,,,126.82650480475337,37.197607995083814,126.83279011615845,37.210645751913255,2024-10-24 14:04:41
892,11,17,14,,,126.81477490067894,37.20847519103908,126.82620690916285,37.19763101022373,2024-10-24 14:05:27
893,58,19,14,,,126.83609731117205,37.20850093284224,126.82922907375871,37.19498047984713,2024-10-24 14:06:24
894,40,72,14,,,126.83193491801184,37.19374152881422,126.81235448462719,37.2072866821689,2024-10-24 14:06:49
895,10,17,14,,,126.81731332898238,37.20864781950086,126.82711557329881,37.19627690569406,2024-10-24 14:07:16
896,54,33,14,,,126.83306713417836,37.21113255902295,126.82950944177509,37.20001985614432,2024-10-24 14:09:13
897,56,33,14,,,126.83434310587849,37.204672368986714,126.82988572405493,37.20050626891866,2024-10-24 14:10:17
898,10,56,14,,,126.81728193034955,37.2091164697009,126.83555524063915,37.20625165801472,2024-10-24 14:10:58
899,54,33,14,,,126.83299898669516,37.20925061707988,126.82896467601073,37.20138652049919,2024-10-24 14:11:38
900,42,70,14,,,126.83081982722634,37.19595843449348,126.83808003716813,37.21032607011769,2024-10-24 14:12:03
901,58,33,14,,,126.83537254868239,37.20922451934719,126.82955466800307,37.20039393325857,2024-10-24 14:12:39
902,63,69,14,,,126.83549947358111,37.21047193738204,126.83791009705811,37.20739631433366,2024-10-24 14:13:04
903,17,54,14,,,126.8262135323857,37.19667915825892,126.83202195799818,37.209202777396975,2024-10-24 14:13:16
904,41,56,14,,,126.83515409616841,37.19648764274945,126.83552006643123,37.20494201540748,2024-10-24 14:13:23
905,10,17,14,,,126.81757775394675,37.209164718656325,126.82614604538404,37.19673457575561,2024-10-24 14:13:54
906,37,72,14,,,126.8217651381939,37.19726178959821,126.81144305234454,37.206906158046515,2024-10-24 14:14:22
907,19,48,14,,,126.82832604939578,37.195388654709284,126.83134572471617,37.21437533509517,2024-10-24 14:15:02
908,58,19,14,,,126.83421706620729,37.2074765143139,126.82881673047612,37.195601779237656,2024-10-24 14:16:35
909,54,33,14,,,126.83255820927819,37.21066866095035,126.82936775805328,37.199918606278736,2024-10-24 14:16:53
910,17,58,14,,,126.82733773035754,37.19715802396454,126.83567301385472,37.20858499180974,2024-10-24 14:17:04
911,42,70,14,,,126.83181060828174,37.196068472004164,126.83748804627618,37.209439238936866,2024-10-24 14:17:21
912,36,25,14,,,126.8241712019281,37.19844702307554,126.82103462097503,37.194340191000535,2024-10-24 14:18:23
913,32,54,14,,,126.83249956454127,37.20154226371752,126.83272335931221,37.20944996639414,2024-10-24 14:19:07
914,56,33,14,,,126.83533912159254,37.205181309558725,126.82877989437333,37.20111999700526,2024-10-24 14:19:15
915,58,33,14,,,126.83511326346088,37.20854412275574,126.82940151446599,37.2007991863323,2024-10-24 14:20:07
916,72,56,14,,,126.81261065600033,37.206189139732004,126.83453853905822,37.20507256491854,2024-10-24 14:20:36
917,58,19,14,,,126.83445030234205,37.20933108509541,126.82935563827598,37.19549130291297,2024-10-24 14:21:18
918,33,56,14,,,126.82833791333464,37.20104420396248,126.83507074614607,37.20506442406435,2024-10-24 14:21:32
919,58,33,14,,,126.835449658304,37.20890066172749,126.82908925505778,37.20074369590755,2024-10-24 14:21:53
920,58,33,14,,,126.83468372839496,37.20892345942237,126.83014322138138,37.201328482051146,2024-10-24 14:22:05
921,58,19,14,,,126.83572186026393,37.20748879001266,126.82865780571919,37.19520422247718,2024-10-24 14:22:09
922,45,48,14,,,126.82503929289105,37.212928021641936,126.8312140982402,37.21521692603664,2024-10-24 14:22:11
923,33,56,14,,,126.83003795742398,37.20038898751603,126.83443442777741,37.205017224176856,2024-10-24 14:22:12
924,42,70,14,,,126.83166586683352,37.195836006315595,126.83750701375206,37.21015956106172,2024-10-24 14:24:38
925,56,17,14,,,126.8356730538451,37.205020061251595,126.82590541168182,37.19664385297443,2024-10-24 14:25:30
926,46,45,14,,,126.8301381855779,37.21215550249769,126.82580082070342,37.21349482482362,2024-10-24 14:26:00
927,54,33,14,,,126.83179947322374,37.20939949312196,126.82941114086506,37.201423164817264,2024-10-24 14:27:06
928,10,38,14,,,126.81772017495847,37.20980982720094,126.82466447666567,37.20163827813952,2024-10-24 14:27:10
929,20,58,14,,,126.81631157856945,37.192794432075885,126.83599587194891,37.207610712243195,2024-10-24 14:27:14
930,58,33,14,,,126.83435400773732,37.2087404624617,126.82844763306362,37.20071218394275,2024-10-24 14:27:58
931,42,70,14,,,126.83228562102497,37.19535786813389,126.83721664942041,37.210465762420576,2024-10-24 14:28:06
932,56,31,14,,,126.83404565761353,37.20501892054449,126.8283109339712,37.19712353370447,2024-10-24 14:28:11
933,70,33,14,,,126.83840723235342,37.21018358233127,126.82954814002827,37.199782382913256,2024-10-24 14:28:23
934,56,19,14,,,126.83494194983183,37.20589356532146,126.8290926215584,37.195634746897774,2024-10-24 14:28:49
935,32,58,14,,,126.83208076166086,37.201703144875,126.83492051331496,37.20846360502637,2024-10-24 14:28:53
936,10,17,14,,,126.81723393846684,37.20946760281502,126.82620052774267,37.19775323758994,2024-10-24 14:28:54
937,56,17,14,,,126.8347331373193,37.20525865566372,126.82542673108364,37.19608107531974,2024-10-24 14:30:09
938,70,33,14,,,126.83862370314044,37.21040656923779,126.83030797400578,37.20076594554915,2024-10-24 14:30:14
939,58,19,14,,,126.83612215028757,37.20795297898434,126.82933683467701,37.19443318850976,2024-10-24 14:30:14
940,54,17,14,,,126.83354942809447,37.210755422567686,126.82644749082955,37.19726543123855,2024-10-24 14:30:22
941,10,40,14,,,126.81790866746965,37.20990448086042,126.83134342993606,37.19250045513049,2024-10-24 14:30:29
942,54,31,14,,,126.83203966082276,37.21002145261559,126.82954576610302,37.196896487823246,2024-10-24 14:30:44
943,38,60,14,,,126.82343112660851,37.20067949089872,126.83235328276203,37.21316099713751,2024-10-24 14:30:46
944,56,33,14,,,126.83445299796902,37.20587837812075,126.82868985226251,37.20091129042491,2024-10-24 14:31:05
945,70,33,14,,,126.83767288317974,37.2099446301311,126.82989919657297,37.199873987657796,2024-10-24 14:31:18
946,10,70,14,,,126.81688093198193,37.21018998591533,126.83726227368838,37.20866769021148,2024-10-24 14:32:11
947,54,33,14,,,126.83341368497085,37.210127861447184,126.82941136392637,37.20153549800769,2024-10-24 14:32:30
948,20,59,14,,,126.81510656145804,37.19207478180144,126.83181321646988,37.20752520283561,2024-10-24 14:32:31
949,58,33,14,,,126.83609643089117,37.20792400386384,126.82982766842382,37.20124290651594,2024-10-24 14:33:18
950,56,33,14,,,126.83483609864253,37.20663884618528,126.8289747706715,37.201248632292895,2024-10-24 14:34:01
951,17,54,14,,,126.82555039138732,37.195982570154385,126.83356591935491,37.20978197814278,2024-10-24 14:34:33
952,20,38,14,,,126.8160710662951,37.19251834005711,126.82374342744129,37.20084641182405,2024-10-24 14:35:15
953,70,33,14,,,126.83826907706477,37.20873376779905,126.82869319420364,37.20072910496717,2024-10-24 14:35:27
954,56,17,14,,,126.83560462268488,37.20627367887127,126.82634401535677,37.1964574100761,2024-10-24 14:35:43
955,58,33,14,,,126.83566454766026,37.20882510296724,126.82888053154448,37.199974045892226,2024-10-24 14:35:46
956,69,30,14,,,126.83777485636571,37.20697165624844,126.8312164903977,37.19802910002304,2024-10-24 14:35:53
957,70,33,14,,,126.83795878853707,37.209853282326186,126.82943112033745,37.201560789553476,2024-10-24 14:35:55
958,70,33,14,,,126.83695950945837,37.208620835603284,126.83020348034144,37.2002735919621,2024-10-24 14:36:06
959,55,27,14,,,126.82968088606017,37.20873183913488,126.82723895827253,37.19966439497904,2024-10-24 14:36:26
960,42,70,14,,,126.8321215497304,37.19655651381451,126.83794301010329,37.20913959766305,2024-10-24 14:36:27
961,58,33,14,,,126.83413451912669,37.208192880016135,126.82907236051675,37.20094183498925,2024-10-24 14:36:58
962,56,33,14,,,126.83429311429397,37.20558321284614,126.82994877482543,37.201348861440245,2024-10-24 14:37:04
963,58,19,14,,,126.83463970494992,37.20850050710796,126.8282636363822,37.19531186878123,2024-10-24 14:37:31
964,70,33,14,,,126.83749375894027,37.20934264364597,126.83031114052153,37.19998213577616,2024-10-24 14:37:32
965,58,33,14,,,126.83519535432991,37.20777934142032,126.82995311048042,37.20056455126395,2024-10-24 14:37:51
966,10,34,14,,,126.81798719364087,37.209305782654994,126.82225652685402,37.20320954906158,2024-10-24 14:37:52
967,70,33,14,,,126.83702976156295,37.20936989849924,126.82903020010916,37.20094303146414,2024-10-24 14:38:06
968,42,70,14,,,126.8307488334556,37.19521081176362,126.83724966784905,37.20886621305932,2024-10-24 14:38:45
969,29,4,14,,,126.82683509668314,37.20313805523475,126.8229876224713,37.2096538404373,2024-10-24 14:39:13
970,42,70,14,,,126.83162776036583,37.196415124121685,126.8373879506628,37.21049827556481,2024-10-24 14:39:18
971,17,54,14,,,126.8273321947764,37.19646583073809,126.83288461524054,37.209746490191236,2024-10-24 14:39:47
972,58,19,14,,,126.83567467346924,37.20776863848699,126.82886602753177,37.194532273269964,2024-10-24 14:40:42
973,70,42,14,,,126.83790998567831,37.20902097441101,126.83165136126826,37.1958655193052,2024-10-24 14:41:32
974,54,33,14,,,126.83298155377564,37.20950402321784,126.82893301468452,37.20143672549855,2024-10-24 14:42:11
975,54,33,14,,,126.83342647584485,37.21069129769699,126.82959384639537,37.200535737607204,2024-10-24 14:43:04
976,47,47,14,,,126.8272002120228,37.211462570222245,126.82766871055055,37.21110968275098,2024-10-24 14:43:43
977,53,54,14,,,126.82929738225138,37.20587961100282,126.83221438462726,37.21048276308015,2024-10-24 14:44:34
978,11,17,14,,,126.8147491229155,37.20829914440311,126.82729705116196,37.19696458536923,2024-10-24 14:44:47
979,54,33,14,,,126.83315963911426,37.209696768513844,126.82873541636036,37.20116526233819,2024-10-24 14:45:11
980,17,54,14,,,126.8265777797767,37.1965599264757,126.83314573950484,37.21022895989582,2024-10-24 14:45:42
981,28,19,14,,,126.82952367516958,37.20439287978964,126.82958036779314,37.19404807610946,2024-10-24 14:46:08
982,58,33,14,,,126.83599477703828,37.208695944319004,126.82956453803784,37.20165972907033,2024-10-24 14:46:49
983,33,54,14,,,126.82922866544605,37.20121759079207,126.83270829870354,37.20943421085467,2024-10-24 14:46:51
984,56,31,14,,,126.83447808341747,37.206012199873705,126.82970783856837,37.19833613942288,2024-10-24 14:47:22
985,11,58,14,,,126.8136648770357,37.2077204752623,126.83461159271982,37.20753077686842,2024-10-24 14:47:40
986,56,17,14,,,126.83468817624782,37.20611715500115,126.82593157999717,37.19652635636215,2024-10-24 14:48:48
987,70,10,14,,,126.83867915527276,37.208681277220634,126.81699298811567,37.20875573852672,2024-10-24 14:49:00
988,58,33,14,,,126.83593040555779,37.207728118949646,126.82918927338575,37.200636387130686,2024-10-24 14:49:27
989,72,53,14,,,126.81121083149092,37.20624532787851,126.82903260888833,37.20532950319303,2024-10-24 14:49:34
990,20,65,14,,,126.81520023993711,37.19193114927801,126.83512997109979,37.19946998468267,2024-10-24 14:50:12
991,72,33,14,,,126.81256517070096,37.20668418032842,126.8291084545008,37.20056078244236,2024-10-24 14:50:49
992,20,62,14,,,126.81648928410844,37.192813250859366,126.83744256493533,37.21235338229105,2024-10-24 14:50:56
993,17,70,14,,,126.82695681705646,37.1964489617685,126.83861178084463,37.20990271864524,2024-10-24 14:51:42
994,56,17,14,,,126.83449457493413,37.20550378991949,126.82542005541629,37.19623207102864,2024-10-24 14:52:17
995,10,44,14,,,126.81711132954202,37.209015138032356,126.82100338911268,37.18937205657279,2024-10-24 14:53:39
996,17,54,14,,,126.82592100621957,37.19679621361582,126.83325866693976,37.21026928127271,2024-10-24 14:54:48
997,11,33,14,,,126.81371540424117,37.20829343988097,126.82933536907822,37.20123370175507,2024-10-24 14:54:52
998,58,33,14,,,126.83559945713276,37.20924224650496,126.8290698112503,37.19970848852973,2024-10-24 14:54:59
999,11,32,14,,,126.81431464800733,37.2076076755735,126.83270036104231,37.20076792551652,2024-10-24 14:55:59
1000,56,41,14,,,126.83585792671387,37.20466815026872,126.83400539612535,37.197625320321364,2024-10-24 14:56:32
1001,70,11,14,,,126.83842077309717,37.20869944290521,126.81444195103103,37.20737853369324,2024-10-24 14:56:48
1002,58,33,14,,,126.83449035706931,37.20933425367544,126.8285283837144,37.199728330372274,2024-10-24 14:57:00
1003,27,7,14,,,126.82594153387699,37.19982225253313,126.82814180856771,37.207244934756346,2024-10-24 14:57:05
1004,56,33,14,,,126.83420090535955,37.206144058456196,126.82909911692762,37.20019879002085,2024-10-24 14:57:35
1005,70,42,14,,,126.83834710193496,37.209282968323606,126.83200261922426,37.195976569300925,2024-10-24 14:57:40
1006,51,34,14,,,126.81885288860262,37.21123353523274,126.8213351020123,37.20274149773059,2024-10-24 14:57:57
1007,19,35,14,,,126.82809872572147,37.19408953015222,126.8192911384673,37.2011084669255,2024-10-24 14:58:50
1008,56,33,15,,,126.83483850097687,37.20487933356192,126.82978921012867,37.20125924797082,2024-10-24 15:00:06
1009,46,32,15,,,126.82971690336666,37.21217329560888,126.83271004788251,37.20166379003743,2024-10-24 15:00:14
1010,56,33,15,,,126.83457529548907,37.20487059281884,126.82945211645901,37.200457881516556,2024-10-24 15:00:25
1011,10,17,15,,,126.81727456435357,37.2096060365458,126.82645438614931,37.19587789613913,2024-10-24 15:00:46
1012,12,19,15,,,126.81858592210706,37.205328024258606,126.82950935722513,37.19473426155661,2024-10-24 15:01:39
1013,56,33,15,,,126.83429676086791,37.20630700483276,126.83015883290793,37.201333433464704,2024-10-24 15:01:59
1014,10,17,15,,,126.81716274450514,37.20979984106365,126.82551746486392,37.19592659503344,2024-10-24 15:02:33
1015,33,56,15,,,126.82921749256255,37.20070708104681,126.83399356154014,37.20629693949627,2024-10-24 15:02:37
1016,19,54,15,,,126.82892501984631,37.19452961303665,126.83245868806021,37.209860613763105,2024-10-24 15:02:42
1017,17,54,15,,,126.82552583954543,37.19628055293072,126.8330649418015,37.209594866607844,2024-10-24 15:02:58
1018,10,38,15,,,126.81800491171886,37.20968553282447,126.82467452868154,37.20226179293075,2024-10-24 15:03:26
1019,37,54,15,,,126.82206809796044,37.19780350962816,126.83296409144042,37.210120632399985,2024-10-24 15:03:43
1020,9,70,15,,,126.81468834066968,37.20588906796346,126.83847014368791,37.20888533428045,2024-10-24 15:05:16
1021,58,33,15,,,126.83460836396179,37.208452763470916,126.83021572687696,37.20056959552359,2024-10-24 15:05:55
1022,54,29,15,,,126.83250580227227,37.209291537219336,126.82719766697045,37.20175701434702,2024-10-24 15:05:59
1023,37,55,15,,,126.82048708983962,37.19786889729414,126.83086223437525,37.2096699787624,2024-10-24 15:06:10
1024,56,31,15,,,126.83586742959952,37.20578565344398,126.82826556075264,37.19790817888484,2024-10-24 15:07:27
1025,69,9,15,,,126.8378401444669,37.20575422871543,126.8135156870402,37.2054700282339,2024-10-24 15:07:48
1026,10,17,15,,,126.81646361245555,37.210077835367976,126.8266102227149,37.19707519860792,2024-10-24 15:08:13
1027,56,33,15,,,126.83490152355901,37.20587149925465,126.829309755606,37.201124152352364,2024-10-24 15:08:51
1028,29,8,15,,,126.82613063903352,37.20181403211283,126.82521674707354,37.20703330125297,2024-10-24 15:08:59
1029,10,56,15,,,126.81696188642161,37.20901059869582,126.83500503451815,37.20613354936902,2024-10-24 15:09:01
1030,11,33,15,,,126.81372212830752,37.208218978320616,126.82945693474323,37.200456420471525,2024-10-24 15:09:12
1031,28,24,15,,,126.82916311097192,37.20333425041554,126.8180279655369,37.19092328644328,2024-10-24 15:10:25
1032,5,67,15,,,126.82681161495461,37.204492833101845,126.83415038822959,37.20299153570682,2024-10-24 15:10:39
1033,20,39,15,,,126.81603805190105,37.19148378069305,126.82108908473737,37.1999496613343,2024-10-24 15:10:43
1034,32,58,15,,,126.83211390636586,37.20138149714346,126.83436985405068,37.20935585773046,2024-10-24 15:10:47
1035,42,59,15,,,126.83131209787554,37.19587275041828,126.83327215312225,37.20791429824486,2024-10-24 15:10:54
1036,58,33,15,,,126.83491221201703,37.208600617884436,126.83004346075842,37.20085616659842,2024-10-24 15:11:19
1037,33,56,15,,,126.83028552865659,37.20151998927672,126.83488861550514,37.20637717729823,2024-10-24 15:12:05
1038,33,56,15,,,126.83028618456358,37.19971817930729,126.83511993873063,37.20587681230396,2024-10-24 15:12:36
1039,19,10,15,,,126.82979977186346,37.194432579157166,126.81743511549386,37.20945963742256,2024-10-24 15:12:43
1040,33,56,15,,,126.82913145169778,37.20011832898453,126.8357595998744,37.20658054945481,2024-10-24 15:13:11
1041,15,22,15,,,126.81609865179927,37.20689367565071,126.81506446630468,37.19571911326048,2024-10-24 15:13:37
1042,58,53,15,,,126.83502062765523,37.20928536229446,126.82972776385193,37.20534676784649,2024-10-24 15:13:47
1043,56,33,15,,,126.83590670372261,37.20624204799546,126.82898185789129,37.200493865143414,2024-10-24 15:14:09
1044,50,48,15,,,126.82167588650866,37.21059835127506,126.82950827544558,37.215050427463545,2024-10-24 15:14:10
1045,58,33,15,,,126.83448310496084,37.2085088554415,126.82838906344954,37.20041421424572,2024-10-24 15:14:45
1046,50,37,15,,,126.82193560004761,37.21226484940507,126.82190098944974,37.19768087456226,2024-10-24 15:16:42
1047,33,58,15,,,126.82910549577069,37.200703188169534,126.83524848136886,37.20892899476522,2024-10-24 15:16:46
1048,41,70,15,,,126.83453295318749,37.196844104839045,126.83714672125328,37.20996246878996,2024-10-24 15:17:04
1049,56,33,15,,,126.83452427480661,37.20622331029864,126.8289621210562,37.200679162118554,2024-10-24 15:17:22
1050,72,56,15,,,126.81142602098642,37.20800172529541,126.83523909094521,37.20604214853511,2024-10-24 15:17:36
1051,11,17,15,,,126.81432955748329,37.2074272912916,126.82566636979607,37.19731729051471,2024-10-24 15:17:55
1052,17,58,15,,,126.82671513518991,37.19587581073891,126.83491036976372,37.207475322952625,2024-10-24 15:18:31
1053,17,70,15,,,126.82723135700697,37.19709560351304,126.83703451606532,37.20925996758338,2024-10-24 15:18:31
1054,58,33,15,,,126.83481138430516,37.20914013290924,126.82938281972984,37.20041626441962,2024-10-24 15:19:08
1055,18,56,15,,,126.82402006163154,37.19642381347624,126.83467013211404,37.20510525653322,2024-10-24 15:19:58
1056,34,21,15,,,126.82127996706238,37.20360160078046,126.81816552065092,37.19567584604643,2024-10-24 15:20:47
1057,59,15,15,,,126.83173423766051,37.20792884401569,126.81743094640083,37.20726655516666,2024-10-24 15:21:11
1058,32,59,15,,,126.83129027143136,37.20242554974151,126.83208502245566,37.20643674429005,2024-10-24 15:21:40
1059,10,17,15,,,126.81630933715115,37.20941812179861,126.82584721379591,37.196774443462495,2024-10-24 15:21:47
1060,67,10,15,,,126.8350266480164,37.20337279848891,126.81632516914239,37.20888357075308,2024-10-24 15:21:47
1061,56,17,15,,,126.8346666084113,37.2053800581439,126.82626026712506,37.19590497359724,2024-10-24 15:22:02
1062,33,56,15,,,126.8300894472091,37.201399332674676,126.83546115914638,37.205498030659534,2024-10-24 15:22:10
1063,56,17,15,,,126.83495802212663,37.20569702475976,126.82662972693613,37.197161299236285,2024-10-24 15:22:28
1064,58,32,15,,,126.83590913840828,37.2090577252691,126.83293845235455,37.20145369580262,2024-10-24 15:22:38
1065,71,41,15,,,126.84048121100201,37.2056235404896,126.8343027701847,37.19753769580965,2024-10-24 15:22:41
1066,24,23,15,,,126.81844349068415,37.19150689930348,126.82057784937923,37.19096871207635,2024-10-24 15:23:19
1067,69,30,15,,,126.83713635874318,37.206822446594366,126.83238305050631,37.19981748440604,2024-10-24 15:23:54
1068,70,33,15,,,126.83767166468957,37.208647129050185,126.82950651610248,37.20002374885086,2024-10-24 15:26:11
1069,33,56,15,,,126.82965695155163,37.20011089128912,126.83431785391959,37.20504858644532,2024-10-24 15:28:11
1070,11,58,15,,,126.81402252696577,37.2081042145214,126.83532083376733,37.20810013132783,2024-10-24 15:28:14
1071,32,68,15,,,126.83160592197963,37.20266889709622,126.84047424310758,37.20266406388611,2024-10-24 15:28:15
1072,32,54,15,,,126.83295077958782,37.20273787632224,126.8335379483174,37.20948377928363,2024-10-24 15:29:21
1073,70,11,15,,,126.83687671857155,37.20864098166619,126.81342682327328,37.20906371813198,2024-10-24 15:30:17
1074,45,50,15,,,126.82442569745517,37.21215919703653,126.82330024193134,37.21229759750201,2024-10-24 15:30:27
1075,38,31,15,,,126.82459411705813,37.20150034339185,126.82899958768546,37.19725414964803,2024-10-24 15:30:58
1076,55,20,15,,,126.82970692675504,37.2096111860967,126.81620645315647,37.19151871632758,2024-10-24 15:31:05
1077,72,33,15,,,126.8125367636901,37.2071170938236,126.8301056751007,37.19995322623192,2024-10-24 15:31:46
1078,17,54,15,,,126.82582363852852,37.1958151364719,126.83207949113032,37.210269485409654,2024-10-24 15:32:09
1079,58,19,15,,,126.8357275882369,37.209290980708474,126.82882918016485,37.19532613319848,2024-10-24 15:32:42
1080,59,13,15,,,126.83212787937309,37.206685933151675,126.81731093971254,37.20367463623831,2024-10-24 15:34:08
1081,20,61,15,,,126.81479344858417,37.19199879280032,126.83289477126199,37.21534034786952,2024-10-24 15:34:13
1082,33,62,15,,,126.83023945800056,37.20119610260917,126.83792233960658,37.21173508429027,2024-10-24 15:35:14
1083,59,22,15,,,126.83171308187751,37.207731212174764,126.81581157424671,37.19571128101918,2024-10-24 15:35:14
1084,59,51,15,,,126.83293875701496,37.20791013796713,126.82021165238902,37.20946434965253,2024-10-24 15:35:32
1085,17,54,15,,,126.8265032195559,37.1972703505391,126.83365649268103,37.21043955847956,2024-10-24 15:35:43
1086,42,18,15,,,126.83200463152873,37.19652995139301,126.823945384411,37.19663937544176,2024-10-24 15:35:45
1087,49,56,15,,,126.82796542631581,37.21427766510408,126.8343424773959,37.20562985288547,2024-10-24 15:37:06
1088,56,17,15,,,126.83485036339654,37.204772771025986,126.8271244353284,37.19601368670161,2024-10-24 15:37:34
1089,5,55,15,,,126.82722067282907,37.205357353125024,126.82990728907117,37.20830109073372,2024-10-24 15:37:58
1090,56,33,15,,,126.83433340557525,37.20625500632869,126.8296943075005,37.200947019486115,2024-10-24 15:38:15
1091,11,58,15,,,126.81479724676038,37.20848912699185,126.83427636742992,37.20795114628314,2024-10-24 15:38:18
1092,42,70,15,,,126.83227622881518,37.196858003962575,126.83710794794698,37.20886377749148,2024-10-24 15:38:36
1093,69,30,15,,,126.83673674028398,37.20621336542817,126.83145252261446,37.19915745453559,2024-10-24 15:39:11
1094,10,52,15,,,126.81645434836912,37.20934772103196,126.83044765004685,37.21713917878678,2024-10-24 15:39:16
1095,70,33,15,,,126.83819898299296,37.209798470678464,126.82902552200342,37.200557455395376,2024-10-24 15:40:27
1096,33,56,15,,,126.82907502171493,37.201136446424165,126.83513173945745,37.205268714275775,2024-10-24 15:41:30
1097,56,31,15,,,126.8344280497867,37.20633851523265,126.82933670956348,37.19800057101664,2024-10-24 15:41:33
1098,54,33,15,,,126.8330715820566,37.210515323716194,126.82943862777235,37.20081034804114,2024-10-24 15:41:43
1099,33,56,15,,,126.82877863844595,37.20012760556183,126.83462725237719,37.20601767506331,2024-10-24 15:41:48
1100,58,19,15,,,126.83586352817028,37.20837989047481,126.82879112926933,37.19582668596003,2024-10-24 15:42:49
1101,33,2,15,,,126.82886186570668,37.20153228292519,126.82114540624957,37.206427844531,2024-10-24 15:43:28
1102,67,7,15,,,126.83432616067218,37.20361149546296,126.82685473138598,37.20741664745538,2024-10-24 15:43:36
1103,33,56,15,,,126.83001853224235,37.200413701666626,126.83418375515281,37.20562581048708,2024-10-24 15:44:20
1104,50,31,15,,,126.82219967690372,37.21145193765478,126.82929042547876,37.197009095473355,2024-10-24 15:45:01
1105,27,8,15,,,126.82688059194102,37.19980995552147,126.82409725857156,37.206405449554175,2024-10-24 15:46:17
1106,33,56,15,,,126.82858244663248,37.20122543536387,126.83484625670474,37.20633519576487,2024-10-24 15:46:58
1107,10,17,15,,,126.81764920764249,37.20974395812943,126.82669012869233,37.19596036834862,2024-10-24 15:47:04
1108,17,54,15,,,126.82544239647139,37.19716715070562,126.83299894510856,37.2103594843805,2024-10-24 15:47:27
1109,37,72,15,,,126.82104688009674,37.19751641792025,126.8106916913753,37.206822923938965,2024-10-24 15:47:31
1110,72,20,15,,,126.8115530354912,37.20711255388482,126.81608986099462,37.19281599219193,2024-10-24 15:47:41
1111,18,63,15,,,126.82335215128066,37.19488820001421,126.83542057050873,37.2120079756998,2024-10-24 15:48:26
1112,59,33,15,,,126.83167931953874,37.20810739800216,126.82840233330475,37.20028774550006,2024-10-24 15:48:43
1113,56,31,15,,,126.8357765130577,37.20602022784946,126.82866459587777,37.198822842523306,2024-10-24 15:49:25
1114,58,19,15,,,126.83524343388585,37.208815049851424,126.82902098440296,37.194072265618075,2024-10-24 15:49:29
1115,42,9,15,,,126.83077921373467,37.19536248158913,126.81382841905935,37.205340703746025,2024-10-24 15:50:03
1116,17,54,15,,,126.82730350127633,37.195878716268325,126.83340939312785,37.21104693388406,2024-10-24 15:50:29
1117,33,56,15,,,126.82938659214778,37.2008096517666,126.83531695480916,37.20592570694192,2024-10-24 15:50:41
1118,58,33,15,,,126.8358487184244,37.208075217441056,126.82885726821063,37.201085462893985,2024-10-24 15:51:18
1119,71,54,15,,,126.84019099223707,37.20551751309905,126.83327658942083,37.2093793068425,2024-10-24 15:51:35
1120,42,70,15,,,126.8313900472395,37.196539488131215,126.83835599404387,37.20915856590961,2024-10-24 15:52:30
1121,10,17,15,,,126.81776976211812,37.20900704162868,126.82726611161416,37.19663824903546,2024-10-24 15:52:37
1122,1,35,15,,,126.81649570392561,37.19872116346394,126.81913114117877,37.201525272677664,2024-10-24 15:52:40
1123,11,58,15,,,126.81469538719678,37.208117264778934,126.83435813921204,37.208610691076615,2024-10-24 15:53:01
1124,72,70,15,,,126.81129138932688,37.207897585259886,126.83694946359678,37.20951454276388,2024-10-24 15:53:50
1125,14,59,15,,,126.81876266515367,37.20748842546458,126.83308399140488,37.20646753269915,2024-10-24 15:54:48
1126,56,33,15,,,126.83512754122359,37.20500273375626,126.83027278869655,37.20108295699937,2024-10-24 15:55:09
1127,6,64,15,,,126.82453365696475,37.20373573772664,126.84195143129381,37.2033916082319,2024-10-24 15:55:22
1128,58,19,15,,,126.83561824876158,37.208286560732795,126.82846487661187,37.195705040229086,2024-10-24 15:55:34
1129,23,60,15,,,126.82170170853193,37.19277384521494,126.83234731465829,37.21390744451582,2024-10-24 15:55:37
1130,17,54,15,,,126.82609216219112,37.19634501041943,126.83228212452467,37.21080203604111,2024-10-24 15:55:59
1131,59,41,15,,,126.8316217993478,37.20756635275886,126.83332807986697,37.19712970708375,2024-10-24 15:57:53
1132,54,17,15,,,126.83282807385541,37.209258338677316,126.82606784162188,37.19697621116937,2024-10-24 15:58:17
1133,31,54,15,,,126.82946728544913,37.1971265049218,126.83349101385537,37.2109907608333,2024-10-24 15:58:53
1134,55,25,16,,,126.8308663716063,37.209143282484575,126.82090919627673,37.19458970160608,2024-10-24 16:00:15
1135,54,33,16,,,126.83196959697544,37.21098649927963,126.83018006082449,37.20094645340292,2024-10-24 16:01:16
1136,33,56,16,,,126.82847929371106,37.20023941417311,126.83561162022022,37.20565411151156,2024-10-24 16:01:51
1137,41,56,16,,,126.83429838703138,37.19639068392026,126.83559720827381,37.20535057548209,2024-10-24 16:02:48
1138,44,4,16,,,126.82090302028273,37.1898549526908,126.82305658673044,37.20935596934612,2024-10-24 16:03:52
1139,11,70,16,,,126.81495997843193,37.207438199326326,126.83862524520858,37.210314052371885,2024-10-24 16:04:11
1140,58,19,16,,,126.83441555307448,37.20770014558123,126.82925878068995,37.19486513740562,2024-10-24 16:04:18
1141,43,50,16,,,126.82246910765252,37.18908235697189,126.82227125857898,37.210708328244735,2024-10-24 16:04:38
1142,29,23,16,,,126.82707362719836,37.20244723115248,126.82107476083374,37.19128358465029,2024-10-24 16:05:20
1143,58,33,16,,,126.83585854158943,37.20869649648188,126.82932935489063,37.20163934710976,2024-10-24 16:06:31
1144,42,70,16,,,126.83171923752474,37.19562608099327,126.83816931543741,37.20946174648562,2024-10-24 16:06:42
1145,54,33,16,,,126.83181271307883,37.209263196283096,126.82986874770805,37.20112087316735,2024-10-24 16:07:03
1146,69,13,16,,,126.83844397723298,37.207204549050076,126.817134165561,37.20305946756888,2024-10-24 16:07:07
1147,7,65,16,,,126.82760033513422,37.207683295632734,126.83452558127152,37.2005964314975,2024-10-24 16:07:18
1148,49,19,16,,,126.82725612993154,37.21405406324395,126.82973855323843,37.19496873991173,2024-10-24 16:07:34
1149,1,40,16,,,126.81603874892521,37.19778016526041,126.83186262587935,37.192641500985,2024-10-24 16:07:42
1150,28,68,16,,,126.83046182094235,37.2036418579845,126.8402912170149,37.201332970637516,2024-10-24 16:07:43
1151,70,17,16,,,126.83720704304494,37.20945500968475,126.82594500850824,37.19648682061252,2024-10-24 16:09:18
1152,56,32,16,,,126.83395945891908,37.204714315870206,126.83147619603234,37.202739271841075,2024-10-24 16:09:33
1153,37,4,16,,,126.82190419420269,37.19761469189489,126.82266113140571,37.20936027951116,2024-10-24 16:09:54
1154,64,22,16,,,126.84160278793605,37.20359376362831,126.8154629664655,37.195551861427866,2024-10-24 16:10:54
1155,72,35,16,,,126.81235771137216,37.20758261104987,126.81807264181965,37.20246793179739,2024-10-24 16:11:02
1156,33,54,16,,,126.82962691315016,37.20081150285527,126.8331466485788,37.20977698091125,2024-10-24 16:11:32
1157,70,33,16,,,126.83792424447489,37.209695772190436,126.82913766566219,37.200125187453395,2024-10-24 16:11:36
1158,10,53,16,,,126.816165965918,37.209663486853586,126.82991081405126,37.207158624815385,2024-10-24 16:11:48
1159,36,62,16,,,126.82466906269788,37.19910307635889,126.83721203478856,37.21204107960101,2024-10-24 16:12:20
1160,69,30,16,,,126.83703558005814,37.206474780056205,126.83174386026121,37.19887290928822,2024-10-24 16:13:39
1161,37,72,16,,,126.82194441273761,37.19757911849881,126.81117065814153,37.20628465364715,2024-10-24 16:14:23
1162,43,70,16,,,126.82277750234786,37.19050893546191,126.8380575276465,37.2086076128238,2024-10-24 16:14:58
1163,58,33,16,,,126.83535415544651,37.20933483382302,126.82867427431138,37.19974102528832,2024-10-24 16:16:19
1164,42,70,16,,,126.83172833243923,37.19658402006698,126.8374935464053,37.208929380667996,2024-10-24 16:16:30
1165,33,58,16,,,126.82954586889781,37.200169884813285,126.83464699091043,37.208009088831766,2024-10-24 16:18:58
1166,70,33,16,,,126.83767495393231,37.20856853701268,126.82880993626522,37.20141097980655,2024-10-24 16:19:03
1167,12,19,16,,,126.81940327440883,37.20456862699494,126.82922922269458,37.194426161997505,2024-10-24 16:19:53
1168,70,33,16,,,126.83839782712919,37.20974680126443,126.82953732955828,37.20094178129212,2024-10-24 16:20:08
1169,72,33,16,,,126.81263977046827,37.20665412686615,126.82965234459414,37.199697643193275,2024-10-24 16:20:11
1170,33,43,16,,,126.829441685924,37.20111972629254,126.82322003119748,37.18918126967615,2024-10-24 16:20:45
1171,32,11,16,,,126.8328063963149,37.20197258294972,126.81334747805239,37.20832719983989,2024-10-24 16:21:19
1172,16,3,16,,,126.82408615809298,37.19247316385608,126.8256774144517,37.21012521249155,2024-10-24 16:21:36
1173,70,32,16,,,126.83820315425817,37.208793952828124,126.83127222876837,37.20086580816104,2024-10-24 16:22:55
1174,56,33,16,,,126.83399435877503,37.20621847635678,126.82992848078904,37.19990215708181,2024-10-24 16:23:03
1175,56,17,16,,,126.8345143858611,37.20530979871862,126.82739965103886,37.19588002958796,2024-10-24 16:24:30
1176,17,70,16,,,126.82597003793897,37.19598903687542,126.83768216420138,37.20860189878297,2024-10-24 16:24:31
1177,17,54,16,,,126.82734141847952,37.197571791631745,126.83279194894027,37.209195161122054,2024-10-24 16:25:12
1178,45,41,16,,,126.82586409983269,37.21289442521946,126.83517013134443,37.19732809288735,2024-10-24 16:25:39
1179,56,17,16,,,126.83450647039847,37.20596438747025,126.82561915547977,37.19654984969197,2024-10-24 16:26:13
1180,56,17,16,,,126.8355446830269,37.206551229984804,126.8265401072173,37.196733772924894,2024-10-24 16:26:14
1181,26,37,16,,,126.8177247262972,37.19323830503899,126.8214166236687,37.19763275022581,2024-10-24 16:26:15
1182,56,33,16,,,126.83498983380255,37.20476890455464,126.82938215347095,37.200281244623625,2024-10-24 16:26:32
1183,38,38,16,,,126.82345914793743,37.201268891602794,126.82319257435572,37.20206026791297,2024-10-24 16:26:37
1184,10,17,16,,,126.8164873276964,37.20951933425318,126.82572366002545,37.196257022363696,2024-10-24 16:27:21
1185,58,19,16,,,126.8360847860081,37.20810712448415,126.82814084792257,37.19518676277806,2024-10-24 16:27:26
1186,37,65,16,,,126.82073664154535,37.19796433928944,126.83473523947265,37.1998919396352,2024-10-24 16:28:11
1187,58,33,16,,,126.8346043574839,37.20746779468469,126.82937467141927,37.19990079850979,2024-10-24 16:28:35
1188,23,16,16,,,126.82072222385395,37.19203961900527,126.82413760762336,37.19272194255664,2024-10-24 16:29:03
1189,54,33,16,,,126.8329585647585,37.20963024749024,126.82974507401292,37.201491001310046,2024-10-24 16:29:26
1190,70,33,16,,,126.83860237845542,37.20969846335881,126.82861221278098,37.20084932612843,2024-10-24 16:29:38
1191,64,30,16,,,126.84275019543428,37.20275624191749,126.83168134008487,37.19971108795525,2024-10-24 16:29:40
1192,17,12,16,,,126.82723585527539,37.19720522268541,126.81941286553469,37.20576924018776,2024-10-24 16:29:40
1193,69,30,16,,,126.83845002877443,37.206013597824374,126.83154970543718,37.19884091051371,2024-10-24 16:29:45
1194,11,17,16,,,126.81523767814484,37.207609481321064,126.82562310871394,37.195908855511256,2024-10-24 16:30:23
1195,36,12,16,,,126.8232958325718,37.198243866005996,126.81871980334066,37.20535371708505,2024-10-24 16:30:29
1196,32,59,16,,,126.83193769055391,37.201771830942555,126.83228967977891,37.20784540669218,2024-10-24 16:30:59
1197,72,55,16,,,126.81091911497906,37.20710352335905,126.82935644093632,37.20951878625853,2024-10-24 16:31:03
1198,56,17,16,,,126.83448864704434,37.20616382545471,126.82651457038962,37.196175881184324,2024-10-24 16:31:22
1199,62,33,16,,,126.83836188617393,37.212896046176546,126.82870171136345,37.20021863603221,2024-10-24 16:31:41
1200,10,23,16,,,126.81669160542918,37.20910589525729,126.8209953755336,37.19242095345185,2024-10-24 16:32:55
1201,69,30,16,,,126.83673597353852,37.206753522715665,126.83166468661491,37.198401528430644,2024-10-24 16:33:06
1202,20,4,16,,,126.8166193792446,37.192762889635944,126.82143004934849,37.20795660256304,2024-10-24 16:33:13
1203,10,56,16,,,126.81720232809995,37.208566908060696,126.8341040375265,37.20529367548151,2024-10-24 16:33:13
1204,58,33,16,,,126.834147527459,37.20762009981757,126.82972775587433,37.201518056776926,2024-10-24 16:33:14
1205,58,33,16,,,126.83430912185653,37.208682754237465,126.82891667291064,37.20131875006081,2024-10-24 16:34:07
1206,70,33,16,,,126.83881006187394,37.209517956095866,126.8299882514299,37.20084894460695,2024-10-24 16:35:37
1207,28,72,16,,,126.8305056821983,37.20444847861777,126.81157173980434,37.20773374170856,2024-10-24 16:35:56
1208,19,44,16,,,126.82821300933112,37.19445726090654,126.82070065240315,37.18825607948672,2024-10-24 16:37:12
1209,58,19,16,,,126.83462036868823,37.20778866685563,126.82813293087271,37.19519880036067,2024-10-24 16:37:46
1210,70,33,16,,,126.83765427690587,37.21033603288737,126.83029682038449,37.199754231255326,2024-10-24 16:39:09
1211,28,54,16,,,126.83049481234193,37.203215260472014,126.83308165350967,37.21032977364924,2024-10-24 16:39:20
1212,69,30,16,,,126.83699175733264,37.206375659909085,126.83142641474724,37.1992846338603,2024-10-24 16:39:34
1213,19,10,16,,,126.82850244373783,37.19482336540449,126.81677330720298,37.209103841569416,2024-10-24 16:40:17
1214,58,33,16,,,126.83496552395368,37.20923248488606,126.82985939879447,37.20128060647086,2024-10-24 16:40:31
1215,5,9,16,,,126.82709334850047,37.205365373231004,126.81453107845337,37.20525327887445,2024-10-24 16:41:15
1216,54,33,16,,,126.83296285477874,37.209978743384376,126.82939553769101,37.1998826438016,2024-10-24 16:41:39
1217,42,70,16,,,126.83226759520342,37.19695147718829,126.83735290883058,37.20920946411197,2024-10-24 16:41:40
1218,17,54,16,,,126.8262140142784,37.197742483538576,126.83226025775029,37.209448585887955,2024-10-24 16:41:44
1219,12,4,16,,,126.81976156701381,37.205408340410216,126.8220615576525,37.20900681385948,2024-10-24 16:43:25
1220,44,9,16,,,126.82150539992108,37.188221522017834,126.81431190384976,37.20461467965809,2024-10-24 16:43:33
1221,51,18,16,,,126.8206851594948,37.21032627666034,126.82410568232565,37.19622771085026,2024-10-24 16:43:36
1222,56,17,16,,,126.83497798230124,37.20482425324259,126.82556653301563,37.197691491285596,2024-10-24 16:44:10
1223,58,19,16,,,126.83447757748716,37.20771973006921,126.82848086378841,37.19413474475193,2024-10-24 16:44:17
1224,56,41,16,,,126.83572308746446,37.20468104530669,126.83372116543012,37.19743269944488,2024-10-24 16:44:38
1225,31,59,16,,,126.82824638510694,37.19877110773253,126.83304384404589,37.207645152925515,2024-10-24 16:45:18
1226,54,33,16,,,126.83197510337244,37.20997444213571,126.82909693410872,37.200325444603,2024-10-24 16:45:22
1227,56,33,16,,,126.83578890928734,37.20568915857154,126.82938739616414,37.2014061829235,2024-10-24 16:45:33
1228,51,67,16,,,126.81934147300326,37.21095915014852,126.83383239405256,37.202151156357395,2024-10-24 16:45:34
1229,19,71,16,,,126.82788939462348,37.194285927064136,126.83934340540547,37.20528543501694,2024-10-24 16:45:44
1230,56,17,16,,,126.83407845467747,37.20536144153595,126.82687626781234,37.19703522277982,2024-10-24 16:47:01
1231,42,70,16,,,126.83117742351276,37.197101822849454,126.83683568553246,37.20856068527707,2024-10-24 16:47:07
1232,58,33,16,,,126.83441925519172,37.207712439440535,126.82921511163944,37.20020768235953,2024-10-24 16:47:15
1233,70,33,16,,,126.83688597430795,37.21007674208041,126.82927281205585,37.200728026316945,2024-10-24 16:50:04
1234,56,41,16,,,126.83575836133163,37.20580161071757,126.83351898127138,37.19626971061363,2024-10-24 16:50:35
1235,33,70,16,,,126.82866350107274,37.19988888167295,126.83712100442607,37.20972306954968,2024-10-24 16:50:36
1236,38,18,16,,,126.82501376677291,37.202216215990376,126.82408825925918,37.19515631521396,2024-10-24 16:50:56
1237,71,52,16,,,126.84051898620035,37.20401350251451,126.82992442924268,37.21845948051967,2024-10-24 16:51:24
1238,54,11,16,,,126.83244906928002,37.20931824925359,126.81384238846373,37.20924905045089,2024-10-24 16:53:03
1239,69,30,16,,,126.83704981866937,37.205943981016524,126.83160023574412,37.19840516549141,2024-10-24 16:53:10
1240,10,38,16,,,126.8171445995013,37.21029867279215,126.82455711458914,37.20100411411054,2024-10-24 16:53:32
1241,58,32,16,,,126.83535796247988,37.20915338802262,126.83103048642222,37.20230182799707,2024-10-24 16:54:00
1242,58,19,16,,,126.83535553124806,37.20765323908289,126.82799410434926,37.195705533071134,2024-10-24 16:54:10
1243,63,7,16,,,126.83604501260747,37.2105728650427,126.82729646198425,37.208854524919495,2024-10-24 16:54:22
1244,40,72,16,,,126.83168372966033,37.19319753914264,126.81200761977153,37.20809952751967,2024-10-24 16:54:25
1245,70,33,16,,,126.83701473160633,37.209932836311374,126.82848045642528,37.200656352951206,2024-10-24 16:54:28
1246,32,59,16,,,126.83133424209532,37.20133574061302,126.8326429206026,37.207767879923004,2024-10-24 16:54:29
1247,58,19,16,,,126.8348077656897,37.20786393688237,126.82934204592462,37.19570662065311,2024-10-24 16:54:55
1248,22,43,16,,,126.81580489473424,37.19509385068723,126.82348256915897,37.1906362909989,2024-10-24 16:55:01
1249,54,17,16,,,126.83255303809011,37.20972280419875,126.82726279204275,37.19675308381441,2024-10-24 16:55:29
1250,11,58,16,,,126.8149656427096,37.208449944146714,126.83542305770014,37.208113471087984,2024-10-24 16:55:34
1251,58,19,16,,,126.83512736646232,37.20767131700264,126.82830733416708,37.19563317920182,2024-10-24 16:55:48
1252,38,12,16,,,126.82350404906903,37.2005517011701,126.81885014583895,37.20458615127997,2024-10-24 16:55:56
1253,56,33,16,,,126.83584187798785,37.20626647546653,126.82899284358919,37.19969861943625,2024-10-24 16:56:57
1254,58,19,16,,,126.83455954314421,37.209388039381956,126.828213084416,37.19412600184858,2024-10-24 16:57:06
1255,19,70,16,,,126.82954611449205,37.195883792842736,126.83881364528516,37.208848063880524,2024-10-24 16:57:34
1256,55,42,16,,,126.83061110076778,37.20956805132097,126.83100257754093,37.19525559252674,2024-10-24 16:57:37
1257,28,32,16,,,126.82996260544097,37.20394314718163,126.83285235467298,37.20128500561803,2024-10-24 16:57:48
1258,70,33,16,,,126.83765518085785,37.2094705978899,126.82875398050592,37.201186462030435,2024-10-24 16:58:08
1259,72,70,16,,,126.81157045872449,37.20691684299526,126.83853949850113,37.20980633390448,2024-10-24 16:59:29
1260,51,1,17,,,126.82020933281645,37.21096877374629,126.81533190032152,37.197162317500656,2024-10-24 17:01:17
1261,16,19,17,,,126.82296212090054,37.19361728058903,126.82915553318105,37.19592972618113,2024-10-24 17:01:30
1262,14,27,17,,,126.82041017741437,37.207190344138,126.82589359747763,37.1996679286509,2024-10-24 17:01:32
1263,29,4,17,,,126.82753523981233,37.202203777407355,126.82134057107456,37.20857699645426,2024-10-24 17:01:41
1264,60,41,17,,,126.833214971317,37.212362950025145,126.83500520078505,37.19775472021784,2024-10-24 17:02:14
1265,53,57,17,,,126.83009761031671,37.205429393019564,126.83278816830874,37.205071221545246,2024-10-24 17:02:57
1266,31,54,17,,,126.828480520763,37.19806658805794,126.8332344551361,37.21024634217794,2024-10-24 17:03:45
1267,72,70,17,,,126.81137041648802,37.207220541245526,126.83711967850715,37.20883501667639,2024-10-24 17:04:05
1268,11,58,17,,,126.81509386921451,37.207633840481485,126.83491444447489,37.207633272102434,2024-10-24 17:04:28
1269,37,72,17,,,126.82098426568812,37.19762138635796,126.81151400417274,37.20713697388496,2024-10-24 17:04:33
1270,5,44,17,,,126.82745895044583,37.20498577525072,126.82018298920804,37.18903978240925,2024-10-24 17:04:49
1271,54,17,17,,,126.83316428445055,37.20948458844931,126.82656512215144,37.196324391562506,2024-10-24 17:06:11
1272,63,42,17,,,126.83533855664201,37.21141214065597,126.83162966862936,37.196222960952845,2024-10-24 17:07:28
1273,56,17,17,,,126.83453729025302,37.206165738185916,126.8264450746088,37.19670144363363,2024-10-24 17:07:42
1274,47,44,17,,,126.82837225490816,37.21148482542243,126.8202129561773,37.1889369782151,2024-10-24 17:07:57
1275,59,46,17,,,126.83207676596025,37.207145037350784,126.83012999389406,37.21168084807881,2024-10-24 17:08:07
1276,50,37,17,,,126.82166409284505,37.21221414409357,126.8205114350294,37.1968767525725,2024-10-24 17:08:47
1277,50,43,17,,,126.82222898431755,37.21246273281032,126.82249715452205,37.1905844815254,2024-10-24 17:08:53
1278,17,54,17,,,126.82601860945564,37.19756620408731,126.83212545230077,37.2107720099055,2024-10-24 17:09:00
1279,45,37,17,,,126.82481033379264,37.212617977454194,126.8209413728497,37.19739340176067,2024-10-24 17:09:20
1280,33,56,17,,,126.82951014479146,37.201336805929024,126.83451519198522,37.20493019785883,2024-10-24 17:09:31
1281,21,12,17,,,126.8194323037797,37.19723845095113,126.82018771190566,37.20410076820938,2024-10-24 17:09:55
1282,42,20,17,,,126.83230751838586,37.195754755378324,126.8149960468941,37.19171803103009,2024-10-24 17:09:58
1283,32,54,17,,,126.83185450672585,37.20217843226646,126.83169627000677,37.20996569973033,2024-10-24 17:10:05
1284,17,58,17,,,126.82563945411589,37.19609214966804,126.83528212981119,37.20944620067825,2024-10-24 17:10:28
1285,46,20,17,,,126.82951979124583,37.21113301066906,126.81504626276039,37.19188926324577,2024-10-24 17:11:07
1286,33,56,17,,,126.83025499472383,37.20127712843457,126.83570158736123,37.20549058368984,2024-10-24 17:11:10
1287,62,28,17,,,126.83731220834157,37.212338342827614,126.82951325529643,37.20391276680077,2024-10-24 17:11:12
1288,56,41,17,,,126.8358591446965,37.20477234011527,126.8344257219868,37.196873218571454,2024-10-24 17:11:31
1289,11,70,17,,,126.81523916511192,37.207833878692036,126.83737061867156,37.20875825913992,2024-10-24 17:12:12
1290,17,54,17,,,126.82708428280002,37.197716052420105,126.83300460035653,37.210579193031776,2024-10-24 17:12:26
1291,43,28,17,,,126.82347123510961,37.19058781290813,126.82918355916432,37.202815592262915,2024-10-24 17:12:30
1292,10,33,17,,,126.8173082539135,37.20941752999227,126.82981882765776,37.20114054299351,2024-10-24 17:16:17
1293,38,7,17,,,126.82412092970212,37.20157570453623,126.82654059967666,37.208420046373476,2024-10-24 17:17:36
1294,42,64,17,,,126.83182337812711,37.195837720051344,126.84161398653472,37.20416379107555,2024-10-24 17:18:36
1295,66,33,17,,,126.83642608985474,37.20354890713531,126.82998814168141,37.19975601976851,2024-10-24 17:19:25
1296,70,17,17,,,126.83741337373718,37.20906983949811,126.82701482548538,37.196916681628,2024-10-24 17:19:37
1297,24,20,17,,,126.81863795047776,37.191651759787945,126.81600320465337,37.1934351677144,2024-10-24 17:19:47
1298,42,70,17,,,126.83242351789649,37.196174617815245,126.8383516180745,37.20956726228486,2024-10-24 17:19:54
1299,43,29,17,,,126.82364364443615,37.19071207814305,126.82722437341884,37.202002662181414,2024-10-24 17:21:35
1300,20,14,17,,,126.81496531761994,37.1934030813684,126.82042195956107,37.207500863447684,2024-10-24 17:21:38
1301,69,30,17,,,126.83790979011467,37.205798470523824,126.83180456447529,37.19877587484852,2024-10-24 17:22:15
1302,56,31,17,,,126.83467829194186,37.205630344890196,126.82956257011386,37.19776417717164,2024-10-24 17:22:23
1303,70,33,17,,,126.83795158978872,37.20908625916243,126.829168485158,37.2007279101785,2024-10-24 17:22:59
1304,70,10,17,,,126.83741777499432,37.20887278373462,126.81641369436647,37.21027711784526,2024-10-24 17:23:10
1305,50,29,17,,,126.82198874269072,37.21084492799442,126.82609067976139,37.20288943799605,2024-10-24 17:23:21
1306,32,56,17,,,126.83295427302612,37.20144921478863,126.83408392696992,37.206391522764484,2024-10-24 17:23:32
1307,16,4,17,,,126.82397288326138,37.19271395313354,126.82153373012933,37.20772801566886,2024-10-24 17:23:40
1308,70,33,17,,,126.83812180682625,37.21013083279743,126.82992252680128,37.20026947689358,2024-10-24 17:23:42
1309,67,57,17,,,126.83485233388868,37.20344633114923,126.83247373268094,37.20509250904304,2024-10-24 17:23:48
1310,54,19,17,,,126.83267315725517,37.20951458916589,126.82834983416294,37.19549193693608,2024-10-24 17:24:02
1311,10,40,17,,,126.81701730905712,37.210134128415895,126.83043566284381,37.19314575614561,2024-10-24 17:24:04
1312,50,17,17,,,126.82226324998771,37.210778541639066,126.82645186166495,37.19774480371028,2024-10-24 17:24:45
1313,9,62,17,,,126.81318428095086,37.20537261266025,126.8383395771739,37.21208824960214,2024-10-24 17:24:57
1314,54,33,17,,,126.83204213998238,37.21058974030739,126.82852892238684,37.2010128342607,2024-10-24 17:25:01
1315,11,58,17,,,126.81521664189674,37.20885694105105,126.83601483124325,37.2090762463554,2024-10-24 17:25:07
1316,17,54,17,,,126.82694511892052,37.19771108833835,126.83237813021528,37.20928811236684,2024-10-24 17:25:23
1317,10,56,17,,,126.81698263092312,37.20902871550331,126.83415414857663,37.20569628449117,2024-10-24 17:25:27
1318,33,56,17,,,126.82913319465493,37.19984267942167,126.834737757736,37.20647174028556,2024-10-24 17:25:39
1319,69,30,17,,,126.83723909727905,37.20686442236186,126.83175176206454,37.198126380114715,2024-10-24 17:25:47
1320,68,20,17,,,126.83952113213103,37.201367544524594,126.8153719677114,37.192161768403665,2024-10-24 17:25:58
1321,56,33,17,,,126.83522582623469,37.20551903599376,126.82860100850074,37.199835794684546,2024-10-24 17:27:03
1322,58,17,17,,,126.83546643348942,37.208170849215875,126.82738066584976,37.19766991787712,2024-10-24 17:27:19
1323,56,41,17,,,126.83586387141789,37.20603299352503,126.83502065558804,37.19767881959795,2024-10-24 17:27:20
1324,57,68,17,,,126.8328996449432,37.20380764533773,126.8393878827405,37.2026232454268,2024-10-24 17:27:35
1325,17,12,17,,,126.82671714044962,37.19692704945274,126.81921970836227,37.20536231040032,2024-10-24 17:28:06
1326,69,30,17,,,126.83798617149412,37.20625695305095,126.83274657439242,37.19910690723575,2024-10-24 17:28:45
1327,70,33,17,,,126.83744543913176,37.20986644269337,126.82881680296316,37.200494411365696,2024-10-24 17:29:33
1328,18,59,17,,,126.8230902325082,37.19520980698503,126.83151702574192,37.207502752082135,2024-10-24 17:30:05
1329,17,54,17,,,126.826642879906,37.197682067952584,126.83274252179551,37.2095150542588,2024-10-24 17:31:07
1330,64,36,17,,,126.84322525967245,37.203205300468504,126.82372780348106,37.198517702443574,2024-10-24 17:32:04
1331,34,47,17,,,126.8220399648092,37.202302600604064,126.8268841800165,37.21042251400089,2024-10-24 17:32:15
1332,66,11,17,,,126.83712539129168,37.204090031805656,126.81485885278687,37.20861010888414,2024-10-24 17:33:46
1333,56,31,17,,,126.8353181915385,37.20616746665172,126.82817143839645,37.197964549884276,2024-10-24 17:33:50
1334,58,33,17,,,126.8360178854784,37.207920298188114,126.82978987008924,37.19972522990104,2024-10-24 17:33:56
1335,58,32,17,,,126.8356690785804,37.20801643586851,126.83150060549039,37.20096257805781,2024-10-24 17:34:54
1336,41,56,17,,,126.83327089048797,37.197661869819896,126.83507203870197,37.20516199366087,2024-10-24 17:34:59
1337,7,12,17,,,126.82765073824181,37.20892220063571,126.8184693446665,37.20556461748639,2024-10-24 17:35:08
1338,70,33,17,,,126.838345617629,37.209445986509394,126.82835148002165,37.200026984566136,2024-10-24 17:35:10
1339,20,47,17,,,126.81651029714234,37.19205015578137,126.82752426923449,37.21065626059678,2024-10-24 17:36:25
1340,59,41,17,,,126.83335280855442,37.207471017664915,126.83409661313819,37.19625915232516,2024-10-24 17:36:54
1341,23,32,17,,,126.82047599642767,37.192744324114386,126.83194704711704,37.202157407434946,2024-10-24 17:37:17
1342,47,15,17,,,126.82813059596869,37.21125166571085,126.81761873168496,37.20635764971063,2024-10-24 17:37:37
1343,33,56,17,,,126.82945010602623,37.200590022793534,126.83430724483104,37.20647266351477,2024-10-24 17:37:56
1344,47,13,17,,,126.82818826776654,37.211073992653134,126.81662737283216,37.20375899800182,2024-10-24 17:38:08
1345,54,25,17,,,126.83331106143422,37.20933014857164,126.82109475842263,37.19513483076422,2024-10-24 17:38:55
1346,54,14,17,,,126.83347423815886,37.20960427686695,126.81917409553624,37.206973568903265,2024-10-24 17:41:04
1347,32,11,17,,,126.83288603009788,37.20195666036547,126.81404804099037,37.2090740272171,2024-10-24 17:41:10
1348,72,33,17,,,126.81245553880467,37.207881551370335,126.82976750351445,37.201535054732325,2024-10-24 17:41:56
1349,70,19,17,,,126.83700264886963,37.21002530534999,126.82805565634892,37.19572320252516,2024-10-24 17:42:38
1350,70,17,17,,,126.83839303241653,37.21023419748704,126.8264772874932,37.19745040121902,2024-10-24 17:43:22
1351,59,15,17,,,126.8329827917818,37.20788099709032,126.8161905328738,37.207108420026245,2024-10-24 17:45:07
1352,68,34,17,,,126.8393000902528,37.201661302198985,126.8208780213589,37.20267844581191,2024-10-24 17:45:08
1353,59,33,17,,,126.83245723707668,37.20737357568575,126.8299332365722,37.200750659093885,2024-10-24 17:45:11
1354,17,54,17,,,126.82708943518705,37.197163367403036,126.83228005310109,37.21008398710121,2024-10-24 17:45:27
1355,31,59,17,,,126.83004190028402,37.198765533035555,126.83242857828515,37.20716662482311,2024-10-24 17:45:50
1356,56,33,17,,,126.83393430139711,37.20537780208249,126.82965846433414,37.20101410068854,2024-10-24 17:46:21
1357,58,37,17,,,126.83473858469165,37.20811256637379,126.82178108955472,37.19767006894854,2024-10-24 17:46:22
1358,56,31,17,,,126.83479664144845,37.20659527738742,126.8286713999202,37.197958117420825,2024-10-24 17:46:54
1359,36,25,17,,,126.82300191901156,37.19879390403729,126.82102318139188,37.19513777940992,2024-10-24 17:46:57
1360,69,13,17,,,126.83720407945401,37.20585471575259,126.81560260550523,37.203382880866585,2024-10-24 17:46:58
1361,43,62,17,,,126.82334255078003,37.18978347950444,126.83733066688231,37.21205864234561,2024-10-24 17:46:59
1362,69,30,17,,,126.83726618946652,37.2070739378711,126.83230485263046,37.19893646581373,2024-10-24 17:47:09
1363,14,4,17,,,126.81877202434107,37.20689991334006,126.8230598183457,37.2080935633889,2024-10-24 17:47:35
1364,71,68,17,,,126.83942849151056,37.205021104761656,126.84015245850797,37.202171251688895,2024-10-24 17:48:00
1365,10,17,17,,,126.81742885138472,37.20847227416805,126.82736812269079,37.19617906542779,2024-10-24 17:48:07
1366,11,58,17,,,126.81497666928806,37.208320942274575,126.8350370362345,37.20925755699887,2024-10-24 17:48:27
1367,58,16,17,,,126.83532037941032,37.208990598930406,126.82409943323545,37.19338629907499,2024-10-24 17:48:42
1368,54,33,17,,,126.83223560200749,37.20957656953423,126.82938852635546,37.20146910344738,2024-10-24 17:48:51
1369,54,33,17,,,126.83209991919738,37.209390845930855,126.82972978555887,37.20067417340799,2024-10-24 17:49:31
1370,32,58,17,,,126.83248228112274,37.202522114474974,126.8350180881961,37.208289874153145,2024-10-24 17:49:41
1371,28,51,17,,,126.82861850726994,37.20343928288829,126.81892841694335,37.210775405804114,2024-10-24 17:49:56
1372,5,48,17,,,126.82796964015562,37.20475559547602,126.83102379084845,37.214828743920016,2024-10-24 17:51:23
1373,31,58,17,,,126.82813531856289,37.19740613997696,126.83502399563312,37.208535479190445,2024-10-24 17:52:22
1374,6,11,17,,,126.82463359306978,37.20450446322599,126.81519039778333,37.20792852266898,2024-10-24 17:53:46
1375,33,58,17,,,126.82883962742454,37.19967067621428,126.83580156561194,37.20937070779439,2024-10-24 17:54:00
1376,51,34,17,,,126.81988101709094,37.2107389668169,126.82252519648233,37.202992411438366,2024-10-24 17:54:08
1377,27,41,17,,,126.82744330431589,37.19971552176464,126.83461409428988,37.19708016634721,2024-10-24 17:54:35
1378,72,28,17,,,126.81157645777648,37.20766041809603,126.82960378411309,37.20435564627268,2024-10-24 17:56:14
1379,58,33,17,,,126.83548929435058,37.20759511194848,126.82907953934296,37.20160992796536,2024-10-24 17:56:40
1380,33,56,17,,,126.82942200723045,37.200429321929626,126.83556122631873,37.20472738512183,2024-10-24 17:56:49
1381,33,58,17,,,126.8293024743483,37.200836199373036,126.83458211991235,37.20893836664826,2024-10-24 17:56:58
1382,56,1,17,,,126.8346679598215,37.20535256398283,126.81557137398293,37.197505831620006,2024-10-24 17:56:59
1383,56,31,17,,,126.83562227720715,37.205498842620585,126.82969509407022,37.19863979493267,2024-10-24 17:58:23
1384,33,56,17,,,126.82898510686175,37.2007163849575,126.83509008749054,37.206509225284364,2024-10-24 17:59:13
1385,10,38,17,,,126.81642976506402,37.21025646980191,126.82361972272811,37.20180974587055,2024-10-24 17:59:28
1386,58,19,18,,,126.83508731921707,37.20780212530453,126.82960375016057,37.19541844121713,2024-10-24 18:00:54
1387,58,33,18,,,126.83476477976971,37.208302663697204,126.83010002776969,37.19979280400225,2024-10-24 18:01:17
1388,54,17,18,,,126.83199776979231,37.21089816616033,126.82597549122427,37.19732862533189,2024-10-24 18:01:24
1389,11,17,18,,,126.81513637011496,37.20854792849339,126.82688451887545,37.195839259105085,2024-10-24 18:01:26
1390,31,59,18,,,126.82938443464877,37.19869651034238,126.83326133712563,37.20763103231232,2024-10-24 18:01:34
1391,10,17,18,,,126.81761725347873,37.20885505603467,126.82575758989006,37.19708698166688,2024-10-24 18:01:59
1392,67,67,18,,,126.83435986944171,37.20344085537961,126.8341377804445,37.20205516288084,2024-10-24 18:02:10
1393,70,42,18,,,126.83715282579576,37.20955414075313,126.8309616563134,37.195351511857616,2024-10-24 18:02:51
1394,69,30,18,,,126.83770829924163,37.20726390506637,126.83248186112553,37.19972356416693,2024-10-24 18:03:11
1395,58,33,18,,,126.83433840651263,37.20812635471411,126.82917784928267,37.20136104192452,2024-10-24 18:03:28
1396,37,72,18,,,126.82033247116347,37.19688332480229,126.81205379287485,37.206696450001225,2024-10-24 18:03:43
1397,1,41,18,,,126.81680819952366,37.19834513859575,126.83380988952095,37.19672982479598,2024-10-24 18:04:23
1398,10,17,18,,,126.81660613546293,37.208966071888135,126.82731579640006,37.1958968036354,2024-10-24 18:05:43
1399,58,33,18,,,126.83416083130528,37.20770883358199,126.82834604387045,37.199889607869295,2024-10-24 18:05:58
1400,17,54,18,,,126.82680258382138,37.19741844197307,126.83237560111772,37.21020614352168,2024-10-24 18:06:51
1401,20,35,18,,,126.81570216097256,37.19176268112121,126.81968505763514,37.20291268757785,2024-10-24 18:07:33
1402,11,17,18,,,126.81417347388516,37.20789011320954,126.8273322501262,37.19713511713667,2024-10-24 18:07:42
1403,72,47,18,,,126.81152008407153,37.20787319225749,126.82806350173047,37.21067863561177,2024-10-24 18:08:23
1404,56,41,18,,,126.83450954701358,37.20601154716754,126.83409126394042,37.196693262289116,2024-10-24 18:08:43
1405,20,16,18,,,126.81506957982673,37.191453187849966,126.82364908346405,37.19248478826301,2024-10-24 18:09:17
1406,33,56,18,,,126.82894081259353,37.20018659488581,126.83490715094308,37.20659995249691,2024-10-24 18:09:40
1407,41,56,18,,,126.83342295608334,37.19644326374685,126.83427003963634,37.20637926551219,2024-10-24 18:10:06
1408,58,33,18,,,126.83502361136625,37.20893621696561,126.82835352893477,37.2006358765389,2024-10-24 18:10:24
1409,56,32,18,,,126.83496328713036,37.20650425451828,126.83116716597338,37.20204095550438,2024-10-24 18:10:35
1410,1,43,18,,,126.81631873009715,37.1975901768888,126.82250082728683,37.189870166028335,2024-10-24 18:10:57
1411,33,70,18,,,126.83030340350919,37.20029686870329,126.83712126269145,37.21006688012604,2024-10-24 18:11:15
1412,42,8,18,,,126.83219602736999,37.196615266458465,126.82494281231261,37.20707708837782,2024-10-24 18:11:29
1413,58,33,18,,,126.83455153842992,37.20917667866266,126.82961375302949,37.20096302930777,2024-10-24 18:12:50
1414,1,55,18,,,126.81671035507817,37.197132691966374,126.82995731416479,37.208733597614284,2024-10-24 18:13:06
1415,67,9,18,,,126.83466877140242,37.20213985248292,126.81498864167776,37.20602887182144,2024-10-24 18:13:37
1416,62,64,18,,,126.83854174046081,37.21192029804086,126.8417747498414,37.20358759126277,2024-10-24 18:14:08
1417,43,18,18,,,126.82421696484288,37.190225528931805,126.8238628149643,37.19574102340373,2024-10-24 18:14:29
1418,33,56,18,,,126.82902287674459,37.20060764771113,126.83525031279567,37.2058556682219,2024-10-24 18:16:01
1419,72,56,18,,,126.81158919381494,37.207845628813814,126.83425125329912,37.20521643589286,2024-10-24 18:16:44
1420,67,65,18,,,126.8340016108627,37.20254131204378,126.83524900508095,37.20066746699525,2024-10-24 18:17:48
1421,33,56,18,,,126.82921622676032,37.20013675411516,126.83507453586279,37.205139555212305,2024-10-24 18:17:52
1422,33,58,18,,,126.8298374012153,37.20089164600562,126.83475910010097,37.20798617048314,2024-10-24 18:17:58
1423,72,70,18,,,126.81215155757472,37.206920874788864,126.83814872370897,37.2092608161116,2024-10-24 18:18:09
1424,12,19,18,,,126.81989380713983,37.20552155085109,126.82880837168537,37.19591581959752,2024-10-24 18:18:42
1425,58,33,18,,,126.83493244021369,37.20753268903203,126.82976350174778,37.2006924943073,2024-10-24 18:19:51
1426,47,9,18,,,126.82788806009246,37.20989906027154,126.81389087188657,37.205803185728854,2024-10-24 18:22:26
1427,10,22,18,,,126.81748464982019,37.21000293067005,126.81638075537379,37.1958738229706,2024-10-24 18:22:28
1428,33,56,18,,,126.82857811244479,37.201421576368304,126.8349695773099,37.205277554066534,2024-10-24 18:23:09
1429,59,15,18,,,126.83246291945507,37.20725399897442,126.81715661753358,37.20669827461599,2024-10-24 18:23:28
1430,58,19,18,,,126.83429661859232,37.20796837501083,126.8280940601006,37.19504171789204,2024-10-24 18:24:15
1431,58,33,18,,,126.83605936269005,37.208839979186514,126.82992355484734,37.20101598744233,2024-10-24 18:24:37
1432,70,42,18,,,126.83740297917458,37.20885359439345,126.83156267709045,37.195998428975614,2024-10-24 18:24:41
1433,10,17,18,,,126.81778161581711,37.209681606486605,126.82708524039359,37.196563430342756,2024-10-24 18:24:48
1434,56,31,18,,,126.83503484386199,37.20559579866621,126.82960320255714,37.197696426799496,2024-10-24 18:26:29
1435,11,40,18,,,126.81516176463883,37.20911214811736,126.83219938765905,37.1929016741986,2024-10-24 18:26:49
1436,31,58,18,,,126.82997973557985,37.19860306566448,126.8345820537362,37.20922733746301,2024-10-24 18:26:51
1437,53,34,18,,,126.82924259773527,37.205807226100994,126.82150597240242,37.20359600172931,2024-10-24 18:27:13
1438,10,68,18,,,126.81718913900161,37.20884687418068,126.83958025604508,37.20215356158644,2024-10-24 18:27:52
1439,17,54,18,,,126.82607106387576,37.19762263468122,126.83350898082148,37.21003820649343,2024-10-24 18:28:11
1440,58,33,18,,,126.83560723609598,37.20915588712413,126.82942288242792,37.20085746196552,2024-10-24 18:28:22
1441,58,19,18,,,126.83472837450083,37.2092121652964,126.82877618541592,37.19520924553351,2024-10-24 18:28:24
1442,45,67,18,,,126.82455662027411,37.21342246235496,126.83387301038024,37.20282344584655,2024-10-24 18:28:25
1443,58,66,18,,,126.83436696095016,37.20923693579123,126.83766215550706,37.20415333494797,2024-10-24 18:28:28
1444,10,56,18,,,126.81622380513929,37.2087742791101,126.83445782437674,37.20507113656943,2024-10-24 18:28:52
1445,58,17,18,,,126.83506239245331,37.208284693411166,126.82703126896186,37.1972102602403,2024-10-24 18:29:00
1446,32,11,18,,,126.83129772817152,37.20194729018374,126.81366615701972,37.20917319904485,2024-10-24 18:29:16
1447,32,59,18,,,126.83219939134267,37.20245918017709,126.83201358205467,37.20836819249723,2024-10-24 18:29:26
1448,58,33,18,,,126.83584945818473,37.20914283402179,126.82848646047182,37.2007429479344,2024-10-24 18:29:44
1449,2,13,18,,,126.8227431746294,37.205713667018756,126.8161086054518,37.203111673369904,2024-10-24 18:29:46
1450,38,56,18,,,126.8249591987116,37.20055176053547,126.83479176908361,37.20563274084679,2024-10-24 18:29:47
1451,70,11,18,,,126.83874402741723,37.21013750306949,126.81527523076531,37.208768661989104,2024-10-24 18:29:53
1452,59,11,18,,,126.83148926141403,37.20777280647807,126.81371031384708,37.20783315487957,2024-10-24 18:30:36
1453,58,33,18,,,126.8345357563093,37.208629107140894,126.82998195044303,37.200804643787855,2024-10-24 18:30:41
1454,28,6,18,,,126.83000868966066,37.203438051381426,126.82476761638914,37.203656492622464,2024-10-24 18:30:49
1455,50,18,18,,,126.82284246460696,37.21115034461178,126.82463604490032,37.196157631709596,2024-10-24 18:30:55
1456,32,54,18,,,126.83198752382995,37.202401019625704,126.83207817915228,37.209642442393424,2024-10-24 18:30:58
1457,49,69,18,,,126.82806853710007,37.21432415442778,126.8385046576035,37.20663182631073,2024-10-24 18:31:25
1458,31,71,18,,,126.82949274357857,37.19724681804396,126.83985748345478,37.204326168444254,2024-10-24 18:31:34
1459,56,33,18,,,126.83572314513022,37.20551763033081,126.82861148645473,37.200621005594705,2024-10-24 18:31:57
1460,67,25,18,,,126.83410326581519,37.2024345280809,126.82007334213316,37.19370244137055,2024-10-24 18:33:42
1461,10,17,18,,,126.8164863308233,37.21010739206439,126.82701899393751,37.1960141939085,2024-10-24 18:33:53
1462,56,32,18,,,126.83483577945935,37.205326408987744,126.8323716988414,37.20119496514643,2024-10-24 18:35:02
1463,10,17,18,,,126.81717101659521,37.20966669661079,126.82645613972109,37.197319871965554,2024-10-24 18:35:37
1464,11,32,18,,,126.81460380936936,37.20802651374172,126.83280553996704,37.20214773832577,2024-10-24 18:37:43
1465,33,56,18,,,126.82867301782376,37.19974803284226,126.83489440936334,37.20498265229013,2024-10-24 18:38:11
1466,69,30,18,,,126.83710989882356,37.20617190655793,126.83148552678256,37.19861157719653,2024-10-24 18:38:21
1467,32,43,18,,,126.83243639261735,37.20098120575939,126.82411368823138,37.18992875162047,2024-10-24 18:38:43
1468,56,41,18,,,126.8340617947476,37.20473837584174,126.8334510646698,37.1962861450861,2024-10-24 18:38:48
1469,50,37,18,,,126.82310593185996,37.210759154071944,126.82082665468673,37.198026719637,2024-10-24 18:38:51
1470,49,59,18,,,126.82696159829624,37.214521052862,126.83150539656899,37.20702485426593,2024-10-24 18:40:18
1471,50,1,18,,,126.82203822801566,37.21181652628129,126.81636099526968,37.197164977618094,2024-10-24 18:40:33
1472,33,56,18,,,126.82850483222158,37.200178234052224,126.83457445478925,37.204760423920234,2024-10-24 18:40:46
1473,59,33,18,,,126.83287804588959,37.208084685180204,126.83008062016424,37.200602717426854,2024-10-24 18:41:06
1474,18,50,18,,,126.82381669480583,37.19614745577973,126.82276979437115,37.21115405035929,2024-10-24 18:41:06
1475,33,56,18,,,126.83026932112483,37.200427658215176,126.83417320621554,37.20598544333524,2024-10-24 18:42:18
1476,12,17,18,,,126.81987190709675,37.20442303039035,126.8269842542453,37.197058499242495,2024-10-24 18:43:06
1477,33,56,18,,,126.82833491386195,37.2005821110872,126.83455522166743,37.204909329165,2024-10-24 18:44:11
1478,58,19,18,,,126.83570543365457,37.20838441248978,126.82795670655133,37.195720648403764,2024-10-24 18:45:09
1479,54,50,18,,,126.83240680207938,37.209385697488884,126.82227025900214,37.21090025619637,2024-10-24 18:45:25
1480,58,19,18,,,126.83574874760609,37.208358550413564,126.8297024129723,37.194717497517075,2024-10-24 18:45:45
1481,33,56,18,,,126.82867501312126,37.20004450920398,126.83396627594061,37.20622784636228,2024-10-24 18:46:13
1482,58,33,18,,,126.83586834786074,37.20926880088648,126.82843568274188,37.20012959443647,2024-10-24 18:46:19
1483,11,33,18,,,126.81505981712235,37.20750124085416,126.82909121540713,37.20138107714266,2024-10-24 18:46:46
1484,1,38,18,,,126.81680450954946,37.19860834378272,126.82488922017498,37.201140232966225,2024-10-24 18:46:47
1485,33,56,18,,,126.82873870870557,37.20046089229561,126.83475531161027,37.20540991020354,2024-10-24 18:47:18
1486,40,72,18,,,126.8312422622586,37.19342160693647,126.81208139507655,37.20640098384168,2024-10-24 18:48:24
1487,59,41,18,,,126.83336725430117,37.20780054796918,126.8345820149142,37.197862116770374,2024-10-24 18:49:21
1488,72,40,18,,,126.81095045861457,37.20791698749886,126.83196506441548,37.19302737171069,2024-10-24 18:50:00
1489,62,60,18,,,126.8379878815505,37.21207589474572,126.83222020077167,37.21395109495765,2024-10-24 18:50:08
1490,54,43,18,,,126.83229209103898,37.210806180885676,126.82253628347053,37.19042835803357,2024-10-24 18:50:14
1491,58,33,18,,,126.83510652445712,37.20866242948239,126.83026211716177,37.20090278161334,2024-10-24 18:50:48
1492,54,33,18,,,126.83198015774828,37.21110233940406,126.8299164742198,37.20026287618561,2024-10-24 18:51:22
1493,12,6,18,,,126.81866818456157,37.20425958258438,126.82522446424825,37.20491562631882,2024-10-24 18:51:39
1494,19,10,18,,,126.82914937414142,37.19413902640296,126.81759221574845,37.209598575022774,2024-10-24 18:52:01
1495,27,19,18,,,126.82681757498993,37.19884524464474,126.82974502556142,37.194855461167094,2024-10-24 18:52:05
1496,58,33,18,,,126.83508105764426,37.208385505713004,126.82864648436377,37.19970941652081,2024-10-24 18:52:32
1497,70,17,18,,,126.83838304571468,37.20976067438636,126.82705283990232,37.19766440722949,2024-10-24 18:53:21
1498,11,17,18,,,126.81405190727662,37.20913107789938,126.82704835017866,37.19720098269984,2024-10-24 18:53:32
1499,51,34,18,,,126.81883611292578,37.20953045917818,126.82147091974535,37.20395804713269,2024-10-24 18:54:29
1500,11,27,18,,,126.81470727616265,37.20913882986952,126.82610889439846,37.20016266415619,2024-10-24 18:54:32
1501,33,56,18,,,126.82981075705817,37.20086224699628,126.83441604347377,37.20473394303618,2024-10-24 18:54:46
1502,58,19,18,,,126.8345032542509,37.20783303806973,126.82907429486539,37.195528887395696,2024-10-24 18:55:17
1503,56,31,18,,,126.83428144137307,37.20537939135741,126.82827611619219,37.19811165815158,2024-10-24 18:55:21
1504,31,54,18,,,126.82865381592732,37.19750544650976,126.83240708755089,37.20936227239533,2024-10-24 18:56:26
1505,33,58,18,,,126.82903545779392,37.200227784163445,126.83593866482198,37.208318826639655,2024-10-24 18:56:59
1506,10,17,18,,,126.8162340418406,37.20861938264355,126.82727149034108,37.19723860105578,2024-10-24 18:57:31
1507,10,17,18,,,126.81745512510786,37.208422727082926,126.825516273992,37.19733410773161,2024-10-24 18:58:11
1508,36,29,18,,,126.82421833822674,37.19935003795445,126.82623132589015,37.20228049675751,2024-10-24 18:58:14
1509,32,58,18,,,126.83153163146333,37.202373329574336,126.8348972264995,37.208951540661026,2024-10-24 18:58:50
1510,58,19,18,,,126.83500067731049,37.208805472126954,126.82865605680459,37.194070659195376,2024-10-24 18:59:30
1511,69,30,18,,,126.83793322632185,37.20675449016593,126.8326283090263,37.19934373860319,2024-10-24 18:59:38
1512,17,54,19,,,126.82737152057129,37.196675934562705,126.83364988858236,37.21080424961806,2024-10-24 19:00:21
1513,70,31,19,,,126.83696619551289,37.20926516359065,126.82832059985536,37.19691032081601,2024-10-24 19:00:27
1514,56,17,19,,,126.83394829304744,37.20508596082235,126.82724841682561,37.196331909209235,2024-10-24 19:00:38
1515,33,56,19,,,126.8301866369974,37.19990634921724,126.8339466768752,37.2050024060958,2024-10-24 19:01:16
1516,70,33,19,,,126.83738693496716,37.20893777503864,126.82883827108239,37.200103672945254,2024-10-24 19:02:01
1517,31,54,19,,,126.82832570569695,37.197895840636434,126.83242080794588,37.20980332367846,2024-10-24 19:02:44
1518,67,45,19,,,126.83552430711678,37.202819085640755,126.82545074651743,37.212859170062394,2024-10-24 19:02:52
1519,56,41,19,,,126.83435782612028,37.20641052417628,126.83407592446511,37.19675182134021,2024-10-24 19:02:58
1520,60,70,19,,,126.8325194829792,37.21213019404482,126.83873821590193,37.20941122555504,2024-10-24 19:03:00
1521,17,54,19,,,126.82728830551179,37.197282760127685,126.83281675898498,37.21009094826568,2024-10-24 19:03:15
1522,31,60,19,,,126.82870054919776,37.198723926949164,126.83226230352872,37.212576176278816,2024-10-24 19:03:19
1523,33,56,19,,,126.82935778095623,37.201580368478126,126.83491400731045,37.206144036440094,2024-10-24 19:03:36
1524,58,33,19,,,126.8353854498928,37.208061596750134,126.82966940229237,37.19979736338258,2024-10-24 19:03:44
1525,56,31,19,,,126.83540067658514,37.20581924846056,126.82995734807133,37.19710514745925,2024-10-24 19:04:27
1526,41,70,19,,,126.8340507879064,37.197164298298695,126.8385910449912,37.20900701021026,2024-10-24 19:04:28
1527,58,33,19,,,126.83537221258047,37.20901015354569,126.82956497089253,37.20119398000529,2024-10-24 19:04:58
1528,56,41,19,,,126.83430248334348,37.206476909736445,126.83336148857619,37.19685440454579,2024-10-24 19:05:04
1529,33,56,19,,,126.82952798301972,37.201279624912615,126.83399869699606,37.205446515023446,2024-10-24 19:05:46
1530,29,61,19,,,126.82667072569822,37.20260371799098,126.83326395959155,37.21506672199636,2024-10-24 19:08:06
1531,27,51,19,,,126.8266559137104,37.20052112234784,126.82008360615806,37.21047767134339,2024-10-24 19:08:49
1532,20,15,19,,,126.81556175736455,37.192399542385395,126.81683918057121,37.20626154562841,2024-10-24 19:08:52
1533,72,56,19,,,126.81090345650986,37.2079414483186,126.8349738391306,37.205022201546804,2024-10-24 19:09:51
1534,1,67,19,,,126.81617556610595,37.198583696136374,126.83396038859773,37.20340165577648,2024-10-24 19:10:20
1535,33,70,19,,,126.82867961122989,37.20023648631337,126.83712718794078,37.21007613868151,2024-10-24 19:11:28
1536,46,55,19,,,126.83028575267605,37.212492222278236,126.83080953492352,37.20896002139188,2024-10-24 19:11:28
1537,54,33,19,,,126.83346242477899,37.21001980055944,126.82983920386042,37.20107238221447,2024-10-24 19:11:50
1538,70,36,19,,,126.83792774310946,37.209219164284775,126.82298801789794,37.19786141520766,2024-10-24 19:11:53
1539,58,33,19,,,126.83415765663382,37.20767466778189,126.8295000463744,37.20109238165268,2024-10-24 19:13:08
1540,56,31,19,,,126.83504014380377,37.20596259613532,126.82922050173767,37.1982150528414,2024-10-24 19:13:13
1541,66,30,19,,,126.8370528997289,37.20447846918253,126.83216460798296,37.199266649046514,2024-10-24 19:13:44
1542,54,33,19,,,126.83287091575913,37.21011307317695,126.8296979634982,37.199697532096685,2024-10-24 19:14:22
1543,53,65,19,,,126.82978309431284,37.20646721663015,126.83493845603084,37.19910253907904,2024-10-24 19:14:31
1544,56,17,19,,,126.8348963470513,37.205111435180505,126.82596713216229,37.19649563859908,2024-10-24 19:15:05
1545,33,54,19,,,126.82899226914175,37.201466271699864,126.83301277610357,37.20928511392255,2024-10-24 19:15:53
1546,17,70,19,,,126.82597469043617,37.19647031451168,126.83824844213555,37.21010910782439,2024-10-24 19:15:57
1547,37,72,19,,,126.82143280482083,37.1979278711891,126.812146647107,37.20716196095586,2024-10-24 19:16:21
1548,71,63,19,,,126.83980011414873,37.20472793784032,126.83541130270007,37.21061714982237,2024-10-24 19:16:23
1549,17,54,19,,,126.82601350362573,37.19743409821505,126.83268243759896,37.210038966260576,2024-10-24 19:16:28
1550,42,29,19,,,126.83172322925203,37.196223543681796,126.8273794425742,37.2016035363964,2024-10-24 19:18:22
1551,56,33,19,,,126.83494532024653,37.204886354685925,126.82934878720496,37.20065693229525,2024-10-24 19:18:42
1552,14,34,19,,,126.81949437141697,37.207031474285515,126.82138955564514,37.20267875158268,2024-10-24 19:19:22
1553,70,33,19,,,126.83808140235394,37.20942034553777,126.82903409185094,37.201491200394386,2024-10-24 19:19:50
1554,31,59,19,,,126.8296726286723,37.19782213671969,126.83262689605289,37.20666205720875,2024-10-24 19:20:04
1555,37,41,19,,,126.82214390169756,37.196939472291135,126.83333955656398,37.19799495828561,2024-10-24 19:22:07
1556,70,18,19,,,126.83757055680631,37.21015407191326,126.82437340798833,37.19548961772381,2024-10-24 19:22:37
1557,58,33,19,,,126.83577634706104,37.20912368962722,126.82878776070905,37.20070513295371,2024-10-24 19:23:15
1558,11,17,19,,,126.8138854727416,37.20727293778367,126.82724652062957,37.196825223712814,2024-10-24 19:23:29
1559,56,17,19,,,126.83554129135621,37.20502594264572,126.82702244843503,37.197020113357986,2024-10-24 19:24:25
1560,56,17,19,,,126.83462466118904,37.20629785296313,126.82694155113501,37.19612401351544,2024-10-24 19:25:41
1561,32,54,19,,,126.83243929276044,37.201696959818655,126.83319579088756,37.21040489391427,2024-10-24 19:25:45
1562,58,33,19,,,126.83498929095093,37.20838707278836,126.82851682923263,37.20090620427306,2024-10-24 19:26:12
1563,40,72,19,,,126.83086531790394,37.19419861200736,126.81174810932073,37.20681267496521,2024-10-24 19:26:17
1564,13,48,19,,,126.81704328596946,37.204157889717116,126.83141868128101,37.2139958849991,2024-10-24 19:26:37
1565,56,31,19,,,126.83446342481619,37.204864812348234,126.82843117546292,37.197850936916126,2024-10-24 19:27:02
1566,11,58,19,,,126.81508786061694,37.20880793398582,126.83520794645455,37.20762721644869,2024-10-24 19:27:36
1567,35,13,19,,,126.81814164234152,37.20233057553974,126.81592609720506,37.204629939022055,2024-10-24 19:27:48
1568,58,33,19,,,126.83533223117576,37.20792487857016,126.82833548646863,37.2009852309275,2024-10-24 19:28:03
1569,23,8,19,,,126.82010212749822,37.192440745702676,126.82503883809055,37.20620484155502,2024-10-24 19:28:27
1570,32,34,19,,,126.83161862952781,37.201708857587306,126.82138378438107,37.202958995610935,2024-10-24 19:28:30
1571,59,33,19,,,126.83268934933808,37.207340576203514,126.82858961878927,37.20003762967797,2024-10-24 19:28:44
1572,6,20,19,,,126.82421130128455,37.203961951700784,126.81637421014929,37.19236454237015,2024-10-24 19:29:16
1573,33,56,19,,,126.82960610643674,37.201137608453266,126.83532314696043,37.20637482643961,2024-10-24 19:30:14
1574,56,41,19,,,126.83469244747742,37.20527540322242,126.83499599724475,37.196865366909435,2024-10-24 19:30:38
1575,50,20,19,,,126.82300466160773,37.210584097834804,126.81591088902637,37.19336926512746,2024-10-24 19:30:50
1576,27,52,19,,,126.82712253535212,37.19953176985825,126.83039766935836,37.218447751850576,2024-10-24 19:31:05
1577,67,62,19,,,126.83416243801223,37.20307506432926,126.83894840831512,37.21282455596538,2024-10-24 19:31:50
1578,66,65,19,,,126.8370320867505,37.204107466175,126.83538621991792,37.200168391116186,2024-10-24 19:31:54
1579,62,46,19,,,126.83772903248835,37.211972732439285,126.8292268451011,37.21166583494325,2024-10-24 19:32:03
1580,32,58,19,,,126.83252258333165,37.202019425247755,126.83443104465111,37.20879309609184,2024-10-24 19:34:27
1581,19,10,19,,,126.82951187456455,37.19519956684886,126.81620615277629,37.20906079740536,2024-10-24 19:35:15
1582,33,62,19,,,126.82882862896376,37.2003005477351,126.83724189912324,37.211584672858606,2024-10-24 19:36:02
1583,54,60,19,,,126.83342532900804,37.20935577206734,126.8329734479196,37.21331174462135,2024-10-24 19:36:44
1584,58,33,19,,,126.83583293809569,37.20756306088882,126.82954887733007,37.20046914899042,2024-10-24 19:38:10
1585,63,64,19,,,126.83520157149924,37.211991834619795,126.84191730054033,37.20264429261736,2024-10-24 19:38:11
1586,54,13,19,,,126.83185131863209,37.20933334493332,126.81722417774048,37.20410455097194,2024-10-24 19:38:26
1587,17,56,19,,,126.82728069829767,37.19719893448348,126.83559772124872,37.20597396038364,2024-10-24 19:38:36
1588,33,56,19,,,126.82985746365863,37.20092600128791,126.8351990490633,37.205260615452445,2024-10-24 19:39:02
1589,58,33,19,,,126.83608213062679,37.20770830734674,126.82906906364347,37.20149921162026,2024-10-24 19:39:31
1590,63,33,19,,,126.83464664998714,37.21158978382102,126.82995264095335,37.2001405575753,2024-10-24 19:40:02
1591,20,55,19,,,126.81622707862996,37.19256497314435,126.83015515701516,37.209856546064124,2024-10-24 19:40:09
1592,53,57,19,,,126.83012243306396,37.205798676211984,126.83290830402596,37.205560604739915,2024-10-24 19:40:48
1593,66,66,19,,,126.83702703397998,37.20350720475091,126.8381220068382,37.20311763736136,2024-10-24 19:42:03
1594,11,33,19,,,126.81472085318323,37.20856120749146,126.82987739956369,37.20144113265738,2024-10-24 19:42:12
1595,58,19,19,,,126.83509301230958,37.20765210679687,126.82905125065976,37.19565094690548,2024-10-24 19:42:41
1596,58,33,19,,,126.83581409463663,37.20932877620535,126.8292614264277,37.200160089996544,2024-10-24 19:42:45
1597,14,72,19,,,126.81852681065389,37.20692405993457,126.8118268743532,37.20776919947254,2024-10-24 19:43:23
1598,46,10,19,,,126.83077644459142,37.211929039700124,126.81709105662205,37.2086229964007,2024-10-24 19:43:24
1599,20,60,19,,,126.81554958910033,37.192293880632306,126.83287523139639,37.213871282894424,2024-10-24 19:43:26
1600,10,40,19,,,126.81715929163303,37.20864016653979,126.83228683699943,37.194255363847425,2024-10-24 19:43:47
1601,33,56,19,,,126.8286991268441,37.200784488510834,126.83506244087447,37.20588032740258,2024-10-24 19:43:57
1602,54,33,19,,,126.83288946192538,37.21103799005593,126.8283334306034,37.199674341359724,2024-10-24 19:44:07
1603,56,33,19,,,126.8357862483668,37.20474664488803,126.83030448633062,37.200530879207584,2024-10-24 19:44:22
1604,58,33,19,,,126.83569893774433,37.20933382430662,126.82897066071529,37.2005739363911,2024-10-24 19:44:26
1605,42,70,19,,,126.83116010954095,37.19668582152876,126.8369865499103,37.209353021141574,2024-10-24 19:44:28
1606,51,34,19,,,126.8186957506111,37.21136355273828,126.82167251040528,37.20392126038749,2024-10-24 19:44:34
1607,71,61,19,,,126.83927735165163,37.205563484692604,126.83273057483878,37.21669721734852,2024-10-24 19:44:42
1608,18,70,19,,,126.82347657079154,37.194968935575616,126.83702918704213,37.21001455394299,2024-10-24 19:45:54
1609,56,31,19,,,126.83584835121167,37.204689154302855,126.82931913437251,37.19820575456047,2024-10-24 19:46:17
1610,56,32,19,,,126.83481658195551,37.20576315124745,126.8322811583423,37.20262228545958,2024-10-24 19:46:28
1611,11,17,19,,,126.81507300398046,37.20865871410566,126.826033009919,37.19721274232931,2024-10-24 19:46:28
1612,72,70,19,,,126.81184096547491,37.20692451267793,126.83730783247701,37.21049349237933,2024-10-24 19:47:24
1613,56,17,19,,,126.83415825743761,37.206610510295654,126.82579160116167,37.196510601524096,2024-10-24 19:47:35
1614,11,32,19,,,126.81461366994824,37.20806500946319,126.83224794513093,37.20252166423788,2024-10-24 19:47:48
1615,56,17,19,,,126.83432690235081,37.206056855306024,126.82704786638759,37.19616181382964,2024-10-24 19:48:03
1616,19,10,19,,,126.82869029502332,37.1948862130218,126.81685995057775,37.20852275956297,2024-10-24 19:48:34
1617,36,16,19,,,126.82372491326429,37.19762133591057,126.82332311039752,37.19251377611518,2024-10-24 19:48:41
1618,10,24,19,,,126.81789746279344,37.20995075607107,126.81775923631,37.1898821051026,2024-10-24 19:48:59
1619,54,33,19,,,126.8322308050213,37.21030643265685,126.82953516399635,37.20052970772846,2024-10-24 19:49:29
1620,33,48,19,,,126.82991389661981,37.20031621543746,126.83025408999612,37.21507287833195,2024-10-24 19:49:41
1621,17,54,19,,,126.82615157718234,37.19588953171885,126.83238083511637,37.21044745355848,2024-10-24 19:49:58
1622,32,11,19,,,126.83124388158069,37.20172409203427,126.81506676432396,37.20795443120368,2024-10-24 19:50:29
1623,54,33,19,,,126.83221791470278,37.21060898268144,126.82895754988023,37.200990336920036,2024-10-24 19:51:23
1624,61,38,19,,,126.83328776192556,37.215540476416365,126.82346009764233,37.201401999853786,2024-10-24 19:51:29
1625,10,38,19,,,126.8161331137698,37.20866691170316,126.82448920062006,37.20183809721138,2024-10-24 19:52:43
1626,33,56,19,,,126.82997365447953,37.2000773928604,126.83506783520936,37.206320754174605,2024-10-24 19:53:42
1627,6,53,19,,,126.82528016315847,37.20449953014115,126.83030274119182,37.20618205567593,2024-10-24 19:54:14
1628,10,56,19,,,126.81704973383923,37.20965898560329,126.83471273534418,37.205234368142676,2024-10-24 19:54:32
1629,72,53,19,,,126.81240519473984,37.20817139190249,126.82889319250847,37.20705367397013,2024-10-24 19:54:32
1630,54,33,19,,,126.8330360904165,37.20983008237747,126.82883699444419,37.20035105337699,2024-10-24 19:54:45
1631,56,41,19,,,126.83538361806602,37.204693663170694,126.83408344084067,37.198152146500995,2024-10-24 19:55:08
1632,56,17,19,,,126.83479908324878,37.20627503249146,126.82734969750149,37.19601647142552,2024-10-24 19:56:48
1633,58,33,19,,,126.83527950373484,37.20784588368567,126.82882684558182,37.20094051033567,2024-10-24 19:57:23
1634,70,42,19,,,126.83702111363313,37.20906310651069,126.83082537092595,37.196778284627996,2024-10-24 19:57:32
1635,58,33,19,,,126.83569837194875,37.208845381936165,126.82991904757598,37.199789787331476,2024-10-24 19:57:52
1636,56,31,19,,,126.83495488962716,37.205098849643385,126.8284739243656,37.198414791055875,2024-10-24 19:58:24
1637,33,58,19,,,126.8289941864875,37.20153348043146,126.83418119334969,37.20781967061359,2024-10-24 19:58:50
1638,69,30,20,,,126.83814174181083,37.20591745660305,126.8316087294773,37.19876660797965,2024-10-24 20:00:06
1639,72,56,20,,,126.8120384836891,37.20708984059277,126.83568467081069,37.20609335966749,2024-10-24 20:00:12
1640,58,33,20,,,126.83559381675315,37.20918196485665,126.82912338389859,37.20041429849251,2024-10-24 20:00:52
1641,19,32,20,,,126.82817357159757,37.195879117138176,126.83165972682612,37.202651779813216,2024-10-24 20:02:11
1642,56,31,20,,,126.83535934655357,37.205119047229246,126.82897767367496,37.19882738839431,2024-10-24 20:02:35
1643,2,21,20,,,126.82210651512868,37.20639579351056,126.81816504669231,37.19705174370897,2024-10-24 20:03:09
1644,54,17,20,,,126.83343646053974,37.209634610197746,126.82706652077913,37.19736348857191,2024-10-24 20:04:18
1645,11,33,20,,,126.81349074827413,37.207975319187035,126.82933985535638,37.201350989642734,2024-10-24 20:05:10
1646,56,41,20,,,126.8346278935789,37.20654494567761,126.83417722729611,37.19695139025631,2024-10-24 20:05:27
1647,56,17,20,,,126.83587156149784,37.205842653583254,126.82676142049105,37.197162270973486,2024-10-24 20:06:28
1648,27,56,20,,,126.82755341903231,37.199242741460104,126.83451802063716,37.205920925904636,2024-10-24 20:07:24
1649,70,33,20,,,126.83715098546435,37.210276253282565,126.82906973045273,37.20025203403508,2024-10-24 20:07:27
1650,32,10,20,,,126.83183605217577,37.20100478005983,126.81678816290848,37.20982454784844,2024-10-24 20:07:33
1651,58,33,20,,,126.83526429665335,37.208228306625024,126.82918686926814,37.200054239265036,2024-10-24 20:08:29
1652,18,50,20,,,126.82419684946426,37.195300136461825,126.82269707042826,37.21150011409772,2024-10-24 20:08:45
1653,56,17,20,,,126.83450195916886,37.20539196654993,126.82581439010647,37.196072981412385,2024-10-24 20:09:23
1654,72,70,20,,,126.81088765622862,37.206227362928594,126.83872085707803,37.20960078797657,2024-10-24 20:09:28
1655,2,29,20,,,126.82103838133402,37.20552498997008,126.82759918896376,37.20299174140362,2024-10-24 20:10:08
1656,42,70,20,,,126.83058701611232,37.19545657134674,126.83740702250655,37.20874055954084,2024-10-24 20:11:00
1657,54,33,20,,,126.83175991344932,37.21064149748775,126.82994552205012,37.200690783065646,2024-10-24 20:11:27
1658,31,48,20,,,126.82919603482078,37.19705891199347,126.83081288244142,37.21380799201534,2024-10-24 20:11:42
1659,7,12,20,,,126.82704918975132,37.20767520244189,126.81967871132441,37.20517768102196,2024-10-24 20:12:13
1660,64,18,20,,,126.84184820394809,37.20400549069167,126.82410491293994,37.195542735536506,2024-10-24 20:12:53
1661,69,30,20,,,126.83759948204694,37.20669665779937,126.83190922909773,37.19815140526851,2024-10-24 20:13:31
1662,50,63,20,,,126.82212866357926,37.21235815477978,126.83454022207857,37.2107515108549,2024-10-24 20:13:46
1663,56,41,20,,,126.83425608135741,37.20489404129215,126.83482626651231,37.19729364947952,2024-10-24 20:13:56
1664,56,41,20,,,126.83406505873533,37.205115539549304,126.83385872626654,37.19764593348832,2024-10-24 20:13:57
1665,31,58,20,,,126.82940936105659,37.197316364490604,126.83424798583047,37.20759861346739,2024-10-24 20:14:03
1666,70,11,20,,,126.83693669732904,37.20891080538234,126.81484424062198,37.20762259211521,2024-10-24 20:14:30
1667,54,33,20,,,126.83320697868623,37.210015668165624,126.83029522196122,37.20066493491353,2024-10-24 20:14:55
1668,17,54,20,,,126.82582536948816,37.19721631202179,126.83284589570303,37.20966092087344,2024-10-24 20:15:29
1669,56,32,20,,,126.83457127025332,37.20633678898403,126.83207784927393,37.20123100268923,2024-10-24 20:15:38
1670,37,69,20,,,126.820576611115,37.1981946873473,126.83766972962769,37.207488826944804,2024-10-24 20:16:21
1671,42,70,20,,,126.83142633116216,37.19654255623409,126.83737701697282,37.20948110476365,2024-10-24 20:16:32
1672,33,56,20,,,126.82954974641021,37.200024939084024,126.8346780597017,37.20550707252102,2024-10-24 20:17:00
1673,41,56,20,,,126.83332507065732,37.196610699469744,126.83518646295502,37.204696355051794,2024-10-24 20:17:15
1674,59,15,20,,,126.83295080237471,37.20792031835484,126.81720492629574,37.206220114571444,2024-10-24 20:17:25
1675,70,32,20,,,126.83856196429316,37.21050542354934,126.83282516857844,37.20162796562129,2024-10-24 20:17:42
1676,17,54,20,,,126.82600456775036,37.1957867079984,126.83323814493274,37.21083809220554,2024-10-24 20:17:49
1677,42,70,20,,,126.83126705783633,37.19542238611008,126.83688762288998,37.20897287416529,2024-10-24 20:18:39
1678,70,33,20,,,126.83687806650249,37.208668054173515,126.82928466208304,37.20013534312212,2024-10-24 20:18:53
1679,33,56,20,,,126.83015206511021,37.20095838113992,126.83559400865595,37.2053364829733,2024-10-24 20:19:39
1680,69,30,20,,,126.8369355230538,37.20718979975225,126.83218313922262,37.198680231546,2024-10-24 20:19:41
1681,58,19,20,,,126.83443867688709,37.20864902132532,126.82838077256291,37.195488125227435,2024-10-24 20:20:29
1682,12,19,20,,,126.81978437728723,37.205279084367604,126.82824747399187,37.19572572522762,2024-10-24 20:20:39
1683,50,37,20,,,126.82257578487305,37.211388487044125,126.82101553772972,37.19652093310079,2024-10-24 20:21:02
1684,56,17,20,,,126.83476572545099,37.20511571194427,126.82556439872556,37.19625673170272,2024-10-24 20:21:05
1685,17,54,20,,,126.82626320539454,37.19746124357715,126.8325072641539,37.211077334049236,2024-10-24 20:21:22
1686,11,32,20,,,126.81337534764516,37.207803172248006,126.83153047552598,37.20162988171105,2024-10-24 20:21:38
1687,56,17,20,,,126.83524147088643,37.20659896235533,126.82544091704285,37.195904667208154,2024-10-24 20:21:42
1688,54,33,20,,,126.83205098349647,37.21031758272829,126.82939767868429,37.20008002149511,2024-10-24 20:22:01
1689,58,33,20,,,126.8350715964317,37.20773196730065,126.8286935250066,37.19997523177585,2024-10-24 20:22:44
1690,11,17,20,,,126.81426101322955,37.20810933800383,126.82701462837686,37.19658754579231,2024-10-24 20:22:57
1691,70,42,20,,,126.83845242758323,37.21053841956926,126.83188104042767,37.196997375248934,2024-10-24 20:23:25
1692,19,10,20,,,126.82870448375023,37.19471447324086,126.81681691454713,37.2097097879515,2024-10-24 20:24:12
1693,11,71,20,,,126.8137265244458,37.20733369608706,126.83971389621766,37.20438194917727,2024-10-24 20:24:35
1694,70,42,20,,,126.83879252688402,37.20974549904247,126.83241514061878,37.19663812109593,2024-10-24 20:25:38
1695,71,56,20,,,126.84100602375399,37.20521027464828,126.83552127011858,37.206389074157535,2024-10-24 20:25:50
1696,24,32,20,,,126.81791089945933,37.190120957910636,126.83137590312596,37.20181548588329,2024-10-24 20:26:01
1697,63,15,20,,,126.83552977007567,37.211069764051764,126.81682374345262,37.20732494849578,2024-10-24 20:26:14
1698,10,56,20,,,126.81686022282196,37.20877544979244,126.83422314838067,37.2053970852191,2024-10-24 20:27:01
1699,42,70,20,,,126.83105209532313,37.19519094247501,126.8370916943437,37.20995772850886,2024-10-24 20:27:04
1700,54,33,20,,,126.8316958511814,37.210501460012956,126.82875446576492,37.20009131874378,2024-10-24 20:27:27
1701,17,54,20,,,126.82704934207851,37.19766127025646,126.8316956698653,37.2107090866439,2024-10-24 20:27:34
1702,67,62,20,,,126.83553304111538,37.20333214879821,126.83726178000059,37.21309421952757,2024-10-24 20:28:05
1703,58,33,20,,,126.8360740647427,37.20933922457265,126.82929337560611,37.20041207265976,2024-10-24 20:28:23
1704,50,70,20,,,126.82140849410104,37.210556402014895,126.8381786522505,37.21018058239706,2024-10-24 20:28:47
1705,58,19,20,,,126.83560293567831,37.208469239710666,126.82950539673436,37.19555547768597,2024-10-24 20:28:51
1706,54,33,20,,,126.83209944839794,37.20943508241664,126.82866151649294,37.2003789355162,2024-10-24 20:29:12
1707,17,56,20,,,126.82652251308093,37.19666958411269,126.83506374660534,37.20539231962759,2024-10-24 20:29:56
1708,11,17,20,,,126.8137862664085,37.20829477475777,126.82643014362272,37.19585192608487,2024-10-24 20:30:20
1709,32,58,20,,,126.83179769959878,37.200874444807674,126.83518479247886,37.2090737862671,2024-10-24 20:30:25
1710,60,1,20,,,126.83219088404284,37.21389774212242,126.81627294915107,37.1975721132231,2024-10-24 20:31:05
1711,58,33,20,,,126.83469953096476,37.20807034916834,126.82927596204603,37.200790067066315,2024-10-24 20:31:39
1712,70,42,20,,,126.83802747630094,37.210053352574555,126.83191460385517,37.19578849355798,2024-10-24 20:32:18
1713,31,54,20,,,126.8284882187399,37.19690396264895,126.83244367665337,37.21101616511431,2024-10-24 20:33:21
1714,38,11,20,,,126.8246925698744,37.201142268758005,126.81406337538314,37.207499594565824,2024-10-24 20:33:41
1715,10,38,20,,,126.81717255048277,37.209285778650965,126.82475009723817,37.20159592364224,2024-10-24 20:33:46
1716,67,50,20,,,126.83500137205239,37.20376259115612,126.8219953319053,37.21126609089588,2024-10-24 20:34:10
1717,32,54,20,,,126.83191713864443,37.20218004881641,126.83365405865088,37.20959687995169,2024-10-24 20:34:18
1718,31,64,20,,,126.82874376541092,37.1968723798164,126.84229876727944,37.204073103250096,2024-10-24 20:35:23
1719,56,31,20,,,126.83473851651017,37.20622647883551,126.82959132309217,37.198475706719925,2024-10-24 20:35:33
1720,49,65,20,,,126.82818227932017,37.21394478035515,126.83424132691772,37.20080558937865,2024-10-24 20:35:41
1721,42,70,20,,,126.83088779060421,37.19659828612159,126.83684115443515,37.209882313610564,2024-10-24 20:36:29
1722,17,54,20,,,126.82685064014898,37.19728488284008,126.83325571820129,37.210116276768375,2024-10-24 20:37:43
1723,33,56,20,,,126.82923468249749,37.2014242616473,126.8353833111299,37.20579518479753,2024-10-24 20:38:51
1724,69,30,20,,,126.83728304016626,37.207277097510215,126.8322725049743,37.19821635573196,2024-10-24 20:39:05
1725,56,41,20,,,126.83517993725235,37.20553946167769,126.83479837817777,37.196739676848296,2024-10-24 20:39:21
1726,70,33,20,,,126.83690245188788,37.2101179436344,126.82989784645068,37.20008791958124,2024-10-24 20:39:45
1727,56,17,20,,,126.83493078199082,37.20554074242377,126.82641245953505,37.19725326808594,2024-10-24 20:39:56
1728,17,12,20,,,126.82740242964195,37.19776563165248,126.81972705359091,37.205293428387805,2024-10-24 20:41:14
1729,19,53,20,,,126.8296936935092,37.195633120312245,126.82954420924841,37.20644465576586,2024-10-24 20:42:59
1730,59,20,20,,,126.8328405583887,37.20775475638757,126.81652246670312,37.192748848911734,2024-10-24 20:43:20
1731,58,33,20,,,126.83427554818111,37.20943369872727,126.83029921831587,37.2014357820263,2024-10-24 20:43:45
1732,11,70,20,,,126.8138787611547,37.207413451337274,126.83705590896285,37.20899501248347,2024-10-24 20:43:56
1733,10,40,20,,,126.81644922967814,37.208411471315635,126.8320530793772,37.192705898888825,2024-10-24 20:44:21
1734,17,54,20,,,126.82692794052076,37.19679493418771,126.83246689899465,37.20949203678012,2024-10-24 20:44:39
1735,54,33,20,,,126.8329717784156,37.210823644277056,126.82844893591448,37.20040374278638,2024-10-24 20:44:55
1736,33,56,20,,,126.82945150390923,37.20003267150218,126.83580010443089,37.20543002192813,2024-10-24 20:44:59
1737,62,24,20,,,126.8370679066321,37.21303841541014,126.81841842194768,37.19125449304459,2024-10-24 20:45:14
1738,32,23,20,,,126.83220664466705,37.20169606477034,126.82098841904231,37.19267143055151,2024-10-24 20:45:22
1739,56,33,20,,,126.83551163332287,37.206619671846056,126.8287591614865,37.20105833896127,2024-10-24 20:45:23
1740,37,72,20,,,126.82165683465227,37.1982561963783,126.81107637688763,37.207620820852426,2024-10-24 20:45:30
1741,42,70,20,,,126.83152040233168,37.196612745211134,126.83791559027986,37.20867600364112,2024-10-24 20:45:45
1742,43,24,20,,,126.82315782642105,37.19012303175972,126.8183992079896,37.18980806071851,2024-10-24 20:46:04
1743,42,70,20,,,126.8313131949929,37.196614865437716,126.83853027948898,37.21003144417304,2024-10-24 20:46:07
1744,56,17,20,,,126.83437394151711,37.20661968102167,126.82719917829901,37.197002337590774,2024-10-24 20:48:06
1745,59,41,20,,,126.8328425904095,37.207730628794835,126.83375846172386,37.19748662235292,2024-10-24 20:48:14
1746,54,57,20,,,126.83365295099958,37.210265837554424,126.83156634490145,37.20526305106977,2024-10-24 20:48:38
1747,56,41,20,,,126.83475676325816,37.205037991816376,126.83384200174147,37.1974076577485,2024-10-24 20:49:15
1748,59,40,20,,,126.83240309868108,37.20687136122049,126.83104957142625,37.19414283498956,2024-10-24 20:50:13
1749,69,30,20,,,126.83721045522714,37.20651965571984,126.8324078235856,37.19990497975485,2024-10-24 20:51:04
1750,6,64,20,,,126.82489495518475,37.20489997703716,126.8425543414657,37.2030020105415,2024-10-24 20:51:17
1751,38,21,20,,,126.82470192643609,37.20053016156323,126.81847855316704,37.195994899115,2024-10-24 20:51:34
1752,70,33,20,,,126.83694084613293,37.20874114758286,126.82832872669412,37.201169380257326,2024-10-24 20:51:55
1753,56,17,20,,,126.83457282280281,37.20603036078105,126.82717355351066,37.19704034714496,2024-10-24 20:52:39
1754,19,10,20,,,126.82846546353525,37.19541586597062,126.81714533196785,37.20951217251088,2024-10-24 20:53:09
1755,6,24,20,,,126.8247196870429,37.20407646745049,126.81814685477701,37.18984229475548,2024-10-24 20:53:33
1756,33,56,20,,,126.82954032840084,37.200260680319204,126.83425898228303,37.20626288882261,2024-10-24 20:54:05
1757,58,19,20,,,126.83565693806685,37.208422656049386,126.82803265482958,37.19488962333174,2024-10-24 20:54:10
1758,11,17,20,,,126.81442701519991,37.208005348027235,126.82557367574499,37.19603830087265,2024-10-24 20:57:30
1759,5,69,20,,,126.8272456136138,37.20523255567714,126.83804885162847,37.206701696552926,2024-10-24 20:58:07
1760,32,11,20,,,126.83274012390507,37.20115946410565,126.81496170345845,37.207876647669224,2024-10-24 20:59:05
1761,56,33,20,,,126.83581605208795,37.20562620387172,126.83029829851516,37.199769996588415,2024-10-24 20:59:22
1762,56,33,20,,,126.83455200369028,37.20540589113407,126.82832635869696,37.20055050464463,2024-10-24 20:59:34
1763,56,31,20,,,126.83446498259474,37.20530029899668,126.82961120903475,37.19813748978183,2024-10-24 20:59:53
1764,58,19,21,,,126.83553826289679,37.208886974748104,126.82835464161266,37.19553416466224,2024-10-24 21:00:29
1765,58,33,21,,,126.83511717170775,37.20766133015972,126.8293429105765,37.1998352704231,2024-10-24 21:00:36
1766,56,33,21,,,126.83533517503068,37.20601623599093,126.8285996136624,37.20098090873397,2024-10-24 21:00:38
1767,63,13,21,,,126.83483045908864,37.21180920011163,126.81624746352118,37.20406431298947,2024-10-24 21:00:55
1768,54,33,21,,,126.83216688379622,37.211121509896195,126.82937721370837,37.20020603333149,2024-10-24 21:01:46
1769,70,33,21,,,126.83786867556304,37.20930023459703,126.8302745220598,37.20106610058742,2024-10-24 21:03:28
1770,54,11,21,,,126.83302493976551,37.21108295546098,126.81361239915233,37.20913753197301,2024-10-24 21:05:41
1771,37,64,21,,,126.82196364687944,37.1975485961303,126.843476413603,37.20232348891709,2024-10-24 21:05:59
1772,33,56,21,,,126.83004406495634,37.2012212444866,126.83445916178863,37.20594354116582,2024-10-24 21:06:07
1773,56,33,21,,,126.83406211613304,37.20591227265407,126.82850154059395,37.20014585634534,2024-10-24 21:06:09
1774,72,38,21,,,126.81200779017519,37.207513897154705,126.82342946444884,37.20186063973013,2024-10-24 21:06:36
1775,31,58,21,,,126.82959475423009,37.19711208700547,126.83574322304214,37.20861942196165,2024-10-24 21:06:38
1776,56,17,21,,,126.83584627667989,37.20539723125656,126.82561562490521,37.19652690494439,2024-10-24 21:06:41
1777,33,58,21,,,126.82974180966993,37.200316240813756,126.8352081016032,37.20918307557869,2024-10-24 21:06:47
1778,32,54,21,,,126.8329761941454,37.20210314033381,126.83357268473341,37.209488685412275,2024-10-24 21:06:57
1779,62,58,21,,,126.8386286577708,37.213270740799324,126.83482132057105,37.20771090175916,2024-10-24 21:07:29
1780,58,33,21,,,126.83549120581526,37.20813457179414,126.83001582747862,37.20132923567648,2024-10-24 21:07:43
1781,37,25,21,,,126.82145895188032,37.19678493205762,126.8211465244789,37.19396821781114,2024-10-24 21:08:00
1782,33,56,21,,,126.82929152516495,37.20014749370657,126.83581784043561,37.20601888750478,2024-10-24 21:08:06
1783,11,32,21,,,126.81517138362567,37.208588086052444,126.83198314333518,37.20201360110304,2024-10-24 21:08:24
1784,56,31,21,,,126.83536538453804,37.20499438203752,126.82973290776843,37.197463384745596,2024-10-24 21:08:25
1785,58,6,21,,,126.83516310244333,37.208417966497166,126.82516884371344,37.20513104171487,2024-10-24 21:09:18
1786,46,53,21,,,126.8308759370258,37.21152759341208,126.82996672624365,37.20721174415328,2024-10-24 21:09:40
1787,58,33,21,,,126.83595929769412,37.20828009270789,126.82985316859187,37.199679603768196,2024-10-24 21:10:29
1788,54,33,21,,,126.83197887124453,37.210032847438995,126.82918152764027,37.20165068084725,2024-10-24 21:11:11
1789,11,17,21,,,126.81464540145683,37.20876363835815,126.82627540626004,37.19594850387287,2024-10-24 21:11:38
1790,58,33,21,,,126.83467204281854,37.208531509371525,126.82962683266675,37.201644521357665,2024-10-24 21:12:26
1791,70,33,21,,,126.83767133915322,37.21039772596179,126.82849614423824,37.2008987175807,2024-10-24 21:13:07
1792,54,33,21,,,126.83279917273767,37.21062236442963,126.82933712826593,37.20096132508693,2024-10-24 21:13:09
1793,54,17,21,,,126.83313723822201,37.20933459058589,126.82679922531399,37.19776035877966,2024-10-24 21:13:54
1794,46,25,21,,,126.83053591540964,37.212304035570945,126.82011054883999,37.19369781380358,2024-10-24 21:14:19
1795,51,34,21,,,126.8192494561852,37.210602955407815,126.82155216790925,37.20351245556404,2024-10-24 21:14:44
1796,70,33,21,,,126.83777712367437,37.20921188500164,126.82960201968842,37.20068551024981,2024-10-24 21:15:08
1797,71,28,21,,,126.83915052642097,37.20462833830136,126.82864260671708,37.202563098679605,2024-10-24 21:16:51
1798,58,33,21,,,126.8349237971213,37.207910845067914,126.82917095631713,37.200264352769594,2024-10-24 21:17:04
1799,56,33,21,,,126.83570187019471,37.20585785318155,126.8302072939887,37.200007277697566,2024-10-24 21:18:30
1800,11,17,21,,,126.81384116833743,37.2076978853866,126.82720064121375,37.19672224487743,2024-10-24 21:19:08
1801,68,30,21,,,126.84055917968719,37.20270629963579,126.83126975357109,37.199919442889446,2024-10-24 21:19:11
1802,31,52,21,,,126.82993634884275,37.19741501380472,126.83075502530276,37.217961830069775,2024-10-24 21:19:19
1803,10,17,21,,,126.8174340610597,37.20955260995848,126.82715808745962,37.19750935768816,2024-10-24 21:20:03
1804,10,40,21,,,126.81800278659207,37.21000297056178,126.83126034894049,37.19427433711217,2024-10-24 21:20:34
1805,70,42,21,,,126.83754588549128,37.20875963919762,126.83197405505565,37.19700139064978,2024-10-24 21:20:46
1806,15,22,21,,,126.81685787544566,37.205646727069016,126.81685253642178,37.19595637694796,2024-10-24 21:21:13
1807,42,66,21,,,126.83252292290088,37.19616072567533,126.83744621485522,37.20361217581983,2024-10-24 21:21:21
1808,17,31,21,,,126.82700065572463,37.19731220204633,126.82834283599956,37.19871813596904,2024-10-24 21:21:49
1809,56,17,21,,,126.83420138897395,37.20619906119506,126.82595291302005,37.19736583497417,2024-10-24 21:22:46
1810,14,68,21,,,126.8203454495046,37.20808516769179,126.83906305852365,37.20266207993073,2024-10-24 21:23:13
1811,58,33,21,,,126.83483252286752,37.207672982712424,126.82911840955464,37.20111065004593,2024-10-24 21:24:09
1812,72,70,21,,,126.81136463707684,37.20765858627948,126.83787645732639,37.21009714591387,2024-10-24 21:24:36
1813,14,72,21,,,126.81909777278587,37.206858840186996,126.81211570293094,37.206936392289826,2024-10-24 21:25:06
1814,33,56,21,,,126.82960346667538,37.20063416581896,126.83505157590687,37.20551023225027,2024-10-24 21:26:12
1815,56,33,21,,,126.83552089970017,37.205004264261405,126.82989176817053,37.201021406630666,2024-10-24 21:26:35
1816,62,54,21,,,126.8388903543586,37.21235910077541,126.83244958543834,37.21087960032106,2024-10-24 21:27:17
1817,33,58,21,,,126.82835376615432,37.20129151873885,126.83520591304878,37.20857077492974,2024-10-24 21:27:40
1818,59,41,21,,,126.83324964318521,37.20786562557116,126.8336337841752,37.19651658028096,2024-10-24 21:28:44
1819,32,56,21,,,126.8313356716068,37.202105395252865,126.83461989741578,37.204755582310106,2024-10-24 21:29:09
1820,56,33,21,,,126.83534566332811,37.20568410861991,126.82877180158569,37.20151340677607,2024-10-24 21:29:12
1821,72,33,21,,,126.81253852352123,37.20654568208015,126.82892298676752,37.2003929453497,2024-10-24 21:29:24
1822,56,33,21,,,126.83550566750561,37.20661541184407,126.82886591932619,37.200670241355674,2024-10-24 21:29:57
1823,58,33,21,,,126.8348405550234,37.20778232320334,126.82903274686974,37.200533703173754,2024-10-24 21:29:59
1824,32,11,21,,,126.83158138890832,37.20213841577368,126.81376218419815,37.20754677908104,2024-10-24 21:30:09
1825,11,12,21,,,126.81429024834267,37.2091672357603,126.81873412357601,37.204869997490874,2024-10-24 21:30:27
1826,17,54,21,,,126.82703791536687,37.19640149269174,126.83210969690094,37.2097871215989,2024-10-24 21:31:26
1827,27,61,21,,,126.82714497111014,37.200565687334716,126.83317611895156,37.215607115329526,2024-10-24 21:32:19
1828,32,58,21,,,126.83110417000056,37.201105770480545,126.83543327507886,37.20941920812179,2024-10-24 21:32:20
1829,2,4,21,,,126.82225232020443,37.2058994567643,126.82243175532753,37.20769130929122,2024-10-24 21:32:26
1830,10,15,21,,,126.81772437711328,37.21031200526672,126.81725522485088,37.20733336271987,2024-10-24 21:32:30
1831,59,62,21,,,126.83341350497005,37.208297175304054,126.83802136752563,37.21159296822241,2024-10-24 21:32:43
1832,56,31,21,,,126.83460653013132,37.204834000407494,126.82865421471746,37.197994601788345,2024-10-24 21:33:25
1833,61,45,21,,,126.83354907199993,37.21642462931114,126.82559309082161,37.21223141135869,2024-10-24 21:33:49
1834,37,72,21,,,126.82219329899799,37.197020759555784,126.81259607334734,37.2065192084711,2024-10-24 21:34:33
1835,58,33,21,,,126.83423489259818,37.20816523766919,126.82865524130638,37.200656798587396,2024-10-24 21:35:04
1836,52,51,21,,,126.83042256986522,37.21706954747063,126.81949478349885,37.21122670899727,2024-10-24 21:37:32
1837,56,33,21,,,126.83560798974034,37.205832153249915,126.82856941778367,37.200619506601846,2024-10-24 21:37:39
1838,56,33,21,,,126.834014458959,37.20611376404257,126.83026327307097,37.20111662140991,2024-10-24 21:38:44
1839,33,56,21,,,126.82970172508195,37.2006247795965,126.83509448772037,37.20483202576917,2024-10-24 21:39:05
1840,56,65,21,,,126.83539554862202,37.204757742337556,126.83444579120604,37.20011988916812,2024-10-24 21:39:16
1841,33,56,21,,,126.82861141002135,37.200533425743394,126.83439873171491,37.20608802012797,2024-10-24 21:40:30
1842,63,49,21,,,126.83522610624827,37.21174929332083,126.82772131694153,37.21324168923473,2024-10-24 21:40:45
1843,11,58,21,,,126.814012362812,37.207386467373695,126.83561901510862,37.20927898885361,2024-10-24 21:41:00
1844,8,59,21,,,126.82431320487122,37.207538514355626,126.8333306027869,37.208255947103055,2024-10-24 21:41:49
1845,70,32,21,,,126.83705965557763,37.208836981498635,126.83154694904793,37.20154907104205,2024-10-24 21:43:18
1846,56,33,21,,,126.83580363900514,37.20635876224161,126.82893974720224,37.20047881243331,2024-10-24 21:43:23
1847,33,56,21,,,126.829333770373,37.20100336728404,126.83505469352576,37.204688972815575,2024-10-24 21:43:47
1848,58,33,21,,,126.83591991518495,37.208489712627866,126.8300992611939,37.20153661163391,2024-10-24 21:43:53
1849,33,56,21,,,126.82986597299629,37.201156183333296,126.8352502014943,37.206625247213076,2024-10-24 21:44:33
1850,33,56,21,,,126.82833747821248,37.200556019426365,126.83415283283419,37.20487617456132,2024-10-24 21:44:35
1851,38,30,21,,,126.82377004823095,37.200319883569904,126.83181393097273,37.199823358000344,2024-10-24 21:44:55
1852,17,54,21,,,126.82584990256075,37.196972875518995,126.83274847431122,37.20998409926152,2024-10-24 21:45:18
1853,18,69,21,,,126.82392417016922,37.19560056165162,126.83792495595006,37.20601545667763,2024-10-24 21:46:25
1854,56,17,21,,,126.83404064842648,37.20573965686262,126.82613125841566,37.19704999521958,2024-10-24 21:46:41
1855,58,32,21,,,126.8353478265621,37.20867704181909,126.83234827010651,37.202675799489285,2024-10-24 21:46:41
1856,21,62,21,,,126.81957037840911,37.19558980086842,126.83799979735095,37.21276842814605,2024-10-24 21:47:00
1857,58,19,21,,,126.83416087999372,37.2077080377746,126.82952898395813,37.194415196765036,2024-10-24 21:47:38
1858,56,33,21,,,126.83526516015833,37.206197975615304,126.82922984655987,37.20050227036185,2024-10-24 21:48:17
1859,11,17,21,,,126.81518391820522,37.20731557688025,126.82617259907755,37.19642264183171,2024-10-24 21:48:51
1860,13,59,21,,,126.81684738593016,37.20347099336219,126.83315992958799,37.207501577487065,2024-10-24 21:49:29
1861,70,19,21,,,126.83718110969815,37.20954419718599,126.82904858151656,37.19601993209395,2024-10-24 21:49:51
1862,7,8,21,,,126.82719004462719,37.207682606575055,126.8244168673369,37.2071641196319,2024-10-24 21:50:13
1863,58,33,21,,,126.8349203224215,37.20872100750932,126.83017249139067,37.20151189559702,2024-10-24 21:50:22
1864,58,19,21,,,126.83597399738171,37.20878100282353,126.82975607188473,37.196033164593686,2024-10-24 21:50:26
1865,72,16,21,,,126.81121250108968,37.20681928128695,126.82371050842005,37.19243401189455,2024-10-24 21:50:50
1866,32,40,21,,,126.83230170175868,37.20113781485832,126.83203902544152,37.19302434944811,2024-10-24 21:51:05
1867,1,58,21,,,126.81585312534806,37.198707387136345,126.8354508316796,37.20869535799329,2024-10-24 21:51:17
1868,67,64,21,,,126.834919626253,37.202685128165754,126.84189027720417,37.20371197550251,2024-10-24 21:51:56
1869,58,33,21,,,126.83458321662512,37.20850568743379,126.82999309124764,37.199816027612464,2024-10-24 21:52:08
1870,41,70,21,,,126.83430400512391,37.196782748934815,126.83779961884929,37.20881923939154,2024-10-24 21:53:26
1871,10,38,21,,,126.81701945034432,37.2100518675606,126.82476248979637,37.200575435150235,2024-10-24 21:53:34
1872,11,33,21,,,126.8150697924661,37.208640702413184,126.82984694815082,37.20152934277466,2024-10-24 21:54:18
1873,37,29,21,,,126.82033903298903,37.19705219587632,126.82715876698067,37.20255067962267,2024-10-24 21:54:38
1874,19,10,21,,,126.82793487684961,37.19569033134028,126.81701493310139,37.208978541056254,2024-10-24 21:54:42
1875,14,53,21,,,126.81898921610043,37.207070740143614,126.82898520251435,37.20587885130254,2024-10-24 21:55:11
1876,24,15,21,,,126.81878539655487,37.19037883776692,126.81725198557014,37.205944183367166,2024-10-24 21:55:18
1877,24,27,21,,,126.81860107831541,37.19016269214043,126.82718162021492,37.2004313744445,2024-10-24 21:55:19
1878,33,58,21,,,126.82844213670288,37.20072595818619,126.8352110430407,37.20913294248137,2024-10-24 21:55:26
1879,5,50,21,,,126.82734500376999,37.20486038385865,126.82331856932554,37.21224738265877,2024-10-24 21:55:28
1880,35,14,21,,,126.8182719935294,37.202553493789146,126.82040239029071,37.20810998163612,2024-10-24 21:55:53
1881,70,11,21,,,126.83776651885539,37.20939784715372,126.81353204103698,37.208822567158755,2024-10-24 21:56:01
1882,23,71,21,,,126.82039642534534,37.191224532168384,126.83917303880918,37.2059216479375,2024-10-24 21:56:34
1883,58,33,21,,,126.83484456759705,37.20843518752418,126.82897137697998,37.200896843361235,2024-10-24 21:57:54
1884,26,37,21,,,126.81739627587258,37.19284607702818,126.8211056216106,37.19720817485719,2024-10-24 21:57:55
1885,31,59,21,,,126.82869836928556,37.19871943649638,126.83260196238265,37.20768704556767,2024-10-24 21:58:00
1886,25,33,21,,,126.82082069666951,37.194583352001494,126.82963277399922,37.20163456194867,2024-10-24 21:58:29
1887,58,33,21,,,126.83473143545517,37.2076943854035,126.82874040526667,37.200252872943324,2024-10-24 21:58:33
1888,59,19,21,,,126.83166897885089,37.20779621646698,126.82813354978194,37.194604628285276,2024-10-24 21:59:25
1889,57,1,21,,,126.83312022005231,37.20358351036697,126.81698114839548,37.19843134974522,2024-10-24 21:59:41
1890,29,9,22,,,126.82606616386913,37.2033157529457,126.81377931211526,37.20591416993052,2024-10-24 22:00:38
1891,54,37,22,,,126.83229012864969,37.21070651737458,126.82153752458919,37.19752698646551,2024-10-24 22:00:44
1892,26,37,22,,,126.81864210845569,37.19405458209003,126.82075743255605,37.19651108379624,2024-10-24 22:00:55
1893,72,52,22,,,126.81125579799351,37.20677989101631,126.82990849594273,37.21819771576457,2024-10-24 22:01:06
1894,65,17,22,,,126.83482743302037,37.20091685963732,126.82667699403214,37.19630933646194,2024-10-24 22:01:33
1895,56,31,22,,,126.8346729531716,37.205817270311556,126.82979427546243,37.19802300204563,2024-10-24 22:01:37
1896,54,33,22,,,126.83199740923119,37.209672534328355,126.82873809327097,37.199878711950234,2024-10-24 22:01:54
1897,55,23,22,,,126.82915662816922,37.20859318678576,126.81990318421194,37.19193336759242,2024-10-24 22:02:12
1898,61,31,22,,,126.83401749744283,37.21591515158364,126.82851716155216,37.19714131323879,2024-10-24 22:02:36
1899,58,33,22,,,126.83470632960504,37.20818559882307,126.82955364038439,37.2004838493251,2024-10-24 22:02:42
1900,11,58,22,,,126.81390959784287,37.20832426489913,126.83601717147062,37.20873788528837,2024-10-24 22:03:06
1901,13,21,22,,,126.81558399790796,37.20395960296169,126.81903763455456,37.196053839150245,2024-10-24 22:03:54
1902,34,19,22,,,126.82142985495778,37.20387697061121,126.8294234828737,37.19573348699799,2024-10-24 22:04:04
1903,10,38,22,,,126.81705770263689,37.20930390357632,126.82475061862141,37.202224600899875,2024-10-24 22:04:37
1904,58,19,22,,,126.83485973600084,37.20801888924679,126.82822456162377,37.19421328724024,2024-10-24 22:04:39
1905,42,13,22,,,126.83221301984271,37.195140348555825,126.81709401693256,37.20354068209207,2024-10-24 22:05:15
1906,53,40,22,,,126.82969930966102,37.20693001596843,126.83161052451844,37.1929262772162,2024-10-24 22:05:16
1907,67,61,22,,,126.83484137865315,37.20327267165957,126.83344855596167,37.21511422361931,2024-10-24 22:05:18
1908,66,32,22,,,126.83691760651661,37.20319141735583,126.8327467775493,37.20090992294472,2024-10-24 22:05:42
1909,27,69,22,,,126.82750673952327,37.199120371687506,126.83817905541027,37.20692298964178,2024-10-24 22:05:42
1910,32,59,22,,,126.83220823853364,37.20253767770368,126.83250860884588,37.206733913150835,2024-10-24 22:05:47
1911,58,19,22,,,126.8350426951843,37.2084564791234,126.82845740547657,37.19437426403554,2024-10-24 22:05:57
1912,33,56,22,,,126.82856934487113,37.200311889688564,126.83461394722333,37.20617799012033,2024-10-24 22:06:10
1913,3,30,22,,,126.8253255860801,37.20902706544685,126.83194816774157,37.19817163746303,2024-10-24 22:07:15
1914,45,35,22,,,126.82582661968692,37.211893410633614,126.81952608073045,37.20103759661873,2024-10-24 22:07:35
1915,32,56,22,,,126.8329807618766,37.20173014587191,126.83582166268454,37.20509196420752,2024-10-24 22:07:40
1916,36,38,22,,,126.82323331432643,37.198093726922316,126.8251124874784,37.20202633685308,2024-10-24 22:09:30
1917,17,58,22,,,126.82559300157058,37.19757397652837,126.83450313551454,37.207821681689865,2024-10-24 22:10:07
1918,69,7,22,,,126.83846189334031,37.20751671750529,126.82693424798428,37.20803044751282,2024-10-24 22:10:16
1919,58,19,22,,,126.83612188852578,37.208592456325064,126.82789607262464,37.194229640843446,2024-10-24 22:10:24
1920,58,72,22,,,126.8358407378506,37.20859892205471,126.8123901849198,37.20662210465431,2024-10-24 22:10:48
1921,10,40,22,,,126.81740358956826,37.209536569664294,126.83041763330144,37.19255776636847,2024-10-24 22:11:23
1922,72,33,22,,,126.8117955400081,37.20811949108438,126.82994183207613,37.199694524900146,2024-10-24 22:13:02
1923,11,17,22,,,126.81364591736293,37.20762526599737,126.82679906294145,37.19620525568566,2024-10-24 22:14:07
1924,50,37,22,,,126.82302438410342,37.21128509559246,126.82147091347672,37.19837557849886,2024-10-24 22:14:56
1925,31,72,22,,,126.82894449213646,37.196898287378396,126.81195259634468,37.206470755094365,2024-10-24 22:15:18
1926,32,11,22,,,126.832368060718,37.202589886556986,126.8147556136506,37.20863066589329,2024-10-24 22:15:25
1927,11,58,22,,,126.81374585602323,37.20923620585503,126.83543037047014,37.207691024278375,2024-10-24 22:16:59
1928,10,17,22,,,126.81752888742587,37.21012143564568,126.82652631155001,37.197461816314,2024-10-24 22:17:14
1929,54,33,22,,,126.83182750557765,37.20941027625798,126.83000749192655,37.20087216319855,2024-10-24 22:18:25
1930,11,58,22,,,126.81386678096302,37.20911162923144,126.83541790571783,37.20903989723874,2024-10-24 22:18:57
1931,13,30,22,,,126.8175063909348,37.20306116283074,126.83273256960389,37.19900570615798,2024-10-24 22:19:05
1932,32,58,22,,,126.83223061930562,37.20146112052985,126.83597971868407,37.20769535654303,2024-10-24 22:19:14
1933,17,70,22,,,126.8257314567438,37.1958117348494,126.83760712786915,37.208894997837405,2024-10-24 22:19:15
1934,56,33,22,,,126.83527347767141,37.20496536529876,126.8295661788201,37.1998232885835,2024-10-24 22:19:48
1935,58,19,22,,,126.83584498457526,37.20817928731353,126.82964754898057,37.194896631648646,2024-10-24 22:19:51
1936,67,14,22,,,126.8343829524507,37.202156290856735,126.8194220270391,37.20744220740996,2024-10-24 22:20:16
1937,33,56,22,,,126.8292076641629,37.199961343230136,126.83586140820195,37.20623662077157,2024-10-24 22:21:51
1938,33,56,22,,,126.83020233391223,37.19994222541899,126.83467510013004,37.206486129099716,2024-10-24 22:22:45
1939,10,17,22,,,126.81690714155302,37.21012808839559,126.82722731780547,37.197204291990694,2024-10-24 22:23:42
1940,56,31,22,,,126.83582620775391,37.206146278153,126.82871916615518,37.197850717805,2024-10-24 22:24:20
1941,62,65,22,,,126.83900035350464,37.21293450186853,126.83388307591495,37.19943841128056,2024-10-24 22:24:40
1942,41,1,22,,,126.83344781998893,37.19630412196897,126.81606991869722,37.19824049776723,2024-10-24 22:25:22
1943,1,35,22,,,126.81566815945082,37.197553788058904,126.81819827721874,37.20214201283683,2024-10-24 22:25:22
1944,58,33,22,,,126.83495946794017,37.20762563569843,126.83006909062296,37.20056596741022,2024-10-24 22:25:30
1945,50,28,22,,,126.82162964088435,37.2124563662426,126.82977643296388,37.20290504890841,2024-10-24 22:25:46
1946,33,56,22,,,126.82974411548325,37.199833018307075,126.83546191482378,37.20569681118386,2024-10-24 22:26:15
1947,56,31,22,,,126.83585643119402,37.20609429554268,126.82828498094202,37.1982555992597,2024-10-24 22:26:40
1948,60,62,22,,,126.83229509126274,37.213545644979966,126.83767780158168,37.21201282488462,2024-10-24 22:27:05
1949,56,31,22,,,126.83491588651383,37.206435941653474,126.829640341641,37.19785463987426,2024-10-24 22:27:48
1950,43,40,22,,,126.82316165740656,37.19050354899096,126.83035316168902,37.193589592200084,2024-10-24 22:28:05
1951,37,2,22,,,126.82191639028262,37.1969085985281,126.82120746600945,37.20498136009281,2024-10-24 22:28:44
1952,58,33,22,,,126.83441397395644,37.20875923876824,126.82945174027729,37.199913715312924,2024-10-24 22:30:10
1953,17,54,22,,,126.82594320645123,37.196210918316645,126.83328735434658,37.21035680209286,2024-10-24 22:30:11
1954,70,17,22,,,126.83853326733468,37.210426176788886,126.82668345223703,37.197038226347445,2024-10-24 22:30:45
1955,67,10,22,,,126.83473395581849,37.20356980255351,126.81652907156445,37.209677551139094,2024-10-24 22:30:49
1956,45,63,22,,,126.82572334186382,37.21268994780419,126.8353611940934,37.2121127306689,2024-10-24 22:31:00
1957,59,41,22,,,126.83180819428362,37.20659601569898,126.83515489661683,37.19641265194224,2024-10-24 22:31:44
1958,42,70,22,,,126.83204709810566,37.19660250903243,126.83741774859106,37.20993665714982,2024-10-24 22:32:04
1959,33,56,22,,,126.82970111504669,37.20051344700425,126.83549573288904,37.2054708079844,2024-10-24 22:33:44
1960,11,6,22,,,126.81506642269203,37.20862652187512,126.82372371908586,37.20507820969849,2024-10-24 22:33:47
1961,72,59,22,,,126.81155386211975,37.20747382542864,126.83215207000615,37.20719855121896,2024-10-24 22:34:04
1962,45,57,22,,,126.82485708678274,37.21190233353761,126.83311991060663,37.20440936253335,2024-10-24 22:34:21
1963,10,11,22,,,126.8160977993251,37.209779801271964,126.81442690261608,37.20764054677183,2024-10-24 22:36:25
1964,72,70,22,,,126.81259000746937,37.207027700465545,126.83867143091693,37.209211182526445,2024-10-24 22:37:01
1965,31,54,22,,,126.82911330610268,37.19744376262107,126.83195555847746,37.210866441263406,2024-10-24 22:37:10
1966,70,63,22,,,126.83802061991827,37.21008829808979,126.83477697537747,37.21070670477903,2024-10-24 22:37:16
1967,6,43,22,,,126.82399563547962,37.2043731536014,126.8237956861605,37.190006831190054,2024-10-24 22:37:18
1968,12,19,22,,,126.81851463477936,37.20431673803593,126.8284559797955,37.19583150027601,2024-10-24 22:37:29
1969,33,56,22,,,126.82938181467111,37.20065998745317,126.8355515381042,37.205707868157766,2024-10-24 22:37:30
1970,10,56,22,,,126.81795512511096,37.20845984912139,126.83553779671777,37.20502330112657,2024-10-24 22:38:39
1971,61,32,22,,,126.83332258490944,37.21488763564822,126.83287214510278,37.20150707436966,2024-10-24 22:38:47
1972,67,49,22,,,126.83370426295029,37.20260550022831,126.827943715731,37.21422890072458,2024-10-24 22:38:56
1973,70,18,22,,,126.83725597874313,37.20873442140772,126.82356159155984,37.196647056568295,2024-10-24 22:39:29
1974,41,56,22,,,126.83329617178764,37.19793690923321,126.8340667162931,37.20537340772949,2024-10-24 22:40:32
1975,32,59,22,,,126.83184971486676,37.20110923569692,126.83282196900002,37.2081640127013,2024-10-24 22:40:56
1976,60,65,22,,,126.83330073094008,37.2129818017115,126.83401684026516,37.19996400855576,2024-10-24 22:41:15
1977,19,6,22,,,126.82815323383853,37.19441052479142,126.8243027309653,37.203987922924604,2024-10-24 22:41:29
1978,33,54,22,,,126.82901104474395,37.20130090795435,126.83350435713538,37.2094013196195,2024-10-24 22:42:39
1979,11,70,22,,,126.81406413157607,37.208467452388255,126.8382296566337,37.208706021611086,2024-10-24 22:43:11
1980,19,10,22,,,126.8280666567159,37.19597559968724,126.8174637063627,37.209391819439695,2024-10-24 22:44:02
1981,58,10,22,,,126.83567035189783,37.208505228776446,126.81627257226138,37.20923322275488,2024-10-24 22:44:28
1982,14,72,22,,,126.81972348748549,37.20711869559174,126.81105418516803,37.20738468545381,2024-10-24 22:44:38
1983,5,61,22,,,126.82646330418325,37.20585083501833,126.83231770490283,37.21571652874254,2024-10-24 22:44:40
1984,33,56,22,,,126.82884507532648,37.20040400786148,126.83550609678733,37.206456888602744,2024-10-24 22:45:10
1985,59,35,22,,,126.83237940275671,37.20656478383761,126.81982406790313,37.20225832736946,2024-10-24 22:45:40
1986,58,33,22,,,126.83486654400103,37.20771662307915,126.83021836329486,37.20135545415167,2024-10-24 22:46:27
1987,58,33,22,,,126.836087942744,37.207544005750684,126.82989545465394,37.19977990021466,2024-10-24 22:46:35
1988,67,30,22,,,126.83561557960044,37.203394939077064,126.83260024046515,37.19880449674245,2024-10-24 22:47:01
1989,31,18,22,,,126.82917744708169,37.19738519891963,126.82281029103724,37.19473140840053,2024-10-24 22:47:14
1990,40,72,22,,,126.83108166441627,37.19370782360761,126.81257169353485,37.20622869583887,2024-10-24 22:47:29
1991,58,42,22,,,126.83414896536108,37.20910112467226,126.83113220505739,37.196821512724185,2024-10-24 22:47:46
1992,29,72,22,,,126.82613194617679,37.20157044795008,126.81242664773315,37.20769534557781,2024-10-24 22:48:17
1993,46,39,22,,,126.83107358188448,37.21138280466357,126.8206683053644,37.1997825602841,2024-10-24 22:48:25
1994,56,33,22,,,126.83434002410176,37.20510605945107,126.82859599863161,37.20102870233882,2024-10-24 22:49:02
1995,56,33,22,,,126.83583606442654,37.20496501334588,126.82977171465684,37.20069838445917,2024-10-24 22:49:03
1996,11,17,22,,,126.81445090843248,37.208275690051344,126.8266200562049,37.19655013404344,2024-10-24 22:51:14
1997,17,56,22,,,126.8262977312578,37.19656056705799,126.8347765368337,37.206102543102496,2024-10-24 22:51:23
1998,58,19,22,,,126.83522735157416,37.20919956956247,126.8294290801533,37.195972722994156,2024-10-24 22:52:18
1999,58,33,22,,,126.83610536608809,37.208380136900765,126.82984056611689,37.20162275038591,2024-10-24 22:52:41
2000,58,19,22,,,126.83461130072492,37.208824401553045,126.8290799432074,37.19602884775307,2024-10-24 22:52:51
2001,13,72,22,,,126.81672970395482,37.20458572616599,126.8120180979317,37.20762120646234,2024-10-24 22:53:07
2002,33,56,22,,,126.83018046327416,37.19967014039397,126.835220437952,37.20494020518916,2024-10-24 22:53:51
2003,55,41,22,,,126.82908264726169,37.209080130459505,126.83385301004468,37.19638237714912,2024-10-24 22:53:56
2004,11,24,22,,,126.81433354678154,37.20828272466709,126.81764729640146,37.191153707005846,2024-10-24 22:53:58
2005,70,11,22,,,126.83763150647546,37.21047948154818,126.81333326503456,37.208298516713086,2024-10-24 22:54:04
2006,19,29,22,,,126.82806564900483,37.19405840581552,126.82607355700998,37.20216849866092,2024-10-24 22:55:09
2007,33,58,22,,,126.82972046000408,37.20116234986361,126.83413881168076,37.20792904074011,2024-10-24 22:55:23
2008,33,56,22,,,126.82946995913642,37.19980041013377,126.83446568199307,37.20656208992183,2024-10-24 22:55:36
2009,31,16,22,,,126.82875373390955,37.19717657452211,126.82260921578667,37.19218271983476,2024-10-24 22:55:40
2010,68,23,22,,,126.84031651877076,37.203050782543734,126.82044646571423,37.19226656061396,2024-10-24 22:56:13
2011,54,17,22,,,126.83178123174176,37.20995441461592,126.82625406322555,37.19651259651704,2024-10-24 22:56:28
2012,67,12,22,,,126.8354743131085,37.20193470885967,126.82017414311711,37.204645730262946,2024-10-24 22:56:41
2013,33,58,22,,,126.8294310223135,37.19970009216756,126.83597488767077,37.20937388614492,2024-10-24 22:58:04
2014,11,32,22,,,126.81474242066086,37.20769780597201,126.83134144396345,37.20185080656362,2024-10-24 22:58:11
2015,17,60,22,,,126.82654493541638,37.19612186134594,126.83225696254766,37.21389592179729,2024-10-24 22:58:52
