idx,o,d,hour,o_h3,d_h3,o_x,o_y,d_x,d_y,time
0,17,54,7,,,126.82638283086233,37.19696752941052,126.83239784995892,37.20941720994448,2024-10-24 07:00:02
1,33,56,7,,,126.83031118225912,37.2005823539096,126.83405525115032,37.20663511218866,2024-10-24 07:00:38
2,12,17,7,,,126.81847651506502,37.20514922849499,126.82690737504547,37.19753921714186,2024-10-24 07:00:47
3,58,33,7,,,126.83457627227018,37.207644761303236,126.82892668543768,37.20104935717495,2024-10-24 07:01:10
4,5,71,7,,,126.82654277095534,37.20440340719462,126.84017790375843,37.20519269398962,2024-10-24 07:02:02
5,58,19,7,,,126.83453180083397,37.20935787806756,126.82817095381017,37.19407558879179,2024-10-24 07:02:07
6,32,59,7,,,126.83183767560035,37.20198526774244,126.83249321299567,37.20754512217587,2024-10-24 07:02:42
7,69,30,7,,,126.83770097247513,37.20767230514265,126.83102760381531,37.19932576355438,2024-10-24 07:03:06
8,54,33,7,,,126.832622161113,37.209683159582,126.82845992983579,37.20136525825361,2024-10-24 07:03:09
9,29,29,7,,,126.82693787638267,37.20255887814513,126.82596781652573,37.202896468684266,2024-10-24 07:03:59
10,10,17,7,,,126.81646597366412,37.20842991110705,126.82556520340012,37.1963484161688,2024-10-24 07:04:44
11,45,40,7,,,126.82590584711487,37.213479384933585,126.83165351780235,37.19354620871528,2024-10-24 07:04:46
12,19,25,7,,,126.82842314364653,37.195063140996766,126.8211155488046,37.19457917169659,2024-10-24 07:04:50
13,70,33,7,,,126.83840399033161,37.208658805377766,126.82996275398006,37.200855870939,2024-10-24 07:04:52
14,17,54,7,,,126.82637760037291,37.195940947145736,126.83319309275507,37.20933189953078,2024-10-24 07:05:22
15,70,17,7,,,126.8371663602958,37.2088536434855,126.82541097089148,37.1959197699794,2024-10-24 07:05:32
16,8,44,7,,,126.82430444840017,37.206668552360235,126.81967671013145,37.18850698348979,2024-10-24 07:06:36
17,24,49,7,,,126.81912819210307,37.18981372533259,126.82868745096833,37.2143348111468,2024-10-24 07:06:41
18,23,32,7,,,126.8212698623124,37.190914347390226,126.83121776383416,37.2023476897435,2024-10-24 07:06:43
19,3,41,7,,,126.825624770342,37.210119493611195,126.83407964396629,37.196369832944036,2024-10-24 07:06:59
20,16,19,7,,,126.82309435435643,37.19361473032717,126.82908412954147,37.19531272774688,2024-10-24 07:07:15
21,36,68,7,,,126.82471124662842,37.19765482006621,126.83992202665435,37.20298070156926,2024-10-24 07:07:38
22,58,33,7,,,126.83446061108958,37.20901423837448,126.82947164284244,37.20028786070356,2024-10-24 07:07:49
23,70,33,7,,,126.83811400264595,37.20962865405616,126.82996753569672,37.20148260575479,2024-10-24 07:07:50
24,33,56,7,,,126.82979910674538,37.20144520827837,126.83447224225104,37.204953815112496,2024-10-24 07:07:52
25,58,47,7,,,126.83476417535725,37.208901223264775,126.8284271905236,37.211332898061606,2024-10-24 07:08:14
26,47,21,7,,,126.82712607993923,37.21128664446036,126.81839346701749,37.19596144216745,2024-10-24 07:08:30
27,58,19,7,,,126.83436185836146,37.20840577672402,126.82879625708547,37.19593034280158,2024-10-24 07:08:37
28,11,31,7,,,126.81350773007644,37.20827618590402,126.82830951953086,37.196944518389465,2024-10-24 07:09:26
29,56,33,7,,,126.83467480029299,37.204944580608974,126.82874217913164,37.19997139339752,2024-10-24 07:09:26
30,16,70,7,,,126.82282056284502,37.19262152089268,126.83866360136038,37.210446528794044,2024-10-24 07:10:26
31,10,17,7,,,126.81642919117436,37.20907862427397,126.8272789286217,37.196303595885695,2024-10-24 07:11:06
32,56,41,7,,,126.83574781294945,37.20632393061907,126.83430404758599,37.198157399233814,2024-10-24 07:11:16
33,42,3,7,,,126.83121525479291,37.19658852209897,126.82544488148447,37.21062772640845,2024-10-24 07:12:14
34,24,2,7,,,126.81802685426192,37.19009296649042,126.82148895367321,37.20571339204073,2024-10-24 07:13:04
35,58,33,7,,,126.83551430830111,37.207610647557814,126.82851807598831,37.20092026765556,2024-10-24 07:13:32
36,40,27,7,,,126.83166060967109,37.193664031272014,126.82674930977832,37.199292416004,2024-10-24 07:14:20
37,33,58,7,,,126.82872146800207,37.20110100723864,126.8346610472725,37.2087271305199,2024-10-24 07:14:22
38,33,56,7,,,126.82857918651816,37.20067755225246,126.83404631233624,37.20534093696288,2024-10-24 07:14:33
39,69,32,7,,,126.83735501059384,37.207275102359844,126.8315939320347,37.202563513477024,2024-10-24 07:15:24
40,69,30,7,,,126.83719878971911,37.20644547741875,126.8310282107491,37.19934696573998,2024-10-24 07:15:31
41,10,17,7,,,126.8167704295629,37.21007122967325,126.82707384029956,37.196676460846334,2024-10-24 07:15:53
42,32,59,7,,,126.83288241802414,37.20155405582441,126.83260548567962,37.207517128417564,2024-10-24 07:16:03
43,58,33,7,,,126.83527277875861,37.20895960716578,126.8289870666172,37.201002159805256,2024-10-24 07:16:38
44,33,56,7,,,126.82862976704213,37.20040483704184,126.8353158095583,37.20631040920223,2024-10-24 07:16:40
45,69,30,7,,,126.83812314143219,37.205960618404866,126.8323565264891,37.19914356407104,2024-10-24 07:16:56
46,24,16,7,,,126.81728039694299,37.191461520581676,126.82420939855847,37.193489737676956,2024-10-24 07:17:03
47,44,68,7,,,126.82046192427651,37.188066714822774,126.84044386781534,37.20221268512327,2024-10-24 07:17:23
48,58,22,7,,,126.83446865775598,37.20899245079884,126.81638868872939,37.195476634742455,2024-10-24 07:17:29
49,33,56,7,,,126.829746656979,37.20007430126321,126.8347003014017,37.20512029119818,2024-10-24 07:17:48
50,35,72,7,,,126.81890748589592,37.20129652235672,126.81176368087925,37.20758733696758,2024-10-24 07:17:52
51,11,17,7,,,126.81418277890667,37.20875116093997,126.8261296123337,37.19693670609149,2024-10-24 07:17:56
52,44,1,7,,,126.82078295175558,37.188054456150056,126.81668912191421,37.1977686578424,2024-10-24 07:18:07
53,70,33,7,,,126.83780632363784,37.20954047365297,126.82839399494578,37.199826666568164,2024-10-24 07:18:35
54,8,20,7,,,126.82553096309964,37.20626155259889,126.81485492087722,37.192120225332545,2024-10-24 07:18:58
55,43,9,7,,,126.82329252148463,37.189760726408004,126.81478985460758,37.2058009431467,2024-10-24 07:19:03
56,70,33,7,,,126.83772679585196,37.209945504414925,126.83016209546639,37.201040552704505,2024-10-24 07:19:18
57,54,33,7,,,126.83293777013608,37.21022437851367,126.82995112030649,37.20033615937518,2024-10-24 07:19:22
58,70,33,7,,,126.83775612913969,37.20941783619609,126.82911929041575,37.20027396524545,2024-10-24 07:19:42
59,58,33,7,,,126.83594913177134,37.20861024805895,126.8301972145745,37.20041639678321,2024-10-24 07:21:17
60,56,17,7,,,126.83569158155974,37.20654299850983,126.82684416736883,37.19699494488712,2024-10-24 07:21:39
61,71,62,7,,,126.84077087982135,37.20532892355057,126.83843057920511,37.21201499093748,2024-10-24 07:21:55
62,58,33,7,,,126.83579454150703,37.20916208092216,126.83007753574543,37.19983910866048,2024-10-24 07:22:00
63,58,19,7,,,126.83589235944125,37.208133655698276,126.82976859735832,37.19459134198843,2024-10-24 07:22:18
64,43,34,7,,,126.82250439363727,37.19093690843049,126.82106527351787,37.20399504797744,2024-10-24 07:22:36
65,19,10,7,,,126.82897403216344,37.194076897277164,126.81602455879079,37.209515142568556,2024-10-24 07:23:04
66,58,33,7,,,126.83532538948512,37.2080179715782,126.82942585543326,37.20142599755487,2024-10-24 07:23:14
67,58,19,7,,,126.83427031621015,37.20790709893357,126.82794670539369,37.19594939996271,2024-10-24 07:23:53
68,38,35,7,,,126.8247610928853,37.202117675418755,126.81982166414525,37.202694763568175,2024-10-24 07:24:53
69,19,10,7,,,126.82890134080067,37.19491102892498,126.81645957178688,37.208580270731474,2024-10-24 07:25:29
70,50,55,7,,,126.82318498526377,37.21185514956572,126.82958844920898,37.20934354631055,2024-10-24 07:25:52
71,42,70,7,,,126.83226807035969,37.19685972672127,126.83845190641034,37.20898439673383,2024-10-24 07:26:06
72,56,41,7,,,126.83581559038505,37.20634981519409,126.83473083166488,37.19703399784404,2024-10-24 07:26:37
73,58,19,7,,,126.83545907898292,37.20864244015338,126.82872341465792,37.19420272368148,2024-10-24 07:26:53
74,56,14,7,,,126.83522084573035,37.20513088817211,126.81997295715654,37.20661509489039,2024-10-24 07:27:16
75,27,50,7,,,126.82595881698283,37.20038994446579,126.82216021768748,37.21050482443188,2024-10-24 07:27:22
76,47,51,7,,,126.82763426035814,37.21124155276272,126.82002452361611,37.20980306931619,2024-10-24 07:27:28
77,22,48,7,,,126.8163509891244,37.19519618909075,126.83140316376466,37.2150906028017,2024-10-24 07:28:03
78,55,9,7,,,126.83013789125866,37.20988479029675,126.81387048921583,37.20587859874097,2024-10-24 07:28:17
79,56,33,7,,,126.83499395198912,37.20545811803228,126.82872794215645,37.20049733133257,2024-10-24 07:28:19
80,56,33,7,,,126.83544832125274,37.20542187291828,126.82835333729089,37.20155790693154,2024-10-24 07:28:40
81,58,19,7,,,126.83429689193477,37.20796319766569,126.82894502721444,37.194073595331254,2024-10-24 07:28:46
82,70,33,7,,,126.83802616048104,37.21000859714531,126.82877212220886,37.19971751264914,2024-10-24 07:29:29
83,58,33,7,,,126.83540424968145,37.20938022973655,126.82972889066484,37.20132319748637,2024-10-24 07:29:35
84,58,33,7,,,126.83517657296312,37.207810928524296,126.82954609808553,37.200966697692394,2024-10-24 07:29:43
85,44,53,7,,,126.82061265536494,37.18919035946196,126.82991561355664,37.20606728916392,2024-10-24 07:29:47
86,70,19,7,,,126.83775855815716,37.20991827157031,126.82844239889779,37.194100108467914,2024-10-24 07:30:45
87,56,17,7,,,126.83483801618311,37.20490959750406,126.82652347002703,37.19683190401331,2024-10-24 07:31:09
88,9,5,7,,,126.815048763809,37.20551436309288,126.8271815304311,37.20497308546931,2024-10-24 07:31:21
89,42,70,7,,,126.83219195661896,37.19581471000435,126.83726458029355,37.210282175370466,2024-10-24 07:31:25
90,10,38,7,,,126.8179892238141,37.20909717322325,126.82428274776306,37.201599711960974,2024-10-24 07:31:33
91,53,61,7,,,126.83068210147701,37.20688436909544,126.83343813157269,37.216296912032064,2024-10-24 07:32:18
92,69,30,7,,,126.83672494141177,37.205951889561895,126.83192908714234,37.198914421889135,2024-10-24 07:32:36
93,69,30,7,,,126.83696298188232,37.20660465287672,126.83265717202293,37.19803368220292,2024-10-24 07:32:40
94,56,41,7,,,126.83458098879551,37.20470096893284,126.8340444336652,37.197554239048834,2024-10-24 07:33:09
95,33,59,7,,,126.83013059146985,37.200168025368505,126.83271621645922,37.20647937538461,2024-10-24 07:33:21
96,58,33,7,,,126.83449675918357,37.20916056027475,126.82990993809108,37.20009002256472,2024-10-24 07:33:44
97,56,17,7,,,126.83572243916903,37.205496400806666,126.82572393526137,37.19666146746575,2024-10-24 07:34:27
98,58,33,7,,,126.83415838376958,37.208753741110236,126.8292946767874,37.200505900346045,2024-10-24 07:34:32
99,31,59,7,,,126.82846187119212,37.1970105085691,126.83279807267182,37.20756784781019,2024-10-24 07:34:40
100,58,33,7,,,126.83430430539316,37.20935477975768,126.82929142907112,37.20110593219257,2024-10-24 07:35:16
101,70,42,7,,,126.838650878775,37.20984254827761,126.83172154310758,37.19547837144991,2024-10-24 07:35:25
102,17,56,7,,,126.82625189532668,37.19751450632377,126.83498732188568,37.205066515703834,2024-10-24 07:36:01
103,58,33,7,,,126.83506282701251,37.20900793750287,126.82949922261555,37.2013172520612,2024-10-24 07:36:44
104,56,41,7,,,126.83570435240291,37.20624265563483,126.83378167095044,37.19717241423388,2024-10-24 07:37:16
105,53,39,7,,,126.82937018736817,37.20696434863584,126.82205594996913,37.19965927043757,2024-10-24 07:37:24
106,58,42,7,,,126.83553878935362,37.20812023719652,126.83105369120942,37.19565722600941,2024-10-24 07:37:34
107,33,56,7,,,126.82964105080735,37.200264540368764,126.8341773119369,37.2065207793008,2024-10-24 07:37:51
108,58,33,7,,,126.83482748699986,37.20902392529485,126.82905541512986,37.20052253889083,2024-10-24 07:38:38
109,58,33,7,,,126.83524002537926,37.208196695503446,126.83030753630534,37.200353297652654,2024-10-24 07:39:42
110,29,67,7,,,126.82769226024159,37.20235409459772,126.83379815909194,37.20288947656464,2024-10-24 07:39:52
111,69,60,7,,,126.83720501503018,37.20770377780138,126.83311541108752,37.21325126632124,2024-10-24 07:40:10
112,11,58,7,,,126.81438413994228,37.209249376077146,126.83585463887371,37.209400811357355,2024-10-24 07:40:40
113,53,44,7,,,126.82969241385014,37.20660630954464,126.82001721204759,37.188862261353954,2024-10-24 07:41:24
114,33,56,7,,,126.82992847326395,37.20163348948486,126.83524445611555,37.20570080067815,2024-10-24 07:41:45
115,11,32,7,,,126.81468687367908,37.20757709732011,126.83176876039303,37.20193932278324,2024-10-24 07:42:50
116,71,13,7,,,126.84099352410469,37.20561714642061,126.8163798777117,37.20364771314237,2024-10-24 07:43:20
117,1,38,7,,,126.81659936655731,37.197299945755375,126.82344792413257,37.20080949614888,2024-10-24 07:43:39
118,11,17,7,,,126.81385567158507,37.208174837021836,126.8265283557146,37.196262895256986,2024-10-24 07:43:53
119,10,17,7,,,126.81728013368921,37.20848106735889,126.82589524129658,37.19683791999566,2024-10-24 07:44:14
120,42,70,7,,,126.83120740775942,37.19550165273211,126.83875251140724,37.210268235182795,2024-10-24 07:45:03
121,33,56,7,,,126.82922872252256,37.200956784442035,126.835780198283,37.20650095595636,2024-10-24 07:45:51
122,70,33,7,,,126.83797122716835,37.21018237178925,126.82866465483329,37.20119200087271,2024-10-24 07:45:53
123,70,33,7,,,126.83796913141758,37.21021144652655,126.83031341821118,37.201567355419975,2024-10-24 07:46:01
124,11,6,7,,,126.81486253840727,37.207905698785495,126.82503628783378,37.20324700875839,2024-10-24 07:46:44
125,69,30,7,,,126.83689264971049,37.205830933429034,126.83138271585308,37.199056607962724,2024-10-24 07:46:51
126,45,32,7,,,126.82554820555812,37.21302049595993,126.83172766871324,37.20208776173064,2024-10-24 07:46:53
127,61,18,7,,,126.83255319936247,37.21519528882506,126.82417040934422,37.19565738976495,2024-10-24 07:47:06
128,56,17,7,,,126.8340091664784,37.20567883479384,126.82710229214098,37.196268036800916,2024-10-24 07:47:30
129,19,10,7,,,126.82832407268623,37.19529703467169,126.81772944791332,37.21014910236575,2024-10-24 07:48:19
130,56,33,7,,,126.83445215992228,37.20521437559467,126.82939457782246,37.2003052020012,2024-10-24 07:48:42
131,6,40,7,,,126.82448256560697,37.20443490173885,126.83150527421758,37.19274077913948,2024-10-24 07:48:52
132,12,56,7,,,126.81877418968054,37.20554036755524,126.83426603346918,37.20564409151905,2024-10-24 07:49:17
133,20,28,7,,,126.81581151537712,37.193318064723485,126.83010758429162,37.203426662474136,2024-10-24 07:49:22
134,17,58,7,,,126.82683151739191,37.197149375505795,126.83547645338852,37.20825663920212,2024-10-24 07:49:49
135,70,10,7,,,126.83834420740786,37.208737996448285,126.8165394693634,37.20958929240055,2024-10-24 07:50:31
136,54,33,7,,,126.83229272735315,37.209663211690895,126.82860898130191,37.201278908653514,2024-10-24 07:51:16
137,26,57,7,,,126.81768576645102,37.19422508204673,126.83165092127891,37.20453340325324,2024-10-24 07:51:26
138,58,33,7,,,126.83508526569081,37.20793930247437,126.8292106224766,37.201089467677306,2024-10-24 07:51:45
139,66,63,7,,,126.8369357932881,37.20395721530657,126.83474568437458,37.21047548242492,2024-10-24 07:51:53
140,56,41,7,,,126.83486268917324,37.20579429998657,126.83383302563166,37.19808143859365,2024-10-24 07:52:15
141,17,54,7,,,126.82672512109177,37.19602116126464,126.8320021423425,37.21108717185325,2024-10-24 07:52:16
142,56,32,7,,,126.83487792374225,37.20619826896362,126.83187897095621,37.201224996449405,2024-10-24 07:52:16
143,12,19,7,,,126.81847051592624,37.205070585271635,126.82877363653125,37.19490435925849,2024-10-24 07:52:28
144,56,17,7,,,126.83546557052165,37.20641384970397,126.82701383915862,37.19620732251522,2024-10-24 07:52:34
145,58,33,7,,,126.83550159754758,37.2080618199731,126.82990672781062,37.20127683879166,2024-10-24 07:52:44
146,29,26,7,,,126.82729030253051,37.20251205421032,126.81794655988081,37.19283728422845,2024-10-24 07:53:28
147,28,60,7,,,126.82910884390094,37.2040515791351,126.83335715989787,37.21340239468629,2024-10-24 07:53:31
148,70,33,7,,,126.83799831237755,37.21012202478883,126.82870991180494,37.20127359422492,2024-10-24 07:53:46
149,11,15,7,,,126.81386139300403,37.20788803941278,126.81767248879358,37.205944922882956,2024-10-24 07:54:57
150,21,13,7,,,126.81776533279323,37.19615699276601,126.81627177665803,37.204025657851474,2024-10-24 07:55:07
151,7,68,7,,,126.82781904704291,37.20877015681772,126.83967607487224,37.20149216305889,2024-10-24 07:55:15
152,9,23,7,,,126.81487343577692,37.205699186508966,126.82019801231603,37.19151639209441,2024-10-24 07:56:37
153,35,29,7,,,126.81803090625037,37.20152671885212,126.82712771273452,37.20294275600954,2024-10-24 07:56:37
154,17,54,7,,,126.82588452406695,37.197383189851195,126.83280660231193,37.209675217678736,2024-10-24 07:56:46
155,37,14,7,,,126.82136579686063,37.19716203568018,126.81855468591964,37.20746357867987,2024-10-24 07:56:58
156,56,31,7,,,126.83442711280505,37.2055922681666,126.82936554414371,37.197344765113634,2024-10-24 07:58:48
157,42,40,7,,,126.83104721833925,37.19658550823311,126.83172929922611,37.192618293581354,2024-10-24 07:58:59
158,41,70,7,,,126.83483557438673,37.19652095881298,126.83764332201984,37.20889363403938,2024-10-24 07:59:01
159,58,19,7,,,126.83423364873622,37.208382051490226,126.82828950968702,37.19479303648553,2024-10-24 07:59:10
160,69,30,7,,,126.83679942983512,37.207229299632026,126.83134372348367,37.197955459575304,2024-10-24 07:59:17
161,41,44,7,,,126.83447712334723,37.19700871005844,126.82144957127699,37.18828704843201,2024-10-24 07:59:42
162,11,17,7,,,126.81375116434019,37.208692961858105,126.82717498575406,37.19676810276058,2024-10-24 07:59:49
163,11,17,8,,,126.81392302295163,37.20782281128323,126.82740342411273,37.19694351568643,2024-10-24 08:00:10
164,56,32,8,,,126.83406445493188,37.20556242779366,126.83185779434228,37.20137262598313,2024-10-24 08:01:16
165,37,72,8,,,126.82121871048913,37.19654525452615,126.81201406214183,37.20697923658308,2024-10-24 08:02:07
166,32,17,8,,,126.83198447500763,37.20135523389049,126.82718013806334,37.19596402423884,2024-10-24 08:02:32
167,70,33,8,,,126.83859031397039,37.210121747725196,126.82893442514329,37.20029697450446,2024-10-24 08:02:59
168,19,10,8,,,126.82935653342686,37.19585606266459,126.81781604694972,37.21000394013908,2024-10-24 08:03:20
169,33,56,8,,,126.82880141117175,37.20123937204527,126.83503788565993,37.204894767063564,2024-10-24 08:03:27
170,54,33,8,,,126.83318076018281,37.20950463430065,126.82847743643248,37.199765307849226,2024-10-24 08:03:35
171,5,17,8,,,126.82680100788686,37.20459118179768,126.82665643693056,37.19728252654971,2024-10-24 08:03:42
172,58,10,8,,,126.83470723353444,37.2081961298011,126.81796491417789,37.20962759527889,2024-10-24 08:03:53
173,33,56,8,,,126.82869389050174,37.20046206214985,126.83560479608505,37.204887238731125,2024-10-24 08:04:08
174,58,33,8,,,126.83524900589408,37.20811803611236,126.82881826494736,37.20043891127381,2024-10-24 08:04:29
175,33,58,8,,,126.82942268895434,37.201325418538794,126.83575918543148,37.20863142076929,2024-10-24 08:04:41
176,2,65,8,,,126.82157841095643,37.205498663075396,126.83426844025365,37.200951939072034,2024-10-24 08:06:00
177,58,19,8,,,126.83514721510392,37.20868867137896,126.82897482186128,37.194960252075006,2024-10-24 08:06:09
178,17,54,8,,,126.82681340110493,37.19729037962759,126.83200461799801,37.20939448897449,2024-10-24 08:06:43
179,32,59,8,,,126.83223053019778,37.202413890888366,126.83200712784478,37.20825588372871,2024-10-24 08:06:45
180,33,56,8,,,126.82904894329441,37.20162763830101,126.83519838332762,37.2064463117178,2024-10-24 08:06:46
181,58,19,8,,,126.83580783382574,37.20908058822477,126.82803484738265,37.19599959991934,2024-10-24 08:07:03
182,34,3,8,,,126.8207596981851,37.20337636204059,126.82542038053506,37.20879581529081,2024-10-24 08:07:30
183,12,6,8,,,126.81942777243766,37.20479324397474,126.82514106339387,37.20487453349002,2024-10-24 08:08:37
184,70,33,8,,,126.83791076068955,37.20862820067533,126.82866445163152,37.201292800595475,2024-10-24 08:09:06
185,70,33,8,,,126.83837111399855,37.2086657303728,126.82890115851977,37.20058114201926,2024-10-24 08:09:12
186,32,24,8,,,126.83174124880065,37.20152379638407,126.81852259514952,37.19161131021036,2024-10-24 08:09:15
187,19,56,8,,,126.82967299652674,37.19529132496452,126.83452659547602,37.20593560051073,2024-10-24 08:09:20
188,40,35,8,,,126.83087677484895,37.192431262362035,126.8191205277403,37.202239511852774,2024-10-24 08:10:07
189,56,41,8,,,126.83484657187518,37.205522444925634,126.83482845968523,37.19745872551883,2024-10-24 08:10:18
190,58,33,8,,,126.83422046432516,37.208901020597736,126.829753444725,37.200394381692625,2024-10-24 08:11:18
191,56,31,8,,,126.83497389440386,37.20490129069647,126.82920766840552,37.19731050707077,2024-10-24 08:11:59
192,17,54,8,,,126.8255635561476,37.19610960753973,126.83291130916163,37.21093515369113,2024-10-24 08:12:17
193,58,19,8,,,126.83508433752513,37.208101708127884,126.8279899365188,37.19433655091054,2024-10-24 08:12:51
194,70,33,8,,,126.83854301026008,37.20911175108984,126.82962573611253,37.199761390932856,2024-10-24 08:13:02
195,18,65,8,,,126.82442791025936,37.196687739721526,126.83422281873497,37.19922487615326,2024-10-24 08:13:35
196,51,34,8,,,126.81939489273613,37.21111393882648,126.82093790851259,37.20316677770761,2024-10-24 08:15:18
197,33,58,8,,,126.82860938173731,37.20032290197123,126.83413875057221,37.20925971667339,2024-10-24 08:15:54
198,56,41,8,,,126.83442066615213,37.204848528348506,126.83354153990493,37.196542953323664,2024-10-24 08:16:07
199,69,30,8,,,126.83668975343478,37.20632601766962,126.83236284304668,37.19877057985606,2024-10-24 08:16:13
200,34,40,8,,,126.82073970005254,37.2032319525995,126.83058025993725,37.19283063291204,2024-10-24 08:16:14
201,59,33,8,,,126.83306489530679,37.20699671339041,126.82998450016287,37.20060381407443,2024-10-24 08:16:19
202,17,54,8,,,126.82657193370758,37.19676497474634,126.83294769768656,37.20965785138243,2024-10-24 08:16:26
203,70,33,8,,,126.83755477154777,37.208788479315224,126.82980088878845,37.201444755898386,2024-10-24 08:18:39
204,52,19,8,,,126.8312734479814,37.217707812737125,126.82981528232285,37.195725139079805,2024-10-24 08:19:01
205,65,22,8,,,126.83378071480814,37.19917931986916,126.81591954290134,37.19516077819542,2024-10-24 08:19:27
206,2,17,8,,,126.82173276789351,37.20619479583504,126.82547901370691,37.19729063978571,2024-10-24 08:19:40
207,17,72,8,,,126.8262542373232,37.19704751764632,126.81233247499999,37.20667619852287,2024-10-24 08:20:25
208,17,54,8,,,126.82549760138363,37.1975764883657,126.83225862397649,37.21078576142417,2024-10-24 08:20:26
209,54,20,8,,,126.83237393526603,37.211036549535905,126.81495593217115,37.19180984735875,2024-10-24 08:21:05
210,54,33,8,,,126.83322555966448,37.21063666642933,126.82848418745738,37.20080096997759,2024-10-24 08:21:16
211,51,9,8,,,126.81985050178447,37.210122681501595,126.81441600488702,37.20486738452132,2024-10-24 08:21:19
212,11,58,8,,,126.81473636701413,37.208746543619796,126.83490523697422,37.209081472407256,2024-10-24 08:21:43
213,56,33,8,,,126.83580395832678,37.204986665654104,126.82969349345959,37.20058597666815,2024-10-24 08:22:10
214,40,55,8,,,126.83152152656022,37.19306170669303,126.82999765160882,37.20870231197055,2024-10-24 08:22:11
215,22,28,8,,,126.81524411756637,37.19575710148455,126.829617160961,37.20274564001701,2024-10-24 08:22:18
216,72,56,8,,,126.81125485886189,37.20749784051697,126.83476096185389,37.205848162548406,2024-10-24 08:22:23
217,14,21,8,,,126.81926599485107,37.207850524055154,126.81823381237821,37.19550350348419,2024-10-24 08:23:06
218,66,29,8,,,126.8371995896932,37.2047688854226,126.82660140895528,37.20219342549444,2024-10-24 08:23:51
219,19,10,8,,,126.82985157320586,37.19518445261751,126.81796606608198,37.2089287238475,2024-10-24 08:24:30
220,56,33,8,,,126.83559769842775,37.20481917905555,126.82949201595403,37.20015241581401,2024-10-24 08:24:42
221,22,58,8,,,126.81671981137444,37.19532384450208,126.83464701963837,37.20911959984126,2024-10-24 08:24:58
222,59,59,8,,,126.83258848635134,37.20773439124742,126.83298652466856,37.207258972404304,2024-10-24 08:25:06
223,62,35,8,,,126.83724841132064,37.21246446510117,126.81972614696836,37.20266514295764,2024-10-24 08:25:20
224,70,33,8,,,126.83685121766136,37.20904682982088,126.82900387836375,37.20124282289692,2024-10-24 08:25:29
225,17,54,8,,,126.82589401431065,37.19663101381731,126.83303548916726,37.21001757799179,2024-10-24 08:25:35
226,58,33,8,,,126.83479003257776,37.20874564112885,126.82971993512173,37.199921370392566,2024-10-24 08:25:42
227,58,33,8,,,126.83449477140358,37.20776716012477,126.82956375433733,37.201051474146084,2024-10-24 08:25:43
228,68,40,8,,,126.83958067142278,37.203161895128616,126.83218839465933,37.19235627298645,2024-10-24 08:26:21
229,70,42,8,,,126.83719236763432,37.209217602555555,126.83128557771094,37.196499530137686,2024-10-24 08:26:23
230,70,33,8,,,126.83790479459445,37.21051777470333,126.82982085521506,37.20017241039477,2024-10-24 08:27:11
231,56,33,8,,,126.8347441176278,37.20606191721609,126.82835598649547,37.19989612960969,2024-10-24 08:27:36
232,42,70,8,,,126.83145788166283,37.19579325639313,126.83700890487769,37.20937150859926,2024-10-24 08:28:14
233,34,54,8,,,126.82219946843558,37.2031064178086,126.83322792250318,37.21014596642469,2024-10-24 08:28:44
234,42,70,8,,,126.83106066344999,37.19574044029774,126.83819237527008,37.210446714333976,2024-10-24 08:29:08
235,41,56,8,,,126.83463935916402,37.19639431220214,126.83521056303788,37.20634850476754,2024-10-24 08:29:22
236,12,22,8,,,126.82006829493443,37.20398808506996,126.81518114825741,37.1942928349505,2024-10-24 08:30:03
237,21,44,8,,,126.8183064036663,37.195409601905524,126.82140906487024,37.188240765368185,2024-10-24 08:30:05
238,54,40,8,,,126.83264321183434,37.21051735187946,126.83087307653855,37.19318398626879,2024-10-24 08:30:14
239,58,42,8,,,126.83563786179947,37.208679845446376,126.83101888974569,37.196682993874326,2024-10-24 08:30:19
240,27,27,8,,,126.82712756594711,37.199322230052005,126.82639159373858,37.19910938155127,2024-10-24 08:31:02
241,33,56,8,,,126.82873848500827,37.199849129712,126.83585091633225,37.205921905130005,2024-10-24 08:31:02
242,69,30,8,,,126.83826762998275,37.20584932958247,126.83184715239803,37.19893058721303,2024-10-24 08:31:12
243,17,54,8,,,126.82542441430918,37.196280293657914,126.83347430727176,37.21080274064779,2024-10-24 08:31:22
244,29,60,8,,,126.82645786632898,37.20321929284036,126.83217570328804,37.212825803390686,2024-10-24 08:31:41
245,46,1,8,,,126.83087422519337,37.211062441569176,126.81530939442293,37.19726374382245,2024-10-24 08:32:22
246,10,17,8,,,126.81649763892497,37.21029875160494,126.82617279147277,37.19687217039536,2024-10-24 08:32:56
247,11,17,8,,,126.81421900603817,37.20898765450607,126.8260704993577,37.1967383230127,2024-10-24 08:33:25
248,39,15,8,,,126.82137155697289,37.2006637076976,126.8164308930044,37.20732149072603,2024-10-24 08:33:28
249,10,17,8,,,126.81659390023334,37.210203568459605,126.82623660013215,37.19718046350145,2024-10-24 08:34:01
250,70,17,8,,,126.83759964066427,37.209647833203576,126.82667696102921,37.196709910397914,2024-10-24 08:34:39
251,58,33,8,,,126.8348582748072,37.20818231079482,126.82874265869984,37.200026308710115,2024-10-24 08:34:42
252,35,38,8,,,126.81892782571201,37.20216069043991,126.82439906194809,37.20076281195411,2024-10-24 08:35:02
253,4,44,8,,,126.82115791094685,37.209334905478485,126.82051376193557,37.18971667672399,2024-10-24 08:35:07
254,58,19,8,,,126.83486087538861,37.20867826541477,126.82864102223765,37.195870702335384,2024-10-24 08:35:41
255,70,17,8,,,126.83695409184496,37.21048883828064,126.82642027483944,37.19682175913224,2024-10-24 08:35:44
256,56,33,8,,,126.83564977854051,37.20480021346791,126.82875741749521,37.20115739251729,2024-10-24 08:35:46
257,58,33,8,,,126.83480660821317,37.20753414958684,126.82857637146027,37.20119839807326,2024-10-24 08:35:56
258,32,47,8,,,126.8324837637992,37.201584758228606,126.82735520445767,37.21015618173915,2024-10-24 08:36:52
259,69,30,8,,,126.83781201473977,37.20760416717913,126.83232739009468,37.19877743828645,2024-10-24 08:37:27
260,26,66,8,,,126.81893450816699,37.19325924067671,126.8374429404981,37.202935778878555,2024-10-24 08:38:02
261,29,37,8,,,126.82707365037164,37.20205653012714,126.82153155451189,37.19771890847244,2024-10-24 08:38:19
262,49,45,8,,,126.82699392102448,37.21332204793947,126.82539498644245,37.21228883212091,2024-10-24 08:38:20
263,58,33,8,,,126.83596657237936,37.20878587881414,126.82962638281349,37.200286246339466,2024-10-24 08:39:46
264,58,3,8,,,126.83514775323982,37.20757099884255,126.824744238934,37.209386910337564,2024-10-24 08:40:22
265,56,17,8,,,126.83524299482559,37.20561618479968,126.82619614623846,37.19586047496681,2024-10-24 08:40:29
266,56,17,8,,,126.83431757595683,37.20475248320999,126.82694031850089,37.19766028841605,2024-10-24 08:40:54
267,10,17,8,,,126.81776882962312,37.20935474412292,126.82595811425192,37.19749769411045,2024-10-24 08:40:55
268,72,14,8,,,126.81100278012158,37.208166198403745,126.81867622401886,37.20719153809212,2024-10-24 08:41:07
269,70,17,8,,,126.83796006063119,37.20924516137799,126.82674204925212,37.1961442680652,2024-10-24 08:41:58
270,69,30,8,,,126.83675270608408,37.205734217677055,126.83244497102797,37.19844277662543,2024-10-24 08:42:00
271,19,46,8,,,126.82937734376608,37.19453608235724,126.83057239160478,37.212463116501894,2024-10-24 08:42:23
272,69,30,8,,,126.83707813081038,37.20675446674087,126.8316335226156,37.198218082449046,2024-10-24 08:43:08
273,28,58,8,,,126.82875503764744,37.20436190420507,126.83418312876854,37.20792629840655,2024-10-24 08:43:35
274,56,41,8,,,126.835157773267,37.20591351593107,126.83449023514072,37.19792444902844,2024-10-24 08:43:53
275,58,19,8,,,126.83462856691644,37.207803772424995,126.82874503270213,37.19491034530577,2024-10-24 08:44:06
276,54,33,8,,,126.83195563773286,37.20999504318184,126.82837558757419,37.200932126889676,2024-10-24 08:44:52
277,54,17,8,,,126.83220678387487,37.21085239607376,126.82681101699201,37.19613047238552,2024-10-24 08:44:54
278,19,10,8,,,126.82788238505012,37.19482644023898,126.81756680034437,37.21006839713513,2024-10-24 08:44:56
279,58,33,8,,,126.83532316192554,37.208242570570796,126.82893343715226,37.201541787263494,2024-10-24 08:45:12
280,11,58,8,,,126.81462994925488,37.208841920638065,126.83606272834598,37.20776286524254,2024-10-24 08:45:18
281,56,32,8,,,126.83405288070131,37.206255319666084,126.8310838302928,37.20247003344582,2024-10-24 08:45:36
282,16,4,8,,,126.82325748356857,37.19359237755583,126.8225930436624,37.20831837337981,2024-10-24 08:46:02
283,17,54,8,,,126.82555334324684,37.1968628365168,126.83364719181499,37.21108394576371,2024-10-24 08:46:15
284,16,70,8,,,126.82449231661944,37.193715551385054,126.837686676143,37.21003306203222,2024-10-24 08:46:43
285,32,64,8,,,126.8318859919418,37.201487564639244,126.84322745711997,37.20415458869776,2024-10-24 08:47:07
286,11,58,8,,,126.81409185294994,37.207734744404995,126.83495462966034,37.2091706805541,2024-10-24 08:47:36
287,7,14,8,,,126.82635917119353,37.20800097977004,126.82006965566984,37.20786404980812,2024-10-24 08:47:40
288,10,17,8,,,126.81711185512683,37.20865501866734,126.82559203784884,37.1968741430597,2024-10-24 08:48:27
289,36,38,8,,,126.82467899565734,37.19907078633802,126.82408493331971,37.201362614870696,2024-10-24 08:49:38
290,70,33,8,,,126.83702606093414,37.20985373809876,126.8298276312303,37.20082958950748,2024-10-24 08:50:02
291,58,33,8,,,126.83595797544017,37.209452982828054,126.82965518545758,37.19985268879449,2024-10-24 08:50:26
292,49,31,8,,,126.82700968936092,37.21340804969539,126.83000347051785,37.19697024759456,2024-10-24 08:50:26
293,54,33,8,,,126.83242427723596,37.21025443987116,126.82862909192912,37.20057307444571,2024-10-24 08:50:56
294,50,47,8,,,126.82321106151424,37.211346387386705,126.8271006942181,37.209950028094276,2024-10-24 08:51:13
295,56,41,8,,,126.83506766588754,37.205770390259524,126.83499989664011,37.19755822223541,2024-10-24 08:51:30
296,56,17,8,,,126.83459907541908,37.20566761190455,126.82676205523214,37.195991419786,2024-10-24 08:51:32
297,56,41,8,,,126.83426302196601,37.205953937313986,126.83422403437696,37.19774165145728,2024-10-24 08:51:49
298,16,25,8,,,126.82357949679891,37.192849588158275,126.82050662142801,37.19484326162149,2024-10-24 08:51:50
299,6,72,8,,,126.8239267951223,37.203238356413664,126.81121792543968,37.206438028531956,2024-10-24 08:51:52
300,11,33,8,,,126.81423660048581,37.20834399344258,126.82869157812483,37.20030933756482,2024-10-24 08:52:04
301,56,17,8,,,126.83456497441999,37.20515395830099,126.82689964769314,37.195785100054735,2024-10-24 08:52:10
302,58,33,8,,,126.83458616556231,37.20843119644387,126.82846860354603,37.199940913570714,2024-10-24 08:52:18
303,42,70,8,,,126.83228186848842,37.196218063612235,126.83859491524312,37.20939966918207,2024-10-24 08:52:29
304,58,19,8,,,126.835328851194,37.20813538889581,126.82916079983254,37.19561328262028,2024-10-24 08:52:52
305,19,22,8,,,126.82908031911492,37.195632548996166,126.81616607318149,37.194966781666345,2024-10-24 08:52:57
306,56,41,8,,,126.83536348791947,37.205341669823895,126.83486587433842,37.19783385248183,2024-10-24 08:52:59
307,61,26,8,,,126.83317534965963,37.21558873400856,126.81898692670897,37.19446022688432,2024-10-24 08:53:07
308,70,33,8,,,126.83878037157072,37.20990889443156,126.82867882937425,37.2006228452076,2024-10-24 08:53:11
309,56,33,8,,,126.8349296962772,37.20497918470904,126.82933417750206,37.19989383614404,2024-10-24 08:53:11
310,10,17,8,,,126.81668992759904,37.21004708709968,126.82593996477242,37.19734507505313,2024-10-24 08:53:55
311,58,19,8,,,126.83421512489696,37.20893649669309,126.8290095024915,37.1958529286703,2024-10-24 08:54:03
312,70,42,8,,,126.83842102937395,37.20957808100581,126.83070873786913,37.196569555804146,2024-10-24 08:54:25
313,62,17,8,,,126.83878923569726,37.212564710505475,126.8263668007572,37.19587399984812,2024-10-24 08:54:41
314,26,37,8,,,126.81927893081556,37.1927580299928,126.82219374708606,37.19670511774117,2024-10-24 08:54:54
315,53,46,8,,,126.83011239089222,37.206540345908174,126.83042867124752,37.21204165446324,2024-10-24 08:55:52
316,25,45,8,,,126.82197184909414,37.19549671833048,126.82580509932109,37.21217191885999,2024-10-24 08:56:17
317,69,30,8,,,126.8382564755134,37.20666862514654,126.8317132650837,37.19944861107808,2024-10-24 08:56:38
318,65,63,8,,,126.83535291666568,37.19988651473881,126.83525970519885,37.210718506222555,2024-10-24 08:56:43
319,69,30,8,,,126.83726483525338,37.20715312382549,126.83085165121163,37.1982230273822,2024-10-24 08:57:17
320,10,17,8,,,126.81693307290118,37.2101641220967,126.82706990579382,37.19600457253978,2024-10-24 08:57:26
321,58,33,8,,,126.8351484588947,37.20903489494947,126.82979156138342,37.20074532438119,2024-10-24 08:57:38
322,58,33,8,,,126.83594576486357,37.208771782774946,126.82898099744955,37.20141234218848,2024-10-24 08:58:08
323,33,58,8,,,126.83028932798615,37.20163383912806,126.83573010711636,37.20853908551585,2024-10-24 08:58:36
324,26,49,8,,,126.81870195669042,37.19388033802734,126.8284409474172,37.213457578967045,2024-10-24 08:58:43
325,13,12,8,,,126.81587190396239,37.2040172550053,126.82018581884019,37.20472764287645,2024-10-24 08:59:27
326,60,49,9,,,126.83271882627947,37.21307363664912,126.82819384389701,37.21269620827184,2024-10-24 09:00:27
327,54,33,9,,,126.83239099260568,37.20971658079547,126.82964984560702,37.200138388019205,2024-10-24 09:00:46
328,3,55,9,,,126.82431240196743,37.20901855468495,126.82971085062493,37.20940284223005,2024-10-24 09:02:22
329,47,49,9,,,126.82731942455136,37.21184147954051,126.82862267594332,37.21365352377128,2024-10-24 09:02:28
330,42,70,9,,,126.83090101340798,37.1969418526068,126.83717031061423,37.210304019245065,2024-10-24 09:02:32
331,32,59,9,,,126.83213978905744,37.20154766796381,126.83255409341785,37.20676708820106,2024-10-24 09:03:05
332,58,62,9,,,126.83495786391407,37.20898733228927,126.8375060986413,37.213040473043975,2024-10-24 09:03:18
333,56,33,9,,,126.83399720316822,37.205132387595384,126.82939379299523,37.20054370848734,2024-10-24 09:03:19
334,58,19,9,,,126.83606865184633,37.2085834265013,126.82813437462072,37.19514940227355,2024-10-24 09:03:56
335,58,33,9,,,126.83581121645643,37.20850654343293,126.82995026519913,37.199814443687245,2024-10-24 09:04:00
336,56,33,9,,,126.83397588225962,37.20484471271914,126.82972084591115,37.200861352657824,2024-10-24 09:04:35
337,56,32,9,,,126.8348528721098,37.20661519378911,126.83135918842333,37.20132068613556,2024-10-24 09:04:42
338,19,10,9,,,126.82818235001263,37.1954120559005,126.81693906142837,37.209169505832165,2024-10-24 09:04:58
339,33,8,9,,,126.8292149821387,37.20043848051432,126.82526715959114,37.2070503077783,2024-10-24 09:05:01
340,11,17,9,,,126.813959966593,37.20750778688118,126.82633728584553,37.19591797028113,2024-10-24 09:05:02
341,2,40,9,,,126.8217442838469,37.20621199653885,126.83182653881835,37.19332606993432,2024-10-24 09:05:07
342,70,33,9,,,126.8379466495984,37.209138083077896,126.830013158228,37.200799174704144,2024-10-24 09:05:15
343,15,67,9,,,126.81705678354767,37.20602416781375,126.83393474052274,37.20292890712507,2024-10-24 09:05:23
344,28,8,9,,,126.83042911522844,37.20258253100511,126.82445280644188,37.207678921299994,2024-10-24 09:06:36
345,42,70,9,,,126.83082581792542,37.19647777712862,126.8387745546228,37.210468566833185,2024-10-24 09:06:51
346,26,37,9,,,126.8182860893639,37.19316592235071,126.82075658443219,37.19695854706006,2024-10-24 09:07:14
347,49,6,9,,,126.82741954268116,37.21451966566867,126.8246753074648,37.204043831019604,2024-10-24 09:07:19
348,56,33,9,,,126.83586539627797,37.206174574658796,126.82915499725519,37.200957544500554,2024-10-24 09:09:14
349,33,56,9,,,126.82954040961955,37.200321714559635,126.83588996118324,37.2049679233847,2024-10-24 09:09:32
350,54,33,9,,,126.83354353919856,37.210148382690825,126.82908142215878,37.19967944310544,2024-10-24 09:09:35
351,33,56,9,,,126.8287986664977,37.20130910544662,126.8353097715304,37.205788059835754,2024-10-24 09:10:05
352,42,70,9,,,126.8324209480542,37.19592920805855,126.83777363024002,37.210296328541766,2024-10-24 09:10:46
353,3,24,9,,,126.82412597014331,37.21067167342891,126.81869225110573,37.19092769448018,2024-10-24 09:10:55
354,12,17,9,,,126.81850547749464,37.205324224949194,126.82714204270111,37.196775367814496,2024-10-24 09:12:25
355,56,33,9,,,126.83535877759994,37.206517740015215,126.8299332297445,37.19989147214189,2024-10-24 09:12:52
356,31,54,9,,,126.82908675235429,37.19837652838889,126.83266940784135,37.21022292417231,2024-10-24 09:12:57
357,33,56,9,,,126.8289416583443,37.19970365759938,126.83528973022996,37.20494578180919,2024-10-24 09:13:01
358,49,43,9,,,126.82741082664742,37.21428038373312,126.823570280811,37.19052067261746,2024-10-24 09:13:09
359,42,70,9,,,126.83112537393215,37.196627215274276,126.83693705837163,37.209110359981345,2024-10-24 09:13:36
360,10,17,9,,,126.81771582969358,37.20858353718354,126.82720297750785,37.19667372561209,2024-10-24 09:13:39
361,70,33,9,,,126.83832324213884,37.209713601506905,126.82911086541822,37.20109120566426,2024-10-24 09:14:08
362,57,8,9,,,126.83177373452153,37.20438924141523,126.8247998711997,37.20706402983548,2024-10-24 09:15:05
363,42,70,9,,,126.8306558660707,37.19639128230228,126.83825344931164,37.20936613203084,2024-10-24 09:15:24
364,32,11,9,,,126.83170501594739,37.20117679356683,126.81431569965913,37.20735821412592,2024-10-24 09:16:26
365,58,19,9,,,126.83473455230684,37.209157336466646,126.82947774143847,37.19544998235213,2024-10-24 09:16:27
366,62,46,9,,,126.83809614382794,37.2117392477243,126.82974533088976,37.21255860373433,2024-10-24 09:16:27
367,58,19,9,,,126.8347936054565,37.20796864589334,126.82876576277026,37.19419296962394,2024-10-24 09:16:34
368,70,42,9,,,126.83698280921848,37.20996574636409,126.83197423816658,37.19542383508319,2024-10-24 09:16:49
369,36,60,9,,,126.8233947679178,37.198620505647675,126.83249137839358,37.21395503293427,2024-10-24 09:19:02
370,58,33,9,,,126.83520037972407,37.208219978090874,126.8288373966322,37.20038430197547,2024-10-24 09:19:19
371,37,40,9,,,126.82164122649026,37.19783340558483,126.83128634969623,37.19327790405442,2024-10-24 09:19:43
372,18,66,9,,,126.82433061565047,37.195654882226876,126.83696466362441,37.20427792325074,2024-10-24 09:20:37
373,16,19,9,,,126.82268432158729,37.19310254974411,126.82904980600924,37.195316803611746,2024-10-24 09:20:40
374,72,33,9,,,126.8121645601321,37.20706547380405,126.82848886784213,37.19987024569259,2024-10-24 09:21:02
375,31,59,9,,,126.82827031946024,37.19784502618471,126.83236210884898,37.20716426196552,2024-10-24 09:21:03
376,58,33,9,,,126.83595106779066,37.20806503065339,126.82869432077268,37.20008939840846,2024-10-24 09:22:43
377,33,56,9,,,126.82935293879808,37.201273714574754,126.83569499309228,37.204940800622104,2024-10-24 09:22:44
378,58,33,9,,,126.83577626334863,37.207973308117396,126.82959766228622,37.201598799398866,2024-10-24 09:23:02
379,19,10,9,,,126.82849135411709,37.19524814928279,126.81747857662243,37.209774988109956,2024-10-24 09:23:13
380,58,19,9,,,126.83547576451873,37.20934182742179,126.82850365803323,37.19560643794911,2024-10-24 09:23:30
381,42,4,9,,,126.83186282795812,37.19696341241924,126.8215835824281,37.20917972807138,2024-10-24 09:23:38
382,10,47,9,,,126.81625290202298,37.20935577383008,126.82680318914689,37.210249096676684,2024-10-24 09:24:40
383,56,17,9,,,126.83503706715267,37.20479912473724,126.8265009179437,37.19589315633671,2024-10-24 09:24:41
384,56,17,9,,,126.83434698690999,37.20587217018924,126.82571199057566,37.19603677780599,2024-10-24 09:25:05
385,58,19,9,,,126.83558224889386,37.20764358259518,126.82840311229431,37.19441579199401,2024-10-24 09:25:19
386,58,33,9,,,126.834624539502,37.208598233627534,126.83020120246752,37.2007670679294,2024-10-24 09:25:55
387,56,33,9,,,126.83574295986148,37.205539993558276,126.82847477336269,37.20042077556362,2024-10-24 09:26:06
388,56,31,9,,,126.8339147606513,37.20515183373109,126.82823628032199,37.197286088255964,2024-10-24 09:27:01
389,65,8,9,,,126.83537868572796,37.19916960810605,126.8241029527436,37.20686858909037,2024-10-24 09:27:05
390,33,56,9,,,126.8295372294972,37.200669421873584,126.83560548369782,37.20558613022069,2024-10-24 09:28:00
391,58,19,9,,,126.83473285645812,37.20827517295579,126.82894204564738,37.194402586714645,2024-10-24 09:28:25
392,56,33,9,,,126.83578120556889,37.20587276570737,126.82879560596571,37.20144386554828,2024-10-24 09:28:37
393,56,32,9,,,126.83403624953235,37.20533197702607,126.83286839136744,37.20273475204273,2024-10-24 09:28:55
394,54,17,9,,,126.83184536396425,37.21022403581176,126.82577518184837,37.19710815194842,2024-10-24 09:29:11
395,32,56,9,,,126.83152817156926,37.20101437460976,126.83471523785235,37.2053744745725,2024-10-24 09:29:25
396,72,37,9,,,126.81175134715092,37.2070736894281,126.82031327047517,37.19723969206132,2024-10-24 09:29:25
397,69,30,9,,,126.83725679577553,37.20701352976433,126.83272272432067,37.199885587215135,2024-10-24 09:29:37
398,70,33,9,,,126.83697076969227,37.209003817307526,126.82954200384467,37.20087612035076,2024-10-24 09:29:50
399,56,17,9,,,126.8343195326792,37.20487539933732,126.82558750273517,37.19693593559848,2024-10-24 09:30:09
400,10,17,9,,,126.81715802066948,37.20986443128333,126.82620168753819,37.19682856000467,2024-10-24 09:30:18
401,10,17,9,,,126.81763120354954,37.21033278714778,126.82737876876556,37.197704762714324,2024-10-24 09:30:23
402,10,17,9,,,126.81723393147834,37.208767403190585,126.8274028771333,37.19715760152368,2024-10-24 09:30:27
403,54,33,9,,,126.83357995806986,37.2107009877974,126.82976003843422,37.20026967454375,2024-10-24 09:30:29
404,70,33,9,,,126.83753035559455,37.20952073621096,126.82917796926989,37.2015480685543,2024-10-24 09:30:45
405,54,33,9,,,126.83248272165049,37.20980708717785,126.83010451011705,37.20067082380684,2024-10-24 09:31:46
406,69,30,9,,,126.83661315488685,37.205835945158704,126.83177476161562,37.198273695919,2024-10-24 09:32:29
407,33,56,9,,,126.82957232385971,37.20000680698786,126.83559106395803,37.20588239090395,2024-10-24 09:32:47
408,33,56,9,,,126.8289138545069,37.20108326247723,126.83464544532785,37.20627441695944,2024-10-24 09:33:26
409,58,33,9,,,126.8355986239433,37.20838031259902,126.82859419043459,37.20037013520103,2024-10-24 09:33:29
410,56,17,9,,,126.83498205002464,37.20504723285088,126.82711459146107,37.196098714554765,2024-10-24 09:34:30
411,56,31,9,,,126.83402000131977,37.20553388467732,126.82892107041785,37.19711417431826,2024-10-24 09:34:50
412,58,33,9,,,126.83506508760306,37.20922427850685,126.82975910052379,37.201271416108,2024-10-24 09:35:00
413,11,58,9,,,126.81508183155539,37.207946162878066,126.83541266732797,37.209019180459805,2024-10-24 09:35:19
414,10,17,9,,,126.81713352253433,37.209112237099816,126.82592619898855,37.19629319359478,2024-10-24 09:35:20
415,49,19,9,,,126.82862657945725,37.213650580817315,126.8288022306566,37.195736948234305,2024-10-24 09:35:47
416,69,30,9,,,126.83705378753575,37.207562019711325,126.8321596202543,37.1997334746866,2024-10-24 09:36:03
417,56,33,9,,,126.8343680578417,37.20540147222901,126.82862451612382,37.200587033421456,2024-10-24 09:36:18
418,36,27,9,,,126.82365360781911,37.198188986381425,126.82707139186269,37.20012903830307,2024-10-24 09:36:23
419,62,3,9,,,126.83707751705235,37.21331034230679,126.82518847711083,37.21039240907818,2024-10-24 09:36:34
420,56,33,9,,,126.83416342388276,37.20542903655652,126.82998391660075,37.20162323161841,2024-10-24 09:36:40
421,70,17,9,,,126.83688453675946,37.209666549026835,126.82603458883273,37.197627172964104,2024-10-24 09:37:04
422,58,33,9,,,126.83596687824863,37.20843528724463,126.82959789230378,37.20075005657507,2024-10-24 09:37:18
423,11,17,9,,,126.81509440414575,37.20751667577609,126.82620193940782,37.195901136452136,2024-10-24 09:37:39
424,39,71,9,,,126.82207524302616,37.20110630581735,126.83929916184402,37.204535571605035,2024-10-24 09:38:15
425,58,33,9,,,126.83561558422667,37.20918682428506,126.8294208965045,37.19969822266636,2024-10-24 09:38:24
426,56,31,9,,,126.8348334863196,37.204758392854814,126.82953678142981,37.19846411634372,2024-10-24 09:38:29
427,70,17,9,,,126.83691185714062,37.20949052987403,126.82725678906644,37.19591833636145,2024-10-24 09:38:41
428,5,7,9,,,126.82638432549534,37.204280787362855,126.82704336132375,37.207931401313566,2024-10-24 09:38:43
429,16,39,9,,,126.82381493052029,37.192182081721256,126.82169471012989,37.20068017060468,2024-10-24 09:39:38
430,58,33,9,,,126.83496823561636,37.2086169404542,126.82897400394937,37.19997060568473,2024-10-24 09:39:52
431,58,33,9,,,126.83525078042179,37.20890726508183,126.83005322108048,37.2006245712773,2024-10-24 09:40:06
432,70,33,9,,,126.83836584303141,37.209332935397356,126.82886092743468,37.19972503418225,2024-10-24 09:40:39
433,33,56,9,,,126.82931442918456,37.20068402789681,126.83418280245526,37.20473352599788,2024-10-24 09:41:07
434,58,33,9,,,126.83492634358879,37.20886619176748,126.82895750339507,37.20014444478229,2024-10-24 09:41:15
435,2,13,9,,,126.82148097410403,37.20686592995661,126.81745899028205,37.204667746910836,2024-10-24 09:41:58
436,42,70,9,,,126.83102944798891,37.196597175108835,126.83862910158105,37.208641060158655,2024-10-24 09:42:01
437,17,56,9,,,126.82640169556655,37.197047622626016,126.83448807302172,37.205897247313544,2024-10-24 09:42:11
438,33,9,9,,,126.82855189541687,37.2010265801446,126.8138903397065,37.2063920725408,2024-10-24 09:42:32
439,71,12,9,,,126.83983465758335,37.20429721031273,126.81843045243643,37.20451006213071,2024-10-24 09:43:16
440,59,41,9,,,126.83268068628678,37.20771128705639,126.83421150909493,37.197162363586024,2024-10-24 09:43:32
441,17,54,9,,,126.82593493126194,37.197311684979184,126.83281616282945,37.20961509125325,2024-10-24 09:43:47
442,36,31,9,,,126.8234737582084,37.19911163740629,126.83000489606255,37.197818645842005,2024-10-24 09:43:54
443,10,17,9,,,126.81793121721735,37.20889564187233,126.82577771554523,37.19582146692333,2024-10-24 09:44:20
444,56,33,9,,,126.83417470932079,37.20639202673633,126.828551539712,37.20138635602662,2024-10-24 09:45:10
445,35,18,9,,,126.81877746442457,37.20193010037086,126.82364056640607,37.19660236357492,2024-10-24 09:45:12
446,10,17,9,,,126.81614005526946,37.20903311292921,126.82718828281098,37.19685398296405,2024-10-24 09:45:35
447,33,56,9,,,126.82914735391628,37.199884992043344,126.83570626391649,37.20525827496037,2024-10-24 09:45:59
448,58,19,9,,,126.83421217457766,37.20866859349489,126.8294754903543,37.194180397413895,2024-10-24 09:45:59
449,40,48,9,,,126.83211826377291,37.19338627964937,126.83012510269225,37.2145329386184,2024-10-24 09:46:11
450,70,33,9,,,126.83748219287838,37.21033258083274,126.8285941745659,37.201177001393404,2024-10-24 09:46:13
451,70,42,9,,,126.83757887862622,37.20971127954116,126.83114164281842,37.19665972796373,2024-10-24 09:46:24
452,70,33,9,,,126.83782031890242,37.20998785643893,126.82842166624131,37.20161442951923,2024-10-24 09:47:03
453,1,41,9,,,126.81601052487714,37.197965100381246,126.83505901478861,37.1976495840702,2024-10-24 09:47:05
454,69,30,9,,,126.83796233779249,37.2061754297857,126.83208251626851,37.19962666297262,2024-10-24 09:47:35
455,55,44,9,,,126.83036713021468,37.209652198573565,126.8214710804931,37.189255364405746,2024-10-24 09:48:01
456,59,15,9,,,126.83188508690951,37.20667983689022,126.81590756960273,37.20643497651373,2024-10-24 09:48:16
457,13,9,9,,,126.81745814779846,37.20315863292188,126.81367062890158,37.20547970249678,2024-10-24 09:48:25
458,11,17,9,,,126.81437730256174,37.20869487263644,126.82705229824529,37.19730796934235,2024-10-24 09:48:56
459,50,23,9,,,126.82285260996329,37.21087291181343,126.82094899758036,37.19237465737092,2024-10-24 09:49:03
460,33,58,9,,,126.828590438349,37.19979034543639,126.8347831785381,37.20787333801207,2024-10-24 09:49:39
461,57,71,9,,,126.83247541295582,37.20538527633357,126.84004665520754,37.20484305769612,2024-10-24 09:50:11
462,33,56,9,,,126.82950172268868,37.20135098671909,126.83492815790962,37.205657549265354,2024-10-24 09:50:28
463,58,33,9,,,126.83613222348328,37.207693287001014,126.8287994597411,37.200623624617045,2024-10-24 09:50:37
464,56,17,9,,,126.8346559793921,37.20662059521674,126.82723121322284,37.19717352169531,2024-10-24 09:51:02
465,56,41,9,,,126.83402161777816,37.20637037977829,126.83381432722963,37.19720374697666,2024-10-24 09:51:29
466,56,17,9,,,126.83548347108777,37.20583454822401,126.82646196569442,37.19682065355404,2024-10-24 09:51:31
467,56,33,9,,,126.83450545568553,37.20468838994759,126.82940316405546,37.201012782579916,2024-10-24 09:51:37
468,53,60,9,,,126.82998434646896,37.20568322087267,126.83270713001257,37.21328666326726,2024-10-24 09:51:41
469,56,17,9,,,126.8352369185868,37.20571795466834,126.8259005503049,37.19620646348691,2024-10-24 09:51:42
470,58,33,9,,,126.83596174046704,37.209138116965256,126.82914213371858,37.200407192707225,2024-10-24 09:51:59
471,42,70,9,,,126.83169915056337,37.19529431459648,126.83826496855563,37.209609833852525,2024-10-24 09:52:28
472,41,70,9,,,126.83381670563091,37.197805186946695,126.83824701577414,37.20911478998197,2024-10-24 09:52:46
473,33,56,9,,,126.82947122204187,37.20160989659241,126.83401144003835,37.205098005743544,2024-10-24 09:53:26
474,10,56,9,,,126.81673197016171,37.20932630621463,126.8348435413867,37.20578747410718,2024-10-24 09:53:57
475,33,17,9,,,126.82942993705396,37.20163935819323,126.82569415416502,37.196500852988024,2024-10-24 09:54:15
476,62,4,9,,,126.83740176553917,37.21323480743591,126.8222043796144,37.209521148760864,2024-10-24 09:55:02
477,56,41,9,,,126.83506095037927,37.20647571335919,126.83478087675189,37.197350904908056,2024-10-24 09:55:41
478,56,41,9,,,126.8345122585784,37.205284249523736,126.83455622517454,37.196482476147104,2024-10-24 09:55:52
479,42,70,9,,,126.83241693172458,37.19619254900287,126.83709327910874,37.20993187190003,2024-10-24 09:56:31
480,12,22,9,,,126.81855344251267,37.204036983915756,126.8155381589278,37.194591453914455,2024-10-24 09:56:45
481,17,54,9,,,126.82548800805333,37.19761749969223,126.83183433413434,37.21092103687708,2024-10-24 09:57:31
482,32,54,9,,,126.83194039947641,37.202055024795555,126.83336623315535,37.21026685599242,2024-10-24 09:57:32
483,10,25,9,,,126.81742930469524,37.208653272838376,126.82038526296131,37.19500878121022,2024-10-24 09:58:07
484,69,30,9,,,126.83665762354886,37.207023504184036,126.83152938396637,37.19874148536476,2024-10-24 09:58:35
485,26,13,9,,,126.81815057744417,37.19321843169931,126.816593141793,37.204229022342034,2024-10-24 09:58:45
486,31,26,9,,,126.82971717696304,37.19865490729276,126.81879540108746,37.194395193648404,2024-10-24 09:59:04
487,33,56,9,,,126.82836756768735,37.20104187016677,126.83584287110047,37.205592099721116,2024-10-24 09:59:32
488,47,62,9,,,126.82827892173864,37.21169921533012,126.83817915559447,37.211373917947284,2024-10-24 09:59:32
489,33,56,10,,,126.82916987197915,37.201649459342,126.83572754413674,37.20663430743042,2024-10-24 10:00:02
490,33,56,10,,,126.83000860802944,37.20140359839011,126.835853030292,37.204829202609126,2024-10-24 10:00:10
491,5,8,10,,,126.82674188359918,37.206113663639684,126.82522468987914,37.20719097797502,2024-10-24 10:00:27
492,1,51,10,,,126.81589186467656,37.197660978321636,126.8204969368374,37.20958878816407,2024-10-24 10:00:50
493,50,29,10,,,126.82145902789617,37.2110248842295,126.82743206597792,37.20152145528268,2024-10-24 10:00:56
494,30,7,10,,,126.83147219878305,37.198830393454216,126.82717957211541,37.20866501334637,2024-10-24 10:02:12
495,70,42,10,,,126.83745516702287,37.208903692810765,126.83177364616188,37.196733007007,2024-10-24 10:02:12
496,56,32,10,,,126.83551740574704,37.205001607993495,126.8329073845846,37.20270933244966,2024-10-24 10:03:35
497,54,33,10,,,126.83254686051066,37.209813813480636,126.82879154815379,37.201572638817794,2024-10-24 10:04:30
498,11,60,10,,,126.81494628312592,37.207857661483025,126.83359450927912,37.21223938221249,2024-10-24 10:04:35
499,56,32,10,,,126.83564079416807,37.20639690176932,126.83162062131777,37.20229355968079,2024-10-24 10:04:42
500,56,32,10,,,126.83392466805523,37.205749102083594,126.83212683925133,37.20114784702868,2024-10-24 10:05:53
501,38,12,10,,,126.82317102088291,37.2017271085208,126.81851281116312,37.204742275091,2024-10-24 10:06:13
502,32,59,10,,,126.83249941404266,37.20101768253463,126.83156621933766,37.2072009700435,2024-10-24 10:06:30
503,31,4,10,,,126.82856411338089,37.19840154893838,126.82233145660591,37.20930645650562,2024-10-24 10:08:00
504,56,41,10,,,126.83552392351748,37.20482376106904,126.83464520993482,37.19680438524455,2024-10-24 10:08:11
505,40,72,10,,,126.83117137071737,37.194276207714324,126.8107835237605,37.20644035237624,2024-10-24 10:08:13
506,58,19,10,,,126.83579382413303,37.20748256844846,126.82812761959369,37.19599996323212,2024-10-24 10:08:17
507,70,33,10,,,126.83828343725,37.2104912506415,126.82959280536033,37.20053951963022,2024-10-24 10:09:18
508,55,29,10,,,126.82931421472172,37.20951551570109,126.82689949670538,37.20330654996701,2024-10-24 10:09:22
509,33,56,10,,,126.8288517076816,37.20082063392297,126.83481271315321,37.20547136947168,2024-10-24 10:09:42
510,58,33,10,,,126.83537143256693,37.20752795348959,126.82890448370343,37.200157352422856,2024-10-24 10:10:08
511,56,33,10,,,126.83472880192726,37.204655675058454,126.8290071207729,37.20013177834808,2024-10-24 10:10:16
512,56,41,10,,,126.8348078632036,37.20485423479315,126.83347727380107,37.196824021854404,2024-10-24 10:10:36
513,58,32,10,,,126.83594968790099,37.208166541107474,126.83189124863097,37.20129646825983,2024-10-24 10:11:47
514,56,31,10,,,126.83562370010361,37.20650523944726,126.8299181166092,37.19795601521561,2024-10-24 10:12:13
515,70,17,10,,,126.83750025128768,37.21015242012536,126.82701046833546,37.196124559986906,2024-10-24 10:13:45
516,33,56,10,,,126.82996396867269,37.20160204002451,126.8345544600073,37.20563234918806,2024-10-24 10:14:52
517,65,64,10,,,126.83542541941118,37.20016295383566,126.84338696879755,37.20303032340128,2024-10-24 10:14:58
518,22,44,10,,,126.81544254326202,37.19484631957379,126.81992622720048,37.189053158991754,2024-10-24 10:15:03
519,38,29,10,,,126.82405898202907,37.20135860095054,126.82654063428,37.201416642701545,2024-10-24 10:15:26
520,15,44,10,,,126.81704619000266,37.20711846877239,126.82090442506792,37.188350715605914,2024-10-24 10:15:49
521,56,41,10,,,126.83431415496068,37.204792294164555,126.83440521639854,37.19775582924372,2024-10-24 10:15:56
522,56,33,10,,,126.83583109982989,37.20548255097695,126.82859902034782,37.201610901336295,2024-10-24 10:16:15
523,17,54,10,,,126.82577170848295,37.19638040024667,126.83269353816353,37.21058034757728,2024-10-24 10:16:17
524,44,2,10,,,126.81981529657081,37.18896771719523,126.82211972292016,37.2058687938436,2024-10-24 10:16:20
525,64,50,10,,,126.84314912705658,37.202786532360186,126.821491191484,37.21233503264032,2024-10-24 10:16:27
526,10,17,10,,,126.81631846358174,37.2088436257096,126.82615960108235,37.19661589615183,2024-10-24 10:16:31
527,1,69,10,,,126.81545543140459,37.19822120448054,126.83687193465946,37.20648517932742,2024-10-24 10:16:34
528,54,33,10,,,126.83254085560176,37.209365900090624,126.82953193818628,37.20057252654896,2024-10-24 10:16:41
529,56,41,10,,,126.83470121863348,37.2065797193013,126.83383348174885,37.19629385651396,2024-10-24 10:16:56
530,33,56,10,,,126.82856804971465,37.20139987804523,126.83440808419199,37.20637507688293,2024-10-24 10:18:55
531,56,33,10,,,126.83575127851407,37.204828972569665,126.8293537918144,37.20146035780822,2024-10-24 10:19:06
532,32,56,10,,,126.83133598049888,37.20194022009355,126.83449399910397,37.206600919605755,2024-10-24 10:19:11
533,33,56,10,,,126.82947014065795,37.2003412931747,126.83487940551613,37.20577520351478,2024-10-24 10:19:21
534,17,54,10,,,126.82658595617623,37.19760700540121,126.83229825991428,37.210537694657276,2024-10-24 10:20:18
535,42,35,10,,,126.83209780482431,37.19538965174495,126.81829010733456,37.202479674006156,2024-10-24 10:20:25
536,3,36,10,,,126.82399425392938,37.20973455726422,126.82343821397852,37.19800773182164,2024-10-24 10:20:27
537,2,1,10,,,126.82122373302518,37.205406442355354,126.815668189301,37.19741169842056,2024-10-24 10:20:33
538,56,33,10,,,126.83439389769522,37.206122071266414,126.83025798886773,37.20040233011976,2024-10-24 10:20:44
539,70,33,10,,,126.83740776772858,37.210007519245465,126.82831786919077,37.20002119944136,2024-10-24 10:20:56
540,54,33,10,,,126.8329879931457,37.210525633651564,126.82833960332054,37.20001707467165,2024-10-24 10:21:06
541,54,33,10,,,126.8335137381421,37.20935151761779,126.82862502763987,37.20161440963307,2024-10-24 10:21:09
542,5,66,10,,,126.82687392833364,37.20457129125753,126.83783954461244,37.203546216898,2024-10-24 10:21:26
543,56,31,10,,,126.83406450384805,37.20518543520897,126.82909430315529,37.19759590197209,2024-10-24 10:21:50
544,17,54,10,,,126.82563352938769,37.19616378879189,126.83265085638217,37.21053487735029,2024-10-24 10:22:15
545,54,33,10,,,126.83294047691926,37.20997493749978,126.82967638474683,37.20133483580273,2024-10-24 10:22:18
546,5,18,10,,,126.82693868161046,37.205096462557854,126.82402331305877,37.1963360630708,2024-10-24 10:22:29
547,58,19,10,,,126.8360176407913,37.207703709920644,126.82971445256966,37.19413610415898,2024-10-24 10:22:38
548,33,56,10,,,126.82983878142227,37.20145409218044,126.83516108875243,37.20473480514426,2024-10-24 10:23:27
549,31,8,10,,,126.8293107448754,37.198572383031156,126.82484883935479,37.20680692772177,2024-10-24 10:23:56
550,17,54,10,,,126.82664034480494,37.19746067584694,126.83308386514645,37.21082095100236,2024-10-24 10:24:01
551,1,43,10,,,126.81631011466837,37.19818572322984,126.82400114648811,37.19062731159835,2024-10-24 10:24:09
552,56,41,10,,,126.83432400215933,37.20657218873745,126.83376581618076,37.1968125707152,2024-10-24 10:24:27
553,69,30,10,,,126.836650667681,37.207551675288705,126.83267016229954,37.199332050375254,2024-10-24 10:24:29
554,33,58,10,,,126.82905796091272,37.20016656142146,126.83446412962756,37.209266255139795,2024-10-24 10:24:36
555,56,33,10,,,126.8353631597862,37.20634093126851,126.82937390235554,37.19987368090307,2024-10-24 10:25:41
556,41,46,10,,,126.83484771399458,37.19637461744077,126.82994580479566,37.21113457801932,2024-10-24 10:26:09
557,44,44,10,,,126.82072657002315,37.18969956976322,126.8209556933436,37.188708766681046,2024-10-24 10:26:24
558,58,33,10,,,126.83418520540478,37.207999525971665,126.82837288029849,37.20086001556988,2024-10-24 10:26:30
559,17,54,10,,,126.82583521165641,37.19577854032825,126.83307940791123,37.209750164154876,2024-10-24 10:26:32
560,16,61,10,,,126.82372567864827,37.191932077736176,126.83330483639942,37.215219638011746,2024-10-24 10:27:00
561,37,2,10,,,126.82171272339407,37.197674812259486,126.8217903252654,37.20638009307519,2024-10-24 10:27:03
562,54,33,10,,,126.8327450180567,37.20935833011769,126.82886920884889,37.200897876975695,2024-10-24 10:27:27
563,58,33,10,,,126.83509114132916,37.209224211750445,126.82908030392947,37.19984122596648,2024-10-24 10:28:07
564,17,58,10,,,126.82655523153602,37.196962491876484,126.83510641990063,37.20830473216627,2024-10-24 10:28:33
565,58,33,10,,,126.8359023845017,37.20785757021546,126.82957578215508,37.20071741098087,2024-10-24 10:28:37
566,24,27,10,,,126.81878976859933,37.1899173815513,126.82622496061025,37.200087749724254,2024-10-24 10:29:01
567,11,17,10,,,126.81352312436924,37.20746902241988,126.82689932550154,37.1962136424007,2024-10-24 10:29:23
568,58,19,10,,,126.83492307684568,37.20910202540519,126.8292326149521,37.19409379334315,2024-10-24 10:29:34
569,56,33,10,,,126.834170146281,37.20596780714926,126.830016100789,37.200249134912475,2024-10-24 10:29:41
570,42,70,10,,,126.83097699475987,37.195817768593116,126.83865852144845,37.21003606697148,2024-10-24 10:30:02
571,10,17,10,,,126.81696864651236,37.21031966356861,126.82641884473233,37.19657125043626,2024-10-24 10:30:39
572,23,32,10,,,126.82135853041184,37.19192442296444,126.83202083773011,37.20173713140784,2024-10-24 10:31:13
573,58,33,10,,,126.83510243844013,37.208547690214196,126.8293190598885,37.20149113689756,2024-10-24 10:32:44
574,11,58,10,,,126.81415786210914,37.20746623203268,126.83436521814517,37.209382110333486,2024-10-24 10:32:57
575,11,58,10,,,126.81352115731434,37.20795373390994,126.83503797385576,37.20890264248869,2024-10-24 10:32:58
576,70,33,10,,,126.83716713854105,37.20983788983003,126.82970139417401,37.20160326865703,2024-10-24 10:33:15
577,18,56,10,,,126.82309543650196,37.19526666213862,126.83514754966569,37.20632688972122,2024-10-24 10:33:25
578,70,10,10,,,126.83716984673447,37.20962377850178,126.81612251306642,37.208414189822136,2024-10-24 10:33:36
579,56,33,10,,,126.8355486554919,37.20490994699345,126.829449914834,37.199815443833025,2024-10-24 10:34:30
580,50,37,10,,,126.8228046323245,37.21107348927537,126.82110789713748,37.19795782371249,2024-10-24 10:34:35
581,15,39,10,,,126.81610694078734,37.205871863661436,126.82240135755764,37.200358602972784,2024-10-24 10:35:13
582,44,26,10,,,126.81961394327038,37.18975539081152,126.81798608953093,37.193249886991985,2024-10-24 10:36:03
583,17,70,10,,,126.82669613963644,37.19715650609466,126.83792855835081,37.21053932840386,2024-10-24 10:36:41
584,8,15,10,,,126.82515177277071,37.20631044802448,126.81724109609252,37.205576789413136,2024-10-24 10:37:14
585,11,17,10,,,126.81447638204862,37.20841816990771,126.82618788778363,37.19666119734461,2024-10-24 10:38:05
586,19,10,10,,,126.82885612881434,37.19504570479661,126.81684143798337,37.20970765568085,2024-10-24 10:38:20
587,69,30,10,,,126.83849099155364,37.20600791986128,126.83239584715562,37.19960432245002,2024-10-24 10:38:28
588,56,17,10,,,126.83422334967032,37.20497668207826,126.82719415628657,37.19731629814812,2024-10-24 10:38:41
589,23,60,10,,,126.82136366119124,37.19102153534479,126.83262987280725,37.21365577729509,2024-10-24 10:39:05
590,32,59,10,,,126.83271525945958,37.20128119085433,126.83280624619645,37.20834875420181,2024-10-24 10:39:05
591,58,19,10,,,126.83575857365247,37.20797629590682,126.8279951331907,37.19407842912263,2024-10-24 10:40:00
592,5,25,10,,,126.82671877947931,37.20448826565805,126.82043878391922,37.19550290054232,2024-10-24 10:40:34
593,42,70,10,,,126.83112072547704,37.19655775243318,126.83687238201144,37.210422087788935,2024-10-24 10:40:57
594,70,17,10,,,126.83787163022744,37.20897714718212,126.82724141181812,37.19577100723436,2024-10-24 10:41:04
595,56,41,10,,,126.83558057921009,37.20472357890917,126.83341822613451,37.19685154259655,2024-10-24 10:41:11
596,70,33,10,,,126.8372652076271,37.21011351288393,126.8286649766374,37.200843683175925,2024-10-24 10:41:53
597,42,70,10,,,126.83227080890623,37.19648852549521,126.8370196634241,37.20871290536567,2024-10-24 10:42:03
598,3,55,10,,,126.82507374879067,37.209757699509794,126.8292575285112,37.20902823974446,2024-10-24 10:42:40
599,56,17,10,,,126.83481912526348,37.20479705935552,126.8264048394578,37.196489888032644,2024-10-24 10:42:50
600,7,64,10,,,126.82745319087189,37.208013570801924,126.842268667338,37.20273832695162,2024-10-24 10:43:12
601,33,56,10,,,126.82985204184706,37.2012549801257,126.83540833447387,37.205448620839555,2024-10-24 10:43:15
602,33,56,10,,,126.82903071883611,37.20099407050603,126.8349775786369,37.20476958066507,2024-10-24 10:43:20
603,17,54,10,,,126.8261828979681,37.1963964484617,126.83190035257122,37.20997856250527,2024-10-24 10:43:37
604,70,42,10,,,126.83869210878625,37.20967062979098,126.83204157051323,37.19539667989176,2024-10-24 10:43:39
605,10,71,10,,,126.81680941260527,37.20969320613146,126.84098684718798,37.20549402208699,2024-10-24 10:44:02
606,58,19,10,,,126.83439066256724,37.208345517249796,126.82952490147304,37.195844984697914,2024-10-24 10:44:05
607,14,67,10,,,126.8200711284548,37.20682273061768,126.83516537890188,37.20368706918708,2024-10-24 10:44:14
608,33,58,10,,,126.83006312011595,37.20026951387312,126.8343197594383,37.2092118446766,2024-10-24 10:44:22
609,10,59,10,,,126.81634285409937,37.20966765011413,126.83257408814902,37.20760313340191,2024-10-24 10:44:53
610,56,31,10,,,126.83436553855442,37.206088476039604,126.82817829708469,37.19786793540844,2024-10-24 10:46:01
611,42,70,10,,,126.83161190041011,37.19540109928913,126.83811877362545,37.20855647878265,2024-10-24 10:46:13
612,33,56,10,,,126.82905241572557,37.20153845509254,126.83456330826844,37.20654342745068,2024-10-24 10:47:25
613,56,33,10,,,126.8348256457652,37.20643407517323,126.82947581463218,37.20116158166204,2024-10-24 10:47:50
614,70,42,10,,,126.8376019360537,37.21043692561844,126.83248125173759,37.19710395941655,2024-10-24 10:47:55
615,70,33,10,,,126.83760992432386,37.210423375725675,126.82891780368487,37.19986784720472,2024-10-24 10:48:05
616,8,36,10,,,126.82521190799729,37.20636989039199,126.8230833511857,37.19916689596348,2024-10-24 10:48:21
617,33,56,10,,,126.82880938285747,37.200309976287585,126.83469413120872,37.20633003060624,2024-10-24 10:48:33
618,11,58,10,,,126.81394969193988,37.20754048367033,126.83454681412167,37.208369319872574,2024-10-24 10:49:50
619,56,31,10,,,126.83435776033575,37.20595432588179,126.82992193079993,37.19734681200533,2024-10-24 10:50:33
620,43,20,10,,,126.82356604968285,37.18984193618164,126.81625698525391,37.19301463944147,2024-10-24 10:51:03
621,58,19,10,,,126.83432253002323,37.20855889638613,126.82945380860416,37.194238643454476,2024-10-24 10:51:04
622,42,70,10,,,126.8320109021548,37.19536170760044,126.83767751068217,37.2092426005795,2024-10-24 10:51:22
623,48,66,10,,,126.8314095658716,37.21468590295908,126.8375445228754,37.203053925249684,2024-10-24 10:52:04
624,63,50,10,,,126.83482297347425,37.21144240804844,126.82187508828031,37.21081976329174,2024-10-24 10:52:20
625,11,48,10,,,126.81470678586352,37.20861624429176,126.83143023879275,37.214045363572076,2024-10-24 10:52:43
626,56,33,10,,,126.83537365638159,37.20619469120486,126.82990622045978,37.20075890134958,2024-10-24 10:52:44
627,70,19,10,,,126.8378713229563,37.20876137048273,126.82801125233073,37.194764608461966,2024-10-24 10:52:51
628,56,17,10,,,126.83442722363117,37.20628793303839,126.82690517221447,37.19651337910338,2024-10-24 10:53:27
629,32,6,10,,,126.83141311121118,37.20115974403415,126.82409431360367,37.20325384853057,2024-10-24 10:53:34
630,42,70,10,,,126.8311048191709,37.195395053533076,126.83792552646271,37.20870802673073,2024-10-24 10:54:00
631,17,54,10,,,126.82560912354373,37.195894767744534,126.83204580809583,37.21093743315386,2024-10-24 10:54:20
632,56,33,10,,,126.83557252937749,37.205428824634765,126.82921978908205,37.200318286001924,2024-10-24 10:54:40
633,58,33,10,,,126.83417213943589,37.208545967967986,126.82974101471459,37.20043077903211,2024-10-24 10:54:45
634,56,17,10,,,126.83495643813102,37.205501568431636,126.82735572062184,37.19629553954325,2024-10-24 10:55:05
635,58,33,10,,,126.8342502619298,37.20901573116478,126.82937313796135,37.20164884551122,2024-10-24 10:55:20
636,10,56,10,,,126.81728653784684,37.209412074311786,126.83544663780395,37.204812883161054,2024-10-24 10:55:27
637,7,66,10,,,126.82703146338343,37.20860328923949,126.83676939597898,37.20477207587353,2024-10-24 10:55:44
638,56,41,10,,,126.83397089389483,37.206624272533766,126.83414020266572,37.197004739731675,2024-10-24 10:55:59
639,24,14,10,,,126.81864963542803,37.191226121158415,126.81890811207332,37.20748673841357,2024-10-24 10:56:09
640,58,19,10,,,126.83550564999331,37.20825981822147,126.82803426796706,37.19590997855323,2024-10-24 10:56:13
641,33,56,10,,,126.82856274773589,37.20058494638971,126.83479130160588,37.2063582224928,2024-10-24 10:57:07
642,56,33,10,,,126.83392791934827,37.20602984090553,126.82983213168384,37.20033581760078,2024-10-24 10:57:18
643,19,16,10,,,126.82820069609346,37.19492253224277,126.82408922655273,37.19300448878598,2024-10-24 10:57:20
644,68,23,10,,,126.83930394834142,37.20152026848887,126.82128964533776,37.19142913077866,2024-10-24 10:57:42
645,42,70,10,,,126.83115418252417,37.19643220389563,126.83783777833138,37.20957502755433,2024-10-24 10:57:49
646,10,17,10,,,126.81682846029331,37.209929576011724,126.82667229152558,37.19676824667218,2024-10-24 10:57:52
647,56,31,10,,,126.8340006927679,37.204667495439026,126.82993067436068,37.19757823863128,2024-10-24 10:58:54
648,19,10,10,,,126.82788535599772,37.194752907101496,126.81764060899413,37.208611331769056,2024-10-24 10:59:05
649,70,17,10,,,126.83686255899163,37.20918670692135,126.82724006774124,37.19694285859178,2024-10-24 10:59:16
650,10,33,10,,,126.8170974675196,37.20972168007153,126.82903333236345,37.20124722469846,2024-10-24 10:59:22
651,56,17,10,,,126.8356815592276,37.205180448265764,126.82546433194862,37.19731250082258,2024-10-24 10:59:37
652,70,17,11,,,126.8372249076446,37.21002686923123,126.82712650892326,37.197507340164236,2024-10-24 11:00:53
653,51,34,11,,,126.81994803860503,37.21077288541356,126.82209518737986,37.20255189300115,2024-10-24 11:01:13
654,22,51,11,,,126.81648014154528,37.19493787191753,126.82038035788491,37.21004128772591,2024-10-24 11:01:22
655,54,33,11,,,126.83200985790833,37.21037286016344,126.82961535413766,37.200398965767164,2024-10-24 11:01:29
656,33,58,11,,,126.83030921157658,37.20097658400529,126.8349702108414,37.20797750714755,2024-10-24 11:01:44
657,54,33,11,,,126.83295253059511,37.20994385935919,126.82956054293204,37.20120828219105,2024-10-24 11:02:33
658,56,17,11,,,126.83572944296304,37.2057391968204,126.82636694733182,37.19714604807251,2024-10-24 11:02:41
659,58,19,11,,,126.8352340706087,37.2084725132665,126.82950039573004,37.19479210394219,2024-10-24 11:03:26
660,69,35,11,,,126.83718453567347,37.20710490498117,126.81808842763868,37.202480546300265,2024-10-24 11:04:14
661,56,33,11,,,126.83453720559787,37.205166145027405,126.82967013121946,37.20107491921733,2024-10-24 11:04:19
662,53,57,11,,,126.82935884197663,37.20694458595658,126.8326790905034,37.20414377658595,2024-10-24 11:04:27
663,39,64,11,,,126.82087351992412,37.20018334443262,126.842877952262,37.20249311023243,2024-10-24 11:04:51
664,58,19,11,,,126.83573560204469,37.20837684379162,126.82957936756695,37.19493102592848,2024-10-24 11:05:22
665,56,31,11,,,126.83568931373121,37.206345411094304,126.8283670101555,37.19686963029407,2024-10-24 11:06:29
666,19,10,11,,,126.82899155663756,37.19588468509067,126.81658236282092,37.208540243225386,2024-10-24 11:06:50
667,10,17,11,,,126.81635038751912,37.20848666314327,126.82686958961682,37.19652055600976,2024-10-24 11:07:08
668,69,30,11,,,126.8368849079648,37.20577425956296,126.83117484966392,37.199271437126086,2024-10-24 11:07:16
669,19,10,11,,,126.82816258860119,37.19486371355469,126.81752693188854,37.209514130606294,2024-10-24 11:07:40
670,56,17,11,,,126.8349042078345,37.206212439425286,126.82696153727947,37.19698764386031,2024-10-24 11:07:46
671,39,55,11,,,126.82221721905356,37.200179978203145,126.83087515142785,37.209279665718135,2024-10-24 11:08:02
672,32,58,11,,,126.83148310195885,37.20210885344266,126.83502528633446,37.20843622808026,2024-10-24 11:08:27
673,56,33,11,,,126.8348849752621,37.20560907860568,126.82919564913794,37.20144097072049,2024-10-24 11:08:55
674,63,27,11,,,126.83556249811775,37.21055079022003,126.82665413198504,37.200357932445584,2024-10-24 11:09:06
675,58,33,11,,,126.83561810124999,37.20910233192196,126.82882285199992,37.200484204378796,2024-10-24 11:09:35
676,42,70,11,,,126.83198222076923,37.19574816007076,126.83779389489064,37.21009741165361,2024-10-24 11:09:46
677,56,41,11,,,126.83502541818152,37.20632098533541,126.83334493255738,37.1981715385283,2024-10-24 11:10:08
678,11,17,11,,,126.81333354239642,37.207366143020074,126.82705341406044,37.195944896960214,2024-10-24 11:10:29
679,27,54,11,,,126.82704868153677,37.19871629266999,126.83323292128381,37.21000024477587,2024-10-24 11:10:51
680,32,59,11,,,126.83255888603996,37.202454147374944,126.83189034971863,37.20680641477191,2024-10-24 11:11:07
681,58,19,11,,,126.83511637539154,37.20760838508708,126.82980647921616,37.194516612390544,2024-10-24 11:11:17
682,17,54,11,,,126.82702254088892,37.197713969998276,126.83251863822319,37.20944584649112,2024-10-24 11:11:24
683,33,56,11,,,126.82833120083166,37.20086806676535,126.83551890084651,37.20514770017567,2024-10-24 11:11:49
684,70,33,11,,,126.8370574408217,37.21000968827079,126.82887249787004,37.199747051330306,2024-10-24 11:11:51
685,70,33,11,,,126.83839124967781,37.2095807418734,126.82940043368758,37.199984523849395,2024-10-24 11:12:33
686,11,70,11,,,126.81408880162628,37.20799917436634,126.83690796704853,37.208912695181056,2024-10-24 11:12:37
687,33,56,11,,,126.82984522215403,37.19996564145707,126.83551958935338,37.20644229338244,2024-10-24 11:12:51
688,70,33,11,,,126.83717358499612,37.209127884742344,126.82868822654048,37.20103110056777,2024-10-24 11:13:12
689,58,33,11,,,126.83599351198755,37.20783374140319,126.829228365394,37.20045157584419,2024-10-24 11:13:22
690,32,11,11,,,126.83264623835305,37.201294459718724,126.81459673087024,37.20826738606654,2024-10-24 11:13:35
691,42,50,11,,,126.83252526705577,37.19580073292532,126.82335267268407,37.2122862039218,2024-10-24 11:13:40
692,42,70,11,,,126.83088809537018,37.19663777971789,126.8377978873804,37.21006849677103,2024-10-24 11:14:17
693,58,33,11,,,126.83484335742641,37.207463048497715,126.8299140988087,37.2009331052253,2024-10-24 11:15:08
694,58,33,11,,,126.83479702472036,37.209147289481336,126.82951417568054,37.20120061566409,2024-10-24 11:15:13
695,70,11,11,,,126.83794127430473,37.21002435477048,126.81489452559782,37.2077323242618,2024-10-24 11:15:18
696,33,16,11,,,126.82885244053595,37.201021173356544,126.82253756948852,37.192692707580484,2024-10-24 11:15:22
697,56,17,11,,,126.83525199597305,37.204648395291066,126.8270760837768,37.19758340033014,2024-10-24 11:16:00
698,1,69,11,,,126.81575530291607,37.19777090386841,126.83852041379062,37.20699608882093,2024-10-24 11:16:14
699,62,5,11,,,126.8389704189325,37.21190257537023,126.82698314058072,37.20615700001472,2024-10-24 11:16:56
700,17,58,11,,,126.82685982546464,37.19640913921912,126.834307134351,37.2090733419416,2024-10-24 11:17:36
701,32,59,11,,,126.83237692684492,37.202244426990745,126.83222077890609,37.20694791635016,2024-10-24 11:17:39
702,70,33,11,,,126.8379867053145,37.20879966235897,126.82897539895491,37.20017581516063,2024-10-24 11:18:02
703,4,40,11,,,126.8225419609646,37.20810441964075,126.83190078286201,37.193000860219186,2024-10-24 11:18:06
704,11,56,11,,,126.81427305255437,37.20921124870866,126.83547848285426,37.204873937140434,2024-10-24 11:19:55
705,56,20,11,,,126.83400889009974,37.20517116933849,126.81641771008879,37.19307339307016,2024-10-24 11:20:12
706,11,17,11,,,126.81342518213816,37.20773222988656,126.82708532845596,37.19691317985731,2024-10-24 11:20:18
707,33,56,11,,,126.82973300977032,37.201091263840574,126.83569969565826,37.20519367640938,2024-10-24 11:20:51
708,34,55,11,,,126.82115286427347,37.20350734650856,126.83055634357044,37.20918178668174,2024-10-24 11:23:25
709,52,51,11,,,126.82986442168578,37.21718379724944,126.81930689493187,37.21042606208758,2024-10-24 11:23:30
710,70,42,11,,,126.83871934975187,37.20912667801308,126.8315005982345,37.196351954357425,2024-10-24 11:24:37
711,51,20,11,,,126.82047867753208,37.21131952636117,126.8157314967616,37.19296073171827,2024-10-24 11:25:28
712,34,21,11,,,126.82187418529035,37.20352771094689,126.81920871060235,37.19733238030321,2024-10-24 11:26:30
713,56,33,11,,,126.83445239588961,37.20656753915325,126.83001561653349,37.200437213843884,2024-10-24 11:27:19
714,58,32,11,,,126.83524734149205,37.20828333169748,126.8311810168635,37.20074684415273,2024-10-24 11:27:32
715,54,33,11,,,126.8321205311512,37.20923172396009,126.82873665383575,37.20163554191335,2024-10-24 11:27:32
716,70,42,11,,,126.83726112936135,37.20872342040661,126.83121465088682,37.19554210077583,2024-10-24 11:27:32
717,5,31,11,,,126.82683487431811,37.20520218070184,126.82829307838944,37.19794233357397,2024-10-24 11:28:15
718,12,27,11,,,126.81942686446365,37.20573007274883,126.8273111370729,37.19969226254708,2024-10-24 11:28:15
719,70,17,11,,,126.83877037864326,37.21045293323876,126.82650986864134,37.196394948203384,2024-10-24 11:28:26
720,56,17,11,,,126.83411855818191,37.20630422473389,126.82564108858315,37.19720717269063,2024-10-24 11:28:35
721,50,37,11,,,126.8221460070124,37.21243116935543,126.82065957516959,37.19649905434811,2024-10-24 11:29:17
722,10,38,11,,,126.81621269273477,37.208652469894396,126.82354881679069,37.200730813394706,2024-10-24 11:29:38
723,12,12,11,,,126.8186998961396,37.204718777586784,126.81837069031836,37.20432578566103,2024-10-24 11:30:01
724,70,32,11,,,126.8386417059533,37.210199496262646,126.83229449054078,37.20215576285956,2024-10-24 11:30:14
725,72,56,11,,,126.81192639586135,37.20665669782692,126.83439638403586,37.206480133891326,2024-10-24 11:30:25
726,58,19,11,,,126.83609442094713,37.20809077765697,126.8279017273763,37.19552530668646,2024-10-24 11:30:31
727,8,70,11,,,126.82530806192327,37.20609801237839,126.83745616701506,37.20912934652497,2024-10-24 11:30:48
728,11,58,11,,,126.81464799136158,37.20823532694091,126.83522133152768,37.20764092835723,2024-10-24 11:32:08
729,5,67,11,,,126.82723356015042,37.205793476703846,126.83413556538751,37.20334371138122,2024-10-24 11:32:43
730,69,30,11,,,126.83847960184332,37.20688932782264,126.83212353180048,37.199351176031534,2024-10-24 11:32:47
731,10,17,11,,,126.81687282378111,37.20974727163292,126.82662025469759,37.19707691059213,2024-10-24 11:32:57
732,26,30,11,,,126.81908752217092,37.19404667716835,126.83180558423462,37.19957296355335,2024-10-24 11:33:04
733,54,29,11,,,126.83204874049234,37.209911976266575,126.82768989679761,37.20329668627092,2024-10-24 11:33:27
734,60,26,11,,,126.8327334787547,37.213771992813115,126.81873817530057,37.19374567796502,2024-10-24 11:34:24
735,59,15,11,,,126.83326801053748,37.20793994059145,126.81613396990527,37.20690659262104,2024-10-24 11:34:42
736,29,8,11,,,126.82591138229857,37.20315918274623,126.82528239682138,37.20633612049293,2024-10-24 11:35:47
737,40,72,11,,,126.83043486679111,37.19289660940303,126.81091659766805,37.20788448161486,2024-10-24 11:36:10
738,21,29,11,,,126.81933246832563,37.19710314441228,126.82716306132136,37.20192879082384,2024-10-24 11:36:33
739,69,30,11,,,126.83723901733637,37.207112339227905,126.83147952043433,37.19816173927312,2024-10-24 11:37:02
740,10,17,11,,,126.81796626015861,37.21022193062681,126.82737617164656,37.19644554141009,2024-10-24 11:37:20
741,58,33,11,,,126.83553727157576,37.208502624775335,126.82864258411283,37.19975733908407,2024-10-24 11:37:23
742,17,70,11,,,126.82605787305701,37.19656435023031,126.83773504756138,37.209091930938555,2024-10-24 11:37:58
743,36,31,11,,,126.82314023996945,37.19786660406167,126.82860752497129,37.19710617391801,2024-10-24 11:38:06
744,70,42,11,,,126.83878099959438,37.21018690610059,126.831888760793,37.19513300054805,2024-10-24 11:38:19
745,21,43,11,,,126.81765161254124,37.19656079714694,126.82256141547484,37.18960926243391,2024-10-24 11:39:03
746,70,33,11,,,126.8369644947901,37.209639849658174,126.82936506351179,37.20108114598715,2024-10-24 11:39:05
747,14,15,11,,,126.81942355276546,37.20836731299295,126.81759222376758,37.205680867295335,2024-10-24 11:39:05
748,56,33,11,,,126.83504661657025,37.20560826899403,126.82953691969401,37.200542108474366,2024-10-24 11:40:19
749,54,33,11,,,126.83299582825623,37.21118283496116,126.82835375691045,37.200972918101165,2024-10-24 11:40:32
750,54,17,11,,,126.83253921888463,37.21024170978118,126.82567319830655,37.19714320055094,2024-10-24 11:40:42
751,58,33,11,,,126.83540815571408,37.20938499709869,126.8294389385216,37.20144600466201,2024-10-24 11:41:14
752,22,42,11,,,126.81569627722203,37.1956237654811,126.83230879912037,37.19590697864392,2024-10-24 11:41:33
753,17,54,11,,,126.82730412907918,37.19606453554962,126.83357001139062,37.210091553966215,2024-10-24 11:42:20
754,11,48,11,,,126.8137252608536,37.208457564372694,126.8297764977253,37.21379534509258,2024-10-24 11:42:40
755,42,70,11,,,126.83117771200054,37.19708867390086,126.83772283965628,37.208655556475186,2024-10-24 11:43:04
756,67,29,11,,,126.834103825325,37.20226190940814,126.82722670857456,37.20282928663477,2024-10-24 11:43:11
757,58,33,11,,,126.83531070168505,37.2091335870771,126.82921528257134,37.201210073211634,2024-10-24 11:43:13
758,58,17,11,,,126.83514421461301,37.20932739744297,126.82639728930779,37.196708218114885,2024-10-24 11:43:55
759,23,68,11,,,126.82069686833164,37.190971695742675,126.83964518679763,37.20299971003698,2024-10-24 11:44:04
760,56,31,11,,,126.8346237845166,37.20498394384566,126.82933383533683,37.19772571467218,2024-10-24 11:44:10
761,37,5,11,,,126.82097131345938,37.1966022033552,126.82669161971123,37.205704436573576,2024-10-24 11:44:40
762,58,33,11,,,126.83603378972923,37.20880160334369,126.82842282380403,37.200392467819505,2024-10-24 11:44:41
763,58,33,11,,,126.83514147462155,37.20863728693535,126.82832294863276,37.20159349237676,2024-10-24 11:44:57
764,56,41,11,,,126.83487258906275,37.2060962232298,126.83451860923253,37.19752337656662,2024-10-24 11:45:10
765,56,17,11,,,126.8349493481765,37.20484487898731,126.82680707213868,37.1970152357952,2024-10-24 11:45:10
766,56,17,11,,,126.83580762173958,37.205631127350664,126.82555571587353,37.19732869268677,2024-10-24 11:45:40
767,35,32,11,,,126.8186242045293,37.20169035266751,126.83231445513903,37.2010864780499,2024-10-24 11:45:51
768,68,46,11,,,126.8402516389633,37.20143818788332,126.82956630681494,37.21287853393913,2024-10-24 11:45:54
769,17,54,11,,,126.82740015789983,37.196640426732664,126.83334010466191,37.210447926918306,2024-10-24 11:46:38
770,33,56,11,,,126.82844194748522,37.19988199192554,126.83518991919935,37.20661964122459,2024-10-24 11:46:43
771,54,33,11,,,126.83256051700245,37.20942505414652,126.82881974996356,37.199912972990354,2024-10-24 11:47:05
772,22,45,11,,,126.81638433706516,37.19473729834251,126.82585836812673,37.213423305927456,2024-10-24 11:47:08
773,10,40,11,,,126.81786132431344,37.20944648720437,126.83164793863526,37.19338014875861,2024-10-24 11:47:35
774,54,33,11,,,126.833062272483,37.20949972869009,126.82891650628693,37.200926405544685,2024-10-24 11:47:54
775,70,33,11,,,126.83689861437779,37.21041451819968,126.82950803404145,37.20152303934128,2024-10-24 11:48:26
776,16,16,11,,,126.82363990464407,37.19194315017461,126.82364043558402,37.19290732798126,2024-10-24 11:48:45
777,58,33,11,,,126.83556490646981,37.20877298901499,126.82983291327957,37.19989382958107,2024-10-24 11:48:55
778,4,53,11,,,126.82192748300785,37.20768761338694,126.83070064111985,37.20676206728623,2024-10-24 11:49:10
779,56,17,11,,,126.83442051391361,37.20484550025014,126.8273829513078,37.19623196081458,2024-10-24 11:49:23
780,56,33,11,,,126.83579366368411,37.20476021208428,126.82914632881068,37.19998457365933,2024-10-24 11:49:35
781,58,64,11,,,126.83600369603091,37.20755579781339,126.84248242066043,37.20393111057942,2024-10-24 11:50:15
782,23,32,11,,,126.82146508179908,37.19167934326873,126.8318327712251,37.20128534468379,2024-10-24 11:50:46
783,69,30,11,,,126.83856131932879,37.20729477966564,126.83106790160969,37.199297709425885,2024-10-24 11:51:12
784,12,17,11,,,126.8184408168211,37.20518160357657,126.82702197976108,37.197105922589394,2024-10-24 11:51:21
785,70,33,11,,,126.83829563326414,37.209716299979085,126.82976410241885,37.20005872102789,2024-10-24 11:51:32
786,44,45,11,,,126.81984862116074,37.18953744666796,126.82492312484845,37.21244905879022,2024-10-24 11:52:07
787,56,33,11,,,126.83535627679467,37.206130166917596,126.8302257962378,37.20011375270301,2024-10-24 11:52:23
788,70,33,11,,,126.83804995055134,37.21040429302988,126.82929537525973,37.20098956328629,2024-10-24 11:52:48
789,56,33,11,,,126.83396636216726,37.2053601171226,126.82999134633052,37.20103471113113,2024-10-24 11:53:11
790,33,56,11,,,126.82967867284049,37.20160005957582,126.83417335788968,37.20559111370601,2024-10-24 11:53:16
791,58,33,11,,,126.83480894656644,37.20783981213024,126.82840727410124,37.20118008154798,2024-10-24 11:53:20
792,37,72,11,,,126.82100411152666,37.19819729081055,126.81156938840608,37.20734714346447,2024-10-24 11:53:48
793,70,17,11,,,126.83820460534957,37.2099317862931,126.82616878470247,37.19586360000415,2024-10-24 11:54:31
794,56,33,11,,,126.83568097748149,37.205486398935946,126.8285792965299,37.199999340322776,2024-10-24 11:54:36
795,33,58,11,,,126.82912247022993,37.20128584081379,126.8344129384864,37.2080978260785,2024-10-24 11:54:46
796,36,40,11,,,126.82477028336747,37.198622395658276,126.83212592516553,37.194193744655784,2024-10-24 11:55:10
797,70,10,11,,,126.83805095086666,37.209444718307786,126.81713394707955,37.20968931436678,2024-10-24 11:55:34
798,59,41,11,,,126.83222245872305,37.20663454116139,126.83500119205404,37.19739704732239,2024-10-24 11:55:39
799,13,58,11,,,126.817494436933,37.203752856899094,126.83600580234047,37.2088327904669,2024-10-24 11:55:52
800,4,37,11,,,126.82243381418776,37.209102982698234,126.82115400653534,37.19819691074159,2024-10-24 11:56:05
801,33,56,11,,,126.82948324768911,37.20091299505673,126.83590758846786,37.20465761443831,2024-10-24 11:56:16
802,56,17,11,,,126.83431207608808,37.20568921150814,126.82599632184828,37.19717651374209,2024-10-24 11:56:45
803,29,48,11,,,126.82591962806895,37.20151577259523,126.83015558350549,37.213844992270495,2024-10-24 11:57:08
804,69,30,11,,,126.83834920901145,37.206791520887855,126.8308005858596,37.1987757015069,2024-10-24 11:57:26
805,66,28,11,,,126.83809121097381,37.204310930189166,126.83040936959796,37.2039050691343,2024-10-24 11:57:33
806,33,56,11,,,126.82943718761193,37.201344539703015,126.83447408346375,37.20583046437804,2024-10-24 11:57:34
807,33,56,11,,,126.82881827079598,37.20036320126291,126.83526312202089,37.205576315323945,2024-10-24 11:58:08
808,56,31,11,,,126.8355119219135,37.20522405364743,126.82956730166175,37.19747569985254,2024-10-24 11:58:10
809,23,3,11,,,126.82000986991606,37.19218548773142,126.82410918224853,37.210503894686546,2024-10-24 11:58:35
810,33,56,11,,,126.8296265125879,37.200219552724946,126.83521166264555,37.20654729488918,2024-10-24 11:58:48
811,32,59,11,,,126.83210189321089,37.2016956692999,126.83312295510513,37.207066275604994,2024-10-24 11:59:25
812,56,40,11,,,126.83495493605857,37.20531952057649,126.83051722712673,37.19370105826399,2024-10-24 11:59:36
813,18,57,11,,,126.82412206358521,37.19471372018518,126.83278679800236,37.2047372731778,2024-10-24 11:59:37
814,56,32,11,,,126.83465397401467,37.206109055183624,126.83122688976948,37.2014319501673,2024-10-24 11:59:58
815,51,34,12,,,126.81886835037284,37.2113706809321,126.82150700526545,37.20260612049565,2024-10-24 12:00:01
816,17,54,12,,,126.8269769396704,37.196396069803065,126.83295356551324,37.210617872748294,2024-10-24 12:00:19
817,36,12,12,,,126.82452387880643,37.198922630020476,126.818483068787,37.20494463596608,2024-10-24 12:00:22
818,37,14,12,,,126.82067158405947,37.197173663474565,126.81928871835764,37.20821257955982,2024-10-24 12:00:29
819,69,30,12,,,126.83757811784977,37.20709925520796,126.83137426586538,37.1994418741703,2024-10-24 12:00:34
820,10,17,12,,,126.8171203166041,37.20944531071526,126.82541567912442,37.19601611055946,2024-10-24 12:00:45
821,17,70,12,,,126.82666887243519,37.19746881478741,126.83797653477369,37.2101648140984,2024-10-24 12:01:16
822,70,21,12,,,126.8387581656344,37.20884382790897,126.81952134641023,37.195387134614265,2024-10-24 12:01:19
823,60,25,12,,,126.83294411484572,37.21355107909019,126.82024493774985,37.19560037016106,2024-10-24 12:01:47
824,1,38,12,,,126.8157581395788,37.19844238634058,126.82505882361639,37.20215157730187,2024-10-24 12:02:43
825,56,31,12,,,126.83465112277888,37.20633894048446,126.82988646367095,37.19748111945056,2024-10-24 12:02:53
826,32,59,12,,,126.83218392109042,37.201002274951676,126.83247293319661,37.20664722569329,2024-10-24 12:02:56
827,70,42,12,,,126.83725430969726,37.21026684463024,126.83181670178882,37.195341250074094,2024-10-24 12:03:33
828,53,18,12,,,126.82986162277673,37.20713525313945,126.82383946707593,37.19614127000994,2024-10-24 12:04:41
829,3,30,12,,,126.82414792036103,37.2102598762877,126.83143847558033,37.19884937923907,2024-10-24 12:04:55
830,9,39,12,,,126.81410820618287,37.20515730718747,126.82185618963227,37.19981857826548,2024-10-24 12:04:57
831,42,70,12,,,126.83199987328388,37.19633345087787,126.83762002291571,37.21040089928087,2024-10-24 12:05:27
832,4,6,12,,,126.82151159313906,37.20783154713026,126.82353356683024,37.203638948865276,2024-10-24 12:05:58
833,19,10,12,,,126.82887052365793,37.19482839907245,126.81770614079302,37.20966361931849,2024-10-24 12:06:10
834,33,56,12,,,126.82857493105898,37.200630264734585,126.83556377326542,37.2058498685946,2024-10-24 12:06:21
835,70,33,12,,,126.83878296490195,37.209581807538854,126.82967715801753,37.20061143395434,2024-10-24 12:06:24
836,12,71,12,,,126.81940860288586,37.20418349685937,126.83976969035058,37.20589173634421,2024-10-24 12:06:42
837,57,10,12,,,126.83283160184253,37.20500375192116,126.81772279459031,37.20944894243458,2024-10-24 12:06:49
838,39,63,12,,,126.82178758418372,37.19954846222893,126.83606740307094,37.210781695661204,2024-10-24 12:07:16
839,11,58,12,,,126.8149252313593,37.20761984928621,126.8358358549141,37.20916315685766,2024-10-24 12:07:49
840,65,13,12,,,126.83485533589347,37.200950654147526,126.81675834992251,37.203061765632405,2024-10-24 12:09:13
841,32,56,12,,,126.83145920730173,37.20162630212329,126.83447034872482,37.20567200183923,2024-10-24 12:09:29
842,32,58,12,,,126.83172367165811,37.20112031607339,126.83436973991489,37.20889326001903,2024-10-24 12:10:15
843,70,33,12,,,126.83725310936951,37.2085689789925,126.82988572405493,37.20050626891866,2024-10-24 12:10:17
844,17,54,12,,,126.82613460631764,37.196900744257405,126.83252850321047,37.20982614081284,2024-10-24 12:10:24
845,24,54,12,,,126.81902705082948,37.190070839041354,126.83360735954423,37.21051230110775,2024-10-24 12:10:52
846,42,70,12,,,126.83182263709375,37.19589360051663,126.83846524413018,37.21014826802051,2024-10-24 12:10:58
847,33,56,12,,,126.82899961592653,37.20111415646052,126.83508992168998,37.20554985958323,2024-10-24 12:11:26
848,62,45,12,,,126.83837033012774,37.21141252619636,126.82471470803574,37.21330237359647,2024-10-24 12:11:38
849,58,19,12,,,126.83440202283856,37.20830169594014,126.82912749308758,37.1958213695761,2024-10-24 12:12:03
850,54,33,12,,,126.83247980136397,37.21010299251116,126.82866434295104,37.199675085767495,2024-10-24 12:13:16
851,57,58,12,,,126.833141722522,37.203853808473006,126.83574441619236,37.20775775071666,2024-10-24 12:13:23
852,42,70,12,,,126.83211846069095,37.19594184947205,126.8375591591369,37.20950446481275,2024-10-24 12:13:54
853,56,41,12,,,126.83541312123488,37.20548110518,126.83403698552176,37.19692611125124,2024-10-24 12:14:22
854,55,59,12,,,126.82944640973703,37.20946634243078,126.83335853893885,37.20700923898534,2024-10-24 12:15:02
855,33,56,12,,,126.82857869977434,37.20042220556861,126.83495415239415,37.2046760445475,2024-10-24 12:15:41
856,32,59,12,,,126.83165967530016,37.20157573209197,126.83279810641724,37.206604454992416,2024-10-24 12:15:43
857,27,33,12,,,126.82636841311093,37.1987107810576,126.82872782152685,37.19975139974604,2024-10-24 12:15:49
858,70,42,12,,,126.83690271993719,37.208557389010515,126.83150142521454,37.19668234363596,2024-10-24 12:16:35
859,62,23,12,,,126.83792955271078,37.21283057006683,126.82086691981138,37.191045945456445,2024-10-24 12:16:53
860,54,33,12,,,126.83360399933582,37.210581858216784,126.82985420776289,37.200792120071974,2024-10-24 12:17:04
861,58,19,12,,,126.83539280389397,37.20841173345083,126.82853550219563,37.19493453839528,2024-10-24 12:17:21
862,56,33,12,,,126.83513489779439,37.205585610022425,126.82931181341064,37.20039763116661,2024-10-24 12:18:23
863,17,54,12,,,126.82567423111104,37.19744986035916,126.83342766008357,37.21065942008534,2024-10-24 12:18:53
864,56,32,12,,,126.8354090684797,37.205438678288694,126.83205069665733,37.20100299662207,2024-10-24 12:19:07
865,70,32,12,,,126.83824912508356,37.209077919564514,126.83146484676558,37.20220071886267,2024-10-24 12:19:15
866,70,33,12,,,126.83713595607195,37.21041195979202,126.8298037225348,37.20112225702018,2024-10-24 12:21:18
867,56,33,12,,,126.83393236966533,37.20602134039107,126.82947628981537,37.20008728763577,2024-10-24 12:21:32
868,17,54,12,,,126.82606231160271,37.19674136270215,126.83305880468325,37.2105123189956,2024-10-24 12:21:41
869,70,42,12,,,126.83840751399383,37.20856966470927,126.83134250045761,37.19628478687549,2024-10-24 12:22:09
870,58,19,12,,,126.83510806695786,37.20880504028242,126.82964545401687,37.19550788108668,2024-10-24 12:22:11
871,56,33,12,,,126.83563241375468,37.205366123944614,126.82883997144671,37.20004008774827,2024-10-24 12:22:12
872,32,54,12,,,126.8319634459491,37.201720227847126,126.8326755623935,37.210401896454414,2024-10-24 12:23:33
873,58,19,12,,,126.83524806244574,37.20817926776226,126.82855446967152,37.195654860520136,2024-10-24 12:24:38
874,69,30,12,,,126.83835857867852,37.20610085723909,126.83127483706494,37.19880514150139,2024-10-24 12:25:30
875,31,23,12,,,126.82853601977924,37.19879563385532,126.82144790866599,37.191604806447174,2024-10-24 12:25:41
876,30,43,12,,,126.8320817179225,37.198661522324535,126.82330703592868,37.19072937228519,2024-10-24 12:25:50
877,58,33,12,,,126.83506058363072,37.20868598214691,126.8300507886784,37.20157897172634,2024-10-24 12:26:00
878,33,58,12,,,126.8299235154552,37.20036681849192,126.8358074604973,37.20927437235532,2024-10-24 12:26:01
879,1,59,12,,,126.81656421677454,37.19759046473235,126.83248138320975,37.206427189056726,2024-10-24 12:26:20
880,59,52,12,,,126.83157523236379,37.2065837962254,126.83075587272674,37.218316994681366,2024-10-24 12:27:06
881,42,70,12,,,126.83226088170267,37.19658695801667,126.8383143615893,37.20985809499699,2024-10-24 12:27:10
882,56,17,12,,,126.83555087908711,37.20599031512651,126.82726841192594,37.19592169788267,2024-10-24 12:27:14
883,33,56,12,,,126.82944148278209,37.200864497909954,126.83534782430712,37.20468015936422,2024-10-24 12:27:40
884,58,19,12,,,126.83586781663719,37.207701129580556,126.82826410533987,37.19596106187899,2024-10-24 12:28:06
885,70,17,12,,,126.83695566110455,37.20891553055028,126.82562633214731,37.19604288830745,2024-10-24 12:28:11
886,70,10,12,,,126.83785195332285,37.20979017532725,126.81723660955262,37.20993818048036,2024-10-24 12:28:49
887,56,33,12,,,126.8349902655993,37.20559955944617,126.82910170722313,37.200670733288604,2024-10-24 12:28:53
888,41,14,12,,,126.83445956168094,37.19732529575406,126.81926593649969,37.20858760260246,2024-10-24 12:28:54
889,8,67,12,,,126.82439554068971,37.206583402091105,126.8336961977874,37.202063835817356,2024-10-24 12:29:33
890,69,30,12,,,126.83741866215273,37.20633945165122,126.83079615646676,37.198242363846695,2024-10-24 12:30:09
891,70,33,12,,,126.83880780401746,37.20903385368095,126.82978491893583,37.200064142616974,2024-10-24 12:30:14
892,58,33,12,,,126.83601061913916,37.20902060267597,126.8293561447607,37.20116157386131,2024-10-24 12:30:22
893,42,70,12,,,126.83244937421385,37.19668161167615,126.83783542028537,37.20874008653384,2024-10-24 12:30:29
894,58,33,12,,,126.83450085186745,37.208286632723876,126.82976981821028,37.19971198504899,2024-10-24 12:30:44
895,56,41,12,,,126.83417100804111,37.2050026977504,126.83369293382592,37.19734774073719,2024-10-24 12:30:46
896,70,17,12,,,126.83736300146005,37.20977498812654,126.82578119833137,37.19701514780215,2024-10-24 12:31:05
897,17,54,12,,,126.82695515336933,37.19666035618873,126.83188955369715,37.21016741725872,2024-10-24 12:31:35
898,33,56,12,,,126.8286554069454,37.201400387662346,126.83511040713694,37.20630364644236,2024-10-24 12:32:10
899,42,70,12,,,126.83142163872613,37.19696711673105,126.83726227368838,37.20866769021148,2024-10-24 12:32:11
900,62,61,12,,,126.83878502840344,37.212289770563665,126.83321752063165,37.21669470428351,2024-10-24 12:32:30
901,56,17,12,,,126.83434586197569,37.205270664852065,126.82577118835155,37.19691706547992,2024-10-24 12:32:31
902,32,59,12,,,126.8313217182894,37.20116791262388,126.83149253964092,37.20804450759008,2024-10-24 12:32:42
903,70,33,12,,,126.83774610213355,37.21053545619107,126.8289747706715,37.201248632292895,2024-10-24 12:34:01
904,33,56,12,,,126.8299673017486,37.20103451852676,126.83426357407676,37.20585394132867,2024-10-24 12:34:25
905,54,33,12,,,126.8318166603656,37.20940640440663,126.83020830430777,37.2002542865133,2024-10-24 12:34:33
906,11,58,12,,,126.81369389669766,37.207542043550895,126.83463856302495,37.20869242444861,2024-10-24 12:34:59
907,56,17,12,,,126.83531036681275,37.20571422310774,126.82598019861204,37.19629633962438,2024-10-24 12:35:15
908,69,30,12,,,126.83829014751831,37.20735447485877,126.83171344073989,37.198618698603056,2024-10-24 12:35:43
909,68,11,12,,,126.83952518267627,37.20179216708237,126.81493532678458,37.20833646956093,2024-10-24 12:36:26
910,58,19,12,,,126.83570374534263,37.20889977526117,126.82899046602274,37.19463489712146,2024-10-24 12:36:27
911,17,56,12,,,126.82687270868037,37.196162504100286,126.83536358044252,37.205896157063094,2024-10-24 12:36:46
912,18,47,12,,,126.8242716338197,37.19563320049209,126.82697204869805,37.210578773194534,2024-10-24 12:36:50
913,70,33,12,,,126.837203117785,37.20947982285193,126.82994877482543,37.201348861440245,2024-10-24 12:37:04
914,11,58,12,,,126.81442524047144,37.208179663724046,126.83426780498405,37.20803995993717,2024-10-24 12:37:28
915,70,33,12,,,126.83732535867982,37.209581381804576,126.82871172064102,37.20094282288844,2024-10-24 12:37:31
916,42,70,12,,,126.83252790038507,37.19608291347072,126.83836712216764,37.20969483160492,2024-10-24 12:37:52
917,58,19,12,,,126.83433102906783,37.20755407321029,126.82829712376851,37.19436151251774,2024-10-24 12:38:45
918,33,56,12,,,126.82864695611003,37.199959513064535,126.83494201109339,37.20648781303426,2024-10-24 12:39:04
919,56,32,12,,,126.83489034041133,37.2063804569642,126.83283123942903,37.20271529408713,2024-10-24 12:39:13
920,58,19,12,,,126.83520995597806,37.20875838556835,126.82843540658226,37.19599357502322,2024-10-24 12:39:18
921,34,55,12,,,126.82097590409677,37.202249680572095,126.8294515752411,37.209066798952655,2024-10-24 12:39:19
922,53,53,12,,,126.83068901279977,37.205993088793726,126.82997516428563,37.205849913994626,2024-10-24 12:39:47
923,70,67,12,,,126.83836032719914,37.2088495131836,126.83468423834566,37.20232466880692,2024-10-24 12:40:42
924,10,17,12,,,126.8171052280132,37.209126425741474,126.82582572522766,37.1959398939551,2024-10-24 12:40:43
925,9,64,12,,,126.81463308076309,37.20461491735285,126.84230678324981,37.20312883065699,2024-10-24 12:41:24
926,33,56,12,,,126.83006977865291,37.20086541045811,126.83541349601019,37.205705779193295,2024-10-24 12:41:58
927,60,48,12,,,126.83320581461412,37.21231976040309,126.83005357464903,37.215514816341305,2024-10-24 12:42:11
928,65,24,12,,,126.83521467755995,37.200509392821566,126.81840920018419,37.19058250341638,2024-10-24 12:43:04
929,58,33,12,,,126.83480785608924,37.20907408889004,126.82945754852517,37.20092832968101,2024-10-24 12:43:43
930,17,54,12,,,126.82708920543695,37.19698289557374,126.83195189176199,37.21091090180458,2024-10-24 12:44:04
931,28,6,12,,,126.82994581794874,37.20312946264164,126.82505197695707,37.20417787867156,2024-10-24 12:44:16
932,2,7,12,,,126.82195965278413,37.205254653536926,126.82663622192707,37.208927979815435,2024-10-24 12:44:28
933,58,33,12,,,126.83466802425099,37.208041367307715,126.82885676958013,37.20095507145067,2024-10-24 12:44:34
934,47,4,12,,,126.82794864706622,37.21088914702077,126.82304704052764,37.20887999619958,2024-10-24 12:44:47
935,10,17,12,,,126.81632282406112,37.20839990064245,126.82689912726948,37.19620937169252,2024-10-24 12:45:06
936,33,56,12,,,126.83020878111466,37.20130838948461,126.83512178150397,37.20507610612873,2024-10-24 12:45:10
937,59,33,12,,,126.8329353982543,37.20688107161729,126.82873541636036,37.20116526233819,2024-10-24 12:45:11
938,53,12,12,,,126.82993459780006,37.206087184531334,126.81972126265933,37.20482414707646,2024-10-24 12:45:42
939,13,6,12,,,126.8157632716394,37.20401863831384,126.82519291982746,37.2043741644176,2024-10-24 12:45:49
940,56,31,12,,,126.83489405943466,37.206554478661076,126.8298043999447,37.196863532990925,2024-10-24 12:46:08
941,10,17,12,,,126.81794090789967,37.21011221857768,126.82670150066359,37.1975039181863,2024-10-24 12:46:14
942,71,27,12,,,126.84091711120159,37.205225946248405,126.82687980740046,37.200579004940735,2024-10-24 12:46:49
943,56,33,12,,,126.83482312177675,37.206194727220655,126.8293506836564,37.19990651922519,2024-10-24 12:46:51
944,70,11,12,,,126.83738808690849,37.209908809879494,126.81494352855029,37.208742987100926,2024-10-24 12:47:22
945,33,58,12,,,126.82877324589018,37.20072541590224,126.83571219063954,37.20906325499414,2024-10-24 12:47:37
946,51,5,12,,,126.81903363053131,37.209882731075844,126.82655596241914,37.204288138981184,2024-10-24 12:47:40
947,69,30,12,,,126.83737370108125,37.20719795098865,126.8313010053803,37.198687644889105,2024-10-24 12:48:48
948,9,36,12,,,126.81461445347443,37.205678605627796,126.8243467979046,37.19867554837269,2024-10-24 12:49:10
949,56,31,12,,,126.83443954045477,37.20512703232864,126.8297601022303,37.19730870070287,2024-10-24 12:50:12
950,25,28,12,,,126.82191543145835,37.19507235164774,126.83006129019871,37.20256216007361,2024-10-24 12:50:14
951,11,17,12,,,126.81401361455178,37.20906422606861,126.8266974824534,37.19659494923365,2024-10-24 12:50:36
952,56,17,12,,,126.8357285846261,37.206009133909994,126.82580495252446,37.196767638922324,2024-10-24 12:50:56
953,54,33,12,,,126.83322308603474,37.20987279602075,126.83010732102291,37.201028972210864,2024-10-24 12:51:42
954,69,30,12,,,126.83718009976755,37.20658458590699,126.83078948079941,37.198393359555595,2024-10-24 12:52:17
955,18,7,12,,,126.82453384649683,37.195869065214204,126.82738837095648,37.208134744173194,2024-10-24 12:52:30
956,1,69,12,,,126.81672189903281,37.19782719970337,126.83668195786336,37.20661482907559,2024-10-24 12:52:35
957,19,10,12,,,126.82958051742686,37.195214030266705,126.81701242345558,37.208606024858625,2024-10-24 12:52:42
958,2,19,12,,,126.82094652455632,37.205945578422984,126.82920685937088,37.19416577240136,2024-10-24 12:52:47
959,2,72,12,,,126.82230267374992,37.20529597902479,126.81105302628566,37.20784733222955,2024-10-24 12:52:48
960,33,56,12,,,126.82917726702789,37.20102290158491,126.83565837830959,37.20548428733295,2024-10-24 12:52:53
961,42,70,12,,,126.83165203628621,37.19579226884808,126.83823231306621,37.209933644116184,2024-10-24 12:53:39
962,27,57,12,,,126.82656889119805,37.19930756146389,126.83131630159552,37.20447140790192,2024-10-24 12:54:01
963,33,56,12,,,126.82984925360272,37.20083107513962,126.83493033952503,37.205889342770774,2024-10-24 12:54:14
964,10,17,12,,,126.8171016260501,37.2099332315654,126.8256937705212,37.19768990877176,2024-10-24 12:54:23
965,54,33,12,,,126.83218727519785,37.21022004786806,126.82990105189262,37.20074158964323,2024-10-24 12:54:48
966,49,66,12,,,126.82713895144285,37.21369906254094,126.83739089158236,37.20447586045906,2024-10-24 12:54:52
967,22,35,12,,,126.81626116073916,37.19622584615289,126.81830455625752,37.202487770546725,2024-10-24 12:55:03
968,47,6,12,,,126.82751417215805,37.210197678191165,126.8250938179184,37.20315655365804,2024-10-24 12:55:59
969,8,29,12,,,126.8241338328732,37.20640588486915,126.82711392050918,37.2021765827708,2024-10-24 12:56:05
970,70,33,12,,,126.8387679302049,37.20856476027451,126.82908386917585,37.20109514790695,2024-10-24 12:56:32
971,3,12,12,,,126.82579285904927,37.210171580368886,126.81954053389768,37.2053390751554,2024-10-24 12:56:34
972,28,56,12,,,126.82969560831287,37.20396513983564,126.8346620488472,37.20578323959659,2024-10-24 12:56:59
973,56,31,12,,,126.83422072084507,37.20588011309131,126.82993059752923,37.197063664218824,2024-10-24 12:57:05
974,70,33,12,,,126.83711090885058,37.210040668461986,126.82909911692762,37.20019879002085,2024-10-24 12:57:35
975,58,33,12,,,126.83429130332418,37.20927280070466,126.8289412375042,37.200353033839555,2024-10-24 12:57:57
976,35,32,12,,,126.8192203995719,37.2011409935661,126.83151483572232,37.20183396676567,2024-10-24 12:58:38
977,54,33,12,,,126.83190442502743,37.20924817588891,126.82958159697253,37.199800891385685,2024-10-24 12:58:50
978,57,22,13,,,126.83215319794927,37.203798535271304,126.81636777417673,37.19585560486113,2024-10-24 13:00:06
979,56,31,13,,,126.83441495165836,37.205888039948924,126.829801043383,37.19776757095427,2024-10-24 13:00:14
980,58,19,13,,,126.8347996452502,37.20768632812802,126.82900403220019,37.194826927409345,2024-10-24 13:00:25
981,23,64,13,,,126.82107782237627,37.19206089624814,126.84256532343639,37.20236173425559,2024-10-24 13:00:46
982,33,45,13,,,126.82865278390544,37.20120514544849,126.82570747350897,37.2122810687611,2024-10-24 13:01:39
983,58,19,13,,,126.83452111062904,37.209122740141936,126.8297107486491,37.19570247935749,2024-10-24 13:01:59
984,22,7,13,,,126.8160454048178,37.19572371847859,126.82641327772629,37.20718851096798,2024-10-24 13:02:33
985,54,33,13,,,126.83257510760969,37.21023477267629,126.82839910520944,37.20131980306768,2024-10-24 13:02:37
986,36,68,13,,,126.82400386456953,37.19799911662556,126.8396176457116,37.2018399836954,2024-10-24 13:02:42
987,33,58,13,,,126.82843449347658,37.20017669555349,126.83552613284618,37.20786004671613,2024-10-24 13:02:58
988,26,22,13,,,126.81934787883586,37.19387496106264,126.8163985178315,37.196204220244155,2024-10-24 13:03:26
989,54,33,13,,,126.83347923971786,37.21057338041084,126.82960647639328,37.200592940770505,2024-10-24 13:03:43
990,1,34,13,,,126.81542410242866,37.19778831896967,126.82092292119829,37.20312695340696,2024-10-24 13:04:04
991,19,10,13,,,126.82945199750723,37.19548198981064,126.81766158760159,37.20868406732145,2024-10-24 13:05:16
992,58,33,13,,,126.83460836396179,37.208452763470916,126.83021572687696,37.20056959552359,2024-10-24 13:05:55
993,56,33,13,,,126.83474264355583,37.20474098201844,126.82965845436794,37.200022279647875,2024-10-24 13:05:59
994,54,33,13,,,126.83189823159704,37.21063876807683,126.83018995829282,37.201223245148114,2024-10-24 13:06:10
995,70,33,13,,,126.83811763602472,37.20919126875533,126.82937976450928,37.201250644743446,2024-10-24 13:07:18
996,56,41,13,,,126.83586742959952,37.20578565344398,126.8334111398094,37.197253848525,2024-10-24 13:07:27
997,70,33,13,,,126.83774121656656,37.20924241094011,126.82985015640695,37.20000738595397,2024-10-24 13:07:42
998,67,25,13,,,126.83493028985784,37.201857737729085,126.82045023570096,37.19463646402221,2024-10-24 13:07:48
999,22,69,13,,,126.81534627276821,37.196001712782916,126.83779885781017,37.20702927364677,2024-10-24 13:08:13
1000,56,41,13,,,126.83490152355901,37.20587149925465,126.8342312825555,37.19765432476678,2024-10-24 13:08:51
1001,42,70,13,,,126.83082803691062,37.195528907704784,126.83841894331746,37.20962223695244,2024-10-24 13:08:59
1002,28,35,13,,,126.82949005475183,37.203153656777594,126.81912011968222,37.20246398848025,2024-10-24 13:09:01
1003,32,54,13,,,126.83139544282511,37.20170834972573,126.83281454979037,37.209984112101004,2024-10-24 13:09:12
1004,42,70,13,,,126.8311756493859,37.195968323149486,126.8377170715698,37.20975026706848,2024-10-24 13:10:25
1005,17,56,13,,,126.82613978523233,37.19604645662855,126.83437471800522,37.205807230705666,2024-10-24 13:10:39
1006,37,23,13,,,126.82162936937772,37.196460348161885,126.82041808755872,37.191503878308566,2024-10-24 13:10:43
1007,42,70,13,,,126.8316655644532,37.19575038557714,126.83705550778058,37.21043673242707,2024-10-24 13:10:47
1008,56,17,13,,,126.83466994372664,37.20540027655577,126.82723012500392,37.19730616088917,2024-10-24 13:10:54
1009,58,33,13,,,126.83491221201703,37.208600617884436,126.83004346075842,37.20085616659842,2024-10-24 13:11:19
1010,72,33,13,,,126.81079765595489,37.20750122658791,126.82946264995904,37.201527509382515,2024-10-24 13:11:48
1011,54,23,13,,,126.83364314370372,37.2110476809062,126.82079332093254,37.19252738004735,2024-10-24 13:12:05
1012,46,20,13,,,126.83118259260257,37.21098057139583,126.81588063821297,37.192680929253335,2024-10-24 13:12:36
1013,10,17,13,,,126.81724964632596,37.2101041270848,126.82664601407193,37.1964977906358,2024-10-24 13:12:39
1014,36,32,13,,,126.82487861658669,37.197902082746076,126.83242416415072,37.2018678798046,2024-10-24 13:12:43
1015,10,17,13,,,126.81715220147552,37.208535769513034,126.82672146196285,37.19744223929481,2024-10-24 13:13:04
1016,53,69,13,,,126.82957961579,37.2057494444174,126.83844512470782,37.20766134544231,2024-10-24 13:13:11
1017,33,56,13,,,126.82862625581178,37.20103650131929,126.83408035858731,37.206099892798754,2024-10-24 13:13:37
1018,58,33,13,,,126.83502062765523,37.20928536229446,126.82927959975972,37.19971565241362,2024-10-24 13:13:47
1019,58,19,13,,,126.83613105348374,37.20905778330464,126.82853377363247,37.1948629110362,2024-10-24 13:14:09
1020,56,33,13,,,126.83420524204448,37.20474075689283,126.82838771548107,37.200972336620794,2024-10-24 13:14:10
1021,58,33,13,,,126.83448310496084,37.2085088554415,126.82838906344954,37.20041421424572,2024-10-24 13:14:45
1022,56,33,13,,,126.83446495558343,37.20640725502284,126.82995451616003,37.200923053715464,2024-10-24 13:16:42
1023,54,33,13,,,126.83246311081783,37.21023087979901,126.82942967527704,37.20113612302746,2024-10-24 13:16:46
1024,56,17,13,,,126.83520588256869,37.205291068853214,126.82573360750041,37.19719257973282,2024-10-24 13:17:04
1025,58,19,13,,,126.83474862456774,37.20903904560782,126.82851403679737,37.19504820801134,2024-10-24 13:17:22
1026,70,33,13,,,126.83760288703586,37.21036525252009,126.82964463461451,37.201065012106525,2024-10-24 13:17:36
1027,32,11,13,,,126.83200287200088,37.20091666269671,126.81358666160187,37.20880478358978,2024-10-24 13:17:55
1028,34,8,13,,,126.82253387544621,37.20338021002684,126.82383231982139,37.20667103188391,2024-10-24 13:18:31
1029,33,58,13,,,126.82962378912106,37.199771953361676,126.83491036976372,37.207475322952625,2024-10-24 13:18:31
1030,58,33,13,,,126.83481138430516,37.20914013290924,126.82938281972984,37.20041626441962,2024-10-24 13:19:08
1031,34,27,13,,,126.82200696017503,37.20378906764111,126.82639094514596,37.19904739597504,2024-10-24 13:19:58
1032,6,46,13,,,126.8243728666374,37.20422060101691,126.83029792250498,37.21206157842084,2024-10-24 13:20:07
1033,17,54,13,,,126.8273744082969,37.195782777899545,126.83230169777465,37.20962312011943,2024-10-24 13:20:36
1034,54,33,13,,,126.83224371760141,37.2107408285189,126.8289031128281,37.19999875606776,2024-10-24 13:20:47
1035,61,47,13,,,126.83240702017861,37.216376055558584,126.82816971243874,37.211590733905204,2024-10-24 13:21:11
1036,42,70,13,,,126.8308419295187,37.196794438175196,126.8374561080902,37.2085984959915,2024-10-24 13:21:40
1037,25,18,13,,,126.82033624098014,37.19468820215717,126.82316283369167,37.19569379581142,2024-10-24 13:21:47
1038,66,56,13,,,126.83771204396547,37.204453515763156,126.83422372173769,37.205188227706294,2024-10-24 13:21:47
1039,10,17,13,,,126.81732675594758,37.2097802694651,126.82618060112664,37.19684755328478,2024-10-24 13:21:53
1040,56,41,13,,,126.8346666084113,37.2053800581439,126.83409044800571,37.19633128863442,2024-10-24 13:22:02
1041,8,60,13,,,126.82416718588094,37.20741539841951,126.83372509726699,37.21367191086588,2024-10-24 13:22:05
1042,54,28,13,,,126.83344706225624,37.210927024304155,126.8300907748813,37.203336431788095,2024-10-24 13:22:10
1043,56,41,13,,,126.83495802212663,37.20569702475976,126.83445990781678,37.197587614273466,2024-10-24 13:22:28
1044,58,33,13,,,126.83590913840828,37.2090577252691,126.8302534999623,37.20037297394521,2024-10-24 13:22:38
1045,70,10,13,,,126.8382445305686,37.21017441325681,126.8170771469706,37.209680002870606,2024-10-24 13:22:41
1046,40,53,13,,,126.83164060636773,37.19409424852533,126.82952685171335,37.20547248833151,2024-10-24 13:23:19
1047,69,30,13,,,126.83713635874318,37.206822446594366,126.83238305050631,37.19981748440604,2024-10-24 13:23:54
1048,69,30,13,,,126.83744718603197,37.205831315031894,126.83196728755446,37.19828889475505,2024-10-24 13:26:11
1049,70,42,13,,,126.83729588378272,37.20972060121218,126.83086892443619,37.19560277527756,2024-10-24 13:27:21
1050,10,17,13,,,126.8162311053809,37.20962007019931,126.82553897913247,37.196816041319984,2024-10-24 13:27:58
1051,54,17,13,,,126.83301456659876,37.2096385829186,126.82581474365774,37.19617530739397,2024-10-24 13:28:11
1052,32,59,13,,,126.83169584148337,37.20159358592651,126.83263540186269,37.207019254322994,2024-10-24 13:28:14
1053,43,71,13,,,126.82288040634353,37.19098082652428,126.8406988106642,37.2054798759915,2024-10-24 13:28:15
1054,11,17,13,,,126.81491441040636,37.208901186349195,126.82663948609712,37.19588624029049,2024-10-24 13:28:23
1055,42,70,13,,,126.83250243767516,37.19710676475592,126.83868479309199,37.208829834088526,2024-10-24 13:29:21
1056,13,62,13,,,126.81736815146614,37.2045747322915,126.8390369324855,37.21245554629511,2024-10-24 13:30:14
1057,69,30,13,,,126.83665223991395,37.2058251676479,126.83087595685059,37.19973751358387,2024-10-24 13:30:17
1058,56,17,13,,,126.83427012176085,37.205220480367835,126.82732648720531,37.19756672406843,2024-10-24 13:30:27
1059,56,17,13,,,126.83533399849073,37.20582355024353,126.82631498586157,37.196173504251014,2024-10-24 13:30:58
1060,56,39,13,,,126.83462910700331,37.206141588911,126.82202145628017,37.199310585153064,2024-10-24 13:31:05
1061,12,55,13,,,126.81910156155963,37.20519376250684,126.8305714726554,37.20832072127208,2024-10-24 13:31:18
1062,70,19,13,,,126.83871362973954,37.20948062104828,126.82965759084188,37.19432227212471,2024-10-24 13:31:46
1063,33,56,13,,,126.82873229245966,37.199711279094664,126.83431633241388,37.20571893020876,2024-10-24 13:32:09
1064,58,19,13,,,126.8357275882369,37.209290980708474,126.82882918016485,37.19532613319848,2024-10-24 13:32:42
1065,71,26,13,,,126.83973684194892,37.20475628944908,126.8185350846279,37.19415552198768,2024-10-24 13:32:55
1066,2,65,13,,,126.82289521480581,37.20533497802277,126.83497348518605,37.20058869326999,2024-10-24 13:33:18
1067,59,11,13,,,126.83212787937309,37.206685933151675,126.81507366943978,37.20822407720253,2024-10-24 13:34:08
1068,38,1,13,,,126.82329286766922,37.20087146899927,126.81589060673709,37.19759264234838,2024-10-24 13:34:13
1069,54,33,13,,,126.8335970730477,37.210723794238646,126.82919338112686,37.20004548354431,2024-10-24 13:35:14
1070,61,64,13,,,126.8323858643956,37.21617842371766,126.84243529355459,37.20370261962256,2024-10-24 13:35:14
1071,11,58,13,,,126.8147762551177,37.20745137181698,126.83451200029546,37.20852197670493,2024-10-24 13:35:27
1072,65,12,13,,,126.83495119959001,37.200543929988264,126.81976439922038,37.2038336221968,2024-10-24 13:35:32
1073,33,56,13,,,126.82941187348705,37.201166493161864,126.83589333396459,37.20588900327866,2024-10-24 13:35:43
1074,56,17,13,,,126.83536247737983,37.2060574775305,126.82662976451525,37.197720023092835,2024-10-24 13:35:45
1075,10,17,13,,,126.81754164530383,37.20970471070485,126.82597187761334,37.19607790326946,2024-10-24 13:35:46
1076,10,56,13,,,126.81719077893699,37.20958620330773,126.83435017527641,37.20474109054744,2024-10-24 13:35:53
1077,11,58,13,,,126.81446596659,37.20857088634411,126.83524992642927,37.20935366129124,2024-10-24 13:35:55
1078,11,50,13,,,126.81346668751131,37.20733843962121,126.82326858113632,37.211108322772915,2024-10-24 13:36:06
1079,10,17,13,,,126.81601161677027,37.209072487753744,126.8261637065856,37.19704569236649,2024-10-24 13:36:58
1080,56,31,13,,,126.83512469757017,37.20625782842039,126.82852396895794,37.19783721923114,2024-10-24 13:37:06
1081,13,16,13,,,126.81623820726597,37.203510806699676,126.82449433191763,37.19219004609929,2024-10-24 13:37:32
1082,56,41,13,,,126.83485036339654,37.204772771025986,126.83495461620905,37.19644000173879,2024-10-24 13:37:34
1083,8,70,13,,,126.82467881181589,37.20627128041746,126.83845757030214,37.20943829769833,2024-10-24 13:37:51
1084,17,54,13,,,126.82654884310679,37.19691097665173,126.83259262803588,37.209382048748914,2024-10-24 13:37:58
1085,12,52,13,,,126.81845843994284,37.20461903087498,126.83037493197084,37.217836861328244,2024-10-24 13:38:06
1086,58,19,13,,,126.83455775533638,37.209070741637866,126.82924622324168,37.195316065378904,2024-10-24 13:38:15
1087,32,59,13,,,126.83247056127797,37.20197849839696,126.83159093552528,37.206870269278305,2024-10-24 13:38:18
1088,56,17,13,,,126.83563407466627,37.206385530100064,126.82569483419411,37.19609388843434,2024-10-24 13:38:36
1089,69,30,13,,,126.83673674028398,37.20621336542817,126.83145252261446,37.19915745453559,2024-10-24 13:39:11
1090,27,60,13,,,126.82607371399634,37.199594517426995,126.83268479407079,37.21258877773741,2024-10-24 13:39:16
1091,69,59,13,,,126.83797450433536,37.20698265666017,126.8321588961906,37.2072694501283,2024-10-24 13:40:27
1092,70,33,13,,,126.83783463253106,37.20968888581485,126.82974281954975,37.20047715482884,2024-10-24 13:41:15
1093,54,33,13,,,126.83243263676206,37.210664138053644,126.82953728312675,37.20029157784719,2024-10-24 13:41:30
1094,17,6,13,,,126.82649687192544,37.19625108535387,126.824493160057,37.203885259013035,2024-10-24 13:41:32
1095,56,41,13,,,126.8344280497867,37.20633851523265,126.83448228862024,37.197346240656806,2024-10-24 13:41:33
1096,56,33,13,,,126.83530842334017,37.2059647685153,126.82943862777235,37.20081034804114,2024-10-24 13:41:43
1097,48,17,13,,,126.82989919841046,37.21420569640458,126.82612414211535,37.19714439601196,2024-10-24 13:41:48
1098,58,19,13,,,126.83586352817028,37.20837989047481,126.82879112926933,37.19582668596003,2024-10-24 13:42:49
1099,44,51,13,,,126.82013740157487,37.18984444181618,126.81890820761338,37.21097760490015,2024-10-24 13:43:28
1100,66,42,13,,,126.83701155662125,37.20469221273721,126.83110418293435,37.1955004844347,2024-10-24 13:43:36
1101,50,12,13,,,126.82308363303723,37.21124843247744,126.81852243702373,37.20477155286861,2024-10-24 13:44:20
1102,56,32,13,,,126.83472903243954,37.20559434327255,126.83219942997827,37.200905314556515,2024-10-24 13:45:01
1103,40,72,13,,,126.83157779205081,37.19352479468209,126.81112258876604,37.206630858028966,2024-10-24 13:46:17
1104,49,32,13,,,126.82701763170883,37.21422240847614,126.8319367527663,37.2024387811937,2024-10-24 13:46:58
1105,22,6,13,,,126.81653186795515,37.19566783554437,126.82467719189182,37.20332586097032,2024-10-24 13:47:04
1106,33,56,13,,,126.82835105040253,37.20106329332838,126.83523578639212,37.205808929179604,2024-10-24 13:47:27
1107,54,33,13,,,126.83245802185417,37.21028628870293,126.82836409760301,37.20031270472927,2024-10-24 13:47:31
1108,70,17,13,,,126.83772990154064,37.2094760811095,126.82682605125044,37.19713859619121,2024-10-24 13:47:41
1109,35,68,13,,,126.81865472681082,37.20117256582786,126.83989396736627,37.202906389917196,2024-10-24 13:48:26
1110,62,65,13,,,126.83727490383127,37.2130850040152,126.83354815006699,37.19963353225412,2024-10-24 13:48:43
1111,11,17,13,,,126.8151863333257,37.20739888123856,126.82638843044913,37.19618711642858,2024-10-24 13:49:00
1112,56,41,13,,,126.8357765130577,37.20602022784946,126.83381017493453,37.19816851216347,2024-10-24 13:49:25
1113,4,68,13,,,126.8229529349005,37.207954515419466,126.83970584608427,37.20214344869246,2024-10-24 13:49:27
1114,58,33,13,,,126.83524343388585,37.208815049851424,126.82946906866178,37.199703219725286,2024-10-24 13:49:29
1115,17,26,13,,,126.8259745837875,37.195838966046054,126.8176233156485,37.1925602954737,2024-10-24 13:49:34
1116,56,17,13,,,126.83413705958577,37.20489000772662,126.82613150622458,37.19666843707765,2024-10-24 13:50:03
1117,33,56,13,,,126.83021215520748,37.19977485889109,126.83564623441141,37.20649637868317,2024-10-24 13:50:29
1118,54,33,13,,,126.83274420719492,37.21033734339608,126.82972249847846,37.20094857051333,2024-10-24 13:50:41
1119,17,12,13,,,126.82732892299754,37.196277818495965,126.81904159270242,37.204683661252474,2024-10-24 13:50:49
1120,58,33,13,,,126.8358487184244,37.208075217441056,126.82885726821063,37.201085462893985,2024-10-24 13:51:18
1121,70,17,13,,,126.83795431180366,37.210068385866265,126.82701032044255,37.195955472590256,2024-10-24 13:51:35
1122,56,17,13,,,126.8347478930906,37.206067014268704,126.826942880291,37.19638867685247,2024-10-24 13:52:30
1123,22,12,13,,,126.81665242243078,37.19493091904362,126.82010790374693,37.20465727046834,2024-10-24 13:52:37
1124,17,54,13,,,126.82678505781409,37.19741352008649,126.83277921473113,37.20974538876733,2024-10-24 13:52:40
1125,32,59,13,,,126.83236870171437,37.201606636184046,126.8316727073074,37.207529814071776,2024-10-24 13:53:01
1126,71,65,13,,,126.84018983602104,37.20594906698394,126.83484835645328,37.19969597128769,2024-10-24 13:53:32
1127,70,33,13,,,126.83746825537632,37.21026111248457,126.82844500377506,37.2006407963295,2024-10-24 13:53:50
1128,33,56,13,,,126.8286059103278,37.20055020307483,126.83554507354839,37.20473267439481,2024-10-24 13:54:48
1129,4,32,13,,,126.82262198647547,37.20946864297478,126.83175476364256,37.20078921038714,2024-10-24 13:54:59
1130,56,43,13,,,126.83512754122359,37.20500273375626,126.8242322254527,37.19047560828485,2024-10-24 13:55:09
1131,18,56,13,,,126.82386221366102,37.19528959745387,126.83434360426857,37.20578104916679,2024-10-24 13:55:22
1132,58,33,13,,,126.83561824876158,37.208286560732795,126.8289129608707,37.2013359943363,2024-10-24 13:55:34
1133,38,10,13,,,126.82505712167193,37.202300435614134,126.81646134250808,37.21023649517646,2024-10-24 13:55:37
1134,33,56,13,,,126.82900081612226,37.20024115304219,126.83451896580823,37.206251480840216,2024-10-24 13:55:59
1135,11,17,13,,,126.81492795115011,37.20741704692313,126.82652165922522,37.19589104061817,2024-10-24 13:56:48
1136,10,17,13,,,126.81636745471289,37.21021386141305,126.82561972978326,37.19583218774951,2024-10-24 13:57:00
1137,15,70,13,,,126.81731503810072,37.206266396220656,126.83827046856638,37.2094007054442,2024-10-24 13:57:40
1138,64,12,13,,,126.84169070851655,37.20344205351963,126.81833969111909,37.204722413479445,2024-10-24 13:57:53
1139,56,33,13,,,126.83506491513897,37.20470778347642,126.82897649555302,37.200872353792136,2024-10-24 13:58:17
1140,42,70,13,,,126.83192794803598,37.19539161243864,126.83863785862995,37.21033681563819,2024-10-24 13:58:53
1141,34,65,14,,,126.82258796003198,37.20308501276133,126.83433220547458,37.19999292852621,2024-10-24 14:00:15
1142,33,56,14,,,126.8286119819283,37.20145880765015,126.83577451715519,37.20592358983151,2024-10-24 14:01:16
1143,58,33,14,,,126.83459773559626,37.20920224200366,126.82960361743987,37.20156068028834,2024-10-24 14:01:30
1144,58,33,14,,,126.83607222868032,37.20804499348601,126.82857832811501,37.2007486527805,2024-10-24 14:01:32
1145,70,33,14,,,126.83850048703155,37.20934278914259,126.82849923564002,37.20055772824668,2024-10-24 14:01:41
1146,17,56,14,,,126.82557063977991,37.19634327155035,126.83561162022022,37.20565411151156,2024-10-24 14:01:51
1147,23,32,14,,,126.82087602183998,37.19098785068355,126.83268770433537,37.20145416091092,2024-10-24 14:02:48
1148,70,33,14,,,126.83720903269197,37.20975583171806,126.82987684008896,37.20071865054846,2024-10-24 14:03:45
1149,32,58,14,,,126.8323124368068,37.20262351565723,126.83603405738774,37.2091295728763,2024-10-24 14:03:52
1150,4,31,14,,,126.8227896759918,37.20786611708161,126.8298967332796,37.19862480871176,2024-10-24 14:04:11
1151,49,32,14,,,126.827031932059,37.21290424695574,126.83239181734103,37.201576813370245,2024-10-24 14:04:18
1152,58,33,14,,,126.83590103743167,37.207835361766946,126.82909563838307,37.19984040036467,2024-10-24 14:04:28
1153,32,2,14,,,126.83119462328862,37.20077042754382,126.82182374779056,37.205077443330616,2024-10-24 14:04:38
1154,56,69,14,,,126.8352902309854,37.205412677828775,126.83718743450397,37.20678555593435,2024-10-24 14:04:49
1155,13,13,14,,,126.81678332274328,37.203754405941424,126.81682450722306,37.20319815496067,2024-10-24 14:05:20
1156,56,17,14,,,126.8356341918283,37.2058807611727,126.82642070095949,37.197743204487,2024-10-24 14:06:31
1157,24,62,14,,,126.81829798083396,37.19022323651135,126.83839381409541,37.21227760079721,2024-10-24 14:06:42
1158,33,56,14,,,126.8284550980317,37.19973550465362,126.83546320403875,37.206098009595934,2024-10-24 14:07:03
1159,56,31,14,,,126.83575845239956,37.20612375306258,126.82966120530632,37.19720206085505,2024-10-24 14:07:07
1160,33,56,14,,,126.8288209448552,37.20105709013168,126.83578109382795,37.20557683044753,2024-10-24 14:07:34
1161,11,70,14,,,126.81524938675139,37.208417670879655,126.8382791041381,37.20869965551012,2024-10-24 14:07:43
1162,58,33,14,,,126.83474606947861,37.20925521844784,126.82876783725364,37.20124431827602,2024-10-24 14:09:00
1163,56,33,14,,,126.83429703955392,37.205558399678964,126.82885366243939,37.200382963235285,2024-10-24 14:09:18
1164,71,37,14,,,126.84025128504659,37.20565967959619,126.82086720894424,37.19671088227704,2024-10-24 14:09:31
1165,40,72,14,,,126.83037747206079,37.19237129447265,126.81111883741237,37.20816876919336,2024-10-24 14:09:33
1166,19,35,14,,,126.82950963665415,37.195225916940885,126.81952933746595,37.20264858684339,2024-10-24 14:09:54
1167,69,30,14,,,126.83844987712101,37.20761929338855,126.83271534515602,37.198243035303456,2024-10-24 14:09:55
1168,70,33,14,,,126.83767401415531,37.20997145684342,126.82833865495964,37.20043800810085,2024-10-24 14:10:05
1169,68,72,14,,,126.83906468074555,37.20149535385258,126.81179091749165,37.20816354815018,2024-10-24 14:10:28
1170,56,17,14,,,126.83399496091081,37.2059832045632,126.8259757484863,37.19705936191479,2024-10-24 14:10:54
1171,56,41,14,,,126.83562457393057,37.206049528268764,126.83328462727438,37.197690528672,2024-10-24 14:11:02
1172,71,10,14,,,126.84099613497897,37.20560000210173,126.81780303476593,37.20918592673662,2024-10-24 14:11:10
1173,17,54,14,,,126.82671825921902,37.1969153602325,126.8331466485788,37.20977698091125,2024-10-24 14:11:32
1174,56,33,14,,,126.83501424098387,37.20579916218465,126.82913766566219,37.200125187453395,2024-10-24 14:11:36
1175,58,33,14,,,126.83604633332908,37.2080353999775,126.82886615884983,37.199884512705545,2024-10-24 14:12:12
1176,19,10,14,,,126.82959021797465,37.19563357276998,126.81617898004424,37.20902395833042,2024-10-24 14:12:20
1177,59,41,14,,,126.83312631091835,37.208324189775794,126.8345685122589,37.197581673816714,2024-10-24 14:12:26
1178,56,32,14,,,126.83435005522472,37.20539398406871,126.83196804120149,37.20168848524144,2024-10-24 14:13:39
1179,19,65,14,,,126.82954985518907,37.1951903435448,126.83398888113149,37.199120221191514,2024-10-24 14:14:23
1180,32,20,14,,,126.83150301798396,37.20219700603384,126.81590822363782,37.19151511976738,2024-10-24 14:14:58
1181,58,19,14,,,126.83543115626992,37.20853792225466,126.82937074339894,37.195509588886296,2024-10-24 14:16:17
1182,54,33,14,,,126.83289296440182,37.21106965371474,126.82867427431138,37.19974102528832,2024-10-24 14:16:19
1183,29,63,14,,,126.82703093456213,37.202869144475024,126.83503226242456,37.210664281578,2024-10-24 14:16:30
1184,17,58,14,,,126.82663721496667,37.19627374219052,126.83464699091043,37.208009088831766,2024-10-24 14:18:58
1185,56,33,14,,,126.83476495044128,37.20467192700689,126.82880993626522,37.20141097980655,2024-10-24 14:19:03
1186,70,17,14,,,126.83832705651066,37.210478740413144,126.82673939490918,37.197757771713675,2024-10-24 14:19:47
1187,6,24,14,,,126.82454854547555,37.20391509818376,126.81849266074222,37.19010388191389,2024-10-24 14:19:53
1188,56,33,14,,,126.83548782363816,37.20585019125864,126.82953732955828,37.20094178129212,2024-10-24 14:20:08
1189,56,41,14,,,126.83590663302668,37.20512104408504,126.83457387154364,37.19622781560769,2024-10-24 14:20:11
1190,17,54,14,,,126.82653303199285,37.197223583669775,126.83261820948846,37.20931631002015,2024-10-24 14:20:45
1191,14,11,14,,,126.82027819874851,37.20783008348206,126.81334747805239,37.20832719983989,2024-10-24 14:21:19
1192,8,49,14,,,126.82520523027468,37.20655006426785,126.82858646169888,37.21402187383183,2024-10-24 14:21:36
1193,69,30,14,,,126.83689014297101,37.20767976040653,126.83272597618718,37.19882778696213,2024-10-24 14:21:38
1194,56,33,14,,,126.83529315076714,37.204897342822335,126.82858727637611,37.19978508630363,2024-10-24 14:22:55
1195,42,70,14,,,126.83063651292393,37.19669095021929,126.83843294061076,37.208775903516184,2024-10-24 14:23:03
1196,70,42,14,,,126.83877378045558,37.209242239365594,126.83072608111883,37.196863996626995,2024-10-24 14:23:32
1197,58,33,14,,,126.8356084979571,37.20829891454817,126.8286923946948,37.19970874746128,2024-10-24 14:23:40
1198,58,32,14,,,126.83514021141355,37.209254520678286,126.83110814576366,37.201592362971994,2024-10-24 14:24:04
1199,36,1,14,,,126.8235506899948,37.19817121177174,126.81711029715038,37.197187672965406,2024-10-24 14:24:30
1200,9,54,14,,,126.81366695077374,37.204661303543794,126.8325353194268,37.20925584397808,2024-10-24 14:24:31
1201,58,19,14,,,126.83421482813907,37.2083893603524,126.82916253443535,37.19476769474897,2024-10-24 14:24:57
1202,58,33,14,,,126.8360238101139,37.209058462336515,126.83019602515142,37.20128337461764,2024-10-24 14:25:07
1203,9,52,14,,,126.81503833131428,37.20624405830012,126.83077906575481,37.21656129935668,2024-10-24 14:25:12
1204,59,15,14,,,126.83298714703885,37.20831922569404,126.81649291115562,37.20561759506879,2024-10-24 14:25:23
1205,58,33,14,,,126.83510553327955,37.2081491077657,126.82855969224593,37.20071914806258,2024-10-24 14:25:27
1206,32,59,14,,,126.83279902019993,37.202059293979595,126.83338197858211,37.20750991520586,2024-10-24 14:25:39
1207,40,48,14,,,126.83092448354017,37.1936213660727,126.82964836937542,37.214524083157485,2024-10-24 14:26:13
1208,35,32,14,,,126.81965976819097,37.20288166909603,126.8321337135407,37.20171063740507,2024-10-24 14:26:14
1209,11,17,14,,,126.81369749331947,37.20796774777775,126.82656149644784,37.19697878675625,2024-10-24 14:26:15
1210,41,18,14,,,126.83431690442136,37.19632194054047,126.82378911943556,37.19530445434979,2024-10-24 14:26:32
1211,22,50,14,,,126.81518313708739,37.1952113189162,126.8214031002525,37.21224106914688,2024-10-24 14:26:37
1212,47,66,14,,,126.82847714194166,37.210495605816355,126.83664445468553,37.20405987558926,2024-10-24 14:27:26
1213,58,33,14,,,126.83544460047258,37.20861606381327,126.82928657016065,37.2012394315902,2024-10-24 14:28:06
1214,19,40,14,,,126.82834208399682,37.195575564335435,126.83160189218282,37.193180267912176,2024-10-24 14:28:11
1215,56,17,14,,,126.83438000772277,37.20465205937551,126.82646601748813,37.19600465588702,2024-10-24 14:28:35
1216,11,17,14,,,126.81423469997051,37.208503630279864,126.82704576229611,37.19661788961074,2024-10-24 14:29:03
1217,33,56,14,,,126.82960094971136,37.20010255586076,126.83533953034362,37.20646813773863,2024-10-24 14:29:26
1218,56,33,14,,,126.8356923749644,37.20580185335302,126.82861221278098,37.20084932612843,2024-10-24 14:29:38
1219,9,9,14,,,126.81493276811015,37.20587748935379,126.81426798623669,37.20642248542326,2024-10-24 14:29:40
1220,56,31,14,,,126.83514236840904,37.20514568285238,126.82899651652563,37.19863044482531,2024-10-24 14:29:40
1221,56,32,14,,,126.83576450394101,37.204932801836875,126.83177388637746,37.20165648646693,2024-10-24 14:29:45
1222,69,30,14,,,126.83696324770771,37.20624452967495,126.83084442300671,37.1990559032534,2024-10-24 14:30:05
1223,3,19,14,,,126.82575217809935,37.20911844264075,126.82808367838626,37.19417404402681,2024-10-24 14:30:23
1224,19,10,14,,,126.82821698784858,37.194774362417085,126.81648256887443,37.20990331775031,2024-10-24 14:30:29
1225,15,5,14,,,126.81672513414914,37.206548283416566,126.82691948138286,37.205683645809785,2024-10-24 14:30:59
1226,56,41,14,,,126.83418597753747,37.205570440577944,126.8336056918034,37.19760222505866,2024-10-24 14:31:03
1227,59,38,14,,,126.83268490802433,37.20829020530827,126.82423948164647,37.20064129220623,2024-10-24 14:31:07
1228,39,38,14,,,126.82106434965038,37.20075981122957,126.82427779921886,37.200725953383994,2024-10-24 14:31:22
1229,56,17,14,,,126.8352273840249,37.20618358185917,126.8257930574323,37.19632249340945,2024-10-24 14:31:41
1230,56,31,14,,,126.8340504487051,37.20567272672817,126.82897986305568,37.197320885300705,2024-10-24 14:33:06
1231,1,53,14,,,126.81630841654493,37.197305929340004,126.82895774528802,37.20594765448579,2024-10-24 14:33:13
1232,10,17,14,,,126.81796012716696,37.20965411573336,126.82568005998282,37.19604119173269,2024-10-24 14:33:13
1233,51,34,14,,,126.81870911273744,37.20958083434565,126.82212162038243,37.203906520667964,2024-10-24 14:33:14
1234,54,33,14,,,126.83184793081185,37.21041757412918,126.82891667291064,37.20131875006081,2024-10-24 14:34:07
1235,58,19,14,,,126.83548238540241,37.2093492990617,126.82808812220605,37.19581078456906,2024-10-24 14:35:08
1236,56,33,14,,,126.83590005838292,37.205621346090076,126.8299882514299,37.20084894460695,2024-10-24 14:35:37
1237,12,17,14,,,126.8202147483343,37.20575581987074,126.82633549210091,37.1973273798761,2024-10-24 14:35:56
1238,69,30,14,,,126.83843512249342,37.20632683481949,126.83177387866108,37.198740053431,2024-10-24 14:36:25
1239,10,17,14,,,126.81635699732534,37.20876069448912,126.82651646260382,37.19604777797297,2024-10-24 14:37:12
1240,69,30,14,,,126.8372568158337,37.20767491735276,126.83172286617676,37.199341831481725,2024-10-24 14:37:17
1241,50,17,14,,,126.82186666339129,37.21083052592868,126.82567236120039,37.19693361184512,2024-10-24 14:37:46
1242,56,33,14,,,126.83474427341484,37.20643942288158,126.83029682038449,37.199754231255326,2024-10-24 14:39:09
1243,11,58,14,,,126.81528237815097,37.20799107336717,126.83554284455435,37.208594953757526,2024-10-24 14:39:20
1244,56,31,14,,,126.83430623249922,37.20529486392159,126.828741591188,37.19820399073036,2024-10-24 14:39:34
1245,10,17,14,,,126.81664643173205,37.20912679898707,126.82616874953644,37.19653521947128,2024-10-24 14:40:17
1246,53,18,14,,,126.82959488195408,37.207070728581165,126.82426636475908,37.19630381619702,2024-10-24 14:40:31
1247,70,33,14,,,126.83870553752735,37.20974968494243,126.82903640311571,37.2014826767648,2024-10-24 14:41:10
1248,33,56,14,,,126.8296052397316,37.2004510517549,126.83498999402171,37.20485978023019,2024-10-24 14:41:39
1249,24,28,14,,,126.81884633851264,37.19154863270637,126.82907252107448,37.203151255234744,2024-10-24 14:41:40
1250,9,18,14,,,126.81391092711317,37.20641475020695,126.82330960866777,37.19494410398464,2024-10-24 14:41:44
1251,5,52,14,,,126.82759160460333,37.20583569545063,126.83056495407965,37.217881375516,2024-10-24 14:43:25
1252,32,59,14,,,126.83291481644515,37.20099008498426,126.83265701913332,37.206550550345405,2024-10-24 14:43:33
1253,33,56,14,,,126.83030476812453,37.20057267039449,126.83529317269173,37.20618163755268,2024-10-24 14:43:36
1254,38,21,14,,,126.82423810086864,37.20050104639091,126.8177375947696,37.19726472388703,2024-10-24 14:44:10
1255,43,41,14,,,126.8226182081515,37.18931950961692,126.83385047499674,37.196295871273556,2024-10-24 14:44:17
1256,42,70,14,,,126.83236524161336,37.1951535191692,126.83730409830234,37.20977627346484,2024-10-24 14:44:38
1257,13,67,14,,,126.81571934536161,37.20462851444636,126.83528059641377,37.20309459962233,2024-10-24 14:45:18
1258,33,58,14,,,126.8286174883253,37.20044675050623,126.83491574020054,37.208118316340766,2024-10-24 14:45:22
1259,58,33,14,,,126.83581689521002,37.20885238176356,126.82892243805395,37.20055629547173,2024-10-24 14:45:27
1260,42,70,14,,,126.83243106343625,37.19616163243405,126.83789185598586,37.210279929357874,2024-10-24 14:45:33
1261,33,56,14,,,126.828961081633,37.20120554388267,126.8340567238282,37.20496685135624,2024-10-24 14:45:34
1262,10,17,14,,,126.8160333826177,37.20858936064672,126.8256936112192,37.19706641872701,2024-10-24 14:45:44
1263,70,33,14,,,126.838770412213,37.21045477669568,126.82929520409796,37.200454630090185,2024-10-24 14:45:50
1264,40,58,14,,,126.83049646781917,37.193018420138394,126.8356037278353,37.208724237140345,2024-10-24 14:47:01
1265,31,9,14,,,126.8287167609259,37.19883671533261,126.81311948461436,37.20446306288831,2024-10-24 14:47:07
1266,53,62,14,,,126.82904861319211,37.20555068313564,126.83794407011916,37.21189728310549,2024-10-24 14:47:15
1267,58,33,14,,,126.83443407560702,37.20775456268807,126.83021848291116,37.20007429518132,2024-10-24 14:47:35
1268,58,19,14,,,126.83555175374114,37.20759266643044,126.82982869236311,37.194444253943345,2024-10-24 14:48:07
1269,58,33,14,,,126.83578383750522,37.20852246356004,126.82921823014267,37.20146468526111,2024-10-24 14:48:27
1270,70,42,14,,,126.8383017885522,37.210315139051936,126.83143589258387,37.19594661270648,2024-10-24 14:49:41
1271,70,33,14,,,126.83689889502604,37.20949749176552,126.82854802557308,37.20102179953827,2024-10-24 14:49:56
1272,56,33,14,,,126.83397597081692,37.20618013207462,126.82927281205585,37.200728026316945,2024-10-24 14:50:04
1273,42,70,14,,,126.83240051548053,37.19627408458008,126.8371019141436,37.208613284633586,2024-10-24 14:50:35
1274,19,10,14,,,126.82821541681392,37.19425792756574,126.81631244833974,37.20952180259068,2024-10-24 14:50:36
1275,21,40,14,,,126.81942159969763,37.19723937639214,126.83169376276697,37.192767220518824,2024-10-24 14:50:56
1276,58,17,14,,,126.8360252704563,37.207998233363256,126.8269945769528,37.1968545104545,2024-10-24 14:51:23
1277,56,41,14,,,126.83537230227591,37.204667765275936,126.8335012243305,37.198095823069984,2024-10-24 14:51:24
1278,70,33,14,,,126.83686383049186,37.209095383637084,126.8292051895413,37.20074260745268,2024-10-24 14:52:22
1279,33,56,14,,,126.82909145423288,37.19979055762411,126.83442520691976,37.20663483642718,2024-10-24 14:53:03
1280,56,31,14,,,126.83436429383595,37.204863185029026,126.82891541218488,37.19732452236147,2024-10-24 14:53:10
1281,58,19,14,,,126.83537398989326,37.20882798496482,126.82973067564984,37.19470621810947,2024-10-24 14:53:46
1282,50,51,14,,,126.82260425718293,37.21219524709567,126.81872592540023,37.2109747124055,2024-10-24 14:54:00
1283,44,14,14,,,126.82081226102441,37.18817252623611,126.81859894343395,37.208274709568094,2024-10-24 14:54:10
1284,56,17,14,,,126.83559629309718,37.20494135412691,126.82640064912188,37.197592608984955,2024-10-24 14:54:22
1285,23,7,14,,,126.82117042194602,37.191690763289316,126.82766718493048,37.20895508162175,2024-10-24 14:54:25
1286,56,33,14,,,126.8341047281153,37.206036226305585,126.82848045642528,37.200656352951206,2024-10-24 14:54:28
1287,15,58,14,,,126.81612168569055,37.20611219308703,126.83532835250723,37.20884875692784,2024-10-24 14:54:29
1288,70,19,14,,,126.838632494775,37.20966999232861,126.82924448308155,37.194919039825585,2024-10-24 14:54:35
1289,45,10,14,,,126.8247389916229,37.211986918241884,126.81748603391884,37.210010054235696,2024-10-24 14:54:55
1290,11,17,14,,,126.81423796856085,37.20808884424922,126.82661447847167,37.19734749709066,2024-10-24 14:55:01
1291,33,56,14,,,126.82919542304298,37.20019511256927,126.83576590230459,37.20562636286576,2024-10-24 14:55:29
1292,3,56,14,,,126.8254801426641,37.2099589054664,126.83519870793901,37.20529773577881,2024-10-24 14:55:34
1293,44,63,14,,,126.82058409623868,37.188190604155864,126.83479859426689,37.21187278065341,2024-10-24 14:55:48
1294,20,25,14,,,126.81500462998397,37.19167902497115,126.82063981520172,37.19440583230378,2024-10-24 14:55:56
1295,42,28,14,,,126.83248403213675,37.19673894932904,126.82921691565481,37.202514156993395,2024-10-24 14:56:57
1296,48,19,14,,,126.82986129701689,37.215673258486945,126.828213084416,37.19412600184858,2024-10-24 14:57:06
1297,10,17,14,,,126.81769010248627,37.21018722642532,126.82740053153229,37.196078174823384,2024-10-24 14:57:34
1298,35,26,14,,,126.81964836618013,37.2024288932465,126.81780483791373,37.192667889949185,2024-10-24 14:57:37
1299,11,58,14,,,126.81475017125001,37.20871896007679,126.83598620837255,37.20799715549838,2024-10-24 14:57:48
1300,56,33,14,,,126.83474517736683,37.20557398788411,126.82875398050592,37.201186462030435,2024-10-24 14:58:08
1301,71,38,14,,,126.83972624711689,37.205039258624666,126.82435020605794,37.202186018432684,2024-10-24 14:59:13
1302,58,19,14,,,126.83455266742044,37.2093768620643,126.82831706357119,37.19552486218643,2024-10-24 14:59:28
1303,56,41,14,,,126.8348373212829,37.205383760214154,126.83495656562891,37.19746275988452,2024-10-24 14:59:29
1304,12,17,15,,,126.8197620796478,37.20533804629056,126.82562125421,37.19585467412321,2024-10-24 15:01:17
1305,70,33,15,,,126.8371446145669,37.21024422096522,126.82888414515541,37.201224767954656,2024-10-24 15:01:24
1306,56,33,15,,,126.83571918857099,37.20593371446967,126.82979317280659,37.19973540172785,2024-10-24 15:01:26
1307,58,33,15,,,126.83542729284785,37.20930487930589,126.83012796293845,37.200919037579396,2024-10-24 15:01:34
1308,56,23,15,,,126.83551580607403,37.205159712987886,126.8201654055793,37.19211046346735,2024-10-24 15:01:59
1309,32,59,15,,,126.83231804782365,37.20110024306783,126.83321704802273,37.207936542536345,2024-10-24 15:02:14
1310,14,2,15,,,126.81980620105037,37.206736499976444,126.8224966050121,37.20637872930397,2024-10-24 15:02:57
1311,67,58,15,,,126.83375612442882,37.20228694538524,126.83554500519439,37.20797910252929,2024-10-24 15:03:43
1312,56,17,15,,,126.83463727904643,37.20568745846442,126.82570656475428,37.19606512761925,2024-10-24 15:04:05
1313,56,17,15,,,126.83560066367399,37.205910774269654,126.8259797086403,37.1963035097588,2024-10-24 15:04:23
1314,7,24,15,,,126.82702495132963,37.20822933882294,126.81800176418928,37.19067352048444,2024-10-24 15:04:33
1315,56,31,15,,,126.83450468805823,37.20527072884135,126.83000039822394,37.19697744903242,2024-10-24 15:05:43
1316,17,54,15,,,126.82689801547227,37.19606075419706,126.83283139112972,37.20974822581475,2024-10-24 15:06:11
1317,57,23,15,,,126.83262039105561,37.205210922733805,126.82051714782868,37.19180579106991,2024-10-24 15:06:51
1318,33,56,15,,,126.82929538080103,37.2008034933116,126.83498751448046,37.205750487090334,2024-10-24 15:07:28
1319,58,19,15,,,126.83516581125134,37.20777429948102,126.82952743188154,37.19597415793083,2024-10-24 15:07:33
1320,56,33,15,,,126.8347562923412,37.20527589918582,126.83024090405735,37.20103125975943,2024-10-24 15:07:42
1321,17,58,15,,,126.82603417999118,37.197292459134566,126.83517253463177,37.208390457994156,2024-10-24 15:07:42
1322,11,17,15,,,126.81517273075744,37.208894822804766,126.82602876637797,37.19672867670135,2024-10-24 15:07:57
1323,32,59,15,,,126.83162834416532,37.20151376447527,126.83236696004225,37.20713045072319,2024-10-24 15:08:07
1324,11,58,15,,,126.81361062992484,37.20897076373506,126.83438376783151,37.20791180346347,2024-10-24 15:08:47
1325,11,61,15,,,126.81417552139733,37.20921935245181,126.83234387447118,37.21635103651574,2024-10-24 15:08:53
1326,58,19,15,,,126.8345332301055,37.20746480620977,126.82901780780912,37.19464592383267,2024-10-24 15:09:17
1327,10,17,15,,,126.81675620550303,37.20937460383229,126.82608624562884,37.19673943829111,2024-10-24 15:09:20
1328,63,36,15,,,126.83498398843452,37.21079524223018,126.82394345507679,37.19946136555002,2024-10-24 15:09:40
1329,7,50,15,,,126.82805806683749,37.207670918399,126.82170599187593,37.21077150846295,2024-10-24 15:09:58
1330,69,17,15,,,126.83678141029796,37.20597102374852,126.8257669293745,37.19750598646084,2024-10-24 15:10:06
1331,72,58,15,,,126.81169642457195,37.20803733729939,126.83430101967295,37.20875310538473,2024-10-24 15:10:35
1332,56,17,15,,,126.83511119424747,37.20515581256271,126.82563273659953,37.19658137212009,2024-10-24 15:10:57
1333,10,17,15,,,126.81631928694223,37.20854309805589,126.8257824530162,37.19621186724505,2024-10-24 15:11:07
1334,33,56,15,,,126.82858324986185,37.200648742081654,126.83488363956151,37.20607436567221,2024-10-24 15:11:12
1335,64,46,15,,,126.84350568686513,37.202884564196985,126.82951321090873,37.21245552578021,2024-10-24 15:11:15
1336,69,30,15,,,126.83823939805451,37.20722358858345,126.8321013201868,37.19905742354711,2024-10-24 15:11:29
1337,22,55,15,,,126.81684325241386,37.194391560576996,126.83017647111973,37.20878977977132,2024-10-24 15:11:31
1338,10,17,15,,,126.81720770208885,37.20986764109802,126.82605083316756,37.196103912083004,2024-10-24 15:12:30
1339,56,17,15,,,126.8355028192285,37.20469832764028,126.82637638415122,37.196390721377234,2024-10-24 15:13:06
1340,69,30,15,,,126.83853750925084,37.20689081006241,126.83191662045166,37.198982959581755,2024-10-24 15:14:29
1341,59,15,15,,,126.83215625093177,37.207319642444055,126.81712825245245,37.20673570612474,2024-10-24 15:16:01
1342,7,25,15,,,126.82725351373524,37.2082875482711,126.82027624830982,37.194996832895626,2024-10-24 15:17:36
1343,58,33,15,,,126.83503503285215,37.20792962585292,126.82948007953209,37.20016241878372,2024-10-24 15:17:52
1344,64,22,15,,,126.84303968457124,37.20347934149932,126.8155188580572,37.19478965563569,2024-10-24 15:17:58
1345,10,17,15,,,126.81728267138291,37.20906058923562,126.82550304924764,37.19767995295909,2024-10-24 15:18:36
1346,56,41,15,,,126.83555512526891,37.20637580846956,126.83417798289369,37.19807694611915,2024-10-24 15:18:42
1347,33,56,15,,,126.8283705673506,37.200306748431316,126.83558259801211,37.20473315619709,2024-10-24 15:19:25
1348,49,50,15,,,126.8273440989918,37.21319306617601,126.8229885802114,37.211647555061575,2024-10-24 15:19:37
1349,10,17,15,,,126.81788281115229,37.20939748699952,126.82693850432163,37.19679737322772,2024-10-24 15:19:54
1350,10,17,15,,,126.81738011141539,37.209991906332945,126.8267765068852,37.19637178485951,2024-10-24 15:21:35
1351,41,43,15,,,126.83455133590004,37.19627071052216,126.82330322977947,37.18990338022981,2024-10-24 15:22:15
1352,19,10,15,,,126.82863575135234,37.1950222543544,126.81748252595652,37.20925215387276,2024-10-24 15:22:23
1353,69,30,15,,,126.8379568792312,37.205775639617656,126.83156338443493,37.19929220758743,2024-10-24 15:22:26
1354,56,33,15,,,126.83538320241549,37.206307587623265,126.82980219132573,37.201277466080285,2024-10-24 15:22:28
1355,52,64,15,,,126.83079186182867,37.21710634259216,126.84237076851393,37.203315605672195,2024-10-24 15:22:59
1356,61,8,15,,,126.83238426915007,37.21658078264412,126.824677384557,37.20658522837285,2024-10-24 15:23:09
1357,44,66,15,,,126.82018885104078,37.18831119619123,126.83677331313521,37.20484679707388,2024-10-24 15:23:10
1358,11,58,15,,,126.8139352797705,37.20760154763591,126.83437027325071,37.20894757503467,2024-10-24 15:23:21
1359,53,67,15,,,126.83006551109675,37.20688820179593,126.83529265335635,37.20243091832332,2024-10-24 15:23:42
1360,33,56,15,,,126.82948220733361,37.20128488971949,126.83515903570854,37.20617330733366,2024-10-24 15:23:48
1361,17,54,15,,,126.82640688827689,37.19609075491365,126.83215553346889,37.21065058267277,2024-10-24 15:24:02
1362,11,32,15,,,126.8142097870675,37.20753516128055,126.83204546798835,37.202721668190456,2024-10-24 15:24:45
1363,56,32,15,,,126.83568016841241,37.20598626343982,126.83267884671699,37.201540294822934,2024-10-24 15:24:48
1364,17,54,15,,,126.8257758710041,37.19716590605515,126.83188653743397,37.21054052589018,2024-10-24 15:25:01
1365,1,38,15,,,126.8159351868353,37.19725418017635,126.8239978763034,37.20214853343388,2024-10-24 15:25:39
1366,42,70,15,,,126.83119572659453,37.19625610023687,126.83779545043429,37.2087349806449,2024-10-24 15:25:47
1367,33,58,15,,,126.8290045594325,37.19986048296282,126.83483561799018,37.20817338676347,2024-10-24 15:25:58
1368,70,42,15,,,126.83794484735301,37.209492408672,126.832063865144,37.19596153431634,2024-10-24 15:26:29
1369,56,40,15,,,126.83574458309486,37.20649793409365,126.83219938765905,37.1929016741986,2024-10-24 15:26:49
1370,58,33,15,,,126.83602259377894,37.20921143462799,126.82876324764437,37.20143446572525,2024-10-24 15:26:51
1371,21,31,15,,,126.81889377772681,37.196218989543844,126.82837695639348,37.1970202974588,2024-10-24 15:27:03
1372,70,33,15,,,126.83729889346478,37.2090498571025,126.82911210789432,37.20120753783827,2024-10-24 15:27:13
1373,26,37,15,,,126.81868649824999,37.19323988519165,126.82223579307062,37.19832388134668,2024-10-24 15:27:19
1374,22,36,15,,,126.81684797913525,37.195652213986754,126.82472988910294,37.19898719666523,2024-10-24 15:27:20
1375,23,4,15,,,126.8214896533982,37.19103864637747,126.82171264547651,37.20913545207261,2024-10-24 15:27:35
1376,56,33,15,,,126.83508769159691,37.20515153113389,126.82906368334656,37.20064650002467,2024-10-24 15:27:52
1377,56,41,15,,,126.8345741741376,37.20649591373257,126.83507289272384,37.19704068727837,2024-10-24 15:28:11
1378,69,30,15,,,126.83708656941322,37.20756454167377,126.83096365527716,37.198927150321,2024-10-24 15:28:25
1379,42,70,15,,,126.8319428008096,37.195648630925966,126.83879026276216,37.209715507765935,2024-10-24 15:28:45
1380,56,33,15,,,126.83412235773459,37.205078936063316,126.82886336804604,37.200094000140844,2024-10-24 15:28:52
1381,58,33,15,,,126.83443158187109,37.20865944006409,126.82865451914506,37.20158184859255,2024-10-24 15:29:16
1382,58,33,15,,,126.83533324504224,37.20917133005744,126.82888020786748,37.20165619776431,2024-10-24 15:29:26
1383,54,33,15,,,126.83229859435717,37.21052038788847,126.82881680296316,37.200494411365696,2024-10-24 15:29:33
1384,56,17,15,,,126.83572004095363,37.20548695755065,126.82595104337324,37.19617362125906,2024-10-24 15:29:46
1385,67,63,15,,,126.83547475036856,37.202059272388304,126.8352404885939,37.21126425176258,2024-10-24 15:29:47
1386,58,33,15,,,126.83560342368686,37.20841538556204,126.8296892071208,37.200187142623534,2024-10-24 15:30:49
1387,70,33,15,,,126.8382818236338,37.20918936023534,126.8302290789357,37.20113442198343,2024-10-24 15:30:55
1388,58,33,15,,,126.83512137752952,37.209113169506054,126.82872056410514,37.200114750763944,2024-10-24 15:30:58
1389,70,17,15,,,126.83813781184544,37.21020092774988,126.82731602250823,37.196677751271885,2024-10-24 15:31:25
1390,58,33,15,,,126.83553560177765,37.20785518700747,126.82911634319964,37.20000329477709,2024-10-24 15:31:34
1391,72,70,15,,,126.8124562825718,37.20705071311192,126.83711594627646,37.20949475202908,2024-10-24 15:31:57
1392,33,56,15,,,126.83002297631651,37.20061760497481,126.83469149934736,37.20565628939046,2024-10-24 15:32:04
1393,5,34,15,,,126.82740927609224,37.20446437056356,126.82106688249922,37.20262962482196,2024-10-24 15:32:15
1394,33,56,15,,,126.82906986878754,37.200847873101665,126.8354416712429,37.20599589486042,2024-10-24 15:33:46
1395,19,10,15,,,126.82927565094899,37.195559376115924,126.81609139423911,37.209452526585395,2024-10-24 15:33:50
1396,56,33,15,,,126.8343848834186,37.2064120490176,126.82992764786866,37.19991033653127,2024-10-24 15:33:53
1397,27,15,15,,,126.82751434874919,37.19904670232076,126.81726226607672,37.205582404232466,2024-10-24 15:33:56
1398,26,64,15,,,126.81888914334097,37.193085471844284,126.84201793645407,37.202469551694094,2024-10-24 15:34:54
1399,7,38,15,,,126.82633652246969,37.208497470717255,126.82433215726937,37.20083878680919,2024-10-24 15:34:59
1400,72,51,15,,,126.81156891690094,37.20685949176885,126.82006713781941,37.20986784955486,2024-10-24 15:35:02
1401,54,33,15,,,126.83319877285442,37.2100999317045,126.82835148002165,37.200026984566136,2024-10-24 15:35:10
1402,56,33,15,,,126.83506956919051,37.205971353564,126.82936479365223,37.20121601458832,2024-10-24 15:35:37
1403,32,59,15,,,126.8329043867595,37.2018397447894,126.83230846037587,37.20644097464367,2024-10-24 15:36:54
1404,10,56,15,,,126.8176153376787,37.20974279211625,126.83574079202818,37.205477611807794,2024-10-24 15:37:37
1405,56,33,15,,,126.8351866278254,37.205412299718006,126.83012058757478,37.20106701646836,2024-10-24 15:37:43
1406,2,13,15,,,126.82206769603269,37.20579386869023,126.81596169664776,37.20453743657426,2024-10-24 15:37:56
1407,10,38,15,,,126.81767300947655,37.20956511905854,126.82423303958284,37.20137101809064,2024-10-24 15:38:08
1408,59,41,15,,,126.83180639201095,37.20646002757518,126.83422147998215,37.19653568827596,2024-10-24 15:38:11
1409,58,33,15,,,126.83557024631692,37.20769335563974,126.83015425147522,37.20053610033499,2024-10-24 15:38:43
1410,70,33,15,,,126.8385452908868,37.208798169695505,126.82888018139701,37.201268898790204,2024-10-24 15:38:51
1411,17,54,15,,,126.82704479245594,37.195906314319394,126.83272956590538,37.21071996255977,2024-10-24 15:38:55
1412,70,17,15,,,126.83703087304161,37.2103978261841,126.82546336845066,37.19641671691024,2024-10-24 15:40:18
1413,70,18,15,,,126.8374775870425,37.20985554190485,126.82396596905392,37.19477668658958,2024-10-24 15:40:33
1414,58,33,15,,,126.8343236383134,37.20797110578999,126.82897999845855,37.19978328749165,2024-10-24 15:40:46
1415,17,12,15,,,126.82720796918058,37.196180442614704,126.81895047891199,37.20415822532363,2024-10-24 15:41:04
1416,57,29,15,,,126.8323188821443,37.20502058419154,126.82724390617878,37.20205405424762,2024-10-24 15:41:06
1417,54,33,15,,,126.83348556007952,37.21089902379012,126.82976750351445,37.201535054732325,2024-10-24 15:41:56
1418,59,33,15,,,126.83340269531202,37.2071396529481,126.82857874988484,37.20100830690665,2024-10-24 15:42:18
1419,49,52,15,,,126.82693337412425,37.214148532027885,126.82984847246942,37.21824798649647,2024-10-24 15:42:38
1420,56,41,15,,,126.83553322522583,37.20527728800882,126.83481443512595,37.197484814279676,2024-10-24 15:43:06
1421,45,44,15,,,126.82563860461983,37.21327630414994,126.82066147729253,37.18965870273277,2024-10-24 15:43:22
1422,58,33,15,,,126.83415371995378,37.208374982824964,126.82896076533673,37.19993219273641,2024-10-24 15:44:11
1423,30,65,15,,,126.8323101890466,37.19943414826159,126.83386395364856,37.200597032448876,2024-10-24 15:45:07
1424,33,70,15,,,126.82878351755429,37.20015424063721,126.83698861667251,37.20916372835525,2024-10-24 15:45:08
1425,30,72,15,,,126.83178463434147,37.19892672685702,126.81226083034448,37.20726087830358,2024-10-24 15:45:11
1426,70,33,15,,,126.83755364685396,37.20873175229378,126.82920515820726,37.200065525385554,2024-10-24 15:45:25
1427,58,33,15,,,126.83449381921308,37.20783738094174,126.82837181960991,37.201250709933696,2024-10-24 15:46:13
1428,21,7,15,,,126.81760225288923,37.19607775563257,126.82764562326537,37.208379874000315,2024-10-24 15:46:21
1429,30,28,15,,,126.8313805500518,37.19858484054022,126.83005868833062,37.20372778565889,2024-10-24 15:46:22
1430,56,33,15,,,126.83564263557838,37.20488702683044,126.82909121540713,37.20138107714266,2024-10-24 15:46:46
1431,56,17,15,,,126.83559697369978,37.20617397945663,126.82712599134574,37.196590160766554,2024-10-24 15:46:47
1432,19,10,15,,,126.82875410085893,37.195987186851625,126.81659135576285,37.209446094121944,2024-10-24 15:46:54
1433,5,45,15,,,126.82613433433829,37.20550558840612,126.82505040585251,37.21311107267327,2024-10-24 15:46:57
1434,34,58,15,,,126.82131796279799,37.20218524722754,126.83417250344964,37.208133843116265,2024-10-24 15:46:58
1435,10,17,15,,,126.81707901775927,37.209063307694336,126.82569305447144,37.196472898976886,2024-10-24 15:46:59
1436,42,70,15,,,126.831222818782,37.19646561574611,126.8383485410002,37.209545066343914,2024-10-24 15:47:09
1437,58,33,15,,,126.8345575147974,37.20825376403337,126.82916085527957,37.200432773774956,2024-10-24 15:47:18
1438,54,33,15,,,126.83204496630256,37.21022592272397,126.82963588580945,37.20066419012712,2024-10-24 15:48:00
1439,69,15,15,,,126.83750977395032,37.20684542432152,126.81722619729175,37.20574793896341,2024-10-24 15:48:24
1440,24,4,15,,,126.81831692710732,37.19124449300182,126.82275757727388,37.20919765695944,2024-10-24 15:48:42
1441,17,54,15,,,126.8259693330292,37.196152735281984,126.8327461414026,37.21099679507686,2024-10-24 15:48:51
1442,17,54,15,,,126.8258336502191,37.19596701167861,126.833087400606,37.21020186503747,2024-10-24 15:49:31
1443,70,33,15,,,126.83743893581357,37.21015223569057,126.82857684671437,37.201035706748094,2024-10-24 15:50:14
1444,70,33,15,,,126.83712700252286,37.21044839420895,126.8299164742198,37.20026287618561,2024-10-24 15:51:22
1445,56,41,15,,,126.83432950269065,37.20511384020285,126.83506758192941,37.19797644873431,2024-10-24 15:51:39
1446,58,19,15,,,126.83541626449207,37.20756285224793,126.82944822775423,37.19529514144019,2024-10-24 15:52:01
1447,58,19,15,,,126.83532111171914,37.20771884051209,126.82974502556142,37.194855461167094,2024-10-24 15:52:05
1448,56,33,15,,,126.83463472573266,37.20651686387566,126.8299570041098,37.201097125322605,2024-10-24 15:53:32
1449,4,52,15,,,126.82168096285908,37.207689944421865,126.8313274913818,37.21847166592073,2024-10-24 15:54:00
1450,13,22,15,,,126.81674953386809,37.204027270039134,126.81670989602229,37.19520030443764,2024-10-24 15:54:08
1451,70,33,15,,,126.83696018137724,37.20865059934671,126.82907705523725,37.20156958324165,2024-10-24 15:54:29
1452,56,33,15,,,126.83529009461868,37.2065246158458,126.82879362503584,37.20124338828578,2024-10-24 15:54:32
1453,59,30,15,,,126.83294413124536,37.207574241729205,126.83128235859505,37.19802195251179,2024-10-24 15:54:46
1454,71,25,15,,,126.8394281252975,37.20472512859599,126.82022297586383,37.194869715211254,2024-10-24 15:55:21
1455,54,33,15,,,126.83260647905134,37.21067789051582,126.82937971204747,37.201540108715534,2024-10-24 15:56:14
1456,58,33,15,,,126.8346966741264,37.20811381547327,126.82904947250375,37.19983458076585,2024-10-24 15:56:26
1457,28,26,15,,,126.82989456032438,37.20261777776786,126.81811841019535,37.1944718356789,2024-10-24 15:56:40
1458,2,29,15,,,126.82203959723691,37.20563316782632,126.82750598259054,37.20148498339238,2024-10-24 15:56:49
1459,3,3,15,,,126.82482861217747,37.209936511145024,126.8242894516497,37.21024580668249,2024-10-24 15:56:58
1460,17,54,15,,,126.82616484955966,37.19647928493148,126.8321269968497,37.209622022494806,2024-10-24 15:56:59
1461,63,51,15,,,126.83507863363491,37.21083643150782,126.82050025010042,37.21027956116774,2024-10-24 15:56:59
1462,56,33,15,,,126.8341325944359,37.20492403959676,126.83018014427222,37.201134743678544,2024-10-24 15:57:31
1463,56,31,15,,,126.83535367770315,37.20472738403614,126.82820087581588,37.19841475312863,2024-10-24 15:58:11
1464,67,13,15,,,126.8349577043174,37.203672929902496,126.81594102143507,37.20358767154645,2024-10-24 15:58:14
1465,20,48,15,,,126.8163829766895,37.19230295956996,126.83103970614198,37.215533383001166,2024-10-24 15:58:23
1466,58,33,15,,,126.8346654851629,37.209085479454686,126.82907842040768,37.20115866892326,2024-10-24 15:58:50
1467,42,70,16,,,126.83251678498203,37.196021687476566,126.83879673335694,37.21015030442295,2024-10-24 16:00:21
1468,70,42,16,,,126.83696619551289,37.20926516359065,126.83078126244222,37.19517542833285,2024-10-24 16:00:27
1469,58,33,16,,,126.83417264280857,37.20790169613153,126.83015707075675,37.200228051832,2024-10-24 16:00:38
1470,11,25,16,,,126.8142801509999,37.20760060401907,126.82177464198378,37.194991955158265,2024-10-24 16:00:54
1471,56,31,16,,,126.8357810933281,37.20488348564582,126.82812816843725,37.19720977244147,2024-10-24 16:01:16
1472,21,25,16,,,126.81820838150071,37.19618688193811,126.82182283533407,37.193735363836176,2024-10-24 16:01:17
1473,32,50,16,,,126.8316746952789,37.20236013580728,126.82183275468431,37.21072845226191,2024-10-24 16:02:10
1474,54,33,16,,,126.83190737285135,37.21023902949166,126.82906319289874,37.20027563204898,2024-10-24 16:02:44
1475,33,56,16,,,126.82864836597403,37.20068039431875,126.8343195021645,37.204879037995106,2024-10-24 16:02:51
1476,70,33,16,,,126.83865864038344,37.20953139064539,126.82970071449242,37.200943316965116,2024-10-24 16:02:52
1477,58,33,16,,,126.83458217588141,37.209226259485455,126.82915439751561,37.20022164892579,2024-10-24 16:02:58
1478,70,19,16,,,126.8374420669153,37.20866051166446,126.82978567182138,37.19490652501345,2024-10-24 16:03:00
1479,32,59,16,,,126.83211327046976,37.2022866945077,126.83315446386074,37.20817041299566,2024-10-24 16:03:11
1480,41,70,16,,,126.83511848639243,37.197709075164866,126.83796360375956,37.209437003070576,2024-10-24 16:03:15
1481,54,33,16,,,126.83228221635216,37.21106711580439,126.8286804276431,37.200232747464085,2024-10-24 16:03:19
1482,19,10,16,,,126.82807151616198,37.194702528869136,126.81687375301807,37.21003352139989,2024-10-24 16:03:28
1483,56,17,16,,,126.83495223728693,37.20655750490671,126.8264108970486,37.19727075738874,2024-10-24 16:03:36
1484,69,30,16,,,126.8378466249651,37.206326657428455,126.83213017374435,37.19806250928677,2024-10-24 16:03:44
1485,58,33,16,,,126.83562502634626,37.208634983769734,126.83018140017859,37.199920644684994,2024-10-24 16:04:27
1486,56,33,16,,,126.8347237172876,37.205611262312864,126.83008658516948,37.20013326377588,2024-10-24 16:04:28
1487,69,30,16,,,126.83783338765276,37.20727521422401,126.83202574234451,37.199459125909485,2024-10-24 16:04:58
1488,59,41,16,,,126.83184140119997,37.20821176804078,126.83336148857619,37.19685440454579,2024-10-24 16:05:04
1489,56,31,16,,,126.83512243935041,37.2062567613412,126.82818018855811,37.19765388136911,2024-10-24 16:05:46
1490,12,44,16,,,126.81827516341508,37.20403884065434,126.81962157973864,37.18820176676028,2024-10-24 16:05:58
1491,54,33,16,,,126.83248912814285,37.21039667492132,126.82945780288627,37.19990751572054,2024-10-24 16:08:06
1492,33,56,16,,,126.82919249029925,37.20136297304779,126.83544679603578,37.20547441897039,2024-10-24 16:08:23
1493,4,18,16,,,126.82175642611742,37.20905367894654,126.82357670295553,37.19518629960086,2024-10-24 16:08:43
1494,51,34,16,,,126.81972103571805,37.21135545274328,126.8220970792959,37.20311252896858,2024-10-24 16:08:49
1495,43,46,16,,,126.82316603830766,37.190010940292915,126.83026319262272,37.21166676338552,2024-10-24 16:08:52
1496,33,56,16,,,126.82937357392558,37.201172195381695,126.83418471837336,37.206217350775326,2024-10-24 16:10:20
1497,17,54,16,,,126.82629615134329,37.197247202605084,126.8317111439819,37.210163568168376,2024-10-24 16:10:24
1498,56,33,16,,,126.83498380096775,37.20620696661828,126.83013725884109,37.200513287777596,2024-10-24 16:11:28
1499,56,33,16,,,126.83427406756059,37.20521362274196,126.82862272811906,37.20120239224713,2024-10-24 16:11:28
1500,58,19,16,,,126.83592361582367,37.20828498066772,126.8293911196016,37.19544142810726,2024-10-24 16:11:50
1501,17,25,16,,,126.82582407840695,37.19748766430213,126.82133656059388,37.1949055891417,2024-10-24 16:12:50
1502,70,17,16,,,126.83684331036372,37.2087555424785,126.82659139244326,37.197196239029914,2024-10-24 16:13:08
1503,58,33,16,,,126.83526449356489,37.2087783314445,126.82944455384492,37.201030550067145,2024-10-24 16:13:13
1504,31,2,16,,,126.8290745927401,37.197162913827434,126.8228179727806,37.20645659367252,2024-10-24 16:13:37
1505,70,33,16,,,126.83750183704649,37.21011005691292,126.82970383653098,37.20100150314232,2024-10-24 16:13:44
1506,30,46,16,,,126.83227355343307,37.19849584319909,126.82946887452447,37.21226228785761,2024-10-24 16:14:08
1507,58,19,16,,,126.83533210680382,37.20837825328523,126.82924987923938,37.194066577989474,2024-10-24 16:14:22
1508,56,70,16,,,126.83492938655132,37.20581323762587,126.83829709909033,37.20863049875936,2024-10-24 16:14:31
1509,58,33,16,,,126.83512069681242,37.20792717048968,126.82887578609343,37.200391781221846,2024-10-24 16:15:05
1510,56,17,16,,,126.83458672547245,37.20644340812845,126.82674650712529,37.195861279670304,2024-10-24 16:15:53
1511,42,70,16,,,126.83111995484691,37.19581606742554,126.83824844213555,37.21010910782439,2024-10-24 16:15:57
1512,56,33,16,,,126.83508078786181,37.20614718677089,126.82981905333472,37.200651741746164,2024-10-24 16:16:21
1513,40,62,16,,,126.83093462702928,37.19396435586884,126.83805378103155,37.21220087537706,2024-10-24 16:16:28
1514,33,56,16,,,126.82926160004266,37.20133540960412,126.83425125329912,37.20521643589286,2024-10-24 16:16:44
1515,32,11,16,,,126.8313164366999,37.20146059247145,126.81511482619338,37.208913030693495,2024-10-24 16:17:48
1516,33,56,16,,,126.82982396380244,37.20041065557917,126.83523872021794,37.20536420610581,2024-10-24 16:18:09
1517,56,33,16,,,126.83508107510313,37.205751069819286,126.8298402299717,37.19986880169726,2024-10-24 16:18:22
1518,58,33,16,,,126.83516967000766,37.2077020899951,126.82934878720496,37.20065693229525,2024-10-24 16:18:42
1519,35,14,16,,,126.81904715808587,37.20140082743558,126.81915244596291,37.20722851008139,2024-10-24 16:19:22
1520,72,59,16,,,126.8119045363045,37.20705681831309,126.83216746603813,37.20820319512731,2024-10-24 16:19:50
1521,19,10,16,,,126.82866554986305,37.194108863187054,126.81745940548318,37.20936497378267,2024-10-24 16:19:51
1522,54,33,16,,,126.83325429582669,37.21016532557491,126.8294935218657,37.19995006247583,2024-10-24 16:20:04
1523,56,33,16,,,126.83579188473854,37.205158787872925,126.82841802961448,37.201464785871195,2024-10-24 16:22:07
1524,70,42,16,,,126.83757055680631,37.21015407191326,126.83220305250332,37.19591601828874,2024-10-24 16:22:37
1525,67,6,16,,,126.83532766752428,37.2034922593192,126.82386616997739,37.20417448295264,2024-10-24 16:23:15
1526,25,20,16,,,126.82105235283227,37.194484564075424,126.81603937735915,37.19262235366252,2024-10-24 16:23:28
1527,33,58,16,,,126.82887383486694,37.19968158733137,126.83597398065254,37.20851423807334,2024-10-24 16:23:29
1528,8,47,16,,,126.8237800760783,37.20646031400797,126.8267533063848,37.21085402506922,2024-10-24 16:24:15
1529,58,33,16,,,126.83576564111733,37.207841677954896,126.82993110236617,37.20091625598075,2024-10-24 16:24:25
1530,11,58,16,,,126.81525219447289,37.20863845790105,126.83574236093916,37.208808859180095,2024-10-24 16:24:37
1531,33,56,16,,,126.82889851935286,37.19997984795908,126.83492052294154,37.2055259551131,2024-10-24 16:24:41
1532,58,19,16,,,126.83484901095017,37.20911358827231,126.82940212080733,37.19438920203099,2024-10-24 16:25:41
1533,56,17,16,,,126.83534879669888,37.20559337438983,126.82692952190928,37.19698105966203,2024-10-24 16:25:45
1534,69,30,16,,,126.83745046602323,37.20665213346668,126.8309776006846,37.19917135017725,2024-10-24 16:26:12
1535,56,33,16,,,126.83444730476224,37.20654163340492,126.82942051554845,37.20030245575551,2024-10-24 16:26:17
1536,34,46,16,,,126.82218824233014,37.20350444412007,126.8311945293555,37.21118018624489,2024-10-24 16:26:37
1537,58,33,16,,,126.83468777457732,37.20768054765741,126.82865522757018,37.20066643414187,2024-10-24 16:27:02
1538,33,63,16,,,126.83007622274228,37.201216583533515,126.83543231620371,37.210442992055306,2024-10-24 16:27:36
1539,56,33,16,,,126.83402655717744,37.206000136428514,126.82867718905764,37.20158802953397,2024-10-24 16:27:48
1540,69,30,16,,,126.83779340624805,37.20618993924848,126.83079625792061,37.19925037683169,2024-10-24 16:28:03
1541,19,10,16,,,126.82934034574534,37.19573206127916,126.81711878616332,37.20952994144089,2024-10-24 16:28:22
1542,10,17,16,,,126.8166054721444,37.21009177303401,126.8263156157436,37.19694405701796,2024-10-24 16:28:24
1543,50,27,16,,,126.821668066535,37.21214813733578,126.82705184387537,37.19883930669052,2024-10-24 16:28:27
1544,22,44,16,,,126.8151267189064,37.19604042094378,126.82088216887111,37.18922333513496,2024-10-24 16:28:28
1545,54,33,16,,,126.83229129218269,37.21015582735937,126.82898991987297,37.2005705317199,2024-10-24 16:28:30
1546,70,17,16,,,126.83806043497262,37.209502327904964,126.82568096485812,37.19614148705521,2024-10-24 16:28:44
1547,6,64,16,,,126.82432199562983,37.20396117167233,126.84314220624894,37.203694098356756,2024-10-24 16:29:00
1548,33,56,16,,,126.8291328920162,37.20049260170185,126.83561351066695,37.20556042542078,2024-10-24 16:29:16
1549,17,54,16,,,126.82712199816176,37.19745381966126,126.83184407551896,37.21027063956388,2024-10-24 16:29:44
1550,32,59,16,,,126.83292451998777,37.20234447849253,126.83339696707783,37.20788930626973,2024-10-24 16:29:53
1551,56,17,16,,,126.83520056276744,37.20611474488185,126.82682003669859,37.197501547388256,2024-10-24 16:30:14
1552,23,14,16,,,126.81985504898495,37.19218815092285,126.8188554307983,37.20718002681702,2024-10-24 16:30:36
1553,58,39,16,,,126.83491679723855,37.2080911385316,126.82224462923199,37.19990831669846,2024-10-24 16:30:38
1554,17,70,16,,,126.82580829628633,37.196940092780366,126.83848641026475,37.20967839022223,2024-10-24 16:30:41
1555,56,41,16,,,126.83553401714354,37.20472650345258,126.83447726016283,37.19811818416392,2024-10-24 16:30:50
1556,54,32,16,,,126.83316488103664,37.21014018561732,126.83173788988894,37.202634643843886,2024-10-24 16:31:05
1557,70,33,16,,,126.83729677127889,37.209787369333895,126.8302194498354,37.20113495521942,2024-10-24 16:31:50
1558,70,33,16,,,126.83748102406808,37.20973905390539,126.83024040315568,37.20082260436213,2024-10-24 16:31:54
1559,70,33,16,,,126.83750453383036,37.2091568781277,126.8283304370621,37.20040344285471,2024-10-24 16:32:03
1560,31,54,16,,,126.82850908715287,37.19745758942541,126.8317081496159,37.2092875731661,2024-10-24 16:33:42
1561,56,17,16,,,126.83543208727009,37.20591583981893,126.82570358462814,37.19710408173131,2024-10-24 16:34:27
1562,42,70,16,,,126.83219656930297,37.19628013124717,126.83701470886261,37.20926206436436,2024-10-24 16:35:15
1563,56,33,16,,,126.83442308529446,37.20527768416368,126.82851294064352,37.199895072112646,2024-10-24 16:36:02
1564,58,19,16,,,126.83588652005272,37.207620952175624,126.82894348777516,37.19533736169941,2024-10-24 16:36:44
1565,69,30,16,,,126.83829411316799,37.205828121567144,126.83200964878205,37.198734294894614,2024-10-24 16:38:10
1566,70,33,16,,,126.83766285547998,37.21025693370979,126.8287150171844,37.20005659712366,2024-10-24 16:38:11
1567,32,54,16,,,126.83151487005169,37.201194695999256,126.83238237037772,37.20987412292182,2024-10-24 16:38:21
1568,57,18,16,,,126.83140285688805,37.20370199144181,126.82438223555768,37.19608585121002,2024-10-24 16:38:26
1569,42,70,16,,,126.83242596270841,37.19654468739734,126.83850772473974,37.20987057038943,2024-10-24 16:38:36
1570,4,46,16,,,126.82130867385143,37.20778050762074,126.8294259457593,37.21101836476022,2024-10-24 16:38:48
1571,56,17,16,,,126.83545191998932,37.2059031377165,126.82669593880146,37.196387336401095,2024-10-24 16:39:02
1572,69,30,16,,,126.83854330569909,37.20597336802506,126.83152983509545,37.19976435752445,2024-10-24 16:39:31
1573,70,33,16,,,126.83710793396787,37.20985488291102,126.82995264095335,37.2001405575753,2024-10-24 16:40:02
1574,44,64,16,,,126.8211474586851,37.189095878657376,126.84268516428867,37.203997507943534,2024-10-24 16:40:09
1575,56,41,16,,,126.83526872530244,37.2051446972077,126.83492067767237,37.19819443901636,2024-10-24 16:40:48
1576,26,37,16,,,126.8187835425548,37.19423459816082,126.82202709345395,37.19736053827365,2024-10-24 16:41:06
1577,70,33,16,,,126.83747597129756,37.2091387924813,126.83006648433407,37.19987547865737,2024-10-24 16:42:03
1578,33,58,16,,,126.82970921530857,37.200969857039155,126.83569620565551,37.20923400439514,2024-10-24 16:42:12
1579,62,32,16,,,126.83800316469748,37.21154883580507,126.83218428731084,37.202362622870105,2024-10-24 16:42:41
1580,64,34,16,,,126.84319757190075,37.204123599961285,126.82165529093581,37.20254855388758,2024-10-24 16:42:45
1581,36,26,16,,,126.82300081629242,37.19782438702652,126.81853815143332,37.19412088797638,2024-10-24 16:43:23
1582,56,33,16,,,126.83547449288312,37.20564378404017,126.82939515288665,37.19995051692533,2024-10-24 16:43:24
1583,45,33,16,,,126.8249444653123,37.212428480351626,126.82929335551077,37.20152785407969,2024-10-24 16:43:26
1584,33,56,16,,,126.82946338789763,37.199967687064415,126.83586882385772,37.20659838524498,2024-10-24 16:43:47
1585,56,17,16,,,126.8342935831748,37.20576162493942,126.82655933061262,37.19700704835123,2024-10-24 16:43:57
1586,58,19,16,,,126.83535065297006,37.20930317016421,126.82788534634457,37.19404338725251,2024-10-24 16:44:07
1587,58,33,16,,,126.83601059812793,37.20756238019721,126.83030448633062,37.200530879207584,2024-10-24 16:44:22
1588,69,58,16,,,126.83816011281662,37.20759888498494,126.83478946680711,37.208366808128865,2024-10-24 16:44:26
1589,56,33,16,,,126.83451795539204,37.20621334766625,126.82848209008858,37.2004792747072,2024-10-24 16:44:28
1590,56,41,16,,,126.83390981557153,37.20658708290102,126.83420017284668,37.19806296891087,2024-10-24 16:44:34
1591,8,55,16,,,126.82518889114054,37.20687635148692,126.82907706689258,37.20979833612526,2024-10-24 16:45:09
1592,10,17,16,,,126.81762584524967,37.20923815815117,126.82724184329997,37.19645230900152,2024-10-24 16:45:45
1593,42,70,16,,,126.83130621530653,37.19539533614055,126.83702918704213,37.21001455394299,2024-10-24 16:45:54
1594,58,33,16,,,126.83607270097279,37.20750488961203,126.82954318647977,37.201021251786216,2024-10-24 16:46:17
1595,19,39,16,,,126.8296014575101,37.1958449750415,126.82060584167863,37.19970271663991,2024-10-24 16:46:19
1596,33,56,16,,,126.8300613661058,37.20106736365336,126.83453612018084,37.20608602138066,2024-10-24 16:46:28
1597,58,33,16,,,126.83504093171663,37.20857888655663,126.82959620595004,37.20154156360217,2024-10-24 16:46:28
1598,58,19,16,,,126.83438260719873,37.20942624560483,126.82825217083399,37.19477579003965,2024-10-24 16:47:35
1599,33,58,16,,,126.82960203207358,37.20047365901089,126.8353817988305,37.20923381411823,2024-10-24 16:47:48
1600,58,33,16,,,126.83455125211194,37.2088725906152,126.82995652031873,37.200057956452405,2024-10-24 16:48:03
1601,42,70,16,,,126.83137498976174,37.19596677742011,126.83766850666407,37.20872402652197,2024-10-24 16:48:34
1602,56,33,16,,,126.83468860913058,37.204759922857455,126.82913991900142,37.200305865792046,2024-10-24 16:48:41
1603,33,56,16,,,126.83020155905804,37.2012782765957,126.83453833885187,37.20481247572201,2024-10-24 16:48:59
1604,29,9,16,,,126.82777309271648,37.202823287935395,126.81444874686832,37.20610806840157,2024-10-24 16:49:21
1605,58,19,16,,,126.83469199606598,37.208571612765134,126.82908707973753,37.194898753621246,2024-10-24 16:49:29
1606,56,17,16,,,126.83550835295051,37.20529335186605,126.82622487610047,37.197098644866436,2024-10-24 16:49:41
1607,41,56,16,,,126.83398175806299,37.19631584675603,126.83461767639993,37.20589689835759,2024-10-24 16:49:58
1608,33,56,16,,,126.82862286484229,37.20140676828917,126.83554705127378,37.20537039310825,2024-10-24 16:50:00
1609,30,32,16,,,126.83171969452276,37.198651439903955,126.83132327727832,37.20268838800033,2024-10-24 16:50:08
1610,54,33,16,,,126.83191654423557,37.210171061806335,126.8300551264493,37.20036308075138,2024-10-24 16:50:29
1611,11,58,16,,,126.81429935623996,37.208460908196926,126.83608092325359,37.2086956533511,2024-10-24 16:50:48
1612,58,19,16,,,126.83467910574747,37.208874162789726,126.82850946562141,37.195359382812825,2024-10-24 16:51:23
1613,70,33,16,,,126.837986065042,37.20925501657492,126.82860552274423,37.20074807027688,2024-10-24 16:51:29
1614,17,54,16,,,126.82635359762129,37.196696491352476,126.83200409941091,37.20923710815029,2024-10-24 16:52:32
1615,33,56,16,,,126.8284372100344,37.19999443222779,126.83522908205266,37.20616130406306,2024-10-24 16:52:43
1616,33,30,16,,,126.82987858589296,37.200886927951984,126.83242226528544,37.199825695756445,2024-10-24 16:53:21
1617,56,31,16,,,126.83556811081023,37.20505452928899,126.8292493267714,37.19852812052027,2024-10-24 16:53:42
1618,33,56,16,,,126.83020175389012,37.20103018014222,126.8354490334303,37.20552807667165,2024-10-24 16:54:14
1619,33,56,16,,,126.82935383010383,37.20098650612792,126.83471273534418,37.205234368142676,2024-10-24 16:54:32
1620,58,19,16,,,126.83549728146119,37.208095262485756,126.82838891018537,37.19472009926978,2024-10-24 16:54:45
1621,58,42,16,,,126.83560796782714,37.20750939847987,126.83139852437077,37.197071584377674,2024-10-24 16:55:08
1622,11,17,16,,,126.81369608603374,37.20763151678427,126.82661372519307,37.19726369888014,2024-10-24 16:55:17
1623,58,19,16,,,126.83502343300991,37.20909076780064,126.82981026717381,37.194281659941076,2024-10-24 16:56:48
1624,70,17,16,,,126.83796515746474,37.20892675838228,126.82591819165067,37.197044367712905,2024-10-24 16:57:23
1625,69,30,16,,,126.83815954702105,37.207110442614486,126.83237981902796,37.19805493323567,2024-10-24 16:57:52
1626,58,33,16,,,126.83517923938828,37.20791458495256,126.82869797647285,37.20123028828162,2024-10-24 16:58:24
1627,56,32,16,,,126.8345886428182,37.206510616860044,126.83104733965013,37.20110752073324,2024-10-24 16:58:50
1628,11,17,16,,,126.81419350909333,37.20860395084149,126.82619548713227,37.19580547067982,2024-10-24 16:59:30
1629,32,59,16,,,126.83233819754999,37.201777279607256,126.83330091176151,37.20779058743192,2024-10-24 16:59:38
1630,58,19,17,,,126.83568056673853,37.20765239592473,126.8286998737665,37.19487050796825,2024-10-24 17:00:06
1631,58,33,17,,,126.83552969600863,37.20837249312084,126.83009021448,37.201116223238905,2024-10-24 17:00:12
1632,56,33,17,,,126.83536946699202,37.20636622954747,126.82912338389859,37.20041429849251,2024-10-24 17:00:52
1633,4,27,17,,,126.82172381057997,37.20808329681185,126.826153540445,37.19902294881566,2024-10-24 17:02:01
1634,32,58,17,,,126.83130660824865,37.2025907931028,126.83479358052568,37.209363929693566,2024-10-24 17:02:11
1635,54,33,17,,,126.83312250527001,37.20966960243014,126.82920172578221,37.20164288562005,2024-10-24 17:02:35
1636,11,32,17,,,126.81450056299688,37.208783298066166,126.83158759126175,37.20245537558771,2024-10-24 17:03:09
1637,42,70,17,,,126.8323154559722,37.19555652885936,126.83847963453199,37.21013337762905,2024-10-24 17:04:18
1638,19,10,17,,,126.82803102614065,37.19475301462752,126.81703575909178,37.210023469118106,2024-10-24 17:05:10
1639,56,32,17,,,126.8346278935789,37.20654494567761,126.83194065273887,37.201501939699305,2024-10-24 17:05:27
1640,46,63,17,,,126.83117351320614,37.21212790924321,126.83571325026318,37.21166706094063,2024-10-24 17:06:28
1641,32,59,17,,,126.83292310206195,37.20140418744711,126.83205693849365,37.207655784208974,2024-10-24 17:07:24
1642,58,19,17,,,126.83446533173445,37.20919537858595,126.82862164619391,37.19462107992787,2024-10-24 17:07:27
1643,33,56,17,,,126.82915109978352,37.19992405820242,126.83468671550378,37.206129204801655,2024-10-24 17:07:33
1644,67,62,17,,,126.83552987230607,37.203158177029884,126.83802714942264,37.21262247999159,2024-10-24 17:08:24
1645,56,33,17,,,126.83503994689222,37.20541257131585,126.82918686926814,37.200054239265036,2024-10-24 17:08:29
1646,27,37,17,,,126.82710515286226,37.19919620260607,126.8215784429231,37.1974232041337,2024-10-24 17:08:45
1647,54,33,17,,,126.8322651178853,37.209942521750826,126.82872304403762,37.19996912403515,2024-10-24 17:09:23
1648,58,33,17,,,126.83437886854816,37.20751001545666,126.83021639725631,37.200727041542194,2024-10-24 17:09:28
1649,10,40,17,,,126.81627176647298,37.21010370858428,126.8313918522723,37.19267918014925,2024-10-24 17:09:51
1650,11,36,17,,,126.81343242920222,37.20791249452569,126.82469073682566,37.19909555618618,2024-10-24 17:10:08
1651,37,72,17,,,126.82029687892243,37.19676478190244,126.81123015645711,37.20637703231616,2024-10-24 17:11:00
1652,42,70,17,,,126.83063890888178,37.19656341614937,126.83844998187185,37.20956452950002,2024-10-24 17:11:27
1653,66,44,17,,,126.8376892860863,37.20441444660984,126.82045959605937,37.18815680538662,2024-10-24 17:11:38
1654,33,2,17,,,126.82942008692804,37.19987440921922,126.82230991248338,37.20493374706928,2024-10-24 17:11:42
1655,7,44,17,,,126.82741044221896,37.207711191162176,126.81963279330172,37.18833502461695,2024-10-24 17:11:53
1656,13,15,17,,,126.81631093896752,37.2033513386182,126.81721796911027,37.20691197654327,2024-10-24 17:12:13
1657,56,41,17,,,126.83424037692285,37.20639493162656,126.83461947392483,37.19704969822476,2024-10-24 17:12:53
1658,58,19,17,,,126.83513830697464,37.20843159712105,126.82900037338693,37.19425530525711,2024-10-24 17:13:31
1659,42,70,17,,,126.83130017326398,37.19697303426006,126.83700150605931,37.2090166099449,2024-10-24 17:13:46
1660,56,17,17,,,126.83425608135741,37.20489404129215,126.82699608563166,37.19686733444234,2024-10-24 17:13:56
1661,56,31,17,,,126.83406505873533,37.205115539549304,126.82871314720978,37.198300263848154,2024-10-24 17:13:57
1662,33,56,17,,,126.82963341316385,37.20013186171635,126.83402363606935,37.20478287815821,2024-10-24 17:14:03
1663,58,19,17,,,126.83425104359914,37.207829930685726,126.8293845184885,37.194400287555695,2024-10-24 17:14:30
1664,46,42,17,,,126.8307457716781,37.211750368624685,126.83253183244082,37.19611454520463,2024-10-24 17:14:55
1665,23,64,17,,,126.8202331851774,37.19223979382226,126.84269056401183,37.202720924737655,2024-10-24 17:15:29
1666,56,17,17,,,126.83457127025332,37.20633678898403,126.82648424295053,37.19625413820905,2024-10-24 17:15:38
1667,33,56,17,,,126.82863013782529,37.20143686650051,126.83498420479427,37.206408030957306,2024-10-24 17:16:21
1668,10,17,17,,,126.816754877629,37.209077543648526,126.82645947292794,37.19611235985523,2024-10-24 17:16:23
1669,37,17,17,,,126.82113619397228,37.19785076678979,126.82596390321996,37.19671121570651,2024-10-24 17:16:32
1670,33,56,17,,,126.82954974641021,37.200024939084024,126.8346780597017,37.20550707252102,2024-10-24 17:17:00
1671,33,67,17,,,126.82840354370782,37.20008052705533,126.83496213317939,37.20188066005295,2024-10-24 17:17:15
1672,56,33,17,,,126.83541188451822,37.2061854600505,126.82973253030826,37.20036294024002,2024-10-24 17:17:25
1673,58,19,17,,,126.83587631056326,37.20942454885273,126.82969213192736,37.19491628965667,2024-10-24 17:17:42
1674,22,47,17,,,126.81549178572956,37.19427920751148,126.82809169191098,37.21149175364603,2024-10-24 17:17:49
1675,39,50,17,,,126.82120060629347,37.19954589802243,126.82144826386313,37.21093385854173,2024-10-24 17:18:39
1676,58,32,17,,,126.8341924127726,37.2075871794769,126.8319696144753,37.20121606497953,2024-10-24 17:18:53
1677,67,10,17,,,126.83419965701783,37.20226797636404,126.8178051988803,37.209290866975564,2024-10-24 17:19:08
1678,33,56,17,,,126.83015206511021,37.20095838113992,126.83559400865595,37.2053364829733,2024-10-24 17:19:39
1679,58,19,17,,,126.8344743479815,37.20892473907393,126.82927428351182,37.1947841315346,2024-10-24 17:19:41
1680,64,62,17,,,126.84294044068024,37.2034678259768,126.83879569987049,37.21309510105689,2024-10-24 17:20:03
1681,56,33,17,,,126.83421432712596,37.205833286016144,126.82882885682173,37.201119079334646,2024-10-24 17:20:29
1682,65,69,17,,,126.83545269961891,37.200676277840465,126.8375278606322,37.20769815449722,2024-10-24 17:20:34
1683,21,63,17,,,126.81911364690843,37.19683329553616,126.83473873409167,37.211965326679206,2024-10-24 17:20:39
1684,41,56,17,,,126.83443221102767,37.19708392864773,126.8346635207707,37.20474024868258,2024-10-24 17:21:02
1685,54,17,17,,,126.83252888416743,37.20966626714517,126.82556439872556,37.19625673170272,2024-10-24 17:21:05
1686,70,17,17,,,126.8378899392799,37.20866329917197,126.82736531844257,37.197463877434885,2024-10-24 17:21:13
1687,26,55,17,,,126.81821073017808,37.194219293913456,126.8298219251892,37.20999637603404,2024-10-24 17:21:22
1688,19,10,17,,,126.82791562551168,37.194580867688494,126.81654142686912,37.20922163932901,2024-10-24 17:21:38
1689,51,38,17,,,126.820027405926,37.21137543219259,126.8232041458721,37.200454739407824,2024-10-24 17:21:42
1690,70,17,17,,,126.8384137694775,37.210082091103466,126.82565823417568,37.19763749057202,2024-10-24 17:21:49
1691,42,70,17,,,126.83092997892894,37.196239501389904,126.83790213850601,37.208953767929486,2024-10-24 17:22:01
1692,56,33,17,,,126.83484724667058,37.204916231991476,126.8286935250066,37.19997523177585,2024-10-24 17:22:44
1693,18,29,17,,,126.8236563413195,37.19554119727769,126.8274624949105,37.20221842311422,2024-10-24 17:22:57
1694,69,30,17,,,126.83846867584285,37.20720487771813,126.83100725727711,37.19942016427315,2024-10-24 17:23:13
1695,58,33,17,,,126.83576677385334,37.20945754487265,126.82964442994808,37.20154776495784,2024-10-24 17:23:25
1696,29,45,17,,,126.82669178061155,37.20208016204721,126.82487104283675,37.21295316157341,2024-10-24 17:24:12
1697,20,19,17,,,126.81507004238418,37.19152359901272,126.8285246717037,37.19442812140289,2024-10-24 17:24:35
1698,69,30,17,,,126.83722099912411,37.20597855021333,126.83224888061063,37.198691318984324,2024-10-24 17:25:06
1699,58,33,17,,,126.83610687315412,37.20866462434586,126.83017853013918,37.20118851080483,2024-10-24 17:25:38
1700,58,33,17,,,126.83608368959068,37.20868027271888,126.82992681378788,37.20141193772895,2024-10-24 17:25:50
1701,32,59,17,,,126.83178049806277,37.201154913958874,126.83182432492089,37.2074467587588,2024-10-24 17:26:01
1702,56,41,17,,,126.83508105056538,37.20543825313597,126.83427287441464,37.197997946578774,2024-10-24 17:26:14
1703,17,54,17,,,126.82625566515541,37.196206827694304,126.83198630709711,37.20994764041999,2024-10-24 17:27:01
1704,34,46,17,,,126.82120934935163,37.20212979607495,126.82948364256097,37.212346374163026,2024-10-24 17:27:04
1705,42,70,17,,,126.83057484661386,37.196423378674574,126.83725892558664,37.208965065178155,2024-10-24 17:27:27
1706,23,32,17,,,126.82145715776775,37.192684752056934,126.83102300721042,37.202262116871836,2024-10-24 17:27:34
1707,56,41,17,,,126.83575737089102,37.206147843797055,126.83345434847037,37.197934791196026,2024-10-24 17:28:05
1708,56,33,17,,,126.83584971498158,37.206523489263475,126.82929337560611,37.20041207265976,2024-10-24 17:28:23
1709,42,70,17,,,126.83058000378576,37.19517128149518,126.8381786522505,37.21018058239706,2024-10-24 17:28:47
1710,56,32,17,,,126.83537858591718,37.20565350440149,126.83263843338544,37.202267153650595,2024-10-24 17:28:51
1711,42,70,17,,,126.8309784438304,37.19535700107826,126.83716597631467,37.209252681950574,2024-10-24 17:29:12
1712,27,10,17,,,126.82674643637469,37.19948500260586,126.81716519401004,37.20908766267438,2024-10-24 17:29:56
1713,17,58,17,,,126.82586597460269,37.1968072816827,126.83515760364568,37.2075409404454,2024-10-24 17:30:20
1714,33,56,17,,,126.82911274720652,37.19979372295026,126.83496044271773,37.20625805095792,2024-10-24 17:30:25
1715,66,28,17,,,126.83733413297215,37.204818044011986,126.82902505744,37.20356265623791,2024-10-24 17:30:27
1716,56,41,17,,,126.83420346448793,37.206531449736275,126.8343924839202,37.19669078488284,2024-10-24 17:31:05
1717,70,33,17,,,126.83845102911974,37.20917138174888,126.8287520818538,37.20025942996942,2024-10-24 17:31:26
1718,56,33,17,,,126.83447518120363,37.20525461385916,126.82927596204603,37.200790067066315,2024-10-24 17:31:39
1719,58,33,17,,,126.83534182257104,37.20897247787794,126.82967799337557,37.20033888326688,2024-10-24 17:32:18
1720,58,33,17,,,126.83545353628979,37.20848848260537,126.829590419893,37.19967204108364,2024-10-24 17:32:26
1721,60,34,17,,,126.8336103492635,37.21398295460608,126.8221766933715,37.203864652279485,2024-10-24 17:32:30
1722,33,56,17,,,126.82871227084716,37.1997194598747,126.83468051793693,37.206465609913415,2024-10-24 17:33:21
1723,33,58,17,,,126.8298379949763,37.2004883391811,126.8348705436003,37.207701115851286,2024-10-24 17:33:41
1724,14,18,17,,,126.81963340157324,37.20755152156534,126.82430248830468,37.195965203791495,2024-10-24 17:33:46
1725,56,41,17,,,126.83522570182802,37.206578286154965,126.83385175805992,37.196961532499486,2024-10-24 17:34:10
1726,33,56,17,,,126.82923218625217,37.201099326958996,126.83589089993444,37.205046324750796,2024-10-24 17:34:18
1727,33,56,17,,,126.82896781751818,37.199687877042145,126.8346909402542,37.20646254418499,2024-10-24 17:35:23
1728,56,17,17,,,126.83473851651017,37.20622647883551,126.82690672126829,37.19739506132291,2024-10-24 17:35:33
1729,41,17,17,,,126.83466862119333,37.19747797965729,126.82618685622434,37.19756366000183,2024-10-24 17:35:41
1730,38,40,17,,,126.82350575502271,37.2018026054074,126.83034916408583,37.19364268220722,2024-10-24 17:36:29
1731,26,6,17,,,126.81879816493252,37.194042933176384,126.8249765124225,37.204057935137826,2024-10-24 17:37:43
1732,33,56,17,,,126.82923468249749,37.2014242616473,126.8353833111299,37.20579518479753,2024-10-24 17:38:51
1733,57,38,17,,,126.83191221230523,37.2051155032321,126.82466630842042,37.20060513940467,2024-10-24 17:39:05
1734,56,32,17,,,126.83517993725235,37.20553946167769,126.83256180362052,37.20129022629129,2024-10-24 17:39:21
1735,58,33,17,,,126.83421679815798,37.20903706893779,126.82989784645068,37.20008791958124,2024-10-24 17:39:45
1736,52,57,17,,,126.8306810575218,37.21745743585929,126.83223026676929,37.20504574884667,2024-10-24 17:39:56
1737,68,59,17,,,126.83951729763585,37.20130217848317,126.83293358320398,37.20819811184877,2024-10-24 17:41:00
1738,22,34,17,,,126.81688964762115,37.19625813116556,126.82218777989739,37.20355901346873,2024-10-24 17:41:14
1739,58,68,17,,,126.83482974738524,37.209046575358485,126.84071380129824,37.203051013931905,2024-10-24 17:41:49
1740,32,59,17,,,126.83282673016028,37.20234479627687,126.83222941934338,37.20752553506591,2024-10-24 17:42:59
1741,56,33,17,,,126.83530164053221,37.206019898083234,126.83016731089008,37.200967595533776,2024-10-24 17:43:20
1742,56,33,17,,,126.83405119841998,37.20661796341809,126.83029921831587,37.2014357820263,2024-10-24 17:43:45
1743,19,22,17,,,126.82841903902121,37.19419114677776,126.81513001318919,37.19471762293941,2024-10-24 17:43:56
1744,17,12,17,,,126.8258446720116,37.1958428492175,126.81997374810642,37.20419466266791,2024-10-24 17:44:21
1745,23,54,17,,,126.82133575621,37.19181841598818,126.83246689899465,37.20949203678012,2024-10-24 17:44:39
1746,10,17,17,,,126.8162321151319,37.20991309050081,126.82601576420235,37.197641868449935,2024-10-24 17:44:42
1747,44,20,17,,,126.82088969923664,37.18960811153856,126.81480409172752,37.192184996164336,2024-10-24 17:44:55
1748,33,56,17,,,126.82945150390923,37.20003267150218,126.83580010443089,37.20543002192813,2024-10-24 17:44:59
1749,56,41,17,,,126.83393340448308,37.206325951092765,126.83452459510836,37.19773789964983,2024-10-24 17:45:14
1750,70,33,17,,,126.83726301631361,37.209742764576134,126.82939085926408,37.20045640763204,2024-10-24 17:45:18
1751,33,56,17,,,126.8295216922748,37.200615342912926,126.8350837136149,37.20652122780239,2024-10-24 17:45:22
1752,56,17,17,,,126.83551163332287,37.206619671846056,126.82585050755536,37.1971621963385,2024-10-24 17:45:23
1753,33,58,17,,,126.82971036136256,37.20149837553151,126.83456758920717,37.208903473380495,2024-10-24 17:45:30
1754,37,3,17,,,126.82123026514179,37.19792095576683,126.82493726828731,37.208902568978736,2024-10-24 17:45:45
1755,40,20,17,,,126.8312108591373,37.19336449550527,126.81593901001382,37.191542548287295,2024-10-24 17:46:04
1756,33,70,17,,,126.8290765845133,37.20116525514662,126.83853027948898,37.21003144417304,2024-10-24 17:46:07
1757,70,33,17,,,126.83802166402633,37.20945109835983,126.82964497478594,37.19995752426155,2024-10-24 17:46:25
1758,71,39,17,,,126.84104911084142,37.20423558455691,126.82144099780797,37.20065194960353,2024-10-24 17:47:00
1759,11,17,17,,,126.8145250095773,37.208005643920536,126.82589471872414,37.19772360332219,2024-10-24 17:47:24
1760,53,9,17,,,126.82922764927864,37.207273660025955,126.81489609113378,37.20567460425915,2024-10-24 17:48:06
1761,56,41,17,,,126.83530367255301,37.205995770490496,126.83375846172386,37.19748662235292,2024-10-24 17:48:14
1762,46,45,17,,,126.83119174399144,37.212000538013484,126.82440722362337,37.21328256602908,2024-10-24 17:48:38
1763,67,2,17,,,126.83554240688562,37.20188566785769,126.82169884301516,37.20552263035117,2024-10-24 17:48:51
1764,56,31,17,,,126.83475676325816,37.205037991816376,126.82869642268471,37.198061988108336,2024-10-24 17:49:15
1765,69,30,17,,,126.83787845894686,37.20648701629019,126.83248732685279,37.19905472865833,2024-10-24 17:49:29
1766,58,33,17,,,126.83502169178779,37.20810970500104,126.8291146037591,37.200879308896994,2024-10-24 17:50:13
1767,56,33,17,,,126.8348641808246,37.205136502916154,126.82903710195384,37.20150871995853,2024-10-24 17:50:13
1768,58,19,17,,,126.83474928015484,37.20825459504152,126.8294989678748,37.196008879743445,2024-10-24 17:51:04
1769,58,33,17,,,126.8348699392595,37.20908875811943,126.82963202558777,37.20090248625553,2024-10-24 17:51:17
1770,11,58,17,,,126.81482818379106,37.20902197749053,126.83517086420159,37.20820718678557,2024-10-24 17:51:17
1771,33,58,17,,,126.82984735153799,37.19987623198632,126.83503495143604,37.20811068087409,2024-10-24 17:51:34
1772,58,33,17,,,126.83425519240303,37.20766027288625,126.82832872669412,37.201169380257326,2024-10-24 17:51:55
1773,51,2,17,,,126.81935875784238,37.21080683061831,126.82269979744827,37.20614033566442,2024-10-24 17:52:39
1774,31,14,17,,,126.82868949568682,37.19823132285208,126.81960618305833,37.207777915425254,2024-10-24 17:53:09
1775,11,58,17,,,126.81465291564922,37.20819846790386,126.83515030708001,37.20758840068407,2024-10-24 17:53:33
1776,65,13,17,,,126.83446936337116,37.200725174839285,126.81715682304569,37.20296341506141,2024-10-24 17:53:34
1777,33,56,17,,,126.82954032840084,37.200260680319204,126.83425898228303,37.20626288882261,2024-10-24 17:54:05
1778,56,33,17,,,126.83543258830572,37.20560692074021,126.8284807390884,37.20052057743895,2024-10-24 17:54:10
1779,68,29,17,,,126.84057472728996,37.20255641352266,126.82738616075332,37.203264077473804,2024-10-24 17:54:18
1780,10,17,17,,,126.81777350470296,37.21033365216817,126.82553637448511,37.197526415914496,2024-10-24 17:54:32
1781,70,42,17,,,126.83688742093015,37.21019503188187,126.83155563984559,37.19575567187198,2024-10-24 17:54:42
1782,69,30,17,,,126.83711244243868,37.20619045016995,126.8309978098741,37.198512881773866,2024-10-24 17:55:11
1783,72,54,17,,,126.81229763653833,37.20684229116744,126.8331372046298,37.20961470066522,2024-10-24 17:55:18
1784,58,33,17,,,126.83540063407068,37.208103021745885,126.83025346853066,37.20141265184795,2024-10-24 17:55:28
1785,72,33,17,,,126.81122485735952,37.20660741220037,126.82843189855404,37.20159877427034,2024-10-24 17:56:34
1786,17,54,17,,,126.8265067233941,37.19651785495217,126.83183994472327,37.209462135124895,2024-10-24 17:57:30
1787,10,17,17,,,126.8162125575468,37.20886183955169,126.82568010651521,37.197432531714135,2024-10-24 17:57:32
1788,11,58,17,,,126.81449407569733,37.208273672278914,126.83558767655617,37.208436635874605,2024-10-24 17:58:07
1789,33,56,17,,,126.83005517151281,37.20007874224824,126.83554452191449,37.20526243364551,2024-10-24 17:59:05
1790,56,17,17,,,126.83581605208795,37.20562620387172,126.82738964458402,37.19587385396565,2024-10-24 17:59:22
1791,56,17,17,,,126.83455200369028,37.20540589113407,126.82541770476581,37.19665436202187,2024-10-24 17:59:34
1792,56,1,17,,,126.83446498259474,37.20530029899668,126.81663725332238,37.198364487762255,2024-10-24 17:59:53
1793,33,56,18,,,126.82971945680497,37.20109410301034,126.83439718220218,37.20614225519804,2024-10-24 18:00:29
1794,38,13,18,,,126.82415294051403,37.200522387998866,126.81659181872392,37.202877179911184,2024-10-24 18:00:36
1795,31,59,18,,,126.82951666659272,37.1982236023366,126.83173298784959,37.20769290346689,2024-10-24 18:00:38
1796,58,33,18,,,126.83434575735845,37.20937388998432,126.82899105321164,37.20113804588491,2024-10-24 18:00:38
1797,50,67,18,,,126.82185238404253,37.21203528357807,126.83436868192882,37.20318384493113,2024-10-24 18:00:55
1798,58,33,18,,,126.83542204369512,37.208985546114256,126.82881095926633,37.19975326294944,2024-10-24 18:00:55
1799,19,10,18,,,126.82836118449026,37.195962864159505,126.81707311744377,37.20887851280686,2024-10-24 18:01:46
1800,56,41,18,,,126.8344924162989,37.20571005087542,126.8351198923283,37.197475185965025,2024-10-24 18:03:06
1801,54,33,18,,,126.83272183078846,37.209954179792135,126.8302745220598,37.20106610058742,2024-10-24 18:03:28
1802,58,19,18,,,126.83415389585237,37.20871056521137,126.82932714247292,37.194745795064364,2024-10-24 18:03:54
1803,70,33,18,,,126.8375404502714,37.21036225315455,126.82987156713251,37.2013644411052,2024-10-24 18:04:04
1804,56,31,18,,,126.83495625523219,37.205608560529534,126.82967199161605,37.19875517409722,2024-10-24 18:04:37
1805,71,61,18,,,126.84071754961825,37.20401361193189,126.83365126549042,37.215657978879804,2024-10-24 18:05:15
1806,17,54,18,,,126.82675867078723,37.19765912120874,126.8319583763248,37.21107387315019,2024-10-24 18:05:41
1807,58,33,18,,,126.83601027625248,37.20799396755486,126.82989907424614,37.2008650572257,2024-10-24 18:05:42
1808,63,32,18,,,126.83556646198237,37.212065603190645,126.83206018705096,37.20110264027532,2024-10-24 18:05:47
1809,16,52,18,,,126.82420036498583,37.19299868560663,126.83161886210874,37.216629623287496,2024-10-24 18:05:59
1810,10,17,18,,,126.81773996869174,37.20989372396197,126.82595605152679,37.19707026211447,2024-10-24 18:06:07
1811,33,56,18,,,126.82846765980234,37.20093513622548,126.83409599692465,37.20512299277392,2024-10-24 18:06:09
1812,69,30,18,,,126.83684932603525,37.20636982210465,126.83148026234461,37.19946599959594,2024-10-24 18:06:10
1813,56,17,18,,,126.8352746527336,37.205980814373596,126.8256662356196,37.19731056753046,2024-10-24 18:06:36
1814,6,41,18,,,126.82489721560569,37.20339693423015,126.83484594389982,37.197356722638304,2024-10-24 18:06:38
1815,27,33,18,,,126.8275670897118,37.19933937069838,126.82852427883635,37.200423047567156,2024-10-24 18:06:41
1816,11,17,18,,,126.81475344754459,37.20790759126606,126.82648064158023,37.197494061218165,2024-10-24 18:06:47
1817,10,17,18,,,126.81798714548854,37.20969489795177,126.82730641575513,37.19606485116003,2024-10-24 18:06:57
1818,56,17,18,,,126.83539390458162,37.204903890103445,126.82657874235845,37.19601034893607,2024-10-24 18:07:15
1819,49,2,18,,,126.82833488436742,37.214578113165636,126.82162010448569,37.20512187591809,2024-10-24 18:07:29
1820,61,27,18,,,126.83410196618962,37.21580863029032,126.82754247571646,37.19903410364934,2024-10-24 18:07:40
1821,33,58,18,,,126.82967239972344,37.20034170005638,126.83583463357044,37.209122107414245,2024-10-24 18:07:43
1822,14,61,18,,,126.81966923341648,37.20696533360057,126.8332298736198,37.21518486425303,2024-10-24 18:08:00
1823,10,17,18,,,126.81698742890035,37.20881997318194,126.82731473017377,37.19714560845343,2024-10-24 18:08:06
1824,28,35,18,,,126.82999500027296,37.20283278316608,126.81966650137046,37.201586457511155,2024-10-24 18:08:25
1825,33,56,18,,,126.82934429635151,37.2006250947594,126.8356848907758,37.20663882814453,2024-10-24 18:09:18
1826,70,33,18,,,126.83710701368375,37.20912892387499,126.83025791258031,37.201372407276175,2024-10-24 18:09:30
1827,17,54,18,,,126.82707087505565,37.196369058700775,126.83287617719857,37.21110832034989,2024-10-24 18:09:40
1828,58,33,18,,,126.83432046159355,37.209262990888895,126.82868432942271,37.2000288099521,2024-10-24 18:10:07
1829,39,49,18,,,126.82231065053904,37.20006034317357,126.82828835366821,37.21267657688047,2024-10-24 18:10:29
1830,19,10,18,,,126.82817317193857,37.194874201702305,126.81687743137567,37.21032316032262,2024-10-24 18:11:11
1831,56,32,18,,,126.83530214216356,37.20584122661751,126.83109011622129,37.201004373194856,2024-10-24 18:11:23
1832,42,70,18,,,126.83108984720631,37.19618824792486,126.83813129248847,37.21051826779204,2024-10-24 18:12:26
1833,54,33,18,,,126.83252449437863,37.211051671156895,126.82849614423824,37.2008987175807,2024-10-24 18:13:07
1834,19,10,18,,,126.82899347343171,37.19546371869294,126.81703303200133,37.2096338045623,2024-10-24 18:13:09
1835,17,72,18,,,126.82687096924373,37.195910756333646,126.81203547301742,37.20816672061212,2024-10-24 18:13:54
1836,56,33,18,,,126.83422873581897,37.205011051973656,126.82970771687259,37.200101398308426,2024-10-24 18:14:07
1837,17,54,18,,,126.8267308534395,37.19714550085964,126.83174535632274,37.209282945599135,2024-10-24 18:14:19
1838,17,54,18,,,126.8259604108838,37.196953206519204,126.83251591844828,37.21065168330248,2024-10-24 18:14:44
1839,54,33,18,,,126.83263027889979,37.20986583019675,126.82960201968842,37.20068551024981,2024-10-24 18:15:08
1840,60,32,18,,,126.83275042012933,37.21205721341887,126.83230995496466,37.201041257742084,2024-10-24 18:15:18
1841,60,57,18,,,126.83326498421135,37.213852593514304,126.83265312907903,37.20493565357896,2024-10-24 18:15:25
1842,54,33,18,,,126.83176700121297,37.20983315626368,126.82841853465146,37.19974756112246,2024-10-24 18:16:51
1843,56,41,18,,,126.83432867447927,37.20662199183131,126.83453309132781,37.19642832495503,2024-10-24 18:16:59
1844,41,22,18,,,126.83402651797898,37.19664814574457,126.81574952036519,37.194860709659906,2024-10-24 18:17:04
1845,56,31,18,,,126.83542744002116,37.206426092598896,126.8292109133739,37.198542461711014,2024-10-24 18:17:14
1846,30,5,18,,,126.83256818531599,37.199145862657154,126.82797046977984,37.204557511548096,2024-10-24 18:18:30
1847,56,41,18,,,126.83444959941906,37.20649741520772,126.83452062657551,37.19777719791539,2024-10-24 18:18:57
1848,58,19,18,,,126.8360762888792,37.20781212508042,126.82982371389309,37.19510960614658,2024-10-24 18:19:05
1849,53,65,18,,,126.83049077108089,37.20683035350689,126.83395479888135,37.20100008373931,2024-10-24 18:19:11
1850,62,47,18,,,126.83827462539308,37.2120699994184,126.82837207461763,37.21008383787523,2024-10-24 18:19:14
1851,58,33,18,,,126.83445891676676,37.20750074920993,126.82910266804743,37.20002125140303,2024-10-24 18:19:15
1852,6,28,18,,,126.82523881021835,37.2036998610294,126.8296343655067,37.20388353776282,2024-10-24 18:19:19
1853,54,33,18,,,126.8323990407167,37.20941358439273,126.82973744457605,37.201551780358685,2024-10-24 18:20:46
1854,17,37,18,,,126.82737765849014,37.196814972761466,126.8213371656408,37.19712783796263,2024-10-24 18:21:21
1855,68,35,18,,,126.83972423686141,37.20146840479191,126.81997649336603,37.202567059882796,2024-10-24 18:21:51
1856,69,30,18,,,126.83848231507635,37.20600015783507,126.83154141525132,37.19977413857532,2024-10-24 18:22:45
1857,25,60,18,,,126.82032974020764,37.1951644846004,126.8324434428368,37.213605406411666,2024-10-24 18:22:46
1858,56,31,18,,,126.83480569414832,37.206432745348806,126.82991191962935,37.19828493738771,2024-10-24 18:23:42
1859,36,68,18,,,126.8236444772401,37.19771866045636,126.83963498225316,37.20261771160771,2024-10-24 18:24:09
1860,56,17,18,,,126.83463149963525,37.20612550349837,126.82646334357352,37.19732725685673,2024-10-24 18:24:36
1861,56,17,18,,,126.83446062360115,37.20511942373281,126.82558008179282,37.196938294674254,2024-10-24 18:25:22
1862,70,42,18,,,126.83703075286115,37.20864769598893,126.83150453699645,37.19627860730365,2024-10-24 18:25:22
1863,11,17,18,,,126.81461510455004,37.20822551627126,126.82654846564503,37.19663695319892,2024-10-24 18:26:12
1864,70,17,18,,,126.83824857530497,37.20870676474145,126.82695880456194,37.19682353213251,2024-10-24 18:26:15
1865,30,20,18,,,126.83238721482145,37.19829227373701,126.81624692398357,37.192802660008624,2024-10-24 18:26:35
1866,46,62,18,,,126.83105780391787,37.21193189211799,126.83782092887093,37.21304150943754,2024-10-24 18:27:17
1867,11,32,18,,,126.81336540402899,37.20888286919115,126.83207205934922,37.20185862504939,2024-10-24 18:27:40
1868,72,70,18,,,126.81152981442268,37.20762111691518,126.83684515203834,37.20982922360343,2024-10-24 18:28:05
1869,70,42,18,,,126.83847437681463,37.20902452411568,126.8308264864826,37.19522712448721,2024-10-24 18:28:44
1870,43,67,18,,,126.82407570575418,37.19054628212371,126.83408238378077,37.20214784929628,2024-10-24 18:28:44
1871,10,17,18,,,126.81634662294994,37.209697152870824,126.82611678715394,37.195882303258756,2024-10-24 18:29:09
1872,33,56,18,,,126.82975120699741,37.20070697219133,126.83436625791639,37.20649054320466,2024-10-24 18:29:12
1873,55,45,18,,,126.83088320583137,37.20848219648474,126.82467301879254,37.212308798446976,2024-10-24 18:29:24
1874,33,56,18,,,126.82991121117492,37.20163827541548,126.83446037565689,37.20564737778426,2024-10-24 18:29:57
1875,42,70,18,,,126.83125835941118,37.19543906175667,126.83753720669147,37.20940744960813,2024-10-24 18:29:59
1876,6,52,18,,,126.8239748457844,37.2045270439152,126.83009527818517,37.21684925849284,2024-10-24 18:30:09
1877,58,33,18,,,126.8346706664742,37.20789993267717,126.82992973929944,37.20082911046338,2024-10-24 18:30:11
1878,72,66,18,,,126.81213808139834,37.20766311795103,126.83696881127348,37.20430506941943,2024-10-24 18:32:04
1879,5,62,18,,,126.82759287753866,37.20619664531484,126.838098920726,37.21213750979967,2024-10-24 18:32:19
1880,10,17,18,,,126.8161151213437,37.208697528098504,126.82670581505589,37.19773019376126,2024-10-24 18:32:20
1881,44,26,18,,,126.82155566665105,37.189897339462114,126.8183312798983,37.19276527518999,2024-10-24 18:32:43
1882,29,19,18,,,126.82655128640313,37.20159159867805,126.8284301825659,37.19517914490688,2024-10-24 18:33:25
1883,69,30,18,,,126.83798109621081,37.20657137942033,126.83236204801032,37.19875881746,2024-10-24 18:33:44
1884,56,32,18,,,126.83564924114806,37.2060123078514,126.83133026220978,37.202689581556974,2024-10-24 18:33:47
1885,44,54,18,,,126.82101845116283,37.18957758192631,126.83320067384373,37.20984324989089,2024-10-24 18:33:49
1886,16,71,18,,,126.82443001710438,37.19247084903212,126.84100961983019,37.20433186292857,2024-10-24 18:34:33
1887,33,58,18,,,126.82841608650635,37.20037236593143,126.8344740473982,37.20844967032516,2024-10-24 18:35:04
1888,56,31,18,,,126.8339963519204,37.20608445822518,126.82919121263416,37.19723369909378,2024-10-24 18:36:25
1889,59,33,18,,,126.83247073239713,37.20697125457974,126.82859794343032,37.201338749633926,2024-10-24 18:37:10
1890,56,27,18,,,126.83451168254197,37.20588094003106,126.82715151876695,37.19953345577498,2024-10-24 18:37:18
1891,57,72,18,,,126.83149064988083,37.20409019736378,126.81123165782661,37.20797267359291,2024-10-24 18:37:29
1892,70,2,18,,,126.83788627449283,37.20953373388755,126.82257467177996,37.205934577625875,2024-10-24 18:37:30
1893,17,54,18,,,126.8261691840724,37.19627957498376,126.83247200717572,37.211000794360906,2024-10-24 18:37:32
1894,31,58,18,,,126.82978948130238,37.19803951959558,126.8343882238755,37.20841237833961,2024-10-24 18:37:39
1895,56,32,18,,,126.83585367770625,37.2047645060746,126.83262829277933,37.2011268865554,2024-10-24 18:38:39
1896,32,59,18,,,126.83110495502056,37.2022173494714,126.83339664725816,37.207828616142834,2024-10-24 18:38:44
1897,11,6,18,,,126.81471336295661,37.208216130048804,126.82457844065802,37.203324239339516,2024-10-24 18:39:05
1898,33,56,18,,,126.82980109229132,37.19978060590897,126.8348944307745,37.20575123884265,2024-10-24 18:39:16
1899,10,17,18,,,126.81630731375675,37.20920590521877,126.82589562145307,37.19721474107662,2024-10-24 18:40:30
1900,71,5,18,,,126.83911578509327,37.20572961048596,126.82623543575353,37.20494650515143,2024-10-24 18:40:32
1901,52,61,18,,,126.83052766226896,37.218034475840554,126.83309228857047,37.21540392239827,2024-10-24 18:40:45
1902,63,52,18,,,126.83520793831549,37.21063716118388,126.83103332667451,37.21834584783248,2024-10-24 18:40:56
1903,58,33,18,,,126.83442012418918,37.207834350636396,126.82922432169696,37.200518572925674,2024-10-24 18:41:29
1904,64,45,18,,,126.84221332809989,37.20388860344804,126.82589677411326,37.2117894810873,2024-10-24 18:42:39
1905,57,31,18,,,126.8319616470045,37.204772440073924,126.82950114470472,37.197016777950964,2024-10-24 18:43:11
1906,54,33,18,,,126.83191281080305,37.20949092669374,126.82886199665568,37.20046834918464,2024-10-24 18:43:18
1907,33,56,18,,,126.83020918267444,37.20138162581302,126.83453420353294,37.205455948861896,2024-10-24 18:43:23
1908,10,56,18,,,126.8170296741084,37.20967584675941,126.83505469352576,37.204688972815575,2024-10-24 18:43:47
1909,35,26,18,,,126.8198106505879,37.202004416429915,126.81913813204629,37.19439851934745,2024-10-24 18:43:53
1910,58,33,18,,,126.83433354706655,37.20939942553221,126.8297678026273,37.20071933996432,2024-10-24 18:44:02
1911,10,17,18,,,126.81756187673169,37.20982866280867,126.82674709123246,37.197751968161725,2024-10-24 18:44:33
1912,10,17,18,,,126.81603338194788,37.20922849890174,126.82564972257235,37.19600289550997,2024-10-24 18:44:35
1913,58,33,18,,,126.83538553875144,37.20797334493975,126.82872659139575,37.200874466244116,2024-10-24 18:44:38
1914,56,17,18,,,126.83429458472281,37.20627773759639,126.82560289426641,37.19666117984396,2024-10-24 18:44:40
1915,17,18,18,,,126.82600681940171,37.19576981137023,126.82376012548536,37.196581421822316,2024-10-24 18:44:55
1916,65,37,18,,,126.83399089208872,37.199749794615535,126.82185811374634,37.198237573020954,2024-10-24 18:45:10
1917,24,38,18,,,126.8172615458846,37.19080928624321,126.8238944872449,37.20160006741925,2024-10-24 18:46:41
1918,33,56,18,,,126.82952902047028,37.20088417008132,126.83525777404495,37.20657221406046,2024-10-24 18:46:41
1919,58,33,18,,,126.83522030528077,37.20799356788314,126.82840332507263,37.199708198674365,2024-10-24 18:47:14
1920,70,42,18,,,126.83757365476559,37.209947455010955,126.83248071024217,37.19516808692027,2024-10-24 18:47:29
1921,33,56,18,,,126.8283420739019,37.19991516603684,126.83557152454765,37.20502328730083,2024-10-24 18:47:38
1922,58,33,18,,,126.8344115396661,37.207628584988704,126.83009905396086,37.20118512636812,2024-10-24 18:48:17
1923,32,59,18,,,126.83235565621989,37.20230156104413,126.83236322074706,37.20721426509478,2024-10-24 18:48:17
1924,54,33,18,,,126.83203426492356,37.210198142381095,126.82949666577538,37.20165088620116,2024-10-24 18:49:51
1925,35,15,18,,,126.81881105782445,37.20223571131137,126.81764488737815,37.20736906992845,2024-10-24 18:50:22
1926,33,56,18,,,126.83015519128989,37.200988131085765,126.83579861247425,37.20664125512948,2024-10-24 18:50:26
1927,55,37,18,,,126.82955718339983,37.20875579569154,126.82147379031366,37.19698392241821,2024-10-24 18:50:50
1928,9,60,18,,,126.81440500827004,37.20483321704652,126.83360843185473,37.21273366323181,2024-10-24 18:51:05
1929,56,33,18,,,126.83503372688851,37.20566147602763,126.82952871013605,37.200446276666206,2024-10-24 18:51:14
1930,58,33,18,,,126.83502519128076,37.20824958141852,126.829182080503,37.20112540667391,2024-10-24 18:51:23
1931,53,7,18,,,126.82999766379015,37.20615480216888,126.82667515277946,37.20849005332059,2024-10-24 18:51:56
1932,33,58,18,,,126.8287644105333,37.20071281569603,126.83581189733947,37.20760889935023,2024-10-24 18:52:08
1933,58,19,18,,,126.83529960189922,37.20933668841567,126.8292424199006,37.19548003314544,2024-10-24 18:53:07
1934,17,36,18,,,126.82647382424327,37.196356433897634,126.82392591949197,37.19778404243886,2024-10-24 18:53:26
1935,66,5,18,,,126.8382359857783,37.20291229909796,126.82738915741244,37.204513302611105,2024-10-24 18:53:51
1936,56,33,18,,,126.83491636523758,37.20566851064338,126.82883194261264,37.20110694119667,2024-10-24 18:53:58
1937,16,15,18,,,126.82257575109541,37.19250228535265,126.81709195036565,37.20667311925495,2024-10-24 18:54:38
1938,58,33,18,,,126.83433253935547,37.20748223166049,126.82853434440747,37.200433763961776,2024-10-24 18:55:09
1939,4,53,18,,,126.82262705996112,37.20813519453884,126.83031451494452,37.20714321400696,2024-10-24 18:55:19
1940,70,24,18,,,126.8382249198258,37.21003609629798,126.81713535937776,37.190182934811524,2024-10-24 18:55:23
1941,11,58,18,,,126.81345377457754,37.20831730863849,126.8352110430407,37.20913294248137,2024-10-24 18:55:26
1942,69,30,18,,,126.83774994030054,37.20585834254985,126.83133199711435,37.19985009939744,2024-10-24 18:55:36
1943,58,33,18,,,126.83479659210863,37.20778494348562,126.82842602439057,37.19997480951163,2024-10-24 18:55:40
1944,14,6,18,,,126.8187192068605,37.208184140639084,126.82532404473318,37.2046411092453,2024-10-24 18:55:53
1945,54,17,18,,,126.8326196740808,37.21005179234882,126.82561174923117,37.19733507408369,2024-10-24 18:56:01
1946,35,32,18,,,126.818735303,37.20194989132623,126.83165632937224,37.20197756521865,2024-10-24 18:57:54
1947,5,59,18,,,126.82612058081132,37.20453440316517,126.83229252250807,37.20716234874332,2024-10-24 18:57:55
1948,6,44,18,,,126.82400083066116,37.20500428372106,126.82074412406365,37.18928720972573,2024-10-24 18:58:00
1949,70,33,18,,,126.83793548213522,37.208573838601936,126.83015608157895,37.201581014407154,2024-10-24 18:58:04
1950,56,33,18,,,126.8353252391169,37.205083591948295,126.8286564915712,37.20077008470621,2024-10-24 18:58:11
1951,5,53,18,,,126.82686106489626,37.2051910260181,126.83008093809144,37.20726567738154,2024-10-24 18:58:29
1952,35,11,18,,,126.81862217085812,37.20120908920555,126.81375204314133,37.207844223395625,2024-10-24 18:58:33
1953,58,33,18,,,126.83527239543935,37.207810875706464,126.82867508666205,37.20155249298256,2024-10-24 18:58:52
1954,42,70,18,,,126.8307722151433,37.19653383202515,126.83708609386248,37.20910932882686,2024-10-24 18:59:25
1955,33,56,18,,,126.83021106674921,37.199687172229,126.83577361254581,37.20599698541913,2024-10-24 18:59:41
1956,70,33,19,,,126.83875781626087,37.209727539609155,126.8292908880594,37.20083210058062,2024-10-24 19:00:39
1957,11,17,19,,,126.81394415147722,37.208770176197405,126.82668239736833,37.19687302299595,2024-10-24 19:00:44
1958,48,56,19,,,126.83062140972554,37.2150016619595,126.8353238815358,37.20469855596142,2024-10-24 19:00:47
1959,70,42,19,,,126.8374210012648,37.21019502825567,126.83158654596828,37.19578287089568,2024-10-24 19:00:55
1960,33,58,19,,,126.82892820422123,37.200269671806616,126.83438257017288,37.20909675763823,2024-10-24 19:01:06
1961,58,19,19,,,126.8343233191048,37.207597562831445,126.82931269645779,37.19563985532138,2024-10-24 19:01:06
1962,32,58,19,,,126.83236656865039,37.202651794740675,126.83540445405511,37.207998350822464,2024-10-24 19:01:33
1963,11,70,19,,,126.81409013471557,37.20843148433527,126.83852278739141,37.20971224570575,2024-10-24 19:01:37
1964,10,56,19,,,126.81633569791946,37.20881732217425,126.83433254960167,37.20485584837882,2024-10-24 19:01:54
1965,69,30,19,,,126.83765602535996,37.206676196128015,126.83101169721748,37.19863484241647,2024-10-24 19:01:57
1966,56,17,19,,,126.83434825193105,37.205297998749195,126.82728531565343,37.197225128039626,2024-10-24 19:02:00
1967,11,17,19,,,126.81349598996145,37.20773780362378,126.8254953685227,37.196909885791946,2024-10-24 19:02:12
1968,70,10,19,,,126.83729626746445,37.20968999030589,126.81656109606783,37.20940252578936,2024-10-24 19:02:26
1969,31,59,19,,,126.82998728863029,37.19794044808207,126.8318745878466,37.20666880519746,2024-10-24 19:02:36
1970,19,10,19,,,126.8284394392544,37.1947617729781,126.81724954411979,37.209156328800475,2024-10-24 19:02:42
1971,69,30,19,,,126.83851219797613,37.20701640499501,126.8308813203714,37.19837008829769,2024-10-24 19:03:24
1972,56,33,19,,,126.83511233353029,37.2054141010594,126.82852011376478,37.20072030758732,2024-10-24 19:04:31
1973,17,54,19,,,126.82613227597787,37.19632987488626,126.83203026092973,37.20937193297693,2024-10-24 19:04:39
1974,54,33,19,,,126.83239468306034,37.2101819645962,126.82909587379463,37.201342414631036,2024-10-24 19:05:16
1975,10,17,19,,,126.8169470493042,37.209971380010934,126.82668940111489,37.19639601956241,2024-10-24 19:05:16
1976,33,56,19,,,126.82947125209809,37.20111123022983,126.83523685558708,37.20493215377208,2024-10-24 19:05:18
1977,59,33,19,,,126.8324368590652,37.206528066402235,126.82965527128518,37.20009073380695,2024-10-24 19:05:19
1978,50,20,19,,,126.82142995392496,37.211644101344646,126.81663625757328,37.192915374569886,2024-10-24 19:05:22
1979,32,59,19,,,126.83154703640473,37.201029980509254,126.83319519934423,37.20654119582023,2024-10-24 19:05:42
1980,17,54,19,,,126.82631523516133,37.19676746476287,126.83226310478253,37.20953290977223,2024-10-24 19:05:57
1981,70,33,19,,,126.83842651843503,37.20873951422628,126.82929559707759,37.20033713756726,2024-10-24 19:06:24
1982,58,33,19,,,126.83422874794644,37.207517230965806,126.82852454476561,37.19968657491858,2024-10-24 19:07:00
1983,39,54,19,,,126.82198788583148,37.20023171492598,126.83187129256935,37.21104793231248,2024-10-24 19:07:04
1984,67,14,19,,,126.83416552485536,37.203317276280536,126.81884508773538,37.20839220136276,2024-10-24 19:07:18
1985,3,19,19,,,126.82560272549108,37.209077869308324,126.82936845497686,37.19409906697171,2024-10-24 19:07:35
1986,56,33,19,,,126.83415333691842,37.20620194839996,126.82833607542605,37.200302961146626,2024-10-24 19:09:54
1987,33,56,19,,,126.83018191217619,37.20145878508921,126.83454154538376,37.20564181062963,2024-10-24 19:10:16
1988,17,54,19,,,126.82739442850281,37.19690344196454,126.8317017719306,37.209388286580136,2024-10-24 19:10:24
1989,25,53,19,,,126.82174473932317,37.194748610150874,126.83051075523974,37.20574300087748,2024-10-24 19:10:48
1990,70,33,19,,,126.83858124825345,37.210488271006895,126.8298347948819,37.20000723308887,2024-10-24 19:12:07
1991,70,18,19,,,126.83821967565322,37.20954600960375,126.82333188771857,37.195642509248756,2024-10-24 19:12:38
1992,33,56,19,,,126.82946794623582,37.20160927187469,126.83553628840683,37.20467166132873,2024-10-24 19:13:02
1993,63,33,19,,,126.83473335616371,37.211834472327766,126.8286426660274,37.200221459733264,2024-10-24 19:13:51
1994,54,33,19,,,126.83242239716346,37.2105681473153,126.83013087817721,37.20029295273619,2024-10-24 19:14:21
1995,41,48,19,,,126.83414506008658,37.19664171402053,126.8298259538183,37.214506033369275,2024-10-24 19:14:27
1996,62,44,19,,,126.83781438335473,37.21318877809847,126.82083076535109,37.18888280554305,2024-10-24 19:14:56
1997,10,17,19,,,126.81765518704394,37.20912284425702,126.82661578625586,37.1977216150293,2024-10-24 19:14:56
1998,72,56,19,,,126.81092513340134,37.20749473590025,126.83439746531803,37.20563858375586,2024-10-24 19:15:02
1999,59,15,19,,,126.83298005152984,37.20656137634311,126.81649268875988,37.2069457199486,2024-10-24 19:15:25
2000,70,33,19,,,126.83690908623834,37.209484665787855,126.82967436589799,37.19970056450762,2024-10-24 19:16:53
2001,56,17,19,,,126.83429442022742,37.206496085651445,126.82545169579646,37.19582875072715,2024-10-24 19:17:22
2002,56,17,19,,,126.83430720477325,37.20519025225751,126.82682178659451,37.19595357992725,2024-10-24 19:18:16
2003,10,46,19,,,126.81616579426591,37.20855506410387,126.83090389996555,37.212134555287086,2024-10-24 19:18:25
2004,58,33,19,,,126.83598279628367,37.20885598426293,126.82855407621668,37.200832689272744,2024-10-24 19:18:25
2005,56,41,19,,,126.83415691506636,37.20548539378513,126.83388954984638,37.19653823473685,2024-10-24 19:18:44
2006,58,19,19,,,126.83482472840552,37.20809303392575,126.82941541598844,37.194194363175086,2024-10-24 19:18:45
2007,56,40,19,,,126.83580127183018,37.20607545053961,126.83166943278233,37.193914750887984,2024-10-24 19:18:58
2008,12,17,19,,,126.81961215954233,37.20411110768029,126.82665752488896,37.19592714596074,2024-10-24 19:19:48
2009,70,33,19,,,126.83786927156771,37.21021024736108,126.82860743929623,37.200000392339426,2024-10-24 19:19:50
2010,17,54,19,,,126.82711752455229,37.196490272953,126.83345324828653,37.21005527738534,2024-10-24 19:19:51
2011,33,54,19,,,126.82901282589563,37.19999484942699,126.83262288726036,37.21003167664969,2024-10-24 19:20:16
2012,51,8,19,,,126.82037557833378,37.20980704695936,126.82523073174752,37.207403218840845,2024-10-24 19:20:16
2013,58,33,19,,,126.83479173741773,37.20760873895259,126.82993924443012,37.20089128413036,2024-10-24 19:20:46
2014,66,72,19,,,126.83752428044635,37.20481093076021,126.81156377539234,37.206380130773766,2024-10-24 19:20:58
2015,56,19,19,,,126.83432039331419,37.204974225523884,126.82873313246132,37.195478949454646,2024-10-24 19:21:16
2016,58,33,19,,,126.83563914912324,37.20918244440056,126.83024594590425,37.2014413796894,2024-10-24 19:21:47
2017,56,41,19,,,126.83400804919299,37.20503922011838,126.83332938401492,37.19718382380385,2024-10-24 19:21:51
2018,58,33,19,,,126.83558158618865,37.20918143214292,126.82849030681751,37.20011846537692,2024-10-24 19:22:02
2019,56,33,19,,,126.83504366821334,37.20507046414701,126.82877957086124,37.200308905342176,2024-10-24 19:22:27
2020,70,17,19,,,126.83823043989405,37.209813327724056,126.82541183318719,37.19634559750611,2024-10-24 19:23:43
2021,70,33,19,,,126.83733341222371,37.2105191155356,126.82904285204117,37.20063876949178,2024-10-24 19:23:56
2022,11,33,19,,,126.81524338929788,37.208760492176715,126.82894321826244,37.20066621503074,2024-10-24 19:24:20
2023,32,56,19,,,126.83295634741718,37.202325622979984,126.83433171548342,37.20506976095509,2024-10-24 19:24:40
2024,20,14,19,,,126.81549581766139,37.19161401733862,126.82022584544883,37.20750418979997,2024-10-24 19:25:30
2025,10,17,19,,,126.81626044382487,37.21029411490716,126.82664370696712,37.1961933687285,2024-10-24 19:25:46
2026,51,47,19,,,126.82001318013862,37.21096017230098,126.82839538718956,37.2103970655842,2024-10-24 19:25:48
2027,35,32,19,,,126.81934302608234,37.20154341427407,126.83226744023808,37.20210706839392,2024-10-24 19:26:02
2028,69,30,19,,,126.83743943128592,37.207187718499576,126.83158042903582,37.19851894055772,2024-10-24 19:26:06
2029,56,59,19,,,126.83395126710356,37.20511576312735,126.83301425883754,37.20641345019701,2024-10-24 19:26:08
2030,43,39,19,,,126.82262114467521,37.1910131454191,126.82151898647021,37.20104724781249,2024-10-24 19:26:39
2031,11,58,19,,,126.81527361273798,37.20870850956639,126.8343278391411,37.20886396822321,2024-10-24 19:26:40
2032,31,54,19,,,126.82848916326986,37.19838671893949,126.83230645814909,37.209850915768136,2024-10-24 19:27:05
2033,56,17,19,,,126.83440891600502,37.206487615489756,126.82709769100164,37.19616539312883,2024-10-24 19:27:18
2034,58,19,19,,,126.83520001348735,37.207532670992805,126.82854096885626,37.19508985612342,2024-10-24 19:27:29
2035,11,58,19,,,126.81433306805779,37.20905015567719,126.83568319984008,37.20846300883777,2024-10-24 19:27:48
2036,58,33,19,,,126.8354695499707,37.208732461896,126.82879532027128,37.20070931026676,2024-10-24 19:28:12
2037,42,70,19,,,126.83060337749114,37.19518074237692,126.83850027244881,37.210120549555235,2024-10-24 19:28:18
2038,42,70,19,,,126.83249786450314,37.19559905538159,126.8381076019154,37.20892485010548,2024-10-24 19:29:21
2039,44,39,19,,,126.8210098589696,37.18843988076387,126.8207211777705,37.19949156563295,2024-10-24 19:29:51
2040,17,70,19,,,126.82568651393348,37.19707022440771,126.83795620009901,37.2087874617473,2024-10-24 19:30:10
2041,40,47,19,,,126.83193848413981,37.19330662093546,126.82822884591532,37.21118255620444,2024-10-24 19:30:19
2042,56,31,19,,,126.83540288824837,37.20549039393648,126.82933604319479,37.19848207003775,2024-10-24 19:30:27
2043,33,56,19,,,126.83002880751296,37.20155243035451,126.83518656249888,37.205911505398795,2024-10-24 19:30:45
2044,32,59,19,,,126.83204878165569,37.20248908298118,126.83196654201623,37.20771706639665,2024-10-24 19:30:49
2045,6,1,19,,,126.82505171910715,37.204243444705845,126.81612001043278,37.1989155840792,2024-10-24 19:31:00
2046,70,32,19,,,126.83684420285492,37.208823196609245,126.83166733406937,37.2016957061034,2024-10-24 19:31:04
2047,34,20,19,,,126.82106192820676,37.20291101398325,126.81575495494808,37.1926368198626,2024-10-24 19:31:19
2048,26,37,19,,,126.81771369094884,37.19274592867959,126.82217984295704,37.19664030037462,2024-10-24 19:31:44
2049,59,41,19,,,126.83182348242433,37.20801480048573,126.83365312324293,37.19640502471468,2024-10-24 19:31:57
2050,41,56,19,,,126.83393702769337,37.19809705827055,126.83483662396382,37.20623042172652,2024-10-24 19:32:03
2051,58,42,19,,,126.83608577837472,37.20878119255315,126.83201261301821,37.19575921588166,2024-10-24 19:32:37
2052,55,62,19,,,126.83018653519565,37.21010234857615,126.83808672896866,37.21136541272001,2024-10-24 19:33:02
2053,54,33,19,,,126.8324993786809,37.210784357406446,126.82956563889117,37.20063881745424,2024-10-24 19:33:31
2054,58,19,19,,,126.83491973445268,37.208683295896115,126.82877535260099,37.19542774263488,2024-10-24 19:33:42
2055,33,58,19,,,126.82922626834747,37.20096360621895,126.83483750191078,37.2082794282238,2024-10-24 19:34:04
2056,4,46,19,,,126.82194839019226,37.20800574864791,126.83110716534253,37.21177541648392,2024-10-24 19:34:21
2057,69,30,19,,,126.83747693573658,37.20639119428967,126.8308733136311,37.19867049011916,2024-10-24 19:34:40
2058,56,17,19,,,126.83434134276601,37.20616484124282,126.82720276419033,37.19649942152824,2024-10-24 19:34:56
2059,42,70,19,,,126.83175077520546,37.19675546193596,126.83873705438504,37.209209709174985,2024-10-24 19:35:25
2060,56,33,19,,,126.83396860960885,37.205347425964355,126.82895963570138,37.2000255913363,2024-10-24 19:36:12
2061,33,70,19,,,126.83026241369708,37.20051748125585,126.83867143091693,37.209211182526445,2024-10-24 19:37:01
2062,33,56,19,,,126.82951616009655,37.20121455165541,126.83432825586718,37.20507519386324,2024-10-24 19:37:16
2063,69,30,19,,,126.83745720181497,37.20589184881277,126.83177942561329,37.198232168861026,2024-10-24 19:37:34
2064,46,31,19,,,126.82985549068042,37.21124628129052,126.82814150173049,37.19703679448927,2024-10-24 19:37:44
2065,32,11,19,,,126.83220138059642,37.20080915122981,126.81519883058519,37.20801770296455,2024-10-24 19:38:47
2066,33,56,19,,,126.82833413639523,37.20044405879857,126.83510298698535,37.20620906404089,2024-10-24 19:38:56
2067,56,41,19,,,126.83475222998972,37.206428247333164,126.83387136691636,37.19770835768564,2024-10-24 19:39:10
2068,57,22,19,,,126.83304671296743,37.20553803053352,126.81657612315308,37.19483087139243,2024-10-24 19:39:18
2069,45,28,19,,,126.82575036685569,37.21315019854962,126.8290588056886,37.2037359571848,2024-10-24 19:39:23
2070,33,56,19,,,126.82875151892141,37.199860674973344,126.83474908192592,37.20660098327072,2024-10-24 19:39:29
2071,56,33,19,,,126.83511649389895,37.205462535823685,126.83021502954229,37.201420287047966,2024-10-24 19:40:03
2072,59,63,19,,,126.8324755021988,37.20790098266193,126.83624621193553,37.210901148264355,2024-10-24 19:40:18
2073,69,30,19,,,126.83780915081059,37.20627556668013,126.83099341395096,37.19896816568905,2024-10-24 19:40:33
2074,54,17,19,,,126.83195555919691,37.209438843140035,126.82576687484008,37.19629362958963,2024-10-24 19:40:40
2075,31,58,19,,,126.82949480294721,37.19782287567102,126.83468982959475,37.20841109353947,2024-10-24 19:41:15
2076,56,32,19,,,126.83430817125681,37.20540901098882,126.8327950151252,37.20145233573352,2024-10-24 19:41:27
2077,70,11,19,,,126.8376278519974,37.20993855385555,126.81376568784752,37.20804290416657,2024-10-24 19:42:20
2078,51,67,19,,,126.82066426042702,37.20946567077548,126.83390626297071,37.20356110238662,2024-10-24 19:42:49
2079,55,52,19,,,126.82904945040714,37.20932582619664,126.83164648439457,37.2185114444767,2024-10-24 19:43:05
2080,50,37,19,,,126.8220956168759,37.211763517259584,126.82205656514832,37.19690304747961,2024-10-24 19:43:18
2081,17,54,19,,,126.82694289187486,37.19681621441592,126.83193428357312,37.21008843490899,2024-10-24 19:44:28
2082,56,17,19,,,126.83539911862022,37.20523156104774,126.82643093253974,37.19676124365238,2024-10-24 19:44:30
2083,71,64,19,,,126.84085974728725,37.20570256885264,126.84174207886811,37.203444965439175,2024-10-24 19:45:19
2084,26,36,19,,,126.81828489942193,37.19271469681822,126.82474528687275,37.19878930131134,2024-10-24 19:45:40
2085,19,30,19,,,126.82859965365039,37.194292797234176,126.83267913474684,37.19962060005586,2024-10-24 19:46:27
2086,20,36,19,,,126.81662429246522,37.19153238739088,126.82452621511834,37.19761844969636,2024-10-24 19:46:35
2087,71,66,19,,,126.84033501425313,37.205027274332124,126.83719043377607,37.20320374234333,2024-10-24 19:46:48
2088,70,19,19,,,126.83744895819716,37.20901676826929,126.8282408779426,37.194173738025036,2024-10-24 19:46:57
2089,58,33,19,,,126.83465245485137,37.209194684347054,126.8285358805715,37.20123567093523,2024-10-24 19:46:59
2090,33,56,19,,,126.83024545304538,37.20123349764732,126.83573392534387,37.20551648726684,2024-10-24 19:47:01
2091,23,32,19,,,126.81982932102736,37.192435592112204,126.83158054697005,37.2024526242905,2024-10-24 19:47:46
2092,37,53,19,,,126.8221110178609,37.197664356690346,126.83075316391209,37.20701089283153,2024-10-24 19:47:55
2093,62,35,19,,,126.83735122970744,37.21226342754108,126.81985206540152,37.20198238122276,2024-10-24 19:48:22
2094,9,65,19,,,126.8149654327491,37.204896536620645,126.8336439631899,37.19955522483471,2024-10-24 19:48:25
2095,56,17,19,,,126.83469438155737,37.20520508482092,126.82693851718074,37.19693693675243,2024-10-24 19:48:58
2096,12,19,19,,,126.81867870597269,37.2042518018326,126.82814791437279,37.195397748231606,2024-10-24 19:49:02
2097,17,12,19,,,126.8273329541647,37.19609173429453,126.81970485285846,37.20482126326929,2024-10-24 19:49:03
2098,58,33,19,,,126.83487083853511,37.209263207571645,126.83029340343697,37.20147154403084,2024-10-24 19:49:25
2099,72,70,19,,,126.81150330817125,37.20756761424578,126.83699728116554,37.208952144340834,2024-10-24 19:50:35
2100,17,54,19,,,126.8264998915512,37.197510555201944,126.83323477945926,37.21113136873085,2024-10-24 19:52:18
2101,17,58,19,,,126.82737790606512,37.19669112254024,126.83565937220871,37.20941562212367,2024-10-24 19:52:41
2102,17,54,19,,,126.82588384070195,37.19713538719252,126.83288564251336,37.21118749348976,2024-10-24 19:52:51
2103,42,70,19,,,126.83111809270245,37.19556326635307,126.83734773134024,37.21029874362039,2024-10-24 19:53:23
2104,11,32,19,,,126.81342200905392,37.20822474729752,126.83161643548743,37.20093292659212,2024-10-24 19:53:56
2105,56,33,19,,,126.83439936599832,37.205014749076234,126.82905759396726,37.20009615119331,2024-10-24 19:53:59
2106,33,56,19,,,126.82912704665374,37.2016057351138,126.83391608349059,37.20568430268937,2024-10-24 19:54:04
2107,38,33,19,,,126.82334812415553,37.20199418146676,126.83017926688127,37.19969863585106,2024-10-24 19:55:01
2108,54,33,19,,,126.83226939839001,37.20951568178347,126.82963360616432,37.20147305920536,2024-10-24 19:55:11
2109,56,32,19,,,126.8342432278139,37.20477145179872,126.83202193938995,37.20081402474354,2024-10-24 19:55:56
2110,41,70,19,,,126.83480507066565,37.197485674110915,126.83869796681833,37.20933114640922,2024-10-24 19:56:00
2111,33,56,19,,,126.82979994607224,37.20154372098196,126.83454176028683,37.206116357864836,2024-10-24 19:56:13
2112,70,17,19,,,126.83735526709867,37.21029858464039,126.82697707474917,37.196181050993104,2024-10-24 19:56:15
2113,10,38,19,,,126.81611952043002,37.209099202461815,126.82401729205479,37.20106266871671,2024-10-24 19:56:28
2114,43,4,19,,,126.8241375908659,37.189161596137524,126.82303439224117,37.20854325596018,2024-10-24 19:56:33
2115,32,59,19,,,126.8327891389457,37.20085398928734,126.83337437910268,37.207234846185756,2024-10-24 19:56:41
2116,59,21,19,,,126.83276660912007,37.208123522261396,126.81798846366902,37.196813409400704,2024-10-24 19:57:02
2117,42,70,19,,,126.83236955927693,37.19692073928373,126.83682704831382,37.209886130922655,2024-10-24 19:57:14
2118,58,32,19,,,126.83595402310974,37.20874084887332,126.83287463328094,37.20243265600835,2024-10-24 19:57:56
2119,11,58,20,,,126.81485190228771,37.20818274895229,126.83581147554602,37.208494671162626,2024-10-24 20:00:24
2120,17,43,20,,,126.8266529472909,37.197380873930264,126.82240799425736,37.189459833898084,2024-10-24 20:00:26
2121,71,28,20,,,126.8407002100491,37.20496538832112,126.82910202048814,37.20322040153907,2024-10-24 20:00:27
2122,26,16,20,,,126.81742131131494,37.1936887667258,126.82381184766369,37.19317453784034,2024-10-24 20:00:45
2123,54,33,20,,,126.83217173322618,37.21093998611293,126.82842758255408,37.19977955017648,2024-10-24 20:01:01
2124,58,32,20,,,126.83584806008416,37.20881543024126,126.83243586436402,37.201453174805486,2024-10-24 20:01:06
2125,56,41,20,,,126.83484160870957,37.20552273785177,126.83419621614678,37.19812772626448,2024-10-24 20:01:10
2126,56,33,20,,,126.83541768585575,37.20646302729848,126.82997058850901,37.200338219458175,2024-10-24 20:01:46
2127,33,56,20,,,126.82846003676632,37.201359386569976,126.83512179631033,37.206169623192665,2024-10-24 20:02:33
2128,69,30,20,,,126.8384357019598,37.20587122036619,126.83259639327912,37.19983076688009,2024-10-24 20:03:05
2129,42,70,20,,,126.8323345006101,37.19620727639308,126.8386925869708,37.20970507432228,2024-10-24 20:03:52
2130,54,33,20,,,126.83185587004566,37.20966981491039,126.82914040434497,37.199685882164914,2024-10-24 20:03:57
2131,31,54,20,,,126.82839302669915,37.19719927939681,126.83279818395147,37.21050534126481,2024-10-24 20:04:17
2132,42,70,20,,,126.83086660989834,37.19686027822566,126.83788758081926,37.20911566728961,2024-10-24 20:04:38
2133,49,6,20,,,126.82794575371126,37.214562571542224,126.82355386962232,37.20435999816468,2024-10-24 20:04:49
2134,58,33,20,,,126.83478465756137,37.207932612024564,126.82995965926386,37.200408501588214,2024-10-24 20:05:17
2135,56,32,20,,,126.8356178781838,37.20476235937584,126.83103692272522,37.201514377241494,2024-10-24 20:05:46
2136,11,70,20,,,126.81498569983063,37.20736651882601,126.83748570010823,37.20983928918004,2024-10-24 20:05:46
2137,16,13,20,,,126.82362835157383,37.19351757345479,126.81729180977372,37.20408887815722,2024-10-24 20:06:38
2138,10,38,20,,,126.81785056537065,37.21012432962082,126.82351545221393,37.201513790027064,2024-10-24 20:06:41
2139,72,33,20,,,126.81248023449034,37.20760850389239,126.83009203289116,37.19990566404376,2024-10-24 20:07:28
2140,72,70,20,,,126.81224914931259,37.20811288122245,126.83726361675025,37.2100280843694,2024-10-24 20:07:57
2141,42,2,20,,,126.83065384187464,37.196112817642195,126.82097694834053,37.20595070480685,2024-10-24 20:08:03
2142,70,33,20,,,126.83779200465013,37.209115215623484,126.82865291492094,37.20011304959034,2024-10-24 20:08:05
2143,16,62,20,,,126.8238462907723,37.193354639066484,126.83714927239005,37.21283411045506,2024-10-24 20:08:17
2144,6,38,20,,,126.82430273799355,37.20400205210954,126.82475352929988,37.202256018512436,2024-10-24 20:08:23
2145,19,10,20,,,126.82913858344823,37.194899536154765,126.81764727731384,37.208707878045665,2024-10-24 20:08:24
2146,54,17,20,,,126.83252555558765,37.210052911791145,126.82628152515551,37.19604518110183,2024-10-24 20:08:32
2147,69,30,20,,,126.83770813610332,37.20652835029404,126.83101310411672,37.19935489579165,2024-10-24 20:08:42
2148,69,30,20,,,126.83765287390543,37.20675350946482,126.83161976220316,37.1987071570311,2024-10-24 20:09:02
2149,33,58,20,,,126.82946183270067,37.20164352459215,126.8346380693539,37.20785812345911,2024-10-24 20:09:05
2150,69,36,20,,,126.83804166947269,37.207190601550245,126.8245852459744,37.1986834486088,2024-10-24 20:09:11
2151,70,42,20,,,126.83792306008566,37.20873148132175,126.83088858869475,37.19613278949754,2024-10-24 20:09:37
2152,58,19,20,,,126.83544503577131,37.2092011329671,126.82917539077694,37.19450017366471,2024-10-24 20:10:01
2153,17,54,20,,,126.82564768828118,37.19697722156617,126.83208047573284,37.20938720176729,2024-10-24 20:10:26
2154,10,17,20,,,126.81743657131122,37.21024563284873,126.826871725715,37.19605492875424,2024-10-24 20:10:35
2155,58,19,20,,,126.83585422002439,37.208827537370084,126.82795010029244,37.19519461018807,2024-10-24 20:12:34
2156,69,22,20,,,126.8383470659355,37.20752346021697,126.8151344151166,37.194293164257886,2024-10-24 20:13:31
2157,10,65,20,,,126.81684280172041,37.20883830323054,126.83407008233213,37.19941061596945,2024-10-24 20:13:37
2158,56,31,20,,,126.83559158041136,37.20646701771812,126.82870009967225,37.19789227553477,2024-10-24 20:13:53
2159,17,12,20,,,126.82652971795196,37.19680216830144,126.81852021707942,37.205723218598216,2024-10-24 20:13:59
2160,40,37,20,,,126.83127420858999,37.1934406380341,126.8214977043945,37.19712781581578,2024-10-24 20:14:09
2161,10,16,20,,,126.81719632034903,37.20890429693727,126.82310910777504,37.19198007975199,2024-10-24 20:14:50
2162,58,33,20,,,126.83612870540586,37.20858945937187,126.82978217588011,37.20092643161485,2024-10-24 20:15:19
2163,56,31,20,,,126.8352085458809,37.206039603171256,126.82831869853989,37.19775781160945,2024-10-24 20:16:02
2164,42,70,20,,,126.83241450195688,37.19682178358874,126.83761717251737,37.20953962331482,2024-10-24 20:16:28
2165,11,58,20,,,126.8140721335563,37.20841777815357,126.83593290429664,37.20870043408662,2024-10-24 20:16:33
2166,56,17,20,,,126.83416816219689,37.20663909691104,126.82672078508702,37.19656527754338,2024-10-24 20:16:40
2167,56,41,20,,,126.83552924870203,37.20620777186821,126.8334844131526,37.197411953630535,2024-10-24 20:17:06
2168,70,33,20,,,126.83832567080884,37.21051714044719,126.82964714060162,37.2015148145695,2024-10-24 20:17:42
2169,56,33,20,,,126.8350906469615,37.206263406666324,126.82899616214738,37.20118028729745,2024-10-24 20:17:55
2170,42,70,20,,,126.83061543330817,37.19642185715744,126.83721975571287,37.20938234069338,2024-10-24 20:17:57
2171,69,30,20,,,126.83801701829046,37.20725473439522,126.83097703556979,37.19887064930596,2024-10-24 20:17:58
2172,70,33,20,,,126.83804968819362,37.20968980494458,126.82888385529085,37.199864715934474,2024-10-24 20:18:59
2173,70,17,20,,,126.83701253040353,37.21042906549731,126.82608785386837,37.19636433730715,2024-10-24 20:19:04
2174,70,18,20,,,126.83745588980125,37.209185129444556,126.82300763246354,37.19504582421494,2024-10-24 20:19:28
2175,9,5,20,,,126.81311920203869,37.20466228806513,126.8263717113463,37.20607048277597,2024-10-24 20:19:41
2176,58,33,20,,,126.83595682478835,37.209319271631045,126.82953234966928,37.19971685343689,2024-10-24 20:19:51
2177,11,17,20,,,126.8145825489067,37.20839046349682,126.82615755133388,37.196861301593266,2024-10-24 20:20:17
2178,17,54,20,,,126.82737101197898,37.1965787549136,126.83335533003144,37.21083401640847,2024-10-24 20:20:28
2179,56,17,20,,,126.8354691465191,37.206525773268346,126.82671290718764,37.196355007069876,2024-10-24 20:20:39
2180,32,56,20,,,126.83113564598857,37.20259345859651,126.83487621903079,37.20632157027779,2024-10-24 20:20:40
2181,9,48,20,,,126.81323176526581,37.20541555650548,126.8303425497062,37.21433332716613,2024-10-24 20:20:43
2182,5,64,20,,,126.82723648283243,37.20459716204379,126.84318489986926,37.20365714962782,2024-10-24 20:21:06
2183,56,41,20,,,126.83398594212548,37.205785084557355,126.83377329502598,37.1967444950419,2024-10-24 20:23:02
2184,56,17,20,,,126.8353197330586,37.20644377004809,126.82596518713734,37.1970133838026,2024-10-24 20:23:39
2185,33,54,20,,,126.82997404591363,37.20083476931327,126.83173093211292,37.20932861443668,2024-10-24 20:23:45
2186,5,29,20,,,126.82685950161977,37.20599200652052,126.82784137339635,37.20223510613507,2024-10-24 20:23:48
2187,10,17,20,,,126.81736717766698,37.208835719349466,126.82620384665165,37.19654212191291,2024-10-24 20:24:12
2188,60,66,20,,,126.8325257820154,37.21247099308335,126.83775594214744,37.204852735271245,2024-10-24 20:24:42
2189,3,26,20,,,126.82577131732764,37.210043562142104,126.81871074728126,37.1942819786497,2024-10-24 20:25:47
2190,56,33,20,,,126.83399756080836,37.20541224579271,126.82868312697119,37.20007724310573,2024-10-24 20:26:07
2191,58,33,20,,,126.83498603012977,37.20760144095062,126.82836366258071,37.20023195166649,2024-10-24 20:28:23
2192,11,33,20,,,126.81424847921609,37.209180027159874,126.82836711761804,37.20149089944746,2024-10-24 20:28:42
2193,67,53,20,,,126.8339811970825,37.202837276170165,126.83052531995224,37.20628529876595,2024-10-24 20:28:44
2194,10,17,20,,,126.81767839721562,37.20904277338108,126.82568105701516,37.195869444333816,2024-10-24 20:29:22
2195,56,33,20,,,126.83522953462153,37.20570790316829,126.82984026599961,37.199728395063275,2024-10-24 20:29:25
2196,10,17,20,,,126.81617161298946,37.20950871201265,126.82635197498186,37.19620735577247,2024-10-24 20:29:29
2197,10,56,20,,,126.8166551369173,37.20969610876187,126.83527537207547,37.205799254127335,2024-10-24 20:29:45
2198,34,57,20,,,126.82115913096449,37.203411944797885,126.83209155269758,37.205046428815415,2024-10-24 20:29:52
2199,54,33,20,,,126.83175932728084,37.20955466144945,126.82962469128124,37.20036511779279,2024-10-24 20:29:56
2200,27,70,20,,,126.82744365961072,37.19867032232838,126.83775454741412,37.21046512234915,2024-10-24 20:30:20
2201,61,8,20,,,126.83388088364082,37.21629058580052,126.82432050617396,37.20667435591895,2024-10-24 20:30:22
2202,5,21,20,,,126.82782963484892,37.206190680046376,126.81939733587082,37.19569277733948,2024-10-24 20:30:40
2203,32,30,20,,,126.83257261950408,37.20217686938804,126.83230026000304,37.19848760905724,2024-10-24 20:31:22
2204,58,33,20,,,126.83472120554185,37.20934361370341,126.82905087720437,37.19972809767512,2024-10-24 20:32:07
2205,32,58,20,,,126.83135997484413,37.20195818831783,126.83514703991679,37.20887565496928,2024-10-24 20:32:12
2206,59,24,20,,,126.8324883195605,37.207696173115416,126.81751967435638,37.190346427385435,2024-10-24 20:32:14
2207,17,54,20,,,126.82641722845584,37.19581895300947,126.8335239773099,37.20997490228042,2024-10-24 20:32:20
2208,33,56,20,,,126.82877734251805,37.20031310162631,126.83574326624166,37.206186405929955,2024-10-24 20:32:31
2209,22,30,20,,,126.81622790848405,37.19484221213214,126.8317609731021,37.19984911159741,2024-10-24 20:32:47
2210,72,56,20,,,126.81237087265242,37.20670211513845,126.83537199719345,37.20662907379377,2024-10-24 20:33:40
2211,49,58,20,,,126.82805013239083,37.21367796450744,126.8347399161724,37.20832168572835,2024-10-24 20:33:54
2212,56,32,20,,,126.83444932685305,37.206315569705176,126.83160005146429,37.20192298503567,2024-10-24 20:34:03
2213,11,32,20,,,126.81475110826268,37.20912689294611,126.83185456411167,37.20168326247041,2024-10-24 20:34:23
2214,62,44,20,,,126.83776782584899,37.211508271147125,126.82005050891486,37.1889462507943,2024-10-24 20:34:31
2215,70,11,20,,,126.8386099315423,37.20870710828133,126.81406565906951,37.20844423989014,2024-10-24 20:34:46
2216,56,17,20,,,126.83454644760627,37.20642887624593,126.82561437578961,37.19685247859069,2024-10-24 20:35:57
2217,35,17,20,,,126.81840840649762,37.20259070284008,126.82666385077262,37.196933856134514,2024-10-24 20:36:04
2218,64,47,20,,,126.84333508820794,37.20274336621812,126.82785724070855,37.21119534618841,2024-10-24 20:36:42
2219,58,33,20,,,126.8358282696289,37.20892474592385,126.82841713638531,37.20072129566217,2024-10-24 20:36:47
2220,17,58,20,,,126.8266311395606,37.19629018329269,126.83544939810962,37.208336914303544,2024-10-24 20:37:19
2221,49,35,20,,,126.82700838760611,37.213620298946616,126.81823193730496,37.202420017954864,2024-10-24 20:37:38
2222,56,31,20,,,126.83465350967825,37.20506445855671,126.82837414373435,37.19848304505752,2024-10-24 20:37:44
2223,40,72,20,,,126.83192993462889,37.194006741094796,126.81189280855106,37.2070537581992,2024-10-24 20:38:08
2224,47,32,20,,,126.82793161706363,37.21165578366543,126.83106994991941,37.20227765316749,2024-10-24 20:38:29
2225,70,17,20,,,126.83786912048598,37.20957488458202,126.82726170658593,37.196786096023715,2024-10-24 20:38:30
2226,56,41,20,,,126.83558072930067,37.205964472244894,126.83412341769835,37.197891140614935,2024-10-24 20:38:48
2227,71,61,20,,,126.83994506298679,37.20484166165365,126.8330281288376,37.21507734654607,2024-10-24 20:38:59
2228,60,40,20,,,126.83238420725384,37.212595342296815,126.83186202967836,37.192786044580856,2024-10-24 20:39:16
2229,70,42,20,,,126.83873844660526,37.21034461190362,126.83214886786097,37.196195052655256,2024-10-24 20:40:51
2230,58,33,20,,,126.83435140642644,37.2079280483226,126.82854063850425,37.20067965874287,2024-10-24 20:40:59
2231,65,29,20,,,126.8340338605188,37.19953212752558,126.82601649789454,37.20202820624138,2024-10-24 20:41:20
2232,58,33,20,,,126.83480305103924,37.20903498352583,126.82961822980224,37.20048205796771,2024-10-24 20:41:26
2233,58,17,20,,,126.83603966604272,37.2085615503435,126.8259216333631,37.19665051927391,2024-10-24 20:41:39
2234,54,33,20,,,126.83240730576603,37.21115854360757,126.82918732303771,37.20005307412209,2024-10-24 20:42:01
2235,69,30,20,,,126.83826386388608,37.20662322270976,126.83172925692425,37.198509511051775,2024-10-24 20:43:03
2236,70,17,20,,,126.83745960695076,37.20944658360947,126.82685068581766,37.19612308476584,2024-10-24 20:44:19
2237,56,17,20,,,126.83440912741919,37.20479652696058,126.82639547795,37.19685693263275,2024-10-24 20:44:49
2238,22,17,20,,,126.81591586741958,37.19474350354547,126.82580632152754,37.19716889756693,2024-10-24 20:44:52
2239,32,59,20,,,126.83125806970865,37.20179737253648,126.83335803675821,37.20702593082171,2024-10-24 20:44:58
2240,23,24,20,,,126.82058507671327,37.191343484739185,126.8180575545622,37.19131225906511,2024-10-24 20:45:34
2241,37,29,20,,,126.82032722505083,37.196616015941586,126.82586395855117,37.20168164274979,2024-10-24 20:45:38
2242,17,39,20,,,126.82571517043645,37.197048976498166,126.8219227163982,37.200495383993015,2024-10-24 20:46:07
2243,56,33,20,,,126.83589051202435,37.20521775624532,126.82916194341952,37.200735305624626,2024-10-24 20:46:16
2244,9,29,20,,,126.81503587521901,37.204742362413484,126.82718212662213,37.20264810783054,2024-10-24 20:46:29
2245,56,41,20,,,126.83407980344286,37.206544853756846,126.83432140943954,37.19669582050927,2024-10-24 20:46:35
2246,58,33,20,,,126.83456281690869,37.20814676009501,126.82837947243453,37.20132723640324,2024-10-24 20:48:39
2247,58,19,20,,,126.83603648705359,37.207914559444454,126.82981675377512,37.19601877103129,2024-10-24 20:48:58
2248,56,41,20,,,126.83494655543052,37.20577952540163,126.83399838239757,37.19652105301788,2024-10-24 20:49:05
2249,28,36,20,,,126.82855658556676,37.203398020773896,126.82394631060097,37.19782096140356,2024-10-24 20:49:21
2250,58,33,20,,,126.8356583031416,37.207758803974066,126.83022463207575,37.20096420702005,2024-10-24 20:49:34
2251,40,17,20,,,126.83178330989352,37.19421538512389,126.82578589324785,37.19682594924865,2024-10-24 20:49:49
2252,33,56,20,,,126.82850735425963,37.19998414221301,126.83577719752601,37.20485536016364,2024-10-24 20:50:01
2253,56,17,20,,,126.83570401005909,37.2062697689645,126.82629270312144,37.197487160556356,2024-10-24 20:50:11
2254,52,33,20,,,126.83062335191694,37.21659580245673,126.82906872899889,37.200440032444355,2024-10-24 20:50:22
2255,56,41,20,,,126.83438518352101,37.20662814544615,126.83379720058844,37.198011380466355,2024-10-24 20:50:54
2256,56,33,20,,,126.83412715011758,37.204757156479374,126.82975686742778,37.20044200398997,2024-10-24 20:51:21
2257,54,33,20,,,126.833258250109,37.21097014517043,126.83029615085044,37.20080188008761,2024-10-24 20:51:22
2258,33,56,20,,,126.83015902497483,37.20161242231902,126.83440969740613,37.204766772583206,2024-10-24 20:51:35
2259,43,30,20,,,126.82403025049257,37.19038510640453,126.83092086863303,37.198402163172005,2024-10-24 20:51:42
2260,42,70,20,,,126.8309593504725,37.19523417709344,126.83747795153913,37.210173054055375,2024-10-24 20:52:12
2261,11,34,20,,,126.81483762416292,37.20809897056023,126.82131291785596,37.203284663856586,2024-10-24 20:52:20
2262,37,72,20,,,126.82135390835238,37.19723965845123,126.81101247586217,37.206319932305696,2024-10-24 20:52:51
2263,51,36,20,,,126.81976303646991,37.211042115469255,126.82430891627446,37.199224921289115,2024-10-24 20:53:22
2264,64,14,20,,,126.84265524124197,37.203091178817864,126.81872159072103,37.208257573089604,2024-10-24 20:53:40
2265,58,19,20,,,126.83587119021263,37.20801094328726,126.82912686547537,37.19428927371732,2024-10-24 20:53:42
2266,33,56,20,,,126.83011386199631,37.20013901723628,126.83569367541044,37.204990915210864,2024-10-24 20:54:18
2267,58,33,20,,,126.83556461541032,37.208084866133746,126.82988120767364,37.20114986969838,2024-10-24 20:55:09
2268,26,2,20,,,126.81740908554755,37.19337735649012,126.82206028155215,37.2057837933209,2024-10-24 20:55:32
2269,70,33,20,,,126.83858350153122,37.21042963461679,126.82917534868216,37.20112775263054,2024-10-24 20:55:34
2270,42,70,20,,,126.83239543051523,37.196996628193055,126.83822527982699,37.20904229299312,2024-10-24 20:56:04
2271,69,30,20,,,126.83777721054581,37.20752042306463,126.83276331303675,37.199164187956306,2024-10-24 20:56:18
2272,56,33,20,,,126.83564021429154,37.20588598033529,126.83017140632987,37.201231008223104,2024-10-24 20:56:36
2273,33,58,20,,,126.82866240785518,37.19972470177146,126.8350320987311,37.207673976615304,2024-10-24 20:57:23
2274,58,14,20,,,126.83495030124577,37.20857187142275,126.81863012198973,37.207763145899655,2024-10-24 20:57:38
2275,51,34,20,,,126.81915017502158,37.21117228873184,126.82076084552446,37.2039167398242,2024-10-24 20:58:00
2276,29,68,20,,,126.82655115414344,37.20240692880615,126.83961209472758,37.202585293659745,2024-10-24 20:58:46
2277,69,30,20,,,126.83745709427049,37.20579186661786,126.8327549117971,37.19931102189853,2024-10-24 20:59:21
2278,41,33,20,,,126.83339208793934,37.196337690513175,126.82891072734364,37.20123055757903,2024-10-24 20:59:39
2279,11,17,20,,,126.81351799584971,37.20892483800969,126.82679388622297,37.19682278303421,2024-10-24 20:59:47
2280,11,58,20,,,126.81483658159878,37.20784381969022,126.83493896372129,37.20824397324686,2024-10-24 20:59:55
2281,10,17,20,,,126.8177281982002,37.20890479341356,126.82694339020277,37.1971002922395,2024-10-24 20:59:59
2282,57,61,21,,,126.83162423975169,37.20487933820552,126.8327354835886,37.21516912600862,2024-10-24 21:00:03
2283,58,19,21,,,126.83563644838931,37.20867978764946,126.82915734365565,37.19586400075859,2024-10-24 21:00:06
2284,36,10,21,,,126.82492320829306,37.199071062178234,126.81761688476942,37.20852093887751,2024-10-24 21:00:10
2285,54,33,21,,,126.83279300719883,37.209815803539286,126.82924677793551,37.1999012120074,2024-10-24 21:00:13
2286,33,56,21,,,126.82868962223148,37.20028946388363,126.83498419269701,37.20603100963663,2024-10-24 21:00:22
2287,33,56,21,,,126.82981057090261,37.199989969092876,126.83478393222786,37.204975313240155,2024-10-24 21:00:55
2288,17,54,21,,,126.82706612248417,37.195799123809415,126.83197558353845,37.21040321821591,2024-10-24 21:01:22
2289,56,17,21,,,126.8354862030656,37.20617636443023,126.82615467856402,37.19620469194562,2024-10-24 21:01:22
2290,14,69,21,,,126.81998127182686,37.20829496917834,126.83759725318265,37.206776826045406,2024-10-24 21:02:27
2291,56,31,21,,,126.8350791756776,37.20654224954885,126.82922764387965,37.19716169409187,2024-10-24 21:02:30
2292,4,15,21,,,126.82302034481323,37.20855180632056,126.81642172376235,37.20711135199444,2024-10-24 21:02:37
2293,37,72,21,,,126.82187521544192,37.19669755356541,126.81158524530504,37.20702681355054,2024-10-24 21:03:33
2294,11,30,21,,,126.8147822849469,37.20779376778399,126.83241209399843,37.198610611882195,2024-10-24 21:03:43
2295,58,19,21,,,126.83547283282493,37.208152388972124,126.82791998165816,37.195975280089876,2024-10-24 21:04:53
2296,1,13,21,,,126.81613038590314,37.19773151505048,126.81682442940911,37.203259908412214,2024-10-24 21:05:04
2297,42,70,21,,,126.83223526629887,37.19688196437331,126.83870971306484,37.21045024954526,2024-10-24 21:05:20
2298,56,17,21,,,126.83579520436588,37.206397316070166,126.82676740063576,37.19638520488351,2024-10-24 21:05:32
2299,33,54,21,,,126.82916567742889,37.20150824364726,126.83192645339166,37.209348483381724,2024-10-24 21:05:33
2300,29,6,21,,,126.82619199740529,37.20159129563361,126.82437230557,37.20486478829215,2024-10-24 21:05:42
2301,69,30,21,,,126.83684636379684,37.206793685681,126.83176194541873,37.198220217403104,2024-10-24 21:05:44
2302,17,54,21,,,126.82641463877228,37.19592269440556,126.83313716608765,37.21060045297827,2024-10-24 21:05:47
2303,56,17,21,,,126.83408156501622,37.205007921235605,126.82665886932942,37.19640464281877,2024-10-24 21:06:10
2304,56,32,21,,,126.83433017368098,37.20566946420322,126.83152091759911,37.20118301456149,2024-10-24 21:06:11
2305,10,17,21,,,126.81793601501526,37.20877612339655,126.82693349268352,37.19756327703681,2024-10-24 21:06:35
2306,58,19,21,,,126.83550665234621,37.20840025599102,126.82969185521053,37.1954323882541,2024-10-24 21:06:49
2307,70,17,21,,,126.83877926617323,37.20930335528919,126.82726050054868,37.19592716997325,2024-10-24 21:06:54
2308,69,30,21,,,126.83666747924299,37.206438204244705,126.83127229826488,37.19940828938065,2024-10-24 21:07:37
2309,33,56,21,,,126.82916263782738,37.19974390675997,126.83551503696917,37.20498436346679,2024-10-24 21:07:45
2310,56,33,21,,,126.83517095703753,37.2056769789316,126.8292487671216,37.200616202501024,2024-10-24 21:07:52
2311,70,33,21,,,126.83796052344404,37.210126818888256,126.82954543632057,37.2016556196809,2024-10-24 21:07:56
2312,33,56,21,,,126.82890272069073,37.20053674166938,126.83526209602752,37.206486859728,2024-10-24 21:08:01
2313,10,17,21,,,126.81697765458108,37.20988562590235,126.82638396820212,37.19737908286104,2024-10-24 21:08:44
2314,56,41,21,,,126.83548586854867,37.20596973213146,126.83341659762532,37.19630355547553,2024-10-24 21:08:52
2315,58,32,21,,,126.83422157530805,37.20845855397739,126.83118492647442,37.201350380559035,2024-10-24 21:09:25
2316,37,69,21,,,126.82121167466786,37.196710270375114,126.83674982939819,37.20572420902034,2024-10-24 21:10:00
2317,54,33,21,,,126.83183982582509,37.210651388626715,126.8288653242879,37.20055258060608,2024-10-24 21:10:04
2318,58,33,21,,,126.83528244388863,37.20809670615861,126.82922365750902,37.20043376343525,2024-10-24 21:10:58
2319,33,58,21,,,126.82851891762719,37.200191658098426,126.83530771359275,37.20905242356419,2024-10-24 21:12:10
2320,10,17,21,,,126.81769156081545,37.21009404164037,126.82674157105001,37.19751971838764,2024-10-24 21:12:17
2321,58,19,21,,,126.83453972343266,37.20793102176748,126.82835565416384,37.19421516254621,2024-10-24 21:12:36
2322,70,33,21,,,126.83816161248028,37.20909323692075,126.83013376619705,37.20087502800072,2024-10-24 21:12:40
2323,44,5,21,,,126.81994782044563,37.18874285658648,126.826098794012,37.20571127370502,2024-10-24 21:13:02
2324,54,33,21,,,126.83249039144933,37.2105709079057,126.82999852143499,37.20093638228543,2024-10-24 21:13:33
2325,19,10,21,,,126.82980471389614,37.194234187194574,126.81676333856242,37.209490664703026,2024-10-24 21:13:50
2326,29,48,21,,,126.82665987612559,37.20156829511881,126.83048164468003,37.21542001449939,2024-10-24 21:17:03
2327,45,63,21,,,126.8241787594032,37.212129983622916,126.83441830220592,37.2114187920448,2024-10-24 21:17:16
2328,33,56,21,,,126.83013729481715,37.20023415801702,126.83536737593562,37.20549525059727,2024-10-24 21:18:44
2329,69,30,21,,,126.8375103162959,37.20641448784325,126.83261259509437,37.19916541103075,2024-10-24 21:18:45
2330,58,19,21,,,126.83559382368439,37.209098236754414,126.82865388983925,37.194884013636766,2024-10-24 21:19:19
2331,33,56,21,,,126.82872319706003,37.20071228534554,126.83533767930815,37.20587091893472,2024-10-24 21:19:48
2332,41,31,21,,,126.8334703933196,37.19719670548906,126.82884484037345,37.19797057590896,2024-10-24 21:20:39
2333,56,33,21,,,126.83500228592129,37.20496841057927,126.82919229080011,37.20116987321853,2024-10-24 21:20:54
2334,11,58,21,,,126.81376853134431,37.20815240600985,126.83520510566547,37.209209898553546,2024-10-24 21:21:03
2335,31,54,21,,,126.82975886811465,37.198331307897284,126.83304988362599,37.20926649391377,2024-10-24 21:21:15
2336,11,17,21,,,126.81494397233925,37.2080795914854,126.8259270182128,37.19662003880293,2024-10-24 21:21:40
2337,70,33,21,,,126.83726838274198,37.208733824693475,126.82875638880444,37.20108379988406,2024-10-24 21:21:43
2338,56,33,21,,,126.83466455002208,37.205387484788254,126.8283819729487,37.200842564427845,2024-10-24 21:22:02
2339,69,30,21,,,126.836887755436,37.206469305938015,126.83205067379568,37.19988461543391,2024-10-24 21:22:17
2340,33,56,21,,,126.82956421890576,37.199855211999406,126.83404227371135,37.20583182821497,2024-10-24 21:22:35
2341,56,32,21,,,126.83491626021186,37.20604222694579,126.83258781582938,37.20240622008729,2024-10-24 21:23:21
2342,43,33,21,,,126.82270127005498,37.1905154171562,126.83031007360316,37.200785370909784,2024-10-24 21:23:37
2343,43,2,21,,,126.82400598701082,37.18941445896685,126.8224733529503,37.206580373387375,2024-10-24 21:23:46
2344,69,30,21,,,126.83748779483936,37.206557835748015,126.83084627498158,37.19852629546461,2024-10-24 21:24:21
2345,59,41,21,,,126.83180532669297,37.20660112187541,126.83475502189181,37.197044085527736,2024-10-24 21:24:54
2346,67,57,21,,,126.8348830563825,37.20192737131625,126.83207483175478,37.20430071383937,2024-10-24 21:25:03
2347,33,58,21,,,126.82912081009565,37.20091478473641,126.83521511345572,37.207968153370594,2024-10-24 21:25:04
2348,45,29,21,,,126.82506989211483,37.21341325016172,126.82639954164007,37.20142650656857,2024-10-24 21:25:10
2349,50,63,21,,,126.82316790444325,37.21055818761543,126.83582984155657,37.21058081370982,2024-10-24 21:25:13
2350,14,36,21,,,126.81890225839895,37.20726700947981,126.82482506143421,37.19897100104498,2024-10-24 21:25:31
2351,17,53,21,,,126.8256680058252,37.19708019215916,126.82930243479193,37.206777949770206,2024-10-24 21:25:47
2352,9,46,21,,,126.81357196385476,37.2057039596782,126.83027160369126,37.21162558250378,2024-10-24 21:25:57
2353,58,33,21,,,126.8349845021092,37.20876674447204,126.82908790440887,37.200235711112754,2024-10-24 21:26:13
2354,42,13,21,,,126.8312608671211,37.19652788233832,126.8161971253736,37.20438499120409,2024-10-24 21:26:19
2355,58,19,21,,,126.83565916806367,37.20771565938943,126.82941270999738,37.19430188129435,2024-10-24 21:26:27
2356,23,32,21,,,126.82133883590146,37.19269603681012,126.83190376647572,37.202175662189084,2024-10-24 21:26:52
2357,58,33,21,,,126.8358015444593,37.208823334155,126.82847955432072,37.20059562826908,2024-10-24 21:27:11
2358,56,33,21,,,126.83585026105231,37.2052432658886,126.8298406193596,37.2014206482907,2024-10-24 21:27:23
2359,10,17,21,,,126.81606810220735,37.2097127062021,126.82583583179334,37.196305487972644,2024-10-24 21:28:07
2360,10,17,21,,,126.81666097120535,37.2102769866258,126.82563725780595,37.19709447662126,2024-10-24 21:28:38
2361,59,3,21,,,126.83271588192358,37.206895075695826,126.82544524799698,37.20997336673094,2024-10-24 21:29:00
2362,19,54,21,,,126.829799961778,37.194220953547195,126.83263858746277,37.21031546701153,2024-10-24 21:29:19
2363,64,66,21,,,126.84207998464416,37.20235056555454,126.83734903870499,37.20315104445962,2024-10-24 21:29:41
2364,44,51,21,,,126.81997958645903,37.1886999245105,126.81935156783719,37.21059176594634,2024-10-24 21:30:10
2365,51,24,21,,,126.81881931569266,37.21069434544165,126.81821779413741,37.189907499594746,2024-10-24 21:30:16
2366,59,14,21,,,126.83300965462635,37.20738190076904,126.82015936501578,37.20802805220766,2024-10-24 21:30:44
2367,33,21,21,,,126.82934313560871,37.20108351920815,126.81956219191807,37.197060178663314,2024-10-24 21:31:29
2368,10,17,21,,,126.81733140283218,37.21025089339424,126.82620179806591,37.19646479739248,2024-10-24 21:31:43
2369,70,33,21,,,126.83868968973086,37.20896994783124,126.82969199994389,37.20021535637147,2024-10-24 21:32:17
2370,47,65,21,,,126.82782053239254,37.211347007931494,126.83366786470485,37.200102744292565,2024-10-24 21:32:19
2371,56,33,21,,,126.835204492335,37.205312344249045,126.83014057102355,37.19986619824,2024-10-24 21:32:27
2372,58,33,21,,,126.83547346932299,37.208766289074376,126.82842329595456,37.200510696999274,2024-10-24 21:33:11
2373,33,56,21,,,126.83006270347373,37.19994551364253,126.83392724675971,37.205479213979736,2024-10-24 21:33:15
2374,10,17,21,,,126.81679459722456,37.209931754693145,126.82636753755139,37.196483895984976,2024-10-24 21:33:27
2375,6,72,21,,,126.82378982858218,37.20370033221061,126.81254353266614,37.20792772996933,2024-10-24 21:33:54
2376,56,33,21,,,126.83476051816596,37.204858629924274,126.82946924936391,37.20020450482744,2024-10-24 21:34:36
2377,3,1,21,,,126.82398858821503,37.21011025758891,126.81690081057594,37.19845315876893,2024-10-24 21:35:00
2378,33,56,21,,,126.82925849345038,37.200874818428595,126.83456908405307,37.20506415355697,2024-10-24 21:35:27
2379,33,56,21,,,126.83009336356395,37.20031055514981,126.83424062105323,37.20577054005926,2024-10-24 21:35:40
2380,70,33,21,,,126.83730623800469,37.21024801659773,126.82906274615105,37.20126369106392,2024-10-24 21:36:48
2381,26,5,21,,,126.81797436386978,37.1927455874811,126.82733727682673,37.20450355923401,2024-10-24 21:38:26
2382,24,29,21,,,126.81792432440282,37.1916629298635,126.82659312923296,37.20186474865892,2024-10-24 21:39:26
2383,61,55,21,,,126.83315022265694,37.215340662244074,126.83073095984734,37.20934155670987,2024-10-24 21:40:17
2384,56,33,21,,,126.83493313840869,37.20470002963479,126.83008746386976,37.20151049005983,2024-10-24 21:40:29
2385,31,58,21,,,126.82810136480954,37.1976633542054,126.8356431553299,37.2088394492794,2024-10-24 21:40:52
2386,11,58,21,,,126.81522646837853,37.208336667937004,126.83489145572622,37.20750088998853,2024-10-24 21:41:17
2387,58,19,21,,,126.8346033946331,37.20781497466691,126.82886910098168,37.19475938963394,2024-10-24 21:41:32
2388,9,25,21,,,126.81345876233195,37.20485900085318,126.82056322856984,37.194444661395146,2024-10-24 21:41:43
2389,70,42,21,,,126.83824280040746,37.2091151919225,126.83172671218605,37.196769343108485,2024-10-24 21:41:44
2390,56,33,21,,,126.83506066011026,37.20555581064503,126.82911294033852,37.20053571981831,2024-10-24 21:42:05
2391,6,56,21,,,126.8236664319911,37.203151074039795,126.8357950544449,37.20539533740678,2024-10-24 21:42:49
2392,72,56,21,,,126.81172478299803,37.207366463595335,126.83502404395352,37.205594125067044,2024-10-24 21:43:20
2393,33,56,21,,,126.82876633239819,37.200784095042664,126.8357644887058,37.20590056279909,2024-10-24 21:43:26
2394,45,39,21,,,126.82502177513994,37.21213153879775,126.82187543046463,37.199326739843194,2024-10-24 21:44:11
2395,13,6,21,,,126.81598410830975,37.2028061227702,126.82536311723928,37.20420607818876,2024-10-24 21:44:42
2396,70,33,21,,,126.83735283975864,37.208799063184976,126.83026606862215,37.200863941766144,2024-10-24 21:44:51
2397,33,58,21,,,126.82949955163146,37.20007095908784,126.83456596240822,37.207664607167956,2024-10-24 21:45:00
2398,58,19,21,,,126.83506004744335,37.20821123776061,126.82970008858821,37.19452031277254,2024-10-24 21:45:37
2399,6,63,21,,,126.82433291346463,37.20352648946956,126.83473165893135,37.211243444552565,2024-10-24 21:45:58
2400,69,30,21,,,126.83823259322693,37.20631600418832,126.83113250119005,37.19901642576441,2024-10-24 21:46:04
2401,70,33,21,,,126.83682883529843,37.20910935431131,126.82987837452826,37.20008005554552,2024-10-24 21:46:17
2402,58,19,21,,,126.83568429650929,37.208569351064604,126.82818484872733,37.194044718322225,2024-10-24 21:46:44
2403,58,33,21,,,126.83544481667676,37.20892399591831,126.82992810461457,37.20047472996267,2024-10-24 21:46:50
2404,42,70,21,,,126.83192161902727,37.196693323266906,126.83768955994495,37.209655339468014,2024-10-24 21:47:27
2405,56,31,21,,,126.8340935538245,37.20552211594072,126.8288174476668,37.19756059184464,2024-10-24 21:47:37
2406,56,41,21,,,126.83430565399448,37.2065286119568,126.83473950051085,37.19814081078353,2024-10-24 21:47:37
2407,56,33,21,,,126.83462649800278,37.20485214522515,126.82863177437731,37.2014678309814,2024-10-24 21:47:52
2408,56,32,21,,,126.83520074567505,37.20551062608868,126.83157660377756,37.202110540235715,2024-10-24 21:47:56
2409,22,27,21,,,126.81538206550096,37.19532854756194,126.82662361252086,37.19861948379959,2024-10-24 21:47:58
2410,56,17,21,,,126.83446665649913,37.205217072405986,126.82623358499232,37.19689972015646,2024-10-24 21:48:11
2411,47,42,21,,,126.82851989855759,37.21170228561278,126.83153148482761,37.196379873320915,2024-10-24 21:49:01
2412,70,33,21,,,126.83858458392311,37.20984532016629,126.8291811439441,37.20133948949889,2024-10-24 21:49:15
2413,53,1,21,,,126.82979511836875,37.20718550024654,126.81592261172716,37.19895837394214,2024-10-24 21:49:17
2414,19,10,21,,,126.82864843691814,37.195211220340724,126.81772878323186,37.210001205771555,2024-10-24 21:50:14
2415,33,56,21,,,126.83001906572687,37.20110604337892,126.83495748661622,37.2049135977858,2024-10-24 21:50:58
2416,70,33,21,,,126.83762021237516,37.20914350124829,126.82980780743958,37.20003364356828,2024-10-24 21:51:08
2417,34,9,21,,,126.82185944930949,37.202820139787505,126.81431208269568,37.20614870734981,2024-10-24 21:52:17
2418,17,12,21,,,126.82547317547393,37.19714578030332,126.819873403263,37.205288492458735,2024-10-24 21:52:43
2419,56,31,21,,,126.8348080759976,37.20592657111461,126.82975368215322,37.198112338453086,2024-10-24 21:52:43
2420,11,58,21,,,126.81522166684061,37.20850770632756,126.83479244782227,37.20868526254487,2024-10-24 21:53:13
2421,11,64,21,,,126.81515036838121,37.20866659435796,126.84262234511421,37.20378716245925,2024-10-24 21:53:16
2422,19,10,21,,,126.82889090038094,37.194682282220604,126.81655827659277,37.208385126242874,2024-10-24 21:53:34
2423,16,33,21,,,126.82281135578624,37.19284349307924,126.8287742838558,37.20026871573511,2024-10-24 21:54:01
2424,56,41,21,,,126.83551170895608,37.20617456551693,126.83356648448901,37.197113382317866,2024-10-24 21:54:07
2425,32,59,21,,,126.83199885670238,37.20172395849816,126.83191912624024,37.20829672816471,2024-10-24 21:54:15
2426,36,1,21,,,126.82417680822662,37.198978863398644,126.81553487897924,37.198895743107094,2024-10-24 21:55:06
2427,58,33,21,,,126.83465511846485,37.208419958715915,126.82867330928903,37.20157581700563,2024-10-24 21:56:03
2428,33,56,21,,,126.82894964943469,37.200613523702444,126.83484971658083,37.20500137085533,2024-10-24 21:56:37
2429,42,70,21,,,126.8308366518569,37.19567086668741,126.83770202683513,37.209414015783274,2024-10-24 21:56:54
2430,56,33,21,,,126.8353554746176,37.2051300967432,126.82927938856218,37.200867666706976,2024-10-24 21:56:56
2431,69,30,21,,,126.83823522582253,37.207588247911076,126.83085632679055,37.19906906532617,2024-10-24 21:56:59
2432,56,27,21,,,126.83567586686603,37.20501940987507,126.82621940743003,37.19893928290968,2024-10-24 21:57:01
2433,56,17,21,,,126.83504110828527,37.20603550366282,126.82563814282676,37.196695650985696,2024-10-24 21:57:04
2434,54,33,21,,,126.83179485523658,37.210528919416134,126.82983685952195,37.20005166273599,2024-10-24 21:57:11
2435,13,19,21,,,126.81728262719625,37.2037790899758,126.82946875990808,37.19449349769379,2024-10-24 21:57:13
2436,30,68,21,,,126.83123990434571,37.199064207179596,126.8393348937739,37.202707661384046,2024-10-24 21:57:19
2437,4,24,21,,,126.8228308788907,37.2088013916445,126.81902799225605,37.190964710266314,2024-10-24 21:57:26
2438,52,57,21,,,126.83145447818451,37.21835894569462,126.83319596723175,37.203900548097536,2024-10-24 21:57:54
2439,11,17,21,,,126.81344751777432,37.208822789105575,126.82592882995205,37.197313237557196,2024-10-24 21:58:05
2440,51,34,21,,,126.81992267232859,37.20980775388714,126.82238268494196,37.202087595663414,2024-10-24 21:58:12
2441,8,28,21,,,126.82404491510513,37.207397160803104,126.82951972774684,37.20334995798431,2024-10-24 21:58:30
2442,56,17,21,,,126.83542039479514,37.205025091411784,126.82551229005509,37.196035109871815,2024-10-24 21:59:01
2443,60,15,21,,,126.83219692370331,37.21335864949822,126.81765502351716,37.20619718857524,2024-10-24 21:59:24
2444,50,70,21,,,126.8215450234138,37.212202399898906,126.83705758672907,37.21020765815942,2024-10-24 21:59:27
2445,56,33,22,,,126.83476302900233,37.20509337916547,126.82876005335045,37.200183488764665,2024-10-24 22:00:34
2446,58,33,22,,,126.834444596099,37.20771455120796,126.82983884905849,37.2010559232856,2024-10-24 22:00:37
2447,56,33,22,,,126.83449635728302,37.20544585142982,126.82909416837042,37.200913162358496,2024-10-24 22:01:27
2448,29,57,22,,,126.82659518821711,37.201842560642646,126.83180586327647,37.204287569472356,2024-10-24 22:01:46
2449,17,32,22,,,126.82632797862165,37.19618365478337,126.83220572374353,37.20123659866352,2024-10-24 22:02:06
2450,56,32,22,,,126.83565489147891,37.20656249581125,126.83207684455476,37.20140064474403,2024-10-24 22:02:11
2451,70,17,22,,,126.83729439185672,37.21021028748345,126.82542904446763,37.19656316743232,2024-10-24 22:02:19
2452,54,33,22,,,126.83245201445511,37.21075593038133,126.82972725069271,37.20158524627398,2024-10-24 22:03:08
2453,58,33,22,,,126.83455273066266,37.20865106357812,126.82890044253641,37.201145481293786,2024-10-24 22:04:10
2454,65,15,22,,,126.8344114688795,37.199236390798056,126.81749895021797,37.20748969477035,2024-10-24 22:04:31
2455,56,40,22,,,126.83453940220659,37.20529784138894,126.83074435735753,37.19276010560593,2024-10-24 22:04:43
2456,36,36,22,,,126.82317784662557,37.19789718400391,126.82333982632557,37.19767110476343,2024-10-24 22:04:59
2457,56,33,22,,,126.83477062316555,37.2061771498632,126.82921685055246,37.20021951268858,2024-10-24 22:04:59
2458,24,10,22,,,126.81854779293182,37.19062903271504,126.81752413826794,37.2098432672858,2024-10-24 22:05:03
2459,56,33,22,,,126.83484562329956,37.20579076977545,126.82869604829096,37.200966130862994,2024-10-24 22:05:59
2460,19,30,22,,,126.82839118731792,37.19432679623625,126.8322822005427,37.19958138595078,2024-10-24 22:07:04
2461,58,33,22,,,126.83419303972275,37.209031768165225,126.8291215819712,37.20007393665618,2024-10-24 22:07:28
2462,22,9,22,,,126.81562576643785,37.19570612818471,126.81338643248107,37.20575498090777,2024-10-24 22:07:37
2463,58,33,22,,,126.83416537038997,37.209348448288054,126.82915430128193,37.20042584113034,2024-10-24 22:07:38
2464,10,17,22,,,126.81644678787427,37.20853222198411,126.8265471094779,37.197753902054025,2024-10-24 22:08:25
2465,69,30,22,,,126.8367586325102,37.20617481896265,126.83158272189397,37.1981205071485,2024-10-24 22:09:44
2466,58,33,22,,,126.8357537188183,37.20894258794377,126.83007242820068,37.20002901224886,2024-10-24 22:10:20
2467,56,33,22,,,126.83420529731514,37.20502061404536,126.82851606636301,37.200282746194,2024-10-24 22:10:25
2468,11,70,22,,,126.81368116450746,37.209104954431226,126.83788406461095,37.209116344918854,2024-10-24 22:10:42
2469,63,33,22,,,126.83505478203121,37.210474660703106,126.82915403913456,37.2001111822246,2024-10-24 22:10:47
2470,33,56,22,,,126.8290740181112,37.20063377971344,126.83403823490049,37.20598040892691,2024-10-24 22:11:58
2471,33,58,22,,,126.8295325487943,37.199746248449046,126.8343157978616,37.20856260591141,2024-10-24 22:12:06
2472,10,40,22,,,126.81754392639186,37.210068048916945,126.83228453585316,37.19426866331414,2024-10-24 22:12:11
2473,33,58,22,,,126.83014920704674,37.2011324573685,126.83439817734845,37.20927093653709,2024-10-24 22:12:58
2474,39,29,22,,,126.82175429741893,37.20041678015158,126.82783796135415,37.202911603661704,2024-10-24 22:13:17
2475,58,19,22,,,126.83502670424345,37.208219487732144,126.82827745365395,37.19483318515905,2024-10-24 22:14:14
2476,58,33,22,,,126.83573266189559,37.20942895880949,126.82882484245081,37.20038549982274,2024-10-24 22:14:21
2477,33,56,22,,,126.8287628933563,37.2002843994335,126.83546475842779,37.205199550390276,2024-10-24 22:15:20
2478,72,33,22,,,126.81214407551246,37.20786247965965,126.83019865735321,37.199969885025006,2024-10-24 22:15:26
2479,10,17,22,,,126.81708536253291,37.20908883101158,126.82730325763085,37.196526497928936,2024-10-24 22:16:01
2480,17,45,22,,,126.82735123002108,37.197363147355304,126.82428661999569,37.2125820658399,2024-10-24 22:16:30
2481,24,6,22,,,126.81754979713462,37.19130365487201,126.82467675378864,37.20332938427142,2024-10-24 22:16:35
2482,54,33,22,,,126.83288529811044,37.209753759719156,126.82851715320945,37.2004158207887,2024-10-24 22:17:03
2483,40,19,22,,,126.83152945114288,37.19380901839559,126.82821925287078,37.195020039036244,2024-10-24 22:17:11
2484,17,54,22,,,126.82648030233945,37.19753635431854,126.83288584225706,37.21062506419825,2024-10-24 22:17:45
2485,56,17,22,,,126.83554334969351,37.20575626815743,126.82568655458134,37.19714878049976,2024-10-24 22:17:47
2486,69,30,22,,,126.83685766873565,37.207243502516,126.83209744848602,37.198774970672986,2024-10-24 22:18:12
2487,48,33,22,,,126.8299605441701,37.21420132090713,126.8299831514455,37.20153444282047,2024-10-24 22:18:23
2488,56,32,22,,,126.83517747739646,37.20579255023192,126.8321298393812,37.20221537233777,2024-10-24 22:19:17
2489,32,7,22,,,126.8326096230742,37.20105538729717,126.8275163311526,37.20728866234838,2024-10-24 22:20:07
2490,32,59,22,,,126.83102335920248,37.20104323144903,126.83246483068584,37.20710610118687,2024-10-24 22:20:40
2491,35,32,22,,,126.81847898736989,37.20109508863057,126.83216176664472,37.20191785950379,2024-10-24 22:20:40
2492,56,41,22,,,126.83589073696234,37.204969497111705,126.83507555684876,37.19666191297904,2024-10-24 22:20:40
2493,10,17,22,,,126.81664085328477,37.20892190842486,126.82546474858242,37.19711864298239,2024-10-24 22:20:45
2494,42,70,22,,,126.83227494363909,37.19530452910813,126.83819265105504,37.20922439274148,2024-10-24 22:20:47
2495,11,17,22,,,126.81458646257218,37.20879813266011,126.82677930720473,37.1970981093971,2024-10-24 22:21:48
2496,56,17,22,,,126.83483033708866,37.20557957209082,126.82676095705074,37.19643566443773,2024-10-24 22:21:55
2497,69,30,22,,,126.83751855286775,37.20714463621831,126.83180885354619,37.19911249808435,2024-10-24 22:22:26
2498,59,18,22,,,126.83238865221392,37.20643477137815,126.82300992096707,37.196158894269566,2024-10-24 22:22:38
2499,12,45,22,,,126.81955979280445,37.20531453148303,126.82426095157697,37.21294833951525,2024-10-24 22:22:48
2500,70,33,22,,,126.83719137199475,37.210532900709296,126.83005821560072,37.20034774885334,2024-10-24 22:23:01
2501,26,38,22,,,126.81824248836072,37.193118274717264,126.82456797162021,37.20189446033822,2024-10-24 22:23:22
2502,3,14,22,,,126.8245331438361,37.20944728659215,126.81939492330685,37.20749277138122,2024-10-24 22:23:24
2503,33,56,22,,,126.82948854422862,37.200953485903945,126.83495540454639,37.205645109872634,2024-10-24 22:23:29
2504,69,30,22,,,126.83793111844251,37.20763752598977,126.83176064824758,37.198123725348715,2024-10-24 22:24:57
2505,49,63,22,,,126.82741690278313,37.21295272903156,126.83584787708968,37.210982297351734,2024-10-24 22:25:18
2506,58,33,22,,,126.83466344215907,37.20927661630748,126.82988081117526,37.200307928334574,2024-10-24 22:25:28
2507,72,25,22,,,126.81200266095134,37.20649350166845,126.82175496257095,37.19487815737783,2024-10-24 22:25:33
2508,33,56,22,,,126.8292847649454,37.20139660024083,126.83495920345004,37.20498116104699,2024-10-24 22:25:48
2509,58,19,22,,,126.83438237810277,37.20863908899027,126.82887959578144,37.19597331631932,2024-10-24 22:25:58
2510,54,33,22,,,126.83279183294842,37.209844844759296,126.82874423308614,37.20006468715512,2024-10-24 22:26:06
2511,47,25,22,,,126.82823014997163,37.21141875818935,126.82035134625743,37.194828589157275,2024-10-24 22:27:02
2512,70,42,22,,,126.83858998174834,37.210179582540306,126.830834300707,37.19613720239358,2024-10-24 22:27:08
2513,72,41,22,,,126.81244378038909,37.206768994936965,126.83502328931611,37.19813997300826,2024-10-24 22:27:21
2514,8,40,22,,,126.82532112031058,37.206015126619235,126.83158951097664,37.194235345112595,2024-10-24 22:27:30
2515,51,13,22,,,126.81951224029707,37.20953000398086,126.8158430420955,37.20399927778005,2024-10-24 22:27:35
2516,59,47,22,,,126.8322017211064,37.2064707764974,126.82757584460315,37.21104415088786,2024-10-24 22:27:49
2517,54,37,22,,,126.83341978965785,37.21084209589134,126.82140892290806,37.19760322034569,2024-10-24 22:28:14
2518,37,58,22,,,126.82048379447077,37.198145881917284,126.83568787119754,37.20923168956875,2024-10-24 22:29:20
2519,70,33,22,,,126.8373773435886,37.20877516755578,126.83016204463961,37.201202804970926,2024-10-24 22:30:01
2520,42,70,22,,,126.83206410830894,37.19533833327224,126.83683176777113,37.20890388986201,2024-10-24 22:30:02
2521,33,56,22,,,126.82881021727009,37.200799187186675,126.83538760126498,37.205155063438276,2024-10-24 22:30:29
2522,50,8,22,,,126.82250594698083,37.211116547444206,126.82362788201036,37.20747598409637,2024-10-24 22:30:42
2523,56,33,22,,,126.83529390204153,37.205698347228385,126.82917906771948,37.20130619991789,2024-10-24 22:30:59
2524,54,33,22,,,126.8317108476717,37.2107275716926,126.82873149146148,37.20107446068376,2024-10-24 22:31:11
2525,36,21,22,,,126.82470831525843,37.19770087281405,126.819156713454,37.19544503844248,2024-10-24 22:31:41
2526,72,44,22,,,126.8120849624454,37.20681984463912,126.81973955021353,37.18857792817443,2024-10-24 22:31:56
2527,54,33,22,,,126.83317154084118,37.209462043961516,126.82986475919301,37.20031487389915,2024-10-24 22:32:12
2528,17,12,22,,,126.8272483908155,37.19764392201625,126.81883337541036,37.204434110078026,2024-10-24 22:32:14
2529,69,23,22,,,126.8384000204424,37.20666268924221,126.82112618368004,37.191049519264396,2024-10-24 22:32:30
2530,70,33,22,,,126.83750653673859,37.20950721901939,126.82994825235478,37.20092320870709,2024-10-24 22:32:49
2531,58,33,22,,,126.83484986017275,37.20893993860367,126.82914452911221,37.20165649798535,2024-10-24 22:33:23
2532,42,70,22,,,126.8320837248917,37.19572616079295,126.83818822583875,37.20948328057581,2024-10-24 22:34:15
2533,54,33,22,,,126.83221981446465,37.21007368079351,126.82863510927065,37.19981463669153,2024-10-24 22:34:20
2534,42,57,22,,,126.83111839526582,37.19608195246891,126.83175182648873,37.204852680283736,2024-10-24 22:34:37
2535,42,70,22,,,126.83087714560358,37.19605640581357,126.83768276303391,37.20867064824839,2024-10-24 22:34:47
2536,48,6,22,,,126.83074181460144,37.215706182523334,126.82495219247038,37.204712630128284,2024-10-24 22:35:15
2537,70,33,22,,,126.83838264173686,37.209065255990566,126.82836510135694,37.20051881190152,2024-10-24 22:35:26
2538,33,56,22,,,126.82979702910106,37.20146205221007,126.83397441076924,37.20537003995564,2024-10-24 22:35:46
2539,56,32,22,,,126.8358880158649,37.20476349200765,126.8321306549567,37.20149345344104,2024-10-24 22:36:04
2540,42,70,22,,,126.83110146055398,37.195613437159615,126.83743634123414,37.20966205793375,2024-10-24 22:36:19
2541,71,30,22,,,126.83951626072265,37.20471396883214,126.83183678497697,37.199825255768296,2024-10-24 22:36:23
2542,56,35,22,,,126.8355981263434,37.20584676223007,126.81910396737409,37.2025322848394,2024-10-24 22:36:24
2543,17,54,22,,,126.82628266168739,37.19719916867206,126.83179146096408,37.21084898215861,2024-10-24 22:36:27
2544,33,56,22,,,126.8293897315594,37.20135899410306,126.83550456532018,37.20480181387609,2024-10-24 22:36:30
2545,67,25,22,,,126.83539823127678,37.20270805595495,126.82003852419841,37.19522719293895,2024-10-24 22:36:38
2546,36,47,22,,,126.82414162138184,37.19868308408614,126.82654464035585,37.210447057854765,2024-10-24 22:37:01
2547,70,33,22,,,126.83727298331095,37.20879198563736,126.82853654731012,37.20058064974141,2024-10-24 22:37:05
2548,11,17,22,,,126.81482847309276,37.2080741656889,126.82660411652229,37.19660600023274,2024-10-24 22:37:33
2549,70,33,22,,,126.83707133170645,37.20996492000861,126.82921940302522,37.20036103135355,2024-10-24 22:37:34
2550,70,33,22,,,126.83698466768682,37.21050815269757,126.82932372082065,37.20139971784755,2024-10-24 22:37:46
2551,56,33,22,,,126.83497225458254,37.20620409571388,126.83000687206084,37.201262964818056,2024-10-24 22:38:06
2552,10,17,22,,,126.81617636110913,37.21030815673916,126.82646480294504,37.197265662033665,2024-10-24 22:38:19
2553,55,9,22,,,126.82947700279739,37.208288526795826,126.8146281066025,37.205587373245784,2024-10-24 22:38:21
2554,27,16,22,,,126.82570103202589,37.199135656694445,126.82354102336049,37.19215373515256,2024-10-24 22:38:47
2555,15,17,22,,,126.81715539548566,37.20677394744459,126.82545105847714,37.19767333240319,2024-10-24 22:38:51
2556,14,72,22,,,126.82036200624195,37.208068301243514,126.81114174865814,37.20682604269477,2024-10-24 22:38:57
2557,70,33,22,,,126.83880413076473,37.20935084300913,126.82883988265529,37.20057217005371,2024-10-24 22:39:24
2558,58,19,22,,,126.83437648697445,37.20890769128253,126.82810690576879,37.19554804147089,2024-10-24 22:39:28
2559,69,30,22,,,126.83829575138158,37.20719653593398,126.83237458760195,37.19942680065377,2024-10-24 22:39:33
2560,14,33,22,,,126.82041952298661,37.20791021373677,126.82958710712751,37.20048637047241,2024-10-24 22:39:36
2561,71,25,22,,,126.84018117963956,37.20554853191776,126.82013107138397,37.194669465779214,2024-10-24 22:41:01
2562,15,58,22,,,126.81709490145462,37.20728998215675,126.83585995601409,37.20856276932103,2024-10-24 22:41:03
2563,17,54,22,,,126.82714979036415,37.19744539114287,126.8321616153325,37.2110112317451,2024-10-24 22:41:14
2564,43,18,22,,,126.82361748460359,37.18947901800254,126.82310504747454,37.195336523446606,2024-10-24 22:41:36
2565,72,35,22,,,126.81104625939628,37.20702403356299,126.81996210762811,37.201071182768466,2024-10-24 22:41:37
2566,69,30,22,,,126.83704670134873,37.20593417170018,126.83209378354775,37.198300182280725,2024-10-24 22:41:59
2567,58,33,22,,,126.83444804485771,37.208288407342735,126.83018685655091,37.2000106228422,2024-10-24 22:42:09
2568,14,60,22,,,126.81969044033073,37.20705239047992,126.83205716089333,37.21301593418894,2024-10-24 22:42:14
2569,10,17,22,,,126.81725870738673,37.20950813611627,126.82623640543598,37.1968994251152,2024-10-24 22:42:39
2570,33,56,22,,,126.82897330353933,37.199863462904844,126.83501529866989,37.204777314747346,2024-10-24 22:42:45
2571,70,10,22,,,126.83721452550431,37.20863556616198,126.81629608604483,37.20870260727954,2024-10-24 22:43:08
2572,11,58,22,,,126.8139614614456,37.208780639580105,126.83491742620211,37.20852990869953,2024-10-24 22:43:13
2573,33,56,22,,,126.82999422764912,37.201478386919355,126.83547490458463,37.206334411162324,2024-10-24 22:43:35
2574,54,33,22,,,126.83274767984861,37.20987885835425,126.82888274403595,37.20054203161033,2024-10-24 22:43:39
2575,56,31,22,,,126.83470134567024,37.205464477193665,126.82818628343614,37.19782300070049,2024-10-24 22:43:50
2576,58,33,22,,,126.83422381845331,37.20925331699312,126.82866899014873,37.20136061248105,2024-10-24 22:44:11
2577,56,33,22,,,126.8349734582581,37.206178476970194,126.82871493648163,37.20097300826555,2024-10-24 22:46:02
2578,70,42,22,,,126.83685217167604,37.208983243481946,126.83125875685164,37.196582217802415,2024-10-24 22:46:27
2579,33,56,22,,,126.83002931859477,37.20153844973965,126.83534349035995,37.20509959915404,2024-10-24 22:47:05
2580,56,31,22,,,126.83511596349094,37.20516097093595,126.8283707611422,37.19871564813415,2024-10-24 22:48:03
2581,72,70,22,,,126.81126507785117,37.20728751683116,126.83804496773344,37.21038563360373,2024-10-24 22:48:21
2582,31,67,22,,,126.82935801042996,37.19716689052955,126.8345641246388,37.2027777939791,2024-10-24 22:48:52
2583,54,33,22,,,126.83333699189544,37.209705333155235,126.82916927007042,37.199713140860496,2024-10-24 22:48:55
2584,19,10,22,,,126.82912472551179,37.19588960855959,126.81758502417213,37.209218353953695,2024-10-24 22:48:55
2585,17,54,22,,,126.82541938607402,37.19769458829421,126.83302563317586,37.20925811963047,2024-10-24 22:49:17
2586,54,33,22,,,126.8331144163832,37.21015283989066,126.83025653972165,37.200605526382475,2024-10-24 22:49:20
2587,56,33,22,,,126.83456958859367,37.20494732992417,126.82946472091501,37.20002913050869,2024-10-24 22:50:26
2588,4,70,22,,,126.8222200895443,37.20868300036238,126.83759885570659,37.208879556119534,2024-10-24 22:50:41
2589,10,17,22,,,126.81795689125008,37.208385079027785,126.82638713319966,37.19688251921604,2024-10-24 22:52:13
2590,56,17,22,,,126.83548053112766,37.204778927106624,126.82603354192098,37.19719244562151,2024-10-24 22:52:33
2591,70,33,22,,,126.83814522933974,37.20963733087166,126.8289990234242,37.201001808234366,2024-10-24 22:52:42
2592,56,41,22,,,126.83418335403908,37.20535360882313,126.83411508220723,37.19799371454266,2024-10-24 22:52:43
2593,33,56,22,,,126.82870815778823,37.19990496570391,126.83504754569094,37.20564049978335,2024-10-24 22:53:52
2594,58,33,22,,,126.83507580238609,37.208238027024166,126.82886370563617,37.20156840115283,2024-10-24 22:55:18
2595,17,54,22,,,126.82705025096209,37.196566433714786,126.83239863495984,37.21073099752567,2024-10-24 22:55:24
2596,56,33,22,,,126.8346180203302,37.205791796122774,126.83004875962318,37.201426406344964,2024-10-24 22:56:04
2597,42,70,22,,,126.83210846744402,37.19548070449784,126.8372451660964,37.210065234595014,2024-10-24 22:56:09
2598,69,30,22,,,126.83698682873451,37.20742765222343,126.83103466005409,37.198369551027376,2024-10-24 22:56:44
2599,57,23,22,,,126.83127427445591,37.20545814839411,126.82152181136045,37.19252818761767,2024-10-24 22:56:56
2600,58,33,22,,,126.83459179714326,37.208762658277415,126.82961513866466,37.20106821073268,2024-10-24 22:57:52
2601,16,23,22,,,126.82341300256849,37.19370010671703,126.8202920657852,37.19223924225765,2024-10-24 22:58:02
2602,56,17,22,,,126.83545413568379,37.20536537851838,126.8258352450794,37.1972641866384,2024-10-24 22:58:15
2603,58,33,22,,,126.8348538643561,37.20765878664958,126.82844488458005,37.200285746314144,2024-10-24 22:58:32
2604,11,58,22,,,126.81483956762189,37.20806506525386,126.8359821801253,37.208031221451506,2024-10-24 22:58:38
2605,32,59,22,,,126.83227275042996,37.20151495807031,126.83187097165163,37.20643378700688,2024-10-24 22:58:39
2606,17,54,22,,,126.82634603789624,37.19680917527226,126.83323797388857,37.2099641056741,2024-10-24 22:59:11
2607,32,59,22,,,126.83181091503441,37.20273873976418,126.83178846781709,37.20761469758002,2024-10-24 22:59:24
