idx,o,d,hour,o_h3,d_h3,o_x,o_y,d_x,d_y,time
0,20,12,7,,,126.81564664060652,37.192644925411244,126.81897337311341,37.20401239712512,2024-10-24 07:00:02
1,33,56,7,,,126.83031118225912,37.2005823539096,126.83405525115032,37.20663511218866,2024-10-24 07:00:38
2,19,10,7,,,126.82809529260457,37.19539539557766,126.81751193271201,37.210107839239996,2024-10-24 07:00:47
3,58,33,7,,,126.83457627227018,37.207644761303236,126.82892668543768,37.20104935717495,2024-10-24 07:01:10
4,7,54,7,,,126.82676675409543,37.207218946655864,126.83279437855043,37.21039751195194,2024-10-24 07:02:02
5,58,19,7,,,126.83453180083397,37.20935787806756,126.82817095381017,37.19407558879179,2024-10-24 07:02:07
6,33,56,7,,,126.8291527232081,37.200904545885024,126.83495429513918,37.205810263871534,2024-10-24 07:02:42
7,58,33,7,,,126.83523979740283,37.20940724446433,126.82856683236334,37.201060617650185,2024-10-24 07:03:06
8,54,33,7,,,126.832622161113,37.209683159582,126.82845992983579,37.20136525825361,2024-10-24 07:03:09
9,70,17,7,,,126.83754229191744,37.20891469438153,126.82665643693056,37.19728252654971,2024-10-24 07:03:42
10,33,56,7,,,126.82939866378017,37.20082414344599,126.83402306025393,37.20613887041371,2024-10-24 07:03:59
11,11,58,7,,,126.81378170780339,37.207348782083976,126.83429266342308,37.20803743052933,2024-10-24 07:04:44
12,54,17,7,,,126.83351343013699,37.211091223465786,126.8267323943988,37.19701595106149,2024-10-24 07:04:46
13,31,58,7,,,126.8286471757981,37.19787859787823,126.83521154733204,37.208429483600426,2024-10-24 07:04:50
14,66,46,7,,,126.83795505301403,37.20302721764738,126.83085916201905,37.21211826302754,2024-10-24 07:04:52
15,25,12,7,,,126.82100906186844,37.193779649602426,126.81976861590955,37.20392708671142,2024-10-24 07:05:22
16,58,33,7,,,126.8344807065659,37.207772768788885,126.82831962482263,37.19981591260216,2024-10-24 07:05:32
17,70,17,7,,,126.8374652807717,37.209168563613076,126.82621396956027,37.197710009695214,2024-10-24 07:06:00
18,10,40,7,,,126.81669808855777,37.2090562211007,126.83041364373567,37.192828939629834,2024-10-24 07:06:36
19,32,59,7,,,126.8329977907065,37.20084768138083,126.83338564007917,37.20804983276745,2024-10-24 07:06:41
20,32,59,7,,,126.83245565294656,37.20086773006993,126.83166618562909,37.20797896261901,2024-10-24 07:06:43
21,6,1,7,,,126.82517704178117,37.20448853183814,126.81596010919716,37.1972511612843,2024-10-24 07:06:59
22,19,10,7,,,126.8284630787015,37.19577586589683,126.81722811753569,37.209616161329464,2024-10-24 07:07:15
23,33,56,7,,,126.83008048616402,37.19981627058451,126.83499991028653,37.20645077643607,2024-10-24 07:07:38
24,58,19,7,,,126.83446061108958,37.20901423837448,126.82902355858361,37.19465690659635,2024-10-24 07:07:49
25,66,44,7,,,126.83766506532837,37.203997066325776,126.82124307156491,37.189794764645775,2024-10-24 07:07:50
26,33,56,7,,,126.82979910674538,37.20144520827837,126.83447224225104,37.204953815112496,2024-10-24 07:07:52
27,58,33,7,,,126.83476417535725,37.208901223264775,126.83021602849821,37.20115154499164,2024-10-24 07:08:14
28,54,17,7,,,126.83227253296099,37.21063298301987,126.82622240526352,37.19638820956602,2024-10-24 07:08:30
29,58,19,7,,,126.83436185836146,37.20840577672402,126.82879625708547,37.19593034280158,2024-10-24 07:08:37
30,17,58,7,,,126.82558743827063,37.19678869282895,126.83435237772994,37.207552887352975,2024-10-24 07:09:26
31,56,41,7,,,126.83467480029299,37.204944580608974,126.83366370608114,37.196501565811936,2024-10-24 07:09:26
32,19,28,7,,,126.8281892871901,37.19478265646234,126.83038321360428,37.204388319916816,2024-10-24 07:10:26
33,11,58,7,,,126.81374492531363,37.2079974952509,126.83600638864466,37.20799261024622,2024-10-24 07:11:06
34,56,41,7,,,126.83574781294945,37.20632393061907,126.83430404758599,37.198157399233814,2024-10-24 07:11:16
35,37,72,7,,,126.82092511760303,37.19789673265467,126.81224633742758,37.20803763384615,2024-10-24 07:12:14
36,32,59,7,,,126.83189645286535,37.201126922538656,126.83200473785394,37.20722154087696,2024-10-24 07:13:04
37,58,19,7,,,126.83551430830111,37.207610647557814,126.82806999172949,37.19528931354835,2024-10-24 07:13:32
38,33,56,7,,,126.82964814019869,37.201029916240984,126.8350284967464,37.20535027656218,2024-10-24 07:14:20
39,33,56,7,,,126.82872146800207,37.20110100723864,126.83443669751138,37.20591139521072,2024-10-24 07:14:22
40,33,56,7,,,126.82857918651816,37.20067755225246,126.83404631233624,37.20534093696288,2024-10-24 07:14:33
41,58,33,7,,,126.83489383552154,37.20901004168152,126.82890897964245,37.20148279161961,2024-10-24 07:15:24
42,58,33,7,,,126.83473761464681,37.208180416740426,126.82856743929712,37.201081819835785,2024-10-24 07:15:31
43,11,58,7,,,126.81408616370216,37.208990100650176,126.83580130032253,37.20836547520686,2024-10-24 07:15:53
44,33,56,7,,,126.83019746563188,37.200473333967,126.83506656782313,37.205782270113225,2024-10-24 07:16:03
45,58,19,7,,,126.83527277875861,37.20895960716578,126.82853898235838,37.195371205698045,2024-10-24 07:16:38
46,33,56,7,,,126.82862976704213,37.20040483704184,126.8353158095583,37.20631040920223,2024-10-24 07:16:40
47,58,33,7,,,126.8356619663599,37.207695557726545,126.82989575503711,37.20087841816685,2024-10-24 07:16:56
48,32,59,7,,,126.83114999554643,37.20249547662991,126.83315958134955,37.20799382208675,2024-10-24 07:17:03
49,50,37,7,,,126.82225148920321,37.210589286742604,126.82187376840653,37.19746344440829,2024-10-24 07:17:23
50,58,19,7,,,126.83446865775598,37.20899245079884,126.82936204042251,37.19524932374493,2024-10-24 07:17:29
51,33,56,7,,,126.829746656979,37.20007430126321,126.8347003014017,37.20512029119818,2024-10-24 07:17:48
52,33,56,7,,,126.82919794440114,37.19998894681691,126.83503054343767,37.20605425418647,2024-10-24 07:17:52
53,17,56,7,,,126.82626248710086,37.1972636678649,126.83463272259554,37.20580998514284,2024-10-24 07:17:56
54,42,70,7,,,126.83174402636699,37.19519190755017,126.83839158955556,37.2092309035221,2024-10-24 07:18:07
55,69,30,7,,,126.83758184498024,37.20672465963468,126.83085476639776,37.198091812472356,2024-10-24 07:18:35
56,10,40,7,,,126.81792460325724,37.20864922133936,126.83051223453658,37.19297308698562,2024-10-24 07:18:58
57,42,70,7,,,126.83156969520807,37.19581768541362,126.83850605552568,37.20989856553546,2024-10-24 07:19:03
58,66,26,7,,,126.83727785853438,37.20431391668454,126.81920096631879,37.193902460418045,2024-10-24 07:19:18
59,54,33,7,,,126.83293777013608,37.21022437851367,126.82995112030649,37.20033615937518,2024-10-24 07:19:22
60,70,17,7,,,126.83761963770877,37.20986469637272,126.82547901370691,37.19729063978571,2024-10-24 07:19:40
61,69,30,7,,,126.83753165048209,37.2066020221778,126.83158006186773,37.19853911114964,2024-10-24 07:19:42
62,58,19,7,,,126.83594913177134,37.20861024805895,126.82974913031568,37.194785442676,2024-10-24 07:21:17
63,56,17,7,,,126.83569158155974,37.20654299850983,126.82684416736883,37.19699494488712,2024-10-24 07:21:39
64,70,10,7,,,126.83853419938794,37.20987979631778,126.81739752446079,37.208997869666895,2024-10-24 07:21:55
65,58,19,7,,,126.83579454150703,37.20916208092216,126.82962945148661,37.194208154553266,2024-10-24 07:22:00
66,58,19,7,,,126.83589235944125,37.208133655698276,126.82976859735832,37.19459134198843,2024-10-24 07:22:18
67,42,70,7,,,126.83078156736072,37.196993867436106,126.8371758688315,37.21048033052078,2024-10-24 07:22:36
68,31,54,7,,,126.82919806431501,37.19689235415863,126.83168627010252,37.21037035472266,2024-10-24 07:23:04
69,58,33,7,,,126.83532538948512,37.2080179715782,126.82942585543326,37.20142599755487,2024-10-24 07:23:14
70,58,19,7,,,126.83427031621015,37.20790709893357,126.82794670539369,37.19594939996271,2024-10-24 07:23:53
71,33,56,7,,,126.8299065179872,37.20146374584185,126.83570657898117,37.20636432445695,2024-10-24 07:24:53
72,31,54,7,,,126.82912537295223,37.19772648580644,126.83212128309862,37.20943548288558,2024-10-24 07:25:29
73,54,33,7,,,126.83347749951602,37.21054811038439,126.82891617312656,37.200896812696264,2024-10-24 07:25:52
74,42,70,7,,,126.83226807035969,37.19685972672127,126.83845190641034,37.20898439673383,2024-10-24 07:26:06
75,56,41,7,,,126.83581559038505,37.20634981519409,126.83473083166488,37.19703399784404,2024-10-24 07:26:37
76,56,41,7,,,126.8352347292218,37.205826704844206,126.83409302586624,37.196363850203106,2024-10-24 07:26:53
77,54,33,7,,,126.83298400444679,37.209681443373,126.82981620233066,37.19967687250064,2024-10-24 07:27:16
78,33,56,7,,,126.82864354762022,37.201470668595384,126.8346895732233,37.20464723004965,2024-10-24 07:27:22
79,54,33,7,,,126.83278071337989,37.210587891322234,126.82964413224585,37.20004946305034,2024-10-24 07:27:28
80,32,11,7,,,126.8324573774686,37.20168055405785,126.81529424167482,37.20860386241125,2024-10-24 07:28:03
81,54,33,7,,,126.83282323022337,37.21096574831194,126.82908223031221,37.20110247469536,2024-10-24 07:28:17
82,56,41,7,,,126.83499395198912,37.20545811803228,126.83364946910595,37.19702750374699,2024-10-24 07:28:19
83,56,41,7,,,126.83544832125274,37.20542187291828,126.8332748642404,37.19808807934596,2024-10-24 07:28:40
84,58,19,7,,,126.83429689193477,37.20796319766569,126.82894502721444,37.194073595331254,2024-10-24 07:28:46
85,69,30,7,,,126.83780168182344,37.20719278312702,126.83123289366084,37.19798265855333,2024-10-24 07:29:29
86,58,19,7,,,126.83540424968145,37.20938022973655,126.82928080640602,37.195692243379156,2024-10-24 07:29:35
87,58,19,7,,,126.83517657296312,37.207810928524296,126.82909801382671,37.19533574358518,2024-10-24 07:29:43
88,42,70,7,,,126.83157372997636,37.19632781086207,126.83797190928614,37.209309920165424,2024-10-24 07:29:47
89,63,58,7,,,126.83529727417643,37.21165317248031,126.83470928924844,37.20752393431289,2024-10-24 07:30:45
90,55,29,7,,,126.82991583593484,37.20837919468976,126.82697133656067,37.202462781335214,2024-10-24 07:31:09
91,11,17,7,,,126.81527214278005,37.20832958949957,126.82650970070883,37.19652670899602,2024-10-24 07:31:21
92,42,70,7,,,126.83219195661896,37.19581471000435,126.83726458029355,37.210282175370466,2024-10-24 07:31:25
93,11,58,7,,,126.81530495795336,37.20801604420018,126.83524697895679,37.20873865412183,2024-10-24 07:31:33
94,54,33,7,,,126.83359155243193,37.21078094529205,126.82963197486741,37.201137705756246,2024-10-24 07:32:18
95,58,33,7,,,126.83426376633948,37.207686828883574,126.82946831569036,37.200649275984944,2024-10-24 07:32:36
96,58,33,7,,,126.83450180681002,37.2083395921984,126.83019640057096,37.19976853629873,2024-10-24 07:32:40
97,56,41,7,,,126.83458098879551,37.20470096893284,126.8340444336652,37.197554239048834,2024-10-24 07:33:09
98,33,56,7,,,126.83013059146985,37.200168025368505,126.83517729860273,37.20474451708027,2024-10-24 07:33:21
99,58,32,7,,,126.83449675918357,37.20916056027475,126.83259489048334,37.201170744422136,2024-10-24 07:33:44
100,56,40,7,,,126.83572243916903,37.205496400806666,126.83064505866491,37.19319172511955,2024-10-24 07:34:27
101,58,19,7,,,126.83415838376958,37.208753741110236,126.82884659252858,37.19487494623883,2024-10-24 07:34:32
102,33,56,7,,,126.82868592329937,37.19982600579485,126.83525915481533,37.20583298950585,2024-10-24 07:34:40
103,70,17,7,,,126.83682103533404,37.21018938370528,126.82632957213625,37.19750837521024,2024-10-24 07:35:07
104,58,33,7,,,126.83430430539316,37.20935477975768,126.82929142907112,37.20110593219257,2024-10-24 07:35:16
105,69,30,7,,,126.8384264001174,37.207026734259316,126.83194570407996,37.198293907063004,2024-10-24 07:35:25
106,31,22,7,,,126.82893649715056,37.19859515172079,126.81597142960304,37.19468573616556,2024-10-24 07:36:01
107,58,19,7,,,126.83506282701251,37.20900793750287,126.82905113835673,37.19568629795399,2024-10-24 07:36:44
108,56,41,7,,,126.83570435240291,37.20624265563483,126.83378167095044,37.19717241423388,2024-10-24 07:37:16
109,54,33,7,,,126.83227963832309,37.21086092483245,126.82988579103238,37.20008614823413,2024-10-24 07:37:24
110,58,33,7,,,126.83553878935362,37.20812023719652,126.82881708072982,37.20020761571831,2024-10-24 07:37:34
111,33,56,7,,,126.82964105080735,37.200264540368764,126.8341773119369,37.2065207793008,2024-10-24 07:37:51
112,58,19,7,,,126.83482748699986,37.20902392529485,126.82860733087104,37.19489158478362,2024-10-24 07:38:38
113,58,33,7,,,126.83524002537926,37.208196695503446,126.83030753630534,37.200353297652654,2024-10-24 07:39:42
114,33,56,7,,,126.83015304763909,37.20061935989858,126.83402248886757,37.20570517156349,2024-10-24 07:39:52
115,58,33,7,,,126.83474383995788,37.20943871712306,126.8295335352019,37.200907837506506,2024-10-24 07:40:10
116,19,10,7,,,126.82892441780879,37.19602707151763,126.81773173651729,37.210280419094964,2024-10-24 07:40:40
117,54,33,7,,,126.83260186480506,37.21050288574125,126.8287416761794,37.20055010246297,2024-10-24 07:41:24
118,33,56,7,,,126.82992847326395,37.20163348948486,126.83524445611555,37.20570080067815,2024-10-24 07:41:45
119,19,10,7,,,126.8292271515456,37.1943547927606,126.81677971173617,37.2095310804012,2024-10-24 07:42:50
120,69,30,7,,,126.83853236501368,37.20735220516953,126.83159174101625,37.198870949558476,2024-10-24 07:43:20
121,5,71,7,,,126.82756055016807,37.204438678851226,126.8393344894896,37.204478440239136,2024-10-24 07:43:39
122,17,56,7,,,126.82593537977927,37.19668734394677,126.83503146597644,37.205136174308336,2024-10-24 07:43:53
123,11,58,7,,,126.81459586782847,37.20739993833582,126.83462270131955,37.208526934356186,2024-10-24 07:44:14
124,42,70,7,,,126.83120740775942,37.19550165273211,126.83875251140724,37.210268235182795,2024-10-24 07:45:03
125,33,56,7,,,126.82922872252256,37.200956784442035,126.835780198283,37.20650095595636,2024-10-24 07:45:51
126,69,30,7,,,126.83774674851075,37.20736655777096,126.83112542628527,37.1994571467769,2024-10-24 07:45:53
127,69,30,7,,,126.83774465275998,37.20739563250826,126.83277418966316,37.19983250132417,2024-10-24 07:46:01
128,11,70,7,,,126.81486253840727,37.207905698785495,126.83846233838716,37.208651405193834,2024-10-24 07:46:44
129,58,33,7,,,126.8344314746382,37.20756587275071,126.8289219444011,37.20079146205853,2024-10-24 07:46:51
130,53,56,7,,,126.83024633762533,37.20673575829552,126.83463717265168,37.20598417630181,2024-10-24 07:46:53
131,58,33,7,,,126.83456584874901,37.207828954287,126.8297634433796,37.20063418003879,2024-10-24 07:47:06
132,54,33,7,,,126.83177232519483,37.21022938999473,126.83001094607212,37.20016417942368,2024-10-24 07:47:30
133,70,17,7,,,126.83687647208403,37.20950895289264,126.82700424691282,37.19702968479561,2024-10-24 07:47:40
134,31,58,7,,,126.8285481048378,37.198112491553154,126.83585235026975,37.20926949462814,2024-10-24 07:48:19
135,72,56,7,,,126.81174354516371,37.206492758401666,126.83409514811068,37.20574742211105,2024-10-24 07:48:27
136,56,41,7,,,126.83445215992228,37.20521437559467,126.83431610477196,37.19683537441562,2024-10-24 07:48:42
137,10,17,7,,,126.81710006007403,37.20963803121529,126.82658415081403,37.19621052148568,2024-10-24 07:48:52
138,19,10,7,,,126.8283929672201,37.19578653463791,126.81636748087388,37.209339434565834,2024-10-24 07:49:17
139,31,59,7,,,126.82923230745682,37.19872131411978,126.83301688641319,37.207323119649914,2024-10-24 07:49:22
140,31,45,7,,,126.8295161192158,37.19823002090281,126.82540767932171,37.212379620561634,2024-10-24 07:49:49
141,58,33,7,,,126.83565855367796,37.20765712175167,126.828843565628,37.20091681292518,2024-10-24 07:50:31
142,54,33,7,,,126.83229272735315,37.209663211690895,126.82860898130191,37.201278908653514,2024-10-24 07:51:16
143,32,59,7,,,126.83133184799088,37.2024438961906,126.831875142163,37.20734905984819,2024-10-24 07:51:26
144,58,33,7,,,126.83508526569081,37.20793930247437,126.8292106224766,37.201089467677306,2024-10-24 07:51:45
145,70,17,7,,,126.83735284567568,37.20864275284911,126.82598167773625,37.1960316666995,2024-10-24 07:51:52
146,58,33,7,,,126.8346990768758,37.208507928340346,126.8287025085336,37.19986683508054,2024-10-24 07:51:53
147,56,41,7,,,126.83486268917324,37.20579429998657,126.83383302563166,37.19808143859365,2024-10-24 07:52:15
148,56,41,7,,,126.83487792374225,37.20619826896362,126.83411554551346,37.19667444700641,2024-10-24 07:52:16
149,28,9,7,,,126.82985784708853,37.20273284144455,126.81343278619899,37.206335604269384,2024-10-24 07:52:16
150,19,10,7,,,126.8280892934658,37.19531675235431,126.81691762452547,37.20920779284107,2024-10-24 07:52:28
151,54,33,7,,,126.83322872923809,37.210964404904864,126.82992249308977,37.200103465137985,2024-10-24 07:52:34
152,58,19,7,,,126.83550159754758,37.2080618199731,126.8294586435518,37.195645884684446,2024-10-24 07:52:44
153,33,56,7,,,126.82975108992801,37.200777319511175,126.83450214535911,37.2049525129435,2024-10-24 07:53:28
154,33,56,7,,,126.82888477183532,37.20123604157795,126.83536974034295,37.206036102300146,2024-10-24 07:53:31
155,66,27,7,,,126.83754937505996,37.204490437058446,126.82602518116755,37.20019287009533,2024-10-24 07:53:46
156,11,70,7,,,126.81386139300403,37.20788803941278,126.83870455262782,37.20896149498591,2024-10-24 07:54:57
157,32,11,7,,,126.83118787736267,37.20156062464475,126.81403450638527,37.20857509881569,2024-10-24 07:55:07
158,10,17,7,,,126.81752779184708,37.21007686298132,126.82625084824258,37.19608895887435,2024-10-24 07:55:15
159,33,56,7,,,126.8283213647556,37.20021914331231,126.83518295646272,37.206185157738986,2024-10-24 07:56:37
160,11,17,7,,,126.81509681474796,37.208514412915655,126.82579019662678,37.196492910293934,2024-10-24 07:56:37
161,24,7,7,,,126.81760853178692,37.191326098283135,126.82743614619602,37.20751329936103,2024-10-24 07:56:46
162,33,56,7,,,126.82941932357092,37.200404214833384,126.83399238742446,37.20550249271871,2024-10-24 07:56:58
163,56,41,7,,,126.83442711280505,37.2055922681666,126.83451112320047,37.1966904347538,2024-10-24 07:58:48
164,42,70,7,,,126.83104721833925,37.19658550823311,126.83822128957543,37.2088579249847,2024-10-24 07:58:59
165,33,70,7,,,126.82991404743723,37.199990786398565,126.83764332201984,37.20889363403938,2024-10-24 07:59:01
166,56,41,7,,,126.83400929897509,37.20556631618105,126.83365912089535,37.196954163007156,2024-10-24 07:59:10
167,58,33,7,,,126.83433825476283,37.208964238953705,126.82888295203169,37.19969031367111,2024-10-24 07:59:17
168,33,70,7,,,126.82955559639773,37.200478537644024,126.83867849523052,37.2088486359754,2024-10-24 07:59:42
169,12,14,7,,,126.81867266466715,37.20522449021592,126.82024039451107,37.20760246777309,2024-10-24 07:59:49
170,10,40,8,,,126.81660728881236,37.2089039403063,126.83232454751628,37.19347377334022,2024-10-24 08:00:10
171,53,28,8,,,126.8289181626934,37.20621640679794,126.82939691401565,37.20310744168287,2024-10-24 08:01:16
172,33,56,8,,,126.82927223719942,37.199787433679354,126.83528092470024,37.20544615380197,2024-10-24 08:02:07
173,72,11,8,,,126.81111385791054,37.20642846212266,126.81405021241717,37.208547459068065,2024-10-24 08:02:22
174,33,56,8,,,126.82929952261537,37.200274512033076,126.83568324832518,37.20483730329019,2024-10-24 08:02:32
175,69,30,8,,,126.83836583531279,37.207305933706905,126.83139519659527,37.19856212040865,2024-10-24 08:02:59
176,21,35,8,,,126.8190670255085,37.19716410675047,126.81982968470909,37.20263903620352,2024-10-24 08:03:20
177,33,56,8,,,126.82880141117175,37.20123937204527,126.83503788565993,37.204894767063564,2024-10-24 08:03:27
178,45,61,8,,,126.82557317716069,37.21189279576845,126.83228359313776,37.214924514125045,2024-10-24 08:03:35
179,56,17,8,,,126.83448288377332,37.205380394491925,126.82736035651135,37.19705897318075,2024-10-24 08:03:53
180,33,56,8,,,126.82869389050174,37.20046206214985,126.83560479608505,37.204887238731125,2024-10-24 08:04:08
181,56,17,8,,,126.83502465613296,37.20530230080318,126.82590961101621,37.19654276865104,2024-10-24 08:04:29
182,33,56,8,,,126.82942268895434,37.201325418538794,126.83553483567036,37.20581568546011,2024-10-24 08:04:41
183,71,51,8,,,126.83986783409557,37.20533102430932,126.82019446071621,37.21044556116914,2024-10-24 08:05:07
184,56,17,8,,,126.83492286534279,37.20587293606978,126.82651425218896,37.19669506355945,2024-10-24 08:06:09
185,17,54,8,,,126.82681340110493,37.19729037962759,126.83200461799801,37.20939448897449,2024-10-24 08:06:43
186,33,56,8,,,126.82954557780552,37.20133316903095,126.83446820998829,37.20652102542437,2024-10-24 08:06:45
187,33,56,8,,,126.82904894329441,37.20162763830101,126.83519838332762,37.2064463117178,2024-10-24 08:06:46
188,56,17,8,,,126.83558348406461,37.206264852915595,126.82557427771033,37.197734411403786,2024-10-24 08:07:03
189,33,56,8,,,126.828365833677,37.200987898149556,126.83548869903659,37.20467263994741,2024-10-24 08:07:30
190,11,58,8,,,126.8145062721107,37.20826171561693,126.83588146021735,37.20919805522885,2024-10-24 08:08:37
191,69,30,8,,,126.83768628203195,37.20581238665704,126.8311252230835,37.19955794649967,2024-10-24 08:09:06
192,69,30,8,,,126.83814663534095,37.20584991635451,126.83136192997175,37.19884628792345,2024-10-24 08:09:12
193,33,56,8,,,126.8290562964084,37.20044307452666,126.83530169769139,37.20654168082977,2024-10-24 08:09:15
194,26,37,8,,,126.81915995163796,37.19378418678527,126.82087861243504,37.19771628492894,2024-10-24 08:09:20
195,33,56,8,,,126.82886430537654,37.199797147331005,126.83500544257622,37.20590907274155,2024-10-24 08:10:07
196,56,17,8,,,126.83484657187518,37.205522444925634,126.82699827880458,37.19703241048165,2024-10-24 08:10:18
197,71,63,8,,,126.83934097256927,37.20589423532409,126.8359200731579,37.21148957601538,2024-10-24 08:10:55
198,58,17,8,,,126.83422046432516,37.208901020597736,126.82684479079386,37.19649823906986,2024-10-24 08:11:18
199,47,40,8,,,126.82759060009855,37.21010550733785,126.83144418998518,37.192760119327545,2024-10-24 08:11:59
200,17,56,8,,,126.8255635561476,37.19610960753973,126.83514815044519,37.20638459849024,2024-10-24 08:12:17
201,56,17,8,,,126.834859987764,37.20528597281871,126.82552936684648,37.19607136239499,2024-10-24 08:12:51
202,69,30,8,,,126.83831853160248,37.20629593707155,126.83208650756451,37.19802653683705,2024-10-24 08:13:02
203,20,44,8,,,126.81637610010779,37.19344578337332,126.82035253784092,37.18819124829019,2024-10-24 08:13:35
204,72,56,8,,,126.81234751973047,37.206421276917865,126.8357060877697,37.20554700466344,2024-10-24 08:13:39
205,38,3,8,,,126.82386907626396,37.20201426213754,126.82407018183366,37.20987862558856,2024-10-24 08:15:18
206,33,56,8,,,126.82860938173731,37.20032290197123,126.83391440081108,37.20644398136421,2024-10-24 08:15:54
207,54,33,8,,,126.83218382486857,37.2093990835494,126.82862001295543,37.20001278090925,2024-10-24 08:16:07
208,64,7,8,,,126.8416120556266,37.20285578074723,126.82788923052593,37.20787120726364,2024-10-24 08:16:13
209,33,56,8,,,126.82834583554444,37.200843488708465,126.83416224679554,37.2051736543096,2024-10-24 08:16:14
210,58,42,8,,,126.83575032721143,37.20807759039525,126.83222111064246,37.19605342436552,2024-10-24 08:16:19
211,18,43,8,,,126.82388755360334,37.195684327095265,126.82354951939558,37.18952281103843,2024-10-24 08:16:26
212,69,30,8,,,126.83733029289017,37.20597266529693,126.83226166024043,37.19970990180258,2024-10-24 08:18:39
213,38,11,8,,,126.82478329101782,37.20146791244993,126.81527500445634,37.20894744363932,2024-10-24 08:19:01
214,59,33,8,,,126.83176827223309,37.20654552784803,126.82934097885328,37.20056442130511,2024-10-24 08:19:27
215,19,10,8,,,126.82871480699552,37.19531270616187,126.81770078496311,37.20883845878855,2024-10-24 08:20:25
216,17,54,8,,,126.82549760138363,37.1975764883657,126.83225862397649,37.21078576142417,2024-10-24 08:20:26
217,39,31,8,,,126.82118647915564,37.20108198010987,126.82837672425084,37.19721309675504,2024-10-24 08:21:05
218,41,70,8,,,126.83478947156685,37.19763914721427,126.8369886472791,37.20967471641197,2024-10-24 08:21:16
219,36,47,8,,,126.82410087087861,37.19820762471745,126.82783890800879,37.210272613545676,2024-10-24 08:21:19
220,11,32,8,,,126.81473636701413,37.208746543619796,126.83177138327466,37.202369322526906,2024-10-24 08:21:43
221,54,17,8,,,126.83356711704322,37.209537220855,126.82678483952844,37.19668983404539,2024-10-24 08:22:10
222,33,56,8,,,126.82950905708782,37.200427591662,126.83491983185709,37.20523271478485,2024-10-24 08:22:11
223,27,18,8,,,126.82598082288092,37.20008002046465,126.82380005486,37.19495331218602,2024-10-24 08:22:18
224,70,18,8,,,126.83743172491133,37.20986136774165,126.8235734714878,37.195894235845984,2024-10-24 08:22:23
225,12,2,8,,,126.81904237822681,37.20503518047552,126.82158899456185,37.205030259402214,2024-10-24 08:23:06
226,59,41,8,,,126.83227744137625,37.208238721451536,126.83398372330228,37.19698886320972,2024-10-24 08:23:51
227,20,46,8,,,126.81665481327772,37.19259666010268,126.83116657038558,37.21151863646067,2024-10-24 08:24:30
228,54,17,8,,,126.83336085714419,37.20936973425644,126.82658336202289,37.196256273191246,2024-10-24 08:24:42
229,28,12,8,,,126.830365319392,37.20354302516891,126.81876135174817,37.20544960691361,2024-10-24 08:24:58
230,58,42,8,,,126.83527391825598,37.20881526825226,126.83208976096097,37.195996587962476,2024-10-24 08:25:06
231,59,33,8,,,126.83165282702811,37.207486859088135,126.83001660547359,37.20135756741783,2024-10-24 08:25:20
232,69,30,8,,,126.83662673900376,37.20623101580259,126.83146464981573,37.199507968801115,2024-10-24 08:25:29
233,17,54,8,,,126.82589401431065,37.19663101381731,126.83303548916726,37.21001757799179,2024-10-24 08:25:35
234,56,33,8,,,126.83456568281663,37.20592990581967,126.82971993512173,37.199921370392566,2024-10-24 08:25:42
235,58,17,8,,,126.83449477140358,37.20776716012477,126.82665510040619,37.19715533152332,2024-10-24 08:25:43
236,61,64,8,,,126.83287025542954,37.21681403984266,126.84337820854286,37.202309853449115,2024-10-24 08:26:21
237,70,17,8,,,126.83719236763432,37.209217602555555,126.8261403133002,37.197153777223825,2024-10-24 08:26:23
238,69,30,8,,,126.83768031593685,37.207701960685036,126.83228162666704,37.19843755629896,2024-10-24 08:27:11
239,53,59,8,,,126.82959782538933,37.20671589622037,126.83148936068265,37.206608124342615,2024-10-24 08:27:36
240,33,58,8,,,126.82922127118323,37.200343646102034,126.8343232511478,37.20829063390265,2024-10-24 08:28:14
241,33,56,8,,,126.82980560392748,37.20071795391756,126.83546476378675,37.2055954112238,2024-10-24 08:28:44
242,33,58,8,,,126.82882405297039,37.200290830006644,126.83550672154018,37.209365839637364,2024-10-24 08:29:08
243,33,56,8,,,126.82971783221451,37.19986413978772,126.83521056303788,37.20634850476754,2024-10-24 08:29:22
244,11,59,8,,,126.81514679460747,37.207456556712145,126.83173595839654,37.206408472793115,2024-10-24 08:30:03
245,26,37,8,,,126.81808286669587,37.19259441964039,126.82208000229177,37.196686427323996,2024-10-24 08:30:05
246,46,4,8,,,126.8301820048262,37.21225205233852,126.82170194250068,37.208569139445345,2024-10-24 08:30:14
247,72,24,8,,,126.81178971070636,37.20770217101765,126.81792569525815,37.19077146843661,2024-10-24 08:30:18
248,58,32,8,,,126.83563786179947,37.208679845446376,126.83146723165835,37.20231410544064,2024-10-24 08:30:19
249,72,56,8,,,126.81186562151522,37.20660514292491,126.83590598739514,37.20603088057503,2024-10-24 08:30:27
250,32,56,8,,,126.83249724897675,37.20148367603901,126.83467078070666,37.20516724210945,2024-10-24 08:31:02
251,33,56,8,,,126.82873848500827,37.199849129712,126.83585091633225,37.205921905130005,2024-10-24 08:31:02
252,64,25,8,,,126.84318993217457,37.20237909266008,126.82110918851043,37.19460800114276,2024-10-24 08:31:12
253,19,10,8,,,126.8278849839815,37.19454548217347,126.81781259596002,37.209947528493686,2024-10-24 08:31:22
254,32,59,8,,,126.83160360611873,37.20256527999863,126.83172720158962,37.20719436930888,2024-10-24 08:31:41
255,33,58,8,,,126.82997781715437,37.199800049480636,126.83432620833437,37.20764511480553,2024-10-24 08:32:22
256,2,57,8,,,126.82141932519603,37.20683011802626,126.83199059870701,37.204664651156094,2024-10-24 08:32:56
257,10,62,8,,,126.81690327189891,37.21006878352914,126.83770811176856,37.21232406638143,2024-10-24 08:33:25
258,33,56,8,,,126.82920139803615,37.20109058549416,126.83455295334761,37.20644145282319,2024-10-24 08:33:28
259,1,67,8,,,126.81569998867832,37.19894258973891,126.83451538061836,37.20323804755395,2024-10-24 08:34:01
260,69,30,8,,,126.83737516200667,37.206832019185285,126.83204638641233,37.19887119892487,2024-10-24 08:34:39
261,56,41,8,,,126.83463392504608,37.20536657548564,126.83366418564934,37.19655648112453,2024-10-24 08:34:42
262,33,56,8,,,126.82921828421723,37.2008531149001,126.83513894338068,37.20508601880579,2024-10-24 08:35:02
263,72,33,8,,,126.81176521257122,37.20694997683414,126.8288348529197,37.20018933621754,2024-10-24 08:35:20
264,56,17,8,,,126.83463652562749,37.20586253010559,126.82618045256532,37.19760551381983,2024-10-24 08:35:41
265,69,30,8,,,126.83672961318736,37.20767302426235,126.83178970022256,37.1989830476592,2024-10-24 08:35:44
266,54,33,8,,,126.83341293725695,37.209350768668806,126.82875741749521,37.20115739251729,2024-10-24 08:35:46
267,56,41,8,,,126.83458225845204,37.204718414277664,126.83349789840977,37.197728570487676,2024-10-24 08:35:56
268,33,56,8,,,126.82979881140695,37.20050403637119,126.83473849876299,37.20495196509777,2024-10-24 08:36:52
269,63,67,8,,,126.83557520941663,37.21215488210742,126.83523674519776,37.202673733812,2024-10-24 08:37:27
270,32,56,8,,,126.83258058970685,37.20147805482058,126.83498187432465,37.20467075660315,2024-10-24 08:38:02
271,32,59,8,,,126.8322193901614,37.20140251728541,126.83271845540936,37.20767308235857,2024-10-24 08:38:19
272,33,58,8,,,126.82855873594814,37.2003250748272,126.83546376050926,37.2081658507614,2024-10-24 08:38:20
273,72,23,8,,,126.81094874347649,37.20624077272202,126.82055536415062,37.1916929671795,2024-10-24 08:38:43
274,56,17,8,,,126.83574222261824,37.20597014350496,126.82671772888234,37.1963901037167,2024-10-24 08:39:46
275,56,17,8,,,126.8349234034787,37.20475526353337,126.82630944717368,37.19639045594281,2024-10-24 08:40:22
276,46,14,8,,,126.83054494653389,37.211901440459634,126.81926155499548,37.20669483997932,2024-10-24 08:40:29
277,47,19,8,,,126.82693428165152,37.20995669985137,126.82940088817321,37.195925476931606,2024-10-24 08:40:54
278,10,17,8,,,126.81776882962312,37.20935474412292,126.82595811425192,37.19749769411045,2024-10-24 08:40:55
279,70,17,8,,,126.83717964617102,37.210529725628426,126.82561081526184,37.196357173079605,2024-10-24 08:41:07
280,71,41,8,,,126.83960452435271,37.205984957727075,126.83513160908413,37.19815600983717,2024-10-24 08:41:58
281,69,30,8,,,126.83773558197359,37.2064293473597,126.83211147463524,37.19830555659215,2024-10-24 08:41:58
282,63,61,8,,,126.83451590076095,37.21028493260535,126.83379035628127,37.215336836997054,2024-10-24 08:42:00
283,21,55,8,,,126.81908783584772,37.19584412644312,126.8303482596482,37.20964745802764,2024-10-24 08:42:23
284,69,30,8,,,126.83707813081038,37.20675446674087,126.8316335226156,37.198218082449046,2024-10-24 08:43:08
285,32,59,8,,,126.83121591797408,37.20262708850534,126.8314976968639,37.20684542140171,2024-10-24 08:43:35
286,55,60,8,,,126.83023559301873,37.20938311311677,126.83315058407683,37.213737705428755,2024-10-24 08:43:53
287,56,17,8,,,126.83440421715531,37.20498803711582,126.82628446302981,37.19664515679022,2024-10-24 08:44:06
288,72,33,8,,,126.81256290725423,37.206733381606654,126.82868636947637,37.19971760954609,2024-10-24 08:44:20
289,41,56,8,,,126.83351954963523,37.19699752396678,126.83397004390488,37.20590926331826,2024-10-24 08:44:52
290,39,23,8,,,126.82101932776447,37.200897826647726,126.82121883268125,37.19115395418599,2024-10-24 08:44:54
291,20,59,8,,,126.81468562512198,37.192238647724146,126.83300427079615,37.208107912392684,2024-10-24 08:44:56
292,56,18,8,,,126.83509881216442,37.20542683526162,126.82334040311687,37.19656499698966,2024-10-24 08:45:12
293,11,33,8,,,126.81462994925488,37.208841920638065,126.83024392225416,37.19996999350478,2024-10-24 08:45:18
294,47,46,8,,,126.826669586396,37.211459536307466,126.82929528593954,37.21265170367695,2024-10-24 08:45:36
295,12,31,8,,,126.81900743037409,37.205507346042815,126.8295276561206,37.19748360794648,2024-10-24 08:46:02
296,19,10,8,,,126.82801391291916,37.19512802503235,126.81798548050325,37.210228733609604,2024-10-24 08:46:15
297,17,12,8,,,126.8274004712922,37.19761149843916,126.81911535452289,37.20528219440796,2024-10-24 08:46:43
298,70,42,8,,,126.83771299251849,37.20942734606094,126.83237409831871,37.19656902194688,2024-10-24 08:47:05
299,33,56,8,,,126.82920103954955,37.20040684278183,126.83561963009473,37.20654402963265,2024-10-24 08:47:07
300,11,22,8,,,126.81409185294994,37.207734744404995,126.81571438761658,37.19597416570665,2024-10-24 08:47:36
301,33,56,8,,,126.83004823519293,37.20123223685632,126.83482481475231,37.205685821722376,2024-10-24 08:49:38
302,69,30,8,,,126.83680158227654,37.20703792408047,126.83228840268228,37.19909473541167,2024-10-24 08:50:02
303,56,33,8,,,126.83573362567904,37.20663724751888,126.82965518545758,37.19985268879449,2024-10-24 08:50:26
304,33,58,8,,,126.82857450428457,37.200411076583116,126.83604632871693,37.20757861655807,2024-10-24 08:50:26
305,41,56,8,,,126.83398818913832,37.197256920656095,126.83422354825981,37.20555021087429,2024-10-24 08:50:56
306,33,70,8,,,126.83014596071936,37.20051165657589,126.83739399201444,37.208642421458684,2024-10-24 08:51:13
307,55,24,8,,,126.83014548563926,37.20923998744522,126.81889372347943,37.19107481563017,2024-10-24 08:51:30
308,46,13,8,,,126.82990102712738,37.211952867564506,126.8169196173107,37.202929471896844,2024-10-24 08:51:32
309,54,46,8,,,126.83202618068245,37.21050449251488,126.83019891546645,37.2124738711314,2024-10-24 08:51:49
310,17,12,8,,,126.82648765147167,37.19674553521238,126.81871695206524,37.20502358059768,2024-10-24 08:51:50
311,11,5,8,,,126.81423660048581,37.20834399344258,126.82645475391597,37.20485957141535,2024-10-24 08:52:04
312,47,20,8,,,126.82718168011468,37.21035817494237,126.81616345743733,37.19146249605546,2024-10-24 08:52:10
313,56,41,8,,,126.83436181580119,37.20561546113469,126.83339013049553,37.19647108598513,2024-10-24 08:52:18
314,33,56,8,,,126.83004525800882,37.20076845332114,126.8356849117521,37.20550305917628,2024-10-24 08:52:29
315,56,17,8,,,126.83510450143288,37.205319653586635,126.82670023016021,37.197348094104726,2024-10-24 08:52:52
316,21,40,8,,,126.81879081119656,37.19694059308205,126.83159997860584,37.19300453980706,2024-10-24 08:52:57
317,54,33,8,,,126.8331266466359,37.20989222502479,126.82994434738892,37.20130368006741,2024-10-24 08:52:59
318,59,15,8,,,126.83250256714153,37.20714152246567,126.81742045184406,37.2074554935022,2024-10-24 08:53:07
319,69,30,8,,,126.83855589291312,37.207093080413266,126.83113960082623,37.19888799111179,2024-10-24 08:53:11
320,54,33,8,,,126.83269285499364,37.20952973990993,126.82933417750206,37.19989383614404,2024-10-24 08:53:11
321,10,40,8,,,126.81668992759904,37.21004708709968,126.83086108817596,37.193875332706924,2024-10-24 08:53:55
322,56,17,8,,,126.83399077513583,37.206120761383914,126.82654893281918,37.197587740154745,2024-10-24 08:54:03
323,70,17,8,,,126.83842102937395,37.20957808100581,126.82556347345839,37.197223802890285,2024-10-24 08:54:25
324,59,15,8,,,126.83319365140473,37.20758710449244,126.81674785067582,37.20562731680231,2024-10-24 08:54:41
325,32,54,8,,,126.83292501235542,37.200976844136676,126.83360488884348,37.20947498852385,2024-10-24 08:54:54
326,38,20,8,,,126.8245188016981,37.20156316005221,126.81588741902156,37.19256051575266,2024-10-24 08:55:52
327,31,59,8,,,126.8300249894225,37.19873866127081,126.83318844148326,37.20696806049563,2024-10-24 08:56:17
328,62,51,8,,,126.838705452829,37.21230029347642,126.819632885002,37.21093707143974,2024-10-24 08:56:38
329,59,41,8,,,126.83334047409063,37.207252722717676,126.83413805630737,37.196640031292596,2024-10-24 08:56:43
330,62,19,8,,,126.83771381256898,37.21278479215537,126.82794279550083,37.194326927370795,2024-10-24 08:57:17
331,1,34,8,,,126.81603916134615,37.19890314337601,126.82237242423307,37.20228917905358,2024-10-24 08:57:26
332,56,41,8,,,126.83492410913357,37.20621915964029,126.83471308833292,37.197275496795605,2024-10-24 08:57:38
333,56,17,8,,,126.83572141510244,37.20595604746577,126.8260723435184,37.19751619956572,2024-10-24 08:58:08
334,33,56,8,,,126.83028932798615,37.20163383912806,126.83550575735524,37.205723350206675,2024-10-24 08:58:36
335,32,54,8,,,126.83234803823028,37.202099152171215,126.833363377388,37.20998829748425,2024-10-24 08:58:43
336,11,70,8,,,126.81363463368963,37.208566695969516,126.83875714046029,37.20947851050071,2024-10-24 08:59:27
337,58,19,9,,,126.83495575648568,37.20852307957215,126.82931057456184,37.19406828105236,2024-10-24 09:00:27
338,70,33,9,,,126.83748316762977,37.21043717622353,126.82992242630134,37.20090616724011,2024-10-24 09:00:27
339,42,70,9,,,126.83126998803814,37.19563849945709,126.83815430542874,37.20901213445358,2024-10-24 09:00:46
340,70,33,9,,,126.8375943323179,37.20912322400133,126.83011654546713,37.19983518189822,2024-10-24 09:00:50
341,33,56,9,,,126.82910826252598,37.20166012647054,126.83578194719767,37.20563368708759,2024-10-24 09:02:28
342,33,56,9,,,126.82866440292838,37.2014922423157,126.8342603071232,37.206407409239276,2024-10-24 09:02:32
343,17,54,9,,,126.82654618273403,37.19657080348363,126.8327783342778,37.209582785097616,2024-10-24 09:03:05
344,56,41,9,,,126.83473351415294,37.20617159698009,126.83369866711108,37.19788104471243,2024-10-24 09:03:18
345,54,33,9,,,126.83176036188466,37.20968294279628,126.82939379299523,37.20054370848734,2024-10-24 09:03:19
346,56,17,9,,,126.8358443020852,37.20576769119212,126.8256738049484,37.196884213758,2024-10-24 09:03:56
347,56,41,9,,,126.83558686669531,37.205690808123755,126.83487179214863,37.19634461610166,2024-10-24 09:04:00
348,54,33,9,,,126.83173904097606,37.20939526792003,126.82972084591115,37.200861352657824,2024-10-24 09:04:35
349,54,33,9,,,126.83261603082624,37.211165748990005,126.82867423603108,37.20023996427815,2024-10-24 09:04:42
350,11,58,9,,,126.81364207214611,37.20863436046001,126.8350619637848,37.208289898094556,2024-10-24 09:04:58
351,17,54,9,,,126.82630632820755,37.19654233789156,126.83332251106047,37.21029318867288,2024-10-24 09:05:01
352,10,17,9,,,126.81664423245374,37.20858891590425,126.82633728584553,37.19591797028113,2024-10-24 09:05:02
353,58,33,9,,,126.8352609958685,37.208057208381284,126.830013158228,37.200799174704144,2024-10-24 09:05:15
354,11,17,9,,,126.81459602543485,37.20775834393463,126.82565596003653,37.196871323072564,2024-10-24 09:05:23
355,17,54,9,,,126.82729638923168,37.1958708508252,126.83250815791122,37.21092180219457,2024-10-24 09:06:36
356,33,56,9,,,126.82858920744582,37.201028166837524,126.83586455113178,37.206571956827396,2024-10-24 09:06:51
357,17,54,9,,,126.82633856458035,37.196407872014404,126.83216772618961,37.20972841784275,2024-10-24 09:07:14
358,37,41,9,,,126.82093083089453,37.19828051340319,126.83451842514596,37.19710465343509,2024-10-24 09:07:19
359,54,33,9,,,126.8336285549944,37.21072512985969,126.82915499725519,37.200957544500554,2024-10-24 09:09:14
360,19,10,9,,,126.82909232536073,37.194690760452424,126.81799140858794,37.208663266431486,2024-10-24 09:09:32
361,42,70,9,,,126.83242253463102,37.19607030135244,126.8375858819805,37.20855318953981,2024-10-24 09:09:35
362,20,50,9,,,126.81515382231075,37.19309035882458,126.82278041599459,37.21164565421798,2024-10-24 09:10:05
363,33,56,9,,,126.83018433757461,37.200479597767455,126.834863626749,37.20639971853598,2024-10-24 09:10:46
364,10,38,9,,,126.81626824302842,37.20987382561445,126.82490527153035,37.201325440014166,2024-10-24 09:12:25
365,54,33,9,,,126.83312193631637,37.21106829521611,126.8299332297445,37.19989147214189,2024-10-24 09:12:52
366,17,54,9,,,126.8264021505304,37.197295882991874,126.83266940784135,37.21022292417231,2024-10-24 09:12:57
367,23,32,9,,,126.8204408201024,37.19083099677709,126.83238022629152,37.201049367238014,2024-10-24 09:13:01
368,40,72,9,,,126.83098811104348,37.19391752565188,126.81193843782712,37.20763824054168,2024-10-24 09:13:09
369,33,56,9,,,126.82888876345255,37.20117760498318,126.83402705488061,37.205213749975556,2024-10-24 09:13:36
370,58,33,9,,,126.83563758840894,37.20863272681029,126.82911086541822,37.20109120566426,2024-10-24 09:14:08
371,54,33,9,,,126.83222219626558,37.21002059490674,126.8294976076219,37.200779219100575,2024-10-24 09:15:05
372,33,56,9,,,126.8284192555911,37.20094167201118,126.83534344582061,37.20546952202505,2024-10-24 09:15:24
373,17,54,9,,,126.82611140962399,37.19619992908665,126.8326616768316,37.209294555303096,2024-10-24 09:16:26
374,56,17,9,,,126.83451020254572,37.20634160115747,126.82701717176614,37.19718479383658,2024-10-24 09:16:27
375,58,19,9,,,126.83518599144004,37.207842518716106,126.82840083859195,37.19566525753858,2024-10-24 09:16:27
376,70,33,9,,,126.83715789904593,37.209683450160234,126.82859195349533,37.20042724691134,2024-10-24 09:16:34
377,56,17,9,,,126.83456925569537,37.20515291058416,126.82630519309794,37.19592778110839,2024-10-24 09:16:34
378,70,18,9,,,126.83698280921848,37.20996574636409,126.8241445936516,37.19499743451826,2024-10-24 09:16:49
379,32,11,9,,,126.83144895984566,37.20186267802339,126.81392114038263,37.20920295457184,2024-10-24 09:19:02
380,56,31,9,,,126.83497602996295,37.2054042427817,126.82861334452494,37.19756880474972,2024-10-24 09:19:19
381,32,54,9,,,126.8323797055928,37.20215630659545,126.83263149527096,37.21017148065287,2024-10-24 09:19:43
382,70,33,9,,,126.83697257592193,37.20950799192661,126.82880745351412,37.20016918233994,2024-10-24 09:20:27
383,70,33,9,,,126.83711060284044,37.209076342893034,126.82886619712062,37.20000019766588,2024-10-24 09:20:33
384,11,58,9,,,126.81493528756052,37.208223022953014,126.8347279472121,37.208828636284515,2024-10-24 09:20:37
385,11,17,9,,,126.81351276806585,37.20848598987328,126.82658923633691,37.19705161509619,2024-10-24 09:20:40
386,70,19,9,,,126.83834142618154,37.20942900102873,126.8280407835833,37.194239291585376,2024-10-24 09:21:02
387,17,54,9,,,126.82558571763636,37.19676438078769,126.83258634970893,37.20997995886207,2024-10-24 09:21:03
388,70,42,9,,,126.83761521236423,37.208894803841375,126.8320206325879,37.195753668485104,2024-10-24 09:21:26
389,70,33,9,,,126.83767996564104,37.2094199751417,126.82961634709416,37.20131285334464,2024-10-24 09:22:29
390,56,19,9,,,126.83572671802953,37.20524929534421,126.82824623651386,37.19445844430125,2024-10-24 09:22:43
391,19,10,9,,,126.82890485453926,37.19564276046754,126.81779644049698,37.20863614366889,2024-10-24 09:22:44
392,56,32,9,,,126.83555191358751,37.20515757280822,126.83228261467848,37.20267952125628,2024-10-24 09:23:02
393,11,58,9,,,126.81395107625058,37.2084704538423,126.83560147897886,37.20889538037235,2024-10-24 09:23:13
394,55,17,9,,,126.83032923450934,37.20999568929831,126.8260430883609,37.197341249433556,2024-10-24 09:23:30
395,32,59,9,,,126.83231116987078,37.20259452398555,126.83187562118076,37.207872454596725,2024-10-24 09:23:38
396,70,33,9,,,126.83801258230972,37.209647968909536,126.83004170973196,37.20123466031287,2024-10-24 09:24:09
397,10,5,9,,,126.81625290202298,37.20935577383008,126.82635520291264,37.20461797745725,2024-10-24 09:24:40
398,47,58,9,,,126.82765377284736,37.21000334137862,126.83522837796667,37.207582170697236,2024-10-24 09:24:41
399,45,46,9,,,126.82450256260431,37.21281088685793,126.8295170525458,37.2111953125173,2024-10-24 09:25:05
400,56,17,9,,,126.83535789913273,37.204827847286005,126.82594254262199,37.19615060347846,2024-10-24 09:25:19
401,56,32,9,,,126.83440018974088,37.20578249831836,126.83288615485978,37.20184778978681,2024-10-24 09:25:55
402,54,33,9,,,126.83350611857792,37.21009054875917,126.82847477336269,37.20042077556362,2024-10-24 09:26:06
403,54,17,9,,,126.83167791936773,37.20970238893198,126.8255516784981,37.19620544285895,2024-10-24 09:27:01
404,58,19,9,,,126.83605167505755,37.207616693089754,126.82835260490698,37.194952824248254,2024-10-24 09:27:05
405,27,51,9,,,126.82685249885982,37.19958869774399,126.82039141873739,37.21036260005795,2024-10-24 09:28:00
406,55,31,9,,,126.82958632644872,37.20892903483231,126.82916607779894,37.19721804359611,2024-10-24 09:28:25
407,54,33,9,,,126.83354436428533,37.21042332090826,126.82879560596571,37.20144386554828,2024-10-24 09:28:37
408,54,33,9,,,126.83179940824878,37.20988253222696,126.83018343897518,37.20165403018532,2024-10-24 09:28:55
409,42,70,9,,,126.83072435939671,37.19614595447338,126.83718829560124,37.20987804100556,2024-10-24 09:29:11
410,70,33,9,,,126.83792821320036,37.20943721665278,126.82836679718545,37.20048187121453,2024-10-24 09:29:25
411,17,54,9,,,126.82593456524586,37.196037510129585,126.83247839656879,37.209925029773395,2024-10-24 09:29:25
412,58,19,9,,,126.83479562070323,37.20874846908601,126.82981386860988,37.19598948720373,2024-10-24 09:29:37
413,59,15,9,,,126.83159968405774,37.206842065606075,126.81701439983215,37.20673329468219,2024-10-24 09:29:50
414,53,52,9,,,126.82917324044072,37.2055293783416,126.829840888528,37.21772590808535,2024-10-24 09:30:09
415,1,49,9,,,126.81673729199451,37.199071808427085,126.82872260777305,37.21459787844936,2024-10-24 09:30:23
416,42,70,9,,,126.83245895350233,37.19662290645902,126.83826449825594,37.20914342097812,2024-10-24 09:30:29
417,61,69,9,,,126.83283205247811,37.215806196052405,126.83745795043401,37.20760600097039,2024-10-24 09:30:45
418,42,70,9,,,126.83136171708296,37.19572900583947,126.83860896993878,37.20954457024121,2024-10-24 09:31:46
419,58,19,9,,,126.83415197981455,37.20757088448038,126.82886590590482,37.194377595907596,2024-10-24 09:32:29
420,20,30,9,,,126.81592747967275,37.191788060365816,126.83245737907932,37.19917040037956,2024-10-24 09:32:47
421,19,32,9,,,126.82846577024807,37.19545230837002,126.83173594138941,37.202378002388265,2024-10-24 09:33:26
422,56,32,9,,,126.83537427418217,37.20556457728984,126.83127914282684,37.20145085705844,2024-10-24 09:33:29
423,51,34,9,,,126.8197679850642,37.20982370268814,126.82241710990031,37.20238332106857,2024-10-24 09:34:30
424,53,59,9,,,126.8288737090813,37.206187863681606,126.83227849671229,37.20664166627693,2024-10-24 09:34:50
425,56,31,9,,,126.83484073784193,37.206408543197675,126.82953504841653,37.19845591888225,2024-10-24 09:35:00
426,10,17,9,,,126.81776609741613,37.20902729190114,126.826685207305,37.19733016609928,2024-10-24 09:35:19
427,38,30,9,,,126.825045969279,37.20130753728195,126.8317110863674,37.19963304824571,2024-10-24 09:35:47
428,58,19,9,,,126.83459261246345,37.209296959033004,126.8292507645435,37.1958373746752,2024-10-24 09:36:03
429,54,33,9,,,126.83213121655814,37.20995202742991,126.82862451612382,37.200587033421456,2024-10-24 09:36:18
430,29,29,9,,,126.82656205995721,37.20208517159887,126.82729533510258,37.2029444971318,2024-10-24 09:36:23
431,58,19,9,,,126.83416736466445,37.209413613298594,126.82921425502283,37.19566114319898,2024-10-24 09:36:34
432,54,33,9,,,126.8319265825992,37.20997959175741,126.82998391660075,37.20162323161841,2024-10-24 09:36:40
433,58,33,9,,,126.83419888302956,37.20858567433022,126.82894324276387,37.20152331558687,2024-10-24 09:37:04
434,72,56,9,,,126.8121771029652,37.20653585649927,126.83536315643573,37.2046967515103,2024-10-24 09:37:14
435,56,40,9,,,126.8357425284875,37.205619551935456,126.83161036177619,37.1933841716061,2024-10-24 09:37:18
436,10,17,9,,,126.81777867000649,37.20859780479916,126.82620193940782,37.195901136452136,2024-10-24 09:37:39
437,32,54,9,,,126.83259003648168,37.20261390547132,126.83191563663603,37.20974038956735,2024-10-24 09:38:15
438,56,31,9,,,126.83539123446555,37.206371088975885,126.82919684439725,37.19688272544062,2024-10-24 09:38:24
439,54,8,9,,,126.83259664503603,37.20930894805571,126.82506309711486,37.20756442430437,2024-10-24 09:38:29
440,58,19,9,,,126.83422620341072,37.20840965517742,126.82971735873876,37.194183524877005,2024-10-24 09:38:41
441,11,33,9,,,126.81464337699884,37.20756552185043,126.82952455119315,37.201107048401234,2024-10-24 09:39:38
442,56,31,9,,,126.83474388585523,37.20580120514502,126.82874995184211,37.197155108458986,2024-10-24 09:39:52
443,56,17,9,,,126.83502643066066,37.20609152977265,126.82714456714933,37.19672842865454,2024-10-24 09:40:06
444,70,33,9,,,126.8374600635099,37.208811778241895,126.82871597635483,37.2015603407084,2024-10-24 09:40:34
445,59,15,9,,,126.83299475739688,37.207171183695905,126.81633332342216,37.205582208513675,2024-10-24 09:40:39
446,17,54,9,,,126.82640577525342,37.19678788527405,126.8319459611717,37.209284081198774,2024-10-24 09:41:07
447,56,31,9,,,126.83470199382766,37.2060504564583,126.82873345128782,37.19732894755654,2024-10-24 09:41:15
448,33,56,9,,,126.82879283750931,37.20114756481774,126.83571909809002,37.204744450152866,2024-10-24 09:42:01
449,11,58,9,,,126.81432198737235,37.20853511570108,126.83471242278284,37.20871298262272,2024-10-24 09:42:11
450,17,54,9,,,126.82564324148572,37.197130437521835,126.83245969585002,37.21114364012467,2024-10-24 09:42:32
451,70,33,9,,,126.83805207078322,37.20953113417218,126.82858525242878,37.20058150613018,2024-10-24 09:42:40
452,70,42,9,,,126.83797049176239,37.209521543924524,126.83130299446167,37.19560024174902,2024-10-24 09:43:12
453,70,19,9,,,126.83759797714994,37.20884808307994,126.82804922997599,37.19475622921338,2024-10-24 09:43:16
454,58,19,9,,,126.83536611819142,37.20879216406123,126.8288418978866,37.195001237064396,2024-10-24 09:43:32
455,11,58,9,,,126.81385522306775,37.20879917805425,126.83527735387413,37.20788027136153,2024-10-24 09:43:47
456,31,59,9,,,126.82861894563673,37.198457590698844,126.83336232235699,37.20734613780068,2024-10-24 09:43:54
457,54,33,9,,,126.83193786803723,37.210942581937225,126.828551539712,37.20138635602662,2024-10-24 09:45:10
458,29,26,9,,,126.8266071355323,37.20235725953019,126.81827247129385,37.194441061562294,2024-10-24 09:45:12
459,2,51,9,,,126.82106174154052,37.205564479350535,126.82047732811239,37.21050373185266,2024-10-24 09:45:35
460,56,17,9,,,126.83398782481653,37.205852858185715,126.82701492068198,37.19591520889834,2024-10-24 09:45:59
461,19,65,9,,,126.82869926965746,37.19425403793613,126.83525762434803,37.19962692528584,2024-10-24 09:45:59
462,32,58,9,,,126.83279074669277,37.20183288647575,126.83482334881957,37.20824771951341,2024-10-24 09:46:11
463,58,33,9,,,126.83479653914848,37.20925170613613,126.8285941745659,37.201177001393404,2024-10-24 09:46:13
464,64,24,9,,,126.84227670216043,37.20342522860048,126.81772038612765,37.191256883481806,2024-10-24 09:46:24
465,58,33,9,,,126.83513466517252,37.20890698174232,126.82842166624131,37.20161442951923,2024-10-24 09:47:03
466,58,19,9,,,126.83550116272019,37.20791036910738,126.82917366055771,37.19573056296122,2024-10-24 09:47:35
467,42,70,9,,,126.83193146461186,37.196655075250376,126.83870000444664,37.209816951949136,2024-10-24 09:48:01
468,58,17,9,,,126.83457051881415,37.207760713895055,126.8255265196841,37.19668165955954,2024-10-24 09:48:16
469,72,56,9,,,126.81223723819177,37.20659529886678,126.834047047052,37.206305482910366,2024-10-24 09:48:21
470,10,66,9,,,126.81790514338644,37.208789202909166,126.83693789250209,37.20394573715516,2024-10-24 09:48:25
471,10,17,9,,,126.81706156842247,37.20977600165951,126.82705229824529,37.19730796934235,2024-10-24 09:48:56
472,41,70,9,,,126.83470903611791,37.196568353417035,126.83795429564398,37.210121064627586,2024-10-24 09:49:03
473,28,16,9,,,126.82881451041462,37.20260588299354,126.82314756384238,37.19228837659744,2024-10-24 09:49:39
474,54,33,9,,,126.83292387469986,37.21101662982508,126.82930551495241,37.20052018402895,2024-10-24 09:50:11
475,19,10,9,,,126.82905363842985,37.19572003261188,126.81702960531432,37.20935289231214,2024-10-24 09:50:28
476,56,31,9,,,126.83590787372215,37.20487755169184,126.82857540763385,37.1978081273913,2024-10-24 09:50:37
477,46,12,9,,,126.8299579311004,37.212905850876695,126.82007300535561,37.20519254312819,2024-10-24 09:51:02
478,54,33,9,,,126.8317847764946,37.210920934979185,126.82889280028013,37.200673574562245,2024-10-24 09:51:29
479,46,32,9,,,126.83078542279607,37.212119803883965,126.83205557201782,37.20179751803422,2024-10-24 09:51:31
480,54,33,9,,,126.83226861440197,37.209238945148485,126.82940316405546,37.201012782579916,2024-10-24 09:51:37
481,42,70,9,,,126.83177279285634,37.1955017157309,126.83762971394867,37.209816980886906,2024-10-24 09:51:41
482,46,24,9,,,126.8305388702951,37.21200321032829,126.81762455802486,37.19014937191885,2024-10-24 09:51:42
483,56,31,9,,,126.83573739070592,37.20632238165608,126.82891808161132,37.19759169548148,2024-10-24 09:51:59
484,33,56,9,,,126.82946254008377,37.199844704305384,126.83535496506461,37.205713223846736,2024-10-24 09:52:28
485,32,59,9,,,126.83158013107366,37.20235573638969,126.83287593013961,37.20695303828052,2024-10-24 09:52:46
486,20,18,9,,,126.81582637785492,37.19339114997037,126.82282394967227,37.19514407904112,2024-10-24 09:53:26
487,10,17,9,,,126.81673197016171,37.20932630621463,126.82634043112486,37.19691419505583,2024-10-24 09:53:57
488,17,54,9,,,126.82652128312282,37.19774321557047,126.8319604231433,37.20992468724027,2024-10-24 09:54:15
489,58,19,9,,,126.83449161315127,37.20933807842771,126.82891495992105,37.19587092644607,2024-10-24 09:55:02
490,54,33,9,,,126.83282410909571,37.21102626856008,126.82985934980239,37.20082073249364,2024-10-24 09:55:41
491,70,42,9,,,126.83754876427393,37.21011126236209,126.83095048395444,37.196979527460634,2024-10-24 09:55:44
492,54,33,9,,,126.83227541729484,37.20983480472463,126.82963469822504,37.19995230373269,2024-10-24 09:55:52
493,32,59,9,,,126.83286527363724,37.20182366056919,126.8317221934742,37.20777012019858,2024-10-24 09:56:31
494,10,56,9,,,126.81631620804644,37.20858658458101,126.83455405121043,37.20497223345273,2024-10-24 09:56:45
495,11,56,9,,,126.81340829985913,37.209104992767294,126.8340711754179,37.20637048167619,2024-10-24 09:57:31
496,17,54,9,,,126.82634679315301,37.19707816031538,126.83336623315535,37.21026685599242,2024-10-24 09:57:32
497,10,3,9,,,126.81742930469524,37.208653272838376,126.8241885932261,37.21016653314828,2024-10-24 09:58:07
498,58,19,9,,,126.83419644847656,37.208758443505715,126.82862052825557,37.19484538535336,2024-10-24 09:58:35
499,17,54,9,,,126.82620305266063,37.196460381363,126.83270184869272,37.21071480448343,2024-10-24 09:58:45
500,17,54,9,,,126.82703257513916,37.197574261895745,126.8331141452822,37.211060977564344,2024-10-24 09:59:04
501,36,46,9,,,126.82469852017766,37.19935641174185,126.83034660515375,37.210946709289864,2024-10-24 09:59:32
502,20,10,9,,,126.8147227235004,37.19282312354473,126.81794431850517,37.2092874427679,2024-10-24 09:59:32
503,33,56,10,,,126.82916987197915,37.201649459342,126.83572754413674,37.20663430743042,2024-10-24 10:00:02
504,27,22,10,,,126.82732387739206,37.200322874260515,126.81683713800936,37.19444842307085,2024-10-24 10:00:10
505,54,33,10,,,126.83175154214842,37.20971784504817,126.82989285337541,37.19978672058354,2024-10-24 10:00:56
506,70,17,10,,,126.83745516702287,37.208903692810765,126.82662838175114,37.19738725409314,2024-10-24 10:02:12
507,17,54,10,,,126.82610277339992,37.19666910492726,126.83255002823132,37.21082693166407,2024-10-24 10:02:12
508,56,32,10,,,126.83551740574704,37.205001607993495,126.8329073845846,37.20270933244966,2024-10-24 10:03:35
509,54,33,10,,,126.83254686051066,37.209813813480636,126.82879154815379,37.201572638817794,2024-10-24 10:04:30
510,10,17,10,,,126.81763054898666,37.208938790506096,126.82710397946236,37.19599981077499,2024-10-24 10:04:35
511,56,32,10,,,126.83564079416807,37.20639690176932,126.83162062131777,37.20229355968079,2024-10-24 10:04:42
512,56,32,10,,,126.83392466805523,37.205749102083594,126.83212683925133,37.20114784702868,2024-10-24 10:05:53
513,39,66,10,,,126.82048660492156,37.20064630114734,126.83663519546563,37.203861554984876,2024-10-24 10:06:13
514,19,10,10,,,126.82936637739158,37.19430600657001,126.81612874888587,37.20916145478595,2024-10-24 10:06:30
515,70,42,10,,,126.83715894360544,37.20868793010227,126.83201485402756,37.19586630892362,2024-10-24 10:07:08
516,17,54,10,,,126.825879511557,37.19732090354136,126.83284773621851,37.21081487992752,2024-10-24 10:08:00
517,58,19,10,,,126.83574827327861,37.20763949637822,126.8292755987265,37.19464325872292,2024-10-24 10:08:11
518,40,72,10,,,126.83117137071737,37.194276207714324,126.8107835237605,37.20644035237624,2024-10-24 10:08:13
519,58,19,10,,,126.83579382413303,37.20748256844846,126.82812761959369,37.19599996323212,2024-10-24 10:08:17
520,69,30,10,,,126.8380589585924,37.20767543662321,126.83205357681231,37.19880466553441,2024-10-24 10:09:18
521,54,33,10,,,126.83199955368643,37.210596473716286,126.82936028410288,37.20157181526787,2024-10-24 10:09:22
522,23,32,10,,,126.8203508694397,37.19194797310068,126.83190320921477,37.20157495490051,2024-10-24 10:09:42
523,58,32,10,,,126.83537143256693,37.20752795348959,126.83158943609568,37.20123807428027,2024-10-24 10:10:08
524,56,41,10,,,126.83472880192726,37.204655675058454,126.8339286477224,37.1966619507625,2024-10-24 10:10:16
525,72,44,10,,,126.81064949829404,37.20628501177747,126.82123760385977,37.18815319847396,2024-10-24 10:10:29
526,56,41,10,,,126.8348078632036,37.20485423479315,126.83347727380107,37.196824021854404,2024-10-24 10:10:36
527,58,19,10,,,126.83594968790099,37.208166541107474,126.82875821197989,37.1945847922952,2024-10-24 10:11:47
528,56,31,10,,,126.83562370010361,37.20650523944726,126.8299181166092,37.19795601521561,2024-10-24 10:12:13
529,59,15,10,,,126.83212916565314,37.20799066842391,126.81739151825408,37.205877876941095,2024-10-24 10:13:45
530,32,54,10,,,126.83264892106494,37.202682761881924,126.83231761872374,37.21018290438895,2024-10-24 10:14:52
531,58,33,10,,,126.83609840874077,37.208610038819366,126.83018468544161,37.200442627907584,2024-10-24 10:14:58
532,17,54,10,,,126.82595532528282,37.196353820060715,126.83200830637944,37.21026869173025,2024-10-24 10:15:03
533,40,72,10,,,126.83121687660338,37.19333878640467,126.81132901544977,37.2061921272121,2024-10-24 10:15:26
534,11,17,10,,,126.81458543188984,37.20885264489327,126.8267202352686,37.196142414092165,2024-10-24 10:15:49
535,56,41,10,,,126.83431415496068,37.204792294164555,126.83440521639854,37.19775582924372,2024-10-24 10:15:56
536,70,17,10,,,126.83745777055742,37.209233149548105,126.82733177869535,37.19704201378208,2024-10-24 10:16:14
537,56,41,10,,,126.83583109982989,37.20548255097695,126.83352054729733,37.19814107375071,2024-10-24 10:16:15
538,12,50,10,,,126.81861350061571,37.20439942167955,126.82240102391127,37.21188738675861,2024-10-24 10:16:17
539,54,17,10,,,126.83189737574976,37.21018324993373,126.82659347898256,37.19676880532414,2024-10-24 10:16:20
540,58,33,10,,,126.83576564979246,37.207991708604254,126.82842609068912,37.201500301829505,2024-10-24 10:16:27
541,2,19,10,,,126.8212401498528,37.20537499213092,126.82862017075468,37.19488108466739,2024-10-24 10:16:31
542,54,33,10,,,126.83254085560176,37.209365900090624,126.82953193818628,37.20057252654896,2024-10-24 10:16:41
543,58,19,10,,,126.83492556839461,37.20939545461048,126.82846387054053,37.19413272999233,2024-10-24 10:16:56
544,70,17,10,,,126.83820508535179,37.20895889786754,126.82697965945846,37.19647060256539,2024-10-24 10:18:06
545,19,10,10,,,126.82811996545583,37.19576892393802,126.8165095315967,37.210070419929714,2024-10-24 10:18:55
546,56,41,10,,,126.83575127851407,37.204828972569665,126.8342753187639,37.19799053022264,2024-10-24 10:19:06
547,19,10,10,,,126.8282029438478,37.19522854412892,126.81659544650867,37.21029626265254,2024-10-24 10:19:11
548,32,59,10,,,126.8321550930502,37.201422015032115,126.83241832337262,37.20751006181912,2024-10-24 10:19:21
549,72,57,10,,,126.81158900845199,37.208130117466055,126.83279317982665,37.20379313884982,2024-10-24 10:19:55
550,12,19,10,,,126.819427748309,37.20562602683409,126.82849256060832,37.195379048920586,2024-10-24 10:20:18
551,71,70,10,,,126.83915468451863,37.20446375310142,126.83849844220883,37.20968306891445,2024-10-24 10:20:18
552,42,70,10,,,126.83209780482431,37.19538965174495,126.83708502566151,37.21004584490072,2024-10-24 10:20:25
553,56,33,10,,,126.83439389769522,37.206122071266414,126.83025798886773,37.20040233011976,2024-10-24 10:20:44
554,70,10,10,,,126.83740776772858,37.210007519245465,126.81601377292617,37.20869367891673,2024-10-24 10:20:56
555,54,33,10,,,126.8329879931457,37.210525633651564,126.82833960332054,37.20001707467165,2024-10-24 10:21:06
556,54,33,10,,,126.8335137381421,37.20935151761779,126.82862502763987,37.20161440963307,2024-10-24 10:21:09
557,56,32,10,,,126.83406450384805,37.20518543520897,126.8320033076548,37.20149212105525,2024-10-24 10:21:50
558,11,58,10,,,126.8135538211935,37.20765128186696,126.83511204742686,37.208800057458575,2024-10-24 10:22:15
559,54,33,10,,,126.83294047691926,37.20997493749978,126.82967638474683,37.20133483580273,2024-10-24 10:22:18
560,58,19,10,,,126.8360176407913,37.207703709920644,126.82971445256966,37.19413610415898,2024-10-24 10:22:38
561,32,59,10,,,126.83252373381453,37.202534814037854,126.83270000660892,37.2064696634486,2024-10-24 10:23:27
562,17,54,10,,,126.82662614305151,37.19749173763414,126.83290419082412,37.21004980861635,2024-10-24 10:23:56
563,12,17,10,,,126.81948213693771,37.20547969727982,126.82681759616817,37.19739711675012,2024-10-24 10:24:01
564,56,68,10,,,126.83432400215933,37.20657218873745,126.83936086192978,37.20178945986256,2024-10-24 10:24:27
565,58,33,10,,,126.8341894926087,37.209286614610384,126.83020939084756,37.20106690447106,2024-10-24 10:24:29
566,37,62,10,,,126.82100443420244,37.19692438226826,126.83737428201546,37.21316298414799,2024-10-24 10:24:36
567,56,41,10,,,126.8353631597862,37.20634093126851,126.83429542930504,37.196403853317484,2024-10-24 10:25:41
568,41,70,10,,,126.83484771399458,37.19637461744077,126.83755385657838,37.208745932365154,2024-10-24 10:26:09
569,54,33,10,,,126.83280864920211,37.210915102501716,126.82968015747542,37.20039660779006,2024-10-24 10:26:24
570,58,33,10,,,126.83418520540478,37.207999525971665,126.82837288029849,37.20086001556988,2024-10-24 10:26:30
571,11,17,10,,,126.81375550346222,37.207266033403315,126.82681313893295,37.19632632990263,2024-10-24 10:26:32
572,11,17,10,,,126.81455412512683,37.20731551786535,126.826590025763,37.19616428911316,2024-10-24 10:27:00
573,38,10,10,,,126.82462082500246,37.201570920989596,126.81686863899434,37.20984872665387,2024-10-24 10:27:03
574,54,33,10,,,126.8327450180567,37.20935833011769,126.82886920884889,37.200897876975695,2024-10-24 10:27:27
575,58,32,10,,,126.83509114132916,37.209224211750445,126.83176525632173,37.20092194782389,2024-10-24 10:28:07
576,70,18,10,,,126.8375761583487,37.209525693285684,126.8229240964613,37.19578104052588,2024-10-24 10:28:15
577,17,12,10,,,126.82655523153602,37.196962491876484,126.81922075201042,37.20463473923862,2024-10-24 10:28:33
578,58,33,10,,,126.8359023845017,37.20785757021546,126.82957578215508,37.20071741098087,2024-10-24 10:28:37
579,17,54,10,,,126.82706576087936,37.19597447311936,126.83226730629477,37.21069616548333,2024-10-24 10:29:01
580,10,17,10,,,126.81620739022998,37.20855015144295,126.82689932550154,37.1962136424007,2024-10-24 10:29:23
581,58,19,10,,,126.83492307684568,37.20910202540519,126.8292326149521,37.19409379334315,2024-10-24 10:29:34
582,71,61,10,,,126.8392579292545,37.20430286408619,126.83250039859787,37.21523609009362,2024-10-24 10:29:38
583,56,41,10,,,126.834170146281,37.20596780714926,126.8349376277385,37.19677930732689,2024-10-24 10:29:41
584,42,70,10,,,126.83097699475987,37.195817768593116,126.83865852144845,37.21003606697148,2024-10-24 10:30:02
585,2,48,10,,,126.82189033278343,37.206851029989934,126.83044805862798,37.21454548390177,2024-10-24 10:30:39
586,70,34,10,,,126.83851025816719,37.20868694807786,126.82134557170144,37.20264406398163,2024-10-24 10:30:48
587,17,54,10,,,126.8269507147226,37.19690094116397,126.83269350038499,37.210184101179905,2024-10-24 10:31:13
588,72,70,10,,,126.8119639472592,37.2071541956983,126.83790698525758,37.20872180305384,2024-10-24 10:32:08
589,70,33,10,,,126.837974844181,37.21011698928769,126.82876543883245,37.20118226995148,2024-10-24 10:32:43
590,58,33,10,,,126.83510243844013,37.208547690214196,126.8293190598885,37.20149113689756,2024-10-24 10:32:44
591,71,51,10,,,126.83991806030085,37.20539766582471,126.819909299999,37.21072665948074,2024-10-24 10:32:57
592,10,17,10,,,126.81684212796988,37.20854736105575,126.8256377581222,37.19769309597296,2024-10-24 10:32:57
593,10,17,10,,,126.81620542317508,37.20903486293301,126.8263105138328,37.19721362812816,2024-10-24 10:32:58
594,69,30,10,,,126.83694265988345,37.207022075811736,126.83216216562599,37.19986841456122,2024-10-24 10:33:15
595,17,54,10,,,126.8257798166062,37.196347309789694,126.83291070838213,37.21087744492211,2024-10-24 10:33:25
596,58,33,10,,,126.83448419300457,37.20854290380517,126.82842660933102,37.199741710346764,2024-10-24 10:33:36
597,56,41,10,,,126.8355486554919,37.20490994699345,126.8343714417835,37.19634561624744,2024-10-24 10:34:30
598,54,33,10,,,126.83309714657676,37.20976645009404,126.82916142384776,37.2012000028657,2024-10-24 10:34:35
599,11,17,10,,,126.81364618267452,37.20760603978231,126.82732254468975,37.196889338146576,2024-10-24 10:35:13
600,54,17,10,,,126.83169602244934,37.210970923550015,126.82603856474739,37.19649183665568,2024-10-24 10:36:03
601,17,12,10,,,126.82669613963644,37.19715650609466,126.81935723673071,37.2057884607796,2024-10-24 10:36:41
602,71,7,10,,,126.84101149667835,37.2058723248186,126.82827198450893,37.20770745734463,2024-10-24 10:37:20
603,10,17,10,,,126.81716064790936,37.20949929893078,126.82618788778363,37.19666119734461,2024-10-24 10:38:05
604,17,54,10,,,126.82639555914201,37.19678051628106,126.8325031492951,37.21056286783496,2024-10-24 10:38:20
605,58,33,10,,,126.83602981648134,37.20774285918296,126.82993507570364,37.20133917654583,2024-10-24 10:38:28
606,54,33,10,,,126.83198650838676,37.209527237279154,126.83010281021771,37.20121244077088,2024-10-24 10:38:41
607,17,54,10,,,126.826955845502,37.195998053544315,126.83240561196877,37.21084004010984,2024-10-24 10:39:05
608,19,10,10,,,126.8295822228085,37.19456951488971,126.81736877574467,37.210309238944255,2024-10-24 10:39:05
609,58,19,10,,,126.83575857365247,37.20797629590682,126.8279951331907,37.19407842912263,2024-10-24 10:40:00
610,42,70,10,,,126.83112072547704,37.19655775243318,126.83687238201144,37.210422087788935,2024-10-24 10:40:57
611,59,15,10,,,126.8325005445929,37.20681539548067,126.81762246173675,37.20552432418855,2024-10-24 10:41:04
612,58,19,10,,,126.83580492897121,37.207539314218344,126.82804861492619,37.19469041607492,2024-10-24 10:41:11
613,69,30,10,,,126.8370407289695,37.20729769886564,126.83112574808938,37.19910882908012,2024-10-24 10:41:53
614,42,70,10,,,126.83227080890623,37.19648852549521,126.8370196634241,37.20871290536567,2024-10-24 10:42:03
615,72,56,10,,,126.81104121675122,37.20737643313009,126.8342503940915,37.20469439067841,2024-10-24 10:42:40
616,54,33,10,,,126.83258228397992,37.209347614556414,126.82931349338894,37.20038603065541,2024-10-24 10:42:50
617,26,47,10,,,126.81889091269946,37.194116887839236,126.82802504016855,37.210652837480936,2024-10-24 10:43:15
618,27,30,10,,,126.82634598819872,37.199913346376434,126.83184389375818,37.19805759014068,2024-10-24 10:43:20
619,11,70,10,,,126.8141031897739,37.207883941536764,126.83704719734581,37.209324617310166,2024-10-24 10:43:37
620,70,17,10,,,126.83869210878625,37.20967062979098,126.82689630610248,37.1960509269779,2024-10-24 10:43:39
621,10,17,10,,,126.81680941260527,37.20969320613146,126.8273370530017,37.19727500579706,2024-10-24 10:44:02
622,58,19,10,,,126.83439066256724,37.208345517249796,126.82952490147304,37.195844984697914,2024-10-24 10:44:05
623,10,56,10,,,126.81761027736432,37.208556987703304,126.83538970867751,37.20650276418593,2024-10-24 10:44:14
624,37,1,10,,,126.82200959340567,37.19702733471991,126.81530294552685,37.19883047369352,2024-10-24 10:44:22
625,3,40,10,,,126.82417308819315,37.21009548241074,126.83145318343423,37.19352525370002,2024-10-24 10:44:53
626,54,46,10,,,126.83212869727086,37.2106390312405,126.82929875723094,37.211945824722726,2024-10-24 10:46:01
627,42,70,10,,,126.83161190041011,37.19540109928913,126.83811877362545,37.20855647878265,2024-10-24 10:46:13
628,26,52,10,,,126.81809128657797,37.19440036280608,126.83031358379942,37.2184601208862,2024-10-24 10:47:25
629,71,66,10,,,126.84090656083318,37.20509688139616,126.83769099166699,37.20398819243157,2024-10-24 10:47:35
630,56,41,10,,,126.8348256457652,37.20643407517323,126.83439734158168,37.19769175407646,2024-10-24 10:47:50
631,70,10,10,,,126.8376019360537,37.21043692561844,126.81794054499339,37.21032682860083,2024-10-24 10:47:55
632,69,30,10,,,126.83738544566626,37.207607561707384,126.83137857513685,37.19813299310891,2024-10-24 10:48:05
633,23,32,10,,,126.82030854461557,37.19143731546529,126.83178462727028,37.202433616035066,2024-10-24 10:48:33
634,70,18,10,,,126.83759060739504,37.20854209161373,126.82465944299224,37.19615416157952,2024-10-24 10:49:10
635,10,17,10,,,126.81663395780062,37.2086216126934,126.8258193540987,37.19668030551205,2024-10-24 10:49:50
636,56,32,10,,,126.83435776033575,37.20595432588179,126.83283093529944,37.20124303108849,2024-10-24 10:50:33
637,47,49,10,,,126.82781777495208,37.210630637966126,126.82833701451722,37.21423035917579,2024-10-24 10:51:03
638,58,19,10,,,126.83432253002323,37.20855889638613,126.82945380860416,37.194238643454476,2024-10-24 10:51:04
639,42,70,10,,,126.8320109021548,37.19536170760044,126.83767751068217,37.2092426005795,2024-10-24 10:51:22
640,54,33,10,,,126.83364662095423,37.21013550374581,126.82948900037127,37.19981176654569,2024-10-24 10:52:04
641,58,33,10,,,126.83459860372508,37.20862663244183,126.82880998748543,37.199985032480924,2024-10-24 10:52:20
642,10,17,10,,,126.81739105172426,37.20969737331483,126.8274010248971,37.19607113010656,2024-10-24 10:52:43
643,56,33,10,,,126.83537365638159,37.20619469120486,126.82990622045978,37.20075890134958,2024-10-24 10:52:44
644,62,6,10,,,126.8380958216143,37.21157722479432,126.82353774585789,37.20386491256811,2024-10-24 10:52:51
645,54,33,10,,,126.8321903823476,37.21083848823928,126.82981382614561,37.200409521726144,2024-10-24 10:53:27
646,17,56,10,,,126.82581950488778,37.19618287955397,126.83461036066602,37.20476163496023,2024-10-24 10:53:34
647,42,70,10,,,126.8311048191709,37.195395053533076,126.83792552646271,37.20870802673073,2024-10-24 10:54:00
648,11,17,10,,,126.81352941534954,37.2073822608196,126.82577953911755,37.197513598901615,2024-10-24 10:54:20
649,56,41,10,,,126.83557252937749,37.205428824634765,126.83414131603155,37.19684845841634,2024-10-24 10:54:40
650,58,33,10,,,126.83417213943589,37.208545967967986,126.82974101471459,37.20043077903211,2024-10-24 10:54:45
651,54,33,10,,,126.83271959684745,37.21005212363253,126.83026437455298,37.200191682166015,2024-10-24 10:55:05
652,58,33,10,,,126.8342502619298,37.20901573116478,126.82937313796135,37.20164884551122,2024-10-24 10:55:20
653,3,39,10,,,126.82511677194061,37.2098399066084,126.82202234041,37.19940886893591,2024-10-24 10:55:27
654,58,19,10,,,126.83419524365596,37.20944000784294,126.8287705914574,37.19484361321005,2024-10-24 10:55:59
655,70,17,10,,,126.83809693857495,37.209957460925025,126.82629887931448,37.197542947272034,2024-10-24 10:56:05
656,17,54,10,,,126.82692562770806,37.197283212726475,126.83210897229458,37.2100762076533,2024-10-24 10:56:09
657,58,19,10,,,126.83550564999331,37.20825981822147,126.82803426796706,37.19590997855323,2024-10-24 10:56:13
658,33,56,10,,,126.82856274773589,37.20058494638971,126.83479130160588,37.2063582224928,2024-10-24 10:57:07
659,56,41,10,,,126.83392791934827,37.20602984090553,126.83475365863335,37.1968659900152,2024-10-24 10:57:18
660,17,54,10,,,126.82574012642114,37.19665734372722,126.83326365020376,37.21032427009233,2024-10-24 10:57:20
661,58,33,10,,,126.83460618173473,37.20780607866486,126.82979048357966,37.20030179160095,2024-10-24 10:57:42
662,42,70,10,,,126.83115418252417,37.19643220389563,126.83783777833138,37.20957502755433,2024-10-24 10:57:49
663,1,12,10,,,126.81593454873828,37.19866859729103,126.81951408365835,37.20478726810506,2024-10-24 10:57:52
664,56,31,10,,,126.8340006927679,37.204667495439026,126.82993067436068,37.19757823863128,2024-10-24 10:58:54
665,17,54,10,,,126.8254247863254,37.19648771858594,126.83330232030586,37.20946654392316,2024-10-24 10:59:05
666,61,37,10,,,126.83216425587518,37.215472166762794,126.8220951949621,37.19759682206134,2024-10-24 10:59:16
667,3,17,10,,,126.82492770161338,37.21014951236815,126.82612467843231,37.1973510820757,2024-10-24 10:59:22
668,54,33,10,,,126.83344471794403,37.20973100346666,126.82837298587977,37.20120864344534,2024-10-24 10:59:37
669,70,42,11,,,126.83792887269043,37.20964657767426,126.83056094353516,37.19536186347332,2024-10-24 11:00:45
670,58,19,11,,,126.8345392539147,37.208945994534616,126.82958707859558,37.19577252867979,2024-10-24 11:00:53
671,42,70,11,,,126.83180425771437,37.19646888943881,126.83820578269348,37.20903717554449,2024-10-24 11:01:13
672,17,54,11,,,126.82699292356608,37.196445372404455,126.83335758156178,37.20981537308954,2024-10-24 11:01:22
673,51,34,11,,,126.81903263423146,37.210598774799806,126.82200921864576,37.2027874296582,2024-10-24 11:01:29
674,32,54,11,,,126.83299416396883,37.2020573058627,126.83250901979672,37.20971232703926,2024-10-24 11:01:44
675,51,34,11,,,126.81997530691824,37.21016977399556,126.82195440744015,37.203596746082084,2024-10-24 11:02:33
676,54,33,11,,,126.83349260167948,37.210289752021296,126.82927560126296,37.201042190695276,2024-10-24 11:02:41
677,63,39,11,,,126.83499932323942,37.21163953293028,126.82237440765503,37.20107076992841,2024-10-24 11:02:43
678,56,33,11,,,126.83500972084758,37.20565677795732,126.82994847998886,37.2004230580494,2024-10-24 11:03:26
679,58,17,11,,,126.83472336060117,37.20883984430285,126.82547023221277,37.19727682813769,2024-10-24 11:04:14
680,56,17,11,,,126.83453720559787,37.205166145027405,126.82676147728831,37.19717877659456,2024-10-24 11:04:19
681,42,70,11,,,126.83114728836401,37.196763080814804,126.83827439702203,37.209121184882356,2024-10-24 11:04:27
682,36,30,11,,,126.82333412145178,37.19844877171087,126.83213644035804,37.19817056064293,2024-10-24 11:04:51
683,69,30,11,,,126.83690176369598,37.2072174969318,126.83143847558033,37.19884937923907,2024-10-24 11:04:55
684,70,33,11,,,126.83782440710097,37.20925492957623,126.82968603069553,37.200245456062035,2024-10-24 11:04:57
685,56,33,11,,,126.83551125228357,37.20556110848244,126.83002745182577,37.200561980035694,2024-10-24 11:05:22
686,69,30,11,,,126.83695023886865,37.20587021133876,126.83091592901387,37.19843474477054,2024-10-24 11:05:58
687,55,62,11,,,126.83076713348294,37.20981500828,126.83732002074248,37.211374728265774,2024-10-24 11:06:29
688,17,12,11,,,126.82653098696524,37.197619496575115,126.81881959728715,37.20399064256013,2024-10-24 11:06:50
689,56,41,11,,,126.83419938313138,37.20469346357546,126.83363560516145,37.19753646363631,2024-10-24 11:07:16
690,12,36,11,,,126.81854381106163,37.204617546472015,126.82446178861754,37.19868020061262,2024-10-24 11:07:40
691,54,33,11,,,126.83266736655094,37.21076299462618,126.82987019121062,37.200883786483075,2024-10-24 11:07:46
692,72,70,11,,,126.81224118725692,37.2065387180436,126.83852150864399,37.210244031554275,2024-10-24 11:07:49
693,35,56,11,,,126.81975660161159,37.201914431539514,126.83579733167612,37.205810068532436,2024-10-24 11:08:02
694,19,15,11,,,126.82835006530777,37.195397177478036,126.81667887623011,37.20650053067392,2024-10-24 11:08:27
695,56,17,11,,,126.8348849752621,37.20560907860568,126.8262869952068,37.197544828097726,2024-10-24 11:08:55
696,56,41,11,,,126.83511377860746,37.20491927930424,126.83426038957192,37.197968828989595,2024-10-24 11:09:06
697,56,33,11,,,126.83539375148887,37.206286596612784,126.82882285199992,37.200484204378796,2024-10-24 11:09:35
698,37,72,11,,,126.82169208357935,37.197056370626456,126.8116170288412,37.207733884428926,2024-10-24 11:09:46
699,56,32,11,,,126.83502541818152,37.20632098533541,126.83110835800014,37.202722087971296,2024-10-24 11:10:08
700,17,70,11,,,126.826824758243,37.19590087417682,126.8383797660584,37.209346299580766,2024-10-24 11:10:51
701,20,59,11,,,126.81622908946075,37.19315467889549,126.83189034971863,37.20680641477191,2024-10-24 11:11:07
702,56,33,11,,,126.83489202563041,37.2047926497779,126.83025456347498,37.200147566497755,2024-10-24 11:11:17
703,11,58,11,,,126.81494283269473,37.20920146307334,126.83497982926788,37.207711026599405,2024-10-24 11:11:24
704,27,28,11,,,126.82564647019427,37.19978734263576,126.83014851658143,37.202986101304234,2024-10-24 11:11:49
705,58,19,11,,,126.8343717870918,37.208928813574175,126.82842441361122,37.194116097223095,2024-10-24 11:11:51
706,58,19,11,,,126.83570559594791,37.20849986717679,126.82895234942876,37.194353569742184,2024-10-24 11:12:33
707,1,48,11,,,126.815879155932,37.19781932466872,126.82952406719131,37.21411703958943,2024-10-24 11:12:37
708,31,54,11,,,126.82962117004678,37.19715014423132,126.83328274806982,37.21099284858333,2024-10-24 11:12:51
709,58,19,11,,,126.83448793126622,37.20804701004573,126.82824014228166,37.19540014646056,2024-10-24 11:13:12
710,56,33,11,,,126.83576916222643,37.205018006094015,126.829228365394,37.20045157584419,2024-10-24 11:13:22
711,18,53,11,,,126.8243682519254,37.195236947587475,126.83003325708779,37.206307151047106,2024-10-24 11:13:35
712,37,72,11,,,126.82223512986589,37.19710894348102,126.81261516566147,37.20796169232068,2024-10-24 11:13:40
713,39,26,11,,,126.82082164382733,37.200761291630236,126.81833229841108,37.194056658050194,2024-10-24 11:14:17
714,56,33,11,,,126.83461900766528,37.20464731318854,126.8299140988087,37.2009331052253,2024-10-24 11:15:08
715,56,33,11,,,126.83457267495923,37.20633155417216,126.82951417568054,37.20120061566409,2024-10-24 11:15:13
716,58,19,11,,,126.83525562057483,37.20894348007387,126.82943480346434,37.194510019702285,2024-10-24 11:15:18
717,21,39,11,,,126.81811484835877,37.196698263335215,126.82052453702916,37.2000579194608,2024-10-24 11:15:22
718,54,33,11,,,126.83301515468949,37.20919895049196,126.82998473770795,37.2014795429529,2024-10-24 11:16:00
719,56,41,11,,,126.83583591678348,37.20519011105286,126.83414149173909,37.19813693857861,2024-10-24 11:16:56
720,11,58,11,,,126.81478011727044,37.20789663229419,126.834307134351,37.2090733419416,2024-10-24 11:17:36
721,20,54,11,,,126.8160471302657,37.19294495851129,126.83244501976604,37.209763613246714,2024-10-24 11:17:39
722,58,19,11,,,126.83530105158461,37.20771878766236,126.82852731469609,37.194544861053416,2024-10-24 11:18:02
723,54,33,11,,,126.83177204881618,37.209721724539385,126.83006255427574,37.2012921396922,2024-10-24 11:20:12
724,27,30,11,,,126.82704827913294,37.20001053971098,126.83256601077954,37.198481685884985,2024-10-24 11:20:51
725,32,56,11,,,126.83144395215763,37.202199604474934,126.83547852381871,37.20571218949604,2024-10-24 11:23:25
726,42,70,11,,,126.8307563003037,37.195739577676434,126.83743096338333,37.20954620225611,2024-10-24 11:23:30
727,58,19,11,,,126.83603369602197,37.208045803316466,126.82881590349608,37.19527138995912,2024-10-24 11:24:37
728,42,70,11,,,126.83233489664141,37.19701553038642,126.83788080077028,37.21005322477469,2024-10-24 11:25:28
729,63,71,11,,,126.83580540043515,37.21078761132205,126.8400891492777,37.204038067990965,2024-10-24 11:26:20
730,32,54,11,,,126.83216527317451,37.20221996891326,126.83330391782667,37.21118298195402,2024-10-24 11:26:30
731,56,17,11,,,126.83445239588961,37.20656753915325,126.82710696260234,37.19654107122112,2024-10-24 11:27:19
732,58,19,11,,,126.83457547563145,37.20764254571,126.8285299561484,37.194461536377524,2024-10-24 11:27:32
733,46,31,11,,,126.82965932414307,37.21096642441915,126.82851260172849,37.1988200446876,2024-10-24 11:27:32
734,56,33,11,,,126.83502299173092,37.2054675963883,126.82849606447124,37.19966612229532,2024-10-24 11:27:32
735,11,17,11,,,126.81450536413669,37.209198544391015,126.82708721377914,37.19687684405391,2024-10-24 11:28:15
736,58,19,11,,,126.83608472491336,37.20937205854215,126.82897043831366,37.19466013671894,2024-10-24 11:28:26
737,54,17,11,,,126.83188171689835,37.210854779934785,126.82564108858315,37.19720717269063,2024-10-24 11:28:35
738,42,70,11,,,126.83131751669713,37.197046048835716,126.83721756170159,37.20861497993569,2024-10-24 11:29:17
739,70,17,11,,,126.83759773693363,37.20917233779058,126.8254174173012,37.19600625176485,2024-10-24 11:29:33
740,10,17,11,,,126.81646266167338,37.20926837825204,126.8255288981856,37.19630676422815,2024-10-24 11:30:01
741,58,19,11,,,126.8359560522234,37.209118621566034,126.8291614538897,37.19544408689494,2024-10-24 11:30:14
742,58,42,11,,,126.83541760818089,37.20793935035499,126.83103853818476,37.196952607753836,2024-10-24 11:30:25
743,56,33,11,,,126.83587007118601,37.20527504234779,126.82834981163512,37.201156260793674,2024-10-24 11:30:31
744,56,41,11,,,126.8357940770099,37.20580853183514,126.834584287298,37.19761620254176,2024-10-24 11:32:47
745,17,58,11,,,126.82713999738738,37.19728862683205,126.83516361887446,37.20910068938692,2024-10-24 11:33:04
746,45,42,11,,,126.82444115747022,37.212300137734374,126.8323872946747,37.19701156186287,2024-10-24 11:33:27
747,56,41,11,,,126.83474605919979,37.20640570042697,126.83462083139767,37.1974139426659,2024-10-24 11:34:24
748,56,40,11,,,126.83572909268099,37.20620508228711,126.83067404339019,37.193683533320645,2024-10-24 11:34:42
749,71,8,11,,,126.83942339907813,37.20427356676576,126.82412202051093,37.20718436344575,2024-10-24 11:34:59
750,18,17,11,,,126.82277913566068,37.19644765777325,126.82707147931244,37.19615516713526,2024-10-24 11:35:47
751,36,71,11,,,126.82305315778311,37.1981010438537,126.8393301441509,37.20569713607233,2024-10-24 11:36:10
752,17,54,11,,,126.82716140657166,37.19752991181085,126.83298146376599,37.20972174775418,2024-10-24 11:36:33
753,56,41,11,,,126.83455349250295,37.20603154324041,126.83394027593185,37.19642676578334,2024-10-24 11:37:02
754,56,33,11,,,126.83531292181463,37.20568688946616,126.82864258411283,37.19975733908407,2024-10-24 11:37:23
755,11,71,11,,,126.81397816486282,37.20805184330538,126.8399717279948,37.204541058171344,2024-10-24 11:37:58
756,32,58,11,,,126.8311944318973,37.20110877643739,126.83465038317037,37.20771454288152,2024-10-24 11:38:06
757,58,19,11,,,126.83609534586448,37.20910603140398,126.82920406605459,37.19405243614974,2024-10-24 11:38:19
758,17,54,11,,,126.82548055078728,37.1969875645455,126.83195959376582,37.209744302777914,2024-10-24 11:39:03
759,11,17,11,,,126.81427843581424,37.2090204410555,126.82721117384895,37.195927550341146,2024-10-24 11:39:05
760,58,19,11,,,126.8342788410602,37.20855897496156,126.82891697925297,37.19545019187994,2024-10-24 11:39:05
761,56,17,11,,,126.83504661657025,37.20560826899403,126.82662826576286,37.1966459658516,2024-10-24 11:40:19
762,53,53,11,,,126.83008637730131,37.20728625876455,126.82880192100266,37.206604033534035,2024-10-24 11:40:32
763,42,70,11,,,126.8314182143171,37.1961636284428,126.83708631205941,37.20991308960808,2024-10-24 11:40:42
764,70,42,11,,,126.83791378409953,37.20932769270048,126.8309709896384,37.19528564686896,2024-10-24 11:40:43
765,56,33,11,,,126.83518380595295,37.20656926178951,126.8294389385216,37.20144600466201,2024-10-24 11:41:14
766,70,33,11,,,126.83834928168119,37.20871253974161,126.82910449989387,37.2005411351633,2024-10-24 11:41:24
767,17,54,11,,,126.82620905924283,37.197131265968025,126.8334298036879,37.2099850599823,2024-10-24 11:41:33
768,11,58,11,,,126.81522442088499,37.20755202862468,126.83603120243531,37.2083567340745,2024-10-24 11:42:20
769,38,23,11,,,126.82379567641904,37.20229299318667,126.82071754159266,37.19090914921852,2024-10-24 11:43:04
770,56,41,11,,,126.83432815510064,37.20507760440699,126.83460902292155,37.19762472435004,2024-10-24 11:43:11
771,56,33,11,,,126.83508635192392,37.20631785176792,126.82921528257134,37.201210073211634,2024-10-24 11:43:13
772,56,32,11,,,126.83491986485188,37.20651166213379,126.8319908956312,37.20168508259506,2024-10-24 11:43:55
773,17,58,11,,,126.8262890526424,37.1959482139422,126.83494742019093,37.209285520212966,2024-10-24 11:44:04
774,56,17,11,,,126.8346237845166,37.20498394384566,126.82664923351294,37.196645069275164,2024-10-24 11:44:10
775,69,30,11,,,126.83762204394179,37.206108740056315,126.83110983444783,37.19982735240785,2024-10-24 11:44:28
776,33,54,11,,,126.82902484016967,37.1998443825084,126.83228605896723,37.210681894352525,2024-10-24 11:44:40
777,56,33,11,,,126.8358094399681,37.20598586803451,126.82842282380403,37.200392467819505,2024-10-24 11:44:41
778,56,33,11,,,126.83491712486043,37.20582155162617,126.82832294863276,37.20159349237676,2024-10-24 11:44:57
779,70,42,11,,,126.83713138014744,37.20860116760145,126.83204439168023,37.19555512460638,2024-10-24 11:45:06
780,56,32,11,,,126.83487258906275,37.2060962232298,126.83228203467529,37.20207392600962,2024-10-24 11:45:10
781,54,17,11,,,126.83271250689293,37.2093954341882,126.82680707213868,37.1970152357952,2024-10-24 11:45:10
782,54,33,11,,,126.83357078045601,37.21018168255156,126.82846436980468,37.20122483530953,2024-10-24 11:45:40
783,32,58,11,,,126.83159961542678,37.20146349898511,126.8354483088386,37.20779862793025,2024-10-24 11:45:51
784,56,41,11,,,126.83532952259547,37.20490826275013,126.83359142572544,37.19814631426501,2024-10-24 11:45:54
785,70,42,11,,,126.83874946398599,37.21031348553668,126.83184676507433,37.19684967110016,2024-10-24 11:46:14
786,11,58,11,,,126.81532044970564,37.20812791980773,126.8358012957066,37.20871310702659,2024-10-24 11:46:38
787,29,32,11,,,126.82598116008772,37.20161672662468,126.83228041526091,37.20272322665342,2024-10-24 11:46:43
788,53,61,11,,,126.82965106604753,37.20552847794991,126.83262590666884,37.21507217926617,2024-10-24 11:47:05
789,17,54,11,,,126.82689711908596,37.19624479882943,126.83346595114885,37.21103514445966,2024-10-24 11:47:08
790,53,64,11,,,126.83015282152809,37.20560315249348,126.84211878964287,37.20351410103838,2024-10-24 11:47:54
791,58,19,11,,,126.83421296064789,37.209333643503065,126.82905994978263,37.19589208523407,2024-10-24 11:48:26
792,11,33,11,,,126.81446835112263,37.20732659030378,126.82945724418792,37.20069941765813,2024-10-24 11:48:45
793,56,33,11,,,126.83534055670869,37.20595725370581,126.82983291327957,37.19989382958107,2024-10-24 11:48:55
794,70,17,11,,,126.83833065439254,37.20977622801656,126.82680738350905,37.19694085626823,2024-10-24 11:49:10
795,54,33,11,,,126.83218367263005,37.20939605545103,126.83029160523894,37.20012810343734,2024-10-24 11:49:23
796,56,17,11,,,126.83579366368411,37.20476021208428,126.82623767487954,37.196088431036564,2024-10-24 11:49:35
797,56,33,11,,,126.83577934626979,37.204740062504214,126.8292801373045,37.201343415085724,2024-10-24 11:50:15
798,70,42,11,,,126.83750643649884,37.210346622050686,126.83184274686414,37.19594070214751,2024-10-24 11:50:36
799,17,56,11,,,126.82705726610983,37.19665586146826,126.83474227516353,37.20518175925496,2024-10-24 11:50:46
800,56,41,11,,,126.83587579449537,37.20621398367814,126.83352865710721,37.19756273593611,2024-10-24 11:51:12
801,10,57,11,,,126.81620358235487,37.20973120424183,126.83283978699532,37.20489840335013,2024-10-24 11:51:21
802,58,19,11,,,126.83560997953424,37.20863542528247,126.82931601816003,37.194427766920676,2024-10-24 11:51:32
803,40,72,11,,,126.83058555476497,37.19385940280801,126.81150068659572,37.207043424902636,2024-10-24 11:52:07
804,56,32,11,,,126.83535627679467,37.206130166917596,126.83291074863006,37.201194474560424,2024-10-24 11:52:23
805,64,39,11,,,126.84312219020838,37.20300339444238,126.82057213563598,37.20013001886295,2024-10-24 11:52:35
806,69,30,11,,,126.83660891571398,37.20679966494237,126.83211571508168,37.198061872412765,2024-10-24 11:52:47
807,58,19,11,,,126.83536429682144,37.20932341833327,126.82884729100091,37.19535860917908,2024-10-24 11:52:48
808,69,30,11,,,126.83796506490758,37.20615006554418,126.83118620396536,37.199602258924045,2024-10-24 11:52:48
809,56,17,11,,,126.83396636216726,37.2053601171226,126.82708269239937,37.197138568508365,2024-10-24 11:53:11
810,27,5,11,,,126.8269939422031,37.200519335446224,126.82634207735012,37.20516421112795,2024-10-24 11:53:16
811,56,33,11,,,126.83458459680531,37.20502407682106,126.82840727410124,37.20118008154798,2024-10-24 11:53:20
812,35,55,11,,,126.81876717973172,37.202747045503564,126.82991407071623,37.20928365786906,2024-10-24 11:53:48
813,70,42,11,,,126.83791018213643,37.210134498524404,126.83083903493194,37.19703566168562,2024-10-24 11:54:23
814,58,19,11,,,126.83551895161968,37.208850911596485,126.8286293543748,37.194128788519706,2024-10-24 11:54:31
815,56,17,11,,,126.83568097748149,37.205486398935946,126.82567064259875,37.19610319770001,2024-10-24 11:54:36
816,32,11,11,,,126.83180742262219,37.2023665626712,126.81360577026923,37.20789630479304,2024-10-24 11:54:46
817,33,54,11,,,126.83013952290307,37.20078384617658,126.83347107074026,37.21108732125423,2024-10-24 11:55:10
818,58,17,11,,,126.83536529713676,37.208363843611174,126.82652938941301,37.19712069226864,2024-10-24 11:55:34
819,56,40,11,,,126.83468354086656,37.204899682857054,126.83209213457694,37.193500989939004,2024-10-24 11:55:39
820,11,17,11,,,126.81525716666025,37.20830229786331,126.8272783423175,37.19714377610637,2024-10-24 11:55:52
821,69,30,11,,,126.83711155045953,37.20617900655033,126.83203547935865,37.19870699397585,2024-10-24 11:56:05
822,28,46,11,,,126.82970731975473,37.20372853261388,126.83120954017616,37.210942870098265,2024-10-24 11:56:16
823,69,30,11,,,126.83854670238422,37.20712920101298,126.83206816714804,37.19948134224948,2024-10-24 11:56:34
824,54,33,11,,,126.83207523480452,37.21023976670903,126.82890497577942,37.20107265636486,2024-10-24 11:56:45
825,18,45,11,,,126.82278738143106,37.19480424762225,126.824785055566,37.21168275452502,2024-10-24 11:57:08
826,56,41,11,,,126.83566368417803,37.20571072490036,126.83326134135713,37.19704072801712,2024-10-24 11:57:26
827,56,41,11,,,126.83563014480038,37.20604590791376,126.83510682448184,37.19761970399157,2024-10-24 11:57:33
828,28,65,11,,,126.82966125967755,37.20416007726016,126.83402544389529,37.20019911470351,2024-10-24 11:57:34
829,27,57,11,,,126.8261335401586,37.199282477133316,126.83257781899329,37.20449551703333,2024-10-24 11:58:08
830,55,48,11,,,126.83058974166522,37.208693650833126,126.83091191373352,37.21436928792104,2024-10-24 11:58:10
831,17,54,11,,,126.82560205422682,37.19716200593095,126.8319406594665,37.21093127454404,2024-10-24 11:58:35
832,31,54,11,,,126.82940246048064,37.1974040554992,126.83297482136199,37.21109785009007,2024-10-24 11:58:48
833,19,29,11,,,126.82896885655981,37.19498399333528,126.82752879352044,37.20208901557121,2024-10-24 11:59:25
834,56,32,11,,,126.83495493605857,37.20531952057649,126.83118971004659,37.20214766509037,2024-10-24 11:59:36
835,12,17,11,,,126.81964823582221,37.20381338926913,126.82696899076812,37.196944792417064,2024-10-24 11:59:37
836,56,17,11,,,126.83465397401467,37.206109055183624,126.82563328344608,37.19645508568712,2024-10-24 11:59:58
837,33,56,12,,,126.82848795900257,37.20161707466625,126.83470759708804,37.2051947930332,2024-10-24 12:00:01
838,10,17,12,,,126.81758149733695,37.2089646919012,126.82668729653496,37.19719403849605,2024-10-24 12:00:19
839,32,54,12,,,126.83257807073429,37.20216480239619,126.83190754563252,37.21034944878544,2024-10-24 12:00:22
840,32,58,12,,,126.83141006316201,37.20149656448518,126.83495076962359,37.209067228907834,2024-10-24 12:00:29
841,56,17,12,,,126.83489259301635,37.20601845922046,126.82600484048226,37.19728058564334,2024-10-24 12:00:34
842,10,17,12,,,126.81727343010174,37.21003743688555,126.82656342102082,37.19739492504126,2024-10-24 12:01:16
843,56,33,12,,,126.83584816214338,37.20494721790318,126.8302589385874,37.199710044635594,2024-10-24 12:01:19
844,53,69,12,,,126.82981040305232,37.206838765708326,126.83680211134958,37.20771574274322,2024-10-24 12:01:47
845,33,70,12,,,126.82905666644818,37.20136180405587,126.83861497559992,37.20917036311068,2024-10-24 12:02:53
846,17,54,12,,,126.82659031476702,37.1960254104715,126.83269717405656,37.20946292258984,2024-10-24 12:02:56
847,58,33,12,,,126.83456865596736,37.20918596993363,126.82958009130923,37.199891639783,2024-10-24 12:03:33
848,58,33,12,,,126.83444091634011,37.208169689952754,126.82852905669019,37.20073848951592,2024-10-24 12:04:04
849,33,56,12,,,126.82941345868451,37.20150413770658,126.83502695744201,37.20609519671236,2024-10-24 12:04:41
850,33,56,12,,,126.82976326280428,37.200883840586776,126.83471001942469,37.20650428927508,2024-10-24 12:05:27
851,11,32,12,,,126.81433024579141,37.20805070363196,126.83269518944988,37.20207186170053,2024-10-24 12:06:10
852,23,32,12,,,126.82007409281708,37.19175760391229,126.83265426932698,37.201953454023425,2024-10-24 12:06:21
853,58,33,12,,,126.83609731117205,37.20850093284224,126.82967715801753,37.20061143395434,2024-10-24 12:06:24
854,10,17,12,,,126.81717136841964,37.20873309752463,126.8261198961643,37.197672720054285,2024-10-24 12:06:42
855,42,70,12,,,126.83215905901903,37.19655702407429,126.83853135067663,37.20965020939358,2024-10-24 12:06:49
856,32,58,12,,,126.83230237763924,37.2010560618829,126.83584303332178,37.20796592005459,2024-10-24 12:07:16
857,56,17,12,,,126.83530397546193,37.20658200382206,126.82660078784394,37.19612371352156,2024-10-24 12:09:13
858,17,54,12,,,126.82586560097833,37.19664943764311,126.83223350744126,37.210222557040126,2024-10-24 12:09:29
859,17,54,12,,,126.82613006533471,37.196143451593215,126.8319085488702,37.21062807991075,2024-10-24 12:10:15
860,56,33,12,,,126.83434310587849,37.204672368986714,126.82988572405493,37.20050626891866,2024-10-24 12:10:17
861,10,17,12,,,126.81673916398418,37.20946936635554,126.82626223423219,37.19640230656059,2024-10-24 12:10:24
862,11,33,12,,,126.81522333491532,37.20761542368448,126.8302497444971,37.20098460947827,2024-10-24 12:10:52
863,33,8,12,,,126.82958602661415,37.20044399022553,126.82526304788625,37.20755933232104,2024-10-24 12:10:58
864,19,10,12,,,126.82855153166771,37.19548320235331,126.81719136909469,37.209245202630015,2024-10-24 12:11:26
865,56,17,12,,,126.83523582797872,37.20470006187899,126.82605602207958,37.19749037787643,2024-10-24 12:11:38
866,42,70,12,,,126.83081982722634,37.19595843449348,126.83808003716813,37.21032607011769,2024-10-24 12:12:03
867,63,56,12,,,126.83559691843155,37.2120402949538,126.83514912433377,37.20537106968715,2024-10-24 12:12:39
868,70,10,12,,,126.83796075756185,37.20873703647204,126.81732601962939,37.210010861392945,2024-10-24 12:13:04
869,33,56,12,,,126.82912218631684,37.20057530088168,126.83425879928174,37.20465222219608,2024-10-24 12:13:16
870,42,70,12,,,126.8324691796985,37.19540708062613,126.83843006992225,37.20883862541327,2024-10-24 12:13:23
871,32,59,12,,,126.83256680260361,37.201572961038366,126.83218807350237,37.2073427131113,2024-10-24 12:13:54
872,41,70,12,,,126.83474019185368,37.19703414116583,126.83761991839398,37.209269685271195,2024-10-24 12:14:22
873,33,56,12,,,126.8287741336546,37.201019608816495,126.83581962108236,37.205274380681004,2024-10-24 12:15:02
874,19,10,12,,,126.82813061551552,37.194791251461396,126.81705559979885,37.20837138759428,2024-10-24 12:15:41
875,17,54,12,,,126.82606606897676,37.19659886761179,126.8330223472772,37.20942015188897,2024-10-24 12:15:43
876,11,70,12,,,126.81406478162297,37.207382855639494,126.83723228134858,37.20862514618042,2024-10-24 12:15:49
877,58,33,12,,,126.83421706620729,37.2074765143139,126.82926481473494,37.20123273334487,2024-10-24 12:16:35
878,54,17,12,,,126.83255820927819,37.21066866095035,126.82645910412214,37.19602246365597,2024-10-24 12:16:53
879,33,56,12,,,126.83024638428869,37.201054166587305,126.83544866409359,37.20576925650056,2024-10-24 12:17:04
880,42,70,12,,,126.83181060828174,37.196068472004164,126.83748804627618,37.209439238936866,2024-10-24 12:17:21
881,41,56,12,,,126.8344619684132,37.197138646008256,126.83490626974134,37.205374767595195,2024-10-24 12:18:23
882,10,17,12,,,126.81627878877758,37.21001848245729,126.82716139110529,37.1972355858331,2024-10-24 12:18:53
883,36,52,12,,,126.82444537261341,37.19830009134181,126.83071047612675,37.21681610462876,2024-10-24 12:19:07
884,56,33,12,,,126.83533912159254,37.205181309558725,126.82877989437333,37.20111999700526,2024-10-24 12:19:15
885,58,50,12,,,126.83511326346088,37.20854412275574,126.82246661526086,37.21163391714311,2024-10-24 12:20:07
886,58,33,12,,,126.83445030234205,37.20933108509541,126.8298037225348,37.20112225702018,2024-10-24 12:21:18
887,38,71,12,,,126.82319248823273,37.20169813353939,126.84021743007051,37.20441016130293,2024-10-24 12:21:32
888,10,17,12,,,126.81666686926926,37.209309984800285,126.82679253570497,37.197088484743354,2024-10-24 12:21:41
889,68,8,12,,,126.8401474249107,37.2026148515515,126.82439151863558,37.20702850664245,2024-10-24 12:21:53
890,59,15,12,,,126.83199829649033,37.207842582417534,126.81761561736886,37.20718565638257,2024-10-24 12:22:05
891,58,33,12,,,126.83572186026393,37.20748879001266,126.82910588997801,37.20083517658439,2024-10-24 12:22:09
892,42,70,12,,,126.83152587134563,37.196461778835754,126.83859799809741,37.21001258162826,2024-10-24 12:22:11
893,41,54,12,,,126.83495948437348,37.196919159930445,126.83219758649385,37.20956777937775,2024-10-24 12:22:12
894,17,54,12,,,126.8263698396257,37.19674336336695,126.8326755623935,37.210401896454414,2024-10-24 12:23:33
895,42,70,12,,,126.83166586683352,37.195836006315595,126.83750701375206,37.21015956106172,2024-10-24 12:24:38
896,56,17,12,,,126.8356730538451,37.205020061251595,126.82590541168182,37.19664385297443,2024-10-24 12:25:30
897,17,12,12,,,126.82585141795535,37.1977149884583,126.81988188510951,37.20460034607958,2024-10-24 12:25:41
898,15,66,12,,,126.81709334245801,37.20625355075177,126.83740312167666,37.2045788797037,2024-10-24 12:25:50
899,42,70,12,,,126.8314783880185,37.196342720700244,126.83855524850013,37.21045271816072,2024-10-24 12:26:00
900,28,59,12,,,126.83014758752083,37.20318235604907,126.83312202859267,37.20819349535048,2024-10-24 12:26:01
901,53,64,12,,,126.82889002226882,37.20550291692535,126.842613424221,37.20401086031096,2024-10-24 12:27:06
902,32,59,12,,,126.83270922361532,37.20221806958298,126.83294327595476,37.20769634329554,2024-10-24 12:27:10
903,33,56,12,,,126.82995642275641,37.20101317869793,126.83577152218778,37.20479497693402,2024-10-24 12:27:14
904,17,54,12,,,126.82653282885094,37.19696835528719,126.83311098302356,37.209230714565116,2024-10-24 12:27:40
905,68,38,12,,,126.83905177434401,37.20245465228571,126.82330220796172,37.201366113519654,2024-10-24 12:27:58
906,42,70,12,,,126.83228562102497,37.19535786813389,126.83721664942041,37.210465762420576,2024-10-24 12:28:06
907,56,32,12,,,126.83404565761353,37.20501892054449,126.83121993847071,37.20101975278763,2024-10-24 12:28:11
908,70,19,12,,,126.83840723235342,37.21018358233127,126.82910005576944,37.194151428806045,2024-10-24 12:28:23
909,56,32,12,,,126.83494194983183,37.20589356532146,126.83222565820948,37.2023464228624,2024-10-24 12:28:49
910,38,49,12,,,126.8242503841667,37.20127635259449,126.82753689229948,37.21366770640088,2024-10-24 12:28:53
911,32,59,12,,,126.8322229871237,37.20187584519706,126.832242555861,37.20836137494563,2024-10-24 12:28:54
912,56,17,12,,,126.8347331373193,37.20525865566372,126.82542673108364,37.19608107531974,2024-10-24 12:30:09
913,58,17,12,,,126.83612215028757,37.20795297898434,126.82687626500469,37.19616799999421,2024-10-24 12:30:14
914,72,56,12,,,126.812446837091,37.20804304201311,126.83590243033647,37.20574308197774,2024-10-24 12:30:14
915,49,49,12,,,126.82862699812368,37.21422470405048,126.82779132983704,37.214158546973586,2024-10-24 12:30:22
916,32,59,12,,,126.83289771612651,37.202312723242464,126.83246433465084,37.206578334832386,2024-10-24 12:30:29
917,51,34,12,,,126.81906243714589,37.21024736725196,126.82216368271838,37.20210044894003,2024-10-24 12:30:44
918,42,70,12,,,126.83081316219001,37.19547517161291,126.83727586669814,37.20969131475715,2024-10-24 12:30:46
919,56,32,12,,,126.83445299796902,37.20587837812075,126.83137480465477,37.201992012282325,2024-10-24 12:31:05
920,72,33,12,,,126.8114960171303,37.20758110290642,126.82989919657297,37.199873987657796,2024-10-24 12:31:18
921,10,17,12,,,126.81755971103587,37.209228978286866,126.82562328471887,37.19674358300647,2024-10-24 12:31:35
922,17,54,12,,,126.82574675301426,37.19750424503958,126.83287356585338,37.21085420164325,2024-10-24 12:32:10
923,33,56,12,,,126.82918502824653,37.201517506439956,126.83435227019736,37.20477108020569,2024-10-24 12:32:11
924,56,17,12,,,126.83565052625441,37.20557730624629,126.82650270999522,37.19763935538493,2024-10-24 12:32:30
925,33,56,12,,,126.828751405645,37.20029352842348,126.8342742986134,37.20579034453127,2024-10-24 12:32:31
926,17,54,12,,,126.825728111966,37.1961910481437,126.83171678050087,37.210860204486636,2024-10-24 12:32:42
927,58,33,12,,,126.83609643089117,37.20792400386384,126.82982766842382,37.20124290651594,2024-10-24 12:33:18
928,56,33,12,,,126.83483609864253,37.20663884618528,126.8289747706715,37.201248632292895,2024-10-24 12:34:01
929,20,69,12,,,126.81632245756164,37.19281577190472,126.83694909891018,37.20693473731617,2024-10-24 12:34:25
930,33,56,12,,,126.82845904531847,37.19987871277715,126.83580276063847,37.205231422941885,2024-10-24 12:34:33
931,33,56,12,,,126.82971591048205,37.200737086679155,126.83448330887389,37.20516961867573,2024-10-24 12:35:15
932,70,42,12,,,126.83826907706477,37.20873376779905,126.83092980468324,37.19617871525826,2024-10-24 12:35:27
933,56,17,12,,,126.83560462268488,37.20627367887127,126.82634401535677,37.1964574100761,2024-10-24 12:35:43
934,68,9,12,,,126.84036231426695,37.20253929279125,126.8136687904481,37.20475016993784,2024-10-24 12:35:46
935,70,17,12,,,126.83799933502331,37.20978747026673,126.82584706501457,37.195867811496086,2024-10-24 12:35:53
936,72,5,12,,,126.81178192248763,37.207489755101506,126.82719429612858,37.206111023404006,2024-10-24 12:35:55
937,70,32,12,,,126.83695950945837,37.208620835603284,126.8328884327337,37.201354313819515,2024-10-24 12:36:06
938,56,17,12,,,126.83460306630845,37.20526224194918,126.82701503497877,37.19684897648587,2024-10-24 12:36:26
939,42,70,12,,,126.8321215497304,37.19655651381451,126.83794301010329,37.20913959766305,2024-10-24 12:36:27
940,10,17,12,,,126.81747726634691,37.20873112619842,126.82686047018068,37.197022878011744,2024-10-24 12:36:46
941,10,17,12,,,126.81756057159049,37.2092824702413,126.82585223274152,37.1965012775018,2024-10-24 12:36:50
942,63,48,12,,,126.83435888887585,37.21100865562275,126.83019292048125,37.215019925832,2024-10-24 12:36:58
943,56,33,12,,,126.83429311429397,37.20558321284614,126.82994877482543,37.201348861440245,2024-10-24 12:37:04
944,5,38,12,,,126.82717677838791,37.205138547122274,126.82330357379033,37.20090101777631,2024-10-24 12:37:28
945,58,33,12,,,126.83463970494992,37.20850050710796,126.82871172064102,37.20094282288844,2024-10-24 12:37:31
946,72,56,12,,,126.81131689289083,37.20697911642129,126.83590559685223,37.204959272204746,2024-10-24 12:37:32
947,59,33,12,,,126.83250992242527,37.20669846441548,126.82995311048042,37.20056455126395,2024-10-24 12:37:51
948,32,59,12,,,126.83297624229773,37.201714025037035,126.8329960365331,37.20753307990347,2024-10-24 12:37:52
949,72,33,12,,,126.8108528955135,37.20700637127456,126.82903020010916,37.20094303146414,2024-10-24 12:38:06
950,42,70,12,,,126.8307488334556,37.19521081176362,126.83724966784905,37.20886621305932,2024-10-24 12:38:45
951,17,54,12,,,126.82573830217889,37.19606337044177,126.83270516980983,37.21103836823515,2024-10-24 12:39:04
952,33,70,12,,,126.82929588408064,37.20140332053561,126.83865074685849,37.21050831866409,2024-10-24 12:39:13
953,42,70,12,,,126.83162776036583,37.196415124121685,126.8373879506628,37.21049827556481,2024-10-24 12:39:18
954,31,54,12,,,126.82835798748141,37.19704571945531,126.8321369142058,37.21014775696785,2024-10-24 12:39:19
955,33,56,12,,,126.83024084870755,37.200361973360856,126.8351214565241,37.20519593499034,2024-10-24 12:39:47
956,58,33,12,,,126.83567467346924,37.20776863848699,126.8293141117906,37.200163227377175,2024-10-24 12:40:42
957,21,3,12,,,126.81933218647573,37.19654250043678,126.82534517750867,37.2098289545367,2024-10-24 12:41:58
958,54,17,12,,,126.83298155377564,37.20950402321784,126.82602436075338,37.19754058287579,2024-10-24 12:42:11
959,56,17,12,,,126.83566331712841,37.206140742496096,126.82668519246423,37.19663959498444,2024-10-24 12:43:04
960,43,53,12,,,126.82294848675357,37.190673868437756,126.82990571261739,37.20655944511388,2024-10-24 12:43:43
961,10,17,12,,,126.81769376310349,37.209551517671876,126.82568562278371,37.19748706755234,2024-10-24 12:44:04
962,12,19,12,,,126.81965488408474,37.20443680389461,126.8295254834299,37.19507757456542,2024-10-24 12:44:16
963,46,11,12,,,126.82974562619816,37.21151088765849,126.81386840745479,37.20854642190297,2024-10-24 12:44:34
964,33,56,12,,,126.82973748504084,37.200707793950805,126.8358001614238,37.20583786442058,2024-10-24 12:44:47
965,17,54,12,,,126.82730012718352,37.197412246861845,126.83288494022041,37.20962666132962,2024-10-24 12:45:10
966,53,46,12,,,126.83025018815934,37.205800192317234,126.82963182439936,37.21242765442673,2024-10-24 12:45:11
967,33,56,12,,,126.82948643370784,37.200456069098465,126.8353825807884,37.20567840469493,2024-10-24 12:45:42
968,10,17,12,,,126.81621026722738,37.20964920830113,126.82720585662797,37.197008671795906,2024-10-24 12:45:49
969,33,58,12,,,126.82929960310396,37.20157734223249,126.83584725814379,37.207471901954435,2024-10-24 12:46:08
970,58,33,12,,,126.83599477703828,37.208695944319004,126.82956453803784,37.20165972907033,2024-10-24 12:46:49
971,38,54,12,,,126.82408324034415,37.201871520368975,126.83270829870354,37.20943421085467,2024-10-24 12:46:51
972,56,32,12,,,126.83447808341747,37.206012199873705,126.83261684306788,37.20223235850604,2024-10-24 12:47:22
973,27,27,12,,,126.82608851525279,37.19964469177265,126.82720865391033,37.200189659126785,2024-10-24 12:47:37
974,33,56,12,,,126.82865323916104,37.20012912481,126.8343872429587,37.20471504155924,2024-10-24 12:47:40
975,56,32,12,,,126.83468817624782,37.20611715500115,126.83152518632058,37.201503220842326,2024-10-24 12:48:48
976,70,18,12,,,126.83867915527276,37.208681277220634,126.82370405034489,37.19510646877751,2024-10-24 12:49:00
977,58,42,12,,,126.83593040555779,37.207728118949646,126.83142588386535,37.19608599742178,2024-10-24 12:49:27
978,33,58,12,,,126.82884508412407,37.200149895900054,126.83580296042938,37.20791706966638,2024-10-24 12:50:12
979,11,58,12,,,126.81520426176863,37.208721142266114,126.83565602422492,37.20753949425423,2024-10-24 12:50:14
980,33,58,12,,,126.8301341282954,37.20103199748141,126.83453241254743,37.20845665328285,2024-10-24 12:50:56
981,33,56,12,,,126.8298654709876,37.20034510439127,126.8357017773536,37.20600610863945,2024-10-24 12:51:42
982,56,17,12,,,126.83449457493413,37.20550378991949,126.82542005541629,37.19623207102864,2024-10-24 12:52:17
983,10,17,12,,,126.81782278426762,37.20951833496341,126.82649255809412,37.196872828238654,2024-10-24 12:52:30
984,10,17,12,,,126.81772450542108,37.20951746384929,126.82640786578904,37.19603740276049,2024-10-24 12:52:42
985,24,3,12,,,126.81799262081671,37.19106966739409,126.82559005980806,37.20960746267635,2024-10-24 12:52:53
986,32,59,12,,,126.83210037819887,37.2014233804144,126.83286122743168,37.20777189241473,2024-10-24 12:53:39
987,11,70,12,,,126.8142652597101,37.207979636045785,126.83691160811415,37.209448816198325,2024-10-24 12:54:01
988,17,54,12,,,126.82694059967157,37.196934932516854,126.83269349824147,37.21043989797167,2024-10-24 12:54:14
989,33,56,12,,,126.82882966015072,37.200692356238584,126.83549550822332,37.205718726071815,2024-10-24 12:54:48
990,33,56,12,,,126.8287037663665,37.20070208942867,126.83492982540892,37.20621083818366,2024-10-24 12:54:52
991,58,33,12,,,126.83559945713276,37.20924224650496,126.8290698112503,37.19970848852973,2024-10-24 12:54:59
992,11,32,12,,,126.81469423456576,37.20922083971488,126.831279967155,37.202260916864326,2024-10-24 12:55:03
993,33,56,12,,,126.82930301013266,37.2000163251212,126.83560986498075,37.204664340087696,2024-10-24 12:55:59
994,56,33,12,,,126.83585792671387,37.20466815026872,126.82908386917585,37.20109514790695,2024-10-24 12:56:32
995,70,19,12,,,126.83842077309717,37.20869944290521,126.82898222889754,37.194156229133725,2024-10-24 12:56:48
996,12,19,12,,,126.81940467444888,37.205272481088606,126.82861950825769,37.195175149060795,2024-10-24 12:56:59
997,70,10,12,,,126.83717601079921,37.210415128372055,126.8162242874498,37.208400809847646,2024-10-24 12:57:00
998,33,58,12,,,126.82862626451437,37.200902976662725,126.83597345572831,37.207672033182334,2024-10-24 12:57:05
999,56,33,12,,,126.83420090535955,37.206144058456196,126.82909911692762,37.20019879002085,2024-10-24 12:57:35
1000,46,8,12,,,126.82936890527135,37.21274232105544,126.824243501082,37.20663784457446,2024-10-24 12:57:57
1001,31,59,12,,,126.82928680596987,37.19701792080054,126.83196325751724,37.20746523964118,2024-10-24 12:58:38
1002,33,56,12,,,126.8285468099803,37.19972048425943,126.83517605330323,37.20477802781427,2024-10-24 12:58:50
1003,56,33,13,,,126.83483850097687,37.20487933356192,126.82978921012867,37.20125924797082,2024-10-24 13:00:06
1004,56,31,13,,,126.83441495165836,37.205888039948924,126.829801043383,37.19776757095427,2024-10-24 13:00:14
1005,56,33,13,,,126.83457529548907,37.20487059281884,126.82945211645901,37.200457881516556,2024-10-24 13:00:25
1006,17,54,13,,,126.82667000668702,37.197037414447664,126.83272065512759,37.209301730391374,2024-10-24 13:00:46
1007,19,10,13,,,126.82820469964662,37.19557419134128,126.81765334521936,37.209037695139195,2024-10-24 13:01:39
1008,71,72,13,,,126.83922043396619,37.204562287840275,126.8123447576618,37.20718719429267,2024-10-24 13:01:51
1009,56,33,13,,,126.83429676086791,37.20630700483276,126.83015883290793,37.201333433464704,2024-10-24 13:01:59
1010,15,49,13,,,126.81693923675722,37.2069845359197,126.82686130387141,37.21281971076848,2024-10-24 13:02:33
1011,51,35,13,,,126.81959788393281,37.210460687312654,126.81810864670422,37.202627378607495,2024-10-24 13:02:37
1012,32,59,13,,,126.83205805649739,37.201241289001274,126.83223444720026,37.20704491686655,2024-10-24 13:02:42
1013,32,54,13,,,126.83111944586884,37.2012574174109,126.8330649418015,37.209594866607844,2024-10-24 13:02:58
1014,17,54,13,,,126.82740035405232,37.197116910726336,126.83317756883058,37.21113555498332,2024-10-24 13:03:26
1015,56,17,13,,,126.83571608100142,37.20602282520995,126.82669782246214,37.19669679814774,2024-10-24 13:03:43
1016,69,30,13,,,126.83822832172139,37.20590478129011,126.83258155683883,37.1997054518417,2024-10-24 13:04:11
1017,12,19,13,,,126.81983321996768,37.205235822727964,126.82951759960737,37.19438063373887,2024-10-24 13:05:16
1018,70,33,13,,,126.83803887441758,37.20958624288772,126.82957559907564,37.200156245472584,2024-10-24 13:05:20
1019,58,17,13,,,126.83460836396179,37.208452763470916,126.82730707294581,37.196673452900825,2024-10-24 13:05:55
1020,56,32,13,,,126.83474264355583,37.20474098201844,126.8323434067602,37.20110300150529,2024-10-24 13:05:59
1021,56,17,13,,,126.8341350728806,37.20608821287593,126.82728130436168,37.19732710252535,2024-10-24 13:06:10
1022,59,51,13,,,126.83274655039018,37.20702951705388,126.81976015587955,37.21100425100929,2024-10-24 13:07:18
1023,56,33,13,,,126.83586742959952,37.20578565344398,126.8284896128599,37.200723676110584,2024-10-24 13:07:27
1024,59,3,13,,,126.83237013093202,37.207080659238656,126.82537629423612,37.209107697725955,2024-10-24 13:07:42
1025,70,33,13,,,126.83874220869845,37.20970006686173,126.82977464431637,37.19982590907574,2024-10-24 13:07:43
1026,58,19,13,,,126.8353789693946,37.20748916803711,126.82827934387775,37.19506295008107,2024-10-24 13:07:48
1027,17,54,13,,,126.825859054789,37.19750921326984,126.83287649169318,37.21049903286016,2024-10-24 13:08:13
1028,56,33,13,,,126.83490152355901,37.20587149925465,126.829309755606,37.201124152352364,2024-10-24 13:08:51
1029,33,69,13,,,126.82859142643102,37.20007929741369,126.83819446465986,37.20680642293415,2024-10-24 13:08:59
1030,17,54,13,,,126.82635732875507,37.19644197659768,126.83276819323459,37.210684104569914,2024-10-24 13:09:01
1031,17,54,13,,,126.82580183650171,37.19673148524555,126.83281454979037,37.209984112101004,2024-10-24 13:09:12
1032,33,58,13,,,126.8289390389063,37.20051871285839,126.8350314178399,37.20866939237187,2024-10-24 13:10:25
1033,11,17,13,,,126.81406007703814,37.20753394970362,126.82587160774338,37.196933951654316,2024-10-24 13:10:39
1034,33,54,13,,,126.829682896088,37.19970252731509,126.83227654084776,37.20990423076034,2024-10-24 13:10:43
1035,36,49,13,,,126.82405971443801,37.198139324767745,126.8269862330352,37.21455995910497,2024-10-24 13:10:47
1036,56,17,13,,,126.83466994372664,37.20540027655577,126.82723012500392,37.19730616088917,2024-10-24 13:10:54
1037,56,41,13,,,126.8346878622559,37.20578488257526,126.83496498770792,37.19738633901284,2024-10-24 13:11:19
1038,70,42,13,,,126.83813137297189,37.20968524928964,126.83202564401127,37.19569889957287,2024-10-24 13:11:32
1039,69,30,13,,,126.83675004334673,37.2070489397943,126.83192342141102,37.19979265528671,2024-10-24 13:11:48
1040,42,70,13,,,126.83252213913619,37.196969599567815,126.83779861899616,37.21027378730402,2024-10-24 13:12:05
1041,40,72,13,,,126.83229865403598,37.19235229433832,126.81185307617221,37.20740989508507,2024-10-24 13:12:36
1042,32,59,13,,,126.83293280851454,37.20114425512179,126.83287258594565,37.207499152680114,2024-10-24 13:12:43
1043,42,70,13,,,126.83136806217738,37.19556793927563,126.83866960336542,37.2104771594606,2024-10-24 13:13:11
1044,28,71,13,,,126.8288503278774,37.203852038876434,126.83922704251175,37.20544563003733,2024-10-24 13:13:37
1045,58,19,13,,,126.83502062765523,37.20928536229446,126.8288315155009,37.19408469830641,2024-10-24 13:13:47
1046,56,33,13,,,126.83590670372261,37.20624204799546,126.82898185789129,37.200493865143414,2024-10-24 13:14:09
1047,56,31,13,,,126.83420524204448,37.20474075689283,126.82816366337381,37.19815683939505,2024-10-24 13:14:10
1048,58,19,13,,,126.83448310496084,37.2085088554415,126.82794097919071,37.19478326013851,2024-10-24 13:14:45
1049,56,31,13,,,126.83446495558343,37.20640725502284,126.82973046405277,37.19810755648972,2024-10-24 13:16:42
1050,54,17,13,,,126.83246311081783,37.21023087979901,126.8265210213459,37.197239980404696,2024-10-24 13:16:46
1051,56,17,13,,,126.83520588256869,37.205291068853214,126.82573360750041,37.19719257973282,2024-10-24 13:17:04
1052,56,33,13,,,126.83452427480661,37.20622331029864,126.8289621210562,37.200679162118554,2024-10-24 13:17:22
1053,58,33,13,,,126.83491723330596,37.20928437782348,126.82964463461451,37.201065012106525,2024-10-24 13:17:36
1054,17,54,13,,,126.82640926567748,37.195939798216536,126.83193263877435,37.210741124766955,2024-10-24 13:17:55
1055,32,59,13,,,126.83282496333037,37.20207246799322,126.83166343043078,37.20709821588193,2024-10-24 13:18:31
1056,32,56,13,,,126.83230874151332,37.20085267521909,126.8346860200026,37.20465958764345,2024-10-24 13:18:31
1057,56,33,13,,,126.83458703454403,37.20632439760006,126.82938281972984,37.20041626441962,2024-10-24 13:19:08
1058,70,17,13,,,126.83797459602893,37.2093194946192,126.82676865302226,37.19616097348195,2024-10-24 13:19:53
1059,32,59,13,,,126.83229804805919,37.202481325607486,126.83220904997053,37.20684011483756,2024-10-24 13:19:58
1060,11,17,13,,,126.81529470010271,37.20727027097461,126.82603542879637,37.19619928586719,2024-10-24 13:20:36
1061,70,42,13,,,126.83794614574572,37.209993472726914,126.83149720492092,37.19523822868177,2024-10-24 13:20:45
1062,56,17,13,,,126.83448055888498,37.20619027331801,126.82599445889696,37.19610261344499,2024-10-24 13:20:47
1063,58,19,13,,,126.83441966956515,37.20900972102053,126.82951046615453,37.195778426728026,2024-10-24 13:21:11
1064,70,33,13,,,126.83862590374436,37.209765607526684,126.82833584017773,37.20073584938759,2024-10-24 13:21:19
1065,70,17,13,,,126.8384074265186,37.20913899996732,126.82724262269139,37.197128758096795,2024-10-24 13:21:36
1066,37,72,13,,,126.82055179232881,37.198102648730895,126.81127924204075,37.20623496876682,2024-10-24 13:21:40
1067,17,54,13,,,126.82570477948461,37.19684949970048,126.83211348277419,37.21019827771474,2024-10-24 13:21:47
1068,58,19,13,,,126.83547532755316,37.20900422879693,126.82818118114817,37.1945801371705,2024-10-24 13:21:47
1069,56,32,13,,,126.8346666084113,37.2053800581439,126.83185387344847,37.200881838077414,2024-10-24 13:22:02
1070,43,31,13,,,126.82404888396526,37.19079198396015,126.82964265070842,37.1977053970052,2024-10-24 13:22:10
1071,56,32,13,,,126.83495802212663,37.20569702475976,126.83222333325953,37.20213816371646,2024-10-24 13:22:28
1072,56,33,13,,,126.83568478864716,37.20624198995992,126.8302534999623,37.20037297394521,2024-10-24 13:22:38
1073,58,33,13,,,126.8355588768387,37.2090935385602,126.8293812432352,37.20100752339523,2024-10-24 13:22:41
1074,33,58,13,,,126.82962813689532,37.2014601334943,126.83489749371296,37.2076342446364,2024-10-24 13:23:19
1075,58,19,13,,,126.83467518367088,37.208557385916045,126.82947419479551,37.19592138439464,2024-10-24 13:23:54
1076,70,17,13,,,126.83738315169184,37.20875892593256,126.82626905044852,37.195832009725834,2024-10-24 13:24:31
1077,70,17,13,,,126.83875453223239,37.210341680688884,126.82652567996199,37.19577132686981,2024-10-24 13:25:12
1078,58,19,13,,,126.83498601095967,37.20756625435357,126.82905843184366,37.19439279474365,2024-10-24 13:26:11
1079,70,33,13,,,126.83719031526653,37.209250143759824,126.82947015037898,37.20087492937901,2024-10-24 13:26:15
1080,67,65,13,,,126.83416155051606,37.20300829620755,126.83377813071883,37.199498951740516,2024-10-24 13:27:21
1081,42,70,13,,,126.83189356203123,37.19556050158022,126.83722785741061,37.20894519645111,2024-10-24 13:28:11
1082,19,10,13,,,126.82856280483229,37.194881909961886,126.8171979314109,37.20897973906544,2024-10-24 13:28:14
1083,38,53,13,,,126.82377554448547,37.20224210481571,126.83040583450128,37.206788117757206,2024-10-24 13:28:15
1084,70,33,13,,,126.83772752191757,37.20978602626194,126.82995441622725,37.20051403223351,2024-10-24 13:29:03
1085,36,25,13,,,126.82489658765996,37.199495703946525,126.82190314083465,37.193898647488076,2024-10-24 13:29:21
1086,70,17,13,,,126.83864896902826,37.20997511174255,126.82657107340192,37.197750218754884,2024-10-24 13:29:40
1087,58,19,13,,,126.83419106484165,37.20756010696958,126.82796710113979,37.19584141357247,2024-10-24 13:30:17
1088,69,30,13,,,126.8385060214343,37.20607606328485,126.83099253409706,37.19807014403821,2024-10-24 13:30:23
1089,56,31,13,,,126.83427012176085,37.205220480367835,126.8300110890292,37.19864736946545,2024-10-24 13:30:27
1090,56,17,13,,,126.83533399849073,37.20582355024353,126.82631498586157,37.196173504251014,2024-10-24 13:30:58
1091,70,33,13,,,126.83775719798338,37.20956485551952,126.82915630559172,37.201133411959255,2024-10-24 13:30:59
1092,56,32,13,,,126.83462910700331,37.206141588911,126.83253624973568,37.200818184807034,2024-10-24 13:31:05
1093,58,33,13,,,126.83602797600965,37.20839974635167,126.8301056751007,37.19995322623192,2024-10-24 13:31:46
1094,31,59,13,,,126.8285082403524,37.19689578186892,126.83185525027037,37.2074537885131,2024-10-24 13:32:09
1095,56,33,13,,,126.83550323847578,37.2064752453993,126.82927726442367,37.20095708730569,2024-10-24 13:32:42
1096,69,30,13,,,126.8372756828579,37.206491348198,126.83195698522748,37.199558760178334,2024-10-24 13:32:55
1097,69,30,13,,,126.83778640552868,37.20595236100141,126.83097035264778,37.19858168495711,2024-10-24 13:33:13
1098,70,33,13,,,126.83876868325328,37.20985538269236,126.82858871391396,37.199937334355454,2024-10-24 13:33:13
1099,58,19,13,,,126.83481331127773,37.207766810156514,126.8296139473063,37.19500177264302,2024-10-24 13:34:08
1100,33,54,13,,,126.82843829277112,37.20021753942236,126.83244622960385,37.20970883322318,2024-10-24 13:34:13
1101,56,17,13,,,126.83583391433126,37.20617323903775,126.82628472719571,37.196149340921544,2024-10-24 13:35:14
1102,58,19,13,,,126.83439851378215,37.2088120891796,126.82878492593983,37.195483970021655,2024-10-24 13:35:14
1103,58,19,13,,,126.8356241889196,37.20899101497197,126.82938317675993,37.19407978927947,2024-10-24 13:35:32
1104,32,11,13,,,126.8320968258793,37.20224721501928,126.81531051550856,37.20850321730238,2024-10-24 13:35:43
1105,56,17,13,,,126.83536247737983,37.2060574775305,126.82662976451525,37.197720023092835,2024-10-24 13:35:45
1106,70,33,13,,,126.8387860699544,37.210506687495,126.82924414603205,37.201223522498864,2024-10-24 13:35:56
1107,56,31,13,,,126.83512469757017,37.20625782842039,126.82852396895794,37.19783721923114,2024-10-24 13:37:06
1108,70,19,13,,,126.83716555341167,37.208961961448125,126.82897703227614,37.194312966488525,2024-10-24 13:37:12
1109,56,32,13,,,126.83485036339654,37.204772771025986,126.8327180416518,37.20099055118179,2024-10-24 13:37:34
1110,11,17,13,,,126.8144691349126,37.208398469726795,126.8263263590576,37.19595821449667,2024-10-24 13:37:58
1111,56,33,13,,,126.83433340557525,37.20625500632869,126.8296943075005,37.200947019486115,2024-10-24 13:38:15
1112,17,54,13,,,126.82687695495457,37.197001633916784,126.83181517638523,37.20968596617486,2024-10-24 13:38:18
1113,56,17,13,,,126.83563407466627,37.206385530100064,126.82569483419411,37.19609388843434,2024-10-24 13:38:36
1114,58,19,13,,,126.83427556521168,37.20794830474985,126.82854366690366,37.195261354524185,2024-10-24 13:39:11
1115,17,54,13,,,126.82584979070258,37.196779098933824,126.83246053323231,37.20977304055216,2024-10-24 13:39:16
1116,70,33,13,,,126.83877520009803,37.20927346934924,126.82972403846253,37.20080208201976,2024-10-24 13:39:20
1117,70,19,13,,,126.83745498781838,37.209328065946075,126.82862931920876,37.19480040798683,2024-10-24 13:40:17
1118,58,19,13,,,126.83551332926307,37.20871759598185,126.8285774377446,37.194926501288165,2024-10-24 13:40:27
1119,59,15,13,,,126.83246354689652,37.2075271341134,126.81721521553723,37.20633432916026,2024-10-24 13:41:15
1120,47,38,13,,,126.82728618374031,37.21131779949413,126.82439185802485,37.200945507424095,2024-10-24 13:41:30
1121,6,42,13,,,126.82448393512493,37.203616577975566,126.83165136126826,37.1958655193052,2024-10-24 13:41:32
1122,56,33,13,,,126.8344280497867,37.20633851523265,126.82956076167073,37.20081606824239,2024-10-24 13:41:33
1123,56,32,13,,,126.83530842334017,37.2059647685153,126.8321235801646,37.20189106989855,2024-10-24 13:41:43
1124,70,17,13,,,126.83762712803127,37.210512372595716,126.82599398877201,37.19602475163571,2024-10-24 13:41:44
1125,41,2,13,,,126.83370016539546,37.19665777797625,126.82165038605295,37.206244384531416,2024-10-24 13:41:48
1126,56,33,13,,,126.83563917840915,37.20556415516563,126.82923921352815,37.20145764006724,2024-10-24 13:42:49
1127,69,30,13,,,126.83810840997631,37.207343394016185,126.83168099366995,37.19925269155609,2024-10-24 13:43:25
1128,40,72,13,,,126.83087433517909,37.194166397956224,126.81085541001539,37.207734217844,2024-10-24 13:43:28
1129,58,19,13,,,126.83477484020894,37.20924292577098,126.82841948819593,37.194419920036395,2024-10-24 13:43:36
1130,41,56,13,,,126.83494005919185,37.19694387408104,126.83418375515281,37.20562581048708,2024-10-24 13:44:20
1131,56,31,13,,,126.83472903243954,37.20559434327255,126.82929042547876,37.197009095473355,2024-10-24 13:45:01
1132,70,33,13,,,126.83697489703592,37.210460351392655,126.8299104698587,37.20093315819259,2024-10-24 13:45:18
1133,70,33,13,,,126.83684193870403,37.20879062760572,126.82860226515034,37.200962561349776,2024-10-24 13:45:44
1134,33,58,13,,,126.8295653225784,37.20089067965106,126.83461380108558,37.207913510557034,2024-10-24 13:46:17
1135,41,48,13,,,126.83350397358198,37.197755607778284,126.83037236033854,37.21543615017904,2024-10-24 13:46:58
1136,13,48,13,,,126.81720221205451,37.20411338814214,126.83071934258798,37.21393460181414,2024-10-24 13:47:04
1137,32,54,13,,,126.83103600279479,37.202144015185795,126.83299894510856,37.2103594843805,2024-10-24 13:47:27
1138,56,17,13,,,126.83469486313773,37.20573573350204,126.82545544367187,37.196416562106506,2024-10-24 13:47:31
1139,58,33,13,,,126.83504424781074,37.20839520641289,126.82973470518158,37.20103473881397,2024-10-24 13:47:41
1140,32,59,13,,,126.8316301377083,37.20094571214546,126.83251076885493,37.208111323088346,2024-10-24 13:48:26
1141,58,19,13,,,126.83436475144337,37.209188275007,126.82795424904593,37.19465679139285,2024-10-24 13:48:43
1142,56,33,13,,,126.8357765130577,37.20602022784946,126.82888864798502,37.20163833974905,2024-10-24 13:49:25
1143,56,33,13,,,126.83501908412472,37.20599931454225,126.82946906866178,37.199703219725286,2024-10-24 13:49:29
1144,11,17,13,,,126.8138948755933,37.20732645912112,126.82567579086496,37.19580224513739,2024-10-24 13:49:34
1145,56,17,13,,,126.83413705958577,37.20489000772662,126.82613150622458,37.19666843707765,2024-10-24 13:50:03
1146,29,3,13,,,126.82775136780998,37.20150959359023,126.82557791590989,37.21061955402657,2024-10-24 13:50:29
1147,48,43,13,,,126.83050715211229,37.21488774260935,126.82368193523462,37.19034122179881,2024-10-24 13:50:41
1148,11,17,13,,,126.81524921480334,37.20776531157103,126.82619980056965,37.196664639819595,2024-10-24 13:50:49
1149,56,41,13,,,126.83562436866328,37.20525948213188,126.83377879516013,37.1976156353084,2024-10-24 13:51:18
1150,58,33,13,,,126.83526865807376,37.20898751116965,126.8299189743737,37.19985161521302,2024-10-24 13:51:35
1151,56,17,13,,,126.8347478930906,37.206067014268704,126.826942880291,37.19638867685247,2024-10-24 13:52:30
1152,17,54,13,,,126.82716520445157,37.196438419530544,126.83353238059244,37.2100620832877,2024-10-24 13:52:37
1153,11,17,13,,,126.8147053496199,37.20890101316156,126.82651294575285,37.19632155451509,2024-10-24 13:52:40
1154,17,70,13,,,126.82677509539097,37.19662977170387,126.83704379294194,37.20969156577323,2024-10-24 13:53:01
1155,69,30,13,,,126.83772867693003,37.20768412573286,126.83216331114302,37.198615330437825,2024-10-24 13:53:32
1156,58,71,13,,,126.83478260164642,37.209180237787955,126.8391861440302,37.204963669996665,2024-10-24 13:53:50
1157,70,33,13,,,126.83715374952479,37.20912876518998,126.82950954641541,37.20105588519008,2024-10-24 13:54:29
1158,24,11,13,,,126.81742126411662,37.19059696888401,126.81496225509235,37.20734688841853,2024-10-24 13:54:48
1159,70,33,13,,,126.8377307905079,37.20937124023129,126.82952313240281,37.201243639713425,2024-10-24 13:55:01
1160,56,33,13,,,126.83512754122359,37.20500273375626,126.83027278869655,37.20108295699937,2024-10-24 13:55:09
1161,11,58,13,,,126.81446688557106,37.20785773818001,126.8345679540297,37.208596784475965,2024-10-24 13:55:22
1162,56,33,13,,,126.83539389900045,37.20547082542362,126.8289129608707,37.2013359943363,2024-10-24 13:55:34
1163,69,30,13,,,126.83823398599905,37.2069165261105,126.8320650230603,37.19858574525441,2024-10-24 13:55:34
1164,33,58,13,,,126.83020254677383,37.20164650603723,126.8345842448645,37.20935688743885,2024-10-24 13:55:37
1165,31,54,13,,,126.828776764015,37.197425655816446,126.83228212452467,37.21080203604111,2024-10-24 13:55:59
1166,70,33,13,,,126.83849865857259,37.21038849338432,126.83030918546343,37.19997431744615,2024-10-24 13:57:34
1167,5,18,13,,,126.82760581790437,37.20495945573976,126.82417297470927,37.19555016873599,2024-10-24 13:57:40
1168,70,33,13,,,126.83824299319707,37.21000135605886,126.83016740228072,37.20020428376062,2024-10-24 13:57:48
1169,58,19,13,,,126.83430723125244,37.2086472297637,126.82795846865865,37.19496858056212,2024-10-24 13:57:53
1170,56,31,13,,,126.83506491513897,37.20470778347642,126.82875244344577,37.19805685656639,2024-10-24 13:58:17
1171,36,20,13,,,126.82432209802079,37.19778055162924,126.81648855462127,37.193244322581776,2024-10-24 13:58:53
1172,17,56,14,,,126.82728544159274,37.196800406247526,126.83478084504304,37.20562427820074,2024-10-24 14:00:15
1173,17,54,14,,,126.82570332799716,37.197562665027384,126.83353767587163,37.2104741450324,2024-10-24 14:01:16
1174,69,30,14,,,126.8381089226103,37.207273099896526,126.83099067959313,37.19801596265017,2024-10-24 14:01:17
1175,56,17,14,,,126.83437338583514,37.206386506694486,126.82669496350873,37.197664537665574,2024-10-24 14:01:30
1176,56,17,14,,,126.8358478789192,37.205229258176836,126.82566967418387,37.19685251015773,2024-10-24 14:01:32
1177,58,33,14,,,126.83581483330165,37.20826191444598,126.82849923564002,37.20055772824668,2024-10-24 14:01:41
1178,10,17,14,,,126.81707276381728,37.20853299098121,126.82709409801197,37.19647729643074,2024-10-24 14:02:48
1179,69,30,14,,,126.83792942738862,37.20585621000278,126.83233978645762,37.19944002931147,2024-10-24 14:02:57
1180,58,33,14,,,126.83452337896207,37.20867495702145,126.82987684008896,37.20071865054846,2024-10-24 14:03:45
1181,10,40,14,,,126.81732338814994,37.21021527327519,126.83222772076832,37.19397081616957,2024-10-24 14:03:52
1182,33,56,14,,,126.82859674698265,37.199907273843465,126.83530132127947,37.20547322794142,2024-10-24 14:04:18
1183,56,17,14,,,126.83567668767054,37.20501962645777,126.82618698445192,37.19594425774191,2024-10-24 14:04:28
1184,58,33,14,,,126.83485659849023,37.208656437248926,126.82918641040045,37.20062675467526,2024-10-24 14:04:33
1185,10,38,14,,,126.81620557463177,37.20836218516178,126.8240607326822,37.20052752701083,2024-10-24 14:04:38
1186,54,33,14,,,126.83305338970183,37.20996323302967,126.82890745333985,37.20072762351827,2024-10-24 14:04:49
1187,70,10,14,,,126.83831112922513,37.2088306432542,126.81716967981798,37.20889301366064,2024-10-24 14:06:11
1188,37,44,14,,,126.82198620878732,37.19766144559091,126.82060489075882,37.189951506000746,2024-10-24 14:06:31
1189,10,17,14,,,126.81717853078054,37.20884895017755,126.82675620168455,37.19669185742848,2024-10-24 14:06:42
1190,17,54,14,,,126.82554644410055,37.19583936203085,126.83322636275518,37.21064856479683,2024-10-24 14:07:03
1191,40,72,14,,,126.83217646554127,37.19378073166502,126.81221285118586,37.20652777729049,2024-10-24 14:07:07
1192,11,32,14,,,126.81383258272986,37.20864844058398,126.8328715898895,37.20168041587635,2024-10-24 14:07:34
1193,72,70,14,,,126.81127042769461,37.207698820967025,126.83785818836166,37.20947133269077,2024-10-24 14:07:42
1194,69,30,14,,,126.8384410740469,37.20736140476855,126.8313981917611,37.198889965228304,2024-10-24 14:07:57
1195,69,30,14,,,126.8368789732143,37.20743734569884,126.83102573319167,37.198384077629896,2024-10-24 14:08:47
1196,69,30,14,,,126.83744386468679,37.20768593441559,126.83099848921788,37.19945697614411,2024-10-24 14:08:53
1197,56,17,14,,,126.83452171971749,37.20643948313866,126.82585918332249,37.197348175653254,2024-10-24 14:09:00
1198,42,70,14,,,126.83093919370282,37.196030873541474,126.83735812226111,37.20925670966966,2024-10-24 14:09:18
1199,59,15,14,,,126.83219367595481,37.20741411908984,126.81646729554747,37.2064927552453,2024-10-24 14:09:20
1200,58,33,14,,,126.83532895088328,37.20912967766679,126.82892073565452,37.19995306143024,2024-10-24 14:09:31
1201,19,10,14,,,126.82791691832956,37.19410622533441,126.81648714737548,37.210331029459034,2024-10-24 14:09:33
1202,10,17,14,,,126.81765362464837,37.20952935052347,126.82691114204003,37.19744486868081,2024-10-24 14:09:54
1203,56,41,14,,,126.83576435228758,37.20653849740105,126.83517610065354,37.19650806181368,2024-10-24 14:09:55
1204,58,33,14,,,126.83588971399809,37.20809801682499,126.82864089108105,37.199936777652134,2024-10-24 14:09:58
1205,58,33,14,,,126.83498836042541,37.20889058214681,126.82833865495964,37.20043800810085,2024-10-24 14:10:05
1206,56,41,14,,,126.83414256437773,37.20496542871939,126.83438485066887,37.198183501354904,2024-10-24 14:10:28
1207,39,28,14,,,126.82057066351686,37.20057919033806,126.82910847448306,37.2037710420947,2024-10-24 14:10:54
1208,54,33,14,,,126.83338773264701,37.21060008346966,126.82836310032488,37.20116035625758,2024-10-24 14:11:02
1209,69,30,14,,,126.83690336437095,37.2059285509966,126.83115187839933,37.198373155772,2024-10-24 14:11:07
1210,58,33,14,,,126.83607380081565,37.20907000017233,126.83010713103053,37.20051344726125,2024-10-24 14:11:10
1211,54,33,14,,,126.8327773997003,37.21034971738554,126.82913766566219,37.200125187453395,2024-10-24 14:11:36
1212,56,17,14,,,126.83582198356795,37.20521966466832,126.82595750491869,37.19598837008278,2024-10-24 14:12:12
1213,10,17,14,,,126.81773420596888,37.20993700635256,126.8255744223777,37.19645533623228,2024-10-24 14:12:20
1214,56,41,14,,,126.83558739306186,37.206589331471456,126.8345685122589,37.197581673816714,2024-10-24 14:12:26
1215,58,33,14,,,126.83533060444528,37.20898803336041,126.8289594870987,37.20000005470577,2024-10-24 14:12:30
1216,42,70,14,,,126.83099220937362,37.19586645793122,126.83778754863096,37.2094815098184,2024-10-24 14:13:39
1217,10,17,14,,,126.81769384318329,37.209493777127385,126.82593441043811,37.195878291814694,2024-10-24 14:14:23
1218,10,40,14,,,126.8165139693271,37.2097887636518,126.83156553729718,37.19236798142045,2024-10-24 14:14:58
1219,55,51,14,,,126.83028462626052,37.209191784131185,126.82019921902803,37.21089414925935,2024-10-24 14:16:17
1220,33,58,14,,,126.82953534935469,37.20154196208526,126.8344930804032,37.20753389702608,2024-10-24 14:16:19
1221,10,17,14,,,126.81718762569503,37.209806889251254,126.82608043265243,37.19615949161086,2024-10-24 14:16:30
1222,58,33,14,,,126.83508516089584,37.20871464669709,126.82855344074544,37.2010542730617,2024-10-24 14:17:36
1223,58,33,14,,,126.83540557373934,37.20818098149801,126.82841170317879,37.201576095581856,2024-10-24 14:18:36
1224,1,54,14,,,126.81634786107819,37.197581385567965,126.83218579986574,37.20974390872348,2024-10-24 14:18:58
1225,54,33,14,,,126.83252810915772,37.209222482207785,126.82880993626522,37.20141097980655,2024-10-24 14:19:03
1226,58,19,14,,,126.83564140278077,37.20939786571653,126.8291999645815,37.19602296022923,2024-10-24 14:19:47
1227,58,33,14,,,126.83600571350871,37.20851787926191,126.82984715825278,37.20069351585048,2024-10-24 14:19:54
1228,54,17,14,,,126.8332509823546,37.210400746459534,126.82662867562713,37.19704563866936,2024-10-24 14:20:08
1229,54,33,14,,,126.83366979174312,37.20967159928593,126.82965234459414,37.199697643193275,2024-10-24 14:20:11
1230,58,33,14,,,126.83550301377181,37.209112298595336,126.82968516081634,37.20026792748227,2024-10-24 14:21:35
1231,56,41,14,,,126.83420461813759,37.20659896441903,126.8351867316847,37.19709281347235,2024-10-24 14:21:38
1232,42,70,14,,,126.83193530491604,37.195369816684845,126.83709173619783,37.208658832738,2024-10-24 14:22:55
1233,23,32,14,,,126.81989906420243,37.192368679105904,126.8326134331813,37.20098287893922,2024-10-24 14:23:03
1234,69,30,14,,,126.83720362305996,37.20606812959969,126.83101223861087,37.1994198492011,2024-10-24 14:23:21
1235,58,33,14,,,126.83608812672568,37.20816136466898,126.82848947063923,37.2014143863359,2024-10-24 14:23:32
1236,56,17,14,,,126.83538414819597,37.205483179238996,126.82578374076365,37.195812604838515,2024-10-24 14:23:40
1237,70,10,14,,,126.83782000202976,37.20886064397079,126.81649382215716,37.20979537051866,2024-10-24 14:24:02
1238,56,12,14,,,126.83491586165242,37.20643878536911,126.81835633157303,37.204634519924696,2024-10-24 14:24:04
1239,19,10,14,,,126.82847184527158,37.194701708182826,126.8180042087054,37.2084486516861,2024-10-24 14:24:30
1240,69,30,14,,,126.83747813035696,37.206001743244336,126.83182128704807,37.199906092237235,2024-10-24 14:24:45
1241,54,33,14,,,126.83175363709438,37.210124180244115,126.82961061869418,37.20039864885618,2024-10-24 14:24:57
1242,72,18,14,,,126.81101211870752,37.207572267887606,126.82293588835145,37.196036043986865,2024-10-24 14:25:01
1243,56,17,14,,,126.83579946035277,37.20624272702734,126.82728737122028,37.197387231994874,2024-10-24 14:25:07
1244,56,19,14,,,126.83544822918236,37.2065843673897,126.82857243090932,37.19412946663015,2024-10-24 14:25:23
1245,56,17,14,,,126.83488118351842,37.20533337245652,126.82565103831479,37.19682300543982,2024-10-24 14:25:27
1246,11,32,14,,,126.81512570568233,37.20856992257448,126.83293355678718,37.20187864233035,2024-10-24 14:25:39
1247,58,33,14,,,126.83495200074675,37.207635551159434,126.8291433014053,37.20149460385697,2024-10-24 14:25:39
1248,19,10,14,,,126.82846392980895,37.195356296934456,126.81622371314631,37.209118471790106,2024-10-24 14:26:13
1249,17,70,14,,,126.82704157276505,37.19767795093345,126.83795322097016,37.20950366198203,2024-10-24 14:26:14
1250,20,3,14,,,126.8157505332849,37.19157302150401,126.82490829130012,37.20938155639561,2024-10-24 14:26:32
1251,10,17,14,,,126.81630047677473,37.20928744150126,126.82542934552647,37.1975101957133,2024-10-24 14:26:37
1252,33,56,14,,,126.83026597991628,37.20031425274639,126.83418338851209,37.205794853313854,2024-10-24 14:27:26
1253,56,17,14,,,126.83522025071146,37.20580032850409,126.8263779162295,37.19734328896744,2024-10-24 14:28:06
1254,10,17,14,,,126.81648607199104,37.20987899791802,126.82668076877927,37.19665001025838,2024-10-24 14:28:11
1255,33,58,14,,,126.82878555139207,37.199674922946926,126.8351934775111,37.20769367024755,2024-10-24 14:28:35
1256,17,54,14,,,126.82669229578022,37.196206413237995,126.83310268906006,37.211018692939525,2024-10-24 14:29:26
1257,54,33,14,,,126.83345553368083,37.210352408553916,126.82861221278098,37.20084932612843,2024-10-24 14:29:38
1258,40,72,14,,,126.83156038155074,37.19280266145483,126.81154816240517,37.20795616126075,2024-10-24 14:29:40
1259,42,70,14,,,126.83240665808991,37.195405275699386,126.83759339380693,37.20944951104389,2024-10-24 14:29:45
1260,56,41,14,,,126.83427772287429,37.20516373368745,126.83330517850423,37.19732092976363,2024-10-24 14:30:05
1261,10,17,14,,,126.8163609758428,37.20907779599967,126.82587801120789,37.197334695652174,2024-10-24 14:30:29
1262,54,33,14,,,126.83194913625391,37.21012099577884,126.8286841648539,37.20107205264424,2024-10-24 14:31:03
1263,56,33,14,,,126.83514599016785,37.206555347003935,126.82938490674837,37.19998736262932,2024-10-24 14:31:07
1264,19,10,14,,,126.82844610645482,37.19555573491891,126.81711912805616,37.20874450328246,2024-10-24 14:31:22
1265,39,10,14,,,126.82180308663095,37.20077956763403,126.81639761509885,37.20889111550758,2024-10-24 14:31:41
1266,58,33,14,,,126.83546490639293,37.20770700845079,126.82867301799112,37.20024116093092,2024-10-24 14:32:15
1267,42,70,14,,,126.830692602854,37.19614520059068,126.83770837498466,37.20901012896083,2024-10-24 14:33:06
1268,33,58,14,,,126.82832872136717,37.199827228079805,126.83554656196615,37.20931092851469,2024-10-24 14:33:14
1269,33,58,14,,,126.82849031576471,37.2008898824997,126.83473547900246,37.20911162179857,2024-10-24 14:34:07
1270,58,33,14,,,126.83416816963029,37.20892456914324,126.82947758237127,37.20018485723229,2024-10-24 14:34:59
1271,54,33,14,,,126.83302119435773,37.211084118953416,126.82853620646488,37.20144173867627,2024-10-24 14:35:08
1272,54,33,14,,,126.83366321709936,37.21017190129097,126.8299882514299,37.20084894460695,2024-10-24 14:35:37
1273,56,41,14,,,126.83574959766,37.205246038831994,126.8342346341586,37.19700507994123,2024-10-24 14:36:25
1274,56,41,14,,,126.83457129100027,37.206594121365264,126.83418362167428,37.19760685799195,2024-10-24 14:37:17
1275,69,30,14,,,126.83819941510743,37.207128245056964,126.83260710714946,37.1987656212834,2024-10-24 14:37:37
1276,33,56,14,,,126.82880156259641,37.199995795117864,126.83417547146223,37.20580689089647,2024-10-24 14:37:46
1277,58,33,14,,,126.83526891211805,37.2083828945313,126.82871278850034,37.20149552708618,2024-10-24 14:37:56
1278,69,30,14,,,126.83825708690527,37.20695057199925,126.83183923613672,37.198982234417926,2024-10-24 14:38:08
1279,70,11,14,,,126.8384579062088,37.208676203376534,126.81438358873291,37.208783621382594,2024-10-24 14:38:55
1280,54,33,14,,,126.83250743213128,37.21098997808247,126.83029682038449,37.199754231255326,2024-10-24 14:39:09
1281,42,70,14,,,126.83094838664812,37.1957673377841,126.83747010311698,37.209893234390485,2024-10-24 14:39:34
1282,33,58,14,,,126.82914671786186,37.201439613148295,126.83567820488629,37.20907347820862,2024-10-24 14:40:31
1283,69,30,14,,,126.83839660427584,37.20613451765355,126.83147811216234,37.19830049241771,2024-10-24 14:41:04
1284,58,33,14,,,126.83601988379745,37.20866881024582,126.82903640311571,37.2014826767648,2024-10-24 14:41:10
1285,17,54,14,,,126.82669658580046,37.19655490913213,126.83275315273815,37.20941033543108,2024-10-24 14:41:39
1286,10,17,14,,,126.81772688845922,37.21017434637257,126.82593979507772,37.19643957505483,2024-10-24 14:41:40
1287,10,56,14,,,126.8179257677883,37.20858184260222,126.83511810127683,37.204815692041066,2024-10-24 14:43:33
1288,11,33,14,,,126.8153164059992,37.208164020846795,126.82969871636104,37.201204501124096,2024-10-24 14:43:36
1289,19,10,14,,,126.82893544171172,37.194216162706795,126.81617109068218,37.21026011338373,2024-10-24 14:44:10
1290,33,54,14,,,126.82865877139534,37.199926858331445,126.83228656309437,37.20929339048862,2024-10-24 14:44:17
1291,32,59,14,,,126.83281358352602,37.20078463073552,126.8319330126678,37.20761452176339,2024-10-24 14:44:38
1292,17,54,14,,,126.82570883439416,37.19655060788347,126.83245454915586,37.20985313623248,2024-10-24 14:45:22
1293,56,17,14,,,126.83559254544889,37.206036646454386,126.82601378412281,37.19666015284896,2024-10-24 14:45:27
1294,31,58,14,,,126.82997040084939,37.197896524917205,126.83520620225596,37.20919905466126,2024-10-24 14:45:33
1295,11,58,14,,,126.81397271950766,37.208796894334974,126.83428107358932,37.20778258666542,2024-10-24 14:45:34
1296,58,33,14,,,126.8360847584831,37.209373901999065,126.82929520409796,37.200454630090185,2024-10-24 14:45:50
1297,58,33,14,,,126.83418996463898,37.20874822629335,126.8293003738275,37.20119521957599,2024-10-24 14:46:57
1298,58,33,14,,,126.8352019201157,37.20818369995673,126.82860170840259,37.20036904159965,2024-10-24 14:46:59
1299,19,10,14,,,126.82803591408795,37.19475335100015,126.81748082547888,37.209603844877954,2024-10-24 14:47:01
1300,10,38,14,,,126.81663671676856,37.21032469203373,126.82318580060884,37.2003408684196,2024-10-24 14:47:07
1301,33,58,14,,,126.8286004490999,37.19991956770277,126.83503391773127,37.208000554097296,2024-10-24 14:47:15
1302,56,17,14,,,126.8342097258459,37.204938827378896,126.82730982898002,37.19617815255855,2024-10-24 14:47:35
1303,55,41,14,,,126.83040522373174,37.208246528306965,126.83519830357143,37.19660538046497,2024-10-24 14:48:07
1304,56,17,14,,,126.83555948774409,37.20570672825086,126.82630957621153,37.197568542638344,2024-10-24 14:48:27
1305,70,42,14,,,126.83738244678207,37.208922624339124,126.83162513683506,37.19691871373848,2024-10-24 14:48:51
1306,70,42,14,,,126.83724676397196,37.20873690073575,126.83196639603847,37.196123783699086,2024-10-24 14:49:31
1307,58,33,14,,,126.8356161348223,37.209234264355324,126.82919928210427,37.20049700241538,2024-10-24 14:49:41
1308,58,19,14,,,126.83421324129614,37.208416617068906,126.82809994131426,37.19539084543106,2024-10-24 14:49:56
1309,54,33,14,,,126.83173912953336,37.210730687275515,126.82927281205585,37.200728026316945,2024-10-24 14:50:04
1310,32,11,14,,,126.83284885739319,37.2019051961464,126.81360909219654,37.20733088865151,2024-10-24 14:50:35
1311,3,15,14,,,126.82418963890191,37.208989193444935,126.81608894059183,37.20670649744673,2024-10-24 14:50:36
1312,10,17,14,,,126.81785509561021,37.21023476588884,126.82677263936343,37.19623696286503,2024-10-24 14:50:56
1313,54,33,14,,,126.83356407941162,37.20973305325497,126.82990323088394,37.200750653077264,2024-10-24 14:51:23
1314,54,33,14,,,126.83313546099235,37.20921832047683,126.828579697381,37.20156565065557,2024-10-24 14:51:24
1315,58,33,14,,,126.83417817676197,37.20801450894047,126.8292051895413,37.20074260745268,2024-10-24 14:52:22
1316,12,17,14,,,126.8190245924345,37.20391343643423,126.82592209665792,37.19776155737583,2024-10-24 14:53:03
1317,42,70,14,,,126.83100644798485,37.19533565889154,126.83764392411386,37.20901376602159,2024-10-24 14:53:10
1318,54,33,14,,,126.83291279884857,37.210562804856536,126.83017875990866,37.20033717221668,2024-10-24 14:53:46
1319,33,56,14,,,126.82953915638805,37.20136051628486,126.83393999036066,37.20619824256824,2024-10-24 14:54:00
1320,58,33,14,,,126.83465843351637,37.207463547952045,126.82998275952012,37.20157783605663,2024-10-24 14:54:00
1321,69,30,14,,,126.83778060688479,37.207043292967136,126.83259210342621,37.19886909345152,2024-10-24 14:54:08
1322,33,56,14,,,126.82953672515623,37.199860367345124,126.83403664493878,37.20631362360693,2024-10-24 14:54:10
1323,39,14,14,,,126.82217199570323,37.19953733990177,126.8194660578789,37.20842697399747,2024-10-24 14:54:22
1324,10,17,14,,,126.81736716392332,37.20923590358698,126.82677137206811,37.19769316568721,2024-10-24 14:54:25
1325,54,33,14,,,126.83186788683174,37.21058678150648,126.82848045642528,37.200656352951206,2024-10-24 14:54:28
1326,58,19,14,,,126.8359468410451,37.208589117631995,126.82924448308155,37.194919039825585,2024-10-24 14:54:35
1327,33,56,14,,,126.82898895959788,37.200071065144606,126.83538458651414,37.20631471118891,2024-10-24 14:54:55
1328,17,54,14,,,126.82628676911183,37.196298969946504,126.83352906102103,37.21017691806665,2024-10-24 14:55:29
1329,33,56,14,,,126.82930856037049,37.19987844526488,126.8343498747566,37.20624126973762,2024-10-24 14:55:48
1330,10,17,14,,,126.81634537790633,37.208570251068565,126.82600835370619,37.19656712984709,2024-10-24 14:55:56
1331,58,33,14,,,126.83524081332227,37.20822219366739,126.82996676998803,37.19975024869324,2024-10-24 14:56:49
1332,21,30,14,,,126.81950982947997,37.19696642901661,126.83145361504117,37.19796376534044,2024-10-24 14:56:57
1333,58,33,14,,,126.83512128044012,37.2086290711108,126.82876331382053,37.2011454949105,2024-10-24 14:56:58
1334,72,70,14,,,126.81140109726309,37.206885646763936,126.83727384162428,37.2089680772997,2024-10-24 14:56:59
1335,33,56,14,,,126.82874073705239,37.20159516764419,126.83425562500553,37.20473409238438,2024-10-24 14:57:06
1336,17,56,14,,,126.82703017075421,37.19722517508392,126.83436042339203,37.20478311866423,2024-10-24 14:57:37
1337,42,70,14,,,126.83138733151573,37.19604646174662,126.83725844032764,37.21006020846481,2024-10-24 14:58:08
1338,58,33,14,,,126.83480391295357,37.208509256695265,126.82949563115984,37.20153208885578,2024-10-24 14:59:13
1339,56,3,14,,,126.83432831765931,37.206561126755126,126.82429128565919,37.21025612806563,2024-10-24 14:59:28
1340,54,33,14,,,126.83260047999934,37.20993431541505,126.83003503867941,37.200932587470106,2024-10-24 14:59:29
1341,58,33,15,,,126.83508731921707,37.20780212530453,126.8300518344194,37.20104939532434,2024-10-24 15:00:54
1342,69,30,15,,,126.83722595484201,37.206567724375525,126.83256079922167,37.19805794990644,2024-10-24 15:01:17
1343,56,41,15,,,126.83423461107587,37.20634761095943,126.83380567210492,37.19775494036907,2024-10-24 15:01:24
1344,33,58,15,,,126.8301247322403,37.20095657804109,126.83561197889841,37.20752827346561,2024-10-24 15:01:26
1345,54,17,15,,,126.83296610180317,37.211039699197606,126.8272193090073,37.19702289495663,2024-10-24 15:01:34
1346,32,36,15,,,126.83260630213559,37.20126329841671,126.8232970042856,37.19882167377134,2024-10-24 15:01:59
1347,70,18,15,,,126.83749420270837,37.210153160384245,126.82317461985404,37.19491693117726,2024-10-24 15:02:10
1348,11,58,15,,,126.81464473330605,37.207610871662716,126.83590247992737,37.20901741954118,2024-10-24 15:02:14
1349,72,33,15,,,126.81097595974632,37.20719061352845,126.8287250458338,37.19990190156652,2024-10-24 15:02:51
1350,70,19,15,,,126.83793277789923,37.21007971908466,126.82957300541473,37.19582746415553,2024-10-24 15:03:11
1351,67,17,15,,,126.83388972697587,37.20249492440609,126.82626919535153,37.19746489930176,2024-10-24 15:03:28
1352,56,17,15,,,126.83398045420445,37.205102640384084,126.82681754517142,37.196290088168766,2024-10-24 15:03:43
1353,26,37,15,,,126.81808169356813,37.19357222974937,126.82056169197514,37.19671909108881,2024-10-24 15:04:05
1354,31,48,15,,,126.82978215523603,37.19811814061532,126.83000892253595,37.214277743224315,2024-10-24 15:04:23
1355,32,56,15,,,126.83159518411979,37.201374314270176,126.8358189066619,37.20477008268675,2024-10-24 15:05:43
1356,58,42,15,,,126.83416083130528,37.20770883358199,126.83058265435005,37.19533921816039,2024-10-24 15:05:58
1357,44,55,15,,,126.8209867736207,37.18962674348682,126.82969026215301,37.20912518550649,2024-10-24 15:06:51
1358,11,58,15,,,126.81430701867569,37.2083948437639,126.83521186424159,37.20856622239951,2024-10-24 15:07:28
1359,49,22,15,,,126.82778219023587,37.212978400855526,126.81655408018842,37.19620146892835,2024-10-24 15:07:33
1360,33,58,15,,,126.8291618360105,37.200298762757235,126.83605971014917,37.208824131497195,2024-10-24 15:07:42
1361,11,58,15,,,126.81395502964773,37.20802439307016,126.83505239194689,37.20821132772803,2024-10-24 15:08:07
1362,72,56,15,,,126.81152008407153,37.20787319225749,126.83544679603578,37.20547441897039,2024-10-24 15:08:23
1363,58,33,15,,,126.83473389677471,37.20882728247672,126.82916973699092,37.2001630898747,2024-10-24 15:08:43
1364,46,71,15,,,126.82961083205268,37.21093432656055,126.84020703232308,37.20459975160704,2024-10-24 15:09:17
1365,56,17,15,,,126.83453526892423,37.20516373131439,126.82640404068124,37.19772667344556,2024-10-24 15:09:40
1366,56,31,15,,,126.83409588546454,37.20489022776102,126.82845153119838,37.19858663185786,2024-10-24 15:10:06
1367,62,67,15,,,126.83793376375415,37.21283294597381,126.83372365548983,37.20279731796864,2024-10-24 15:10:24
1368,58,33,15,,,126.83518763689149,37.209319989827456,126.82848221358113,37.20096023364697,2024-10-24 15:10:35
1369,31,54,15,,,126.82929268580952,37.197363178908375,126.83189900557781,37.21000520637234,2024-10-24 15:10:57
1370,11,58,15,,,126.81359488773651,37.208240092533956,126.83510798932264,37.208890100981385,2024-10-24 15:11:12
1371,56,17,15,,,126.83589785983989,37.205274005131876,126.82570814893859,37.1972969910689,2024-10-24 15:11:15
1372,56,31,15,,,126.83555387322109,37.206142792595955,126.82941649662756,37.19797678041717,2024-10-24 15:11:29
1373,10,17,15,,,126.8179605921012,37.208467683162056,126.82659554110616,37.19644690353427,2024-10-24 15:11:31
1374,59,15,15,,,126.83186610652528,37.20809580165782,126.81708614901697,37.2068202036392,2024-10-24 15:12:50
1375,31,59,15,,,126.82968431079054,37.19690569398595,126.83241841226955,37.20699885873292,2024-10-24 15:13:06
1376,70,10,15,,,126.83780310466908,37.208852157487556,126.81789628650954,37.2099252272512,2024-10-24 15:13:37
1377,69,30,15,,,126.83809276314521,37.20628862971098,126.83103323793745,37.199265041673264,2024-10-24 15:14:08
1378,56,31,15,,,126.83585198441742,37.20581001407491,126.82923179689243,37.19790231645182,2024-10-24 15:14:29
1379,54,33,15,,,126.83238049179172,37.21013533934061,126.82965585646497,37.200878531793315,2024-10-24 15:16:01
1380,70,11,15,,,126.83713594412936,37.20925361704841,126.81511482619338,37.208913030693495,2024-10-24 15:17:48
1381,54,33,15,,,126.83257384180746,37.209664445744636,126.82948007953209,37.20016241878372,2024-10-24 15:17:52
1382,56,17,15,,,126.835431857546,37.20586878243421,126.826031640078,37.19629715612261,2024-10-24 15:17:58
1383,42,70,15,,,126.83219727941781,37.19684828233207,126.83776091576591,37.21042052013911,2024-10-24 15:18:42
1384,13,61,15,,,126.81561947549802,37.2033486579194,126.83379429838669,37.214915226044326,2024-10-24 15:19:25
1385,19,10,15,,,126.82846082965663,37.19456513895653,126.81761938315192,37.20948530372613,2024-10-24 15:19:37
1386,69,30,15,,,126.83739361528599,37.20579774971035,126.83222427319976,37.19895764021149,2024-10-24 15:19:51
1387,16,61,15,,,126.82381300034665,37.19194844843087,126.8331499497286,37.21566993522015,2024-10-24 15:22:15
1388,3,29,15,,,126.82460997344033,37.2097535202336,126.82732583482363,37.20231440909653,2024-10-24 15:22:23
1389,56,41,15,,,126.83527135439778,37.20469484363016,126.83402413993245,37.19755723409766,2024-10-24 15:22:26
1390,32,59,15,,,126.83247369847705,37.20241117305209,126.83293556551291,37.20798946081321,2024-10-24 15:22:28
1391,19,10,15,,,126.82899904570817,37.19458155862085,126.81686438889339,37.20940038965387,2024-10-24 15:22:59
1392,56,17,15,,,126.83417256877549,37.20639871279689,126.82646646704806,37.19640427501518,2024-10-24 15:23:09
1393,19,10,15,,,126.82846523091378,37.194368083193034,126.81641369436647,37.21027711784526,2024-10-24 15:23:10
1394,69,30,15,,,126.837609526432,37.20659993665758,126.83214499299808,37.199106246188755,2024-10-24 15:23:28
1395,19,10,15,,,126.82916926274571,37.195626132255846,126.81761843053668,37.20894195636895,2024-10-24 15:23:42
1396,14,55,15,,,126.81963896215949,37.20822311210924,126.83023685546027,37.209642904519356,2024-10-24 15:23:48
1397,58,33,15,,,126.83429661859232,37.20796837501083,126.82854214435942,37.20067267199925,2024-10-24 15:24:15
1398,58,33,15,,,126.83605936269005,37.208839979186514,126.82992355484734,37.20101598744233,2024-10-24 15:24:37
1399,72,52,15,,,126.81122611312514,37.20649006716877,126.83067079847253,37.21744264854862,2024-10-24 15:24:41
1400,32,56,15,,,126.83277066447397,37.202089848868646,126.83558835065543,37.20543670939411,2024-10-24 15:24:48
1401,18,71,15,,,126.82336608207954,37.19582969967194,126.8400321308677,37.20418410787769,2024-10-24 15:25:47
1402,15,36,15,,,126.81647695541999,37.205717657294244,126.82364757236276,37.198219064507406,2024-10-24 15:25:58
1403,58,33,15,,,126.83525919362312,37.20841153397539,126.8298272546644,37.20051192402524,2024-10-24 15:26:29
1404,35,32,15,,,126.81985966825894,37.20282837320487,126.8328718705789,37.201348281024984,2024-10-24 15:26:49
1405,54,17,15,,,126.83356140273425,37.210946254519705,126.82585459371323,37.197538323102485,2024-10-24 15:26:51
1406,8,46,15,,,126.82493363348179,37.20682671030008,126.82949741653974,37.211098186773086,2024-10-24 15:27:03
1407,56,41,15,,,126.83438888997375,37.20515324709671,126.83403363484382,37.19773771025269,2024-10-24 15:27:13
1408,10,34,15,,,126.81734353113299,37.209050456953484,126.822683184289,37.20395452439092,2024-10-24 15:27:19
1409,10,17,15,,,126.81796531882259,37.209728336571814,126.8271904747074,37.197252504560765,2024-10-24 15:27:20
1410,10,17,15,,,126.8176863953755,37.208583786675135,126.82596265611083,37.19722004124226,2024-10-24 15:27:35
1411,32,59,15,,,126.83217818765847,37.20125511656272,126.83219705753375,37.20735849475759,2024-10-24 15:27:52
1412,44,5,15,,,126.82025525367509,37.189830936194966,126.82791454156548,37.20506074871448,2024-10-24 15:28:11
1413,68,63,15,,,126.84030500270268,37.202870076948145,126.8354660582689,37.211466109309896,2024-10-24 15:28:22
1414,58,33,15,,,126.83472837450083,37.2092121652964,126.82922426967474,37.20084019964072,2024-10-24 15:28:24
1415,56,31,15,,,126.83440104457979,37.20648374568627,126.82827883171792,37.19784650719106,2024-10-24 15:28:25
1416,69,30,15,,,126.83682813602246,37.20750199646955,126.8320674044549,37.19917632214817,2024-10-24 15:28:28
1417,17,28,15,,,126.82679753639886,37.196302878012105,126.83050987500606,37.20365729888871,2024-10-24 15:28:45
1418,32,59,15,,,126.83121285379615,37.20118252149214,126.83199674223323,37.20680599487377,2024-10-24 15:28:52
1419,58,33,15,,,126.83506239245331,37.208284693411166,126.829939922893,37.20110640286306,2024-10-24 15:29:00
1420,54,33,15,,,126.8319703908264,37.210394259955805,126.82865451914506,37.20158184859255,2024-10-24 15:29:16
1421,54,33,15,,,126.83287205399755,37.21090614994915,126.82888020786748,37.20165619776431,2024-10-24 15:29:26
1422,19,34,15,,,126.82849289505121,37.19536174215178,126.82121066747126,37.20288287525673,2024-10-24 15:29:33
1423,59,15,15,,,126.83316402628009,37.20806195701695,126.8159588564593,37.206600122265826,2024-10-24 15:29:44
1424,32,1,15,,,126.83281053701519,37.201590542979474,126.81566168948476,37.1974812646365,2024-10-24 15:29:46
1425,56,31,15,,,126.8356990801442,37.20487496738715,126.82897326064565,37.197840107192455,2024-10-24 15:29:47
1426,72,6,15,,,126.8125671613678,37.20777397584481,126.82534200215899,37.20464666153573,2024-10-24 15:29:53
1427,69,30,15,,,126.83663586839097,37.20711874416123,126.8311594474244,37.19850695033146,2024-10-24 15:30:36
1428,63,1,15,,,126.83476012605846,37.21144488274751,126.8167839426234,37.198216144542535,2024-10-24 15:30:41
1429,53,47,15,,,126.83023278168726,37.20625362925715,126.82790036914618,37.2103684956935,2024-10-24 15:30:49
1430,56,41,15,,,126.83537182014278,37.20529275022955,126.8351506058852,37.19766459439785,2024-10-24 15:30:55
1431,54,33,15,,,126.83266018648483,37.21084798939777,126.82872056410514,37.200114750763944,2024-10-24 15:30:58
1432,56,41,15,,,126.83522780835442,37.20630431774409,126.83514620338887,37.197104066309066,2024-10-24 15:31:25
1433,54,33,15,,,126.83307441073296,37.209590006899184,126.82911634319964,37.20000329477709,2024-10-24 15:31:34
1434,58,33,15,,,126.83594749489134,37.20833336563999,126.82861148645473,37.200621005594705,2024-10-24 15:31:57
1435,11,58,15,,,126.81503461419118,37.20820895542711,126.83491584910848,37.20847202469964,2024-10-24 15:32:04
1436,70,10,15,,,126.83723759908185,37.20914683308553,126.81604643830417,37.208432361011994,2024-10-24 15:33:42
1437,13,16,15,,,126.81631877693496,37.20388978258975,126.82403040630831,37.19322666875497,2024-10-24 15:33:46
1438,1,71,15,,,126.81652572738818,37.198601830977815,126.83913663075884,37.205102920777186,2024-10-24 15:33:50
1439,32,59,15,,,126.83147537948015,37.20251563444643,126.83306102205584,37.20662233126419,2024-10-24 15:33:53
1440,10,56,15,,,126.81789498312197,37.20879990592572,126.83538432641994,37.20470236632963,2024-10-24 15:33:56
1441,10,48,15,,,126.81754617622397,37.20889604360612,126.82993621306264,37.21395994704315,2024-10-24 15:34:54
1442,58,33,15,,,126.83506012922048,37.20814214429692,126.82968674644914,37.200114243289015,2024-10-24 15:35:02
1443,20,47,15,,,126.81619631362032,37.19235349345298,126.82656264204704,37.210208337636104,2024-10-24 15:35:10
1444,32,59,15,,,126.83216006525207,37.20207493899283,126.83249816783942,37.20792800932124,2024-10-24 15:35:37
1445,11,17,15,,,126.8152310722419,37.20835037338429,126.82626643225754,37.19583283728798,2024-10-24 15:36:54
1446,33,58,15,,,126.8295921714947,37.20043516328942,126.8359393936666,37.20885988820612,2024-10-24 15:37:43
1447,56,17,15,,,126.83426747415446,37.204725169270844,126.8263912991015,37.19610937323878,2024-10-24 15:38:11
1448,70,19,15,,,126.83733437748116,37.20898772057622,126.82857667107176,37.19471547718513,2024-10-24 15:38:21
1449,54,33,15,,,126.83310905527223,37.20942817553146,126.83015425147522,37.20053610033499,2024-10-24 15:38:43
1450,58,33,15,,,126.83428614450872,37.20755411115092,126.8285295377203,37.19975597267168,2024-10-24 15:38:48
1451,56,41,15,,,126.83563528739577,37.204901559689716,126.83380170834651,37.19779907120462,2024-10-24 15:38:51
1452,56,41,15,,,126.83412086955059,37.20650121617831,126.8332935493313,37.196843031947424,2024-10-24 15:40:18
1453,56,41,15,,,126.83456758355148,37.20595893189906,126.8344805300388,37.19628364927783,2024-10-24 15:40:33
1454,54,33,15,,,126.83186244726872,37.2097059256817,126.82897999845855,37.19978328749165,2024-10-24 15:40:46
1455,46,18,15,,,126.83030613688021,37.21238663814211,126.82411165954089,37.19534252927464,2024-10-24 15:41:06
1456,69,30,15,,,126.83802465286652,37.20743062286336,126.83254139161622,37.198867863331046,2024-10-24 15:41:06
1457,25,61,15,,,126.82185075259677,37.195313891994566,126.83357366021973,37.21669426100814,2024-10-24 15:41:56
1458,56,17,15,,,126.83586377745553,37.20540479464376,126.8256700959537,37.19711216428389,2024-10-24 15:42:18
1459,19,10,15,,,126.82805010478909,37.1955206048084,126.81619964434314,37.21002663610774,2024-10-24 15:42:38
1460,40,72,15,,,126.83195123836754,37.19293426661127,126.81222050194873,37.20746486107495,2024-10-24 15:43:06
1461,19,10,15,,,126.82944048833599,37.195729496945454,126.81708184515975,37.21001902331716,2024-10-24 15:43:22
1462,54,33,15,,,126.83169252890909,37.21010980271668,126.82896076533673,37.19993219273641,2024-10-24 15:44:11
1463,11,17,15,,,126.81486105546928,37.2087603528097,126.82580948295518,37.197355103072056,2024-10-24 15:45:07
1464,16,42,15,,,126.82296670895039,37.19236215096034,126.83072076733039,37.19573959221197,2024-10-24 15:45:08
1465,58,33,15,,,126.83570543365457,37.20838441248978,126.82840479081015,37.201351602510975,2024-10-24 15:45:09
1466,11,17,15,,,126.81433550076416,37.20825293140513,126.82702458264106,37.19685451647112,2024-10-24 15:45:11
1467,58,33,15,,,126.83486799312406,37.20765087759717,126.82920515820726,37.200065525385554,2024-10-24 15:45:25
1468,58,33,15,,,126.83574874760609,37.208358550413564,126.83015049723112,37.200348451624286,2024-10-24 15:45:45
1469,54,33,15,,,126.83203262816839,37.209572200833456,126.82837181960991,37.201250709933696,2024-10-24 15:46:13
1470,69,30,15,,,126.83832952293304,37.2075338615648,126.83089645419386,37.19839474034066,2024-10-24 15:46:19
1471,8,35,15,,,126.82364210864421,37.206685476388806,126.81936800582892,37.20232167622835,2024-10-24 15:46:21
1472,11,17,15,,,126.81393141647449,37.20791104508833,126.82692596233386,37.19701610547898,2024-10-24 15:46:22
1473,33,60,15,,,126.83004817924768,37.199909890401855,126.83267309129275,37.213724505957394,2024-10-24 15:46:46
1474,30,60,15,,,126.83246328882106,37.199461988932235,126.8336165211625,37.21282973220405,2024-10-24 15:46:47
1475,4,24,15,,,126.82204352055228,37.20963740916642,126.81771080581628,37.19082038045575,2024-10-24 15:46:54
1476,16,43,15,,,126.82310728968599,37.192004693659634,126.82231313411397,37.18973362266398,2024-10-24 15:46:58
1477,19,2,15,,,126.82853812404358,37.195385051347806,126.82246167118494,37.20587516580623,2024-10-24 15:47:09
1478,54,33,15,,,126.83209632375271,37.20998858392509,126.82916085527957,37.200432773774956,2024-10-24 15:47:18
1479,20,54,15,,,126.81504250706847,37.19247948447245,126.83299350085659,37.2101918817566,2024-10-24 15:48:00
1480,56,31,15,,,126.83482424911689,37.20576462833402,126.82952974919701,37.19707526740624,2024-10-24 15:48:24
1481,10,30,15,,,126.8171974770539,37.209870206668015,126.83237701329132,37.19944353465605,2024-10-24 15:48:42
1482,69,30,15,,,126.8385138612781,37.20714648565234,126.83212125941668,37.19959709026015,2024-10-24 15:49:21
1483,72,56,15,,,126.81095045861457,37.20791698749886,126.83554705127378,37.20537039310825,2024-10-24 15:50:00
1484,69,30,15,,,126.8375389042349,37.20644422641585,126.83109909633804,37.19987281204711,2024-10-24 15:50:08
1485,58,33,15,,,126.83475328208367,37.20907136099396,126.82857684671437,37.201035706748094,2024-10-24 15:50:14
1486,58,33,15,,,126.83510652445712,37.20866242948239,126.83026211716177,37.20090278161334,2024-10-24 15:50:48
1487,56,41,15,,,126.83421699903184,37.206551784203164,126.8348380011693,37.19679304860003,2024-10-24 15:51:22
1488,38,38,15,,,126.82358962125805,37.20079063335117,126.825000629878,37.2021002058968,2024-10-24 15:51:39
1489,46,63,15,,,126.83049386643924,37.21103237259871,126.83593948785403,37.21153474289178,2024-10-24 15:52:01
1490,52,13,15,,,126.830847037489,37.21681979863843,126.81744201796766,37.20352832476239,2024-10-24 15:52:05
1491,60,40,15,,,126.83284412743805,37.21293606278997,126.83065895383618,37.19234353155184,2024-10-24 15:52:32
1492,72,25,15,,,126.81220617966524,37.20739714716168,126.82168430139785,37.19550310968618,2024-10-24 15:53:21
1493,33,58,15,,,126.82904026940196,37.20153972744708,126.83577581020162,37.20888999706037,2024-10-24 15:53:32
1494,56,41,15,,,126.83405017788621,37.20475398934092,126.83399858218675,37.19809975565607,2024-10-24 15:54:29
1495,33,58,15,,,126.82969563828799,37.201547479417215,126.83461243112767,37.209036260023545,2024-10-24 15:54:32
1496,54,55,15,,,126.8331683721053,37.21038993862576,126.8294938632255,37.20820354022188,2024-10-24 15:54:46
1497,58,33,15,,,126.8345032542509,37.20783303806973,126.82952237912421,37.20115984150291,2024-10-24 15:55:17
1498,58,33,15,,,126.83450579113419,37.20819512666659,126.82850016829944,37.20092715537733,2024-10-24 15:55:21
1499,24,13,15,,,126.81806421779302,37.191196964695514,126.81662862019489,37.20458201820362,2024-10-24 15:56:14
1500,53,68,15,,,126.8293260321268,37.205952059168375,126.83956604520228,37.20134164232763,2024-10-24 15:56:26
1501,11,17,15,,,126.81468212613342,37.20739359066302,126.82617088541181,37.19771378534259,2024-10-24 15:56:40
1502,56,17,15,,,126.83462991412462,37.20520492059203,126.82721120479901,37.19662981227913,2024-10-24 15:56:59
1503,32,58,15,,,126.83122309049746,37.20102762502559,126.83599895036404,37.20892761541631,2024-10-24 15:57:31
1504,32,50,15,,,126.83244417376471,37.20083096946497,126.82149002871802,37.21206498116519,2024-10-24 15:58:11
1505,56,17,15,,,126.83518203409304,37.20648862490134,126.8257834593565,37.196649619435604,2024-10-24 15:58:14
1506,5,9,15,,,126.82779099666759,37.20507194004253,126.8147074050811,37.20623141620403,2024-10-24 15:58:23
1507,54,33,15,,,126.83220429411821,37.2108202993464,126.82907842040768,37.20115866892326,2024-10-24 15:58:50
1508,58,33,15,,,126.83500067731049,37.208805472126954,126.82910414106341,37.19970161330259,2024-10-24 15:59:30
1509,71,54,15,,,126.84039438541286,37.20501943141701,126.83352515262146,37.21060628432848,2024-10-24 15:59:38
1510,12,19,16,,,126.82021331270406,37.204694955995585,126.8298441892764,37.19564560388137,2024-10-24 16:00:21
1511,56,33,16,,,126.83405619202186,37.20536855358486,126.82854465196262,37.199725818041756,2024-10-24 16:00:27
1512,50,37,16,,,126.82141893751162,37.21094355520458,126.82210354404647,37.196985872678795,2024-10-24 16:00:38
1513,28,42,16,,,126.83041070906302,37.202721886774384,126.8305888310241,37.19547487995831,2024-10-24 16:01:16
1514,56,33,16,,,126.83447693147613,37.20504116503285,126.82883827108239,37.200103672945254,2024-10-24 16:02:01
1515,70,33,16,,,126.83712611567812,37.21038381767976,126.82897477443386,37.2015710579558,2024-10-24 16:02:11
1516,17,54,16,,,126.82564110387307,37.19681519523942,126.83242080794588,37.20980332367846,2024-10-24 16:02:44
1517,56,33,16,,,126.83574863689242,37.2056347806396,126.82970071449242,37.200943316965116,2024-10-24 16:02:52
1518,56,17,16,,,126.83435782612028,37.20641052417628,126.82624574358447,37.196325506303026,2024-10-24 16:02:58
1519,56,32,16,,,126.83453206342428,37.20476390165867,126.83291870847246,37.201618200978075,2024-10-24 16:03:00
1520,56,41,16,,,126.83508338145292,37.20616908404245,126.833824165819,37.197904826144715,2024-10-24 16:03:09
1521,12,19,16,,,126.82013009764455,37.205301781560564,126.82901105967902,37.19493230252899,2024-10-24 16:03:15
1522,17,54,16,,,126.82601594737388,37.197643281552146,126.83203804269024,37.209760439093564,2024-10-24 16:03:19
1523,28,25,16,,,126.82958185302185,37.20439590603527,126.82104235854413,37.19510945984543,2024-10-24 16:03:36
1524,56,31,16,,,126.83516110013167,37.20524586144096,126.82944535018511,37.19698186615683,2024-10-24 16:03:44
1525,54,33,16,,,126.83316383530158,37.21036980366145,126.83018140017859,37.199920644684994,2024-10-24 16:04:27
1526,33,58,16,,,126.8291292609569,37.20063412588428,126.8359053912613,37.207926135513645,2024-10-24 16:04:28
1527,56,19,16,,,126.83514786281934,37.206194418236514,126.82911688663371,37.19556302589808,2024-10-24 16:04:58
1528,56,17,16,,,126.83430248334348,37.206476909736445,126.82553130769554,37.19642808950861,2024-10-24 16:05:04
1529,58,19,16,,,126.8342979164913,37.2081768404725,126.82889177109756,37.19572003553552,2024-10-24 16:05:10
1530,31,54,16,,,126.82930393091246,37.19846412768687,126.8317618557125,37.20999707022434,2024-10-24 16:05:46
1531,70,33,16,,,126.83874260949142,37.20919721202407,126.82892356430646,37.20094378947605,2024-10-24 16:07:24
1532,72,33,16,,,126.8114786935558,37.206434277412114,126.82909225917308,37.20115206837307,2024-10-24 16:07:33
1533,17,54,16,,,126.82622285916457,37.196972840669076,126.8328154179334,37.20943520735002,2024-10-24 16:08:06
1534,70,19,16,,,126.83829434332137,37.209150673170036,126.82918388537456,37.19503442917969,2024-10-24 16:08:45
1535,17,54,16,,,126.82643199041664,37.197705703854666,126.83306082983493,37.210251756707024,2024-10-24 16:08:49
1536,17,54,16,,,126.82629794762036,37.19672214638467,126.83272439963086,37.20993206292646,2024-10-24 16:08:52
1537,56,41,16,,,126.83417031906828,37.20640836553749,126.8343009097494,37.196575237532635,2024-10-24 16:09:51
1538,56,41,16,,,126.83401524765826,37.20529828050197,126.83498150331076,37.1977871791189,2024-10-24 16:10:08
1539,10,17,16,,,126.81706947766098,37.20984467485707,126.82568160811152,37.197344071723975,2024-10-24 16:10:20
1540,41,70,16,,,126.83431087158655,37.19776000260411,126.83864171866281,37.20938703421197,2024-10-24 16:11:28
1541,31,59,16,,,126.82845555912263,37.197420989087625,126.83175610230624,37.20791438698006,2024-10-24 16:11:28
1542,70,42,16,,,126.83792454674976,37.208748155653595,126.83192893295652,37.195179511463685,2024-10-24 16:11:42
1543,42,70,16,,,126.83234142021145,37.195941719221054,126.83834366368214,37.209946128648845,2024-10-24 16:11:50
1544,56,40,16,,,126.83501773961844,37.205322554278986,126.83036972690594,37.19265698075699,2024-10-24 16:11:53
1545,56,41,16,,,126.8346564871508,37.2052865655587,126.8346671000723,37.19758497462626,2024-10-24 16:12:13
1546,56,32,16,,,126.8339333068727,37.20485893247271,126.83218499876666,37.20217310351009,2024-10-24 16:13:08
1547,54,33,16,,,126.8328033025202,37.210513151336215,126.82944455384492,37.201030550067145,2024-10-24 16:13:13
1548,56,33,16,,,126.83459183355546,37.20621344690713,126.82970383653098,37.20100150314232,2024-10-24 16:13:44
1549,71,6,16,,,126.84037455341898,37.204454735383514,126.823507589007,37.20327509172856,2024-10-24 16:14:03
1550,42,70,16,,,126.8317499111916,37.196034991838566,126.83820242331993,37.20857127853106,2024-10-24 16:14:22
1551,42,70,16,,,126.83157154070022,37.19628571148838,126.83829709909033,37.20863049875936,2024-10-24 16:14:31
1552,54,17,16,,,126.83265950576774,37.2096619903814,126.82596713216229,37.19649563859908,2024-10-24 16:15:05
1553,59,41,16,,,126.83186739760649,37.207824449377476,126.8344098076054,37.19666340165838,2024-10-24 16:15:29
1554,19,10,16,,,126.82854418488293,37.19583531759265,126.81735106479184,37.20842990176844,2024-10-24 16:15:53
1555,17,12,16,,,126.82597469043617,37.19647031451168,126.81967712051545,37.20535824020013,2024-10-24 16:15:57
1556,33,58,16,,,126.82948633153111,37.201170050342306,126.83563785942654,37.20844461348393,2024-10-24 16:16:21
1557,56,41,16,,,126.8346534302243,37.20538220060174,126.83428965380858,37.19653867489241,2024-10-24 16:16:23
1558,11,33,16,,,126.81393379543154,37.208921591290114,126.82932482255183,37.2005112746311,2024-10-24 16:16:28
1559,10,17,16,,,126.81695750377806,37.21000788907949,126.82574814303727,37.19634315684151,2024-10-24 16:16:44
1560,58,42,16,,,126.83473202777333,37.20747572235893,126.8321171403652,37.19676001086716,2024-10-24 16:17:49
1561,10,17,16,,,126.81751986753784,37.20908313505454,126.8267356099561,37.19649092705446,2024-10-24 16:18:09
1562,33,58,16,,,126.82948661877244,37.2007739333907,126.83565903606352,37.20766167343502,2024-10-24 16:18:22
1563,54,33,16,,,126.83270847896297,37.20943690988682,126.82934878720496,37.20065693229525,2024-10-24 16:18:42
1564,11,17,16,,,126.81434925446575,37.20768460234807,126.8260870372059,37.19639414506888,2024-10-24 16:19:22
1565,56,33,16,,,126.83517139886291,37.20552373553198,126.82903409185094,37.201491200394386,2024-10-24 16:19:50
1566,17,54,16,,,126.82698802684841,37.19674149132267,126.83285113691284,37.20947775410531,2024-10-24 16:20:04
1567,58,32,16,,,126.83567004517744,37.20894907729525,126.83138051064294,37.20243740119224,2024-10-24 16:20:39
1568,69,30,16,,,126.8374518404898,37.207415318616,126.83161042055875,37.19981478832395,2024-10-24 16:21:22
1569,58,19,16,,,126.83418251586232,37.20800469353347,126.8283974388749,37.194918205746426,2024-10-24 16:21:38
1570,33,54,16,,,126.83019742840784,37.20018165144434,126.83177564466162,37.210992477500675,2024-10-24 16:22:07
1571,56,33,16,,,126.83466055331529,37.20625746190747,126.82996644202372,37.200466407997645,2024-10-24 16:22:37
1572,58,19,16,,,126.83506818144672,37.20831085928929,126.82947519804918,37.194852734307865,2024-10-24 16:22:57
1573,56,17,16,,,126.83555199729992,37.20630795431804,126.8258791067779,37.19680899033094,2024-10-24 16:23:15
1574,10,17,16,,,126.81656973860234,37.20835406680674,126.82724652062957,37.196825223712814,2024-10-24 16:23:29
1575,70,32,16,,,126.83765702783077,37.209219173782444,126.83180596320399,37.202118030333544,2024-10-24 16:24:12
1576,53,55,16,,,126.83039499911773,37.20567992165,126.8306033784486,37.209362989595036,2024-10-24 16:24:25
1577,58,19,16,,,126.83453369266296,37.207535217372524,126.8285246717037,37.19442812140289,2024-10-24 16:24:35
1578,46,53,16,,,126.82992661289734,37.212583108623086,126.83029836915837,37.20565127157107,2024-10-24 16:25:41
1579,19,10,16,,,126.82930625610936,37.19498528385403,126.81753407957582,37.209549681760166,2024-10-24 16:25:45
1580,70,33,16,,,126.83760000549223,37.208947938535836,126.8286909507337,37.200734764025874,2024-10-24 16:26:01
1581,56,31,16,,,126.8347649411898,37.205571337479185,126.82829277712537,37.198090707047314,2024-10-24 16:26:12
1582,33,58,16,,,126.82885284843154,37.20156449697633,126.83523932164027,37.208095327493275,2024-10-24 16:26:17
1583,10,56,16,,,126.81749028155744,37.209788459704406,126.8358925776472,37.204894930584935,2024-10-24 16:26:37
1584,58,19,16,,,126.83498312517838,37.20789584205483,126.82818060779115,37.1947889946833,2024-10-24 16:27:01
1585,54,33,16,,,126.83222658353263,37.20941536754913,126.82865522757018,37.20066643414187,2024-10-24 16:27:02
1586,59,33,16,,,126.83309137019684,37.20826940761215,126.82833805481816,37.20118139501442,2024-10-24 16:27:34
1587,10,56,16,,,126.81777212647768,37.20988906300889,126.83498359669342,37.204811481139515,2024-10-24 16:27:36
1588,32,54,16,,,126.831117053239,37.20210372185734,126.83203480410478,37.21111572116345,2024-10-24 16:27:48
1589,56,31,16,,,126.83510788141463,37.205109143260984,126.82811143436138,37.198169733701754,2024-10-24 16:28:03
1590,17,54,16,,,126.82569431180897,37.1974172639022,126.83309418955989,37.209447722449596,2024-10-24 16:28:27
1591,17,56,16,,,126.82602502320441,37.19673199310713,126.83458437620367,37.20554766814848,2024-10-24 16:28:30
1592,56,32,16,,,126.8351504314816,37.205605717899175,126.83127457118152,37.201118351535385,2024-10-24 16:28:44
1593,10,17,16,,,126.8168287957516,37.209165081177225,126.8271104004051,37.19668714636943,2024-10-24 16:29:16
1594,70,17,16,,,126.8379356268338,37.20943947316983,126.8265606363435,37.19651904057624,2024-10-24 16:29:56
1595,19,10,16,,,126.82915802217792,37.195506654346055,126.81742459436514,37.21007016948639,2024-10-24 16:30:14
1596,58,19,16,,,126.83459343462566,37.20849629604323,126.82889071329504,37.194117114600424,2024-10-24 16:30:20
1597,56,17,16,,,126.83469244747742,37.20527540322242,126.8271658163641,37.196439051872254,2024-10-24 16:30:38
1598,42,70,16,,,126.83217617129245,37.19519897731509,126.83806019303505,37.210461758183875,2024-10-24 16:30:50
1599,17,54,16,,,126.82689861205836,37.196716351365076,126.83241055254382,37.21108161361595,2024-10-24 16:31:05
1600,56,33,16,,,126.83438676778786,37.205890759328106,126.8302194498354,37.20113495521942,2024-10-24 16:31:50
1601,56,33,16,,,126.83457102057706,37.2058424438996,126.83024040315568,37.20082260436213,2024-10-24 16:31:54
1602,56,33,16,,,126.83459453033933,37.20526026812191,126.8283304370621,37.20040344285471,2024-10-24 16:32:03
1603,70,42,16,,,126.83721673066889,37.208593206309075,126.83132267208583,37.196938083775926,2024-10-24 16:33:21
1604,56,41,16,,,126.83507110307806,37.20559043560418,126.83481704928957,37.19747216647975,2024-10-24 16:33:46
1605,19,10,16,,,126.82938954668057,37.19530774928313,126.81630814229469,37.20967270382945,2024-10-24 16:34:27
1606,17,54,16,,,126.82705130489222,37.19693437833331,126.83186786408803,37.209916009559464,2024-10-24 16:35:15
1607,72,33,16,,,126.81129541129046,37.20619809625184,126.82909648392351,37.2014854077564,2024-10-24 16:35:23
1608,31,59,16,,,126.8286045768565,37.19748505050935,126.8316463148307,37.20660706684557,2024-10-24 16:36:02
1609,42,70,16,,,126.8323043244405,37.19527769072896,126.8378960318557,37.209842062240995,2024-10-24 16:36:44
1610,63,32,16,,,126.8358024699211,37.21178967280722,126.83258305554641,37.20166930699631,2024-10-24 16:37:43
1611,56,31,16,,,126.83560858833457,37.204747325579646,126.82932482522281,37.197653651764675,2024-10-24 16:38:10
1612,56,33,16,,,126.83475285198895,37.206360323704004,126.8287150171844,37.20005659712366,2024-10-24 16:38:11
1613,42,70,16,,,126.83073031406455,37.19525526359494,126.83847972941479,37.20993638791823,2024-10-24 16:38:26
1614,17,12,16,,,126.82728069829767,37.19719893448348,126.81993640311964,37.20511970276517,2024-10-24 16:38:36
1615,19,10,16,,,126.8294093793998,37.1952950471807,126.81730049646801,37.20895595849923,2024-10-24 16:39:02
1616,56,22,16,,,126.83585778086567,37.204892572037565,126.81564762769153,37.19609556851057,2024-10-24 16:39:31
1617,56,33,16,,,126.83419793047685,37.20595827290523,126.82995264095335,37.2001405575753,2024-10-24 16:40:02
1618,17,54,16,,,126.82696326888578,37.19688757714363,126.83284049597987,37.21093750407932,2024-10-24 16:40:09
1619,42,70,16,,,126.83191087945134,37.19561717107021,126.83850361054459,37.21053801303632,2024-10-24 16:40:48
1620,58,32,16,,,126.83612988966492,37.20945464601301,126.83247886778155,37.2022512714351,2024-10-24 16:41:14
1621,56,33,16,,,126.83456596780654,37.20524218247551,126.83006648433407,37.19987547865737,2024-10-24 16:42:03
1622,10,40,16,,,126.81740511904397,37.20964233651453,126.83188986903609,37.19407524768841,2024-10-24 16:42:12
1623,56,17,16,,,126.83486866254846,37.204836371487694,126.82659068098744,37.19738575838993,2024-10-24 16:42:41
1624,56,17,16,,,126.8355897448755,37.206513040896176,126.82635277249656,37.19626394737378,2024-10-24 16:42:45
1625,70,33,16,,,126.83864623758974,37.21013782085383,126.82909604515619,37.20081354033299,2024-10-24 16:42:59
1626,11,17,16,,,126.81338169370268,37.207577187997124,126.82659062664978,37.19736283764008,2024-10-24 16:43:23
1627,41,70,16,,,126.83480156350193,37.197196820026,126.83789961270837,37.2088242633597,2024-10-24 16:43:24
1628,17,54,16,,,126.82628577935614,37.19661648463158,126.8326509705579,37.21105554570917,2024-10-24 16:43:26
1629,10,17,16,,,126.81715929163303,37.20864016653979,126.82736571359588,37.19772510619363,2024-10-24 16:43:47
1630,58,19,16,,,126.83468592937186,37.207614972622736,126.82810336488231,37.194490311941884,2024-10-24 16:43:56
1631,23,32,16,,,126.8201982886022,37.19191182768854,126.83215293693603,37.20198391283141,2024-10-24 16:43:57
1632,42,70,16,,,126.83176845735784,37.196959908717545,126.83683789042512,37.2085480877941,2024-10-24 16:44:07
1633,58,19,16,,,126.83457213203457,37.207531863578026,126.82959252564598,37.19444082975058,2024-10-24 16:44:21
1634,54,33,16,,,126.83354940708324,37.209297200088926,126.83030448633062,37.200530879207584,2024-10-24 16:44:22
1635,56,31,16,,,126.8354745879832,37.20651808899744,126.82874660860803,37.197758439165355,2024-10-24 16:44:26
1636,33,58,16,,,126.82892349906135,37.201236211237664,126.83430089618041,37.20827214644496,2024-10-24 16:44:28
1637,42,70,16,,,126.83055196972043,37.19705955676353,126.8377831057189,37.210406542930826,2024-10-24 16:44:34
1638,59,41,16,,,126.83296996863909,37.207403071543396,126.83403081089702,37.19649451756506,2024-10-24 16:44:39
1639,56,41,16,,,126.8341306677272,37.206217747454026,126.833845945083,37.198068183487116,2024-10-24 16:44:42
1640,17,54,16,,,126.82616095089578,37.19604958322669,126.83188234226755,37.210668499138094,2024-10-24 16:45:54
1641,54,33,16,,,126.8336115099281,37.20923970950375,126.82954318647977,37.201021251786216,2024-10-24 16:46:17
1642,10,17,16,,,126.8177572698412,37.20973984312873,126.826033009919,37.19721274232931,2024-10-24 16:46:28
1643,54,33,16,,,126.83257974067195,37.210313706448346,126.82959620595004,37.20154156360217,2024-10-24 16:46:28
1644,56,41,16,,,126.83510782803333,37.20539142989682,126.83372489960479,37.19814991835937,2024-10-24 16:47:24
1645,47,18,16,,,126.8267749631323,37.211814726937035,126.82310722105743,37.195429953873024,2024-10-24 16:47:35
1646,10,38,16,,,126.81729793580898,37.20914613848626,126.82441756763677,37.20209487195737,2024-10-24 16:47:48
1647,54,17,16,,,126.83209006106725,37.21060741050692,126.82704786638759,37.19616181382964,2024-10-24 16:48:03
1648,17,54,16,,,126.826229725351,37.19662102450625,126.83252166188949,37.209377971717075,2024-10-24 16:48:34
1649,32,54,16,,,126.83177910519214,37.20086350828628,126.83249753404856,37.209833557421526,2024-10-24 16:48:41
1650,10,17,16,,,126.81789746279344,37.20995075607107,126.82603522859003,37.19593919667066,2024-10-24 16:48:59
1651,42,70,16,,,126.83110980045376,37.19622835131847,126.83803962381808,37.20940345416283,2024-10-24 16:49:29
1652,19,10,16,,,126.829465812361,37.19468526133025,126.81682943376701,37.20966726696457,2024-10-24 16:49:41
1653,11,33,16,,,126.81407186898815,37.207377024793914,126.82902322006923,37.200919761929,2024-10-24 16:49:58
1654,17,54,16,,,126.82565027525729,37.19674722755409,126.83341274149643,37.20989077238086,2024-10-24 16:50:29
1655,56,41,16,,,126.8354110022471,37.206407763466814,126.83427358505926,37.196944487462225,2024-10-24 16:51:17
1656,42,70,16,,,126.83109691013524,37.19653090134306,126.83746200970195,37.20986408335441,2024-10-24 16:51:23
1657,56,33,16,,,126.83507606155098,37.20535840656913,126.82860552274423,37.20074807027688,2024-10-24 16:51:29
1658,10,17,16,,,126.8161331137698,37.20866691170316,126.82672597179082,37.19728802501171,2024-10-24 16:52:43
1659,70,32,16,,,126.8374180076158,37.2099205665122,126.83213438062471,37.20192041489292,2024-10-24 16:53:09
1660,56,41,16,,,126.83523573410525,37.20558425388015,126.83425302793769,37.19632570136072,2024-10-24 16:53:33
1661,28,66,16,,,126.83019772654515,37.20289293041755,126.8375289013828,37.20458577645001,2024-10-24 16:53:42
1662,10,17,16,,,126.81789765762552,37.20970265961759,126.82694592316845,37.1966547976203,2024-10-24 16:54:14
1663,10,17,16,,,126.81704973383923,37.20965898560329,126.82620962508234,37.196361089091326,2024-10-24 16:54:32
1664,56,41,16,,,126.83567205729825,37.20663830912138,126.83336655536576,37.19795273095168,2024-10-24 16:54:32
1665,42,70,16,,,126.83191508584896,37.19575200103909,126.83734145426591,37.209224799811366,2024-10-24 16:54:45
1666,56,17,16,,,126.83538361806602,37.204693663170694,126.82625325996003,37.19772583146381,2024-10-24 16:55:08
1667,42,70,16,,,126.83144123739768,37.19674750635397,126.83876281125436,37.20878636048266,2024-10-24 16:56:48
1668,56,32,16,,,126.83505515397371,37.205030148376494,126.83151179797407,37.20202123219308,2024-10-24 16:57:23
1669,58,19,16,,,126.83523418341707,37.2082068693127,126.82803424541731,37.194303489388204,2024-10-24 16:57:30
1670,56,41,16,,,126.8341111101421,37.2051664965049,126.83351028739585,37.197858846751316,2024-10-24 16:57:32
1671,56,31,16,,,126.83547402218763,37.20602964662699,126.82969499546873,37.19697429010573,2024-10-24 16:57:52
1672,56,41,16,,,126.83507689415336,37.2056594582552,126.83469039741385,37.19717393655126,2024-10-24 16:58:07
1673,54,33,16,,,126.8327180483436,37.20964940484428,126.82869797647285,37.20123028828162,2024-10-24 16:58:24
1674,31,54,16,,,126.82877013438025,37.19871798320571,126.831720002305,37.209554490505305,2024-10-24 16:58:50
1675,72,56,16,,,126.8123827652851,37.20658896145793,126.83554452191449,37.20526243364551,2024-10-24 16:59:05
1676,42,28,17,,,126.8320983711263,37.195309134478066,126.82937203009094,37.203316999632605,2024-10-24 17:00:06
1677,50,14,17,,,126.82277599071169,37.21141435219389,126.82024696930587,37.208054445628655,2024-10-24 17:00:12
1678,72,70,17,,,126.81206831247226,37.20754931877204,126.83710407348413,37.20985465516834,2024-10-24 17:00:38
1679,32,56,17,,,126.83245996305358,37.2024698149763,126.83471784022929,37.2053914349211,2024-10-24 17:00:52
1680,70,10,17,,,126.8373137285708,37.21046756470109,126.81707311744377,37.20887851280686,2024-10-24 17:01:46
1681,17,54,17,,,126.82685623629173,37.196245768177896,126.83255934082935,37.21117057724953,2024-10-24 17:02:35
1682,15,61,17,,,126.81755124148009,37.20596409289969,126.83378133141555,37.21641883747049,2024-10-24 17:04:18
1683,27,11,17,,,126.82634870661082,37.20048708511943,126.81426733822127,37.208012568294194,2024-10-24 17:05:27
1684,66,33,17,,,126.83772284722251,37.20479742253549,126.82860076127767,37.20154618152071,2024-10-24 17:05:41
1685,59,33,17,,,126.83315054777691,37.207502770016426,126.83027413024706,37.19973579342339,2024-10-24 17:05:59
1686,56,41,17,,,126.83563852128704,37.20619838091518,126.83378623240743,37.197496577151654,2024-10-24 17:06:07
1687,17,54,17,,,126.827368451236,37.1969693745319,126.83302768946933,37.21058610522573,2024-10-24 17:06:28
1688,56,32,17,,,126.83541326266804,37.204904720659805,126.83260936934258,37.2019072720813,2024-10-24 17:06:38
1689,70,42,17,,,126.83875628017091,37.20929384126235,126.83076088931595,37.19587265785825,2024-10-24 17:06:41
1690,58,68,17,,,126.83556061576175,37.20810911255152,126.8399058682099,37.202897265402704,2024-10-24 17:06:47
1691,56,32,17,,,126.83588569808384,37.205999554904984,126.83290002207853,37.20104171564021,2024-10-24 17:06:57
1692,42,70,17,,,126.83088313612222,37.19685211713929,126.83757419027445,37.209125780469456,2024-10-24 17:07:27
1693,59,31,17,,,126.83264585277779,37.20673910594375,126.82919966480726,37.19721016075147,2024-10-24 17:08:00
1694,56,41,17,,,126.83488598149565,37.20512463013515,126.83514491105441,37.197571923490614,2024-10-24 17:08:06
1695,54,33,17,,,126.83351736079814,37.21052442722962,126.82929819094292,37.20093287924563,2024-10-24 17:08:24
1696,70,42,17,,,126.83827538802906,37.20889099204331,126.83219357035529,37.19572849226244,2024-10-24 17:08:25
1697,33,58,17,,,126.82944549056153,37.20043543488726,126.83500567535997,37.2078471110028,2024-10-24 17:08:29
1698,17,54,17,,,126.82599884890702,37.19651868749858,126.83208065908475,37.20949681566463,2024-10-24 17:09:23
1699,50,16,17,,,126.82162516325121,37.21055187452971,126.82439958865241,37.192934951865325,2024-10-24 17:09:28
1700,62,15,17,,,126.83870848746652,37.2119548020695,126.81699095813892,37.20743780305183,2024-10-24 17:09:40
1701,10,56,17,,,126.81604630936812,37.208679440531014,126.83449701901553,37.204843949535054,2024-10-24 17:11:00
1702,67,42,17,,,126.83399138275246,37.20266659723926,126.83141813811987,37.19710029113835,2024-10-24 17:11:11
1703,17,12,17,,,126.82549364447104,37.197217663235506,126.81987866025175,37.20481366187576,2024-10-24 17:11:27
1704,54,33,17,,,126.8329913786293,37.21069997953533,126.82918406019118,37.199844646495634,2024-10-24 17:11:38
1705,37,40,17,,,126.82059239388187,37.19817561604477,126.83171041644773,37.19315364084137,2024-10-24 17:12:53
1706,67,8,17,,,126.8348116842456,37.203256114229895,126.82463939184373,37.20724613582183,2024-10-24 17:13:09
1707,42,69,17,,,126.83155611136242,37.19608833567438,126.83772843880988,37.205944191780404,2024-10-24 17:13:31
1708,11,70,17,,,126.81407520065905,37.209114774421266,126.83700150605931,37.2090166099449,2024-10-24 17:13:46
1709,67,2,17,,,126.83514974972994,37.20196834038615,126.8223254692516,37.20686034729912,2024-10-24 17:13:54
1710,19,32,17,,,126.82821354076789,37.19428595075635,126.83258969195506,37.201844198922515,2024-10-24 17:13:56
1711,21,28,17,,,126.81773301022746,37.19581549309939,126.82916127138266,37.20393129863105,2024-10-24 17:13:57
1712,62,14,17,,,126.83836846585037,37.212731244228365,126.81854449610148,37.206693476359405,2024-10-24 17:14:19
1713,42,70,17,,,126.83066884798691,37.19548666923906,126.83833706256904,37.20890498809728,2024-10-24 17:14:30
1714,63,62,17,,,126.83491224065592,37.211457996486345,126.83788726188087,37.21281359241896,2024-10-24 17:14:44
1715,17,54,17,,,126.82694070970796,37.19659183391338,126.83365283700836,37.21019262654301,2024-10-24 17:14:55
1716,19,10,17,,,126.8285287296638,37.195728698448235,126.81708880061707,37.208822760307186,2024-10-24 17:15:38
1717,10,17,17,,,126.81632604156069,37.21010934597588,126.82648109453243,37.197534751905955,2024-10-24 17:16:21
1718,10,39,17,,,126.81688562441796,37.20976542541837,126.82104271608785,37.200180480532715,2024-10-24 17:16:32
1719,10,17,17,,,126.81724565014561,37.208697418559396,126.82617494943986,37.19663379346967,2024-10-24 17:17:00
1720,10,17,17,,,126.81609944744322,37.2087530065307,126.82668335269318,37.195823076000444,2024-10-24 17:17:15
1721,33,58,17,,,126.82981742818752,37.20120832362191,126.83555133640009,37.20815581197778,2024-10-24 17:17:25
1722,42,70,17,,,126.83229411495104,37.197081287406064,126.8386446760079,37.209420990198254,2024-10-24 17:17:42
1723,71,52,17,,,126.84084855411915,37.205203590420126,126.83155202585039,37.21690110756167,2024-10-24 17:18:30
1724,11,33,17,,,126.81404208523139,37.207564126271286,126.82838316306825,37.200099127730915,2024-10-24 17:18:39
1725,43,4,17,,,126.82233304343693,37.18918695902462,126.82212599751757,37.208154611329704,2024-10-24 17:18:53
1726,54,33,17,,,126.8321871455099,37.20963422656378,126.8301092951449,37.20061838750019,2024-10-24 17:19:08
1727,56,31,17,,,126.8357548572807,37.205207647459055,126.82918624133383,37.198252502979926,2024-10-24 17:19:19
1728,10,17,17,,,126.81784796884561,37.20963086061529,126.8270908983941,37.19646320392195,2024-10-24 17:19:39
1729,42,67,17,,,126.83089215236927,37.19658147762726,126.8350924943257,37.20257652707155,2024-10-24 17:19:41
1730,54,33,17,,,126.83309577237144,37.210407822112586,126.83006674139077,37.201405500310926,2024-10-24 17:20:03
1731,31,58,17,,,126.82839581868801,37.19804065236181,126.83464766291355,37.20891195107241,2024-10-24 17:20:29
1732,54,33,17,,,126.83366449790381,37.21085818271589,126.82924787946808,37.20164022208114,2024-10-24 17:20:34
1733,11,58,17,,,126.81452232195284,37.20814510668561,126.83488787053183,37.20755598399176,2024-10-24 17:21:02
1734,17,54,17,,,126.82626261518915,37.19624243289292,126.83183066770384,37.20968056595496,2024-10-24 17:21:05
1735,56,17,17,,,126.83497993578888,37.20476668916618,126.82736531844257,37.197463877434885,2024-10-24 17:21:13
1736,62,12,17,,,126.839015270901,37.21240071613019,126.8193238305527,37.20449289592595,2024-10-24 17:21:21
1737,17,54,17,,,126.82673836062459,37.19772568330398,126.83170718602113,37.2093285014604,2024-10-24 17:21:42
1738,56,17,17,,,126.83550376598647,37.20618548109768,126.82565823417568,37.19763749057202,2024-10-24 17:21:49
1739,17,12,17,,,126.82578471451819,37.19689374847604,126.81933081688591,37.204202900305226,2024-10-24 17:22:01
1740,32,12,17,,,126.83193774273214,37.2010198174203,126.81862666320822,37.20409811058597,2024-10-24 17:22:44
1741,70,18,17,,,126.83711139246498,37.21009567120085,126.8232685329158,37.1962851873231,2024-10-24 17:22:46
1742,56,17,17,,,126.83578315100942,37.20612408173063,126.82563783189399,37.19725887574619,2024-10-24 17:23:13
1743,46,63,17,,,126.83084437580051,37.212927065223425,126.83568760578906,37.212156412302214,2024-10-24 17:23:25
1744,56,17,17,,,126.83453547429069,37.20489775422583,126.82687945522751,37.19653003045737,2024-10-24 17:25:06
1745,46,40,17,,,126.8311844751013,37.212134144696634,126.83219099961158,37.193822625835864,2024-10-24 17:25:38
1746,47,60,17,,,126.82847604552424,37.211068754051084,126.8335086896735,37.21375536654368,2024-10-24 17:25:50
1747,58,57,17,,,126.8354222727672,37.208427037556724,126.83236627287927,37.20442943395965,2024-10-24 17:26:12
1748,37,24,17,,,126.8214330675244,37.19721893755418,126.81816670125396,37.19151453997353,2024-10-24 17:26:14
1749,72,41,17,,,126.81225403714176,37.20653734704251,126.83481329512003,37.19755157904508,2024-10-24 17:26:35
1750,10,17,17,,,126.81651138857893,37.208413811659284,126.82567858059083,37.19718783945172,2024-10-24 17:27:04
1751,17,54,17,,,126.82542958220311,37.19707762576071,126.83211208081205,37.20961901037326,2024-10-24 17:27:27
1752,58,69,17,,,126.83417257224615,37.20908439047661,126.83766708812108,37.20683583560806,2024-10-24 17:27:40
1753,37,72,17,,,126.82210938785003,37.197928528215265,126.81086041529315,37.207914837991304,2024-10-24 17:28:05
1754,32,59,17,,,126.83294021104314,37.2026270746923,126.8324267497933,37.207124067392684,2024-10-24 17:28:23
1755,12,19,17,,,126.81827653150778,37.203844550014196,126.82922610816996,37.19567588185547,2024-10-24 17:28:47
1756,28,27,17,,,126.8300082016521,37.20349190553005,126.8272687503558,37.20010570766359,2024-10-24 17:28:51
1757,56,33,17,,,126.83424517554523,37.20600180982404,126.82902544108508,37.19977844588152,2024-10-24 17:29:09
1758,17,54,17,,,126.82583317941966,37.196011248164396,126.83201913154008,37.20990662714568,2024-10-24 17:29:12
1759,56,32,17,,,126.83449089284676,37.206034830344855,126.83143549871575,37.20103615048615,2024-10-24 17:30:09
1760,2,43,17,,,126.82173033721298,37.204997568846956,126.82332542314319,37.19067356581481,2024-10-24 17:30:25
1761,54,33,17,,,126.83263622551515,37.211103576937475,126.82880098537439,37.20074711868076,2024-10-24 17:30:27
1762,35,32,17,,,126.818318549652,37.2028618888475,126.83215590936295,37.201241334325836,2024-10-24 17:31:05
1763,56,17,17,,,126.83554102562871,37.20527477174309,126.82584342792266,37.19636328734666,2024-10-24 17:31:26
1764,31,70,17,,,126.82865667276567,37.19746198020483,126.83778042186775,37.20966381350069,2024-10-24 17:31:39
1765,46,56,17,,,126.83041942451821,37.21244199822872,126.83527244970627,37.205316019695466,2024-10-24 17:32:18
1766,56,31,17,,,126.83542415807823,37.206623547892896,126.82914591013902,37.19763241182796,2024-10-24 17:32:19
1767,56,33,17,,,126.834013673939,37.20500218505172,126.82961446898703,37.201626336384024,2024-10-24 17:32:20
1768,51,34,17,,,126.82001512156823,37.21044921713345,126.8219842844011,37.202060504974675,2024-10-24 17:32:26
1769,54,33,17,,,126.83338608842502,37.21116721742083,126.8297828288634,37.20147618838845,2024-10-24 17:32:30
1770,70,42,17,,,126.83751653362235,37.208730610413284,126.83111487730432,37.19625970930519,2024-10-24 17:33:25
1771,10,17,17,,,126.8175338987117,37.20916081865647,126.82614308357734,37.19601210149076,2024-10-24 17:33:41
1772,37,68,17,,,126.82157771878704,37.198358970573175,126.83944680380894,37.201938421646844,2024-10-24 17:34:10
1773,1,27,17,,,126.81603417843255,37.198510827713676,126.82761171296636,37.19898846419262,2024-10-24 17:34:18
1774,59,40,17,,,126.83338019989546,37.20697493344191,126.83228094904746,37.192643104292436,2024-10-24 17:34:33
1775,18,68,17,,,126.82355102614409,37.19627255213309,126.84033194789795,37.20279826550745,2024-10-24 17:35:33
1776,11,48,17,,,126.81475873211849,37.20853915769518,126.83021607011999,37.21553789346735,2024-10-24 17:35:41
1777,11,17,17,,,126.81366281799927,37.2087400262828,126.82542804068228,37.197112424553424,2024-10-24 17:36:29
1778,63,72,17,,,126.83512101384453,37.210784364950904,126.81144198590087,37.20798332194112,2024-10-24 17:37:32
1779,72,46,17,,,126.81234112718192,37.20736523603102,126.82946582582267,37.211881898690386,2024-10-24 17:37:39
1780,72,70,17,,,126.81074759640059,37.20764684682368,126.83876773289269,37.209990367844284,2024-10-24 17:38:44
1781,7,60,17,,,126.82722184142871,37.20879003495907,126.83337073068482,37.213161477183675,2024-10-24 17:38:51
1782,58,33,17,,,126.83552053117377,37.208417651334265,126.82950003138967,37.199854889340585,2024-10-24 17:39:05
1783,38,64,17,,,126.82385763390023,37.201873094671036,126.84301401687826,37.20253890532146,2024-10-24 17:39:05
1784,24,61,17,,,126.81840083471047,37.19060909105828,126.83368300793354,37.2153687107097,2024-10-24 17:39:21
1785,43,41,17,,,126.82235742882231,37.190636848485504,126.83481937340018,37.19661809199566,2024-10-24 17:39:45
1786,17,54,17,,,126.82642767172898,37.19666746337242,126.83267872851333,37.21067710233818,2024-10-24 17:39:56
1787,56,41,17,,,126.83420586635205,37.20551056217198,126.83372580233372,37.1976410561138,2024-10-24 17:40:30
1788,54,33,17,,,126.83235833998447,37.20932280855087,126.8298002090168,37.20148611711585,2024-10-24 17:41:00
1789,54,33,17,,,126.83236855634055,37.2107813952502,126.83019722859972,37.20154395237013,2024-10-24 17:41:49
1790,33,58,17,,,126.82970718420151,37.20104276165465,126.8359861169819,37.20876046727154,2024-10-24 17:43:20
1791,33,58,17,,,126.82845674208929,37.201640826989504,126.8361180244077,37.209228653764065,2024-10-24 17:43:45
1792,58,19,17,,,126.83515257646482,37.2087962390218,126.82901215293624,37.19408088227978,2024-10-24 17:43:47
1793,56,41,17,,,126.83546042932699,37.20613331976188,126.83457727211311,37.19817828319891,2024-10-24 17:44:33
1794,57,61,17,,,126.83124663151557,37.204452357564335,126.83236453320878,37.21505824440855,2024-10-24 17:44:35
1795,59,41,17,,,126.83204884752004,37.20637794872592,126.83427468647025,37.19808838451057,2024-10-24 17:44:55
1796,17,54,17,,,126.82670550943732,37.19739981002481,126.83180655096162,37.20993143441586,2024-10-24 17:44:55
1797,10,17,17,,,126.81714740764463,37.20870515097755,126.82729699416905,37.19655674287678,2024-10-24 17:44:59
1798,36,7,17,,,126.82296970861678,37.19918736414588,126.82759022709008,37.20857350054719,2024-10-24 17:45:14
1799,56,17,17,,,126.83435301282259,37.205846154570345,126.82648220533294,37.196560265009275,2024-10-24 17:45:18
1800,1,17,17,,,126.81632368445517,37.198026843667606,126.82658060335307,37.19764794875104,2024-10-24 17:45:22
1801,19,10,17,,,126.82946909273335,37.19601158131026,126.8164550652219,37.20973081843664,2024-10-24 17:45:23
1802,10,17,17,,,126.81740626509796,37.21017085500688,126.8258401291842,37.19721445901997,2024-10-24 17:45:30
1803,10,36,17,,,126.81697969558748,37.20983561439541,126.82404189092254,37.19764080668845,2024-10-24 17:45:45
1804,11,33,17,,,126.81421002753956,37.20832173092654,126.82958385420078,37.19976129490934,2024-10-24 17:46:04
1805,10,17,17,,,126.8167724882487,37.20983773462199,126.82711716573611,37.1972615551159,2024-10-24 17:46:07
1806,56,17,17,,,126.8351116605353,37.20555448835404,126.82673632085479,37.196061381638785,2024-10-24 17:46:25
1807,70,17,17,,,126.8369506519175,37.20963626686841,126.82613125841566,37.19704999521958,2024-10-24 17:46:41
1808,56,17,17,,,126.83590242691699,37.204889847318334,126.82636218494008,37.197182684777324,2024-10-24 17:47:00
1809,17,54,17,,,126.82587083125527,37.19774640197032,126.83346544727729,37.21042617184302,2024-10-24 17:48:06
1810,35,32,17,,,126.81941875771709,37.20232620960172,126.83152188716662,37.202037171795915,2024-10-24 17:48:14
1811,17,54,17,,,126.8273866820213,37.19684200330218,126.83201480664549,37.21089440456128,2024-10-24 17:48:38
1812,54,33,17,,,126.8335298953777,37.209251918057426,126.8290812530087,37.200318784454474,2024-10-24 17:48:51
1813,24,13,17,,,126.81797766071628,37.190107621196965,126.81616938293939,37.203919394822165,2024-10-24 17:49:15
1814,54,54,17,,,126.83295609282987,37.209956775503585,126.83338417044794,37.21031727438362,2024-10-24 17:49:29
1815,54,33,17,,,126.8325605007431,37.20984452489276,126.8291146037591,37.200879308896994,2024-10-24 17:50:13
1816,33,58,17,,,126.8292697244939,37.20015936648757,126.83485590804567,37.209301591696295,2024-10-24 17:50:13
1817,40,72,17,,,126.83094294353542,37.193095838334784,126.8122746459059,37.20815005306035,2024-10-24 17:51:04
1818,56,32,17,,,126.83521120569712,37.205034229429494,126.83271150836137,37.20147095627449,2024-10-24 17:51:05
1819,50,49,17,,,126.82211623396256,37.21213061719248,126.82806721066412,37.2138994593678,2024-10-24 17:51:17
1820,10,17,17,,,126.81754325527339,37.208548711461695,126.82630749141308,37.196421666513565,2024-10-24 17:51:34
1821,43,39,17,,,126.82239582306737,37.189260052433966,126.82049888563087,37.20074250246077,2024-10-24 17:51:55
1822,17,54,17,,,126.82606971254097,37.1971570817297,126.83343982248894,37.21046418139721,2024-10-24 17:52:39
1823,59,41,17,,,126.8325158523616,37.20696457125332,126.83421668597707,37.19647566537158,2024-10-24 17:53:26
1824,54,33,17,,,126.83268116165605,37.21090707971471,126.82990791489827,37.19992150557333,2024-10-24 17:53:34
1825,10,17,17,,,126.81723623213624,37.208933159794576,126.82575587202119,37.19738960977126,2024-10-24 17:54:05
1826,29,27,17,,,126.82737734457753,37.202364519010764,126.82579600845102,37.19943985330936,2024-10-24 17:54:10
1827,54,33,17,,,126.83341576963858,37.21057704359036,126.82984694815082,37.20152934277466,2024-10-24 17:54:18
1828,59,33,17,,,126.8315259338865,37.207006369762446,126.82961955437817,37.20081594492353,2024-10-24 17:54:38
1829,56,17,17,,,126.83397741743913,37.20629842187608,126.82641037543485,37.19640991895812,2024-10-24 17:54:42
1830,54,63,17,,,126.8321900763217,37.209660209383344,126.83458021426311,37.21085638321405,2024-10-24 17:55:11
1831,56,17,17,,,126.83556449909675,37.20530920838633,126.82687093565151,37.19619086641298,2024-10-24 17:55:18
1832,56,17,17,,,126.83538018085729,37.20509306275984,126.82695769692116,37.19761595595133,2024-10-24 17:55:19
1833,59,15,17,,,126.83157551089006,37.207437952919115,126.81686463293636,37.20719724507503,2024-10-24 17:55:26
1834,53,25,17,,,126.83002999207108,37.20594126544099,126.82197627609504,37.19535521168188,2024-10-24 17:55:28
1835,59,15,17,,,126.8316958262218,37.20795791298226,126.81771803145232,37.207028933577796,2024-10-24 17:55:53
1836,56,17,17,,,126.83449171991793,37.20507432941926,126.8255232446229,37.19770263164757,2024-10-24 17:56:34
1837,56,31,17,,,126.83395186135088,37.204961305743225,126.82893509621363,37.197634856784646,2024-10-24 17:57:55
1838,56,32,17,,,126.83451687772352,37.206512070150715,126.83215354058773,37.202055772692155,2024-10-24 17:58:00
1839,56,17,17,,,126.83469234543583,37.205617928596155,126.82672412006808,37.19773841932591,2024-10-24 17:58:29
1840,19,18,17,,,126.82977351149843,37.19501811333592,126.82470526447977,37.19479320631458,2024-10-24 17:59:22
1841,19,10,17,,,126.82850946310076,37.19479780059827,126.81602226243236,37.209222984120004,2024-10-24 17:59:34
1842,18,61,17,,,126.82327749222866,37.19534637229426,126.83364141784729,37.216112193283394,2024-10-24 17:59:53
1843,11,58,18,,,126.81473109467963,37.20868545346264,126.83462153196331,37.208957990507216,2024-10-24 18:00:29
1844,17,54,18,,,126.82638971168478,37.195972315799196,126.83270052562364,37.20936296205258,2024-10-24 18:00:36
1845,54,33,18,,,126.83188456631376,37.21110870987604,126.82899105321164,37.20113804588491,2024-10-24 18:00:38
1846,58,19,18,,,126.83475131969438,37.208971697482866,126.82914296704065,37.195138211511505,2024-10-24 18:00:44
1847,28,3,18,,,126.82901135531327,37.2040160903244,126.82452469320293,37.21012271527338,2024-10-24 18:00:55
1848,54,33,18,,,126.83296085265043,37.21072036600597,126.82881095926633,37.19975326294944,2024-10-24 18:00:55
1849,70,11,18,,,126.83818607607985,37.21044481931764,126.81459728583795,37.207796829537,2024-10-24 18:01:33
1850,58,19,18,,,126.83489730293273,37.20863300562073,126.82957024331087,37.195207545164166,2024-10-24 18:01:37
1851,58,19,18,,,126.83445860027588,37.20793771443664,126.82829000901215,37.19424775784302,2024-10-24 18:01:54
1852,58,19,18,,,126.83430315817861,37.20793932490924,126.82795593819502,37.1951750743075,2024-10-24 18:02:12
1853,69,30,18,,,126.83849132190167,37.2068138777239,126.83120198511139,37.19822195636873,2024-10-24 18:02:36
1854,69,30,18,,,126.83716750467734,37.20645065950139,126.83201441183637,37.198748995229295,2024-10-24 18:02:42
1855,42,70,18,,,126.8311345704478,37.19618252473793,126.83870282520051,37.209818759984984,2024-10-24 18:03:06
1856,32,59,18,,,126.83204916813358,37.20150721002007,126.83340789624698,37.20777809532034,2024-10-24 18:03:28
1857,47,11,18,,,126.82654625178593,37.21109904654357,126.8147868646064,37.207968099623876,2024-10-24 18:03:54
1858,56,19,18,,,126.83463044678038,37.20646564314876,126.8294234828737,37.19573348699799,2024-10-24 18:04:04
1859,37,11,18,,,126.8213082721912,37.19738924494774,126.81490768159797,37.20916202177527,2024-10-24 18:04:37
1860,63,43,18,,,126.83508410575,37.2108346648534,126.82263208263875,37.18923689263293,2024-10-24 18:04:39
1861,56,31,18,,,126.83557086569381,37.204667874693314,126.82962105667788,37.19768327537824,2024-10-24 18:05:15
1862,56,32,18,,,126.8348456018995,37.20627603696415,126.83228300743829,37.201372884042584,2024-10-24 18:05:16
1863,72,4,18,,,126.81179884587037,37.20762144943952,126.82248373469092,37.207974285551074,2024-10-24 18:05:18
1864,70,17,18,,,126.8373665438342,37.20882300508622,126.8271531712259,37.19593305846454,2024-10-24 18:05:42
1865,54,33,18,,,126.83354908520779,37.20972878744658,126.82989907424614,37.2008650572257,2024-10-24 18:05:42
1866,56,8,18,,,126.83511774247208,37.206434092274854,126.8246774982365,37.206306729152814,2024-10-24 18:05:47
1867,63,39,18,,,126.83526706493346,37.21127225473001,126.82107564867214,37.19957834034619,2024-10-24 18:05:57
1868,11,17,18,,,126.813479297677,37.20852648667778,126.8255928866628,37.19624971372257,2024-10-24 18:06:09
1869,56,17,18,,,126.83416380120183,37.20528902611715,126.82611083696149,37.19730471106898,2024-10-24 18:06:10
1870,33,54,18,,,126.8296801964029,37.20100367794501,126.83193250459787,37.2107344017827,2024-10-24 18:06:36
1871,33,58,18,,,126.82979944825092,37.19992675367486,126.83530620238142,37.2076993632966,2024-10-24 18:07:15
1872,27,71,18,,,126.82721496865369,37.20050041592377,126.83974365473436,37.20424090368856,2024-10-24 18:07:29
1873,56,31,18,,,126.8356710439926,37.20495469396492,126.82959248712842,37.196914523853174,2024-10-24 18:07:35
1874,55,41,18,,,126.83096808556677,37.209096157628785,126.83514873330334,37.19664500019335,2024-10-24 18:07:40
1875,11,70,18,,,126.8146840375981,37.20793305050868,126.83852028730034,37.21020298211086,2024-10-24 18:07:43
1876,11,33,18,,,126.81435593422617,37.208216445211704,126.8300904344451,37.20166169171594,2024-10-24 18:09:18
1877,56,19,18,,,126.83419701019272,37.2052323138692,126.82980982832149,37.195741453168964,2024-10-24 18:09:30
1878,53,25,18,,,126.82894981959394,37.207101234584,126.8204071369871,37.19397136978603,2024-10-24 18:10:07
1879,72,56,18,,,126.81250950594847,37.2079690042989,126.83454154538376,37.20564181062963,2024-10-24 18:10:16
1880,62,38,18,,,126.83903204091368,37.21248918533326,126.82319873178156,37.20051452452756,2024-10-24 18:10:24
1881,17,54,18,,,126.82723183767115,37.19659107834736,126.833210783639,37.209207295397675,2024-10-24 18:10:29
1882,69,30,18,,,126.8383019129229,37.20686398273303,126.8325233625995,37.198377031348805,2024-10-24 18:10:48
1883,37,55,18,,,126.82165415912257,37.19762191103572,126.82907743991146,37.20837038495173,2024-10-24 18:11:23
1884,17,54,18,,,126.82594458279557,37.196842495011,126.83298444771388,37.211172212987144,2024-10-24 18:12:26
1885,32,59,18,,,126.83185183172375,37.20260470138483,126.83162951842543,37.207610712313624,2024-10-24 18:13:07
1886,42,70,18,,,126.83087088996787,37.19548352583617,126.83821217669431,37.2089751447428,2024-10-24 18:14:07
1887,56,32,18,,,126.83555373963924,37.20542750121023,126.83220939257926,37.20269847950948,2024-10-24 18:14:56
1888,32,59,18,,,126.8319576162449,37.20141886042468,126.83273539387561,37.20739750498274,2024-10-24 18:15:08
1889,54,33,18,,,126.83252615929085,37.20924147623362,126.8296250025724,37.19996053588467,2024-10-24 18:15:18
1890,54,51,18,,,126.83304072337287,37.21103685632905,126.8201243671462,37.21079292170683,2024-10-24 18:15:25
1891,32,59,18,,,126.83109433855809,37.20138618649161,126.83155190883865,37.20645955585538,2024-10-24 18:16:51
1892,46,30,18,,,126.82963062618757,37.212907247491266,126.83207233583029,37.198163298444804,2024-10-24 18:16:59
1893,17,54,18,,,126.82619633709834,37.19622183070739,126.83252857136426,37.20979204439907,2024-10-24 18:17:04
1894,33,58,18,,,126.82983298369047,37.20144895617031,126.83525377157298,37.209150830674524,2024-10-24 18:17:14
1895,58,19,18,,,126.83428869662234,37.20767545636626,126.82955940766773,37.195241209091336,2024-10-24 18:18:25
1896,46,15,18,,,126.82975155112736,37.212782670867675,126.81707149561349,37.2071041998324,2024-10-24 18:18:57
1897,47,24,18,,,126.82846864481276,37.21020060641263,126.81908715194074,37.19078732606297,2024-10-24 18:19:05
1898,31,59,18,,,126.82981855488141,37.19838374084827,126.8319423563063,37.20836629171818,2024-10-24 18:19:11
1899,55,44,18,,,126.83021794299579,37.20882713228672,126.82143644846043,37.18821464369625,2024-10-24 18:19:14
1900,54,33,18,,,126.83199772572208,37.209235569101644,126.82910266804743,37.20002125140303,2024-10-24 18:19:15
1901,58,42,18,,,126.83549782743253,37.20778110060794,126.8318027892997,37.1952728988746,2024-10-24 18:19:48
1902,61,61,18,,,126.83383233518872,37.21554562185158,126.83390178994468,37.215686792031676,2024-10-24 18:19:51
1903,70,42,18,,,126.83751728571735,37.20886859586137,126.83150188269282,37.19595359531131,2024-10-24 18:20:16
1904,32,59,18,,,126.83172637806182,37.20096661462066,126.83287081876324,37.20826377509161,2024-10-24 18:20:46
1905,56,17,18,,,126.83480212049359,37.20493847965872,126.82735829794011,37.19736334172022,2024-10-24 18:21:51
1906,56,17,18,,,126.83579679024292,37.20491936184757,126.8261719898682,37.197612850048365,2024-10-24 18:22:45
1907,36,28,18,,,126.82384199828202,37.19929415840192,126.83036004380223,37.203915972170606,2024-10-24 18:23:42
1908,17,54,18,,,126.82610506284455,37.1959839683519,126.83247602460177,37.21063834167541,2024-10-24 18:24:09
1909,58,19,18,,,126.83605055751504,37.20896201346218,126.82849513400362,37.19503526092353,2024-10-24 18:24:20
1910,33,56,18,,,126.82903704330455,37.201148367069784,126.83496645383536,37.20620053590808,2024-10-24 18:24:36
1911,70,11,18,,,126.83877585484665,37.210118647556946,126.81374889702738,37.207683974978806,2024-10-24 18:24:40
1912,56,31,18,,,126.83412074937013,37.20475108598314,126.82904387440959,37.1980134997868,2024-10-24 18:25:22
1913,33,58,18,,,126.82886616727045,37.200142287304224,126.83430754181579,37.20862730903478,2024-10-24 18:25:22
1914,69,30,18,,,126.83742064301246,37.20589069637675,126.83252986207494,37.19883111331441,2024-10-24 18:25:30
1915,56,32,18,,,126.83415899642017,37.20659877186037,126.83223731329052,37.20117023320868,2024-10-24 18:25:46
1916,56,17,18,,,126.83533857181395,37.20481015473566,126.82695880456194,37.19682353213251,2024-10-24 18:26:15
1917,58,19,18,,,126.83608078095514,37.208910030851854,126.82806094879045,37.19544014237824,2024-10-24 18:26:40
1918,69,30,18,,,126.83699319654124,37.20726014858132,126.83140961455393,37.19858837004285,2024-10-24 18:27:05
1919,27,57,18,,,126.82747666524149,37.199588775899855,126.8320011236943,37.20524824682955,2024-10-24 18:27:17
1920,58,19,18,,,126.83514023627495,37.20925167696265,126.82941630948943,37.195039182992794,2024-10-24 18:27:48
1921,56,31,18,,,126.8347966769811,37.20608803413407,126.82811664010936,37.198139979943306,2024-10-24 18:28:05
1922,17,54,18,,,126.82720761506688,37.19725748821547,126.83206987227284,37.20951409949602,2024-10-24 18:28:44
1923,56,31,18,,,126.8355643733236,37.20512791410989,126.82836582389574,37.19696201697037,2024-10-24 18:28:44
1924,10,35,18,,,126.81744711073281,37.2093794516667,126.81848134308046,37.202820982315885,2024-10-24 18:29:12
1925,33,54,18,,,126.83021092974894,37.20003546287045,126.83228060181466,37.20992063697918,2024-10-24 18:29:24
1926,10,17,18,,,126.81760711491032,37.210310754890855,126.82595726539505,37.19677409873291,2024-10-24 18:29:57
1927,17,54,18,,,126.82611309500044,37.19609330884281,126.83239036191688,37.21006139480323,2024-10-24 18:29:59
1928,69,30,18,,,126.83687514902874,37.20702429944656,126.83191251172927,37.198178861217116,2024-10-24 18:30:10
1929,47,48,18,,,126.82706302240776,37.210288414009376,126.83105029926395,37.21490720130613,2024-10-24 18:30:11
1930,72,70,18,,,126.81235640128524,37.208062649564205,126.8380965659899,37.209808115404584,2024-10-24 18:30:45
1931,70,17,18,,,126.83786828908515,37.21028210755814,126.8259245138979,37.19710892904096,2024-10-24 18:30:49
1932,56,32,18,,,126.8355677661695,37.2057512311355,126.83200297064467,37.202584805181935,2024-10-24 18:31:00
1933,69,30,18,,,126.83695480126056,37.20594195338214,126.8326941411193,37.198147625432014,2024-10-24 18:31:44
1934,56,31,18,,,126.83540494395676,37.20613003516992,126.82868923666209,37.198247413489696,2024-10-24 18:32:04
1935,19,10,18,,,126.82983204652405,37.19595422646392,126.8169883127813,37.208575846951824,2024-10-24 18:32:43
1936,56,17,18,,,126.83529557137739,37.205490583432834,126.8269926226272,37.19659752893305,2024-10-24 18:33:44
1937,40,72,18,,,126.83206725428977,37.19366928645385,126.8109729035898,37.208119078909256,2024-10-24 18:33:47
1938,27,20,18,,,126.82705818465726,37.20018469890573,126.81619821460964,37.19209681163937,2024-10-24 18:33:49
1939,56,32,18,,,126.83470151108843,37.204963616868916,126.83289570969579,37.20159374625279,2024-10-24 18:34:21
1940,11,62,18,,,126.81342772438101,37.20796371638373,126.8373841997861,37.212346399333356,2024-10-24 18:35:04
1941,33,58,18,,,126.8284018955897,37.20110732179659,126.83523407083324,37.20784206805729,2024-10-24 18:36:25
1942,54,33,18,,,126.83269497325708,37.209786951476296,126.82859794343032,37.201338749633926,2024-10-24 18:37:10
1943,33,58,18,,,126.82891722621127,37.20090380360247,126.83565505549616,37.20840705164234,2024-10-24 18:37:18
1944,47,5,18,,,126.82679265860313,37.21037521229578,126.82666723984546,37.20601268823375,2024-10-24 18:37:29
1945,56,17,18,,,126.8349762710018,37.20563712388176,126.82704842784236,37.196834589106416,2024-10-24 18:37:30
1946,37,58,18,,,126.82220569466527,37.19654519049281,126.8357621464789,37.20783903643575,2024-10-24 18:38:39
1947,70,10,18,,,126.83802088802588,37.208602175806774,126.81788309644593,37.20909883198762,2024-10-24 18:38:47
1948,71,57,18,,,126.83907527665036,37.20476693246573,126.83241768395774,37.205128265750275,2024-10-24 18:38:56
1949,11,32,18,,,126.81481273016598,37.20737195636127,126.83198492683606,37.20185482427148,2024-10-24 18:39:16
1950,72,70,18,,,126.81107911269369,37.20637089418304,126.83765908541695,37.21049759327651,2024-10-24 18:39:29
1951,56,31,18,,,126.83396910116883,37.20638387324738,126.82824820785514,37.197580774075156,2024-10-24 18:40:32
1952,28,35,18,,,126.8294070024729,37.2039561835336,126.81899567335996,37.20155229166227,2024-10-24 18:40:45
1953,56,15,18,,,126.8347592188052,37.20500565026809,126.81716099080032,37.2073091922998,2024-10-24 18:40:56
1954,69,30,18,,,126.83799883621859,37.20669630531285,126.8313317949549,37.198883367705896,2024-10-24 18:41:15
1955,54,33,18,,,126.83195893314449,37.20956917052811,126.82922432169696,37.200518572925674,2024-10-24 18:41:29
1956,56,17,18,,,126.83460550107465,37.206278044382934,126.8272380881571,37.19597748536726,2024-10-24 18:42:39
1957,46,35,18,,,126.82994890174041,37.212138494024494,126.81943473830675,37.20113985071652,2024-10-24 18:43:11
1958,32,58,18,,,126.83124014814817,37.20104395692167,126.8346808027475,37.2082612209224,2024-10-24 18:43:18
1959,10,64,18,,,126.81790508640984,37.21005410528839,126.84214203055818,37.203066507927005,2024-10-24 18:43:23
1960,17,54,18,,,126.82719245516198,37.19680069826734,126.83345687624103,37.21106430326339,2024-10-24 18:43:53
1961,54,33,18,,,126.83187235602186,37.21113424542393,126.8297678026273,37.20071933996432,2024-10-24 18:44:02
1962,59,33,18,,,126.8329849199932,37.20742435177161,126.82857666852598,37.20056074327951,2024-10-24 18:44:28
1963,47,32,18,,,126.827777894685,37.210361826271956,126.83141154378801,37.20195518810153,2024-10-24 18:44:38
1964,33,58,18,,,126.82870012839211,37.2013006011678,126.83433035428938,37.208350194204485,2024-10-24 18:44:40
1965,56,17,18,,,126.83443953165718,37.205381144290065,126.82700298652549,37.197583609551394,2024-10-24 18:45:10
1966,69,30,18,,,126.83752600973365,37.205910721520766,126.83257529786033,37.199215897733836,2024-10-24 18:45:40
1967,69,30,18,,,126.83732771907333,37.20598168375747,126.83267913474684,37.19962060005586,2024-10-24 18:46:27
1968,69,30,18,,,126.8385491178163,37.205809066429005,126.83235622610592,37.19804504611885,2024-10-24 18:46:35
1969,11,58,18,,,126.81454065834494,37.208475520533625,126.83548212380607,37.209387949369635,2024-10-24 18:46:41
1970,71,53,18,,,126.84098659330051,37.205556371314486,126.8305876331054,37.206170466271125,2024-10-24 18:47:01
1971,54,33,18,,,126.83275911423608,37.20972838777486,126.82840332507263,37.199708198674365,2024-10-24 18:47:14
1972,56,31,18,,,126.83466365127457,37.206050845005166,126.83002004765531,37.196902979403426,2024-10-24 18:47:29
1973,11,33,18,,,126.81335371177656,37.20750651648914,126.82997706821695,37.20004615087225,2024-10-24 18:47:38
1974,69,30,18,,,126.83661014043338,37.20736618535058,126.83135636602977,37.19963704833728,2024-10-24 18:47:46
1975,54,33,18,,,126.83195034862142,37.20936340488042,126.83009905396086,37.20118512636812,2024-10-24 18:48:17
1976,1,49,18,,,126.816472696008,37.1986323399414,126.82766503163622,37.213499243474125,2024-10-24 18:48:17
1977,56,32,18,,,126.83577163017618,37.20509754900362,126.83118309881992,37.20129015993807,2024-10-24 18:48:25
1978,58,42,18,,,126.83456437386289,37.207921794760246,126.83083260911121,37.196478312629914,2024-10-24 18:49:02
1979,59,33,18,,,126.83337498228303,37.206699871650216,126.82977171465684,37.20069838445917,2024-10-24 18:49:03
1980,32,56,18,,,126.83136160226869,37.20175117260903,126.83509112210608,37.206628022629744,2024-10-24 18:49:51
1981,17,54,18,,,126.82619286239853,37.19703199314879,126.8335301064378,37.2110395872265,2024-10-24 18:50:22
1982,11,58,18,,,126.81516682916455,37.20857948153807,126.83602296223538,37.20945699043866,2024-10-24 18:50:26
1983,32,59,18,,,126.83156985970966,37.201389783934665,126.83266069121113,37.20693809630434,2024-10-24 18:50:50
1984,41,70,18,,,126.83436079750732,37.19721451201346,126.83803316995777,37.20932002310058,2024-10-24 18:51:14
1985,52,67,18,,,126.83055111705062,37.21735053954486,126.83455220705807,37.20328684810365,2024-10-24 18:51:23
1986,29,26,18,,,126.82708871230044,37.202258421435154,126.81772686470063,37.19398618772235,2024-10-24 18:51:56
1987,11,58,18,,,126.81377604840796,37.20830416614833,126.83581189733947,37.20760889935023,2024-10-24 18:52:08
1988,62,42,18,,,126.83813750396206,37.21309629857067,126.83211377489172,37.197053287392464,2024-10-24 18:52:18
1989,63,65,18,,,126.83632973583725,37.21119591250738,126.83498638287912,37.200968537139964,2024-10-24 18:52:41
1990,62,21,18,,,126.83752145311281,37.21272113056124,126.81879043528905,37.19733689183895,2024-10-24 18:52:51
1991,47,30,18,,,126.82769195783278,37.21172516974787,126.8321512756114,37.19937613315684,2024-10-24 18:53:07
1992,56,17,18,,,126.83577491960486,37.204647276822556,126.82671732769016,37.19606692613781,2024-10-24 18:53:51
1993,58,19,18,,,126.83422917727108,37.20842626858298,126.82848339883635,37.19422125062749,2024-10-24 18:53:56
1994,42,70,18,,,126.83155851938648,37.19614098450589,126.83733640243436,37.209980687631045,2024-10-24 18:53:58
1995,72,58,18,,,126.81145464042602,37.208115954323496,126.83414043325172,37.20850003799855,2024-10-24 18:54:04
1996,54,33,18,,,126.83187134831078,37.20921705155221,126.82853434440747,37.200433763961776,2024-10-24 18:55:09
1997,56,17,18,,,126.83531491633478,37.206139486292194,126.82541135165779,37.196240026379584,2024-10-24 18:55:23
1998,56,17,18,,,126.83506441546712,37.204777546562354,126.82596257173122,37.19768881087048,2024-10-24 18:55:36
1999,54,33,18,,,126.83233540106394,37.20951976337734,126.82842602439057,37.19997480951163,2024-10-24 18:55:40
2000,31,59,18,,,126.82903800692641,37.197708603493595,126.8316537773495,37.20794321143938,2024-10-24 18:56:01
2001,72,56,18,,,126.81212753984452,37.208053940191654,126.83454176028683,37.206116357864836,2024-10-24 18:56:13
2002,56,41,18,,,126.83401807302532,37.20540385941503,126.8340842441062,37.19693891155422,2024-10-24 18:56:28
2003,70,17,18,,,126.83860864637516,37.2086470138643,126.82733235098435,37.19662670883007,2024-10-24 18:56:41
2004,17,54,18,,,126.82611710757408,37.19674617316365,126.83232899202712,37.210424534990715,2024-10-24 18:57:54
2005,56,17,18,,,126.8350254786442,37.20467722859615,126.8272474276478,37.19768487178439,2024-10-24 18:58:04
2006,42,70,18,,,126.8319673932658,37.195556065810806,126.83716095139292,37.20964383114058,2024-10-24 18:58:11
2007,12,40,18,,,126.81884576756497,37.20402439247585,126.83075287473908,37.192886987974354,2024-10-24 18:58:33
2008,54,33,18,,,126.83281120439466,37.20954569559818,126.82867508666205,37.20155249298256,2024-10-24 18:58:52
2009,17,54,18,,,126.82562695073256,37.19718807911129,126.8319392490879,37.20976327402197,2024-10-24 18:59:25
2010,11,32,18,,,126.81522270462388,37.2072785226813,126.83286410860737,37.20210057084795,2024-10-24 18:59:41
2011,62,63,19,,,126.83856922289277,37.21228099924595,126.83603584529519,37.21131044676924,2024-10-24 19:00:24
2012,69,30,19,,,126.83784158238616,37.20733494896911,126.83090932895318,37.1983323285168,2024-10-24 19:00:26
2013,58,19,19,,,126.83607216253097,37.20864666491254,126.82884280380058,37.19520114647341,2024-10-24 19:00:39
2014,70,33,19,,,126.83688690028427,37.209700605446635,126.82962865626759,37.20096662751721,2024-10-24 19:00:45
2015,19,10,19,,,126.82905276550221,37.195292617009535,126.8174253289405,37.20839389900821,2024-10-24 19:00:47
2016,58,33,19,,,126.8347353475349,37.20911415355906,126.82934993548868,37.20033326060458,2024-10-24 19:00:55
2017,50,55,19,,,126.82156961380785,37.210639421904496,126.83043305679904,37.20971754304288,2024-10-24 19:01:06
2018,2,2,19,,,126.82154579422769,37.20547351770331,126.82118135408751,37.20650773179716,2024-10-24 19:01:06
2019,56,31,19,,,126.83497050052654,37.20559540014052,126.82832687365824,37.19755419928653,2024-10-24 19:01:57
2020,32,59,19,,,126.8314387479926,37.20140158417802,126.83332734377176,37.207833265395315,2024-10-24 19:02:00
2021,56,32,19,,,126.83438626397343,37.2057933803001,126.83155014472469,37.2018107681714,2024-10-24 19:02:26
2022,70,42,19,,,126.83696449658804,37.21023313300435,126.83176395045923,37.196642097055175,2024-10-24 19:02:33
2023,56,32,19,,,126.8358266731427,37.20593560900751,126.83110550131168,37.201185664250914,2024-10-24 19:03:24
2024,70,33,19,,,126.83712153862812,37.208888523056935,126.82944056890433,37.200977649635334,2024-10-24 19:04:17
2025,42,70,19,,,126.83175448767919,37.19588657492191,126.8370245735865,37.20959405402169,2024-10-24 19:04:31
2026,24,50,19,,,126.81785242180203,37.1907010387759,126.82216097458951,37.21217714544185,2024-10-24 19:05:16
2027,56,17,19,,,126.83489794120871,37.2047932080979,126.82674661735403,37.19619459118419,2024-10-24 19:05:19
2028,19,10,19,,,126.82791676887126,37.19517841642662,126.81797700549564,37.2098066006673,2024-10-24 19:05:22
2029,63,32,19,,,126.83601723779695,37.21038381571808,126.83166619267877,37.20204626460308,2024-10-24 19:05:46
2030,58,33,19,,,126.83574086470513,37.20765863952967,126.82929559707759,37.20033713756726,2024-10-24 19:06:24
2031,66,49,19,,,126.83750068268186,37.20455182183565,126.82847808670265,37.21404394178141,2024-10-24 19:06:38
2032,58,33,19,,,126.83597346772707,37.20924472188321,126.82866087731583,37.20085986045016,2024-10-24 19:06:41
2033,54,56,19,,,126.83176755690175,37.20925205085752,126.83411900109631,37.204663711347166,2024-10-24 19:07:00
2034,11,17,19,,,126.8148293647694,37.208249943174835,126.82560502359107,37.19762409806024,2024-10-24 19:07:04
2035,56,31,19,,,126.834389854631,37.20613297127938,126.82846428080225,37.19863848174727,2024-10-24 19:07:18
2036,69,30,19,,,126.83794308054031,37.20720466115944,126.83088108536231,37.199409655613294,2024-10-24 19:08:17
2037,58,33,19,,,126.83504313481703,37.20832557384837,126.82989895440178,37.20160208893553,2024-10-24 19:08:23
2038,69,30,19,,,126.83786664887117,37.20658842267806,126.83241214503042,37.198300544474485,2024-10-24 19:08:24
2039,70,42,19,,,126.8379662925224,37.210517271026525,126.83105587374168,37.195514862012445,2024-10-24 19:09:05
2040,42,34,19,,,126.83079549106732,37.19667442226247,126.82072993993415,37.20269142503766,2024-10-24 19:09:54
2041,69,30,19,,,126.83683632337645,37.20693129660502,126.83118363213768,37.198124656042005,2024-10-24 19:10:26
2042,58,33,19,,,126.83555947366764,37.20936602511112,126.82978037964614,37.19995107137701,2024-10-24 19:10:35
2043,58,19,19,,,126.83589559452355,37.20940739631028,126.82938671062308,37.19437627898166,2024-10-24 19:12:07
2044,58,19,19,,,126.83553402192332,37.20846513490714,126.82847683749513,37.19498834541538,2024-10-24 19:12:38
2045,1,37,19,,,126.8162699384162,37.19902077262937,126.82188830536585,37.19645234574694,2024-10-24 19:13:02
2046,58,42,19,,,126.83496570407684,37.207958695492934,126.8311608760495,37.19551443950649,2024-10-24 19:13:37
2047,56,31,19,,,126.83428463665342,37.206202961411975,126.82841861392015,37.19740596250752,2024-10-24 19:13:51
2048,69,30,19,,,126.83771835304722,37.20675624334029,126.83104785032978,37.19986548569229,2024-10-24 19:13:59
2049,28,13,19,,,126.82928885418194,37.20385599324297,126.81737978632464,37.203334862224274,2024-10-24 19:14:21
2050,11,41,19,,,126.81423517101175,37.207702892058414,126.8336269208033,37.19695811494094,2024-10-24 19:14:27
2051,58,33,19,,,126.83531922270545,37.20802468919966,126.82892591637894,37.19977216942886,2024-10-24 19:14:50
2052,56,31,19,,,126.8346798812057,37.206476313781096,126.82933117737565,37.19775514942632,2024-10-24 19:14:56
2053,58,33,19,,,126.83441634572088,37.20877738842832,126.82880300898734,37.20066144732727,2024-10-24 19:15:02
2054,56,17,19,,,126.83544113367336,37.20482651803877,126.82611163884125,37.19719240299441,2024-10-24 19:15:25
2055,62,26,19,,,126.83778945416135,37.212516028447226,126.81915296905721,37.1937694700624,2024-10-24 19:16:33
2056,58,19,19,,,126.83422343250844,37.20840379109124,126.82922628163917,37.19406961040041,2024-10-24 19:16:53
2057,32,56,19,,,126.83138491628898,37.20259967108027,126.8339548060583,37.2047020297785,2024-10-24 19:17:22
2058,32,60,19,,,126.83139770083481,37.201293837686336,126.83331231641127,37.212193151364744,2024-10-24 19:18:16
2059,56,17,19,,,126.83575844652255,37.206040248953755,126.82564542228553,37.19693654664998,2024-10-24 19:18:25
2060,43,19,19,,,126.82252189549182,37.189900908642024,126.82851993863805,37.19437710821522,2024-10-24 19:18:44
2061,51,34,19,,,126.81938631368396,37.21005376845383,126.82225736475536,37.202213781173334,2024-10-24 19:18:45
2062,42,70,19,,,126.83244342597908,37.19654792440212,126.83816142313165,37.21015438229133,2024-10-24 19:18:58
2063,58,33,19,,,126.8341497492269,37.20767903575728,126.82860853555516,37.20152024892544,2024-10-24 19:19:41
2064,58,33,19,,,126.83518361783781,37.20912937266447,126.82860743929623,37.200000392339426,2024-10-24 19:19:50
2065,19,66,19,,,126.8295471027047,37.194422486586305,126.83798399067386,37.20436056680993,2024-10-24 19:20:16
2066,59,13,19,,,126.83270428521922,37.20751110777744,126.81631511341244,37.20379935370411,2024-10-24 19:20:17
2067,69,30,19,,,126.83855964707425,37.20653282995245,126.83245848643628,37.19957147068318,2024-10-24 19:20:28
2068,70,33,19,,,126.83695515341803,37.21038648317347,126.82928176270009,37.2013444338492,2024-10-24 19:20:40
2069,58,33,19,,,126.83426231245402,37.20843230419763,126.8292219897417,37.20025523632338,2024-10-24 19:20:43
2070,56,17,19,,,126.8345673876566,37.20479300364341,126.82703059049898,37.19699514150759,2024-10-24 19:20:46
2071,56,31,19,,,126.8350632142729,37.206545908484806,126.8290121295128,37.197054414338325,2024-10-24 19:20:58
2072,58,33,19,,,126.83529211313312,37.20783979993102,126.82998261651332,37.20106945413413,2024-10-24 19:21:06
2073,36,33,19,,,126.82335669744789,37.197835638577,126.82918121672014,37.20110990356186,2024-10-24 19:21:16
2074,56,17,19,,,126.83541479936211,37.206366709091384,126.82733729197311,37.197545237066635,2024-10-24 19:21:47
2075,42,70,19,,,126.83065020334189,37.19551169398089,126.83691231688714,37.209527397823805,2024-10-24 19:21:51
2076,55,53,19,,,126.83043505617925,37.20983529401944,126.82893847090973,37.20574958080979,2024-10-24 19:22:02
2077,42,43,19,,,126.83168582236225,37.195542938009524,126.8227390076174,37.189701556627654,2024-10-24 19:22:27
2078,58,19,19,,,126.83554478616415,37.208732453027444,126.82787240285951,37.19461078602166,2024-10-24 19:23:43
2079,70,33,19,,,126.83847850573535,37.20970851574764,126.82837331706578,37.1998009228072,2024-10-24 19:23:45
2080,58,33,19,,,126.83491513192045,37.20923464440775,126.83030216079385,37.20050037143593,2024-10-24 19:23:48
2081,58,33,19,,,126.83464775849382,37.209438240838985,126.82904285204117,37.20063876949178,2024-10-24 19:23:56
2082,58,33,19,,,126.8354900800234,37.20795611161186,126.8291125005828,37.20043826453568,2024-10-24 19:24:12
2083,58,33,19,,,126.83606398559029,37.20873612210788,126.82967187642886,37.20142007093616,2024-10-24 19:25:47
2084,20,17,19,,,126.8159879445814,37.19298781941309,126.82727557123303,37.19631956989147,2024-10-24 19:25:48
2085,10,43,19,,,126.81732938832296,37.20890831820963,126.82354192460198,37.190418997821986,2024-10-24 19:26:02
2086,56,32,19,,,126.83475390645249,37.20610692251208,126.8318046099761,37.20133451651094,2024-10-24 19:26:06
2087,46,12,19,,,126.82925321881186,37.211401018787306,126.81981402285197,37.2038243342742,2024-10-24 19:26:08
2088,15,4,19,,,126.81613410390653,37.207477668465046,126.822190162968,37.20949339381663,2024-10-24 19:26:39
2089,35,32,19,,,126.8185240011691,37.20281805460098,126.83269129732504,37.20114225760901,2024-10-24 19:27:18
2090,47,48,19,,,126.82759236942091,37.20992115232501,126.83010961307959,37.21479890107338,2024-10-24 19:27:29
2091,56,17,19,,,126.83524520020957,37.20591672658682,126.82588666634014,37.196813167643995,2024-10-24 19:28:12
2092,11,70,19,,,126.81337840488621,37.207322482538125,126.83850027244881,37.210120549555235,2024-10-24 19:28:18
2093,59,33,19,,,126.83237021552861,37.2083006714405,126.82836711761804,37.20149089944746,2024-10-24 19:28:42
2094,12,17,19,,,126.82019439222516,37.20427232390061,126.82669448816253,37.19615496104834,2024-10-24 19:29:21
2095,58,33,19,,,126.83580129957204,37.20816316564347,126.8285897109463,37.19976558695658,2024-10-24 19:29:22
2096,58,33,19,,,126.83429451534589,37.20862910427504,126.829260628913,37.20010349839524,2024-10-24 19:29:29
2097,58,33,19,,,126.83477803927373,37.20881650102426,126.82968091574477,37.20082211769875,2024-10-24 19:29:45
2098,19,10,19,,,126.8292862388426,37.19449676776568,126.81624692256915,37.208590922904875,2024-10-24 19:29:51
2099,72,35,19,,,126.81109286022867,37.20753370011654,126.81889194088926,37.202457666217256,2024-10-24 19:29:52
2100,11,26,19,,,126.81493765254207,37.20826385635673,126.81905655474233,37.193863110848014,2024-10-24 19:30:19
2101,70,33,19,,,126.83863285006983,37.20862479289235,126.8292500875924,37.201591375914774,2024-10-24 19:30:20
2102,36,49,19,,,126.82443919238207,37.19835180698959,126.82799528037839,37.21429454037577,2024-10-24 19:30:27
2103,58,33,19,,,126.83588526514961,37.20943331793361,126.830134928048,37.20001568736081,2024-10-24 19:30:40
2104,58,19,19,,,126.83415854912502,37.20774232191263,126.82853429741829,37.19498403013878,2024-10-24 19:31:04
2105,7,40,19,,,126.82665522262988,37.207888323403985,126.83141226860744,37.19348968151567,2024-10-24 19:31:19
2106,70,33,19,,,126.83839212693354,37.209969893965,126.82983948855106,37.20022246315305,2024-10-24 19:31:22
2107,56,17,19,,,126.83428456456784,37.20627994218139,126.82582294236228,37.1959787096775,2024-10-24 19:31:57
2108,11,49,19,,,126.81402713861853,37.20915823630843,126.82767735270947,37.2142502584102,2024-10-24 19:32:03
2109,70,33,19,,,126.8371794822736,37.209751212894794,126.82932823382497,37.20108278323152,2024-10-24 19:32:12
2110,69,30,19,,,126.8376058635511,37.20577302804832,126.83262713371474,37.198712356555134,2024-10-24 19:32:20
2111,70,42,19,,,126.83728180233977,37.20918684806068,126.83238542039057,37.196658879792466,2024-10-24 19:32:31
2112,56,17,19,,,126.8358614286136,37.20596545724397,126.82686734860746,37.1964134629678,2024-10-24 19:32:37
2113,69,30,19,,,126.83792932560011,37.20630378765791,126.8317609731021,37.19984911159741,2024-10-24 19:32:47
2114,31,54,19,,,126.82929020700597,37.19884011773612,126.83271538553608,37.20920350360353,2024-10-24 19:33:02
2115,27,71,19,,,126.82645703299637,37.20017594164737,126.8403067791463,37.204961691121404,2024-10-24 19:33:31
2116,51,34,19,,,126.81948131973112,37.2106440304242,126.82161730136791,37.203447160633125,2024-10-24 19:33:42
2117,2,32,19,,,126.82184385835393,37.20616745211564,126.83170364821122,37.20156727834345,2024-10-24 19:34:04
2118,59,15,19,,,126.8328728445752,37.20824753722673,126.81664200770689,37.20645971494442,2024-10-24 19:34:23
2119,56,32,19,,,126.83479141090315,37.205310398302174,126.83109749457138,37.201486066072384,2024-10-24 19:34:40
2120,32,58,19,,,126.83143183882757,37.202268426671644,126.8359302242133,37.208188435888765,2024-10-24 19:34:56
2121,11,70,19,,,126.81452580260053,37.20889720209716,126.83873705438504,37.209209709174985,2024-10-24 19:35:25
2122,72,70,19,,,126.81102645877513,37.20779334650996,126.83807696452548,37.20970374519165,2024-10-24 19:36:04
2123,39,14,19,,,126.82054431221489,37.19994341173921,126.81911639052726,37.20696381372605,2024-10-24 19:36:12
2124,2,34,19,,,126.82288000370355,37.205721327152546,126.82256083560331,37.20272589998311,2024-10-24 19:37:01
2125,1,35,19,,,126.81631815227692,37.19862605241009,126.81844334103126,37.20140563297446,2024-10-24 19:37:16
2126,69,30,19,,,126.83781977465587,37.20624425833154,126.83209136346977,37.19880918846997,2024-10-24 19:37:19
2127,56,31,19,,,126.83477167698155,37.20481105282527,126.82909460205406,37.19715152573109,2024-10-24 19:37:34
2128,19,10,19,,,126.8285109983826,37.19435293509477,126.81606145757314,37.20852477119039,2024-10-24 19:37:44
2129,42,70,19,,,126.83139438413862,37.196900721195675,126.83745429978858,37.2100519317056,2024-10-24 19:39:10
2130,46,51,19,,,126.83103396770333,37.21290408448409,126.82037795047529,37.20998812076797,2024-10-24 19:39:18
2131,19,10,19,,,126.82955225057185,37.19560339134513,126.81653063735838,37.20959289910302,2024-10-24 19:39:23
2132,37,66,19,,,126.82146851085797,37.197243220241894,126.83827055204642,37.20466244575196,2024-10-24 19:40:03
2133,56,17,19,,,126.83493658434232,37.206166124357594,126.8272943821634,37.196396358297214,2024-10-24 19:40:18
2134,56,32,19,,,126.83512362597716,37.20519477069263,126.83121759489124,37.201783741642274,2024-10-24 19:40:33
2135,20,45,19,,,126.81495309996282,37.191692404888514,126.82442556079624,37.212105625309675,2024-10-24 19:40:40
2136,36,51,19,,,126.82334447539051,37.19827042404193,126.82049045410321,37.210125220141954,2024-10-24 19:41:27
2137,56,33,19,,,126.83471784850637,37.20604194384976,126.82875404997286,37.20045155371427,2024-10-24 19:42:20
2138,20,38,19,,,126.8166390248698,37.19149331788759,126.82339071131375,37.20205359053379,2024-10-24 19:42:49
2139,29,18,19,,,126.82591638692722,37.202613827281496,126.8247087184975,37.19664082433876,2024-10-24 19:43:05
2140,19,55,19,,,126.8285824318222,37.19529783234156,126.83078236794103,37.2085919602471,2024-10-24 19:43:18
2141,32,64,19,,,126.83248961468178,37.201335146476566,126.84254186982682,37.20324508176884,2024-10-24 19:44:30
2142,69,30,19,,,126.83761728453564,37.20620507907124,126.83117574691066,37.19933018609389,2024-10-24 19:44:52
2143,70,33,19,,,126.83707757713812,37.209590397113445,126.83022466257103,37.20031393608878,2024-10-24 19:44:58
2144,58,33,19,,,126.83593741312394,37.209172566923236,126.82853979551217,37.20085726994548,2024-10-24 19:45:19
2145,70,10,19,,,126.8375903747769,37.20908989199585,126.81693810450878,37.2099379727313,2024-10-24 19:45:34
2146,72,70,19,,,126.8107083455334,37.206368414304485,126.83682920577039,37.208820654485024,2024-10-24 19:45:38
2147,69,30,19,,,126.83690380553172,37.207003051537015,126.83221332891344,37.19918740769376,2024-10-24 19:46:07
2148,58,33,19,,,126.83606642240721,37.207759110105634,126.82964291401963,37.2009133731314,2024-10-24 19:46:29
2149,58,33,19,,,126.83541268008982,37.208497272402724,126.82913491127194,37.199961583639336,2024-10-24 19:46:48
2150,58,19,19,,,126.83476330446726,37.207935893572675,126.8282408779426,37.194173738025036,2024-10-24 19:46:57
2151,56,17,19,,,126.83442810509024,37.20637894903788,126.82562722664035,37.19733952831247,2024-10-24 19:46:59
2152,11,2,19,,,126.81517618244585,37.20849788629585,126.82292258982633,37.20658362329536,2024-10-24 19:47:55
2153,56,31,19,,,126.83421672755841,37.20555096322371,126.82991847179949,37.197859308457204,2024-10-24 19:48:22
2154,36,32,19,,,126.82373068569107,37.19806649787403,126.83253212350414,37.20191380123261,2024-10-24 19:48:58
2155,70,33,19,,,126.83683697332286,37.209456229651124,126.82931555013657,37.19998241192186,2024-10-24 19:49:21
2156,55,69,19,,,126.82972430852571,37.20991706944817,126.83857338460109,37.20752947644692,2024-10-24 19:49:25
2157,70,33,19,,,126.83701181408135,37.20885788864739,126.83018274119532,37.199878223735055,2024-10-24 19:50:01
2158,58,33,19,,,126.8349945204908,37.20885026677385,126.82849282134381,37.20007839790646,2024-10-24 19:50:35
2159,70,42,19,,,126.83866348479656,37.2104861687534,126.83105185155503,37.195239246445716,2024-10-24 19:51:35
2160,59,33,19,,,126.83295936047544,37.20721961484085,126.82891905334786,37.20089619996555,2024-10-24 19:52:20
2161,11,58,19,,,126.81389312009752,37.207705006514274,126.83466207761035,37.20921786892378,2024-10-24 19:53:23
2162,41,70,19,,,126.83372643661713,37.196567785062065,126.83756205378899,37.20896989762768,2024-10-24 19:53:59
2163,70,42,19,,,126.83861832181803,37.20901276367066,126.83233582955934,37.195463389073375,2024-10-24 19:54:18
2164,11,17,19,,,126.8135051871321,37.208931602342155,126.82727061295013,37.19580249322829,2024-10-24 19:55:01
2165,28,37,19,,,126.8291358554085,37.20280352771114,126.82158007945404,37.19823088005216,2024-10-24 19:55:11
2166,70,32,19,,,126.83687467451688,37.20938919521095,126.83212764393795,37.201660669281615,2024-10-24 19:55:32
2167,37,30,19,,,126.82059524477292,37.19655213621693,126.83179775844967,37.19799844879032,2024-10-24 19:55:56
2168,11,58,19,,,126.81489518159081,37.2085468521488,126.83601231308843,37.20825027171261,2024-10-24 19:56:00
2169,58,19,19,,,126.83466961336877,37.20921770994378,126.82943764442149,37.19444623950866,2024-10-24 19:56:15
2170,12,17,19,,,126.82011129231137,37.20389182366216,126.82728440287549,37.19662784512983,2024-10-24 19:56:33
2171,56,17,19,,,126.83522769126358,37.20638866395706,126.82581740191506,37.19724017679927,2024-10-24 19:57:02
2172,11,58,19,,,126.81514458667199,37.20906247944494,126.83414139458392,37.20880525622604,2024-10-24 19:57:14
2173,70,42,19,,,126.8371668676769,37.208598448205834,126.83144990311888,37.19533071516864,2024-10-24 19:57:23
2174,53,36,19,,,126.83058338111013,37.206579092568425,126.82482044135308,37.199190483632634,2024-10-24 19:57:56
2175,70,33,19,,,126.83751640136266,37.20954594054138,126.82909552202906,37.20107823209797,2024-10-24 19:58:46
2176,59,15,19,,,126.83163973216223,37.208045482290316,126.8171749361416,37.206576099988396,2024-10-24 19:59:47
2177,62,51,19,,,126.83855390220384,37.21194206998388,126.81950054899973,37.21020470777494,2024-10-24 19:59:55
2178,58,33,19,,,126.83585110055662,37.20802518567595,126.82985204413392,37.20099643486226,2024-10-24 19:59:59
2179,71,34,20,,,126.83943076248661,37.20461233755079,126.82178360087441,37.203442337099084,2024-10-24 20:00:22
2180,58,19,20,,,126.8357778758858,37.20843538639172,126.8284298641637,37.19477390987471,2024-10-24 20:00:27
2181,70,32,20,,,126.83831503072433,37.20886371552725,126.83187442828942,37.20107889866898,2024-10-24 20:00:55
2182,23,32,20,,,126.82031327993714,37.19253963366116,126.83111253494634,37.20086027203389,2024-10-24 20:01:01
2183,56,17,20,,,126.83562371032303,37.20599969493208,126.82684225804061,37.19647631032531,2024-10-24 20:01:06
2184,53,22,20,,,126.82969531647109,37.206176716856056,126.81585325324534,37.19619391074038,2024-10-24 20:01:10
2185,58,72,20,,,126.83579358250714,37.20748813816994,126.8109455622636,37.207385745796124,2024-10-24 20:01:22
2186,33,56,20,,,126.82982322952505,37.2014858908699,126.83556504483971,37.20531535588676,2024-10-24 20:01:46
2187,58,33,20,,,126.83564332309281,37.209149618526354,126.82931727201853,37.20071889362932,2024-10-24 20:02:27
2188,58,19,20,,,126.83599781547052,37.20832540985074,126.82850124351604,37.195623223555806,2024-10-24 20:02:37
2189,56,33,20,,,126.83575017712637,37.20479042437869,126.83013562182714,37.2015656209759,2024-10-24 20:03:05
2190,58,33,20,,,126.83558945316406,37.20799528906945,126.82995132254645,37.200345465978,2024-10-24 20:03:43
2191,10,18,20,,,126.8177937938659,37.20943014557736,126.82459509311369,37.19585453761407,2024-10-24 20:03:52
2192,19,15,20,,,126.8280501707397,37.1945111691737,126.81661280033245,37.20554305649634,2024-10-24 20:03:57
2193,10,17,20,,,126.81632590315414,37.21008314740993,126.82647446706639,37.19634577823247,2024-10-24 20:04:38
2194,11,33,20,,,126.81452220650958,37.20915694888225,126.82847546035397,37.20089064816575,2024-10-24 20:04:49
2195,58,19,20,,,126.83514719981459,37.20811288603356,126.82912743700287,37.19458704481692,2024-10-24 20:05:04
2196,56,19,20,,,126.83456030780025,37.20511687671539,126.82951157500504,37.194777547481,2024-10-24 20:05:17
2197,70,17,20,,,126.83767013725061,37.210381990081636,126.82566018441338,37.19592464912948,2024-10-24 20:05:33
2198,69,30,20,,,126.8369327659669,37.205914493350555,126.83175466775363,37.19966058419741,2024-10-24 20:05:42
2199,33,56,20,,,126.8300234218531,37.199785222947256,126.83394642666366,37.20541079181267,2024-10-24 20:05:46
2200,58,42,20,,,126.83514209879525,37.20761170876609,126.83201616152012,37.19652237163989,2024-10-24 20:05:47
2201,58,33,20,,,126.83605891737169,37.20789651565894,126.82984214661467,37.20145941965957,2024-10-24 20:06:35
2202,58,19,20,,,126.83597144680988,37.20889115642046,126.82964394863234,37.19427470993655,2024-10-24 20:07:28
2203,70,33,20,,,126.8376670976491,37.208617653194345,126.82992058063847,37.200007227038206,2024-10-24 20:07:45
2204,58,19,20,,,126.83574036163213,37.20939553375052,126.8283110726697,37.19552338382781,2024-10-24 20:07:57
2205,70,33,20,,,126.83740718051246,37.20941048810376,126.82966763969682,37.20150972329942,2024-10-24 20:08:01
2206,10,17,20,,,126.81611313513044,37.20933568682647,126.82545070440293,37.19685071628739,2024-10-24 20:08:03
2207,58,19,20,,,126.83510635092023,37.20803434092687,126.82820483066212,37.19448209548313,2024-10-24 20:08:05
2208,17,54,20,,,126.82625928660937,37.1966290775389,126.83254779413379,37.209469015354074,2024-10-24 20:08:32
2209,56,33,20,,,126.83502261126989,37.205447554306545,126.82855233266474,37.20108974988746,2024-10-24 20:08:42
2210,58,33,20,,,126.8351005569375,37.20900601816474,126.82929262213327,37.201275225483805,2024-10-24 20:08:44
2211,56,33,20,,,126.834967349072,37.20567271347732,126.82915899075118,37.20044201112691,2024-10-24 20:09:02
2212,56,33,20,,,126.83535614463926,37.20610980556275,126.82995448551,37.2008448991271,2024-10-24 20:09:11
2213,58,19,20,,,126.83523740635576,37.20765060662514,126.82820389395633,37.19505222509923,2024-10-24 20:09:37
2214,55,53,20,,,126.83029850576192,37.209854994843624,126.83007163912798,37.20576224320479,2024-10-24 20:10:01
2215,58,33,20,,,126.83581446317187,37.20921443390276,126.82965022498115,37.2014158610104,2024-10-24 20:12:17
2216,56,17,20,,,126.83562987026326,37.20601180206091,126.82548953062012,37.196929421672515,2024-10-24 20:12:34
2217,56,33,20,,,126.83566154110207,37.20644266422947,126.82855585106854,37.19969680736757,2024-10-24 20:13:31
2218,59,41,20,,,126.83338617234214,37.20657713603471,126.83398896177653,37.19734835764207,2024-10-24 20:13:50
2219,33,56,20,,,126.82999712408066,37.20148988128953,126.8345186081102,37.2056849091891,2024-10-24 20:13:53
2220,2,49,20,,,126.82187932912404,37.20601036889976,126.82798641618113,37.21336696808126,2024-10-24 20:14:09
2221,56,31,20,,,126.83590435564473,37.205773724062695,126.82955812377286,37.198110934389106,2024-10-24 20:15:19
2222,33,56,20,,,126.8296140895502,37.20106246674267,126.83413720697784,37.20555044526378,2024-10-24 20:16:02
2223,10,17,20,,,126.81787379521268,37.210044652773014,126.8262040587645,37.19676973425768,2024-10-24 20:16:28
2224,29,5,20,,,126.8261129184687,37.203396695181596,126.8273926148093,37.20501165401667,2024-10-24 20:16:40
2225,70,10,20,,,126.83762512334481,37.208707306854045,126.81705698845093,37.21001440313201,2024-10-24 20:17:03
2226,42,37,20,,,126.83217140285093,37.19668024573072,126.82050935949282,37.197639602062914,2024-10-24 20:17:06
2227,58,19,20,,,126.83564001707894,37.209436265750576,126.8291990563428,37.19588386046229,2024-10-24 20:17:42
2228,33,56,20,,,126.8294961906308,37.20128627023774,126.83459061847807,37.20615742372603,2024-10-24 20:17:55
2229,10,29,20,,,126.81607472656397,37.209644726341715,126.82625450849365,37.20224332895815,2024-10-24 20:17:57
2230,56,33,20,,,126.83533149345703,37.20617393840772,126.82851626411781,37.20060550340177,2024-10-24 20:17:58
2231,71,53,20,,,126.84087843507228,37.20455703168418,126.83022108369714,37.20614922960155,2024-10-24 20:18:44
2232,58,19,20,,,126.83536403446372,37.20860893024797,126.82843577103203,37.19423376182726,2024-10-24 20:18:59
2233,56,40,20,,,126.8341025269125,37.20653245549152,126.83100897727192,37.19289459496095,2024-10-24 20:19:04
2234,58,19,20,,,126.83477023607135,37.208104254747944,126.82815258224011,37.19439166038156,2024-10-24 20:19:28
2235,70,33,20,,,126.83722765688175,37.209586031779914,126.82974322297746,37.200893782506135,2024-10-24 20:19:48
2236,56,31,20,,,126.83573247502723,37.20650353632187,126.82930829756202,37.19690135621114,2024-10-24 20:19:51
2237,32,58,20,,,126.83255964258066,37.20262935869717,126.83544036721061,37.2080440214304,2024-10-24 20:20:39
2238,58,33,20,,,126.83457569956147,37.20835392729531,126.82938629957364,37.20141702681578,2024-10-24 20:21:03
2239,70,17,20,,,126.83848738004363,37.210020551557406,126.82678361464771,37.19584265966153,2024-10-24 20:21:15
2240,58,33,20,,,126.83575114055641,37.20828111277086,126.82883567214394,37.2005161814257,2024-10-24 20:21:40
2241,71,37,20,,,126.8403053591609,37.20417808566657,126.82039429067036,37.19761251263318,2024-10-24 20:22:35
2242,41,56,20,,,126.83331301274428,37.197338120543186,126.83444622440717,37.20519145905607,2024-10-24 20:23:02
2243,32,59,20,,,126.83241022912016,37.202547355476916,126.83200721525567,37.20762152115829,2024-10-24 20:23:39
2244,56,33,20,,,126.83453836246048,37.205104700697206,126.8297004196433,37.201610576567255,2024-10-24 20:24:42
2245,72,70,20,,,126.81144840386793,37.207425003946106,126.83790076718562,37.209049028067206,2024-10-24 20:25:04
2246,58,33,20,,,126.8345643096649,37.20812165882782,126.83019430096981,37.20113245156328,2024-10-24 20:25:31
2247,58,42,20,,,126.83439546584816,37.20876920651969,126.8310908811793,37.19659644462843,2024-10-24 20:25:47
2248,58,33,20,,,126.83460251104296,37.208720707370354,126.82937519565226,37.20036319041524,2024-10-24 20:25:57
2249,33,56,20,,,126.82840310447766,37.20043510936412,126.83427758330188,37.20505437953432,2024-10-24 20:26:07
2250,69,30,20,,,126.83811965530748,37.207626630048495,126.83167958553544,37.19936008623586,2024-10-24 20:26:52
2251,58,33,20,,,126.83419100456378,37.20883309846449,126.82874448572449,37.20020163059541,2024-10-24 20:28:07
2252,56,19,20,,,126.83476168036864,37.20478570564144,126.82791557832189,37.19460099755928,2024-10-24 20:28:23
2253,58,33,20,,,126.83478387356178,37.20939737888819,126.8285459117371,37.200990619244024,2024-10-24 20:28:38
2254,56,33,20,,,126.83420552685813,37.20565297116901,126.83007715586002,37.20065418333308,2024-10-24 20:28:44
2255,62,18,20,,,126.83897700451654,37.211541508400366,126.82368793838025,37.19581098510822,2024-10-24 20:29:19
2256,33,56,20,,,126.82963507829083,37.2007307667397,126.8354347223303,37.20470553149186,2024-10-24 20:29:25
2257,23,32,20,,,126.8199008739918,37.19115430899768,126.8323096436735,37.201445839650205,2024-10-24 20:29:56
2258,56,33,20,,,126.83566918326623,37.20610851595329,126.82901824259616,37.200389545184045,2024-10-24 20:30:22
2259,70,17,20,,,126.83784759543043,37.20995726564252,126.8273911301641,37.19748694606188,2024-10-24 20:31:29
2260,58,33,20,,,126.8354543051886,37.20937128565663,126.82911045199705,37.200360940015244,2024-10-24 20:31:43
2261,56,31,20,,,126.83449685578073,37.20652787839423,126.82882682509711,37.19691260044937,2024-10-24 20:32:07
2262,56,33,20,,,126.83494940170401,37.20596131481108,126.82870432056755,37.20029966157626,2024-10-24 20:32:14
2263,70,33,20,,,126.83856716329545,37.20881926007691,126.82833279042902,37.20050207755115,2024-10-24 20:33:15
2264,58,33,20,,,126.83491749958098,37.209052146955536,126.82927619148253,37.20038003860774,2024-10-24 20:33:27
2265,58,19,20,,,126.83586208497196,37.20798476766652,126.82932945660393,37.196020983257974,2024-10-24 20:33:40
2266,17,12,20,,,126.82670629338334,37.1967848487724,126.8188542482822,37.2046516928007,2024-10-24 20:33:54
2267,58,33,20,,,126.83453022540566,37.20802385394944,126.83021593889386,37.20141751075963,2024-10-24 20:33:54
2268,33,56,20,,,126.82885487052235,37.20133843327659,126.83450955540273,37.205819399606845,2024-10-24 20:34:03
2269,56,33,20,,,126.83463332369996,37.20479580682975,126.82877497304668,37.20063409190332,2024-10-24 20:34:31
2270,56,33,20,,,126.83569992805127,37.20481049827554,126.82905402119485,37.20085288943784,2024-10-24 20:34:46
2271,58,19,20,,,126.83428125647768,37.208802817554684,126.82965073413675,37.19541070390704,2024-10-24 20:35:00
2272,70,33,20,,,126.8377629532721,37.20974856486297,126.82897462772237,37.20008701712838,2024-10-24 20:35:27
2273,70,33,20,,,126.83859782338567,37.20918430158419,126.82864616472253,37.200793403630676,2024-10-24 20:35:40
2274,32,58,20,,,126.83163694366783,37.20253246167476,126.83434183581258,37.20854149295122,2024-10-24 20:35:57
2275,56,33,20,,,126.8357272611827,37.205132807153014,126.82964607868317,37.201013993118444,2024-10-24 20:36:42
2276,56,33,20,,,126.83560391986778,37.206109010614675,126.82841713638531,37.20072129566217,2024-10-24 20:36:47
2277,15,47,20,,,126.81604559851725,37.20648050016577,126.82673355783557,37.21129379548502,2024-10-24 20:37:38
2278,33,56,20,,,126.82905905334755,37.20008732212813,126.8341926521723,37.206275678711854,2024-10-24 20:37:44
2279,7,49,20,,,126.82790462408771,37.20873839937554,126.82800039985513,37.21354051210178,2024-10-24 20:38:08
2280,69,30,20,,,126.8372154741815,37.20594161218364,126.83203487248757,37.198218471287674,2024-10-24 20:38:26
2281,11,33,20,,,126.8147320929129,37.20906578104776,126.82838499752715,37.20119693131008,2024-10-24 20:38:29
2282,56,40,20,,,126.83495911699495,37.20567827457623,126.83218282998948,37.19331635367751,2024-10-24 20:38:30
2283,45,63,20,,,126.82573630499499,37.212903188913586,126.83524506658983,37.211969615544895,2024-10-24 20:38:48
2284,58,19,20,,,126.83502272882347,37.20831165972425,126.8287738878735,37.19428718616304,2024-10-24 20:38:59
2285,56,33,20,,,126.83439678769892,37.20522904991067,126.82984956020596,37.200151929549826,2024-10-24 20:39:16
2286,69,30,20,,,126.83738895177812,37.207674096470406,126.83151468808244,37.19839515986397,2024-10-24 20:39:26
2287,58,19,20,,,126.83605279287536,37.20926373720701,126.82946417312255,37.19511448825695,2024-10-24 20:40:51
2288,70,17,20,,,126.83682987673852,37.209352597865525,126.82691569530694,37.197150434918875,2024-10-24 20:40:52
2289,56,17,20,,,126.83412705666531,37.20511231301342,126.8256319845731,37.19678351612011,2024-10-24 20:40:59
2290,58,33,20,,,126.83603363659569,37.208538189222466,126.8290726496344,37.19970801825077,2024-10-24 20:41:17
2291,56,33,20,,,126.83448250008726,37.20516347720011,126.82847728529204,37.20029347154224,2024-10-24 20:41:20
2292,56,31,20,,,126.83457870127812,37.206219248216655,126.82939417769498,37.197666560741965,2024-10-24 20:41:26
2293,54,33,20,,,126.83357847499803,37.21029637023521,126.82883028729424,37.200546661896674,2024-10-24 20:41:39
2294,58,33,20,,,126.83448930952015,37.207875748545334,126.82884042100545,37.20050210156122,2024-10-24 20:41:43
2295,17,54,20,,,126.82614103678775,37.19773470935532,126.83254493808485,37.20958076575157,2024-10-24 20:42:01
2296,58,19,20,,,126.83440682881458,37.20747459577863,126.82975251385538,37.19478724687098,2024-10-24 20:42:49
2297,56,33,20,,,126.83557833905266,37.20554242672226,126.82926848547227,37.20024436514758,2024-10-24 20:43:03
2298,71,43,20,,,126.83950747265332,37.20510696870983,126.82412946913126,37.19031607765598,2024-10-24 20:43:26
2299,56,33,20,,,126.83454960345973,37.20554997360368,126.8297593397488,37.2000192273886,2024-10-24 20:44:19
2300,58,33,20,,,126.83455400625415,37.20755708501988,126.83028470797093,37.20073672818983,2024-10-24 20:44:42
2301,31,59,20,,,126.82859061898124,37.197003893306245,126.83243750606833,37.20746506998844,2024-10-24 20:44:49
2302,58,32,20,,,126.83507331028811,37.20785001120839,126.83137343548262,37.2017155190656,2024-10-24 20:45:58
2303,33,70,20,,,126.83029605569365,37.20024061981673,126.83766640324124,37.209609052059,2024-10-24 20:46:16
2304,41,56,20,,,126.83340687406167,37.19809788974268,126.83499433882074,37.20514278452344,2024-10-24 20:46:35
2305,69,30,20,,,126.83708348261702,37.206790123087714,126.83176911461022,37.197965353833375,2024-10-24 20:47:58
2306,56,31,20,,,126.83433846714756,37.205331024785835,126.82815542032728,37.19851173917749,2024-10-24 20:48:39
2307,56,17,20,,,126.83581213729246,37.20509882413528,126.8273561841028,37.19775358251574,2024-10-24 20:48:58
2308,37,72,20,,,126.82129857238954,37.19756020981984,126.81140444922035,37.20650109981316,2024-10-24 20:49:05
2309,56,31,20,,,126.83543395338047,37.20494306866489,126.8300005799685,37.1981487097943,2024-10-24 20:49:34
2310,2,28,20,,,126.82238843042758,37.206785115989554,126.82891861924462,37.20353762942856,2024-10-24 20:49:49
2311,32,54,20,,,126.83279450612065,37.20237335439333,126.83255897209972,37.2109109948086,2024-10-24 20:50:11
2312,59,4,20,,,126.83222989536415,37.20755416918086,126.82287421493099,37.209347994503766,2024-10-24 20:50:14
2313,17,54,20,,,126.82636996612412,37.19580582996986,126.83242634404603,37.209967724073834,2024-10-24 20:50:22
2314,39,18,20,,,126.82096088612705,37.20122413122101,126.82328263960355,37.1965044177781,2024-10-24 20:50:54
2315,70,42,20,,,126.8385235255486,37.209979789813296,126.83159964076512,37.19538607164831,2024-10-24 20:50:58
2316,33,56,20,,,126.82853269378688,37.19978002005079,126.83535132375847,37.205419140418556,2024-10-24 20:51:21
2317,21,46,20,,,126.81916304288468,37.19711954351962,126.83119255888944,37.21206427217615,2024-10-24 20:51:22
2318,11,17,20,,,126.81508245161108,37.20858380557135,126.8255514432499,37.19624087464505,2024-10-24 20:51:42
2319,11,17,20,,,126.81373437786756,37.207375917254645,126.82606483778626,37.197403164998235,2024-10-24 20:52:12
2320,58,33,20,,,126.8342006354969,37.20883479466385,126.82994026506138,37.20116561364862,2024-10-24 20:52:43
2321,2,21,20,,,126.82202502506912,37.20568568350113,126.81794728991271,37.19548680307467,2024-10-24 20:52:51
2322,58,33,20,,,126.83602883505777,37.20870922761302,126.82897364173044,37.200892390807105,2024-10-24 20:53:13
2323,58,33,20,,,126.83595753659837,37.20886811564342,126.82942006175827,37.201199466965555,2024-10-24 20:53:16
2324,17,54,20,,,126.8264739911685,37.197392366580644,126.8330357708572,37.210914063436896,2024-10-24 20:53:22
2325,59,41,20,,,126.83247235882695,37.20702523106074,126.83378389980687,37.19624281918192,2024-10-24 20:53:34
2326,56,33,20,,,126.83504741421673,37.205480619752755,126.82856483589515,37.201319350699855,2024-10-24 20:53:40
2327,54,33,20,,,126.83340999916794,37.20974576317898,126.8295749497342,37.19992022782453,2024-10-24 20:53:42
2328,58,33,20,,,126.83444697048196,37.20842845449387,126.8287742838558,37.20026871573511,2024-10-24 20:54:01
2329,70,17,20,,,126.83781836413185,37.20951698307512,126.82587709812191,37.19768859080902,2024-10-24 20:54:15
2330,56,31,20,,,126.8353402656492,37.20526913082457,126.82965715556638,37.19833437247263,2024-10-24 20:55:09
2331,58,19,20,,,126.83589784780132,37.209348759920175,126.82872726442334,37.19549679852333,2024-10-24 20:55:34
2332,10,17,20,,,126.81785472377103,37.21021949737733,126.82681216607412,37.19627240393598,2024-10-24 20:56:04
2333,56,33,20,,,126.83509168571238,37.20643962707713,126.83030254158477,37.200899042052114,2024-10-24 20:56:18
2334,33,56,20,,,126.83004575796085,37.2009088439067,126.83576586266057,37.20620814465169,2024-10-24 20:56:36
2335,70,42,20,,,126.83745410925641,37.20948727013682,126.83149187072974,37.19547384471784,2024-10-24 20:56:37
2336,58,33,20,,,126.83585252514065,37.20853005222548,126.8299168441669,37.200124451801,2024-10-24 20:57:13
2337,70,10,20,,,126.83728359271545,37.20967280770978,126.81651422481077,37.209873079297644,2024-10-24 20:57:19
2338,58,19,20,,,126.83580834954799,37.20857499517468,126.82976455420841,37.19528699034993,2024-10-24 20:57:26
2339,54,33,20,,,126.83248911020108,37.210306691314464,126.82847336716385,37.200824923509906,2024-10-24 20:57:38
2340,17,12,20,,,126.82586112972017,37.19752253984323,126.81830011921798,37.20565115474328,2024-10-24 20:58:00
2341,58,33,20,,,126.83425468599148,37.20902431039104,126.82883748388319,37.20120938017996,2024-10-24 20:58:05
2342,58,33,20,,,126.83456145761916,37.20890522180596,126.82929565568122,37.20053442042716,2024-10-24 20:58:30
2343,56,33,20,,,126.83477156943707,37.20471107063036,126.83029414034512,37.20104587599434,2024-10-24 20:59:21
2344,10,17,20,,,126.81616646472524,37.20847999757413,126.8260020734125,37.197334414956266,2024-10-24 20:59:39
2345,33,56,21,,,126.8287150864486,37.20098300006755,126.83452378321402,37.204987056161386,2024-10-24 21:00:03
2346,37,44,21,,,126.8217641155872,37.19764473675849,126.82088096378266,37.189807113756785,2024-10-24 21:00:06
2347,10,17,21,,,126.81798835156405,37.20990499217191,126.82701232710288,37.195952316779376,2024-10-24 21:00:10
2348,17,54,21,,,126.82652673822055,37.19639196928704,126.83260439298265,37.209428903636876,2024-10-24 21:00:13
2349,18,49,21,,,126.82429871269952,37.196222437727805,126.82749851757151,37.213097807680654,2024-10-24 21:01:22
2350,60,3,21,,,126.83263785150022,37.212451254758236,126.82442284780255,37.209491543106374,2024-10-24 21:01:46
2351,58,19,21,,,126.83505543864462,37.207872669143896,126.82907268709245,37.194524922698896,2024-10-24 21:02:06
2352,31,58,21,,,126.82926066723965,37.19874961589452,126.83527050207873,37.20777006305538,2024-10-24 21:02:30
2353,10,17,21,,,126.8176246458876,37.208612212193984,126.82634899760161,37.19662045171808,2024-10-24 21:03:33
2354,33,56,21,,,126.82965402673311,37.20035951723436,126.83396252224767,37.20658337062567,2024-10-24 21:04:53
2355,70,33,21,,,126.83705154598289,37.20893238095658,126.82870906586116,37.19983255528173,2024-10-24 21:04:59
2356,59,30,21,,,126.83286581333019,37.207294261638786,126.83228900598452,37.19943593371462,2024-10-24 21:05:03
2357,10,17,21,,,126.81769455955467,37.21010483355759,126.82729659931198,37.19768036048812,2024-10-24 21:05:20
2358,24,4,21,,,126.819016101824,37.191466945450756,126.82251739000144,37.20830061571386,2024-10-24 21:05:32
2359,47,58,21,,,126.8267775446581,37.21091710633488,126.83511998005858,37.207747943236676,2024-10-24 21:05:44
2360,17,56,21,,,126.82557845475438,37.196134642184255,126.83516197959126,37.20527792187012,2024-10-24 21:06:10
2361,32,59,21,,,126.83142066974254,37.201773049632045,126.83196933939404,37.206814287437,2024-10-24 21:06:11
2362,33,56,21,,,126.82968784625439,37.20060738425326,126.83573439580005,37.206040478789895,2024-10-24 21:06:49
2363,54,17,21,,,126.83363242139865,37.20995730048429,126.82726050054868,37.19592716997325,2024-10-24 21:06:54
2364,58,61,21,,,126.83465807766856,37.20775062208122,126.83362758579601,37.216475446322406,2024-10-24 21:07:04
2365,47,9,21,,,126.82659866010425,37.21056162489859,126.81359978571652,37.20591926752207,2024-10-24 21:07:37
2366,58,71,21,,,126.83486600848161,37.20890264303216,126.83933931383258,37.20530173052932,2024-10-24 21:07:37
2367,33,7,21,,,126.82957650070684,37.20069984250301,126.82723592605282,37.2079819758128,2024-10-24 21:07:52
2368,56,33,21,,,126.83505051995301,37.20623020888247,126.82954543632057,37.2016556196809,2024-10-24 21:07:56
2369,56,33,21,,,126.83434534046957,37.20483687893732,126.82945576340904,37.20165004467679,2024-10-24 21:08:25
2370,33,56,21,,,126.82989141221798,37.20099259570287,126.83408952700651,37.2047505194897,2024-10-24 21:08:52
2371,38,12,21,,,126.82325734411432,37.20131961181653,126.81843311228378,37.20439253751174,2024-10-24 21:09:25
2372,10,17,21,,,126.81696110511355,37.20862492900369,126.82556119430292,37.19577013398149,2024-10-24 21:10:00
2373,17,54,21,,,126.8255735568468,37.19722755437447,126.83222293933504,37.21008027223556,2024-10-24 21:10:04
2374,56,41,21,,,126.83426398296349,37.20649074040751,126.83430113173873,37.196772770898896,2024-10-24 21:10:42
2375,42,70,21,,,126.8317002482764,37.19575344471194,126.83772811733074,37.209307509869625,2024-10-24 21:10:58
2376,70,33,21,,,126.83757847793292,37.20950752614782,126.82844377856979,37.201003272498326,2024-10-24 21:11:58
2377,70,33,21,,,126.83803700861603,37.20861999488342,126.82849699176978,37.20076973417365,2024-10-24 21:12:06
2378,6,12,21,,,126.82359732689554,37.203661008097356,126.81942204570255,37.20538243063654,2024-10-24 21:12:10
2379,56,33,21,,,126.83544247898716,37.20637270587016,126.83027206638076,37.20163454828311,2024-10-24 21:12:11
2380,33,56,21,,,126.82872091734083,37.200138150029716,126.83439819475336,37.204823253082004,2024-10-24 21:12:36
2381,56,33,21,,,126.83525160898925,37.20519662691496,126.83013376619705,37.20087502800072,2024-10-24 21:12:40
2382,70,33,21,,,126.83865366686847,37.21000620380288,126.82857937125662,37.201478064799325,2024-10-24 21:12:58
2383,12,17,21,,,126.81860542277907,37.20455357650561,126.82542696428972,37.197264897231726,2024-10-24 21:13:02
2384,70,42,21,,,126.83808859830391,37.20971740438251,126.83253535923124,37.19662647925366,2024-10-24 21:13:17
2385,17,54,21,,,126.82622412247105,37.197147073653454,126.83335613648212,37.210464073914906,2024-10-24 21:13:33
2386,70,33,21,,,126.83726735317802,37.209158145867875,126.82987030209709,37.20022241396169,2024-10-24 21:15:20
2387,56,33,21,,,126.8349839151282,37.20539348796479,126.83021191156199,37.2004226405517,2024-10-24 21:16:01
2388,58,19,21,,,126.83607869004405,37.20905216171583,126.82808850371185,37.19503525863541,2024-10-24 21:16:30
2389,59,16,21,,,126.83186781753298,37.20796888379576,126.8237815359164,37.19206794459562,2024-10-24 21:16:35
2390,70,42,21,,,126.8380214414922,37.210048649798935,126.8309039476092,37.19610060343455,2024-10-24 21:17:11
2391,17,54,21,,,126.82552007344704,37.19631798790287,126.83173274141207,37.210337836329906,2024-10-24 21:17:16
2392,58,19,21,,,126.83520776236242,37.209225368679064,126.8290801429511,37.19546641846156,2024-10-24 21:17:45
2393,50,8,21,,,126.82229543592666,37.21119128623798,126.8254540872202,37.20718507586146,2024-10-24 21:18:45
2394,33,56,21,,,126.82977501759257,37.20130536501665,126.83469643042876,37.20549210417256,2024-10-24 21:19:19
2395,66,48,21,,,126.83798019318608,37.203216824143745,126.83064973218588,37.21400097987936,2024-10-24 21:20:07
2396,10,17,21,,,126.8162447701055,37.20933901255002,126.82616023854956,37.196889930511944,2024-10-24 21:20:39
2397,70,33,21,,,126.83727390569683,37.20866125952513,126.82947681425246,37.200837137646374,2024-10-24 21:20:40
2398,69,30,21,,,126.83661838797434,37.2060204420077,126.83179222795063,37.198659252358134,2024-10-24 21:20:40
2399,56,33,21,,,126.83453940588007,37.20522656537808,126.82837340251356,37.20101478560515,2024-10-24 21:20:45
2400,33,56,21,,,126.8294078295906,37.19999127415068,126.8347867471308,37.20614700964712,2024-10-24 21:20:54
2401,56,33,21,,,126.83435837925096,37.204837214687686,126.82875638880444,37.20108379988406,2024-10-24 21:21:43
2402,56,41,21,,,126.83516928102821,37.20618391863639,126.83460948808538,37.197524424434285,2024-10-24 21:21:48
2403,33,54,21,,,126.82907009369139,37.20041034835967,126.83173958799584,37.210370256057324,2024-10-24 21:22:02
2404,53,31,21,,,126.82905593836409,37.2060424889548,126.82936585023644,37.19880397230397,2024-10-24 21:22:17
2405,56,41,21,,,126.83522111093353,37.206168789101504,126.83343244650146,37.19756265883239,2024-10-24 21:22:48
2406,32,58,21,,,126.83200675627342,37.20214581237462,126.83572166952895,37.20911836996764,2024-10-24 21:23:21
2407,59,41,21,,,126.83233699169551,37.20696836173665,126.83463492367162,37.19777070317573,2024-10-24 21:23:22
2408,56,33,21,,,126.83460146233763,37.20532411124875,126.82923816848097,37.20055454899147,2024-10-24 21:23:24
2409,70,32,21,,,126.83799300405035,37.20982723233832,126.83204590060795,37.20174869530146,2024-10-24 21:23:29
2410,11,70,21,,,126.81375347117348,37.20871411632302,126.83881453342488,37.20965911734416,2024-10-24 21:23:37
2411,11,58,21,,,126.81505818812933,37.207613158133675,126.83567456903566,37.20916939922844,2024-10-24 21:23:46
2412,47,1,21,,,126.82741897570062,37.2106812564019,126.81518749570998,37.1976726503151,2024-10-24 21:24:21
2413,42,70,21,,,126.83090856298539,37.19533873743358,126.83833795476403,37.209387659547694,2024-10-24 21:24:54
2414,42,70,21,,,126.83174954030703,37.19521554017761,126.83767013827341,37.20927812213578,2024-10-24 21:25:03
2415,12,34,21,,,126.81925299829143,37.20562027587456,126.82125419354567,37.20208023576047,2024-10-24 21:25:10
2416,17,54,21,,,126.82719414971723,37.195827314181855,126.83314428076272,37.20949985799492,2024-10-24 21:25:13
2417,70,32,21,,,126.83778922476712,37.2102703466752,126.8320496995116,37.201084746475814,2024-10-24 21:25:48
2418,39,14,21,,,126.82133585495411,37.20054699493772,126.81924465923474,37.2071739335025,2024-10-24 21:26:13
2419,10,17,21,,,126.8167201603769,37.2097507515226,126.82603956329504,37.19744693909324,2024-10-24 21:26:19
2420,33,56,21,,,126.82984036197185,37.199922787651666,126.8354552505869,37.20490997183015,2024-10-24 21:26:27
2421,41,56,21,,,126.83490426531698,37.19756063483165,126.83407401065142,37.20557276469766,2024-10-24 21:27:11
2422,33,56,21,,,126.83025580472162,37.20026612946001,126.8354350756903,37.206397784719286,2024-10-24 21:27:23
2423,56,33,21,,,126.83561331306348,37.20470745231292,126.82957704150424,37.201601230081565,2024-10-24 21:27:30
2424,42,70,21,,,126.83181911821599,37.195632691254,126.83842356998953,37.20974680139333,2024-10-24 21:29:00
2425,70,33,21,,,126.83704178100278,37.210261807504864,126.82986906510571,37.20143881783099,2024-10-24 21:29:20
2426,42,70,21,,,126.83111431176782,37.19521248035194,126.83779797602257,37.20878263219,2024-10-24 21:29:41
2427,72,61,21,,,126.81215509160162,37.20639894219084,126.83213346465469,37.21518934970345,2024-10-24 21:30:02
2428,12,17,21,,,126.81863718879247,37.20451064442963,126.82606252253578,37.19694201705773,2024-10-24 21:30:10
2429,17,54,21,,,126.82553027039125,37.19704459655304,126.83276005539572,37.20938842541505,2024-10-24 21:30:16
2430,70,33,21,,,126.83731467709181,37.20967293362105,126.82979314493429,37.20017792700969,2024-10-24 21:30:29
2431,42,70,21,,,126.83211289091876,37.196119516327215,126.83850707001163,37.209963576252285,2024-10-24 21:30:44
2432,70,33,21,,,126.83858201461575,37.20873606976673,126.82989430563119,37.19976794846381,2024-10-24 21:31:41
2433,58,19,21,,,126.83597585083847,37.209332936376775,126.82845215294992,37.1946802771607,2024-10-24 21:32:14
2434,56,33,21,,,126.83577968623983,37.20507333782545,126.82969199994389,37.20021535637147,2024-10-24 21:32:17
2435,17,54,21,,,126.82670071643601,37.19726951223876,126.83187966298975,37.21028464916799,2024-10-24 21:32:19
2436,33,56,21,,,126.8296100360043,37.20033520782046,126.83573502735425,37.20484333466859,2024-10-24 21:32:27
2437,42,70,21,,,126.83189127371077,37.19642302762771,126.83692775577629,37.20938444343365,2024-10-24 21:33:11
2438,33,56,21,,,126.82916606183527,37.19988149349569,126.83506370569461,37.205181641256026,2024-10-24 21:34:36
2439,72,56,21,,,126.8112093785585,37.207142561387506,126.83443712951633,37.20593347857435,2024-10-24 21:34:37
2440,70,33,21,,,126.83830148892278,37.210335798644444,126.82837995443855,37.20039290352705,2024-10-24 21:35:46
2441,72,56,21,,,126.81119244384666,37.20667404607821,126.83452633774311,37.20576544792796,2024-10-24 21:36:19
2442,58,19,21,,,126.83501012171035,37.208888183032585,126.82798576165813,37.19569033642192,2024-10-24 21:36:27
2443,70,33,21,,,126.83789419138112,37.210232740537435,126.82991010898948,37.1998246774475,2024-10-24 21:36:30
2444,56,33,21,,,126.83439623451366,37.20635140659194,126.82906274615105,37.20126369106392,2024-10-24 21:36:48
2445,70,33,21,,,126.83801532073916,37.20971828103882,126.82833347833046,37.2002657047848,2024-10-24 21:37:01
2446,56,33,21,,,126.8354112915488,37.20545995166518,126.82951277045343,37.200502142855505,2024-10-24 21:37:33
2447,56,33,21,,,126.83407491370443,37.206612813692374,126.82937345687618,37.20116180465643,2024-10-24 21:38:19
2448,59,41,21,,,126.83151913685046,37.20692837555696,126.83427935891389,37.196475997243844,2024-10-24 21:38:47
2449,58,19,21,,,126.83550180559,37.20870964485093,126.82791162814947,37.195938520918745,2024-10-24 21:38:51
2450,58,19,21,,,126.8360240575079,37.20892295059153,126.82836607062704,37.194684869377866,2024-10-24 21:38:57
2451,58,17,21,,,126.83608157425256,37.20876486308478,126.82667845319637,37.19659022784965,2024-10-24 21:39:36
2452,42,70,21,,,126.83158067643126,37.19563106625935,126.83856314358664,37.20976856952996,2024-10-24 21:40:17
2453,33,56,21,,,126.82933868207799,37.19972289320621,126.83568192020046,37.20648762648842,2024-10-24 21:40:29
2454,58,19,21,,,126.83544131155897,37.20922567956309,126.82959306566345,37.19513894347605,2024-10-24 21:41:03
2455,58,19,21,,,126.83587725038711,37.2091344055034,126.82835591602654,37.19585258600841,2024-10-24 21:41:14
2456,33,56,21,,,126.82878458854128,37.20002210292915,126.8349116415712,37.205367480169734,2024-10-24 21:41:32
2457,56,33,21,,,126.83533279691643,37.20521858191671,126.82949010170645,37.20131973281739,2024-10-24 21:41:44
2458,33,56,21,,,126.82946620377956,37.200578674216445,126.83470739666922,37.2055128562469,2024-10-24 21:42:05
2459,58,19,21,,,126.83535249159668,37.20790703982794,126.82802720074889,37.195041551266996,2024-10-24 21:42:14
2460,56,33,21,,,126.83515725998203,37.205812793069484,126.82914505936712,37.20079556773796,2024-10-24 21:42:39
2461,70,33,21,,,126.83747776336105,37.20873720933922,126.82942084233919,37.19980017831876,2024-10-24 21:42:45
2462,56,41,21,,,126.83454427990164,37.20616642555639,126.83402014705979,37.197267209376186,2024-10-24 21:43:13
2463,56,33,21,,,126.83499164555644,37.20583338081423,126.82942958762283,37.20061698863846,2024-10-24 21:43:20
2464,70,33,21,,,126.83849868747085,37.21035213335373,126.82988044825393,37.20135727473374,2024-10-24 21:43:35
2465,14,65,21,,,126.8194284979408,37.20715390809022,126.83485108829012,37.199099404393806,2024-10-24 21:44:11
2466,56,33,21,,,126.83444283626761,37.20490245317919,126.83026606862215,37.200863941766144,2024-10-24 21:44:51
2467,1,13,21,,,126.81630154381183,37.19748245984252,126.81599606446382,37.202913644918276,2024-10-24 21:45:00
2468,33,56,21,,,126.82924124135153,37.200418366022845,126.83574262917773,37.205128403308336,2024-10-24 21:45:37
2469,42,70,21,,,126.83218922254241,37.19570768206333,126.8371761895598,37.209625026294596,2024-10-24 21:46:04
2470,56,33,21,,,126.83391883180741,37.20521274430552,126.82987837452826,37.20008005554552,2024-10-24 21:46:17
2471,33,56,21,,,126.82986549041746,37.20077647932684,126.83422738931685,37.20465280885802,2024-10-24 21:46:44
2472,42,70,21,,,126.83186262106453,37.196580734471645,126.83843256443629,37.20934847639705,2024-10-24 21:46:50
2473,70,33,21,,,126.83853377841649,37.210412196174026,126.82974903402925,37.20012246272545,2024-10-24 21:47:05
2474,11,58,21,,,126.81469664642233,37.20883506342811,126.83500390621505,37.2085744647714,2024-10-24 21:47:27
2475,33,56,21,,,126.82871119766378,37.20155147552821,126.83541242989205,37.2065877747977,2024-10-24 21:47:37
2476,28,5,21,,,126.82872316955942,37.20336051706928,126.82680467556519,37.20492632292092,2024-10-24 21:47:37
2477,33,56,21,,,126.82903204167208,37.19987500879657,126.83422623070801,37.206444967409986,2024-10-24 21:47:52
2478,32,58,21,,,126.83229124173661,37.20161421151751,126.83471045747713,37.208822690116065,2024-10-24 21:47:56
2479,27,52,21,,,126.82618746953105,37.19915921184781,126.83048697078515,37.217689692643326,2024-10-24 21:48:11
2480,62,15,21,,,126.83831102101693,37.21167198850126,126.81666639407122,37.206473526880785,2024-10-24 21:48:52
2481,58,32,21,,,126.83539161586243,37.209313434404564,126.83257407282899,37.201626596335736,2024-10-24 21:48:55
2482,17,54,21,,,126.82740008260106,37.19762478992005,126.83265248939514,37.2104579546593,2024-10-24 21:49:01
2483,54,48,21,,,126.83343773914852,37.21049926536139,126.8303017039086,37.215417580341644,2024-10-24 21:49:15
2484,17,54,21,,,126.82643830034539,37.197658242190904,126.83247823459392,37.21107456481694,2024-10-24 21:49:17
2485,58,19,21,,,126.83414684609698,37.20938360265474,126.82921993386991,37.19409947389378,2024-10-24 21:49:17
2486,56,33,21,,,126.83497321044047,37.20564086858338,126.82909439588487,37.20000580968516,2024-10-24 21:50:41
2487,54,29,21,,,126.83247336760057,37.209797446443396,126.82734702004208,37.201768378267424,2024-10-24 21:51:08
2488,56,33,21,,,126.83585544384538,37.204689735981,126.8292957871308,37.200778661838804,2024-10-24 21:52:13
2489,9,69,21,,,126.814253843705,37.20520779994208,126.83780380495618,37.20743051572028,2024-10-24 21:52:17
2490,28,7,21,,,126.82943769173252,37.20376497224317,126.8279648931917,37.20829360899061,2024-10-24 21:52:43
2491,70,33,21,,,126.83721261760995,37.20877871213828,126.82945308936024,37.200663363354764,2024-10-24 21:53:52
2492,33,56,21,,,126.82991725262538,37.201197429088346,126.83423941387021,37.205560346332035,2024-10-24 21:54:07
2493,10,17,21,,,126.81724195149762,37.20981279339232,126.82582423286772,37.19758809972965,2024-10-24 21:55:06
2494,58,32,21,,,126.83577771098506,37.20825544807531,126.83172597230497,37.202284027753606,2024-10-24 21:55:24
2495,41,56,21,,,126.83375783932253,37.19715725939257,126.83426776561973,37.20655295343422,2024-10-24 21:56:03
2496,10,56,21,,,126.8162959451127,37.20889373587168,126.83479202334411,37.205517405777485,2024-10-24 21:56:54
2497,33,56,21,,,126.8297610182869,37.20015296031461,126.83487384489288,37.20584480313556,2024-10-24 21:56:56
2498,50,37,21,,,126.82302034545329,37.212365046305806,126.82034202862829,37.197561740268775,2024-10-24 21:56:59
2499,28,2,21,,,126.83030548260095,37.20285781100363,126.82152172807388,37.205223852935966,2024-10-24 21:57:01
2500,17,56,21,,,126.82653799802343,37.19716222461147,126.8341412530886,37.205568930037046,2024-10-24 21:57:04
2501,17,54,21,,,126.8255285862583,37.19710508516389,126.83319447456908,37.20957935436547,2024-10-24 21:57:11
2502,17,54,21,,,126.82720109239169,37.19756897320775,126.83364442897579,37.209531901589045,2024-10-24 21:57:54
2503,58,19,21,,,126.8350486172642,37.20928506813166,126.82834481976828,37.19548094897273,2024-10-24 21:58:02
2504,17,54,21,,,126.82663362702718,37.19615800499853,126.83334643548099,37.209226823401856,2024-10-24 21:58:12
2505,56,41,21,,,126.83542238607792,37.20545085123015,126.83508490098298,37.19676852212816,2024-10-24 21:58:38
2506,69,30,21,,,126.83786777920183,37.206492168628984,126.83119836891642,37.19798693817815,2024-10-24 21:58:39
2507,27,9,21,,,126.82714120782705,37.198967230853604,126.81320920288985,37.20470737654019,2024-10-24 21:59:01
2508,58,19,21,,,126.83507349791921,37.208498189632785,126.82943227458262,37.19480545993741,2024-10-24 21:59:11
2509,42,70,21,,,126.83085165829729,37.196464830974584,126.8386870873514,37.20921376067819,2024-10-24 21:59:24
2510,70,19,21,,,126.83763042246387,37.21053176434114,126.82820700937108,37.195271748739884,2024-10-24 21:59:24
2511,17,54,21,,,126.82557126868778,37.19747152646533,126.83191074195449,37.21086160335452,2024-10-24 21:59:27
2512,72,70,22,,,126.81170010908347,37.20810320158655,126.83758824023931,37.20854885135084,2024-10-24 22:00:07
2513,69,30,22,,,126.83670019638421,37.20766549232513,126.83194994017735,37.19943986140908,2024-10-24 22:00:27
2514,20,37,22,,,126.81552372848468,37.19189749611484,126.82070652664017,37.19694130961146,2024-10-24 22:00:34
2515,33,56,22,,,126.82862579000718,37.199921679470194,126.83543330538919,37.20603305971419,2024-10-24 22:00:37
2516,58,33,22,,,126.83529677314033,37.20768161580722,126.82971472997943,37.20148344351656,2024-10-24 22:01:05
2517,58,33,22,,,126.83509962604703,37.20917371728911,126.82942691807293,37.20054368265141,2024-10-24 22:01:25
2518,19,61,22,,,126.8284538166935,37.194837760894025,126.8329003250757,37.216072368634315,2024-10-24 22:01:27
2519,58,33,22,,,126.83579957539882,37.208447640456875,126.82880497685402,37.20163230745371,2024-10-24 22:01:47
2520,72,70,22,,,126.81177802446214,37.20777607842023,126.8369575116615,37.209289201336986,2024-10-24 22:01:53
2521,18,23,22,,,126.82446740111283,37.196608569108825,126.8208910539206,37.19144726206432,2024-10-24 22:02:11
2522,33,56,22,,,126.828789932035,37.20133654104907,126.83393215472947,37.205436446483674,2024-10-24 22:02:19
2523,56,41,22,,,126.83553505105078,37.206523313295726,126.83479106187079,37.19745219197718,2024-10-24 22:02:32
2524,56,41,22,,,126.83508941577722,37.20584624391051,126.8351439432825,37.19778315521473,2024-10-24 22:02:52
2525,17,54,22,,,126.82618574547683,37.19733209612909,126.83308486573985,37.21111293790346,2024-10-24 22:03:08
2526,69,30,22,,,126.83754750743624,37.207515398542256,126.83090259849627,37.1993435467969,2024-10-24 22:03:55
2527,33,56,22,,,126.82873392457084,37.200858191840354,126.8344948988671,37.20612261772237,2024-10-24 22:04:10
2528,69,30,22,,,126.83693693690347,37.20763004330286,126.83189303691239,37.19905084622757,2024-10-24 22:04:24
2529,33,56,22,,,126.82926565211726,37.199890604044,126.83562101056118,37.20660965686751,2024-10-24 22:04:31
2530,54,29,22,,,126.83249263948272,37.20931191894785,126.82749836848248,37.20168810069829,2024-10-24 22:04:33
2531,28,37,22,,,126.82916901794151,37.2031362425175,126.82067836117484,37.19688381142169,2024-10-24 22:04:43
2532,56,17,22,,,126.83580682987974,37.20509552942748,126.82620850051015,37.19605052091472,2024-10-24 22:04:48
2533,19,10,22,,,126.82872808257603,37.195569059327404,126.81691275428786,37.20889199216395,2024-10-24 22:04:59
2534,58,33,22,,,126.83431416390411,37.20785589382664,126.83006813947867,37.200861721629096,2024-10-24 22:05:11
2535,19,10,22,,,126.82880308271004,37.19518267923965,126.81639195202636,37.20963861033837,2024-10-24 22:05:59
2536,70,33,22,,,126.83762584377061,37.20872785215496,126.82968497949439,37.20106764007579,2024-10-24 22:06:04
2537,70,33,22,,,126.83762158870867,37.208908662059805,126.8302855454235,37.2001190632738,2024-10-24 22:06:11
2538,70,33,22,,,126.83717355510028,37.209161920066,126.82881830164557,37.20052650464441,2024-10-24 22:06:32
2539,69,30,22,,,126.83816269175999,37.20768573733043,126.83172652024903,37.19894583643721,2024-10-24 22:06:35
2540,33,56,22,,,126.82837423363092,37.20123889642746,126.83471603830189,37.20505107308477,2024-10-24 22:07:28
2541,32,59,22,,,126.8310315166904,37.202636298407704,126.83228767546912,37.207137835863264,2024-10-24 22:07:38
2542,58,33,22,,,126.83434033152234,37.20930117125366,126.82994341954918,37.20157793278149,2024-10-24 22:09:04
2543,69,30,22,,,126.83702466282057,37.20769612846861,126.83185183623057,37.198835152215246,2024-10-24 22:09:06
2544,33,56,22,,,126.82847865134607,37.20011688654657,126.83471640677269,37.204832497672896,2024-10-24 22:09:44
2545,33,56,22,,,126.82993491272647,37.201149716206004,126.83566688453138,37.20500614867745,2024-10-24 22:10:20
2546,23,32,22,,,126.82011000274254,37.19117081679448,126.83120101875527,37.20136346805141,2024-10-24 22:10:25
2547,33,56,22,,,126.82901160619022,37.19986601335873,126.83474849546526,37.20508831865319,2024-10-24 22:10:47
2548,56,17,22,,,126.83469072903672,37.20593508854229,126.8270742774994,37.19615638283716,2024-10-24 22:10:53
2549,56,17,22,,,126.8352916035542,37.206395403938046,126.82692253851215,37.19735855146929,2024-10-24 22:11:29
2550,58,33,22,,,126.8358463721885,37.209148094293724,126.82954707883123,37.20033330939784,2024-10-24 22:11:44
2551,31,58,22,,,126.82898384604437,37.197611118768634,126.8345443440046,37.20825701100402,2024-10-24 22:14:14
2552,32,59,22,,,126.83259880819602,37.20271680892914,126.831958216638,37.20709749455566,2024-10-24 22:14:21
2553,56,17,22,,,126.83408587562133,37.205688597910054,126.82732508832,37.19723315885523,2024-10-24 22:15:20
2554,58,33,22,,,126.83575613011746,37.20833936640568,126.82890785964709,37.19995653625891,2024-10-24 22:15:25
2555,50,37,22,,,126.82288158253506,37.21218699126077,126.82214513064292,37.1967277058718,2024-10-24 22:15:26
2556,63,8,22,,,126.83507159756216,37.2109147396549,126.8238855225593,37.20786677578487,2024-10-24 22:16:01
2557,58,32,22,,,126.83570049907343,37.208011919554515,126.83239743462613,37.20139552952807,2024-10-24 22:16:58
2558,17,54,22,,,126.82661902913216,37.19632992546691,126.83187476825658,37.20994351241818,2024-10-24 22:17:03
2559,17,54,22,,,126.82704023943167,37.19688298910608,126.83195282355962,37.210572614752,2024-10-24 22:17:47
2560,56,33,22,,,126.8354705735627,37.204850850200515,126.82943561489807,37.201082841041476,2024-10-24 22:18:08
2561,33,56,22,,,126.82857768757152,37.201185570099916,126.83523113336474,37.20548696119738,2024-10-24 22:18:12
2562,10,17,22,,,126.816535887941,37.20879570953975,126.82707449751436,37.1976383001977,2024-10-24 22:18:23
2563,18,26,22,,,126.82398998703037,37.1958386235295,126.81848375784134,37.193996558193895,2024-10-24 22:19:17
2564,56,17,22,,,126.8349912486693,37.20628740002987,126.82571297266075,37.19698971163864,2024-10-24 22:20:23
2565,29,13,22,,,126.82783549323415,37.20172709538226,126.81740293804668,37.203173650052705,2024-10-24 22:20:40
2566,3,2,22,,,126.82556447098867,37.20895523058902,126.82230578123978,37.2055544922038,2024-10-24 22:20:47
2567,69,30,22,,,126.83824684205374,37.20593333052304,126.83147173040759,37.198386577618756,2024-10-24 22:21:24
2568,17,58,22,,,126.82632722682682,37.19670629303947,126.8354884170737,37.20812467879826,2024-10-24 22:21:55
2569,33,56,22,,,126.82923857170363,37.201086703802225,126.83494253842491,37.20582448860874,2024-10-24 22:22:26
2570,58,17,22,,,126.83597441885493,37.20765626300289,126.82686373418142,37.19737343073384,2024-10-24 22:22:27
2571,33,56,22,,,126.82925527802674,37.199722776645224,126.83419741133315,37.20611282097199,2024-10-24 22:22:38
2572,37,29,22,,,126.82063338546274,37.19841697512172,126.82759742820322,37.20208248355248,2024-10-24 22:23:01
2573,56,41,22,,,126.83478921987485,37.205937096240845,126.83496262285998,37.197117441218005,2024-10-24 22:23:42
2574,69,30,22,,,126.83803199212977,37.205854540799336,126.83266974708359,37.19907043602131,2024-10-24 22:24:11
2575,58,42,22,,,126.83466019415012,37.20906550677298,126.83235098957667,37.19585585015924,2024-10-24 22:24:50
2576,33,56,22,,,126.82965113727839,37.20157959357368,126.8348943331263,37.20483571587311,2024-10-24 22:24:57
2577,10,17,22,,,126.81667762144218,37.208628235394656,126.82689604731755,37.19647750738459,2024-10-24 22:25:18
2578,33,56,22,,,126.82884463606725,37.201483744569714,126.83547526750596,37.20528506476316,2024-10-24 22:25:28
2579,50,37,22,,,126.82274016797393,37.21081801326957,126.82197862829628,37.1976934183907,2024-10-24 22:25:33
2580,32,56,22,,,126.83124852440321,37.20192693910992,126.83492213637096,37.206581406855115,2024-10-24 22:25:58
2581,56,17,22,,,126.83441963445406,37.20631887418456,126.82625744059445,37.19702343691541,2024-10-24 22:26:02
2582,12,19,22,,,126.8193673561029,37.20444003193993,126.82829614882732,37.19443373304791,2024-10-24 22:26:06
2583,10,17,22,,,126.81771489168165,37.20990988459476,126.8257198847619,37.196989886700585,2024-10-24 22:27:02
2584,40,72,22,,,126.83209799139902,37.19393995113696,126.81092528399968,37.20719781131218,2024-10-24 22:27:08
2585,53,10,22,,,126.83056435070903,37.20588989116014,126.81779766610201,37.210282280069215,2024-10-24 22:27:21
2586,10,40,22,,,126.8168277526622,37.208448877190385,126.83060660342048,37.193591483323,2024-10-24 22:27:35
2587,58,33,22,,,126.83442461035726,37.20916307222218,126.8290218726805,37.200346110764606,2024-10-24 22:27:37
2588,69,30,22,,,126.83767347976848,37.20601218141759,126.8314039620148,37.199293572227795,2024-10-24 22:27:47
2589,33,56,22,,,126.82906834691921,37.19975878176447,126.83495913890846,37.20583993424648,2024-10-24 22:27:49
2590,17,54,22,,,126.82715352067957,37.19741826163909,126.83282006466548,37.210373091128375,2024-10-24 22:28:14
2591,56,32,22,,,126.835184849523,37.205486267528684,126.83155963289924,37.202476839208884,2024-10-24 22:29:31
2592,33,56,22,,,126.82887288376688,37.1999014211214,126.8357565009703,37.20617994139951,2024-10-24 22:30:01
2593,58,33,22,,,126.83462488665508,37.20911092266974,126.83029962793913,37.19997580649503,2024-10-24 22:30:12
2594,10,17,22,,,126.81713674992135,37.208954296108764,126.82541696450141,37.1972950307387,2024-10-24 22:30:42
2595,19,45,22,,,126.82925136145201,37.19509025669259,126.8249290997445,37.213222053015166,2024-10-24 22:30:59
2596,10,40,22,,,126.81604913635996,37.209872359538494,126.83074396093389,37.193708575714794,2024-10-24 22:31:11
2597,54,17,22,,,126.83311498372025,37.209837317058906,126.8255553604142,37.19636962666068,2024-10-24 22:31:56
2598,17,54,22,,,126.8269052718629,37.19603820970927,126.83322237424015,37.20984256552863,2024-10-24 22:32:12
2599,33,56,22,,,126.83012003927828,37.200604756826124,126.83522147825263,37.204899316515274,2024-10-24 22:32:30
2600,33,56,22,,,126.82900207691686,37.20063347258502,126.83554270868548,37.205900345135674,2024-10-24 22:32:49
2601,32,59,22,,,126.83171600647319,37.20222778872332,126.8322779032994,37.20836849271827,2024-10-24 22:33:23
2602,10,17,22,,,126.8175430181475,37.20894902997723,126.82677511208588,37.19671339151867,2024-10-24 22:34:15
2603,17,12,22,,,126.82595354548637,37.19664984654127,126.81856824747227,37.20393751550164,2024-10-24 22:34:20
2604,1,46,22,,,126.81544252730436,37.198018296277155,126.83007471125119,37.21105929390256,2024-10-24 22:34:47
2605,10,17,22,,,126.81731715837233,37.210300571155955,126.82696512927089,37.19734713750659,2024-10-24 22:35:15
2606,37,72,22,,,126.82182465520485,37.19694933040299,126.81069269512922,37.20702903111121,2024-10-24 22:35:26
2607,56,17,22,,,126.83516582117964,37.204848143714145,126.82672646231494,37.19671185890637,2024-10-24 22:35:47
2608,17,70,22,,,126.82738490560305,37.1958902129563,126.83795016238616,37.209286478018,2024-10-24 22:36:04
2609,46,58,22,,,126.82967152850651,37.211653487253514,126.83519481961682,37.20935298160187,2024-10-24 22:36:23
2610,26,37,22,,,126.8190425408651,37.19373153351502,126.82134089916903,37.19798253014638,2024-10-24 22:36:24
2611,33,56,22,,,126.83002810472172,37.20054661452521,126.83391017296472,37.20626176953361,2024-10-24 22:36:38
2612,38,4,22,,,126.82362309838733,37.20057216877989,126.82137788274466,37.208599917948995,2024-10-24 22:37:05
2613,58,33,22,,,126.83561448901004,37.20875522842465,126.82987620982766,37.201172421172956,2024-10-24 22:37:21
2614,38,10,22,,,126.82342144678283,37.20174510315114,126.81691530676062,37.209033510828924,2024-10-24 22:37:34
2615,40,72,22,,,126.8304926773375,37.19426852129423,126.81165131459294,37.207909937057245,2024-10-24 22:37:46
2616,18,46,22,,,126.82378476421646,37.196250169011456,126.83090328009983,37.212525356906596,2024-10-24 22:38:06
2617,58,33,22,,,126.83525292199167,37.208051061988975,126.82955121533632,37.200021599070666,2024-10-24 22:38:15
2618,17,54,22,,,126.82589607278382,37.19594565055878,126.83319746274601,37.21033894082965,2024-10-24 22:38:21
2619,58,33,22,,,126.83450519555585,37.207843132819676,126.82911350704687,37.20070292564152,2024-10-24 22:38:46
2620,69,30,22,,,126.83751473228378,37.207396942099685,126.83195717068742,37.198806670674976,2024-10-24 22:39:12
2621,58,33,22,,,126.83609134163544,37.20923586288421,126.82972776523442,37.201159368425,2024-10-24 22:39:17
2622,56,41,22,,,126.83584218891201,37.204832746423946,126.83439604444419,37.19667318391076,2024-10-24 22:39:17
2623,33,56,22,,,126.830299670943,37.20047709657476,126.83443433898599,37.2055493064823,2024-10-24 22:39:24
2624,32,58,22,,,126.83124263327488,37.20219554140218,126.83437379611944,37.20897186731587,2024-10-24 22:39:28
2625,33,56,22,,,126.83001577021746,37.2011386035179,126.83550827248067,37.20613879117816,2024-10-24 22:39:33
2626,46,51,22,,,126.83033644742342,37.21248805033914,126.81878865518985,37.210480512211134,2024-10-24 22:41:01
2627,72,47,22,,,126.81175612392,37.206297803852465,126.82671641604836,37.211212556102566,2024-10-24 22:41:22
2628,10,17,22,,,126.81735395158283,37.20875884619243,126.82578942757878,37.19641717109768,2024-10-24 22:41:36
2629,51,34,22,,,126.81909905699426,37.21026742061914,126.82264643064144,37.20215207111969,2024-10-24 22:41:37
2630,33,56,22,,,126.8287667201846,37.199876239284094,126.83522746842647,37.20501217280512,2024-10-24 22:41:59
2631,33,56,22,,,126.82862923876588,37.20049553560497,126.83578131288161,37.204987759270786,2024-10-24 22:42:09
2632,33,56,22,,,126.82871006568259,37.199761819727605,126.83419463864013,37.205007264232755,2024-10-24 22:43:08
2633,70,42,22,,,126.83772218818464,37.208702666098965,126.83106641950997,37.195303448931874,2024-10-24 22:43:12
2634,58,32,22,,,126.83572036151831,37.207985001997436,126.83254084357837,37.201165266758316,2024-10-24 22:43:20
2635,17,54,22,,,126.82648141087033,37.19645502410201,126.83224035908309,37.21006972323981,2024-10-24 22:43:39
2636,17,70,22,,,126.8261982354084,37.196591198142315,126.83691479536512,37.20951224436061,2024-10-24 22:43:50
2637,33,56,22,,,126.82840501236149,37.20146044525536,126.83426344647943,37.20633774890963,2024-10-24 22:44:11
2638,56,33,22,,,126.83587490293013,37.2063155117876,126.82851653534259,37.199831969584686,2024-10-24 22:45:31
2639,56,41,22,,,126.83434080877844,37.206459081909344,126.83449684287632,37.196557430657414,2024-10-24 22:45:40
2640,56,17,22,,,126.83456366859981,37.2051938598924,126.82644686000894,37.19704315345614,2024-10-24 22:45:53
2641,20,39,22,,,126.81573415774045,37.19298259391957,126.82088509541838,37.20054613046899,2024-10-24 22:46:02
2642,69,30,22,,,126.83705938324003,37.20633303741605,126.8317909546941,37.19952776145933,2024-10-24 22:46:03
2643,46,22,22,,,126.82924411989332,37.21137188913611,126.8156007104201,37.19572896440163,2024-10-24 22:46:27
2644,69,30,22,,,126.83770240019308,37.20701364720325,126.8317056177008,37.19990108293811,2024-10-24 22:47:55
2645,17,58,22,,,126.8266128532291,37.1962876918846,126.83441361934128,37.20932401709766,2024-10-24 22:48:03
2646,54,17,22,,,126.83229509912603,37.21030498925094,126.82663185398057,37.19761574454659,2024-10-24 22:48:21
2647,56,41,22,,,126.83475238836125,37.206450498506385,126.83472441987858,37.19698344547856,2024-10-24 22:48:25
2648,11,70,22,,,126.81499101472296,37.20776899197806,126.83767372989215,37.20858688729487,2024-10-24 22:48:55
2649,58,33,22,,,126.83494520999962,37.20763951957161,126.82959322338597,37.2009093823164,2024-10-24 22:49:17
2650,17,54,22,,,126.82684814740492,37.19672900563842,126.83361415476878,37.210133218011954,2024-10-24 22:49:20
2651,56,33,22,,,126.83571819242309,37.2061078045617,126.82897193272059,37.20094631371209,2024-10-24 22:49:25
2652,56,17,22,,,126.83579741191964,37.20612222926288,126.82629238215682,37.19607333264512,2024-10-24 22:49:33
2653,69,30,22,,,126.83778973157257,37.20577886922723,126.832303775221,37.198792588827416,2024-10-24 22:49:40
2654,70,33,22,,,126.83877829710417,37.20892876722785,126.8302934537459,37.201213251269714,2024-10-24 22:50:00
2655,19,10,22,,,126.82852704800415,37.19433923938837,126.81716062465041,37.20870160998406,2024-10-24 22:50:26
2656,58,33,22,,,126.83606488672243,37.20906896595885,126.8289259437091,37.20029885115514,2024-10-24 22:50:30
2657,56,17,22,,,126.83459148408875,37.20646393162181,126.82738153826142,37.19631384581702,2024-10-24 22:51:29
2658,58,33,22,,,126.83466244025318,37.20822404737054,126.82901546118678,37.201080575036755,2024-10-24 22:51:38
2659,56,10,22,,,126.83586163989224,37.2065871093154,126.81679265365402,37.210294955635014,2024-10-24 22:52:11
2660,17,54,22,,,126.82697742086582,37.19590564805527,126.83229981089926,37.210616279873754,2024-10-24 22:52:33
2661,37,72,22,,,126.82158724280774,37.19752140528408,126.81132661719649,37.20751202744406,2024-10-24 22:52:42
2662,29,17,22,,,126.82612811031089,37.20211120709369,126.82628490132659,37.19756739950548,2024-10-24 22:52:43
2663,70,32,22,,,126.83804643411901,37.21049423699683,126.83245998645491,37.20180604868029,2024-10-24 22:52:52
2664,58,33,22,,,126.83527329303284,37.208046479119815,126.83031315115942,37.19983020606669,2024-10-24 22:54:30
2665,70,33,22,,,126.83821156330984,37.2093546776729,126.8290008640517,37.19994280187108,2024-10-24 22:54:56
2666,58,33,22,,,126.83485600590345,37.20833419280071,126.82865135976176,37.19998421760883,2024-10-24 22:55:00
2667,56,33,22,,,126.83508029794528,37.2056140168106,126.82918180744365,37.20010855913593,2024-10-24 22:55:01
2668,32,59,22,,,126.83194194868652,37.201525877143816,126.83199707982335,37.20828039588575,2024-10-24 22:55:18
2669,21,42,22,,,126.81828597182232,37.19649174967286,126.83228537010278,37.19687601663606,2024-10-24 22:56:04
2670,10,6,22,,,126.81756776069982,37.208703573682115,126.82381911554302,37.20466083815957,2024-10-24 22:56:09
2671,33,56,22,,,126.82870684757039,37.201369719807346,126.8341683449328,37.20508154155177,2024-10-24 22:56:44
2672,31,54,22,,,126.82814106904556,37.19874631303039,126.83338026464949,37.21092854006944,2024-10-24 22:56:56
2673,70,33,22,,,126.83811754722659,37.20890200548414,126.82855327356869,37.20065573296587,2024-10-24 22:57:03
2674,56,33,22,,,126.8351219853746,37.205774159457825,126.82964938744496,37.201406569788205,2024-10-24 22:57:10
2675,32,59,22,,,126.8314579434437,37.202050508397065,126.83274851285185,37.2077802054656,2024-10-24 22:57:52
2676,58,17,22,,,126.83485025733442,37.20924054389552,126.82611037634655,37.19713566363821,2024-10-24 22:57:59
2677,17,54,22,,,126.82695102542195,37.19649209946703,126.83210151405768,37.21068802089064,2024-10-24 22:58:15
2678,32,59,22,,,126.83172001065654,37.20094663676923,126.83157825876724,37.20699774104707,2024-10-24 22:58:32
2679,69,30,22,,,126.83799912417615,37.207378611062715,126.83193296176462,37.199522042925075,2024-10-24 22:58:42
2680,56,17,22,,,126.83564745228357,37.20536801805548,126.82707903768059,37.19709946146305,2024-10-24 22:59:03
