idx,o,d,hour,o_h3,d_h3,o_x,o_y,d_x,d_y,time
0,20,7,7,,,126.81564664060652,37.192644925411244,126.82702739384301,37.20725529162678,2024-10-24 07:00:02
1,36,1,7,,,126.82494194272353,37.1984209033913,126.815262787,37.19906947651475,2024-10-24 07:00:38
2,19,10,7,,,126.82809529260457,37.19539539557766,126.81751193271201,37.210107839239996,2024-10-24 07:00:47
3,9,66,7,,,126.81356785406783,37.2046292973897,126.83749228600743,37.20411197902645,2024-10-24 07:02:02
4,62,18,7,,,126.83744195322187,37.213254607075754,126.82302600403361,37.194729752625165,2024-10-24 07:02:07
5,33,56,7,,,126.8291527232081,37.200904545885024,126.83495429513918,37.205810263871534,2024-10-24 07:02:42
6,56,17,7,,,126.83485900239656,37.205132604381106,126.82555127590464,37.197469115630845,2024-10-24 07:03:09
7,33,56,7,,,126.82939866378017,37.20082414344599,126.83402306025393,37.20613887041371,2024-10-24 07:03:59
8,11,58,7,,,126.81378170780339,37.207348782083976,126.83429266342308,37.20803743052933,2024-10-24 07:04:44
9,54,33,7,,,126.83351343013699,37.211091223465786,126.82964104832995,37.20091209368425,2024-10-24 07:04:46
10,32,59,7,,,126.83155618029761,37.20177481696139,126.8325261154274,37.20734860659559,2024-10-24 07:04:50
11,27,37,7,,,126.82660152366667,37.19875636563891,126.82178195099765,37.1965620287481,2024-10-24 07:05:22
12,11,32,7,,,126.81401382269704,37.20797509207763,126.83108612665552,37.201275546456216,2024-10-24 07:06:36
13,33,56,7,,,126.83031283831424,37.199766959523416,126.83584672222268,37.20631497446311,2024-10-24 07:06:41
14,33,56,7,,,126.8297707005543,37.19978700821252,126.8341272677726,37.20624410431467,2024-10-24 07:06:43
15,9,63,7,,,126.81488689141645,37.20579530588482,126.83520129285778,37.210448307873996,2024-10-24 07:06:59
16,19,27,7,,,126.8284630787015,37.19577586589683,126.82684748316291,37.1998629577245,2024-10-24 07:07:15
17,42,70,7,,,126.83231709664362,37.19526588087561,126.83790991377755,37.21034738644186,2024-10-24 07:07:38
18,69,30,7,,,126.83692178616188,37.2072792990528,126.83193241429441,37.19855300660775,2024-10-24 07:07:49
19,39,34,7,,,126.82196926568213,37.201018330481816,126.82127165042844,37.20236514257495,2024-10-24 07:07:52
20,54,33,7,,,126.83227253296099,37.21063298301987,126.82913105919467,37.20028435218878,2024-10-24 07:08:30
21,62,40,7,,,126.83727201074936,37.21230250573222,126.8312568108167,37.19419541193982,2024-10-24 07:08:37
22,18,58,7,,,126.82290305816639,37.19570804517788,126.83435237772994,37.207552887352975,2024-10-24 07:09:26
23,56,33,7,,,126.83467480029299,37.204944580608974,126.82874217913164,37.19997139339752,2024-10-24 07:09:26
24,20,6,7,,,126.81499252726196,37.192194863947506,126.825237550807,37.2050421323586,2024-10-24 07:10:26
25,11,58,7,,,126.81374492531363,37.2079974952509,126.83600638864466,37.20799261024622,2024-10-24 07:11:06
26,56,33,7,,,126.83574781294945,37.20632393061907,126.82938252063649,37.2016272268194,2024-10-24 07:11:16
27,53,9,7,,,126.82942680840553,37.206770027240744,126.81470700255892,37.20630353868207,2024-10-24 07:12:14
28,33,56,7,,,126.8292115004731,37.20004620068124,126.83446581999745,37.20548668257262,2024-10-24 07:13:04
29,69,30,7,,,126.83797548337341,37.205875708236135,126.83097884744029,37.19918541355975,2024-10-24 07:13:32
30,46,29,7,,,126.83054454823768,37.21229230832952,126.82697325301821,37.202107874832734,2024-10-24 07:14:20
31,41,56,7,,,126.83364299495157,37.19763117965306,126.83443669751138,37.20591139521072,2024-10-24 07:14:22
32,37,60,7,,,126.82052565980787,37.19743537309925,126.83203373189116,37.21270722934902,2024-10-24 07:14:33
33,11,58,7,,,126.81408616370216,37.208990100650176,126.83580130032253,37.20836547520686,2024-10-24 07:15:53
34,33,56,7,,,126.83019746563188,37.200473333967,126.83506656782313,37.205782270113225,2024-10-24 07:16:03
35,37,66,7,,,126.82057624033185,37.19716265788863,126.83777687573173,37.204575431477636,2024-10-24 07:16:40
36,33,56,7,,,126.82846504315417,37.2014147547725,126.83562066349306,37.20625896378241,2024-10-24 07:17:03
37,54,33,7,,,126.83254400345547,37.20928224756127,126.82992729511682,37.2007056235615,2024-10-24 07:17:23
38,69,30,7,,,126.83692983282828,37.20725751147716,126.83227089613331,37.199145423756335,2024-10-24 07:17:29
39,33,56,7,,,126.829746656979,37.20007430126321,126.8347003014017,37.20512029119818,2024-10-24 07:17:48
40,42,70,7,,,126.83143455488074,37.195438557108005,126.83794054692869,37.20995086419226,2024-10-24 07:17:52
41,17,12,7,,,126.82626248710086,37.1972636678649,126.81897140446647,37.20495572752437,2024-10-24 07:17:56
42,54,33,7,,,126.83286503093453,37.20926998888855,126.82988712973383,37.20035715708772,2024-10-24 07:18:07
43,11,17,7,,,126.8152403373965,37.207568092316286,126.82559111113304,37.19644282933182,2024-10-24 07:18:58
44,54,33,7,,,126.83269069977561,37.209895766752005,126.83000159570396,37.201024819101086,2024-10-24 07:19:03
45,56,17,7,,,126.83517461141965,37.20567382331278,126.82704246637535,37.19644001675242,2024-10-24 07:19:22
46,69,30,7,,,126.83841030684364,37.206875308737274,126.83265798602648,37.1986815426874,2024-10-24 07:21:17
47,56,31,7,,,126.83569158155974,37.20654299850983,126.82952876919272,37.19807559028414,2024-10-24 07:21:39
48,56,33,7,,,126.83566800968012,37.2053179203891,126.83021668161715,37.20022229609564,2024-10-24 07:22:18
49,54,33,7,,,126.83190257192825,37.21107194877449,126.82867140900977,37.201606584086406,2024-10-24 07:22:36
50,31,59,7,,,126.82919806431501,37.19689235415863,126.83146202924257,37.20755465782611,2024-10-24 07:23:04
51,59,41,7,,,126.83158488430551,37.20682622192873,126.83331631660201,37.198110526484335,2024-10-24 07:23:53
52,46,10,7,,,126.8308029260262,37.21272613793039,126.81780802638588,37.210059667503735,2024-10-24 07:24:53
53,31,54,7,,,126.82912537295223,37.19772648580644,126.83212128309862,37.20943548288558,2024-10-24 07:25:29
54,56,17,7,,,126.83571434079958,37.205997555183494,126.82600751919541,37.1970006700735,2024-10-24 07:25:52
55,54,6,7,,,126.83338907492723,37.210937808059654,126.82502585585696,37.20358000029839,2024-10-24 07:26:06
56,56,33,7,,,126.83581559038505,37.20634981519409,126.82980930471538,37.20050382542962,2024-10-24 07:26:37
57,56,33,7,,,126.8352347292218,37.205826704844206,126.82917149891674,37.19983367778869,2024-10-24 07:26:53
58,56,17,7,,,126.83522084573035,37.20513088817211,126.82690754839952,37.195780729877875,2024-10-24 07:27:16
59,33,56,7,,,126.82864354762022,37.201470668595384,126.8346895732233,37.20464723004965,2024-10-24 07:27:22
60,55,37,7,,,126.83009537441518,37.20950693330704,126.82159060553556,37.19680728389714,2024-10-24 07:27:28
61,33,54,7,,,126.82977242507634,37.20059983220044,126.8336402188473,37.21054020358843,2024-10-24 07:28:03
62,56,17,7,,,126.83506007150693,37.20641519311105,126.82617357638107,37.1972063320726,2024-10-24 07:28:17
63,56,33,7,,,126.83499395198912,37.20545811803228,126.82872794215645,37.20049733133257,2024-10-24 07:28:19
64,56,33,7,,,126.83544832125274,37.20542187291828,126.82835333729089,37.20155790693154,2024-10-24 07:28:40
65,58,42,7,,,126.83429689193477,37.20796319766569,126.83162972195286,37.19515415972956,2024-10-24 07:28:46
66,72,33,7,,,126.8119130373619,37.208097577208484,126.82972889066484,37.20132319748637,2024-10-24 07:29:35
67,72,56,7,,,126.81168536064358,37.20652827599623,126.83514055441623,37.20594383412098,2024-10-24 07:29:43
68,54,33,7,,,126.83269473454389,37.210405892200455,126.82946744946442,37.20043617373105,2024-10-24 07:29:47
69,56,31,7,,,126.83483801618311,37.20490959750406,126.82920807185091,37.197912549410326,2024-10-24 07:31:09
70,11,33,7,,,126.81527214278005,37.20832958949957,126.82941835463997,37.20042285161878,2024-10-24 07:31:21
71,54,7,7,,,126.8333129611865,37.20989279134273,126.82674727940305,37.20877420224787,2024-10-24 07:31:25
72,11,65,7,,,126.81530495795336,37.20801604420018,126.8345739896272,37.20029156913812,2024-10-24 07:31:33
73,56,17,7,,,126.83582839371549,37.20623039009116,126.82672332093627,37.19724156313348,2024-10-24 07:32:18
74,56,33,7,,,126.83458098879551,37.20470096893284,126.8291229067157,37.20102406663442,2024-10-24 07:33:09
75,42,70,7,,,126.83236720194945,37.1956176356596,126.83808730209375,37.20864112708606,2024-10-24 07:33:21
76,56,31,7,,,126.83572243916903,37.205496400806666,126.82840853708525,37.19774211286277,2024-10-24 07:34:27
77,71,18,7,,,126.83908071793289,37.20528374303964,126.82370164275201,37.19552911007221,2024-10-24 07:34:32
78,33,56,7,,,126.82868592329937,37.19982600579485,126.83525915481533,37.20583298950585,2024-10-24 07:34:40
79,28,52,7,,,126.82938462132344,37.20422618650368,126.83073759741666,37.21698320913935,2024-10-24 07:36:01
80,56,33,7,,,126.83570435240291,37.20624265563483,126.82886014400094,37.200642241819466,2024-10-24 07:37:16
81,56,17,7,,,126.83451647960665,37.20631036963156,126.82697713710124,37.19619000561136,2024-10-24 07:37:24
82,38,42,7,,,126.82449562570545,37.20091846994567,126.8308194660858,37.19699325316331,2024-10-24 07:37:51
83,69,30,7,,,126.83728866207215,37.20728898597317,126.83151618658184,37.19878768479502,2024-10-24 07:38:38
84,33,56,7,,,126.83015304763909,37.20061935989858,126.83402248886757,37.20570517156349,2024-10-24 07:39:52
85,19,10,7,,,126.82892441780879,37.19602707151763,126.81773173651729,37.210280419094964,2024-10-24 07:40:40
86,56,17,7,,,126.83483870608862,37.205952330540356,126.82583302224826,37.196653959840205,2024-10-24 07:41:24
87,37,72,7,,,126.82187494655366,37.19839131033166,126.81197759355713,37.20723388345926,2024-10-24 07:41:45
88,19,10,7,,,126.8292271515456,37.1943547927606,126.81677971173617,37.2095310804012,2024-10-24 07:42:50
89,1,60,7,,,126.81659936655731,37.197299945755375,126.83217522512008,37.2124989953867,2024-10-24 07:43:39
90,12,39,7,,,126.81877717191203,37.20470636537965,126.82160716858249,37.199732160083194,2024-10-24 07:43:53
91,11,62,7,,,126.81459586782847,37.20739993833582,126.83753285370744,37.21242366336438,2024-10-24 07:44:14
92,54,33,7,,,126.83232841232696,37.209579734070495,126.83024805158551,37.20139448874842,2024-10-24 07:45:03
93,35,32,7,,,126.81893826401733,37.20226435998185,126.83287069434456,37.202604541385185,2024-10-24 07:45:51
94,11,70,7,,,126.81486253840727,37.207905698785495,126.83846233838716,37.208651405193834,2024-10-24 07:46:44
95,54,33,7,,,126.83315578858024,37.21063233449213,126.82904271632098,37.201007039873225,2024-10-24 07:46:53
96,56,31,7,,,126.8340091664784,37.20567883479384,126.82978689396487,37.197348682197934,2024-10-24 07:47:30
97,32,59,7,,,126.83145710933731,37.20200871063631,126.83316691836511,37.2081886176233,2024-10-24 07:48:19
98,56,33,7,,,126.83445215992228,37.20521437559467,126.82939457782246,37.2003052020012,2024-10-24 07:48:42
99,10,40,7,,,126.81710006007403,37.20963803121529,126.83150527421758,37.19274077913948,2024-10-24 07:48:52
100,19,19,7,,,126.8283929672201,37.19578653463791,126.82822349287966,37.19503600098325,2024-10-24 07:49:17
101,32,59,7,,,126.83214131195633,37.20261753320294,126.83301688641319,37.207323119649914,2024-10-24 07:49:22
102,29,23,7,,,126.82727938392556,37.2027802528277,126.8211568090548,37.191591106642065,2024-10-24 07:49:49
103,56,17,7,,,126.83452956863671,37.20511265649,126.82570032737077,37.19738276603075,2024-10-24 07:51:16
104,33,56,7,,,126.82864689559862,37.20136317433319,126.83433622430651,37.20561420154385,2024-10-24 07:51:26
105,56,33,7,,,126.83486268917324,37.20579429998657,126.82891149868216,37.20155126617923,2024-10-24 07:52:15
106,56,32,7,,,126.83487792374225,37.20619826896362,126.83187897095621,37.201224996449405,2024-10-24 07:52:16
107,27,70,7,,,126.82694904438553,37.19883657975781,126.83714898711709,37.21043322665815,2024-10-24 07:52:16
108,19,10,7,,,126.8280892934658,37.19531675235431,126.81691762452547,37.20920779284107,2024-10-24 07:52:28
109,56,19,7,,,126.83546557052165,37.20641384970397,126.82947440883095,37.194472511030774,2024-10-24 07:52:34
110,69,30,7,,,126.83796277261987,37.206326880651424,126.8323674992626,37.19954198469585,2024-10-24 07:52:44
111,33,56,7,,,126.82975108992801,37.200777319511175,126.83450214535911,37.2049525129435,2024-10-24 07:53:28
112,33,56,7,,,126.82888477183532,37.20123604157795,126.83536974034295,37.206036102300146,2024-10-24 07:53:31
113,12,19,7,,,126.81878289333099,37.20441956777059,126.82975200854727,37.19445679444432,2024-10-24 07:54:57
114,32,59,7,,,126.83118787736267,37.20156062464475,126.83215624269779,37.207695743096316,2024-10-24 07:55:07
115,11,15,7,,,126.81484352598635,37.20899573395825,126.8166318981612,37.20584227582854,2024-10-24 07:55:15
116,11,58,7,,,126.81509681474796,37.208514412915655,126.83451765664975,37.20818192465446,2024-10-24 07:56:37
117,42,70,7,,,126.8305579752352,37.19566875360341,126.83809295995374,37.210081767744775,2024-10-24 07:56:37
118,20,8,7,,,126.81514833381114,37.19306058585192,126.8247512508426,37.20643233678416,2024-10-24 07:56:46
119,42,70,7,,,126.83165593405052,37.19585382512448,126.83690239091548,37.2093991027245,2024-10-24 07:56:58
120,56,31,7,,,126.83442711280505,37.2055922681666,126.82936554414371,37.197344765113634,2024-10-24 07:58:48
121,53,17,7,,,126.82925877195187,37.206767013374886,126.82680817582256,37.19608803592756,2024-10-24 07:58:59
122,47,36,7,,,126.82812520946261,37.21017213946853,126.82376962266252,37.1978584370867,2024-10-24 07:59:01
123,56,33,7,,,126.83400929897509,37.20556631618105,126.82873759394585,37.20042399059274,2024-10-24 07:59:10
124,46,33,7,,,126.83045200443672,37.211740929732564,126.8301740354088,37.199974889541025,2024-10-24 07:59:42
125,12,38,7,,,126.81867266466715,37.20522449021592,126.8249382145833,37.20131817496025,2024-10-24 07:59:49
126,33,56,8,,,126.82891138507696,37.20023146083093,126.83590653437457,37.20581679473778,2024-10-24 08:00:10
127,10,17,8,,,126.81645336991376,37.208524369040845,126.82601803150654,37.19715321455219,2024-10-24 08:01:10
128,58,19,8,,,126.83509104329124,37.20758030541712,126.82923838411072,37.194838063266175,2024-10-24 08:02:07
129,56,33,8,,,126.83489397894607,37.20525164846166,126.83008879199448,37.199860166861605,2024-10-24 08:02:32
130,11,17,8,,,126.81443262918567,37.20920572317887,126.82565817843219,37.19716447502742,2024-10-24 08:03:06
131,53,25,8,,,126.8302527817779,37.20711813220467,126.8218429507787,37.195274020497635,2024-10-24 08:03:20
132,56,33,8,,,126.83439586750245,37.20621650847386,126.82944342932923,37.19991763063498,2024-10-24 08:03:27
133,27,37,8,,,126.82635310145834,37.19896022381756,126.82151156415142,37.197936490019266,2024-10-24 08:03:42
134,56,33,8,,,126.83428834683244,37.20543919857844,126.83001033975435,37.19991010230254,2024-10-24 08:04:08
135,57,13,8,,,126.83233184225743,37.205221756676764,126.81718928748708,37.203880458519606,2024-10-24 08:04:41
136,17,54,8,,,126.82699087657875,37.19588891632063,126.83332036902719,37.21038356256848,2024-10-24 08:04:52
137,12,19,8,,,126.8185950386757,37.20410277586124,126.8278715405638,37.19418495849495,2024-10-24 08:05:32
138,23,32,8,,,126.82045998270807,37.19142215635641,126.83180757588367,37.20268687417539,2024-10-24 08:06:00
139,42,27,8,,,126.83195866551567,37.19663613254145,126.82596227231349,37.198786073215416,2024-10-24 08:06:43
140,56,33,8,,,126.83514003413622,37.20631030545954,126.82887375365759,37.201543888995786,2024-10-24 08:06:45
141,56,33,8,,,126.83464339962511,37.2066047747296,126.82960392699692,37.20146917528921,2024-10-24 08:06:46
142,58,19,8,,,126.83418463976882,37.20878076988732,126.82944615844707,37.194064549411614,2024-10-24 08:07:30
143,17,12,8,,,126.82670088889309,37.19685876499902,126.81990067389835,37.205605484564906,2024-10-24 08:07:50
144,10,36,8,,,126.81664127300083,37.209780831002384,126.82484678896262,37.19899009447334,2024-10-24 08:08:14
145,33,58,8,,,126.82949463423604,37.200670365164626,126.83588146021735,37.20919805522885,2024-10-24 08:08:37
146,56,33,8,,,126.8346507527391,37.205420210955246,126.8297072413607,37.20156454440119,2024-10-24 08:09:15
147,54,33,8,,,126.8334786958327,37.21044997070121,126.82893213914532,37.20095846408214,2024-10-24 08:09:20
148,58,19,8,,,126.83468311146837,37.20759001906877,126.8289629019867,37.19530098220575,2024-10-24 08:10:07
149,42,70,8,,,126.83070882055834,37.19545536045359,126.83805815393622,37.21028120849603,2024-10-24 08:12:17
150,49,19,8,,,126.82845612937109,37.214661503107635,126.82862891771391,37.19424813529199,2024-10-24 08:13:35
151,67,47,8,,,126.83438462792093,37.203521773990374,126.82675520602987,37.21095966688654,2024-10-24 08:15:18
152,12,8,8,,,126.81900816763134,37.205340048753875,126.82421124322025,37.207767602354515,2024-10-24 08:15:24
153,10,45,8,,,126.81661471229039,37.209060024478035,126.82431747132213,37.212997672933064,2024-10-24 08:15:31
154,57,39,8,,,126.8315185350404,37.2042192401092,126.82049010341713,37.20103996713907,2024-10-24 08:15:54
155,58,19,8,,,126.83416464163626,37.20863636044623,126.82811970620602,37.1945655637738,2024-10-24 08:16:14
156,42,70,8,,,126.83171719811833,37.1961107276602,126.83809454246115,37.20900390618733,2024-10-24 08:16:26
157,4,8,8,,,126.82229530810132,37.2091860036356,126.824289330195,37.20728697054016,2024-10-24 08:16:38
158,11,58,8,,,126.81485479814273,37.20749403644108,126.83571456112894,37.208671289904615,2024-10-24 08:16:56
159,17,54,8,,,126.82639320988497,37.19677058459583,126.83175160999292,37.20935435819764,2024-10-24 08:18:35
160,69,30,8,,,126.83820869728385,37.206871915289106,126.83272413803365,37.19962123909121,2024-10-24 08:19:01
161,14,39,8,,,126.81937909085612,37.2080099803703,126.82233225440314,37.20061367490795,2024-10-24 08:19:18
162,23,5,8,,,126.82061433964515,37.19211828911605,126.82615084342919,37.20573701625901,2024-10-24 08:19:40
163,17,54,8,,,126.82634301538683,37.19664794713895,126.83247690546288,37.20980165687493,2024-10-24 08:19:42
164,47,49,8,,,126.82737405327973,37.21112501333905,126.82844006630405,37.21316295242545,2024-10-24 08:20:25
165,42,70,8,,,126.83064286579437,37.19692224127956,126.83740546875107,37.210131816229065,2024-10-24 08:20:26
166,70,10,8,,,126.83752078004062,37.2103826043408,126.8162966800935,37.20870107345616,2024-10-24 08:21:05
167,70,42,8,,,126.83837240443907,37.209982721234226,126.83072079793698,37.19625058026869,2024-10-24 08:21:16
168,66,41,8,,,126.83752563291834,37.20361123393974,126.8345492729329,37.196621432890126,2024-10-24 08:21:19
169,33,58,8,,,126.82972472913947,37.201155193167494,126.83490523697422,37.209081472407256,2024-10-24 08:21:43
170,18,70,8,,,126.82443670553083,37.19602925960957,126.83820608054711,37.2091991366259,2024-10-24 08:21:55
171,2,18,8,,,126.82259332542166,37.206573055081094,126.82448450171005,37.19486231838664,2024-10-24 08:22:00
172,58,32,8,,,126.83532786317964,37.20822046339976,126.83201032791865,37.201336300213676,2024-10-24 08:22:11
173,54,33,8,,,126.83202316856544,37.21068843622372,126.82939308889539,37.19993010245986,2024-10-24 08:22:18
174,38,45,8,,,126.82396381492329,37.20156623124231,126.8247214365804,37.2117422666028,2024-10-24 08:23:06
175,5,7,8,,,126.82726975918443,37.20477533369097,126.82741301436448,37.20879177086665,2024-10-24 08:23:14
176,50,37,8,,,126.82336475825956,37.211650137535536,126.8222166356363,37.19701406521892,2024-10-24 08:24:30
177,54,33,8,,,126.83349886237352,37.210255179241244,126.82882821354654,37.201326728103496,2024-10-24 08:24:58
178,42,70,8,,,126.83103927872139,37.19597676673117,126.83818233394184,37.20936363279669,2024-10-24 08:25:35
179,58,62,8,,,126.83504007727505,37.2081365178398,126.83723340353569,37.212187362910846,2024-10-24 08:28:14
180,58,19,8,,,126.8356244100193,37.208510825655324,126.82942222319723,37.194987320688,2024-10-24 08:28:44
181,58,67,8,,,126.83464285906221,37.20808370174441,126.83505804200342,37.20373440932934,2024-10-24 08:29:08
182,58,33,8,,,126.83553663830634,37.207657011525484,126.82961610670718,37.201371368338954,2024-10-24 08:29:22
183,17,54,8,,,126.82661304672817,37.19723870808817,126.832129737256,37.209245204278616,2024-10-24 08:29:29
184,35,32,8,,,126.81984469822758,37.201172781799656,126.83128753660161,37.2007771999176,2024-10-24 08:30:03
185,54,33,8,,,126.83240161089061,37.20926020355633,126.83013352900205,37.1999286064772,2024-10-24 08:30:05
186,12,20,8,,,126.81918723653706,37.20516740394605,126.81524563896966,37.191512315953084,2024-10-24 08:30:45
187,56,33,8,,,126.83433294133897,37.204826266140586,126.83025646000155,37.20094476870142,2024-10-24 08:31:02
188,54,33,8,,,126.83316991163163,37.20993064581108,126.82907632437596,37.20019010568086,2024-10-24 08:31:02
189,43,38,8,,,126.82229250499648,37.189569087566156,126.82497126712272,37.20192897859522,2024-10-24 08:31:22
190,56,33,8,,,126.83451311005717,37.2064616945698,126.82859382740243,37.200482374575955,2024-10-24 08:31:41
191,59,15,8,,,126.83311119134156,37.20651204421356,126.81597979823003,37.20570941739919,2024-10-24 08:32:22
192,11,58,8,,,126.81345659812231,37.20748530759811,126.83528712178219,37.20844214772271,2024-10-24 08:32:36
193,11,17,8,,,126.81369463859286,37.20813807091294,126.82728774663981,37.19587239367596,2024-10-24 08:32:40
194,32,11,8,,,126.83148668758183,37.20270699398698,126.81409308327858,37.208359663470425,2024-10-24 08:32:56
195,33,56,8,,,126.82920736816351,37.201396304053766,126.83457360961954,37.20561160206405,2024-10-24 08:33:25
196,58,19,8,,,126.83502020412797,37.20888345723192,126.82851041275809,37.195833362287395,2024-10-24 08:33:28
197,4,48,8,,,126.82151928852628,37.209386956744574,126.83103049805558,37.214168113407474,2024-10-24 08:33:44
198,31,59,8,,,126.82867394439069,37.198715591758486,126.83227862825048,37.207788600857135,2024-10-24 08:34:01
199,58,19,8,,,126.83503709030906,37.20864598663786,126.82909640279117,37.19447792826999,2024-10-24 08:35:02
200,26,37,8,,,126.81735544636472,37.19417754498444,126.8211846993571,37.1981623386798,2024-10-24 08:35:07
201,7,37,8,,,126.82647265823256,37.208927681331694,126.82123790236083,37.197863753039364,2024-10-24 08:35:16
202,17,56,8,,,126.82723776502213,37.19707265922047,126.83507938895868,37.2050058975874,2024-10-24 08:35:25
203,2,10,8,,,126.82186161092714,37.2064189116618,126.81719512635095,37.209989731536574,2024-10-24 08:36:44
204,56,33,8,,,126.83539326773764,37.20548117279978,126.82914404243229,37.199974828669184,2024-10-24 08:36:52
205,10,17,8,,,126.8174158869972,37.20899984493413,126.82590842679868,37.19631147309555,2024-10-24 08:37:34
206,54,33,8,,,126.83325325236173,37.20992502459265,126.82938741799396,37.199693620174564,2024-10-24 08:38:02
207,55,72,8,,,126.83020671385157,37.20876852904228,126.81191267499446,37.20747130683534,2024-10-24 08:38:19
208,64,1,8,,,126.84176101930407,37.20291277032089,126.81644694659781,37.19778447977831,2024-10-24 08:38:20
209,10,17,8,,,126.81711712302284,37.209076303241055,126.8273988823742,37.19645715502989,2024-10-24 08:39:42
210,12,10,8,,,126.81885817206768,37.20576872419541,126.8172294389373,37.20958031698188,2024-10-24 08:40:10
211,32,54,8,,,126.83275787827998,37.20176298650496,126.8322243832302,37.2109215283627,2024-10-24 08:40:55
212,54,33,8,,,126.83318304307204,37.20969472809393,126.82967598356578,37.201200724413354,2024-10-24 08:42:23
213,18,59,8,,,126.82465934981417,37.19631748247961,126.83226434375146,37.20731779838721,2024-10-24 08:43:20
214,54,33,8,,,126.83188858062896,37.211074058277404,126.82836432267672,37.200133426668785,2024-10-24 08:43:35
215,70,11,8,,,126.83710248250745,37.20934109798674,126.81338722544885,37.20852347734198,2024-10-24 08:44:52
216,69,40,8,,,126.83712914999185,37.207382636860366,126.83173214039556,37.192660730039314,2024-10-24 08:44:54
217,51,37,8,,,126.8187108606792,37.210211000612034,126.82181736989868,37.198153738506555,2024-10-24 08:44:56
218,33,58,8,,,126.82961831138022,37.20125057018576,126.83606272834598,37.20776286524254,2024-10-24 08:45:18
219,17,54,8,,,126.82655811341549,37.19741248273211,126.83202226988043,37.21071969250219,2024-10-24 08:45:53
220,17,54,8,,,126.82655601766471,37.19744155746941,126.83367103325831,37.211095047049454,2024-10-24 08:46:01
221,40,72,8,,,126.83108676164487,37.19401858226373,126.81207930200014,37.20680932438192,2024-10-24 08:46:02
222,44,41,8,,,126.81973753304617,37.18907113803055,126.83521110371736,37.19808642654865,2024-10-24 08:46:15
223,41,23,8,,,126.83523065217284,37.19803781347634,126.82068137807937,37.19228665477555,2024-10-24 08:46:43
224,11,58,8,,,126.81362430642103,37.20736435146525,126.83474075049293,37.208584333796296,2024-10-24 08:46:51
225,10,38,8,,,126.81644294639258,37.20870856202461,126.8246180182777,37.201288109615696,2024-10-24 08:47:06
226,56,33,8,,,126.83479549588024,37.20538397921042,126.83002517376403,37.20156689320407,2024-10-24 08:47:07
227,33,56,8,,,126.82908021507528,37.20014339395269,126.83473027989922,37.206354945244925,2024-10-24 08:47:36
228,29,18,8,,,126.82591122486481,37.20236994115741,126.82431986680858,37.19594903714454,2024-10-24 08:47:40
229,30,69,8,,,126.8318767228434,37.19824768509616,126.8367806729441,37.20682821809855,2024-10-24 08:48:27
230,58,19,8,,,126.83586704128476,37.20902510859408,126.82878227416279,37.19507773118658,2024-10-24 08:49:38
231,59,70,8,,,126.83170787847176,37.20712307131604,126.83873198244683,37.20865949125468,2024-10-24 08:50:26
232,12,17,8,,,126.81977288578776,37.203987128824025,126.82593491169686,37.197020670302415,2024-10-24 08:50:31
233,70,18,8,,,126.83757112201054,37.20960049467605,126.82303605789373,37.19559628417187,2024-10-24 08:50:56
234,64,7,8,,,126.8433482440753,37.203099352069586,126.82687669112394,37.207134448336085,2024-10-24 08:51:13
235,10,17,8,,,126.81696236333438,37.20881891021198,126.82630196854545,37.19719332505454,2024-10-24 08:51:45
236,41,6,8,,,126.83431783235231,37.19717185024956,126.82386222313197,37.2043700517865,2024-10-24 08:51:50
237,28,70,8,,,126.82907245791958,37.20258454397188,126.83739479148912,37.20880155575664,2024-10-24 08:51:52
238,10,40,8,,,126.81657617451937,37.209387536077955,126.830714978006,37.19250095011157,2024-10-24 08:51:53
239,33,56,8,,,126.82922496261115,37.20075264299028,126.83428603445553,37.205286473993404,2024-10-24 08:52:04
240,58,33,8,,,126.83586406410065,37.2085613250589,126.8300904554214,37.200525922747694,2024-10-24 08:52:29
241,53,53,8,,,126.82997656746596,37.206894618536246,126.83003567322565,37.2060015402089,2024-10-24 08:52:57
242,15,45,8,,,126.81696624854331,37.20710545268588,126.82445994382995,37.2131894473222,2024-10-24 08:53:46
243,32,56,8,,,126.8316789762559,37.20245532948172,126.83444307503426,37.20621835410448,2024-10-24 08:53:55
244,54,33,8,,,126.8335976750103,37.20942381390874,126.83024727379635,37.19994729689437,2024-10-24 08:54:54
245,69,30,8,,,126.83794420796413,37.20696716289139,126.8319930346605,37.199044408278894,2024-10-24 08:55:52
246,54,33,8,,,126.83360665657689,37.211081850126035,126.83005506729607,37.20025606576271,2024-10-24 08:56:17
247,31,58,8,,,126.82901311705852,37.19867614539558,126.83579736581679,37.207693586900305,2024-10-24 08:57:26
248,57,71,8,,,126.83319848128924,37.20553017726603,126.84065244127967,37.20506908744525,2024-10-24 08:58:36
249,54,33,8,,,126.83302070088516,37.21054612194328,126.83000576234086,37.20046060585477,2024-10-24 08:58:43
250,11,17,8,,,126.81353108654567,37.20876271766824,126.82597429810055,37.19579417104835,2024-10-24 08:59:17
251,37,72,8,,,126.82056946910468,37.19773316636401,126.81258027441085,37.20711498327603,2024-10-24 08:59:27
252,11,32,9,,,126.81348163647584,37.208176641817374,126.83185779434228,37.20137262598313,2024-10-24 09:01:16
253,56,33,9,,,126.83438072046896,37.20489537934155,126.82903857454251,37.20095610861576,2024-10-24 09:02:22
254,56,17,9,,,126.83568031047936,37.20622513771941,126.82602577121214,37.1964008318817,2024-10-24 09:02:59
255,66,42,9,,,126.83751035916931,37.203709104810386,126.83165732971027,37.195504703759234,2024-10-24 09:03:05
256,2,28,9,,,126.82244073514214,37.205180788567866,126.8287015084981,37.202580845406374,2024-10-24 09:03:35
257,17,54,9,,,126.82597977351148,37.196507115440575,126.83362662548963,37.210482807432996,2024-10-24 09:03:53
258,24,56,9,,,126.81824555359108,37.19037193018377,126.83441272127806,37.20541604770239,2024-10-24 09:04:29
259,58,33,9,,,126.83444924036327,37.20883588174547,126.82924315769297,37.20049702635679,2024-10-24 09:04:58
260,67,18,9,,,126.83458510869376,37.20259992194406,126.82437186197795,37.19578870676956,2024-10-24 09:05:01
261,58,33,9,,,126.83476713481016,37.20770930816664,126.82924593977667,37.199814112903894,2024-10-24 09:05:02
262,56,33,9,,,126.83472115017113,37.20598528707074,126.82981406934594,37.20069195490329,2024-10-24 09:05:07
263,58,33,9,,,126.83540319365201,37.20795986522009,126.82856461396767,37.20076746569533,2024-10-24 09:05:23
264,17,54,9,,,126.82641975508095,37.19699965701843,126.83278052116724,37.2101188978117,2024-10-24 09:06:09
265,59,68,9,,,126.83333841735,37.20647898818089,126.8396671155626,37.202901172126865,2024-10-24 09:06:36
266,17,58,9,,,126.82708037380277,37.197391573864245,126.8343017377333,37.209423425764314,2024-10-24 09:07:03
267,59,34,9,,,126.83238059269868,37.20701600937009,126.82120397565058,37.202589190104305,2024-10-24 09:07:14
268,56,17,9,,,126.83500075719853,37.20473159066954,126.82575579770038,37.19739665797271,2024-10-24 09:09:06
269,56,17,9,,,126.83546111050752,37.20476912036701,126.82599250458863,37.196684999396496,2024-10-24 09:09:12
270,70,17,9,,,126.83804486944128,37.20919546099401,126.8273868509214,37.19609464433335,2024-10-24 09:09:32
271,17,54,9,,,126.82634346161333,37.196649165874284,126.83326454778286,37.21045624473389,2024-10-24 09:10:18
272,56,33,9,,,126.83419428864484,37.20654849808551,126.82987689731691,37.200880928671005,2024-10-24 09:10:55
273,33,56,9,,,126.82840165823333,37.20110814885997,126.8353479010557,37.20537151812121,2024-10-24 09:11:18
274,10,17,9,,,126.81707534180856,37.208596633743255,126.82652306658163,37.19622986167375,2024-10-24 09:11:59
275,58,33,9,,,126.83439114538484,37.20899421787684,126.83005069663226,37.20067151043726,2024-10-24 09:12:25
276,17,54,9,,,126.82635687750216,37.19641269376736,126.83179563582476,37.20949519664723,2024-10-24 09:12:51
277,62,65,9,,,126.83803976294126,37.2128816263606,126.83445760955645,37.20004101929688,2024-10-24 09:12:57
278,56,17,9,,,126.83563300676906,37.205215141084054,126.82671708218139,37.19586524831009,2024-10-24 09:13:02
279,58,19,9,,,126.83583873205001,37.207703929445934,126.82966354718017,37.19493891412764,2024-10-24 09:13:39
280,15,65,9,,,126.81629860580891,37.205728566251345,126.83376582971766,37.1993585676633,2024-10-24 09:16:07
281,43,8,9,,,126.82236920902682,37.18966073653901,126.8252043351725,37.20679024468677,2024-10-24 09:16:13
282,33,56,9,,,126.8299315211196,37.200284718657485,126.83557895649356,37.20558095050301,2024-10-24 09:16:19
283,63,33,9,,,126.83506323939612,37.210704719053794,126.82930406178447,37.19976686367362,2024-10-24 09:16:26
284,56,19,9,,,126.83464476805675,37.204891869309435,126.82935280452963,37.195813801791175,2024-10-24 09:18:39
285,35,32,9,,,126.81834443954068,37.201141108654916,126.83202593124554,37.20164514316252,2024-10-24 09:19:27
286,58,33,9,,,126.83574245577768,37.208424544238476,126.82890914112028,37.20103576454675,2024-10-24 09:20:37
287,58,33,9,,,126.83431993628301,37.20868751115874,126.82949789026806,37.20094775771896,2024-10-24 09:20:40
288,63,15,9,,,126.83453754740849,37.21126917075483,126.81670113064928,37.20630944156402,2024-10-24 09:21:03
289,11,70,9,,,126.81522113987074,37.20760087967782,126.83819795328131,37.209459723102526,2024-10-24 09:22:10
290,56,32,9,,,126.8345217214203,37.20596475773586,126.83185145791545,37.20195174797723,2024-10-24 09:22:23
291,70,17,9,,,126.8378573986198,37.21014746100913,126.82719188283043,37.196067521570754,2024-10-24 09:22:44
292,58,33,9,,,126.83475824446774,37.208671975127764,126.82978267288703,37.201102508634584,2024-10-24 09:23:13
293,39,22,9,,,126.8213142261258,37.201099848922055,126.81564076040084,37.195055047685614,2024-10-24 09:23:51
294,58,19,9,,,126.8343758043794,37.208476166092474,126.82814394286268,37.194436789499505,2024-10-24 09:24:40
295,12,34,9,,,126.81993638029867,37.20396492143708,126.82188588046213,37.20254087970505,2024-10-24 09:24:42
296,33,56,9,,,126.82945511216415,37.201022396514496,126.83544760681207,37.205524114099966,2024-10-24 09:25:06
297,33,56,9,,,126.82851945284092,37.20077486435521,126.83561106180429,37.206334703846416,2024-10-24 09:25:20
298,56,17,9,,,126.83394121417034,37.20515021981509,126.8260952244326,37.19734668027416,2024-10-24 09:25:29
299,31,48,9,,,126.82874717437868,37.19813727216534,126.83084049508624,37.21399946123532,2024-10-24 09:25:42
300,33,56,9,,,126.82867596531176,37.199974288387004,126.83515821066803,37.20602861057467,2024-10-24 09:25:43
301,40,72,9,,,126.83107656819666,37.19428894859787,126.8125035189592,37.206232377165115,2024-10-24 09:26:21
302,56,31,9,,,126.83428236414329,37.205320992549765,126.82882491512409,37.19823442262084,2024-10-24 09:26:23
303,56,17,9,,,126.83499479110343,37.20662116469754,126.82691220128392,37.19627626777201,2024-10-24 09:27:11
304,11,33,9,,,126.81416129917177,37.208676131239805,126.82835598649547,37.19989612960969,2024-10-24 09:27:36
305,66,37,9,,,126.83689874168114,37.20317581145634,126.82106725481137,37.19715515899071,2024-10-24 09:29:25
306,2,51,9,,,126.82190318679366,37.206193506146676,126.81924099843641,37.21030347750361,2024-10-24 09:30:14
307,56,33,9,,,126.83505657326478,37.20616908823654,126.82911034146933,37.20072470262743,2024-10-24 09:30:18
308,33,56,9,,,126.82981905570765,37.20088697370861,126.83437673559679,37.206210520011815,2024-10-24 09:30:19
309,58,19,9,,,126.83575410590596,37.20945317941017,126.82983933843788,37.19596995122988,2024-10-24 09:30:23
310,58,19,9,,,126.83535683383477,37.207887795452976,126.82986344680562,37.19542279003923,2024-10-24 09:30:27
311,46,54,9,,,126.83088405685763,37.211053789254926,126.83274399599318,37.210193132938315,2024-10-24 09:31:12
312,72,56,9,,,126.81124144827918,37.20759348168693,126.83464544532785,37.20627441695944,2024-10-24 09:33:26
313,55,67,9,,,126.82976745692497,37.209220820383486,126.83495574151542,37.20276749445042,2024-10-24 09:34:39
314,31,58,9,,,126.82881541660812,37.19757394183131,126.83456146479166,37.20781918044788,2024-10-24 09:34:42
315,58,33,9,,,126.83588899977255,37.20814768416353,126.82959386123615,37.20122630872204,2024-10-24 09:35:19
316,56,33,9,,,126.83503207512963,37.20541689405303,126.8288348529197,37.20018933621754,2024-10-24 09:35:20
317,18,55,9,,,126.8234490352614,37.19590860340317,126.8297613825789,37.20994839005688,2024-10-24 09:35:41
318,53,14,9,,,126.82889779611546,37.207246207279134,126.81948568359645,37.207656124144755,2024-10-24 09:35:44
319,12,38,9,,,126.81998846041144,37.20394595584944,126.82361199239331,37.201811322094194,2024-10-24 09:35:46
320,32,54,9,,,126.8316727545136,37.20082199970649,126.83193398650741,37.21072608970274,2024-10-24 09:35:56
321,43,6,9,,,126.8234914703318,37.19093888604852,126.82494502791104,37.20398164238119,2024-10-24 09:37:27
322,58,33,9,,,126.83590157236291,37.20771819706155,126.82911059333897,37.1997972790749,2024-10-24 09:37:39
323,56,33,9,,,126.8342156060349,37.20470768994091,126.82905620239252,37.20056562800179,2024-10-24 09:38:43
324,58,33,9,,,126.835450545216,37.20776704313589,126.82952455119315,37.201107048401234,2024-10-24 09:39:38
325,26,37,9,,,126.81918663713994,37.19385491478992,126.8215728561032,37.19704406718626,2024-10-24 09:39:46
326,17,54,9,,,126.82642029321686,37.19588198448202,126.83257571615196,37.209814290195055,2024-10-24 09:40:22
327,10,17,9,,,126.8173444422303,37.20931152784647,126.82619614623846,37.19586047496681,2024-10-24 09:40:29
328,10,17,9,,,126.81641902336153,37.20844782625677,126.82694031850089,37.19766028841605,2024-10-24 09:40:54
329,56,32,9,,,126.83426964268,37.20663311562264,126.83120442158524,37.20133403755978,2024-10-24 09:41:07
330,68,14,9,,,126.83983100188308,37.20219108945859,126.81874510095044,37.206694611959044,2024-10-24 09:41:07
331,56,33,9,,,126.83445784042827,37.2066392204885,126.83021008213463,37.20162583742275,2024-10-24 09:41:58
332,50,37,9,,,126.82252070160435,37.21120614575443,126.82159717647298,37.19679823153476,2024-10-24 09:41:58
333,42,70,9,,,126.83070933539956,37.19512589555207,126.83848865939771,37.20905137715561,2024-10-24 09:42:00
334,58,33,9,,,126.83512915558951,37.20873663698654,126.82889361669102,37.20092011088496,2024-10-24 09:42:11
335,67,20,9,,,126.83392202197193,37.20318802157434,126.81545723661593,37.19339720187315,2024-10-24 09:42:32
336,49,51,9,,,126.8272333347226,37.21369350743706,126.81955314253389,37.2097065428107,2024-10-24 09:43:08
337,58,33,9,,,126.83466239128491,37.20900069933971,126.82945854778231,37.20008739962377,2024-10-24 09:43:47
338,17,54,9,,,126.82665466300516,37.19704023687972,126.83292632323835,37.210921968243504,2024-10-24 09:43:53
339,17,70,9,,,126.82590110689347,37.19611475806447,126.83769757678267,37.20941504584736,2024-10-24 09:44:06
340,56,33,9,,,126.83582976981265,37.205200298825545,126.82868636947637,37.19971760954609,2024-10-24 09:44:20
341,27,65,9,,,126.82681962519634,37.19936897470344,126.8340792539145,37.20088757401755,2024-10-24 09:45:12
342,58,19,9,,,126.83426295762588,37.2081535051916,126.8296488524833,37.195119171479604,2024-10-24 09:45:35
343,10,40,9,,,126.81615432810601,37.20995066271287,126.83041134737294,37.19402342661944,2024-10-24 09:45:36
344,72,64,9,,,126.81147494768857,37.20639521125304,126.84331409094173,37.20286883402548,2024-10-24 09:45:59
345,56,33,9,,,126.83480298902747,37.20553073605515,126.83013748783911,37.20111941165578,2024-10-24 09:47:05
346,58,33,9,,,126.83602804574286,37.20790959517156,126.82888236999796,37.20070357845117,2024-10-24 09:48:25
347,58,33,9,,,126.8351844707789,37.208896393921904,126.82996095217644,37.20120411196511,2024-10-24 09:48:56
348,56,17,9,,,126.83411605744311,37.20595712809297,126.82691897729916,37.196933446884714,2024-10-24 09:50:02
349,31,54,9,,,126.82991511724109,37.198844613864544,126.83301280050472,37.20938038042397,2024-10-24 09:50:26
350,70,18,9,,,126.8380061825104,37.21022473315347,126.82374066754353,37.19570362256293,2024-10-24 09:50:28
351,17,12,9,,,126.8265645556257,37.19689711120817,126.82001150789223,37.205150928631106,2024-10-24 09:51:30
352,7,56,9,,,126.8269917780196,37.20805624878774,126.83526516549398,37.20486469883735,2024-10-24 09:51:32
353,15,67,9,,,126.81614096162279,37.206833975216824,126.83467263398252,37.2033729204726,2024-10-24 09:51:49
354,10,17,9,,,126.81666642182469,37.208849301347776,126.82689964769314,37.195785100054735,2024-10-24 09:52:10
355,32,7,9,,,126.83145231186275,37.20171904656352,126.82645576247725,37.20730668688249,2024-10-24 09:52:18
356,21,40,9,,,126.818772452925,37.19601960713672,126.83162135356376,37.19387835175852,2024-10-24 09:52:52
357,15,6,9,,,126.81724142757625,37.20622170772673,126.82502275665726,37.20477303006634,2024-10-24 09:52:59
358,33,56,9,,,126.82936919295435,37.200429527732744,126.83554251218727,37.20657545559936,2024-10-24 09:53:07
359,56,17,9,,,126.8358703680797,37.20601228442577,126.82577017544311,37.19672670258483,2024-10-24 09:53:11
360,14,40,9,,,126.81949199477238,37.2069402706702,126.83134664697447,37.19252795117507,2024-10-24 09:53:11
361,58,19,9,,,126.83485487251814,37.20844669847702,126.82880100079718,37.195179383571386,2024-10-24 09:53:57
362,17,54,9,,,126.82548766487399,37.197247482332564,126.83281520179746,37.21101157440699,2024-10-24 09:54:03
363,67,70,9,,,126.83480006360902,37.203800799622975,126.83710726791789,37.20927074204516,2024-10-24 09:54:15
364,56,31,9,,,126.83551102588292,37.20568147100002,126.82824807528227,37.1983044482873,2024-10-24 09:54:25
365,33,56,9,,,126.83006027721754,37.200875109759515,126.83486991101904,37.20474727889947,2024-10-24 09:54:41
366,42,70,9,,,126.83221310482888,37.196060303021554,126.83775695345345,37.210057211608266,2024-10-24 09:56:38
367,37,38,9,,,126.82215357319316,37.19729854883155,126.82407110425596,37.200763788455085,2024-10-24 09:56:43
368,58,33,9,,,126.83443911040287,37.207706976843404,126.82895959487973,37.19999509702414,2024-10-24 09:56:45
369,41,70,9,,,126.83390638103876,37.197625363823825,126.83689533958137,37.20883162791238,2024-10-24 09:57:17
370,58,33,9,,,126.8342154680763,37.209306514052756,126.8284767190872,37.2013933452476,2024-10-24 09:57:31
371,64,20,9,,,126.84245773044009,37.20356199843184,126.81636377392125,37.1925204177409,2024-10-24 09:57:32
372,32,11,9,,,126.83201460519513,37.20232274506912,126.81480319925808,37.20833667483349,2024-10-24 09:57:38
373,58,19,9,,,126.83555220705166,37.20777366510077,126.8282143711381,37.19543526726908,2024-10-24 09:58:07
374,25,15,9,,,126.82184976633613,37.19492147087111,126.81645339343703,37.20726951651991,2024-10-24 09:58:08
375,59,33,9,,,126.83224508077896,37.20706851871869,126.82934423364559,37.20118711285395,2024-10-24 09:58:45
376,62,58,9,,,126.83867018755002,37.21316000526447,126.83557533632688,37.20932615767263,2024-10-24 09:59:04
377,72,70,9,,,126.81069516145963,37.20755208937646,126.83875287459149,37.209488709726905,2024-10-24 09:59:32
378,70,17,10,,,126.83748316762977,37.21043717622353,126.8270137723702,37.19701002461735,2024-10-24 10:00:27
379,56,33,10,,,126.83473140672456,37.205707344262976,126.82975865882067,37.19969923515957,2024-10-24 10:00:27
380,19,10,10,,,126.82858529329972,37.19455793505878,126.81734574934242,37.20881086749458,2024-10-24 10:00:46
381,58,33,10,,,126.83490867858801,37.20804234930472,126.83011654546713,37.19983518189822,2024-10-24 10:00:50
382,11,58,10,,,126.81411990040064,37.209251476922844,126.8360062969588,37.20844942239677,2024-10-24 10:02:28
383,11,58,10,,,126.81367604080305,37.209083592768,126.83448465688433,37.20922314454845,2024-10-24 10:02:32
384,56,33,10,,,126.83473351415294,37.20617159698009,126.82877714016158,37.201350872298015,2024-10-24 10:03:18
385,37,72,10,,,126.82034922012724,37.196913072013594,126.81172138676752,37.20705392769703,2024-10-24 10:03:19
386,54,17,10,,,126.83360746080164,37.210318246393015,126.8256738049484,37.196884213758,2024-10-24 10:03:56
387,56,33,10,,,126.83558686669531,37.205690808123755,126.82995026519913,37.199814443687245,2024-10-24 10:04:00
388,37,2,10,,,126.82032789921864,37.196625397137346,126.82233843591762,37.20606519855452,2024-10-24 10:04:35
389,32,11,10,,,126.83194336817137,37.20271877921794,126.81368587390574,37.20783131473045,2024-10-24 10:04:42
390,58,19,10,,,126.8352609958685,37.208057208381284,126.82956507396918,37.19516822059693,2024-10-24 10:05:15
391,11,5,10,,,126.81360084532048,37.208619517289826,126.82803327059221,37.20614505424934,2024-10-24 10:06:51
392,17,54,10,,,126.82607570367367,37.19762654993363,126.83295451324359,37.21010217265015,2024-10-24 10:07:19
393,32,59,10,,,126.83295589233953,37.20227816008762,126.83228837144237,37.20766953923348,2024-10-24 10:09:14
394,17,58,10,,,126.82727727022028,37.19672454843858,126.8349002282506,37.2074723148432,2024-10-24 10:09:35
395,2,13,10,,,126.82141625650416,37.20651295134331,126.81696422334713,37.20385283289525,2024-10-24 10:10:05
396,11,7,10,,,126.81519597544927,37.208070948219756,126.82725632934952,37.208788355419166,2024-10-24 10:10:46
397,33,70,10,,,126.82976432126924,37.20154060358663,126.83843768956622,37.20876521857627,2024-10-24 10:12:52
398,2,16,10,,,126.82155924835077,37.204907503496074,126.82387846529537,37.19217655570373,2024-10-24 10:13:01
399,17,54,10,,,126.82606698763993,37.19738726799808,126.83296845910198,37.21065571296146,2024-10-24 10:13:09
400,11,9,10,,,126.81390040132722,37.20876895543548,126.81322085745353,37.20501273759258,2024-10-24 10:13:36
401,58,19,10,,,126.83563758840894,37.20863272681029,126.8286627811594,37.19546025155705,2024-10-24 10:14:08
402,40,72,10,,,126.83087705069084,37.19312701830829,126.81182520139419,37.20728943831027,2024-10-24 10:15:05
403,10,63,10,,,126.8161151593265,37.209614151486555,126.8357921653309,37.21110103294084,2024-10-24 10:15:24
404,53,54,10,,,126.82936391030724,37.20699558016175,126.83328344074442,37.21060862808882,2024-10-24 10:16:27
405,56,41,10,,,126.83496164167892,37.20502678340693,126.83377044980027,37.19782638406021,2024-10-24 10:16:27
406,62,30,10,,,126.83738239770393,37.21249930447182,126.83105272494731,37.19869239281553,2024-10-24 10:16:34
407,54,33,10,,,126.83233241441181,37.209703465785054,126.82921384702908,37.19982392373115,2024-10-24 10:16:34
408,58,33,10,,,126.83429715548858,37.20888487166748,126.82973762768698,37.19997422479209,2024-10-24 10:16:49
409,10,17,10,,,126.8164599111888,37.20945443564135,126.82600084857683,37.19771546149678,2024-10-24 10:19:02
410,56,17,10,,,126.83497602996295,37.2054042427817,126.82592874270105,37.196488159352704,2024-10-24 10:19:19
411,10,17,10,,,126.81739065693594,37.20974806421341,126.82636522629268,37.196747646400624,2024-10-24 10:19:43
412,63,67,10,,,126.8345112919412,37.21124289283661,126.83417758006918,37.20233062376968,2024-10-24 10:20:27
413,63,15,10,,,126.8346493188597,37.210811243803036,126.8163385931081,37.205857371997304,2024-10-24 10:20:33
414,58,33,10,,,126.83565577245164,37.20834812633212,126.82848886784213,37.19987024569259,2024-10-24 10:21:02
415,71,19,10,,,126.83985189279764,37.20434393107416,126.82933593784948,37.194673104086796,2024-10-24 10:21:26
416,70,18,10,,,126.83767996564104,37.2094199751417,126.82402331305877,37.1963360630708,2024-10-24 10:22:29
417,55,26,10,,,126.83080453778126,37.20871889252991,126.81773319162508,37.192951306122,2024-10-24 10:22:43
418,56,33,10,,,126.83555191358751,37.20515757280822,126.82959766228622,37.201598799398866,2024-10-24 10:23:02
419,46,6,10,,,126.8305533664659,37.212811347772565,126.8240301515604,37.20470674205525,2024-10-24 10:23:30
420,10,40,10,,,126.81732212121392,37.21018628160351,126.83075471646598,37.19379457489483,2024-10-24 10:23:38
421,58,33,10,,,126.83532692857982,37.208567094212924,126.83004170973196,37.20123466031287,2024-10-24 10:24:09
422,21,18,10,,,126.81870501864479,37.19549907828733,126.82381653783946,37.19481250868564,2024-10-24 10:24:41
423,20,11,10,,,126.81510768639234,37.19267628713861,126.81363228238146,37.20752427088106,2024-10-24 10:25:05
424,54,33,10,,,126.83312105784917,37.2093784024869,126.82885119655313,37.20004674610122,2024-10-24 10:25:19
425,56,33,10,,,126.83440018974088,37.20578249831836,126.83020120246752,37.2007670679294,2024-10-24 10:25:55
426,32,59,10,,,126.83283345592304,37.2016435789871,126.83160814754987,37.207132770296546,2024-10-24 10:26:06
427,27,61,10,,,126.82563557368321,37.19909397317291,126.83226648913453,37.21526079175753,2024-10-24 10:27:01
428,56,41,10,,,126.83582732529642,37.20480095778058,126.8337222161153,37.19711395076988,2024-10-24 10:27:05
429,2,27,10,,,126.82215481950367,37.20587326777028,126.82732629672974,37.19952826966251,2024-10-24 10:28:00
430,46,16,10,,,126.82981045840529,37.211744693306564,126.8235733213023,37.19224145114499,2024-10-24 10:28:25
431,36,10,10,,,126.8248175097026,37.19873417876048,126.81649150970111,37.21011634502365,2024-10-24 10:28:37
432,31,59,10,,,126.82821774109439,37.19753934337174,126.83331681316237,37.20836602491824,2024-10-24 10:28:55
433,17,54,10,,,126.82557909498597,37.19680020155952,126.83204145082665,37.210531986200664,2024-10-24 10:29:11
434,58,33,10,,,126.83524255947046,37.20835634195617,126.82836679718545,37.20048187121453,2024-10-24 10:29:25
435,58,19,10,,,126.83479562070323,37.20874846908601,126.82981386860988,37.19598948720373,2024-10-24 10:29:37
436,58,33,10,,,126.83428511596237,37.207922942610914,126.82954200384467,37.20087612035076,2024-10-24 10:29:50
437,23,32,10,,,126.8202242381066,37.19102560208644,126.83118110905858,37.20191280007866,2024-10-24 10:30:09
438,18,38,10,,,126.82462930898734,37.196196505894086,126.82461461333232,37.20092360412065,2024-10-24 10:30:29
439,58,33,10,,,126.83484470186465,37.20843986151435,126.82917796926989,37.2015480685543,2024-10-24 10:30:45
440,19,65,10,,,126.82867702234454,37.19464844144116,126.83525032687929,37.200016610560894,2024-10-24 10:31:46
441,56,41,10,,,126.83392763005342,37.204755149171206,126.83423551711314,37.196538722429224,2024-10-24 10:32:29
442,2,1,10,,,126.82218991386617,37.20521065288455,126.81679859980771,37.198316755230046,2024-10-24 10:32:47
443,56,33,10,,,126.83537427418217,37.20556457728984,126.82859419043459,37.20037013520103,2024-10-24 10:33:29
444,21,25,10,,,126.81865000151676,37.195747186400965,126.8217460529566,37.193937417011455,2024-10-24 10:34:30
445,26,37,10,,,126.81746441584147,37.193418655962276,126.82109159581482,37.1966874923908,2024-10-24 10:34:50
446,56,17,10,,,126.83484073784193,37.206408543197675,126.82685044659264,37.197375273485235,2024-10-24 10:35:00
447,17,54,10,,,126.82728274044976,37.19675746508228,126.83260792996256,37.210895593970996,2024-10-24 10:35:47
448,58,19,10,,,126.83459261246345,37.209296959033004,126.8292507645435,37.1958373746752,2024-10-24 10:36:03
449,33,58,10,,,126.828773601511,37.20042433580043,126.83444332221565,37.20837990515922,2024-10-24 10:36:18
450,10,7,10,,,126.81671875109011,37.2090229163751,126.8277432814313,37.20857553574444,2024-10-24 10:36:23
451,56,33,10,,,126.83394301490333,37.20659787798942,126.82966233928165,37.201292097306194,2024-10-24 10:36:34
452,33,54,10,,,126.82856896755206,37.20045190012793,126.83334153164789,37.21115092324789,2024-10-24 10:36:40
453,58,19,10,,,126.83419888302956,37.20858567433022,126.82849515850505,37.19589236147966,2024-10-24 10:37:04
454,72,4,10,,,126.8121771029652,37.20653585649927,126.82261003553957,37.207738883289295,2024-10-24 10:37:14
455,56,33,10,,,126.8357425284875,37.205619551935456,126.82959789230378,37.20075005657507,2024-10-24 10:37:18
456,10,17,10,,,126.81760098782482,37.210205663089276,126.82564936765775,37.19631655531511,2024-10-24 10:38:15
457,56,33,10,,,126.83539123446555,37.206371088975885,126.8294208965045,37.19969822266636,2024-10-24 10:38:24
458,27,49,10,,,126.82655429935151,37.198700532296634,126.82819601861341,37.21427658668174,2024-10-24 10:38:29
459,58,19,10,,,126.83422620341072,37.20840965517742,126.82971735873876,37.194183524877005,2024-10-24 10:38:41
460,56,33,10,,,126.83474388585523,37.20580120514502,126.82897400394937,37.19997060568473,2024-10-24 10:39:52
461,54,57,10,,,126.8327895893771,37.21064208497354,126.83296237438357,37.20452090941527,2024-10-24 10:40:06
462,70,42,10,,,126.8374600635099,37.208811778241895,126.83095258683443,37.197009950999494,2024-10-24 10:40:34
463,58,33,10,,,126.83568018930151,37.208252060700744,126.82886092743468,37.19972503418225,2024-10-24 10:40:39
464,56,17,10,,,126.83470199382766,37.2060504564583,126.82604884946393,37.196248302159525,2024-10-24 10:41:15
465,10,60,10,,,126.81648874124471,37.20982004429311,126.83370651764494,37.21211074253901,2024-10-24 10:42:01
466,70,17,10,,,126.83805207078322,37.20953113417218,126.82567659849764,37.19668536350741,2024-10-24 10:42:40
467,71,54,10,,,126.8402071721958,37.20497067115731,126.8324239990292,37.2096783230874,2024-10-24 10:43:12
468,58,33,10,,,126.83491232342004,37.20776720838333,126.82849731423481,37.20038718332059,2024-10-24 10:43:16
469,56,33,10,,,126.83514176843029,37.20597642875205,126.82928998214543,37.20063219117161,2024-10-24 10:43:32
470,10,17,10,,,126.81653890147939,37.20994556739996,126.82732029423866,37.19673800044499,2024-10-24 10:43:54
471,32,59,10,,,126.83126520538235,37.20249561216516,126.83168491389918,37.20809835075954,2024-10-24 10:45:10
472,2,52,10,,,126.82168551293626,37.20582637072774,126.83057833230313,37.21847298371286,2024-10-24 10:45:12
473,54,49,10,,,126.83175098353297,37.21040341338661,126.82835875968946,37.21280832463338,2024-10-24 10:45:59
474,10,17,10,,,126.81780169803591,37.20942464409371,126.8260958887966,37.19655870515288,2024-10-24 10:46:11
475,58,32,10,,,126.83479653914848,37.20925170613613,126.83127912695815,37.20225772325082,2024-10-24 10:46:13
476,58,33,10,,,126.83489322489632,37.20863040484455,126.82890503233882,37.20121011767263,2024-10-24 10:46:24
477,58,33,10,,,126.83513466517252,37.20890698174232,126.82842166624131,37.20161442951923,2024-10-24 10:47:03
478,56,41,10,,,126.83527681295907,37.205094633798204,126.83454327176604,37.197891689482844,2024-10-24 10:47:35
479,20,5,10,,,126.8160500099453,37.19298671833724,126.82795872041605,37.20549343936529,2024-10-24 10:48:01
480,56,33,10,,,126.83434616905302,37.20494497858588,126.82843517361525,37.2005778021823,2024-10-24 10:48:16
481,72,33,10,,,126.81223723819177,37.20659529886678,126.8284525907213,37.20132834648178,2024-10-24 10:48:21
482,17,54,10,,,126.82687885523727,37.196142038379854,126.8328074508694,37.21077500982269,2024-10-24 10:49:03
483,2,47,10,,,126.82120802835546,37.204994191333085,126.82717553447166,37.210261819344275,2024-10-24 10:49:39
484,45,59,10,,,126.82531629167774,37.21340479129288,126.8324388891396,37.20723217876188,2024-10-24 10:50:11
485,55,54,10,,,126.83098569347388,37.208347148877536,126.83215707478824,37.210151316246524,2024-10-24 10:50:37
486,20,61,10,,,126.81541667887444,37.19342471216611,126.83394602385927,37.216228870593895,2024-10-24 10:51:02
487,38,5,10,,,126.82328173634556,37.20204717292661,126.82665597607127,37.205223808412775,2024-10-24 10:51:29
488,21,10,10,,,126.81915142257989,37.196534501774096,126.81706652336096,37.20938927565218,2024-10-24 10:51:31
489,33,58,10,,,126.82891099935483,37.199711253519006,126.83522197014729,37.20880565431768,2024-10-24 10:51:37
490,17,54,10,,,126.8266275284456,37.19615596281704,126.83248286917409,37.21047092608201,2024-10-24 10:51:41
491,20,68,10,,,126.81599761806915,37.19252207161771,126.83932577693456,37.20160966767145,2024-10-24 10:51:42
492,56,17,10,,,126.83573739070592,37.20632238165608,126.82623347978743,37.19651105008446,2024-10-24 10:51:59
493,11,17,10,,,126.81447417795843,37.207436054757686,126.82685185480277,37.196839944795386,2024-10-24 10:52:28
494,10,38,10,,,126.8165910824168,37.20994749400765,126.82459713085052,37.2008949731245,2024-10-24 10:52:46
495,1,32,10,,,126.81627321422225,37.19902139734709,126.83110193609991,37.20120159117237,2024-10-24 10:53:26
496,56,41,10,,,126.83426726339015,37.206522343118536,126.83428457112937,37.1980320529677,2024-10-24 10:55:02
497,38,50,10,,,126.82432106894667,37.20215250650751,126.82292445059727,37.21165546330445,2024-10-24 10:55:41
498,71,58,10,,,126.83978544470735,37.20556038959488,126.83453267956666,37.2093227889073,2024-10-24 10:55:44
499,39,28,10,,,126.82108796118445,37.19988023529859,126.82985877029066,37.202767841289834,2024-10-24 10:55:52
500,10,56,10,,,126.81787622498038,37.20941541818715,126.83418327561772,37.20603526189424,2024-10-24 10:56:31
501,72,56,10,,,126.81146015033019,37.20776731574605,126.83517540178742,37.20564152572353,2024-10-24 10:57:52
502,56,41,10,,,126.83397209871544,37.20594270819654,126.83399013946389,37.19700651187499,2024-10-24 10:58:35
503,11,58,10,,,126.81507939758792,37.209109212712455,126.83526900320658,37.20747718893909,2024-10-24 10:59:32
504,38,15,11,,,126.82402444687725,37.20230338891891,126.81760548379353,37.20751434533326,2024-10-24 11:00:02
505,33,56,11,,,126.83000860802944,37.20140359839011,126.835853030292,37.204829202609126,2024-10-24 11:00:10
506,54,33,11,,,126.83175154214842,37.20971784504817,126.82989285337541,37.19978672058354,2024-10-24 11:00:56
507,32,59,11,,,126.83169637972333,37.20164596940744,126.83232578737137,37.20801123476752,2024-10-24 11:02:12
508,58,33,11,,,126.83574175550817,37.20781734330267,126.83022243219234,37.201628610592245,2024-10-24 11:03:35
509,56,17,11,,,126.83478370179422,37.20526325827974,126.82588289422264,37.19767649619503,2024-10-24 11:04:30
510,11,70,11,,,126.81494628312592,37.207857661483025,126.83851709321523,37.20876969983213,2024-10-24 11:04:35
511,58,33,11,,,126.8358651439292,37.209212637078494,126.82893566892551,37.20121283782338,2024-10-24 11:04:42
512,58,33,11,,,126.83414901781636,37.20856483739277,126.82944188685907,37.200067125171266,2024-10-24 11:05:53
513,40,72,11,,,126.83032891545722,37.193707293974924,126.81090726673378,37.20712961549058,2024-10-24 11:06:13
514,33,56,11,,,126.8298144616504,37.19993696067722,126.83402730148117,37.20546611173916,2024-10-24 11:06:30
515,33,56,11,,,126.82878816548815,37.201217046164125,126.83508457750207,37.206264324726625,2024-10-24 11:08:00
516,69,30,11,,,126.83820944835091,37.20590455705654,126.8321844544373,37.19853935873432,2024-10-24 11:08:11
517,42,70,11,,,126.83139551172457,37.19709170297439,126.83696038980995,37.20880387960092,2024-10-24 11:08:13
518,69,30,11,,,126.83825499920533,37.20574762912678,126.83103647530449,37.19989606324352,2024-10-24 11:08:17
519,56,40,11,,,126.83423639496999,37.20604591851539,126.83137275357528,37.1942059302989,2024-10-24 11:09:22
520,33,56,11,,,126.8288517076816,37.20082063392297,126.83481271315321,37.20547136947168,2024-10-24 11:09:42
521,72,33,11,,,126.81188022024739,37.20624530096152,126.82890448370343,37.200157352422856,2024-10-24 11:10:08
522,58,33,11,,,126.83495315168838,37.20747141036763,126.8290071207729,37.20013177834808,2024-10-24 11:10:16
523,65,40,11,,,126.83435922363513,37.19922288511862,126.83056821632397,37.19292796447102,2024-10-24 11:10:36
524,72,29,11,,,126.81245847558145,37.206883888579405,126.82674550884121,37.201950481101555,2024-10-24 11:11:47
525,58,19,11,,,126.83584804986474,37.20932097475644,126.82969408445764,37.195140558334145,2024-10-24 11:12:13
526,35,66,11,,,126.81967351016746,37.20290961556432,126.83701552618074,37.20389737146346,2024-10-24 11:14:52
527,21,60,11,,,126.81812638703678,37.19592705266215,126.83223256721791,37.2130844289155,2024-10-24 11:15:03
528,41,56,11,,,126.83412593408048,37.19723484378805,126.83459587800819,37.20465904443099,2024-10-24 11:15:26
529,13,52,11,,,126.8168227021626,37.20430320392905,126.83097362106142,37.21693238657903,2024-10-24 11:15:49
530,59,41,11,,,126.83185307281717,37.206527152468894,126.83440521639854,37.19775582924372,2024-10-24 11:15:56
531,58,33,11,,,126.83605544959102,37.20829828628613,126.82859902034782,37.201610901336295,2024-10-24 11:16:15
532,19,10,11,,,126.82823227815527,37.19464558876222,126.81703182685179,37.20972513542317,2024-10-24 11:16:17
533,54,33,11,,,126.83189737574976,37.21018324993373,126.8295021329137,37.200664947946905,2024-10-24 11:16:20
534,1,32,11,,,126.81542455202671,37.197582646988906,126.83175320740575,37.20159276063201,2024-10-24 11:16:31
535,56,17,11,,,126.83477769688533,37.20481534488973,126.82662328425513,37.196676383926196,2024-10-24 11:16:41
536,69,30,11,,,126.83738674346691,37.2076605152888,126.83137272625133,37.198028830003736,2024-10-24 11:16:56
537,33,56,11,,,126.82856804971465,37.20139987804523,126.83440808419199,37.20637507688293,2024-10-24 11:18:55
538,58,33,11,,,126.8359756282752,37.20764470787884,126.8293537918144,37.20146035780822,2024-10-24 11:19:06
539,33,56,11,,,126.82865102810662,37.200859498236134,126.83449399910397,37.206600919605755,2024-10-24 11:19:11
540,37,8,11,,,126.82141661394766,37.1970991140215,126.82458721276323,37.2070828778211,2024-10-24 11:19:21
541,18,62,11,,,126.82390157607199,37.19652635775014,126.83766960334687,37.21269960377376,2024-10-24 11:20:18
542,42,70,11,,,126.83209780482431,37.19538965174495,126.83708502566151,37.21004584490072,2024-10-24 11:20:25
543,58,33,11,,,126.83461824745635,37.20893780657559,126.83025798886773,37.20040233011976,2024-10-24 11:20:44
544,56,31,11,,,126.83522483442925,37.20597507845067,126.82811555121329,37.1972015774459,2024-10-24 11:21:06
545,54,35,11,,,126.8335137381421,37.20935151761779,126.81833456913465,37.202921985172885,2024-10-24 11:21:09
546,58,33,11,,,126.83428885360918,37.208001170518145,126.82931835526254,37.20041139919784,2024-10-24 11:21:50
547,17,58,11,,,126.82563352938769,37.19616378879189,126.83511204742686,37.208800057458575,2024-10-24 11:22:15
548,56,4,11,,,126.83517731820282,37.20542438229889,126.82251772018137,37.209354104010316,2024-10-24 11:22:18
549,71,19,11,,,126.84093997495461,37.204233711850044,126.82971445256966,37.19413610415898,2024-10-24 11:22:38
550,37,42,11,,,126.82178525471198,37.19821191302724,126.83180324290133,37.19520727900677,2024-10-24 11:23:27
551,33,56,11,,,126.82953479698266,37.2013878802569,126.83514103210769,37.205499253415454,2024-10-24 11:23:56
552,18,4,11,,,126.8239559647007,37.19638002819587,126.82256758553385,37.209312527580465,2024-10-24 11:24:01
553,65,67,11,,,126.83387536259087,37.200940839062916,126.83421441578632,37.20244383973053,2024-10-24 11:24:27
554,38,65,11,,,126.82391253581082,37.20082049099837,126.83379114029798,37.20081917015609,2024-10-24 11:24:36
555,58,33,11,,,126.83558750954732,37.209156666577684,126.82937390235554,37.19987368090307,2024-10-24 11:25:41
556,42,70,11,,,126.83216279752467,37.19529405531745,126.83755385657838,37.208745932365154,2024-10-24 11:26:09
557,54,33,11,,,126.83280864920211,37.210915102501716,126.82968015747542,37.20039660779006,2024-10-24 11:26:24
558,17,12,11,,,126.82583521165641,37.19577854032825,126.81965493106571,37.20434535133551,2024-10-24 11:26:32
559,13,60,11,,,126.81679139539959,37.20276607690113,126.83308055557976,37.21240386055066,2024-10-24 11:27:00
560,39,44,11,,,126.8219364090411,37.200490113616134,126.82044827112712,37.18948840606948,2024-10-24 11:27:03
561,54,33,11,,,126.8327450180567,37.20935833011769,126.82886920884889,37.200897876975695,2024-10-24 11:27:27
562,72,56,11,,,126.81159992900962,37.20794155922238,126.83467476026017,37.204818362395066,2024-10-24 11:28:07
563,19,10,11,,,126.82901580120834,37.19522768039204,126.8169835175442,37.20918433990388,2024-10-24 11:28:33
564,72,63,11,,,126.81241117218215,37.20657491768739,126.83561895799606,37.21132605832525,2024-10-24 11:28:37
565,31,58,11,,,126.82975036270325,37.197055118516374,126.83472849733946,37.20896134559161,2024-10-24 11:29:01
566,10,17,11,,,126.81620739022998,37.20855015144295,126.82689932550154,37.1962136424007,2024-10-24 11:29:23
567,71,34,11,,,126.839845411009,37.20563202733459,126.82207456371903,37.2021132113414,2024-10-24 11:29:34
568,58,33,11,,,126.83439449604212,37.208783542458434,126.830016100789,37.200249134912475,2024-10-24 11:29:41
569,42,70,11,,,126.83097699475987,37.195817768593116,126.83865852144845,37.21003606697148,2024-10-24 11:30:02
570,1,65,11,,,126.81607473495734,37.19905868484792,126.83447331542571,37.19981317981308,2024-10-24 11:30:39
571,28,59,11,,,126.83008344071936,37.20361262134388,126.83246925952504,37.20736840428335,2024-10-24 11:31:13
572,11,17,11,,,126.81415786210914,37.20746623203268,126.8256377581222,37.19769309597296,2024-10-24 11:32:57
573,11,32,11,,,126.81352115731434,37.20795373390994,126.8319041201562,37.20219049260834,2024-10-24 11:32:58
574,19,70,11,,,126.82824038627852,37.19461249830525,126.83805755315672,37.21022349972701,2024-10-24 11:33:25
575,58,33,11,,,126.83577300525303,37.20772568230263,126.829449914834,37.199815443833025,2024-10-24 11:34:30
576,54,33,11,,,126.83309714657676,37.20976645009404,126.82916142384776,37.2012000028657,2024-10-24 11:34:35
577,13,45,11,,,126.81588345294728,37.203056598818094,126.82598123064591,37.21270133386662,2024-10-24 11:35:13
578,54,33,11,,,126.83169602244934,37.210970923550015,126.82894721867854,37.200387979278446,2024-10-24 11:36:03
579,19,28,11,,,126.82915670930876,37.19542169461021,126.82964817059471,37.20448111952663,2024-10-24 11:36:41
580,10,38,11,,,126.81716064790936,37.20949929893078,126.82395111661288,37.20121126954428,2024-10-24 11:38:05
581,20,61,11,,,126.8156593688862,37.19245791228178,126.83295169095325,37.2161943824813,2024-10-24 11:38:20
582,56,41,11,,,126.83422334967032,37.20497668207826,126.83502433716721,37.1977426131853,2024-10-24 11:38:41
583,30,36,11,,,126.83232527088512,37.19815934207127,126.82367875738603,37.199150897962056,2024-10-24 11:39:05
584,33,56,11,,,126.83003030706732,37.20020046899692,126.83526732833997,37.20661389589747,2024-10-24 11:39:05
585,70,42,11,,,126.83844422738237,37.20905717060343,126.83067982792912,37.195158993520934,2024-10-24 11:40:00
586,54,33,11,,,126.83224173004457,37.21063583377156,126.82836792218971,37.20154834135456,2024-10-24 11:40:57
587,69,30,11,,,126.83826610404351,37.205804374896665,126.83095747063699,37.19858651608632,2024-10-24 11:41:11
588,44,16,11,,,126.82130973429481,37.1893510740951,126.82269839499848,37.19204706925443,2024-10-24 11:42:03
589,56,41,11,,,126.83481912526348,37.20479705935552,126.83423502033844,37.196916203069826,2024-10-24 11:42:50
590,33,56,11,,,126.82985204184706,37.2012549801257,126.83540833447387,37.205448620839555,2024-10-24 11:43:15
591,35,50,11,,,126.81874026033088,37.20230164604584,126.82244822310108,37.2106271750473,2024-10-24 11:43:20
592,17,70,11,,,126.8261828979681,37.1963964484617,126.83704719734581,37.209324617310166,2024-10-24 11:43:37
593,10,17,11,,,126.81680941260527,37.20969320613146,126.8273370530017,37.19727500579706,2024-10-24 11:44:02
594,70,63,11,,,126.83707631629714,37.20942639194641,126.83601616157284,37.2120845861495,2024-10-24 11:44:05
595,12,19,11,,,126.81984751183055,37.20400738703805,126.82934716808799,37.19589467365013,2024-10-24 11:44:14
596,38,18,11,,,126.82491769501405,37.20092344345002,126.82290791931109,37.196442182665,2024-10-24 11:44:22
597,10,17,11,,,126.81634285409937,37.20966765011413,126.82653206003069,37.19699499604622,2024-10-24 11:44:53
598,56,41,11,,,126.83436553855442,37.206088476039604,126.83332387614145,37.1972136050486,2024-10-24 11:46:01
599,42,70,11,,,126.83161190041011,37.19540109928913,126.83811877362545,37.20855647878265,2024-10-24 11:46:13
600,33,56,11,,,126.82905241572557,37.20153845509254,126.83456330826844,37.20654342745068,2024-10-24 11:47:25
601,58,33,11,,,126.83504999552633,37.209249810482405,126.82947581463218,37.20116158166204,2024-10-24 11:47:50
602,33,56,11,,,126.82880938285747,37.200309976287585,126.83469413120872,37.20633003060624,2024-10-24 11:48:33
603,11,17,11,,,126.81394969193988,37.20754048367033,126.8258193540987,37.19668030551205,2024-10-24 11:49:50
604,58,19,11,,,126.83458211009687,37.20877006119097,126.82969789864836,37.194531355123864,2024-10-24 11:50:33
605,54,33,11,,,126.83296422797383,37.20997697652564,126.82990182944087,37.201233386063514,2024-10-24 11:51:03
606,69,30,11,,,126.83678370509553,37.20682395706445,126.83236266431496,37.19813474346588,2024-10-24 11:51:04
607,51,34,11,,,126.82015468304547,37.20966570357519,126.82156691536855,37.20275731803616,2024-10-24 11:51:22
608,54,33,11,,,126.83364662095423,37.21013550374581,126.82948900037127,37.19981176654569,2024-10-24 11:52:04
609,10,56,11,,,126.81739105172426,37.20969737331483,126.83590413515894,37.20494440915791,2024-10-24 11:52:43
610,58,33,11,,,126.83559800614272,37.209010426514034,126.82990622045978,37.20075890134958,2024-10-24 11:52:44
611,56,41,11,,,126.83442722363117,37.20628793303839,126.83473535309511,37.19693969414056,2024-10-24 11:53:27
612,33,56,11,,,126.82872815881892,37.20007902217674,126.83461036066602,37.20476163496023,2024-10-24 11:53:34
613,54,33,11,,,126.83222582373844,37.20947313487146,126.82942106664099,37.19983428029636,2024-10-24 11:54:00
614,17,56,11,,,126.82560912354373,37.195894767744534,126.83428264937939,37.206386877952966,2024-10-24 11:54:20
615,58,33,11,,,126.83579687913861,37.20824455994394,126.82921978908205,37.200318286001924,2024-10-24 11:54:40
616,72,70,11,,,126.81068092711635,37.20726331543992,126.83824547453631,37.209304525466486,2024-10-24 11:54:45
617,56,41,11,,,126.83495643813102,37.205501568431636,126.83518590150248,37.19672185458043,2024-10-24 11:55:05
618,8,44,11,,,126.82489289768924,37.20702440557132,126.82112771734144,37.18814790562345,2024-10-24 11:55:27
619,69,30,11,,,126.83665641872825,37.207705068521264,126.8316794471682,37.19873971322145,2024-10-24 11:55:59
620,30,49,11,,,126.83229505309119,37.19944450125343,126.82718654232379,37.213545489136095,2024-10-24 11:56:09
621,70,17,11,,,126.8381913037232,37.20934069291808,126.82557369829473,37.19764479003768,2024-10-24 11:56:13
622,37,70,11,,,126.8205092210256,37.197342767236506,126.8377013050969,37.21025483249859,2024-10-24 11:57:07
623,58,33,11,,,126.8341522691094,37.208845576214706,126.82983213168384,37.20033581760078,2024-10-24 11:57:18
624,21,57,11,,,126.8179111881751,37.19623057632865,126.83281518845972,37.20469291660082,2024-10-24 11:57:20
625,54,33,11,,,126.83227518709171,37.210510285234015,126.82933331850965,37.200701281119954,2024-10-24 11:57:49
626,56,41,11,,,126.8340006927679,37.204667495439026,126.83507625341744,37.196923908271444,2024-10-24 11:58:54
627,20,20,11,,,126.81468859606959,37.192165114586665,126.81629986107177,37.19172010567164,2024-10-24 11:59:05
628,2,26,11,,,126.82201915379066,37.206253046492854,126.81807220321585,37.194109132412,2024-10-24 11:59:22
629,56,41,11,,,126.8356815592276,37.205180448265764,126.83329451282927,37.19773881585976,2024-10-24 11:59:37
630,58,33,12,,,126.83538645332659,37.20881215088548,126.82970132287176,37.20016342911011,2024-10-24 12:01:13
631,42,70,12,,,126.83213818797682,37.195791125318316,126.83850442633637,37.209161427894436,2024-10-24 12:01:22
632,58,33,12,,,126.83447104895302,37.20863804027172,126.82961535413766,37.200398965767164,2024-10-24 12:01:29
633,56,32,12,,,126.83590366790727,37.205953720433875,126.83183635714184,37.2012653572672,2024-10-24 12:01:44
634,17,54,12,,,126.82604205327,37.196133803753625,126.83289465072941,37.21081108834538,2024-10-24 12:02:12
635,58,33,12,,,126.8354137216398,37.20820903946748,126.82956054293204,37.20120828219105,2024-10-24 12:02:33
636,70,17,12,,,126.83863944645407,37.20963580682619,126.82636694733182,37.19714604807251,2024-10-24 12:02:41
637,58,33,12,,,126.83472948397623,37.20910634226147,126.82976993720031,37.20024743844798,2024-10-24 12:04:27
638,56,33,12,,,126.83429781731807,37.20558735865776,126.82967566890606,37.19990541473874,2024-10-24 12:04:51
639,70,33,12,,,126.83859931722223,37.21024202110009,126.82859106226276,37.199685127519814,2024-10-24 12:06:29
640,42,70,12,,,126.83167625137598,37.196965249488976,126.83739091890725,37.20874151018439,2024-10-24 12:06:50
641,31,58,12,,,126.82843043167647,37.19699868644215,126.83559704963979,37.208209570370286,2024-10-24 12:07:08
642,41,70,12,,,126.83353219980951,37.19702484007632,126.83833548797486,37.2097153975653,2024-10-24 12:07:40
643,69,30,12,,,126.83758973266792,37.207293235412784,126.8323309626626,37.19914893238727,2024-10-24 12:07:46
644,56,33,12,,,126.83564151644751,37.20558399242829,126.83020287534542,37.20083293210385,2024-10-24 12:08:02
645,54,17,12,,,126.83215576461373,37.210555823214726,126.82629782631149,37.19674721371973,2024-10-24 12:08:27
646,11,33,12,,,126.81479061530294,37.20920885465943,126.82959280536033,37.20053951963022,2024-10-24 12:09:18
647,56,33,12,,,126.83534006662033,37.205275686208246,126.82928943506892,37.20122366521923,2024-10-24 12:09:46
648,33,56,12,,,126.82832190452176,37.19977479256777,126.83555652432229,37.204818176011564,2024-10-24 12:10:29
649,47,34,12,,,126.82794457419953,37.20997836986955,126.82226917074478,37.20286101703743,2024-10-24 12:10:51
650,55,18,12,,,126.83054620973013,37.209820159131816,126.82316394149606,37.19511762976515,2024-10-24 12:11:07
651,35,32,12,,,126.81964073631484,37.20291768816085,126.83184597556831,37.200998876719055,2024-10-24 12:11:24
652,56,9,12,,,126.83392565716235,37.20584520319394,126.81471270341943,37.2049466877927,2024-10-24 12:11:49
653,33,56,12,,,126.82907716375162,37.20040782391404,126.83399796355751,37.20501608517527,2024-10-24 12:12:37
654,56,17,12,,,126.83543967848473,37.204942777885655,126.82701647909154,37.19756901433109,2024-10-24 12:12:51
655,51,34,12,,,126.82034167733106,37.20996734412716,126.82197895750367,37.203064499505274,2024-10-24 12:13:35
656,56,33,12,,,126.83588311290687,37.20532825906281,126.83028757188919,37.201451473110986,2024-10-24 12:13:40
657,11,17,12,,,126.81400742934062,37.20887002414329,126.82701046833546,37.196124559986906,2024-10-24 12:13:45
658,58,33,12,,,126.83447029098241,37.208981041164556,126.82929342755868,37.201194750336654,2024-10-24 12:14:17
659,10,17,12,,,126.81797550638434,37.209489646556975,126.82727603151046,37.19654648528482,2024-10-24 12:14:58
660,55,41,12,,,126.82952471661838,37.20946790697083,126.83327590504192,37.19701496967177,2024-10-24 12:15:22
661,70,19,12,,,126.83816199946408,37.208545005296855,126.82953665344913,37.19584858884569,2024-10-24 12:16:00
662,17,54,12,,,126.82604465680456,37.196463260490965,126.83359804767363,37.210465848034325,2024-10-24 12:16:14
663,10,17,12,,,126.81764274743604,37.20887131634186,126.82551743675798,37.19760415920674,2024-10-24 12:16:27
664,37,46,12,,,126.8217149526855,37.19706310268868,126.82938473629817,37.21254286229237,2024-10-24 12:17:36
665,54,33,12,,,126.8330495894998,37.21069139676281,126.8290874047189,37.200235921617235,2024-10-24 12:17:39
666,17,70,12,,,126.82679197159892,37.1961890088104,126.83839277321132,37.20924049162253,2024-10-24 12:18:06
667,33,56,12,,,126.8292614146797,37.20161989825636,126.83547848285426,37.204873937140434,2024-10-24 12:19:55
668,70,33,12,,,126.83691889359076,37.20906777934428,126.83006255427574,37.2012921396922,2024-10-24 12:20:12
669,33,56,12,,,126.8284135442635,37.20014087943426,126.8355884387178,37.20578645890866,2024-10-24 12:20:18
670,56,17,12,,,126.83532746610102,37.20606840026916,126.82719658539642,37.19632039735803,2024-10-24 12:20:51
671,11,58,12,,,126.81391494578152,37.20872512326339,126.8341366752826,37.20781407117912,2024-10-24 12:20:56
672,56,33,12,,,126.83435345609607,37.20609601904611,126.82988406748801,37.200735053067454,2024-10-24 12:23:25
673,58,33,12,,,126.83433849591593,37.2080828391231,126.8289265035616,37.20067245582173,2024-10-24 12:23:30
674,10,40,12,,,126.81606659025228,37.21016622234799,126.83222186031996,37.19370101950209,2024-10-24 12:24:29
675,58,33,12,,,126.83591709225364,37.20935879183309,126.82937634094856,37.201179478340315,2024-10-24 12:25:28
676,56,33,12,,,126.83507477711295,37.206116383484435,126.82994630277953,37.20165529032454,2024-10-24 12:26:30
677,9,56,12,,,126.81315465821658,37.204982778279515,126.83396733662919,37.205837151998466,2024-10-24 12:26:30
678,72,67,12,,,126.8111855333312,37.208100621934356,126.83538574308855,37.202598655273626,2024-10-24 12:27:19
679,58,33,12,,,126.83458172219589,37.20749690406837,126.82873665383575,37.20163554191335,2024-10-24 12:27:32
680,33,56,12,,,126.82949372626203,37.20160719393871,126.83559032404098,37.20575012310526,2024-10-24 12:28:15
681,19,10,12,,,126.82862361426815,37.1950209927441,126.81621303423209,37.20943031027509,2024-10-24 12:28:15
682,69,30,12,,,126.83680408301534,37.20738502072139,126.83101051396628,37.19936846121759,2024-10-24 12:28:35
683,58,33,12,,,126.83489971230935,37.20938931028238,126.82871310187987,37.199741233501314,2024-10-24 12:29:17
684,32,59,12,,,126.83120174139162,37.20106071227644,126.83182761607978,37.206788878550725,2024-10-24 12:29:38
685,33,56,12,,,126.82876675793798,37.20059589877667,126.83403200844744,37.2051800432795,2024-10-24 12:30:01
686,31,54,12,,,126.82978174623821,37.19699770441774,126.83230932224048,37.20978329172007,2024-10-24 12:30:48
687,33,56,12,,,126.82963635348692,37.20064397648861,126.83499698176655,37.20482519304805,2024-10-24 12:32:08
688,28,3,12,,,126.8296944564249,37.20405878041046,126.82429157666162,37.21028258172347,2024-10-24 12:32:43
689,1,37,12,,,126.81608562452868,37.19816631923111,126.82126553317822,37.198248957744354,2024-10-24 12:32:44
690,32,56,12,,,126.83186187243797,37.20215551401496,126.83512336495943,37.20595018964348,2024-10-24 12:32:57
691,46,70,12,,,126.83094505935752,37.21244716154335,126.83784927260436,37.210181564083534,2024-10-24 12:33:04
692,11,58,12,,,126.81367431659399,37.20855549384795,126.83552020026583,37.209396140394794,2024-10-24 12:33:15
693,58,33,12,,,126.83450993153703,37.20817715637486,126.8301506841951,37.201561951571776,2024-10-24 12:33:27
694,11,9,12,,,126.81367702478741,37.208341382519706,126.81321486823464,37.20451783439238,2024-10-24 12:33:36
695,47,56,12,,,126.82658333172145,37.21160580111705,126.83557458957428,37.20502844618661,2024-10-24 12:35:47
696,56,33,12,,,126.8340168536494,37.205239630800584,126.82858900389577,37.20137426240517,2024-10-24 12:36:10
697,42,70,12,,,126.8323066709824,37.19687566472471,126.83812830854058,37.209067802559076,2024-10-24 12:36:33
698,32,54,12,,,126.83295530881547,37.20263017300885,126.83364244062484,37.209869375662336,2024-10-24 12:37:20
699,37,72,12,,,126.82091300027787,37.19721831369987,126.81155818151194,37.206728403713875,2024-10-24 12:37:58
700,56,33,12,,,126.83410393583574,37.20500519100856,126.82883157707855,37.199921671143755,2024-10-24 12:38:06
701,10,56,12,,,126.81790691412492,37.208622466920566,126.83552953203434,37.206316312974415,2024-10-24 12:38:28
702,42,70,12,,,126.83062581519802,37.19633331745936,126.8371064385404,37.20909035758281,2024-10-24 12:39:03
703,33,56,12,,,126.82926679793958,37.2014290906032,126.8357142841108,37.2048008293925,2024-10-24 12:39:05
704,58,33,12,,,126.83545701930092,37.20944801506944,126.82835375691045,37.200972918101165,2024-10-24 12:40:32
705,58,33,12,,,126.83500040992932,37.20850688988946,126.82858185223769,37.201039343173704,2024-10-24 12:40:42
706,11,14,12,,,126.81437880828038,37.207694751200044,126.82030682057514,37.20660537224688,2024-10-24 12:41:04
707,42,70,12,,,126.83135432365357,37.196477018881886,126.83857664846249,37.2093311147872,2024-10-24 12:41:33
708,11,58,12,,,126.81377238568004,37.208831116901855,126.83448378272922,37.20863655491369,2024-10-24 12:41:53
709,33,56,12,,,126.83021278301032,37.19996067817238,126.83580685267418,37.20554099876532,2024-10-24 12:42:20
710,33,56,12,,,126.82871362297894,37.20086621392039,126.8342503940915,37.20469439067841,2024-10-24 12:42:40
711,56,33,12,,,126.83453555785164,37.20661620003835,126.82921837983456,37.19978181004081,2024-10-24 12:43:04
712,17,54,12,,,126.82727899503338,37.19690074073384,126.83316257508076,37.20947476123014,2024-10-24 12:43:39
713,46,27,12,,,126.83009411461254,37.211106748653506,126.82644388346172,37.20041192434561,2024-10-24 12:44:04
714,70,33,12,,,126.83753378800762,37.20888055385145,126.82955788744408,37.20054121189793,2024-10-24 12:44:10
715,56,33,12,,,126.83461929650036,37.20482151893699,126.82892844392009,37.201154202723046,2024-10-24 12:44:40
716,62,54,12,,,126.83808385032552,37.21155734330468,126.83307334111696,37.21043907004744,2024-10-24 12:45:10
717,70,33,12,,,126.8387176252306,37.20952773735645,126.82846436980468,37.20122483530953,2024-10-24 12:45:40
718,56,33,12,,,126.83450911936522,37.205359913556286,126.82962950274677,37.20000575619249,2024-10-24 12:45:51
719,37,38,12,,,126.82225528512069,37.197294390202224,126.82483706451288,37.20157416486573,2024-10-24 12:46:38
720,56,17,12,,,126.83403640381592,37.20485912835412,126.82668680893751,37.19774636217324,2024-10-24 12:46:43
721,58,42,12,,,126.83502170804714,37.207690234254805,126.83105636044316,37.19536258328145,2024-10-24 12:47:05
722,42,70,12,,,126.8320423834967,37.195590551743294,126.83861279592344,37.21038119926455,2024-10-24 12:47:08
723,33,54,12,,,126.83016542057804,37.200774007728995,126.83299308420999,37.210273725357055,2024-10-24 12:47:35
724,59,15,12,,,126.83283803162306,37.206684031793536,126.81638890227441,37.20678357987611,2024-10-24 12:47:54
725,12,17,12,,,126.8190306144336,37.20568605799418,126.82733598732685,37.19775820650269,2024-10-24 12:47:55
726,11,32,12,,,126.8141171023768,37.2091409797436,126.83160275607713,37.200948569062135,2024-10-24 12:48:05
727,33,56,12,,,126.82945671324796,37.19973523985148,126.83505170051862,37.205676554086715,2024-10-24 12:48:45
728,18,29,12,,,126.82349311353794,37.19469155490552,126.82779168963013,37.2028656865525,2024-10-24 12:49:10
729,70,33,12,,,126.83733051740464,37.208742110255926,126.83029160523894,37.20012810343734,2024-10-24 12:49:23
730,42,70,12,,,126.83220253052058,37.19600161438212,126.83765227865456,37.20907836926075,2024-10-24 12:50:46
731,33,56,12,,,126.82850767861947,37.201058724766455,126.83552509002293,37.205979201640744,2024-10-24 12:51:21
732,58,33,12,,,126.83439189138439,37.20901815951474,126.82917309282344,37.20053320569294,2024-10-24 12:52:07
733,9,67,12,,,126.81356805653688,37.20560988474968,126.83418011404049,37.202146473910666,2024-10-24 12:52:20
734,11,17,12,,,126.81437850100924,37.20747897450066,126.8255506826584,37.19649941994641,2024-10-24 12:52:51
735,55,50,12,,,126.83035094892291,37.2100467931901,126.82164400235386,37.211448708088234,2024-10-24 12:53:16
736,56,33,12,,,126.83465209456764,37.20641660639234,126.8292417946338,37.20083692425477,2024-10-24 12:53:48
737,72,70,12,,,126.81241411492307,37.207019481717055,126.83708375635162,37.20887308675715,2024-10-24 12:54:36
738,56,17,12,,,126.83471692656063,37.206262977242375,126.82568547846343,37.19640881171797,2024-10-24 12:54:46
739,56,33,12,,,126.83573397923377,37.20576098260516,126.83011345569312,37.201559629624754,2024-10-24 12:55:10
740,9,58,12,,,126.81321971474159,37.20599898347263,126.83519194405318,37.209441717248986,2024-10-24 12:55:20
741,33,56,12,,,126.83024552878558,37.20071094741101,126.83578145257934,37.20601705515772,2024-10-24 12:55:52
742,17,58,12,,,126.82668382482208,37.197187571867886,126.83502633933745,37.20923196163256,2024-10-24 12:56:05
743,56,17,12,,,126.83507770401981,37.20589013148532,126.82740447820602,37.19578433538696,2024-10-24 12:56:16
744,69,30,12,,,126.8369976009215,37.206770007495635,126.8313657472314,37.19933780226905,2024-10-24 12:56:45
745,50,37,12,,,126.82144551626132,37.2106157687069,126.8209814968307,37.19652472227454,2024-10-24 12:57:08
746,56,17,12,,,126.83503164394263,37.2063216761316,126.8259709732019,37.19695718532669,2024-10-24 12:57:34
747,10,17,12,,,126.8164832793783,37.20868568640247,126.82688182964851,37.196405648978185,2024-10-24 12:57:42
748,56,17,12,,,126.83441272712668,37.205340337691496,126.82676001175905,37.196703036272595,2024-10-24 12:58:08
749,70,33,12,,,126.83842192540452,37.209120663653216,126.82979135376901,37.200291197078286,2024-10-24 12:58:10
750,42,70,12,,,126.83074731863756,37.19650775884481,126.83708750424108,37.21027732934893,2024-10-24 12:58:35
751,56,17,12,,,126.83522096891859,37.20519668915353,126.8267085523837,37.197674015837826,2024-10-24 12:58:48
752,11,17,12,,,126.81336973704457,37.20790431093928,126.82724006774124,37.19694285859178,2024-10-24 12:59:16
753,54,33,12,,,126.83277455586577,37.21014263907197,126.82998958091794,37.20035428087207,2024-10-24 12:59:25
754,41,56,12,,,126.8346366245701,37.19622068287343,126.83547210102996,37.205818071468414,2024-10-24 12:59:37
755,70,42,12,,,126.8375639775057,37.21000566518941,126.83077854785682,37.19580083860098,2024-10-24 12:59:58
756,58,33,13,,,126.83570439969337,37.20808508416359,126.8295959504661,37.201090181118815,2024-10-24 13:00:19
757,55,54,13,,,126.83009668895113,37.20921956485417,126.8316819481027,37.209439944811706,2024-10-24 13:00:45
758,33,54,13,,,126.82872044782287,37.20115312279685,126.83339277790154,37.21093117441648,2024-10-24 13:00:53
759,58,33,13,,,126.83539633245816,37.20915782914794,126.82947207495197,37.20129106766402,2024-10-24 13:01:16
760,37,8,13,,,126.82090262068814,37.197788706432696,126.82550651229609,37.20778245845987,2024-10-24 13:02:43
761,70,17,13,,,126.83800342851988,37.20879529952864,126.82643090507828,37.1960390883376,2024-10-24 13:02:56
762,11,58,13,,,126.81442690239155,37.20827099198104,126.83576728608068,37.208215929787166,2024-10-24 13:03:26
763,28,70,13,,,126.82912862657497,37.203862510122235,126.83688334596563,37.21004671719483,2024-10-24 13:04:14
764,10,27,13,,,126.81663865300257,37.20886148807419,126.82698540058207,37.19999419508773,2024-10-24 13:04:19
765,39,14,13,,,126.8207919414686,37.20073268671916,126.81913445895422,37.20752245572463,2024-10-24 13:04:55
766,54,12,13,,,126.83267756232638,37.20990887477134,126.81961916889715,37.20436833487215,2024-10-24 13:04:57
767,11,58,13,,,126.81492843382753,37.20817532250616,126.8358462579176,37.20835485177346,2024-10-24 13:05:22
768,40,72,13,,,126.83068272717694,37.19244639395371,126.81078275133417,37.20667981807604,2024-10-24 13:05:58
769,58,33,13,,,126.83513741400857,37.20825222491742,126.83001023705762,37.20099113984312,2024-10-24 13:06:10
770,70,42,13,,,126.8370793908807,37.20950401116896,126.83220592741432,37.19632234245711,2024-10-24 13:06:21
771,56,41,13,,,126.83506992101493,37.20503775447784,126.83395007704495,37.19809903509147,2024-10-24 13:06:42
772,28,62,13,,,126.8288289988663,37.20253186470402,126.83744303669167,37.212695891967854,2024-10-24 13:07:16
773,56,41,13,,,126.83550804981533,37.205005635262495,126.83493857577177,37.19790045753432,2024-10-24 13:07:49
774,10,20,13,,,126.8169864226668,37.20930442165247,126.81555080495099,37.19322222409845,2024-10-24 13:08:55
775,19,14,13,,,126.82907123801795,37.194311188768445,126.8194956174483,37.20837687896493,2024-10-24 13:09:06
776,63,20,13,,,126.83481743075046,37.21115422761025,126.81523104820717,37.192476118788605,2024-10-24 13:09:29
777,12,29,13,,,126.81973243335979,37.205432338994314,126.82636206460242,37.20221893907794,2024-10-24 13:09:35
778,11,17,13,,,126.81444259972548,37.208935199359125,126.82551475167674,37.19774522349112,2024-10-24 13:10:08
779,63,51,13,,,126.83508189510684,37.21064824156036,126.81893132519333,37.210853994547115,2024-10-24 13:10:15
780,58,33,13,,,126.8348620663406,37.20858975861793,126.82917088816333,37.20029844918336,2024-10-24 13:10:24
781,58,33,13,,,126.83603050313248,37.20781694496994,126.8302497444971,37.20098460947827,2024-10-24 13:10:52
782,11,33,13,,,126.81430920717438,37.207406863801616,126.83025456347498,37.200147566497755,2024-10-24 13:11:17
783,70,33,13,,,126.83750407574826,37.209987902894895,126.82949546535929,37.20057272315464,2024-10-24 13:11:26
784,33,56,13,,,126.82855298099997,37.20113594183641,126.83446695420074,37.20472418775889,2024-10-24 13:11:51
785,33,56,13,,,126.82988678985609,37.20070699543903,126.83499489001828,37.20496166027798,2024-10-24 13:12:33
786,33,56,13,,,126.8286691251744,37.20025413830797,126.83428268287118,37.206008236996354,2024-10-24 13:13:12
787,17,54,13,,,126.82726605196459,37.196144727042665,126.83258598044114,37.20997926747367,2024-10-24 13:13:22
788,12,19,13,,,126.8189576895362,37.20379305557007,126.82946601454988,37.19530215111809,2024-10-24 13:15:08
789,11,70,13,,,126.8139898565032,37.208945768195875,126.83801863550227,37.21007436209847,2024-10-24 13:15:13
790,32,59,13,,,126.83212176687526,37.20223133019352,126.83301626191034,37.20685296854242,2024-10-24 13:15:18
791,70,33,13,,,126.83708315959606,37.20929595200298,126.82935969606345,37.19969890811891,2024-10-24 13:15:41
792,64,18,13,,,126.84217700626384,37.20308270572825,126.82407169819467,37.194915669985654,2024-10-24 13:15:43
793,58,33,13,,,126.83487194984014,37.207584376924956,126.82872782152685,37.19975139974604,2024-10-24 13:15:49
794,18,72,13,,,126.8246484264174,37.195236184350435,126.81154755856187,37.208116985373884,2024-10-24 13:16:56
795,33,56,13,,,126.82948224549278,37.199925915924595,126.83456985528561,37.20515295158921,2024-10-24 13:18:02
796,58,33,13,,,126.834401691134,37.209138874719685,126.83007004503644,37.20113172845586,2024-10-24 13:18:53
797,58,33,13,,,126.83478977162568,37.208430377062676,126.82970118963611,37.20098462736612,2024-10-24 13:21:41
798,62,61,13,,,126.83800745203656,37.21232910673567,126.83312410405165,37.21603341110075,2024-10-24 13:23:33
799,33,56,13,,,126.83021488993015,37.2002529315787,126.8348584440856,37.205879480494914,2024-10-24 13:24:37
800,62,35,13,,,126.83748903036621,37.213300731827026,126.81965828840266,37.20178504280928,2024-10-24 13:25:41
801,62,28,13,,,126.83834990495025,37.2120859771663,126.82957167123814,37.20415225855686,2024-10-24 13:25:50
802,72,61,13,,,126.81225110922749,37.20687703770162,126.83379481111076,37.21664070689337,2024-10-24 13:26:01
803,37,72,13,,,126.82170869788388,37.196936784824466,126.81167560279485,37.206225413533495,2024-10-24 13:26:20
804,33,56,13,,,126.82875666953963,37.19984967397224,126.83457249673792,37.20506962691332,2024-10-24 13:27:32
805,11,58,13,,,126.81444017327489,37.20808181041202,126.83431487056306,37.20745899403308,2024-10-24 13:27:32
806,70,17,13,,,126.83794594260381,37.20973824434433,126.82684471404528,37.19580688031287,2024-10-24 13:27:40
807,32,59,13,,,126.8329508712138,37.2026599086618,126.83255189675967,37.20700308555907,2024-10-24 13:28:26
808,42,70,13,,,126.83132988759151,37.1957482016473,126.83683053105406,37.20877614082199,2024-10-24 13:29:33
809,33,56,13,,,126.83013724613157,37.20132574982827,126.83520399447922,37.206052177430735,2024-10-24 13:30:14
810,36,32,13,,,126.82422956255347,37.19798502809893,126.83148688009742,37.20258371932015,2024-10-24 13:30:25
811,11,58,13,,,126.81528725272997,37.20788925637151,126.83416861772695,37.20894913253144,2024-10-24 13:30:31
812,58,33,13,,,126.8356826133923,37.20834937054926,126.82853193865002,37.20063972562924,2024-10-24 13:31:35
813,70,19,13,,,126.83715986676712,37.21027413409672,126.82906786654742,37.19569555590656,2024-10-24 13:32:10
814,70,10,13,,,126.83714122571887,37.20896093720084,126.81605506918913,37.21000499233253,2024-10-24 13:32:42
815,28,35,13,,,126.83042369274482,37.2036469329637,126.81937230184327,37.202393605667154,2024-10-24 13:32:47
816,17,54,13,,,126.82624294893795,37.19753242137562,126.8330569194953,37.21041146188096,2024-10-24 13:34:24
817,70,33,13,,,126.83847176157032,37.209908264961136,126.82866911774606,37.20087680490008,2024-10-24 13:34:25
818,17,54,13,,,126.82722598241915,37.19733180323576,126.83201918896492,37.21057710991909,2024-10-24 13:34:42
819,56,33,13,,,126.83427671515369,37.20492782952718,126.82881975693313,37.200899552710844,2024-10-24 13:34:59
820,58,33,13,,,126.83560016870334,37.207851518460814,126.82976912411182,37.20091902063451,2024-10-24 13:36:46
821,58,33,13,,,126.83568347394692,37.20840286250369,126.82876088667267,37.20039742012457,2024-10-24 13:36:50
822,26,37,13,,,126.81799790702465,37.19391631452536,126.82096522227206,37.19665441421572,2024-10-24 13:37:02
823,12,22,13,,,126.81965160368556,37.20483263184769,126.81522114816089,37.194353695974385,2024-10-24 13:37:23
824,56,41,13,,,126.83500805892747,37.20556544970033,126.83337052584173,37.19677726061382,2024-10-24 13:37:28
825,36,22,13,,,126.82490730023706,37.19915170914791,126.81623071436147,37.19427974714726,2024-10-24 13:38:19
826,70,17,13,,,126.83715141593176,37.20883325949891,126.82643890083155,37.19761453398291,2024-10-24 13:39:04
827,33,56,13,,,126.82846003496837,37.2007661032238,126.83495951984249,37.20605828241574,2024-10-24 13:39:05
828,72,64,13,,,126.81090963336095,37.20637143589075,126.8419815825146,37.203207760832065,2024-10-24 13:39:19
829,1,69,13,,,126.81625415241993,37.19804263332012,126.83781690085813,37.20660004089045,2024-10-24 13:40:19
830,56,4,13,,,126.8350037806085,37.20543108269469,126.82157571459334,37.20785530478545,2024-10-24 13:40:43
831,11,59,13,,,126.81460098749692,37.20918347581323,126.83257231270879,37.208157999394935,2024-10-24 13:41:14
832,54,17,13,,,126.8332024369066,37.209366484936716,126.82619584596273,37.196644992540534,2024-10-24 13:41:24
833,70,33,13,,,126.83857423847464,37.20973915689248,126.82981903967949,37.20072864276471,2024-10-24 13:41:58
834,20,63,13,,,126.81508885458298,37.19188172135636,126.83573067181304,37.21170319928,2024-10-24 13:43:11
835,17,54,13,,,126.82658324166208,37.19744457271657,126.83257289761848,37.21073776484111,2024-10-24 13:43:13
836,11,17,13,,,126.81433704639585,37.20912587615751,126.82639728930779,37.196708218114885,2024-10-24 13:43:55
837,58,33,13,,,126.83581666545992,37.20867190993427,126.82859427671485,37.2013832101751,2024-10-24 13:44:04
838,58,33,13,,,126.83554055197494,37.20810679682226,126.82997356768873,37.20070852867263,2024-10-24 13:44:16
839,38,29,13,,,126.82419663767577,37.20070473721714,126.82618827559835,37.2032969412028,2024-10-24 13:44:28
840,11,63,13,,,126.81522662151207,37.208600082058226,126.83446599964502,37.21100111516388,2024-10-24 13:44:41
841,17,54,13,,,126.82641401459858,37.19694827257482,126.8316805636799,37.21112118400624,2024-10-24 13:44:57
842,55,5,13,,,126.82929919640814,37.20817415478136,126.82757095699176,37.20465574816581,2024-10-24 13:45:06
843,70,18,13,,,126.83871324093639,37.210182135918984,126.82393429113789,37.195122179426306,2024-10-24 13:45:10
844,11,17,13,,,126.81428977060672,37.208710437253515,126.82668842835189,37.19709706152944,2024-10-24 13:45:10
845,58,19,13,,,126.8343331695838,37.20876960056352,126.82966642630029,37.19527386031146,2024-10-24 13:45:49
846,20,70,13,,,126.81609022207782,37.1917123796995,126.83717435859766,37.21048988828497,2024-10-24 13:45:54
847,55,32,13,,,126.8309172802467,37.20988647271659,126.83229510698699,37.20248078266648,2024-10-24 13:46:14
848,72,56,13,,,126.81110083966246,37.207235635111935,126.83548784087841,37.206247519684965,2024-10-24 13:47:37
849,33,56,13,,,126.82839415455607,37.2015407717653,126.83510249037215,37.20650017576987,2024-10-24 13:48:26
850,12,17,13,,,126.81967923857961,37.20510299608734,126.82692425934843,37.19599768695831,2024-10-24 13:48:55
851,47,47,13,,,126.8280373565962,37.21108383465215,126.82792719946558,37.21101835196096,2024-10-24 13:49:10
852,1,33,13,,,126.81700119953379,37.197194576410375,126.82914632881068,37.19998457365933,2024-10-24 13:49:35
853,58,33,13,,,126.83601142998579,37.208922663551576,126.8298372181331,37.199746622516464,2024-10-24 13:50:14
854,17,54,13,,,126.82727623600795,37.195866783452864,126.83263775235163,37.2108711067152,2024-10-24 13:50:15
855,56,33,13,,,126.83459643300782,37.2064500120449,126.82960613638454,37.200491091856414,2024-10-24 13:50:36
856,28,63,13,,,126.83050541023029,37.2040523848067,126.8346503059987,37.21164121086607,2024-10-24 13:51:12
857,33,56,13,,,126.82979117344242,37.20084255354471,126.83535855874955,37.20503585745647,2024-10-24 13:51:32
858,11,12,13,,,126.81477345833864,37.20874438094131,126.82015893443942,37.204236631513126,2024-10-24 13:52:23
859,58,33,13,,,126.83594568662404,37.208638727225804,126.82940121202526,37.20076897086142,2024-10-24 13:52:30
860,38,8,13,,,126.82477448175054,37.201069628525595,126.82370424027704,37.20684170739441,2024-10-24 13:52:35
861,58,33,13,,,126.8358474077775,37.20863785611168,126.82931651972018,37.19993354538325,2024-10-24 13:52:42
862,38,49,13,,,126.82318350944796,37.201395662103195,126.82809012870605,37.212793699620846,2024-10-24 13:52:47
863,33,56,13,,,126.82954549072961,37.20153054659551,126.83488983159043,37.20596669971488,2024-10-24 13:52:48
864,38,53,13,,,126.82453965864156,37.200746062705,126.8291735966056,37.20696822845272,2024-10-24 13:52:48
865,70,42,13,,,126.83768172684961,37.20989664801929,126.83230053245849,37.19595676119546,2024-10-24 13:52:53
866,9,72,13,,,126.81316016474018,37.20515910473963,126.8123189401028,37.20754493034082,2024-10-24 13:53:11
867,17,54,13,,,126.82608148654347,37.19615079776971,126.83176488914837,37.21070777317746,2024-10-24 13:53:20
868,58,33,13,,,126.83507242792726,37.208181157331246,126.82840714829243,37.20057506976395,2024-10-24 13:54:01
869,70,33,13,,,126.83835371342444,37.20970482157399,126.82933588319433,37.20091220634219,2024-10-24 13:54:14
870,55,14,13,,,126.83007799839713,37.209707485704314,126.81875917927822,37.20852427378427,2024-10-24 13:54:23
871,32,59,13,,,126.83238509792011,37.202138761716135,126.8322108128208,37.20647173735984,2024-10-24 13:54:31
872,58,33,13,,,126.83550140278292,37.20942236100034,126.82859501476274,37.20118019500691,2024-10-24 13:55:03
873,31,59,13,,,126.82932243893768,37.197755474647664,126.83257141753134,37.20772882962433,2024-10-24 13:55:34
874,17,54,13,,,126.82618043060472,37.1960264038057,126.83343728015167,37.21039456653745,2024-10-24 13:55:39
875,42,70,13,,,126.831068179775,37.19557068442534,126.8380791677284,37.20931559450603,2024-10-24 13:56:05
876,39,5,13,,,126.82243688015684,37.20064439080034,126.8273705714872,37.205766430195816,2024-10-24 13:56:34
877,58,33,13,,,126.83529034233908,37.208942474016254,126.82906759251651,37.200806103168006,2024-10-24 13:56:59
878,28,60,13,,,126.83029329991295,37.20354912602892,126.83192169029324,37.212853984417436,2024-10-24 13:57:26
879,20,60,13,,,126.81639084428272,37.192850024863134,126.83376717341795,37.213432960391884,2024-10-24 13:57:33
880,72,70,13,,,126.81183845184941,37.20634363723598,126.83733434315178,37.20962699134263,2024-10-24 13:58:38
881,11,17,13,,,126.81437211760253,37.2079337346002,126.82559610372319,37.197170800610195,2024-10-24 13:59:36
882,19,4,14,,,126.82803987474375,37.19598612055904,126.82195447619188,37.2082369248122,2024-10-24 14:00:01
883,1,57,14,,,126.8166951105224,37.19849558129346,126.83145908388848,37.204718095293934,2024-10-24 14:00:22
884,10,17,14,,,126.81642101450515,37.20908832210314,126.82622330960062,37.19737821454731,2024-10-24 14:00:29
885,56,32,14,,,126.83489259301635,37.20601845922046,126.83159844680566,37.20225745012352,2024-10-24 14:00:34
886,56,33,14,,,126.83584816214338,37.20494721790318,126.8302589385874,37.199710044635594,2024-10-24 14:01:19
887,55,46,14,,,126.83003451504253,37.20965438388974,126.82941853822446,37.212920202415674,2024-10-24 14:01:47
888,33,56,14,,,126.82905666644818,37.20136180405587,126.8357049721089,37.20527375310489,2024-10-24 14:02:53
889,59,15,14,,,126.83188322406272,37.20810509292879,126.8170524872967,37.20574881411442,2024-10-24 14:03:33
890,69,30,14,,,126.83690209141241,37.206434750631075,126.83098982814217,37.19900363542011,2024-10-24 14:04:04
891,20,27,14,,,126.81576861449756,37.19328539108454,126.82674777047393,37.20003733615418,2024-10-24 14:04:41
892,17,54,14,,,126.82685460887313,37.19698769796401,126.83247317814113,37.211054844475974,2024-10-24 14:05:27
893,56,41,14,,,126.83587296141093,37.205685197533064,126.83459868496703,37.19714160636876,2024-10-24 14:06:24
894,42,70,14,,,126.83215905901903,37.19655702407429,126.83853135067663,37.20965020939358,2024-10-24 14:06:49
895,10,17,14,,,126.81731332898238,37.20864781950086,126.82711557329881,37.19627690569406,2024-10-24 14:07:16
896,56,31,14,,,126.83530397546193,37.20658200382206,126.82928538966783,37.197204358918576,2024-10-24 14:09:13
897,56,39,14,,,126.83434310587849,37.204672368986714,126.82205588299168,37.2000793911221,2024-10-24 14:10:17
898,17,54,14,,,126.82667737268301,37.196547847602766,126.83331839935559,37.210802213215615,2024-10-24 14:10:58
899,56,17,14,,,126.83523582797872,37.20470006187899,126.82605602207958,37.19749037787643,2024-10-24 14:11:38
900,42,70,14,,,126.83081982722634,37.19595843449348,126.83808003716813,37.21032607011769,2024-10-24 14:12:03
901,70,17,14,,,126.83805820241228,37.2103053940438,126.82664601407193,37.1964977906358,2024-10-24 14:12:39
902,70,33,14,,,126.83796075756185,37.20873703647204,126.82963011589399,37.20133838191757,2024-10-24 14:13:04
903,21,48,14,,,126.81838459413966,37.19625239086035,126.82978490291555,37.21375317661025,2024-10-24 14:13:16
904,42,70,14,,,126.8324691796985,37.19540708062613,126.83843006992225,37.20883862541327,2024-10-24 14:13:23
905,11,17,14,,,126.81489348808601,37.208083589633254,126.82614604538404,37.19673457575561,2024-10-24 14:13:54
906,39,4,14,,,126.82198882384093,37.200077090954856,126.8219567940068,37.2084152070444,2024-10-24 14:14:22
907,33,56,14,,,126.8287741336546,37.201019608816495,126.83581962108236,37.205274380681004,2024-10-24 14:15:02
908,59,41,14,,,126.83153163430265,37.206395637309065,126.83418634168444,37.197762905759284,2024-10-24 14:16:35
909,55,69,14,,,126.82987287031348,37.20958770293515,126.8376477392174,37.20597653869482,2024-10-24 14:16:53
910,32,59,14,,,126.83293133668094,37.20213488844472,126.83298758195008,37.2075041148049,2024-10-24 14:17:04
911,53,17,14,,,126.83002216189436,37.20624997714594,126.82607493252331,37.19666934987973,2024-10-24 14:17:21
912,38,61,14,,,126.82439501636179,37.201262403170745,126.83311797011592,37.21555683744243,2024-10-24 14:18:23
913,35,65,14,,,126.81952415364378,37.20176911739992,126.83451156102731,37.199268061518715,2024-10-24 14:19:07
914,56,33,14,,,126.83533912159254,37.205181309558725,126.82877989437333,37.20111999700526,2024-10-24 14:19:15
915,69,30,14,,,126.83757443853318,37.20680918343406,126.83186228591796,37.19906433223649,2024-10-24 14:20:07
916,72,70,14,,,126.81261065600033,37.206189139732004,126.83744854254924,37.20896917492433,2024-10-24 14:20:36
917,56,41,14,,,126.83422595258092,37.20651534978623,126.83472524948431,37.1976524294346,2024-10-24 14:21:18
918,38,33,14,,,126.82319248823273,37.20169813353939,126.82947628981537,37.20008728763577,2024-10-24 14:21:32
919,70,17,14,,,126.8381353120339,37.2099815364241,126.82618060112664,37.19684755328478,2024-10-24 14:21:53
920,69,30,14,,,126.83714490346726,37.20718852010069,126.83260399283336,37.19959362795534,2024-10-24 14:22:05
921,59,33,14,,,126.83303642835929,37.20640791300782,126.82910588997801,37.20083517658439,2024-10-24 14:22:09
922,54,16,14,,,126.83264687591317,37.21053986017414,126.8242767296718,37.19334674551702,2024-10-24 14:22:11
923,38,39,14,,,126.82489253232208,37.201042917092934,126.82101013038346,37.199613209951714,2024-10-24 14:22:12
924,53,40,14,,,126.82987742044614,37.20601751145737,126.83101502340274,37.19391992965838,2024-10-24 14:24:38
925,56,33,14,,,126.8356730538451,37.205020061251595,126.82881406561296,37.2005399955972,2024-10-24 14:25:30
926,54,33,14,,,126.83259939258603,37.21042080203863,126.8300507886784,37.20157897172634,2024-10-24 14:26:00
927,54,63,14,,,126.83179947322374,37.20939949312196,126.83545431670605,37.21203181216164,2024-10-24 14:27:06
928,11,17,14,,,126.81503590909773,37.20872869817787,126.82690124783643,37.19708820593985,2024-10-24 14:27:10
929,33,56,14,,,126.82995642275641,37.20101317869793,126.83577152218778,37.20479497693402,2024-10-24 14:27:14
930,70,17,14,,,126.83703966146722,37.20982133715831,126.82553897913247,37.196816041319984,2024-10-24 14:27:58
931,53,46,14,,,126.83049717463759,37.20553937327566,126.82960859763769,37.21285440807474,2024-10-24 14:28:06
932,56,33,14,,,126.83404565761353,37.20501892054449,126.82853498607845,37.19993903093022,2024-10-24 14:28:11
933,70,33,14,,,126.83840723235342,37.21018358233127,126.82954814002827,37.199782382913256,2024-10-24 14:28:23
934,56,33,14,,,126.83494194983183,37.20589356532146,126.82954070581722,37.201265701004985,2024-10-24 14:28:49
935,37,44,14,,,126.82134228255832,37.19738024386438,126.82037724309131,37.18898289217959,2024-10-24 14:28:53
936,10,38,14,,,126.81723393846684,37.20946760281502,126.82396375657191,37.20230330978961,2024-10-24 14:28:54
937,56,32,14,,,126.8347331373193,37.20525865566372,126.83102033740704,37.20105793979992,2024-10-24 14:30:09
938,70,42,14,,,126.83862370314044,37.21040656923779,126.83254458448538,37.19621555584025,2024-10-24 14:30:14
939,56,41,14,,,126.83589780052644,37.20513724367516,126.83470644588533,37.19659431503139,2024-10-24 14:30:14
940,54,33,14,,,126.83354942809447,37.210755422567686,126.8293561447607,37.20116157386131,2024-10-24 14:30:22
941,11,58,14,,,126.81522440160892,37.20882335183735,126.83514976655547,37.207659211837225,2024-10-24 14:30:29
942,54,33,14,,,126.83203966082276,37.21002145261559,126.82976981821028,37.19971198504899,2024-10-24 14:30:44
943,39,41,14,,,126.82074671064716,37.19959868352526,126.83369293382592,37.19734774073719,2024-10-24 14:30:46
944,56,33,14,,,126.83445299796902,37.20587837812075,126.82868985226251,37.20091129042491,2024-10-24 14:31:05
945,70,42,14,,,126.83767288317974,37.2099446301311,126.83213580705257,37.19532359794889,2024-10-24 14:31:18
946,17,54,14,,,126.82627637431538,37.19762136381719,126.8321154289138,37.20932163540658,2024-10-24 14:32:11
947,56,19,14,,,126.83565052625441,37.20557730624629,126.82896327966755,37.19590454390048,2024-10-24 14:32:30
948,33,56,14,,,126.828751405645,37.20029352842348,126.8342742986134,37.20579034453127,2024-10-24 14:32:31
949,69,30,14,,,126.83855760596347,37.20618906454216,126.8322884398758,37.19950805242013,2024-10-24 14:33:18
950,56,40,14,,,126.83483609864253,37.20663884618528,126.8309872401439,37.193882747323926,2024-10-24 14:34:01
951,26,37,14,,,126.81749791617086,37.19274062049069,126.82215477759749,37.197012107360095,2024-10-24 14:34:33
952,33,56,14,,,126.82971591048205,37.200737086679155,126.83448330887389,37.20516961867573,2024-10-24 14:35:15
953,70,33,14,,,126.83826907706477,37.20873376779905,126.82869319420364,37.20072910496717,2024-10-24 14:35:27
954,56,32,14,,,126.83560462268488,37.20627367887127,126.83193762168017,37.20143427455628,2024-10-24 14:35:43
955,70,17,14,,,126.83835020139016,37.20990597766385,126.82597187761334,37.19607790326946,2024-10-24 14:35:46
956,70,33,14,,,126.83799933502331,37.20978747026673,126.82875571894571,37.19976395411885,2024-10-24 14:35:53
957,70,33,14,,,126.83795878853707,37.209853282326186,126.82943112033745,37.201560789553476,2024-10-24 14:35:55
958,70,33,14,,,126.83695950945837,37.208620835603284,126.83020348034144,37.2002735919621,2024-10-24 14:36:06
959,56,31,14,,,126.83460306630845,37.20526224194918,126.82969963680266,37.197929621882885,2024-10-24 14:36:26
960,42,70,14,,,126.8321215497304,37.19655651381451,126.83794301010329,37.20913959766305,2024-10-24 14:36:27
961,70,11,14,,,126.83682017285659,37.20927375471275,126.81408399839141,37.20853318544155,2024-10-24 14:36:58
962,56,41,14,,,126.83429311429397,37.20558321284614,126.83487030177493,37.19787903385466,2024-10-24 14:37:04
963,58,17,14,,,126.83463970494992,37.20850050710796,126.82580306670988,37.19704668026568,2024-10-24 14:37:31
964,70,42,14,,,126.83749375894027,37.20934264364597,126.83254775100113,37.19543174606726,2024-10-24 14:37:32
965,70,10,14,,,126.83788100805981,37.20886021611693,126.81764901421582,37.209237030739324,2024-10-24 14:37:51
966,11,17,14,,,126.81530292778014,37.20822465363192,126.82695400841477,37.19692494254778,2024-10-24 14:37:52
967,70,33,14,,,126.83702976156295,37.20936989849924,126.82903020010916,37.20094303146414,2024-10-24 14:38:06
968,46,62,14,,,126.829408631015,37.211023593561066,126.83747416650705,37.21168206737091,2024-10-24 14:38:45
969,33,56,14,,,126.82929588408064,37.20140332053561,126.83574074336747,37.2066117086583,2024-10-24 14:39:13
970,53,64,14,,,126.82983931397845,37.20659662926346,126.84208577419702,37.20421222462413,2024-10-24 14:39:18
971,21,37,14,,,126.81950325653037,37.196039063339526,126.82147347348312,37.19697661940855,2024-10-24 14:39:47
972,69,30,14,,,126.83813584854154,37.20603369916531,126.83177488324257,37.19842837328137,2024-10-24 14:40:42
973,72,2,14,,,126.81173311962887,37.20665744718633,126.82203234079512,37.2056197549108,2024-10-24 14:41:32
974,55,68,14,,,126.83029621481093,37.208423065202645,126.83944958738304,37.20294378706033,2024-10-24 14:42:11
975,56,31,14,,,126.83566331712841,37.206140742496096,126.82936979428811,37.19772024038146,2024-10-24 14:43:04
976,54,33,14,,,126.83234666504455,37.21080890878176,126.82945754852517,37.20092832968101,2024-10-24 14:43:43
977,54,33,14,,,126.8322068332063,37.20977618719943,126.82885676958013,37.20095507145067,2024-10-24 14:44:34
978,17,56,14,,,126.8268288311097,37.19681165132804,126.8358001614238,37.20583786442058,2024-10-24 14:44:47
979,54,59,14,,,126.83315963911426,37.209696768513844,126.83186879054755,37.20787725707112,2024-10-24 14:45:11
980,20,9,14,,,126.81584158952089,37.19223732247642,126.81457638336133,37.205477392311955,2024-10-24 14:45:42
981,33,56,14,,,126.82929960310396,37.20157734223249,126.83562290838266,37.20465616664526,2024-10-24 14:46:08
982,69,30,14,,,126.83845595211058,37.206961004997325,126.83202530948982,37.19992487497452,2024-10-24 14:46:49
983,38,30,14,,,126.82408324034415,37.201871520368975,126.83181145510838,37.19817166512938,2024-10-24 14:46:51
984,56,33,14,,,126.83447808341747,37.206012199873705,126.82993189067562,37.201151636648625,2024-10-24 14:47:22
985,18,69,14,,,126.82306020512566,37.19515233453616,126.83707276779212,37.20579583754674,2024-10-24 14:47:40
986,56,33,14,,,126.83468817624782,37.20611715500115,126.82884023392832,37.20042249898491,2024-10-24 14:48:48
987,70,33,14,,,126.83867915527276,37.208681277220634,126.82929708438027,37.20008325905135,2024-10-24 14:49:00
988,69,30,14,,,126.83839158063009,37.20599317962797,126.83165004483773,37.19890153303488,2024-10-24 14:49:27
989,72,33,14,,,126.81121083149092,37.20624532787851,126.8285844447961,37.19969838776016,2024-10-24 14:49:34
990,33,56,14,,,126.82884508412407,37.200149895900054,126.83557861066825,37.2051013343572,2024-10-24 14:50:12
991,72,7,14,,,126.81256517070096,37.20668418032842,126.82709561343202,37.207926555754135,2024-10-24 14:50:49
992,33,56,14,,,126.8301341282954,37.20103199748141,126.8343080627863,37.205640917973675,2024-10-24 14:50:56
993,32,59,14,,,126.83255042337986,37.20142582624868,126.8332406952101,37.20774096694379,2024-10-24 14:51:42
994,56,33,14,,,126.83449457493413,37.20550378991949,126.82832870934743,37.2001282136514,2024-10-24 14:52:17
995,11,58,14,,,126.81442706368128,37.207934009009286,126.83554665933632,37.20885276941957,2024-10-24 14:53:39
996,32,54,14,,,126.83151461254297,37.201773078096,126.83325866693976,37.21026928127271,2024-10-24 14:54:48
997,18,45,14,,,126.82311073233112,37.19572529915483,126.82508540110324,37.21314955485235,2024-10-24 14:54:52
998,69,30,14,,,126.83806063220506,37.20750730718328,126.83153058270229,37.19797363443392,2024-10-24 14:54:59
999,17,58,14,,,126.82639435620152,37.19612018249843,126.83583421474188,37.20748007539687,2024-10-24 14:55:59
1000,56,41,14,,,126.83585792671387,37.20466815026872,126.83400539612535,37.197625320321364,2024-10-24 14:56:32
1001,70,33,14,,,126.83842077309717,37.20869944290521,126.82943031315637,37.199787183240936,2024-10-24 14:56:48
1002,70,18,14,,,126.83717601079921,37.210415128372055,126.82293534967901,37.19475154009844,2024-10-24 14:57:00
1003,33,56,14,,,126.82862626451437,37.200902976662725,126.83574910596718,37.20485629787316,2024-10-24 14:57:05
1004,56,41,14,,,126.83420090535955,37.206144058456196,126.83402064387712,37.196728962435266,2024-10-24 14:57:35
1005,70,58,14,,,126.83834710193496,37.209282968323606,126.83558481483648,37.20831983074759,2024-10-24 14:57:40
1006,54,33,14,,,126.83183011227949,37.21100762059638,126.8289412375042,37.200353033839555,2024-10-24 14:57:57
1007,33,56,14,,,126.8285468099803,37.19972048425943,126.83517605330323,37.20477802781427,2024-10-24 14:58:50
1008,56,33,15,,,126.83483850097687,37.20487933356192,126.82978921012867,37.20125924797082,2024-10-24 15:00:06
1009,53,29,15,,,126.82926865941988,37.20654201895321,126.82756430809276,37.20231780287916,2024-10-24 15:00:14
1010,56,33,15,,,126.83457529548907,37.20487059281884,126.82945211645901,37.200457881516556,2024-10-24 15:00:25
1011,11,17,15,,,126.81459029849283,37.20852490752273,126.82645438614931,37.19587789613913,2024-10-24 15:00:46
1012,15,43,15,,,126.81612517989292,37.207062319779915,126.82391687824011,37.1897578669493,2024-10-24 15:01:39
1013,58,32,15,,,126.83452111062904,37.209122740141936,126.83284378530018,37.20241415532212,2024-10-24 15:01:59
1014,10,40,15,,,126.81716274450514,37.20979984106365,126.83043858826747,37.192456852687236,2024-10-24 15:02:33
1015,37,72,15,,,126.82116396585226,37.1974649018936,126.81072669898172,37.20783002227738,2024-10-24 15:02:37
1016,28,46,15,,,126.82959717617075,37.20297610470101,126.82999748105208,37.211595314222166,2024-10-24 15:02:42
1017,20,37,15,,,126.81478964928962,37.191957948931446,126.82165380004407,37.19682499582516,2024-10-24 15:02:58
1018,11,40,15,,,126.81532064585812,37.2086044038014,126.83183242325585,37.19424197838487,2024-10-24 15:03:26
1019,41,56,15,,,126.83504315162023,37.19757586119578,126.83520093272398,37.20557007719909,2024-10-24 15:03:43
1020,10,17,15,,,126.81759598550146,37.20978542339322,126.82705702993505,37.19611544522331,2024-10-24 15:05:16
1021,59,33,15,,,126.83192293205715,37.20737188646608,126.83021572687696,37.20056959552359,2024-10-24 15:05:55
1022,54,33,15,,,126.83250580227227,37.209291537219336,126.82965845436794,37.200022279647875,2024-10-24 15:05:59
1023,43,8,15,,,126.82250005330606,37.190503727732825,126.82549222187062,37.20750805588302,2024-10-24 15:06:10
1024,56,33,15,,,126.83586742959952,37.20578565344398,126.8284896128599,37.200723676110584,2024-10-24 15:07:27
1025,69,30,15,,,126.8378401444669,37.20575422871543,126.83118819958855,37.198959050092476,2024-10-24 15:07:48
1026,11,17,15,,,126.81377934659481,37.208996706344905,126.8266102227149,37.19707519860792,2024-10-24 15:08:13
1027,56,33,15,,,126.83490152355901,37.20587149925465,126.829309755606,37.201124152352364,2024-10-24 15:08:51
1028,32,19,15,,,126.83127637882328,37.2011600192711,126.82946639923692,37.195117536410855,2024-10-24 15:08:59
1029,11,58,15,,,126.81427762056087,37.20792946967275,126.83522938427927,37.2089492846782,2024-10-24 15:09:01
1030,12,19,15,,,126.81864362863448,37.20475050667843,126.82900885048441,37.194825466364314,2024-10-24 15:09:12
1031,32,16,15,,,126.83162399129856,37.2015994347158,126.82339580314418,37.193084430957235,2024-10-24 15:10:25
1032,2,38,15,,,126.82166602916993,37.20514644514801,126.82363483657262,37.201484023853986,2024-10-24 15:10:39
1033,31,38,15,,,126.82945884398075,37.19688703008934,126.82377350069872,37.20103046870776,2024-10-24 15:10:43
1034,32,59,15,,,126.83211390636586,37.20138149714346,126.83168442214604,37.20827498072562,2024-10-24 15:10:47
1035,49,51,15,,,126.82751067247229,37.21342011323946,126.82051917030533,37.21095590977778,2024-10-24 15:10:54
1036,58,33,15,,,126.83491221201703,37.208600617884436,126.83004346075842,37.20085616659842,2024-10-24 15:11:19
1037,36,11,15,,,126.82491628912099,37.19935853875842,126.8143057970491,37.208991391321945,2024-10-24 15:12:05
1038,33,56,15,,,126.83028618456358,37.19971817930729,126.83511993873063,37.20587681230396,2024-10-24 15:12:36
1039,27,58,15,,,126.8275631254849,37.19898280913478,126.83555801785029,37.20858002968495,2024-10-24 15:12:43
1040,33,56,15,,,126.82913145169778,37.20011832898453,126.8357595998744,37.20658054945481,2024-10-24 15:13:11
1041,18,55,15,,,126.8230332217764,37.19605971104545,126.82915817833904,37.20956948998445,2024-10-24 15:13:37
1042,59,41,15,,,126.83233519575059,37.20820448528962,126.83420112670922,37.19624582482804,2024-10-24 15:13:47
1043,56,33,15,,,126.83590670372261,37.20624204799546,126.82898185789129,37.200493865143414,2024-10-24 15:14:09
1044,54,33,15,,,126.83196840076091,37.209291312093725,126.82838771548107,37.200972336620794,2024-10-24 15:14:10
1045,59,34,15,,,126.8317976730562,37.20742797843666,126.82078292795764,37.202802678136756,2024-10-24 15:14:45
1046,54,33,15,,,126.83222811429987,37.21095781022373,126.82995451616003,37.200923053715464,2024-10-24 15:16:42
1047,38,20,15,,,126.82396007066879,37.20135711774644,126.81578483109008,37.19291737640542,2024-10-24 15:16:46
1048,46,34,15,,,126.83050783427699,37.21157632451317,126.82103612593966,37.20347718624662,2024-10-24 15:17:04
1049,56,33,15,,,126.83452427480661,37.20622331029864,126.8289621210562,37.200679162118554,2024-10-24 15:17:22
1050,72,34,15,,,126.81142602098642,37.20800172529541,126.82203849912261,37.20345347599756,2024-10-24 15:17:36
1051,12,17,15,,,126.81925105781025,37.203958819649415,126.82566636979607,37.19731729051471,2024-10-24 15:17:55
1052,20,55,15,,,126.8159789449341,37.191553206739634,126.82976383975432,37.20812918482915,2024-10-24 15:18:31
1053,27,24,15,,,126.82745528030073,37.19991102200621,126.81734541003242,37.19043298695818,2024-10-24 15:18:31
1054,58,33,15,,,126.83481138430516,37.20914013290924,126.82938281972984,37.20041626441962,2024-10-24 15:19:08
1055,27,25,15,,,126.82692836502954,37.20031987962048,126.82079848334773,37.19407067993856,2024-10-24 15:19:58
1056,40,72,15,,,126.83089857202668,37.19384725192045,126.81123070660038,37.20650897527745,2024-10-24 15:20:47
1057,62,53,15,,,126.83732982195305,37.212906450028726,126.83040671450557,37.20704049626811,2024-10-24 15:21:11
1058,32,59,15,,,126.83129027143136,37.20242554974151,126.83208502245566,37.20643674429005,2024-10-24 15:21:40
1059,11,33,15,,,126.81362507129042,37.20833699277554,126.82875586772705,37.20067058608526,2024-10-24 15:21:47
1060,69,30,15,,,126.83793650262545,37.20726928947525,126.83109003685897,37.1984762371819,2024-10-24 15:21:47
1061,55,51,15,,,126.82974442816302,37.2088496553296,126.81954931242647,37.20955472248585,2024-10-24 15:22:02
1062,37,2,15,,,126.82203592049882,37.19815715352147,126.82248429282214,37.20572474012764,2024-10-24 15:22:10
1063,56,32,15,,,126.83495802212663,37.20569702475976,126.83222333325953,37.20213816371646,2024-10-24 15:22:28
1064,58,33,15,,,126.83590913840828,37.2090577252691,126.8302534999623,37.20037297394521,2024-10-24 15:22:38
1065,70,33,15,,,126.8382445305686,37.21017441325681,126.8293812432352,37.20100752339523,2024-10-24 15:22:41
1066,32,12,15,,,126.83231308928758,37.202540855351714,126.81901182582276,37.203964251708754,2024-10-24 15:23:19
1067,69,30,15,,,126.83713635874318,37.206822446594366,126.83238305050631,37.19981748440604,2024-10-24 15:23:54
1068,70,11,15,,,126.83767166468957,37.208647129050185,126.81451815397715,37.20761509930316,2024-10-24 15:26:11
1069,35,32,15,,,126.8193664930464,37.20141846682893,126.83140834998115,37.20115217187415,2024-10-24 15:28:11
1070,15,24,15,,,126.81648328507859,37.20637003840052,126.81831738146433,37.190354025399245,2024-10-24 15:28:14
1071,33,56,15,,,126.82892096958737,37.201588175238804,126.83555212673976,37.20613413875292,2024-10-24 15:28:15
1072,32,59,15,,,126.83295077958782,37.20273787632224,126.83331370745745,37.206668082387075,2024-10-24 15:29:21
1073,69,30,15,,,126.83665223991395,37.2058251676479,126.83087595685059,37.19973751358387,2024-10-24 15:30:17
1074,53,21,15,,,126.82912382952237,37.20587445937212,126.81949754895928,37.197139956669865,2024-10-24 15:30:27
1075,46,6,15,,,126.83063595019902,37.21210880590348,126.82430204906106,37.20353899687271,2024-10-24 15:30:58
1076,54,33,15,,,126.83239226571975,37.210692144111896,126.82985129734342,37.19973746294962,2024-10-24 15:31:05
1077,72,33,15,,,126.8125367636901,37.2071170938236,126.8301056751007,37.19995322623192,2024-10-24 15:31:46
1078,19,10,15,,,126.82828420820084,37.19408032498745,126.81641777981858,37.20941427325555,2024-10-24 15:32:09
1079,58,33,15,,,126.8357275882369,37.209290980708474,126.82927726442367,37.20095708730569,2024-10-24 15:32:42
1080,62,34,15,,,126.83772346366563,37.21166353916471,126.82245589607322,37.203021190641266,2024-10-24 15:34:08
1081,31,54,15,,,126.82821424066387,37.197402042196615,126.83244622960385,37.20970883322318,2024-10-24 15:34:13
1082,38,67,15,,,126.82509403289866,37.20185003218607,126.83456350768192,37.20220692497405,2024-10-24 15:35:14
1083,62,59,15,,,126.83730866617005,37.2127088181878,126.83236638438584,37.20782691886179,2024-10-24 15:35:14
1084,69,30,15,,,126.8380853639919,37.20725607565029,126.83229203247073,37.19797588929087,2024-10-24 15:35:32
1085,20,9,15,,,126.81576702930009,37.19294774653982,126.81508713653751,37.20568799089569,2024-10-24 15:35:43
1086,47,1,15,,,126.82797918307452,37.21126169417188,126.81634041062676,37.19902766647028,2024-10-24 15:35:45
1087,54,22,15,,,126.8328878562866,37.210808383621284,126.81532658511325,37.1952490733472,2024-10-24 15:37:06
1088,56,17,15,,,126.83485036339654,37.204772771025986,126.8271244353284,37.19601368670161,2024-10-24 15:37:34
1089,1,41,15,,,126.81625948921831,37.198218620029174,126.83415653993825,37.19638452953385,2024-10-24 15:37:58
1090,56,33,15,,,126.83433340557525,37.20625500632869,126.8296943075005,37.200947019486115,2024-10-24 15:38:15
1091,12,27,15,,,126.81971874708734,37.205020655349664,126.82577283070071,37.19907755041579,2024-10-24 15:38:18
1092,50,37,15,,,126.82310471913046,37.21224312448229,126.82054996141497,37.1967478519039,2024-10-24 15:38:36
1093,69,30,15,,,126.83673674028398,37.20621336542817,126.83145252261446,37.19915745453559,2024-10-24 15:39:11
1094,11,58,15,,,126.81377008250838,37.20826659200889,126.834921724277,37.20803822066044,2024-10-24 15:39:16
1095,70,18,15,,,126.83819898299296,37.209798470678464,126.82343248796803,37.19558066512154,2024-10-24 15:40:27
1096,37,38,15,,,126.82102149500464,37.19789426727096,126.82439185802485,37.200945507424095,2024-10-24 15:41:30
1097,56,33,15,,,126.8344280497867,37.20633851523265,126.82956076167073,37.20081606824239,2024-10-24 15:41:33
1098,54,33,15,,,126.8330715820566,37.210515323716194,126.82943862777235,37.20081034804114,2024-10-24 15:41:43
1099,33,56,15,,,126.82877863844595,37.20012760556183,126.83462725237719,37.20601767506331,2024-10-24 15:41:48
1100,58,33,15,,,126.83586352817028,37.20837989047481,126.82923921352815,37.20145764006724,2024-10-24 15:42:49
1101,33,56,15,,,126.82886186570668,37.20153228292519,126.83412227257381,37.20620113506289,2024-10-24 15:43:28
1102,69,30,15,,,126.83723601528123,37.2075079864493,126.83132834390673,37.1983160200478,2024-10-24 15:43:36
1103,33,56,15,,,126.83001853224235,37.200413701666626,126.83418375515281,37.20562581048708,2024-10-24 15:44:20
1104,54,33,15,,,126.83249219115598,37.210144898473445,126.82951447758602,37.1998245926991,2024-10-24 15:45:01
1105,32,15,15,,,126.83225027497066,37.20197140150847,126.81626739098124,37.205977813150696,2024-10-24 15:46:17
1106,33,56,15,,,126.82858244663248,37.20122543536387,126.83484625670474,37.20633519576487,2024-10-24 15:46:58
1107,10,17,15,,,126.81764920764249,37.20974395812943,126.82669012869233,37.19596036834862,2024-10-24 15:47:04
1108,20,27,15,,,126.81470620621558,37.19284454670634,126.82695659942404,37.199751068621424,2024-10-24 15:47:27
1109,45,64,15,,,126.82485043883204,37.21267445017073,126.84156638095895,37.202900400222966,2024-10-24 15:47:31
1110,71,45,15,,,126.83996658197405,37.20492520834229,126.8254847372066,37.21295059191125,2024-10-24 15:47:41
1111,27,28,15,,,126.82626045467866,37.198784266158455,126.82960146673337,37.20421486591257,2024-10-24 15:48:26
1112,67,29,15,,,126.83391607190661,37.20355684469898,126.82594154590726,37.202022480199204,2024-10-24 15:48:43
1113,56,33,15,,,126.8357765130577,37.20602022784946,126.82888864798502,37.20163833974905,2024-10-24 15:49:25
1114,58,33,15,,,126.83524343388585,37.208815049851424,126.82946906866178,37.199703219725286,2024-10-24 15:49:29
1115,46,60,15,,,126.82943901129407,37.21117526338657,126.83262203604134,37.21290800851514,2024-10-24 15:50:03
1116,19,2,15,,,126.82976407094866,37.19414390478388,126.82266936808718,37.20672308815128,2024-10-24 15:50:29
1117,37,61,15,,,126.8213330654375,37.19756747261339,126.83352865518374,37.21610777678915,2024-10-24 15:50:41
1118,59,15,15,,,126.83316328651976,37.20699434043622,126.81632966419811,37.20694263722541,2024-10-24 15:51:18
1119,71,44,15,,,126.84019099223707,37.20551751309905,126.82119451024188,37.188163774104005,2024-10-24 15:51:35
1120,51,34,15,,,126.81953382813016,37.210843484105965,126.82224539873025,37.20267328336627,2024-10-24 15:52:30
1121,10,56,15,,,126.81776976211812,37.20900704162868,126.835769221876,37.20551152808681,2024-10-24 15:52:37
1122,1,8,15,,,126.81649570392561,37.19872116346394,126.8247238632618,37.206502507872756,2024-10-24 15:52:40
1123,15,20,15,,,126.8171561453096,37.20638308865806,126.81489448893326,37.19259907271681,2024-10-24 15:53:01
1124,72,56,15,,,126.81129138932688,37.207897585259886,126.83403946010576,37.20561793275809,2024-10-24 15:53:50
1125,17,56,15,,,126.82569725639665,37.19665406045207,126.83554507354839,37.20473267439481,2024-10-24 15:54:48
1126,56,33,15,,,126.83512754122359,37.20500273375626,126.83027278869655,37.20108295699937,2024-10-24 15:55:09
1127,10,17,15,,,126.8171511514318,37.20893886720308,126.82584049400673,37.19690777011544,2024-10-24 15:55:22
1128,58,33,15,,,126.83561824876158,37.208286560732795,126.8289129608707,37.2013359943363,2024-10-24 15:55:34
1129,32,11,15,,,126.83288749916609,37.20272722789464,126.81377707664734,37.20915536615339,2024-10-24 15:55:37
1130,19,10,15,,,126.82855273186344,37.19461019893498,126.81662041321293,37.209946823887,2024-10-24 15:55:59
1131,69,30,15,,,126.83676840632474,37.20691229044202,126.83086732436945,37.19886468057352,2024-10-24 15:57:53
1132,54,33,15,,,126.83282807385541,37.209258338677316,126.82897649555302,37.200872353792136,2024-10-24 15:58:17
1133,32,58,15,,,126.83237628994864,37.20102272400496,126.83595220490005,37.20925594094158,2024-10-24 15:58:53
1134,43,34,16,,,126.82415353228004,37.19008920015577,126.82158025322045,37.20303560566319,2024-10-24 16:00:15
1135,42,70,16,,,126.8308485924079,37.196908417941245,126.83868452064621,37.209820199837296,2024-10-24 16:01:16
1136,20,61,16,,,126.8148344495241,37.19202066755107,126.8338233205948,37.215836181358796,2024-10-24 16:01:51
1137,32,18,16,,,126.83206181247414,37.20094123336325,126.82440971790773,37.19539664877967,2024-10-24 16:02:48
1138,33,56,16,,,126.82962748441454,37.20154279379982,126.83580970762661,37.20631383756712,2024-10-24 16:03:52
1139,10,17,16,,,126.81764424429267,37.2085193283494,126.82721213145571,37.197544163314745,2024-10-24 16:04:11
1140,56,31,16,,,126.83419120331335,37.20488441027205,126.82948281284152,37.197680594287085,2024-10-24 16:04:18
1141,33,56,16,,,126.82850967089637,37.19968970568641,126.8348006141148,37.20485073386251,2024-10-24 16:04:38
1142,17,54,16,,,126.82662576066471,37.19681635383058,126.83293321412278,37.209683937102064,2024-10-24 16:05:20
1143,56,41,16,,,126.8356341918283,37.2058807611727,126.83425088184013,37.19816951952418,2024-10-24 16:06:31
1144,32,56,16,,,126.8321675794374,37.20125719255959,126.83525931194639,37.205565136479834,2024-10-24 16:06:42
1145,42,70,16,,,126.8306917085113,37.195185114944714,126.83837320752977,37.20999461960172,2024-10-24 16:07:03
1146,58,33,16,,,126.83598280216069,37.208939488371755,126.82988525741358,37.200017558080795,2024-10-24 16:07:07
1147,2,37,16,,,126.82223076620946,37.20552136821765,126.821326237799,37.19800846559024,2024-10-24 16:07:18
1148,35,32,16,,,126.81853048634997,37.20236466567149,126.8328715898895,37.20168041587635,2024-10-24 16:07:34
1149,1,31,16,,,126.81603874892521,37.19778016526041,126.82962610429969,37.19719188872822,2024-10-24 16:07:42
1150,17,54,16,,,126.82732909494558,37.19693017780459,126.83313225936351,37.20935360070522,2024-10-24 16:07:43
1151,59,41,16,,,126.8318359574104,37.2072932579833,126.83377518938889,37.1969131356497,2024-10-24 16:09:18
1152,54,30,16,,,126.83172261763552,37.2092648710711,126.83125201509206,37.199923695887854,2024-10-24 16:09:33
1153,24,63,16,,,126.8187730747018,37.19090363685727,126.83586297181216,37.21194965864795,2024-10-24 16:09:54
1154,58,33,16,,,126.83421931067194,37.20879893987238,126.82888440241744,37.20095550453755,2024-10-24 16:10:54
1155,72,57,16,,,126.81235771137216,37.20758261104987,126.83127225362797,37.20505669439555,2024-10-24 16:11:02
1156,20,56,16,,,126.81598206896321,37.192592756233225,126.83538348986237,37.20522642571036,2024-10-24 16:11:32
1157,63,2,16,,,126.83546296049416,37.21143067310044,126.82175525566865,37.20532903335009,2024-10-24 16:11:36
1158,10,17,16,,,126.816165965918,37.209663486853586,126.8265539960279,37.19763136675975,2024-10-24 16:11:48
1159,24,53,16,,,126.8188536560223,37.191311292686365,126.82893124040106,37.20598259428792,2024-10-24 16:12:20
1160,59,23,16,,,126.8318889730812,37.207128842373045,126.82078225056733,37.191735102561736,2024-10-24 16:13:39
1161,28,5,16,,,126.83022201151351,37.20363683520916,126.82660624016039,37.20432466828799,2024-10-24 16:14:23
1162,33,56,16,,,126.8288180655917,37.20111628417643,126.83514752415547,37.20471100281801,2024-10-24 16:14:58
1163,56,40,16,,,126.83512980568538,37.206519098513844,126.83068674378379,37.19237514031935,2024-10-24 16:16:19
1164,32,58,16,,,126.83217667435189,37.202215131633295,126.8348078926754,37.207848505971384,2024-10-24 16:16:30
1165,21,24,16,,,126.81880827672063,37.195846974791955,126.81764353860743,37.19026298290318,2024-10-24 16:18:58
1166,64,5,16,,,126.84237277746652,37.202282486072,126.82657311205635,37.20596121365708,2024-10-24 16:19:03
1167,10,17,16,,,126.8171660399426,37.2091182276602,126.82676865302226,37.19616097348195,2024-10-24 16:19:53
1168,62,39,16,,,126.83862232578718,37.212562655576015,126.82170748849502,37.200514903495566,2024-10-24 16:20:08
1169,72,29,16,,,126.81263977046827,37.20665412686615,126.82719155719664,37.20143237789242,2024-10-24 16:20:11
1170,20,16,16,,,126.81579684173704,37.1929009796705,126.82344378583743,37.1919965287138,2024-10-24 16:20:45
1171,17,70,16,,,126.82721278999149,37.196995718469545,126.83684029999945,37.209609595821966,2024-10-24 16:21:19
1172,10,17,16,,,126.81759887043228,37.20893773300832,126.82724262269139,37.197128758096795,2024-10-24 16:21:36
1173,59,64,16,,,126.83283206862363,37.20663220112667,126.84178955973205,37.20237278179732,2024-10-24 16:22:55
1174,54,33,16,,,126.83175751749147,37.210769031557675,126.82992848078904,37.19990215708181,2024-10-24 16:23:03
1175,50,57,16,,,126.82198503032528,37.21116739310085,126.8332174582731,37.203672510348696,2024-10-24 16:24:30
1176,11,58,16,,,126.81389032974478,37.20747652995048,126.83499651047148,37.20752102408636,2024-10-24 16:24:31
1177,11,17,16,,,126.81526171028533,37.20905928470681,126.82652567996199,37.19577132686981,2024-10-24 16:25:12
1178,33,70,16,,,126.83011406780767,37.20097857212218,126.83875306421665,37.20967166690731,2024-10-24 16:25:39
1179,54,7,16,,,126.8322696291149,37.210514942671146,126.82651496834214,37.20781176562651,2024-10-24 16:26:13
1180,50,37,16,,,126.82301532749108,37.21240882436703,126.82139523443816,37.197387736394454,2024-10-24 16:26:14
1181,17,54,16,,,126.82577720151366,37.196480254702685,126.83282776542612,37.21040262100849,2024-10-24 16:26:15
1182,54,33,16,,,126.83275299251899,37.209319459755534,126.82938215347095,37.200281244623625,2024-10-24 16:26:32
1183,31,58,16,,,126.82838052093207,37.19779946480014,126.83415680554944,37.20919921007383,2024-10-24 16:26:37
1184,6,53,16,,,126.82386983322934,37.20431620477674,126.82908047804881,37.20578428041933,2024-10-24 16:27:21
1185,56,17,16,,,126.83586043624697,37.205291389174974,126.82568027825025,37.196921574262504,2024-10-24 16:27:26
1186,26,37,16,,,126.81782903910803,37.194068426156186,126.82153589600013,37.19730397372794,2024-10-24 16:28:11
1187,56,41,16,,,126.83438000772277,37.20465205937551,126.83429619836878,37.196430970924204,2024-10-24 16:28:35
1188,17,54,16,,,126.8263144081647,37.1970161372048,126.83331203127439,37.210041723862986,2024-10-24 16:29:03
1189,42,70,16,,,126.83183756019096,37.195552166151856,126.83824953383464,37.21036474774442,2024-10-24 16:29:26
1190,64,9,16,,,126.84330020198963,37.20341241241813,126.8134004716846,37.20562545017404,2024-10-24 16:29:38
1191,58,33,16,,,126.83536671817016,37.20796141816156,126.82922056863289,37.20144594205106,2024-10-24 16:29:40
1192,11,13,16,,,126.8151561470812,37.20869271576048,126.81672863548049,37.20468827086573,2024-10-24 16:29:40
1193,59,33,16,,,126.8333034217975,37.206667660141214,126.8290889339852,37.20057576460952,2024-10-24 16:29:45
1194,10,17,16,,,126.81792194400558,37.208690610344135,126.82562310871394,37.195908855511256,2024-10-24 16:30:23
1195,23,32,16,,,126.8201642338655,37.191532655702005,126.83147161753129,37.20231156013235,2024-10-24 16:30:29
1196,18,72,16,,,126.82365970412627,37.195714318811305,126.811483899364,37.20764363116895,2024-10-24 16:30:59
1197,72,60,16,,,126.81091911497906,37.20710352335905,126.83226604073951,37.21341548145897,2024-10-24 16:31:03
1198,53,72,16,,,126.82934235480586,37.20681780445899,126.81175081809305,37.20658224301678,2024-10-24 16:31:22
1199,58,17,16,,,126.83545173378603,37.20899931716835,126.8257930574323,37.19632249340945,2024-10-24 16:31:41
1200,10,9,16,,,126.81669160542918,37.20910589525729,126.81428447267912,37.206069738319755,2024-10-24 16:32:55
1201,58,33,16,,,126.83427479846623,37.208488462037344,126.82920391516294,37.20013638252645,2024-10-24 16:33:06
1202,15,42,16,,,126.81773661941904,37.20683881058941,126.83082532439356,37.19538694464655,2024-10-24 16:33:13
1203,10,17,16,,,126.81720232809995,37.208566908060696,126.82560092726466,37.196420396430156,2024-10-24 16:33:13
1204,56,33,16,,,126.83392317769787,37.20480436450839,126.82972775587433,37.201518056776926,2024-10-24 16:33:14
1205,56,41,16,,,126.83408477209541,37.20586701892829,126.83383819986014,37.197848922475224,2024-10-24 16:34:07
1206,63,13,16,,,126.8363487778932,37.21125285700587,126.81723715957732,37.203890854095036,2024-10-24 16:35:37
1207,17,54,16,,,126.82737295620153,37.19773679843786,126.83260176107919,37.210751214128344,2024-10-24 16:35:56
1208,12,18,16,,,126.81859423179156,37.204211093823865,126.82383208249958,37.1949671303219,2024-10-24 16:37:12
1209,56,31,16,,,126.83439601892711,37.20497293154645,126.82835696302428,37.198014257242136,2024-10-24 16:37:46
1210,67,18,16,,,126.83451994363921,37.203623727882736,126.8247037863491,37.19477744098149,2024-10-24 16:39:09
1211,17,54,16,,,126.82736208634516,37.1965035802921,126.83308165350967,37.21032977364924,2024-10-24 16:39:20
1212,58,33,16,,,126.83453058226034,37.208110599230764,126.82896564329526,37.20101948795611,2024-10-24 16:39:34
1213,11,70,16,,,126.81396216587132,37.208045669964,126.8375818632893,37.20930510852842,2024-10-24 16:40:17
1214,56,33,16,,,126.83474117419256,37.20641674957688,126.82985939879447,37.20128060647086,2024-10-24 16:40:31
1215,2,36,16,,,126.8219477627158,37.20601898527717,126.82437358001415,37.19831570431054,2024-10-24 16:41:15
1216,42,69,16,,,126.8318418502112,37.19590066204599,126.83767551885514,37.205940576217685,2024-10-24 16:41:39
1217,32,54,16,,,126.83271593711608,37.20258258875461,126.832206064056,37.209863409307076,2024-10-24 16:41:40
1218,11,17,16,,,126.81413430608421,37.20922997661364,126.82599398877201,37.19602475163571,2024-10-24 16:41:44
1219,10,17,16,,,126.81752433254759,37.20995794107547,126.82631156828683,37.197091403029134,2024-10-24 16:43:25
1220,33,58,16,,,126.8302298640529,37.19990936312685,126.83534245103796,37.20763142735024,2024-10-24 16:43:33
1221,36,66,16,,,126.82493552858894,37.19841121987619,126.83775423886517,37.204446659828086,2024-10-24 16:43:36
1222,53,26,16,,,126.82983169006276,37.205478232246875,126.81751405779917,37.1944495416219,2024-10-24 16:44:10
1223,55,11,16,,,126.82933104747777,37.20837359194573,126.8139405859219,37.20735704931144,2024-10-24 16:44:17
1224,54,33,16,,,126.8334862461809,37.209231600507586,126.82879963848062,37.200902527030465,2024-10-24 16:44:38
1225,17,56,16,,,126.82556178328305,37.197690462335515,126.8355049261894,37.20591029462118,2024-10-24 16:45:18
1226,43,31,16,,,126.82257692508146,37.18983940179171,126.82887288200146,37.197509947377256,2024-10-24 16:45:22
1227,54,33,16,,,126.83355206800378,37.21023971377243,126.82938739616414,37.2014061829235,2024-10-24 16:45:33
1228,37,43,16,,,126.82090755492271,37.19796336472947,126.82242170425366,37.18938236621313,2024-10-24 16:45:34
1229,15,9,16,,,126.81580987486979,37.20577405550277,126.81339052405396,37.20573868539539,2024-10-24 16:45:44
1230,54,17,16,,,126.8318416133939,37.20991199673684,126.82687626781234,37.19703522277982,2024-10-24 16:47:01
1231,33,56,16,,,126.82894081303316,37.20165221255836,126.83392568204144,37.20466407527128,2024-10-24 16:47:07
1232,56,33,16,,,126.83419490543059,37.20489670413136,126.82921511163944,37.20020768235953,2024-10-24 16:47:15
1233,70,19,16,,,126.83688597430795,37.21007674208041,126.82882472779703,37.195097072209734,2024-10-24 16:50:04
1234,54,33,16,,,126.83352152004807,37.210352165918465,126.82859745432188,37.19973953819921,2024-10-24 16:50:35
1235,21,32,16,,,126.81792590889556,37.19556597165162,126.8313014969966,37.20193004497272,2024-10-24 16:50:36
1236,31,54,16,,,126.82993513976756,37.19874678918772,126.8330389083417,37.20966079711727,2024-10-24 16:50:56
1237,72,12,16,,,126.8121054397175,37.206200848057044,126.81851283558262,37.20568852946568,2024-10-24 16:51:24
1238,39,7,16,,,126.82126161316963,37.199363679827556,126.82681790952029,37.20902347331037,2024-10-24 16:53:03
1239,59,15,16,,,126.83190321169243,37.206598043333365,126.81661186027962,37.20599719391864,2024-10-24 16:53:10
1240,10,12,16,,,126.8171445995013,37.21029867279215,126.81963567789266,37.20447306334375,2024-10-24 16:53:32
1241,56,31,16,,,126.83513361271875,37.206337652713444,126.82812148192271,37.19840560891391,2024-10-24 16:54:00
1242,55,45,16,,,126.83020900123866,37.20830710095941,126.8241922206331,37.21325234027562,2024-10-24 16:54:10
1243,58,19,16,,,126.83582064285831,37.207757089436086,126.8288612187942,37.19585779750051,2024-10-24 16:54:22
1244,31,59,16,,,126.82944720808067,37.19774792688586,126.83281340018644,37.2083013030429,2024-10-24 16:54:25
1245,72,8,16,,,126.81083786555689,37.20756930908669,126.82378272000308,37.20694116368611,2024-10-24 16:54:28
1246,19,56,16,,,126.82820120544424,37.194624064648394,126.8351040027461,37.206033021618666,2024-10-24 16:54:29
1247,56,17,16,,,126.83458341592858,37.20504820157319,126.8268814762523,37.19744143213756,2024-10-24 16:54:55
1248,15,43,16,,,126.81669872667366,37.20635466812834,126.82348256915897,37.1906362909989,2024-10-24 16:55:01
1249,41,56,16,,,126.83411694999248,37.196725284983685,126.83576590230459,37.20562636286576,2024-10-24 16:55:29
1250,10,17,16,,,126.81764990857033,37.209531073169785,126.82669559767717,37.196424456727456,2024-10-24 16:55:34
1251,55,47,16,,,126.82998083645292,37.208325178879164,126.82696658045128,37.211445486379,2024-10-24 16:55:48
1252,29,1,16,,,126.82618868677343,37.201632506292334,126.8157189998177,37.197874773224534,2024-10-24 16:55:56
1253,54,33,16,,,126.83360503670428,37.21081703066742,126.82899284358919,37.19969861943625,2024-10-24 16:56:57
1254,56,31,16,,,126.83433519338308,37.20657230407278,126.82843711656757,37.196941458730045,2024-10-24 16:57:06
1255,14,61,16,,,126.82015095357674,37.208452969339696,126.83411534216872,37.21513352372197,2024-10-24 16:57:34
1256,46,45,16,,,126.83083523272435,37.212383709795226,126.82451599908634,37.21172183533292,2024-10-24 16:57:37
1257,17,54,16,,,126.8268298794442,37.19723146700172,126.83352501732786,37.2097319753901,2024-10-24 16:57:48
1258,62,19,16,,,126.83787967951585,37.21228645220148,126.8283058962471,37.195555507923224,2024-10-24 16:58:08
1259,72,70,16,,,126.81157045872449,37.20691684299526,126.83853949850113,37.20980633390448,2024-10-24 16:59:29
1260,56,33,17,,,126.83542339777688,37.20619230390903,126.82852990814115,37.199750816745976,2024-10-24 17:01:17
1261,33,56,17,,,126.82877892950444,37.2014093702659,126.83519807377057,37.206537816716924,2024-10-24 17:01:30
1262,32,59,17,,,126.83293837498076,37.20133284360566,126.8317117023022,37.20746064751342,2024-10-24 17:01:32
1263,42,70,17,,,126.83223263768943,37.19591865299931,126.83700369546175,37.209431474681054,2024-10-24 17:01:41
1264,58,33,17,,,126.83545190152321,37.20781239294818,126.83008367383555,37.20122454780342,2024-10-24 17:02:14
1265,56,41,17,,,126.83524390255519,37.20477541401528,126.83480054195515,37.19770505582169,2024-10-24 17:02:57
1266,42,70,17,,,126.83094118334985,37.196331695574784,126.83838129991068,37.209592396982835,2024-10-24 17:03:45
1267,72,56,17,,,126.81137041648802,37.207220541245526,126.83420967501613,37.2049384066706,2024-10-24 17:04:05
1268,32,11,17,,,126.8327671837321,37.201123211886596,126.81410727625773,37.20743175081697,2024-10-24 17:04:28
1269,56,31,17,,,126.83463224872911,37.20584070193975,126.8289623582932,37.197811257449516,2024-10-24 17:04:33
1270,10,17,17,,,126.8173916783901,37.20910802087556,126.82599879940871,37.196831480895504,2024-10-24 17:04:49
1271,56,41,17,,,126.83540112573411,37.20493403324841,126.83439530303208,37.19675070659969,2024-10-24 17:06:11
1272,58,33,17,,,126.83511418689285,37.20859636504936,126.82939305814976,37.20077335066175,2024-10-24 17:07:28
1273,58,17,17,,,126.83476164001415,37.20898147349509,126.8264450746088,37.19670144363363,2024-10-24 17:07:42
1274,56,33,17,,,126.83575554921347,37.20628060878105,126.82893742030912,37.20062481932411,2024-10-24 17:07:57
1275,58,33,17,,,126.83476219786489,37.20822591435562,126.82923358585506,37.20041845599027,2024-10-24 17:08:07
1276,56,33,17,,,126.83419344838087,37.206356549711344,126.82856496173969,37.200118931725704,2024-10-24 17:08:47
1277,56,33,17,,,126.83475833985337,37.206605138428095,126.8285377177659,37.20119183023992,2024-10-24 17:08:53
1278,33,56,17,,,126.82892726338679,37.20146234671007,126.83436229358433,37.206221454704604,2024-10-24 17:09:00
1279,56,33,17,,,126.83465475809832,37.2056792607855,126.82899489955999,37.200635580913875,2024-10-24 17:09:20
1280,54,33,17,,,126.83286775983859,37.210864497558504,126.82892073565452,37.19995306143024,2024-10-24 17:09:31
1281,33,70,17,,,126.83016989595689,37.20156136097246,126.83875903352576,37.20885163583364,2024-10-24 17:09:55
1282,56,31,17,,,126.83566536423696,37.205282281515814,126.8284168389738,37.19712128042639,2024-10-24 17:09:58
1283,54,33,17,,,126.83252716938073,37.210625402038524,126.82833865495964,37.20043800810085,2024-10-24 17:10:05
1284,33,56,17,,,126.82854810804703,37.199988292290804,126.83505778005006,37.206630465369074,2024-10-24 17:10:28
1285,56,33,17,,,126.83421783953753,37.204847755009105,126.82869110694735,37.20010800986781,2024-10-24 17:11:07
1286,54,33,17,,,126.83361260977097,37.21080482006405,126.83010713103053,37.20051344726125,2024-10-24 17:11:10
1287,58,33,17,,,126.83440205595367,37.20844161381942,126.82928918323081,37.20109722924362,2024-10-24 17:11:12
1288,58,19,17,,,126.83608349445763,37.20758807542445,126.82905611077848,37.194712092049826,2024-10-24 17:11:31
1289,32,58,17,,,126.83291247962951,37.20132325009715,126.83468496494166,37.20767738444331,2024-10-24 17:12:12
1290,33,56,17,,,126.82999293673116,37.20161219504287,126.8352414416401,37.20602863783088,2024-10-24 17:12:26
1291,56,32,17,,,126.83510625468415,37.206172298051236,126.83164443949096,37.20108077656318,2024-10-24 17:12:30
1292,11,70,17,,,126.81462398805276,37.2083364009692,126.83832328747948,37.21001428942788,2024-10-24 17:16:17
1293,56,31,17,,,126.83486081113472,37.20589891138791,126.82832938863818,37.198238775835954,2024-10-24 17:17:36
1294,56,31,17,,,126.83518122397821,37.20536524618883,126.82818765107153,37.19876059835611,2024-10-24 17:18:36
1295,58,33,17,,,126.83418937344243,37.20809962016908,126.82998814168141,37.19975601976851,2024-10-24 17:19:25
1296,70,18,17,,,126.83741337373718,37.20906983949811,126.82433044538114,37.195836033976924,2024-10-24 17:19:37
1297,37,72,17,,,126.82176906997866,37.198362814825565,126.81197564261261,37.208164133546134,2024-10-24 17:19:47
1298,56,32,17,,,126.83578136374759,37.205702143952735,126.83253211064503,37.201774237707895,2024-10-24 17:19:54
1299,56,32,17,,,126.83527866401069,37.20629656328616,126.8323701132086,37.201348649339685,2024-10-24 17:21:35
1300,33,56,17,,,126.82861016180689,37.201621827990444,126.8358596610659,37.20553977748652,2024-10-24 17:21:38
1301,69,30,17,,,126.83790979011467,37.205798470523824,126.83180456447529,37.19877587484852,2024-10-24 17:22:15
1302,58,19,17,,,126.83490264170298,37.20844608019937,126.8293385379623,37.19494872029018,2024-10-24 17:22:23
1303,70,33,17,,,126.83795158978872,37.20908625916243,126.829168485158,37.2007279101785,2024-10-24 17:22:59
1304,69,30,17,,,126.83719329633672,37.20605696971633,126.83117856208305,37.19986978427408,2024-10-24 17:23:10
1305,56,33,17,,,126.83451809822654,37.204987333612195,126.82855146715889,37.20115470329691,2024-10-24 17:23:21
1306,54,33,17,,,126.833626935681,37.2098961845607,126.82848947063923,37.2014143863359,2024-10-24 17:23:32
1307,33,56,17,,,126.82978969186527,37.20050604281041,126.8342868510255,37.204685883889866,2024-10-24 17:23:40
1308,70,33,17,,,126.83812180682625,37.21013083279743,126.82992252680128,37.20026947689358,2024-10-24 17:23:42
1309,58,33,17,,,126.83530101342544,37.20907776145725,126.82956457937784,37.20119617090507,2024-10-24 17:23:48
1310,56,41,17,,,126.83490999853873,37.204964033965,126.83371944537126,37.19765306345771,2024-10-24 17:24:02
1311,17,12,17,,,126.82641275139058,37.19756550631776,126.81835633157303,37.204634519924696,2024-10-24 17:24:04
1312,56,33,17,,,126.83479260552353,37.20492094725684,126.8293605155961,37.20164094633304,2024-10-24 17:24:45
1313,10,17,17,,,126.81609192578264,37.20926896809001,126.82670196476303,37.196502506233415,2024-10-24 17:24:57
1314,56,41,17,,,126.83427898126594,37.2060391851065,126.83345044933634,37.19754300667512,2024-10-24 17:25:01
1315,23,32,17,,,126.82170416578018,37.19239292977646,126.83288097754368,37.20236409647505,2024-10-24 17:25:07
1316,33,56,17,,,126.82985377285166,37.201607230961116,126.83461497149884,37.20473755716595,2024-10-24 17:25:23
1317,17,58,17,,,126.82637807325658,37.19646009340517,126.83437849833776,37.208512019800345,2024-10-24 17:25:27
1318,54,33,17,,,126.83249080970207,37.20937037105115,126.8291433014053,37.20149460385697,2024-10-24 17:25:39
1319,69,30,17,,,126.83723909727905,37.20686442236186,126.83175176206454,37.198126380114715,2024-10-24 17:25:47
1320,58,33,17,,,126.83482336552433,37.20765335470058,126.82901681189836,37.20038051502571,2024-10-24 17:25:58
1321,58,19,17,,,126.83545017599582,37.20833477130294,126.82815292424192,37.194204840577335,2024-10-24 17:27:03
1322,58,19,17,,,126.83546643348942,37.208170849215875,126.82984123552208,37.195935106392675,2024-10-24 17:27:19
1323,58,19,17,,,126.83608822117901,37.208848728834205,126.82965104437972,37.19551769307632,2024-10-24 17:27:20
1324,58,19,17,,,126.83580929773193,37.207704178937526,126.82842322578315,37.195485229757814,2024-10-24 17:27:35
1325,33,56,17,,,126.82962579438076,37.200823192075504,126.83488102649135,37.20621656801879,2024-10-24 17:28:06
1326,69,30,17,,,126.83798617149412,37.20625695305095,126.83274657439242,37.19910690723575,2024-10-24 17:28:45
1327,70,33,17,,,126.83744543913176,37.20986644269337,126.82881680296316,37.200494411365696,2024-10-24 17:29:33
1328,33,56,17,,,126.82868326654359,37.20018659725886,126.83397810788543,37.2057678937778,2024-10-24 17:30:05
1329,33,56,17,,,126.82955153383715,37.20157821057535,126.83497936307907,37.20496449905791,2024-10-24 17:31:07
1330,58,33,17,,,126.83584178240834,37.20841047671257,126.82909704301666,37.200679152961875,2024-10-24 17:32:04
1331,56,17,17,,,126.8352405566318,37.20489127314161,126.82576436405998,37.19634501830816,2024-10-24 17:32:15
1332,58,33,17,,,126.83488867487937,37.20864074483943,126.8298472149122,37.201018758431836,2024-10-24 17:33:46
1333,58,19,17,,,126.83554254129963,37.2089832019609,126.82794740624489,37.19514909300281,2024-10-24 17:33:50
1334,58,33,17,,,126.8360178854784,37.207920298188114,126.82978987008924,37.19972522990104,2024-10-24 17:33:56
1335,58,33,17,,,126.8356690785804,37.20801643586851,126.82881565309813,37.1998818562004,2024-10-24 17:34:54
1336,56,31,17,,,126.83394381986916,37.206108833834065,126.82925353026401,37.19736936000654,2024-10-24 17:34:59
1337,10,17,17,,,126.81735948304599,37.21022890679931,126.82562755253373,37.19754559605351,2024-10-24 17:35:08
1338,70,33,17,,,126.838345617629,37.209445986509394,126.82835148002165,37.200026984566136,2024-10-24 17:35:10
1339,33,56,17,,,126.8301551413293,37.20026890240341,126.8349075635398,37.2054520439554,2024-10-24 17:36:25
1340,58,33,17,,,126.83603824045906,37.20855189466975,126.82917508618868,37.199728979910745,2024-10-24 17:36:54
1341,35,32,17,,,126.81868637616435,37.20292456047649,126.83194704711704,37.202157407434946,2024-10-24 17:37:17
1342,56,33,17,,,126.835513890274,37.206047449069466,126.83014633569748,37.20050047537921,2024-10-24 17:37:37
1343,54,33,17,,,126.83280772107337,37.21011771442301,126.82871278850034,37.20149552708618,2024-10-24 17:37:56
1344,56,33,17,,,126.83557156207185,37.20586977601175,126.82937846468474,37.200717088513734,2024-10-24 17:38:08
1345,56,41,17,,,126.83554790271778,37.204779593370745,126.83429347780775,37.19772244334471,2024-10-24 17:38:55
1346,56,41,17,,,126.83571107944242,37.205053721666054,126.83393886765987,37.19656551892793,2024-10-24 17:41:04
1347,54,33,17,,,126.83355869275276,37.210403630137534,126.82903640311571,37.2014826767648,2024-10-24 17:41:10
1348,71,22,17,,,126.84086908528752,37.205694205827804,126.8163460675625,37.19613141162264,2024-10-24 17:41:56
1349,70,33,17,,,126.83700264886963,37.21002530534999,126.82850374060774,37.20135415663237,2024-10-24 17:42:38
1350,70,11,17,,,126.83839303241653,37.21023419748704,126.81439757929901,37.20893789429409,2024-10-24 17:43:22
1351,58,33,17,,,126.83566822368644,37.20896187409516,126.82871813688632,37.20125124569482,2024-10-24 17:45:07
1352,58,42,17,,,126.83460232364611,37.207947112374974,126.83072076733039,37.19573959221197,2024-10-24 17:45:08
1353,58,33,17,,,126.83514266898132,37.20845445269059,126.8299332365722,37.200750659093885,2024-10-24 17:45:11
1354,33,56,17,,,126.82999808911819,37.2010595100258,126.83451689438465,37.205533431900314,2024-10-24 17:45:27
1355,54,17,17,,,126.83362356743841,37.21110872189078,126.82638655016682,37.19655848746742,2024-10-24 17:45:50
1356,58,19,17,,,126.83415865115823,37.208193537391665,126.82921038007532,37.19538314658133,2024-10-24 17:46:21
1357,58,33,17,,,126.83473858469165,37.20811256637379,126.829834616265,37.200912248101744,2024-10-24 17:46:22
1358,58,19,17,,,126.83502099120957,37.2094110126966,126.82844736776863,37.19514266053936,2024-10-24 17:46:54
1359,56,17,17,,,126.83396561487785,37.205932490984175,126.82639171989635,37.19729907695323,2024-10-24 17:46:57
1360,69,30,17,,,126.83720407945401,37.20585471575259,126.83081446880979,37.198606117282694,2024-10-24 17:46:58
1361,56,32,17,,,126.83497757035457,37.20536796464755,126.83128666079485,37.20144976345706,2024-10-24 17:46:59
1362,69,30,17,,,126.83726618946652,37.2070739378711,126.83230485263046,37.19893646581373,2024-10-24 17:47:09
1363,32,59,17,,,126.83130022190745,37.20104241280772,126.83335185709835,37.20678628991424,2024-10-24 17:47:35
1364,70,33,17,,,126.83719181107715,37.20957197752887,126.82963588580945,37.20066419012712,2024-10-24 17:48:00
1365,11,32,17,,,126.81474458552398,37.20739114514498,126.83296172901419,37.20115592990797,2024-10-24 17:48:07
1366,21,22,17,,,126.81922743923622,37.196406681800944,126.81579679419073,37.19606104215142,2024-10-24 17:48:27
1367,58,19,17,,,126.83532037941032,37.208990598930406,126.82946815758052,37.195547434644645,2024-10-24 17:48:42
1368,56,41,17,,,126.83447244329105,37.205026014333335,126.83431005330496,37.1979992758618,2024-10-24 17:48:51
1369,56,41,17,,,126.83433676048094,37.20484029072996,126.83465131250837,37.197204345822406,2024-10-24 17:49:31
1370,54,33,17,,,126.83315494377761,37.21096908424704,126.82919928210427,37.20049700241538,2024-10-24 17:49:41
1371,41,70,17,,,126.83331596215382,37.19715391774556,126.8370524853948,37.20989554597264,2024-10-24 17:49:56
1372,10,17,17,,,126.81790236809988,37.208877841100865,126.8269945769528,37.1968545104545,2024-10-24 17:51:23
1373,50,37,17,,,126.82142447146502,37.21105636801352,126.82115166283101,37.19750042829948,2024-10-24 17:52:22
1374,10,17,17,,,126.81725108753683,37.20970759270243,126.82727010597752,37.19644102959391,2024-10-24 17:53:46
1375,56,17,17,,,126.83443408375524,37.20464781264287,126.82707410558898,37.197681693433864,2024-10-24 17:54:00
1376,56,40,17,,,126.83509508205137,37.20596249697964,126.83214380144663,37.19323806257836,2024-10-24 17:54:08
1377,41,56,17,,,126.83504956190278,37.19732641830865,126.83528702367107,37.20552713036138,2024-10-24 17:54:35
1378,70,33,17,,,126.83775332382592,37.210023945320714,126.82937971204747,37.201540108715534,2024-10-24 17:56:14
1379,58,33,17,,,126.83548929435058,37.20759511194848,126.82907953934296,37.20160992796536,2024-10-24 17:56:40
1380,54,33,17,,,126.83277962227758,37.209957013559105,126.82996676998803,37.19975024869324,2024-10-24 17:56:49
1381,56,17,17,,,126.834896930679,37.20581333580162,126.82585465988939,37.197249352287734,2024-10-24 17:56:58
1382,56,41,17,,,126.8346679598215,37.20535256398283,126.83369090875206,37.19662450327974,2024-10-24 17:56:59
1383,58,19,17,,,126.83584662696828,37.20831457792976,126.82947106191865,37.1958243380512,2024-10-24 17:58:23
1384,54,33,17,,,126.83234272190889,37.21024407658698,126.82949563115984,37.20153208885578,2024-10-24 17:59:13
1385,12,17,17,,,126.81866699953024,37.205706869136655,126.82585649389887,37.19725967367088,2024-10-24 17:59:28
1386,58,19,18,,,126.83508731921707,37.20780212530453,126.82960375016057,37.19541844121713,2024-10-24 18:00:54
1387,58,33,18,,,126.83476477976971,37.208302663697204,126.83010002776969,37.19979280400225,2024-10-24 18:01:17
1388,54,33,18,,,126.83199776979231,37.21089816616033,126.82888414515541,37.201224767954656,2024-10-24 18:01:24
1389,12,17,18,,,126.82005787044191,37.2050794568512,126.82688451887545,37.195839259105085,2024-10-24 18:01:26
1390,21,14,18,,,126.81887089457885,37.1971890975468,126.82028471776432,37.207857259969146,2024-10-24 18:01:34
1391,10,17,18,,,126.81761725347873,37.20885505603467,126.82575758989006,37.19708698166688,2024-10-24 18:01:59
1392,70,42,18,,,126.83749420270837,37.210153160384245,126.83100426436903,37.195343331742194,2024-10-24 18:02:10
1393,72,47,18,,,126.81097595974632,37.20719061352845,126.82693620785919,37.21008325463649,2024-10-24 18:02:51
1394,71,13,18,,,126.84016945833264,37.20552884631745,126.81726999782097,37.20450032775082,2024-10-24 18:03:11
1395,58,33,18,,,126.83433840651263,37.20812635471411,126.82917784928267,37.20136104192452,2024-10-24 18:03:28
1396,37,15,18,,,126.82033247116347,37.19688332480229,126.81719859509005,37.206043405122955,2024-10-24 18:03:43
1397,1,33,18,,,126.81680819952366,37.19834513859575,126.82888836257145,37.20019965238156,2024-10-24 18:04:23
1398,10,38,18,,,126.81660613546293,37.208966071888135,126.8250790252293,37.20044687583507,2024-10-24 18:05:43
1399,58,19,18,,,126.83416083130528,37.20770883358199,126.82789795961163,37.194258653762084,2024-10-24 18:05:58
1400,17,54,18,,,126.82680258382138,37.19741844197307,126.83237560111772,37.21020614352168,2024-10-24 18:06:51
1401,19,2,18,,,126.8288989209007,37.19435047363604,126.82259310614683,37.20680895793473,2024-10-24 18:07:33
1402,11,58,18,,,126.81417347388516,37.20789011320954,126.83605971014917,37.208824131497195,2024-10-24 18:07:42
1403,72,56,18,,,126.81152008407153,37.20787319225749,126.83544679603578,37.20547441897039,2024-10-24 18:08:23
1404,56,31,18,,,126.83450954701358,37.20601154716754,126.82894568488366,37.19734759264895,2024-10-24 18:08:43
1405,18,26,18,,,126.8231213899783,37.19469514419817,126.81850476292034,37.19313878565342,2024-10-24 18:09:17
1406,33,58,18,,,126.82894081259353,37.20018659488581,126.83513150070421,37.209415687806086,2024-10-24 18:09:40
1407,38,34,18,,,126.82335600403194,37.20056702090934,126.82106944781374,37.20379059297464,2024-10-24 18:10:06
1408,58,33,18,,,126.83502361136625,37.20893621696561,126.82835352893477,37.2006358765389,2024-10-24 18:10:24
1409,56,31,18,,,126.83496328713036,37.20650425451828,126.82825816147387,37.19814473642122,2024-10-24 18:10:35
1410,8,10,18,,,126.82481900149457,37.206463486869026,126.81623729426607,37.20914999421823,2024-10-24 18:10:57
1411,36,1,18,,,126.8249341639736,37.19813541818499,126.8154187950501,37.19860463444635,2024-10-24 18:11:15
1412,38,70,18,,,126.82481399178849,37.201819585744275,126.83814500855654,37.20966602407729,2024-10-24 18:11:29
1413,58,19,18,,,126.83455153842992,37.20917667866266,126.82916566877067,37.19533207520056,2024-10-24 18:12:50
1414,10,17,18,,,126.8176042666332,37.208393670687066,126.82637638415122,37.196390721377234,2024-10-24 18:13:06
1415,70,17,18,,,126.83780310466908,37.208852157487556,126.827291728843,37.19735660515306,2024-10-24 18:13:37
1416,68,42,18,,,126.84032935467961,37.20173775885667,126.83080907696507,37.19644950606017,2024-10-24 18:14:08
1417,40,72,18,,,126.83226999755912,37.19346699267736,126.81178344277197,37.20722803288726,2024-10-24 18:14:29
1418,32,54,18,,,126.83170782913685,37.201688369568544,126.8330134715121,37.210406223422794,2024-10-24 18:16:01
1419,72,58,18,,,126.81158919381494,37.207845628813814,126.83447560306024,37.208032171202035,2024-10-24 18:16:44
1420,70,42,18,,,126.83713594412936,37.20925361704841,126.83233979879832,37.19677129053229,2024-10-24 18:17:48
1421,28,51,18,,,126.82944029882594,37.202952291672304,126.81986047090236,37.209916025049566,2024-10-24 18:17:52
1422,33,58,18,,,126.8298374012153,37.20089164600562,126.83475910010097,37.20798617048314,2024-10-24 18:17:58
1423,72,70,18,,,126.81215155757472,37.206920874788864,126.83814872370897,37.2092608161116,2024-10-24 18:18:09
1424,17,54,18,,,126.82705201500707,37.19750252941821,126.83261407099133,37.211074465334214,2024-10-24 18:18:42
1425,58,33,18,,,126.83493244021369,37.20753268903203,126.82976350174778,37.2006924943073,2024-10-24 18:19:51
1426,47,13,18,,,126.82788806009246,37.20989906027154,126.81635152113037,37.204068971171324,2024-10-24 18:22:26
1427,11,33,18,,,126.81480038395945,37.20892180164698,126.82980219132573,37.201277466080285,2024-10-24 18:22:28
1428,33,58,18,,,126.82857811244479,37.201421576368304,126.83519392707103,37.20809328937571,2024-10-24 18:23:09
1429,62,38,18,,,126.8380585037476,37.21223160498746,126.8245387964442,37.20149502986147,2024-10-24 18:23:28
1430,58,17,18,,,126.83429661859232,37.20796837501083,126.82563349042827,37.196776529376486,2024-10-24 18:24:15
1431,58,19,18,,,126.83605936269005,37.208839979186514,126.82947547058852,37.19538503333512,2024-10-24 18:24:37
1432,72,48,18,,,126.81122611312514,37.20649006716877,126.83044662657535,37.21462690952727,2024-10-24 18:24:41
1433,10,56,18,,,126.81778161581711,37.209681606486605,126.83558835065543,37.20543670939411,2024-10-24 18:24:48
1434,55,30,18,,,126.83011266361372,37.20906539585191,126.83228802611637,37.198777069929434,2024-10-24 18:26:29
1435,17,54,18,,,126.82724147283302,37.1976246550423,126.83354453323378,37.20979525079705,2024-10-24 18:26:49
1436,21,2,18,,,126.81946619550993,37.197095652868896,126.82138083765084,37.206638311621944,2024-10-24 18:26:51
1437,54,33,18,,,126.83215204869019,37.209703802297604,126.82911210789432,37.20120753783827,2024-10-24 18:27:13
1438,11,58,18,,,126.81450487314088,37.20776574515761,126.83488248943839,37.20843937176243,2024-10-24 18:27:52
1439,17,54,18,,,126.82607106387576,37.19762263468122,126.83350898082148,37.21003820649343,2024-10-24 18:28:11
1440,58,33,18,,,126.83560723609598,37.20915588712413,126.82942288242792,37.20085746196552,2024-10-24 18:28:22
1441,58,19,18,,,126.83472837450083,37.2092121652964,126.82877618541592,37.19520924553351,2024-10-24 18:28:24
1442,46,46,18,,,126.82970299628809,37.212769001346224,126.82939929186418,37.211924396505346,2024-10-24 18:28:25
1443,59,39,18,,,126.83168152904553,37.20815605878639,126.82177679193967,37.20048429844742,2024-10-24 18:28:28
1444,11,50,18,,,126.81353953927855,37.20769315008703,126.82192846884092,37.21092873095166,2024-10-24 18:28:52
1445,56,31,18,,,126.83483804269218,37.20546895810199,126.82971587078575,37.198290905637315,2024-10-24 18:29:00
1446,21,43,18,,,126.81787518360208,37.196543658304996,126.82261395590122,37.190974499878024,2024-10-24 18:29:16
1447,27,29,18,,,126.82682970831303,37.20029773419008,126.82641942046999,37.20339093246345,2024-10-24 18:29:26
1448,58,19,18,,,126.83584945818473,37.20914283402179,126.828038376213,37.19511199382719,2024-10-24 18:29:44
1449,10,17,18,,,126.81782148835833,37.20918230059743,126.82595104337324,37.19617362125906,2024-10-24 18:29:46
1450,37,72,18,,,126.82205109710321,37.19665565180536,126.8115249065252,37.207165823627896,2024-10-24 18:29:47
1451,72,24,18,,,126.8125671613678,37.20777397584481,126.81907894667947,37.19122407734598,2024-10-24 18:29:53
1452,60,40,18,,,126.83193776311246,37.213404240559875,126.83071114544482,37.1928759194583,2024-10-24 18:30:36
1453,58,33,18,,,126.8345357563093,37.208629107140894,126.82998195044303,37.200804643787855,2024-10-24 18:30:41
1454,19,39,18,,,126.82933653333622,37.19499155971707,126.82185936605754,37.19976026482698,2024-10-24 18:30:49
1455,53,51,18,,,126.8302255279043,37.20594672923384,126.82060947030597,37.21088802824928,2024-10-24 18:30:55
1456,23,32,18,,,126.8208017331958,37.192447636946,126.8314055164974,37.20119547262136,2024-10-24 18:30:58
1457,50,37,18,,,126.8226984528186,37.21216191212632,126.82217114972909,37.197331714741445,2024-10-24 18:31:25
1458,21,21,18,,,126.81897920350865,37.195739405248375,126.81837875102246,37.19568038475576,2024-10-24 18:31:34
1459,56,31,18,,,126.83572314513022,37.20551763033081,126.82838743434748,37.19780550836896,2024-10-24 18:31:57
1460,70,17,18,,,126.83723759908185,37.20914683308553,126.82544188063763,37.19586373891386,2024-10-24 18:33:42
1461,11,17,18,,,126.81380206496256,37.209026263041316,126.82701899393751,37.1960141939085,2024-10-24 18:33:53
1462,55,32,18,,,126.82991359921108,37.20879600617344,126.8323716988414,37.20119496514643,2024-10-24 18:35:02
1463,11,17,18,,,126.81448675073447,37.20858556758772,126.82645613972109,37.197319871965554,2024-10-24 18:35:37
1464,12,29,18,,,126.81952530969632,37.204558042099535,126.82765980017729,37.2028017511675,2024-10-24 18:37:43
1465,32,59,18,,,126.83135797021602,37.20082875469967,126.83243332721983,37.206717510594466,2024-10-24 18:38:11
1466,70,42,18,,,126.83733437748116,37.20898772057622,126.83126136581018,37.195796041583435,2024-10-24 18:38:21
1467,21,46,18,,,126.81901384804792,37.19557757388065,126.83105065951422,37.21179849242353,2024-10-24 18:38:43
1468,56,31,18,,,126.8340617947476,37.20473837584174,126.82830548561304,37.196940475445935,2024-10-24 18:38:48
1469,54,9,18,,,126.83339844611221,37.20945211489061,126.81366844030063,37.206045022835816,2024-10-24 18:38:51
1470,47,62,18,,,126.82673757524528,37.21170543281969,126.83710098086152,37.21200246027897,2024-10-24 18:40:18
1471,53,7,18,,,126.829421291313,37.206612910903345,126.82754616202052,37.20711925017519,2024-10-24 18:40:33
1472,32,11,18,,,126.83118978461384,37.20125895590964,126.81399163633321,37.20737463794395,2024-10-24 18:40:46
1473,62,64,18,,,126.83847363018212,37.21306229119324,126.84328290352018,37.20319041292055,2024-10-24 18:41:06
1474,17,54,18,,,126.82650107491007,37.1972281034308,126.83306230862341,37.209847011177956,2024-10-24 18:41:06
1475,32,58,18,,,126.83295427351709,37.20150838007259,126.83439755597666,37.208801178644414,2024-10-24 18:42:18
1476,17,54,18,,,126.82703011496399,37.19640400895747,126.83325052322358,37.21048233349474,2024-10-24 18:43:06
1477,29,4,18,,,126.82587412646446,37.20231684578634,126.82180210077127,37.207951460943995,2024-10-24 18:44:11
1478,58,18,18,,,126.83570543365457,37.20838441248978,126.82281175677477,37.19637481223714,2024-10-24 18:45:09
1479,55,16,18,,,126.82972146311467,37.20830473947369,126.82338834960336,37.192273435708685,2024-10-24 18:45:25
1480,58,19,18,,,126.83574874760609,37.208358550413564,126.8297024129723,37.194717497517075,2024-10-24 18:45:45
1481,27,57,18,,,126.82599028248387,37.19896378507438,126.831280972913,37.205147048071666,2024-10-24 18:46:13
1482,58,33,18,,,126.83586834786074,37.20926880088648,126.82843568274188,37.20012959443647,2024-10-24 18:46:19
1483,17,54,18,,,126.82713952531654,37.19601374777909,126.83244883045427,37.21090876877214,2024-10-24 18:46:46
1484,1,14,18,,,126.81680450954946,37.19860834378272,126.82019140010276,37.20742452577907,2024-10-24 18:46:47
1485,31,58,18,,,126.82851465659832,37.19764539506986,126.83497966137139,37.20822564551272,2024-10-24 18:47:18
1486,38,22,18,,,126.82408436768429,37.20144142148234,126.81633236535232,37.1944871215223,2024-10-24 18:48:24
1487,63,41,18,,,126.83627705595497,37.21169720058063,126.8345820149142,37.197862116770374,2024-10-24 18:49:21
1488,72,54,18,,,126.81095045861457,37.20791698749886,126.83331020999022,37.20992094830914,2024-10-24 18:50:00
1489,63,53,18,,,126.83530209891177,37.21099494134414,126.82908648897828,37.20723878157579,2024-10-24 18:50:08
1490,55,15,18,,,126.82960675207427,37.20972522287048,126.81604924270185,37.20689288107952,2024-10-24 18:50:14
1491,58,19,18,,,126.83510652445712,37.20866242948239,126.82981403290295,37.195271827506126,2024-10-24 18:50:48
1492,54,33,18,,,126.83198015774828,37.21110233940406,126.8299164742198,37.20026287618561,2024-10-24 18:51:22
1493,17,54,18,,,126.82582639242881,37.1962405611515,126.83350367002704,37.21097396794937,2024-10-24 18:51:39
1494,17,54,18,,,126.8266888044691,37.195873837887405,126.83325392706018,37.21045378717688,2024-10-24 18:52:01
1495,19,10,18,,,126.8290542213685,37.19429501466712,126.81788901355564,37.20915889474968,2024-10-24 18:52:05
1496,58,33,18,,,126.83508105764426,37.208385505713004,126.82864648436377,37.19970941652081,2024-10-24 18:52:32
1497,72,38,18,,,126.81220617966524,37.20739714716168,126.82481606873156,37.20221447942916,2024-10-24 18:53:21
1498,11,70,18,,,126.81405190727662,37.20913107789938,126.83846146393152,37.20997087175698,2024-10-24 18:53:32
1499,54,17,18,,,126.83181333660265,37.209304544541816,126.8261684013061,37.197673440618885,2024-10-24 18:54:29
1500,12,19,18,,,126.81962877648961,37.20567035822733,126.82834554077702,37.19561243417857,2024-10-24 18:54:32
1501,32,56,18,,,126.83249570945043,37.20194296885369,126.83441604347377,37.20473394303618,2024-10-24 18:54:46
1502,58,19,18,,,126.8345032542509,37.20783303806973,126.82907429486539,37.195528887395696,2024-10-24 18:55:17
1503,55,31,18,,,126.8293592611248,37.20884898854311,126.82827611619219,37.19811165815158,2024-10-24 18:55:21
1504,20,50,18,,,126.81523302384763,37.19210219711346,126.82211457329863,37.210669311576666,2024-10-24 18:56:26
1505,33,58,18,,,126.82903545779392,37.200227784163445,126.83593866482198,37.208318826639655,2024-10-24 18:56:59
1506,10,70,18,,,126.8162340418406,37.20861938264355,126.83868460409394,37.21000849011292,2024-10-24 18:57:31
1507,10,27,18,,,126.81745512510786,37.208422727082926,126.82574019728575,37.200149526224784,2024-10-24 18:58:11
1508,36,39,18,,,126.82421833822674,37.19935003795445,126.82086227222439,37.20011888426181,2024-10-24 18:58:14
1509,27,8,18,,,126.8261619484337,37.20021188358733,126.82438068398548,37.20744347965817,2024-10-24 18:58:50
1510,58,19,18,,,126.83500067731049,37.208805472126954,126.82865605680459,37.194070659195376,2024-10-24 18:59:30
1511,71,38,18,,,126.84039438541286,37.20501943141701,126.82502211247242,37.201732522275904,2024-10-24 18:59:38
1512,11,58,19,,,126.8152918123771,37.20816342763777,126.83611107962705,37.20906942972634,2024-10-24 19:00:21
1513,69,30,19,,,126.83674171685529,37.20644934957236,126.8310054234146,37.19799096394595,2024-10-24 19:00:27
1514,55,45,19,,,126.82902611279917,37.20855555800805,126.82590710278177,37.21214390492928,2024-10-24 19:00:38
1515,31,68,19,,,126.82996258489014,37.19709085199149,126.83886879324302,37.20153233122899,2024-10-24 19:01:16
1516,69,30,19,,,126.83716245630956,37.20612196102035,126.83129904253437,37.198368818849445,2024-10-24 19:02:01
1517,17,54,19,,,126.82564110387307,37.19681519523942,126.83242080794588,37.20980332367846,2024-10-24 19:02:44
1518,66,50,19,,,126.83820970306586,37.203899802915004,126.8227658152873,37.21177804777593,2024-10-24 19:02:52
1519,56,33,19,,,126.83435782612028,37.20641052417628,126.82915439751561,37.20022164892579,2024-10-24 19:02:58
1520,59,33,19,,,126.83207098128076,37.20649875996301,126.8302337560802,37.20053747912066,2024-10-24 19:03:00
1521,11,58,19,,,126.81520859731759,37.20877025320275,126.83527795002966,37.208356128373964,2024-10-24 19:03:15
1522,17,70,19,,,126.82601594737388,37.197643281552146,126.83718488746483,37.20910649389846,2024-10-24 19:03:19
1523,31,41,19,,,126.82913372884897,37.19876487125238,126.83424107792925,37.197697072425925,2024-10-24 19:03:36
1524,58,33,19,,,126.8353854498928,37.208061596750134,126.82966940229237,37.19979736338258,2024-10-24 19:03:44
1525,56,32,19,,,126.83540067658514,37.20581924846056,126.83286635257085,37.20100136654241,2024-10-24 19:04:27
1526,41,42,19,,,126.8340507879064,37.197164298298695,126.83232319564908,37.19558287406698,2024-10-24 19:04:28
1527,58,33,19,,,126.83537221258047,37.20901015354569,126.82956497089253,37.20119398000529,2024-10-24 19:04:58
1528,56,41,19,,,126.83430248334348,37.206476909736445,126.83336148857619,37.19685440454579,2024-10-24 19:05:04
1529,33,58,19,,,126.82952798301972,37.201279624912615,126.83422304675719,37.20826225033262,2024-10-24 19:05:46
1530,17,54,19,,,126.82622285916457,37.196972840669076,126.8328154179334,37.20943520735002,2024-10-24 19:08:06
1531,17,54,19,,,126.82643199041664,37.197705703854666,126.83306082983493,37.210251756707024,2024-10-24 19:08:49
1532,15,27,19,,,126.81667899753899,37.20647546333886,126.82668205394634,37.19932364716739,2024-10-24 19:08:52
1533,70,33,19,,,126.8370803225593,37.21030497554328,126.8293793827999,37.20004506511822,2024-10-24 19:09:51
1534,1,20,19,,,126.81617556610595,37.198583696136374,126.81494541785571,37.1930214677247,2024-10-24 19:10:20
1535,35,32,19,,,126.81838915272466,37.201544061853184,126.83130768051132,37.202283114104546,2024-10-24 19:11:28
1536,42,70,19,,,126.83162595511665,37.19667944048079,126.83864171866281,37.20938703421197,2024-10-24 19:11:28
1537,51,46,19,,,126.82048520110212,37.2102457151958,126.83073561189941,37.21233477430301,2024-10-24 19:11:50
1538,69,30,19,,,126.83770326445186,37.206403350266484,126.83081802888552,37.198288011630154,2024-10-24 19:11:53
1539,58,33,19,,,126.83415765663382,37.20767466778189,126.8295000463744,37.20109238165268,2024-10-24 19:13:08
1540,56,19,19,,,126.83504014380377,37.20596259613532,126.8289964695861,37.195399595959934,2024-10-24 19:13:13
1541,63,55,19,,,126.83504055306575,37.21184495782292,126.83037611261341,37.20944823675661,2024-10-24 19:13:44
1542,49,52,19,,,126.82794848578834,37.21358235465974,126.83104269535988,37.21659136196079,2024-10-24 19:14:22
1543,44,52,19,,,126.82061046608881,37.18914826008827,126.83113737113028,37.21665058218909,2024-10-24 19:14:31
1544,56,17,19,,,126.8348963470513,37.205111435180505,126.82596713216229,37.19649563859908,2024-10-24 19:15:05
1545,24,22,19,,,126.81780762293057,37.19151303750904,126.8162337251045,37.19435377918338,2024-10-24 19:15:53
1546,11,60,19,,,126.81389498224198,37.207957807586745,126.83332585819944,37.21357879020474,2024-10-24 19:15:57
1547,38,67,19,,,126.82434090642921,37.20182397991921,126.83518917988978,37.202813183175905,2024-10-24 19:16:21
1548,70,17,19,,,126.83756343371532,37.20927881060753,126.82645947292794,37.19611235985523,2024-10-24 19:16:23
1549,11,17,19,,,126.81393379543154,37.208921591290114,126.82641616862068,37.19661513200833,2024-10-24 19:16:28
1550,42,34,19,,,126.83172322925203,37.196223543681796,126.8222340944798,37.202257265588294,2024-10-24 19:18:22
1551,56,33,19,,,126.83494532024653,37.204886354685925,126.82934878720496,37.20065693229525,2024-10-24 19:18:42
1552,11,17,19,,,126.81434925446575,37.20768460234807,126.8260870372059,37.19639414506888,2024-10-24 19:19:22
1553,69,30,19,,,126.83785692369634,37.20660453151948,126.83149486330292,37.19975634629858,2024-10-24 19:19:50
1554,17,56,19,,,126.82698802684841,37.19674149132267,126.8350879781964,37.204927198904414,2024-10-24 19:20:04
1555,37,39,19,,,126.82214390169756,37.196939472291135,126.82058818855123,37.20103790807464,2024-10-24 19:22:07
1556,67,60,19,,,126.83443622353965,37.203441766908625,126.83354831790933,37.212809836812376,2024-10-24 19:22:37
1557,58,33,19,,,126.83577634706104,37.20912368962722,126.82878776070905,37.20070513295371,2024-10-24 19:23:15
1558,10,17,19,,,126.81656973860234,37.20835406680674,126.82724652062957,37.196825223712814,2024-10-24 19:23:29
1559,56,17,19,,,126.83554129135621,37.20502594264572,126.82702244843503,37.197020113357986,2024-10-24 19:24:25
1560,53,49,19,,,126.82947836895056,37.206951831967416,126.8282853901425,37.213017129250474,2024-10-24 19:25:41
1561,19,58,19,,,126.82930625610936,37.19498528385403,126.83565698193225,37.20867007402256,2024-10-24 19:25:45
1562,58,33,19,,,126.83498929095093,37.20838707278836,126.82851682923263,37.20090620427306,2024-10-24 19:26:12
1563,40,72,19,,,126.83086531790394,37.19419861200736,126.81174810932073,37.20681267496521,2024-10-24 19:26:17
1564,11,17,19,,,126.8148060156967,37.208707330681335,126.82738946738536,37.196021651533584,2024-10-24 19:26:37
1565,56,17,19,,,126.83446342481619,37.204864812348234,126.82574657363904,37.19677029151911,2024-10-24 19:27:02
1566,11,1,19,,,126.81508786061694,37.20880793398582,126.8161911325431,37.19724584546561,2024-10-24 19:27:36
1567,36,47,19,,,126.82306286131114,37.19886154948163,126.82688835108303,37.21176938260394,2024-10-24 19:27:48
1568,58,33,19,,,126.83533223117576,37.20792487857016,126.82833548646863,37.2009852309275,2024-10-24 19:28:03
1569,17,54,19,,,126.82569431180897,37.1974172639022,126.83309418955989,37.209447722449596,2024-10-24 19:28:27
1570,19,10,19,,,126.82848559287673,37.19499718162268,126.81668582360837,37.20924301119527,2024-10-24 19:28:30
1571,59,15,19,,,126.83268934933808,37.207340576203514,126.81606201477675,37.2058948040094,2024-10-24 19:28:44
1572,2,8,19,,,126.82175048202267,37.20569644759855,126.82532131791405,37.206868099727096,2024-10-24 19:29:16
1573,24,49,19,,,126.81842146022557,37.19118437426244,126.82816387570608,37.214394663123294,2024-10-24 19:30:14
1574,56,41,19,,,126.83469244747742,37.20527540322242,126.83499599724475,37.196865366909435,2024-10-24 19:30:38
1575,43,12,19,,,126.823898997569,37.18914201830947,126.81948887141495,37.205710890559615,2024-10-24 19:30:50
1576,17,54,19,,,126.82689861205836,37.196716351365076,126.83241055254382,37.21108161361595,2024-10-24 19:31:05
1577,67,54,19,,,126.83416243801223,37.20307506432926,126.83357706488253,37.2106626468489,2024-10-24 19:31:50
1578,64,7,19,,,126.8421788476023,37.20345300296471,126.82822756208691,37.208188377673906,2024-10-24 19:31:54
1579,60,64,19,,,126.83258194989425,37.212626560508056,126.84153272041804,37.2029911383484,2024-10-24 19:32:03
1580,20,71,19,,,126.81619278675244,37.1927199567683,126.83935337881442,37.20532309802124,2024-10-24 19:34:27
1581,14,26,19,,,126.82011671364924,37.207768743345824,126.81754911989329,37.193250225643524,2024-10-24 19:35:15
1582,34,26,19,,,126.82122249347186,37.202689011626134,126.81755181149592,37.192756979826186,2024-10-24 19:36:02
1583,52,13,19,,,126.83141244582258,37.21672191030196,126.8166404801814,37.2040102252947,2024-10-24 19:36:44
1584,58,33,19,,,126.83583293809569,37.20756306088882,126.82954887733007,37.20046914899042,2024-10-24 19:38:10
1585,63,52,19,,,126.83520157149924,37.211991834619795,126.83005974904607,37.216950426987765,2024-10-24 19:38:11
1586,45,63,19,,,126.82424373560997,37.21172150640112,126.83601844543405,37.211671288828235,2024-10-24 19:38:26
1587,11,58,19,,,126.81520099010348,37.20868642755855,126.83582207100984,37.208789695692815,2024-10-24 19:38:36
1588,28,53,19,,,126.83008153572425,37.20374153884506,126.83005275682483,37.20591459445673,2024-10-24 19:39:02
1589,58,33,19,,,126.83608213062679,37.20770830734674,126.82906906364347,37.20149921162026,2024-10-24 19:39:31
1590,62,31,19,,,126.83733243262587,37.2126707372226,126.8297285888461,37.197325060349556,2024-10-24 19:40:02
1591,17,54,19,,,126.82696326888578,37.19688757714363,126.83284049597987,37.21093750407932,2024-10-24 19:40:09
1592,44,29,19,,,126.82094980483993,37.1884797196701,126.82753836332537,37.20339900130109,2024-10-24 19:40:48
1593,65,33,19,,,126.83411732823808,37.19961083280098,126.83006648433407,37.19987547865737,2024-10-24 19:42:03
1594,10,38,19,,,126.81740511904397,37.20964233651453,126.82473197446178,37.202095062234285,2024-10-24 19:42:12
1595,58,33,19,,,126.83509301230958,37.20765210679687,126.82949933491858,37.20128190101269,2024-10-24 19:42:41
1596,58,33,19,,,126.83581409463663,37.20932877620535,126.8292614264277,37.200160089996544,2024-10-24 19:42:45
1597,11,17,19,,,126.81338169370268,37.207577187997124,126.82659062664978,37.19736283764008,2024-10-24 19:43:23
1598,42,70,19,,,126.83211664703202,37.19611625790268,126.83789961270837,37.2088242633597,2024-10-24 19:43:24
1599,17,54,19,,,126.82628577935614,37.19661648463158,126.8326509705579,37.21105554570917,2024-10-24 19:43:26
1600,7,46,19,,,126.82745054682886,37.20733346037619,126.83117077556602,37.212883640904934,2024-10-24 19:43:47
1601,30,58,19,,,126.83115989829608,37.199049634415026,126.83528679063559,37.20869606271176,2024-10-24 19:43:57
1602,51,34,19,,,126.8199122382485,37.211263904692295,126.8207272951115,37.20206280525076,2024-10-24 19:44:07
1603,56,33,19,,,126.8357862483668,37.20474664488803,126.83030448633062,37.200530879207584,2024-10-24 19:44:22
1604,58,33,19,,,126.83569893774433,37.20933382430662,126.82897066071529,37.2005739363911,2024-10-24 19:44:26
1605,42,62,19,,,126.83116010954095,37.19668582152876,126.8372110485683,37.21216887545316,2024-10-24 19:44:28
1606,43,47,19,,,126.82227479599699,37.19100259775791,126.82748980792256,37.21171414956642,2024-10-24 19:44:34
1607,70,17,19,,,126.83704067121822,37.210114357459815,126.82601576420235,37.197641868449935,2024-10-24 19:44:42
1608,12,19,19,,,126.81900274302855,37.20406860465957,126.82807664296159,37.195509853401404,2024-10-24 19:45:54
1609,56,32,19,,,126.83584835121167,37.204689154302855,126.83222813887203,37.20210197364363,2024-10-24 19:46:17
1610,56,33,19,,,126.83481658195551,37.20576315124745,126.82959620595004,37.20154156360217,2024-10-24 19:46:28
1611,10,17,19,,,126.8177572698412,37.20973984312873,126.826033009919,37.19721274232931,2024-10-24 19:46:28
1612,70,33,19,,,126.83801783152435,37.20928803990261,126.82880337265529,37.20161974594495,2024-10-24 19:47:24
1613,53,72,19,,,126.82901196519913,37.20726448929994,126.8110278488651,37.206916963356555,2024-10-24 19:47:35
1614,10,17,19,,,126.81729793580898,37.20914613848626,126.82665433880753,37.1975447997577,2024-10-24 19:47:48
1615,56,17,19,,,126.83432690235081,37.206056855306024,126.82704786638759,37.19616181382964,2024-10-24 19:48:03
1616,14,55,19,,,126.81929513410802,37.20745538951876,126.82983632292478,37.20829701370188,2024-10-24 19:48:34
1617,37,28,19,,,126.8210406260896,37.196540607275665,126.82936399106704,37.20312140334919,2024-10-24 19:48:41
1618,4,39,19,,,126.82304289449257,37.209297544803285,126.82111404145792,37.199408461496866,2024-10-24 19:48:59
1619,46,19,19,,,126.82976959801316,37.21204113311591,126.82908707973753,37.194898753621246,2024-10-24 19:49:29
1620,23,32,19,,,126.82141305837791,37.19144355461517,126.83181848242387,37.202075509346614,2024-10-24 19:49:41
1621,11,33,19,,,126.81407186898815,37.207377024793914,126.82902322006923,37.200919761929,2024-10-24 19:49:58
1622,19,10,19,,,126.82811084492961,37.195012416069645,126.8177510301847,37.20903556022675,2024-10-24 19:50:29
1623,48,52,19,,,126.82998085962015,37.215159381894715,126.83030228174191,37.21788416678414,2024-10-24 19:51:23
1624,59,41,19,,,126.83261497940747,37.20709326487347,126.83352704969373,37.1972782426913,2024-10-24 19:51:29
1625,4,45,19,,,126.82127854546893,37.20801370043537,126.82538465774698,37.21310002073175,2024-10-24 19:52:43
1626,32,11,19,,,126.83265860687179,37.20115811471781,126.81448501675332,37.20893496819832,2024-10-24 19:53:42
1627,2,26,19,,,126.82281934389658,37.20623402603891,126.818893447952,37.1934128479566,2024-10-24 19:54:14
1628,10,17,19,,,126.81704973383923,37.20965898560329,126.82620962508234,37.196361089091326,2024-10-24 19:54:32
1629,70,18,19,,,126.83858206078928,37.21053491912717,126.82285199438087,37.19644576826342,2024-10-24 19:54:32
1630,47,27,19,,,126.82788963739475,37.21048374381796,126.8261522638068,37.1992703292474,2024-10-24 19:54:45
1631,56,41,19,,,126.83538361806602,37.204693663170694,126.83408344084067,37.198152146500995,2024-10-24 19:55:08
1632,53,46,19,,,126.8296527910103,37.206929011495745,126.83115475947163,37.21117500613683,2024-10-24 19:56:48
1633,58,33,19,,,126.83527950373484,37.20784588368567,126.82882684558182,37.20094051033567,2024-10-24 19:57:23
1634,69,30,19,,,126.83679663497553,37.2062472924924,126.83104953189833,37.19959382024109,2024-10-24 19:57:32
1635,58,33,19,,,126.83569837194875,37.208845381936165,126.82991904757598,37.199789787331476,2024-10-24 19:57:52
1636,56,32,19,,,126.83495488962716,37.205098849643385,126.83138292886511,37.202311010139034,2024-10-24 19:58:24
1637,33,58,19,,,126.8289941864875,37.20153348043146,126.83418119334969,37.20781967061359,2024-10-24 19:58:50
1638,70,17,20,,,126.83836622046843,37.208733270621345,126.82623930409417,37.19660531945269,2024-10-24 20:00:06
1639,72,56,20,,,126.8120384836891,37.20708984059277,126.83568467081069,37.20609335966749,2024-10-24 20:00:12
1640,56,41,20,,,126.83536946699202,37.20636622954747,126.83404491084809,37.19694447090693,2024-10-24 20:00:52
1641,31,54,20,,,126.82839760374914,37.19869457401964,126.832332389481,37.21109874958528,2024-10-24 20:02:11
1642,55,4,20,,,126.8304371663053,37.208588644414945,126.82204306121675,37.20966215382764,2024-10-24 20:02:35
1643,2,54,20,,,126.82210651512868,37.20639579351056,126.83226025391663,37.21090234535978,2024-10-24 20:03:09
1644,45,48,20,,,126.82582887751762,37.212022771665545,126.83109573467478,37.215337722037425,2024-10-24 20:04:18
1645,11,58,20,,,126.81349074827413,37.207975319187035,126.8351586614482,37.2091438613805,2024-10-24 20:05:10
1646,56,33,20,,,126.8346278935789,37.20654494567761,126.82925570034661,37.20042121784189,2024-10-24 20:05:27
1647,54,33,20,,,126.83363472021428,37.21039320878415,126.8296700744222,37.20105841359625,2024-10-24 20:06:28
1648,32,54,20,,,126.83292310206195,37.20140418744711,126.8322811793536,37.21047148110553,2024-10-24 20:07:24
1649,70,33,20,,,126.83715098546435,37.210276253282565,126.82906973045273,37.20025203403508,2024-10-24 20:07:27
1650,32,59,20,,,126.83183605217577,37.20100478005983,126.83222563336027,37.207864063105994,2024-10-24 20:07:33
1651,58,19,20,,,126.83526429665335,37.208228306625024,126.82873878500932,37.194423285157825,2024-10-24 20:08:29
1652,28,29,20,,,126.83001395556526,37.20309246429281,126.82717118223589,37.202400117986045,2024-10-24 20:08:45
1653,54,67,20,,,126.8322651178853,37.209942521750826,126.83409317059268,37.20213056546489,2024-10-24 20:09:23
1654,72,70,20,,,126.81088765622862,37.206227362928594,126.83872085707803,37.20960078797657,2024-10-24 20:09:28
1655,10,5,20,,,126.81611669506296,37.20899362354876,126.82782315215239,37.20580724055501,2024-10-24 20:10:08
1656,37,9,20,,,126.82029687892243,37.19676478190244,126.81369082158845,37.20464293715208,2024-10-24 20:11:00
1657,45,49,20,,,126.8241523304272,37.21302965895555,126.82838070712647,37.21368775617792,2024-10-24 20:11:27
1658,32,58,20,,,126.8321050393203,37.20095513107663,126.83551112856874,37.20752277291035,2024-10-24 20:11:42
1659,10,40,20,,,126.8167579345555,37.20898190860549,126.8317580425952,37.19368891724287,2024-10-24 20:12:13
1660,69,30,20,,,126.83692590175627,37.20747572761406,126.83215871842731,37.198784671714535,2024-10-24 20:12:53
1661,70,18,20,,,126.83782396070454,37.20951247181766,126.82385542361037,37.19490946909048,2024-10-24 20:13:31
1662,39,34,20,,,126.82123372172113,37.20109654617241,126.82089091074569,37.20253132740156,2024-10-24 20:13:46
1663,56,22,20,,,126.83425608135741,37.20489404129215,126.81648330361087,37.195359833955415,2024-10-24 20:13:56
1664,56,31,20,,,126.83406505873533,37.205115539549304,126.82871314720978,37.198300263848154,2024-10-24 20:13:57
1665,32,59,20,,,126.8323183655561,37.20121258357376,126.83156255392583,37.20651773646255,2024-10-24 20:14:03
1666,70,33,20,,,126.83693669732904,37.20891080538234,126.82983260274732,37.200031241662906,2024-10-24 20:14:30
1667,54,17,20,,,126.83320697868623,37.210015668165624,126.82738656803008,37.19676879229077,2024-10-24 20:14:55
1668,23,32,20,,,126.8202331851774,37.19223979382226,126.83217323304815,37.20121395110137,2024-10-24 20:15:29
1669,56,11,20,,,126.83457127025332,37.20633678898403,126.81440453475633,37.207741631284115,2024-10-24 20:15:38
1670,33,56,20,,,126.82863013782529,37.20143686650051,126.83498420479427,37.206408030957306,2024-10-24 20:16:21
1671,36,45,20,,,126.82382048114697,37.198931495424695,126.82462258917612,37.21252321142655,2024-10-24 20:16:32
1672,33,56,20,,,126.82954974641021,37.200024939084024,126.8346780597017,37.20550707252102,2024-10-24 20:17:00
1673,33,58,20,,,126.82840354370782,37.20008052705533,126.83541081271615,37.20751209036097,2024-10-24 20:17:15
1674,58,19,20,,,126.83563623427935,37.209001195359676,126.82928444604944,37.19473198613281,2024-10-24 20:17:25
1675,70,33,20,,,126.83856196429316,37.21050542354934,126.83014021618618,37.20054724376388,2024-10-24 20:17:42
1676,17,54,20,,,126.82600456775036,37.1957867079984,126.83323814493274,37.21083809220554,2024-10-24 20:17:49
1677,37,72,20,,,126.82097692064644,37.19673059666578,126.81071075684054,37.20660934694061,2024-10-24 20:18:39
1678,70,33,20,,,126.83687806650249,37.208668054173515,126.82928466208304,37.20013534312212,2024-10-24 20:18:53
1679,33,56,20,,,126.83015206511021,37.20095838113992,126.83559400865595,37.2053364829733,2024-10-24 20:19:39
1680,70,17,20,,,126.8371600017114,37.21000561377054,126.8268137138395,37.19651894301904,2024-10-24 20:19:41
1681,56,33,20,,,126.83421432712596,37.205833286016144,126.82882885682173,37.201119079334646,2024-10-24 20:20:29
1682,12,15,20,,,126.81978437728723,37.205279084367604,126.81616795423817,37.207213853666254,2024-10-24 20:20:39
1683,38,64,20,,,126.82436525897627,37.20120768581022,126.84227134779594,37.20235080774769,2024-10-24 20:21:02
1684,54,50,20,,,126.83252888416743,37.20966626714517,126.82153815345158,37.210987605136296,2024-10-24 20:21:05
1685,27,53,20,,,126.8264871286883,37.20027666207032,126.82959781319899,37.207180757852626,2024-10-24 20:21:22
1686,11,58,20,,,126.81337534764516,37.207803172248006,126.83466432922555,37.2083420315914,2024-10-24 20:21:38
1687,54,33,20,,,126.83300462960287,37.21114951755622,126.828349570974,37.19980080983092,2024-10-24 20:21:42
1688,47,11,20,,,126.82690453047472,37.210971244168775,126.81440931655895,37.20767137194741,2024-10-24 20:22:01
1689,56,41,20,,,126.83484724667058,37.204916231991476,126.8336150519561,37.19650540419027,2024-10-24 20:22:44
1690,11,57,20,,,126.81426101322955,37.20810933800383,126.8328324356111,37.204380026553046,2024-10-24 20:22:57
1691,71,14,20,,,126.84068910801665,37.20598754680205,126.81980118477395,37.208485987347586,2024-10-24 20:23:25
1692,28,61,20,,,126.82937664007467,37.203160964905216,126.83292716751701,37.21619651475195,2024-10-24 20:24:12
1693,11,70,20,,,126.8137265244458,37.20733369608706,126.83747721578425,37.20893282194448,2024-10-24 20:24:35
1694,70,42,20,,,126.83879252688402,37.20974549904247,126.83241514061878,37.19663812109593,2024-10-24 20:25:38
1695,72,33,20,,,126.81259247727114,37.20739762019081,126.82992681378788,37.20141193772895,2024-10-24 20:25:50
1696,31,59,20,,,126.82887149356326,37.197258694875714,126.83182432492089,37.2074467587588,2024-10-24 20:26:01
1697,63,52,20,,,126.83552977007567,37.211069764051764,126.83069607932681,37.21836160402846,2024-10-24 20:26:14
1698,11,11,20,,,126.81417595696122,37.20769432076937,126.81364032992464,37.20801129924281,2024-10-24 20:27:01
1699,35,32,20,,,126.8185250263383,37.201048907723724,126.83127218691423,37.2021647039319,2024-10-24 20:27:04
1700,53,11,20,,,126.82878640022648,37.20660488381635,126.81376610363958,37.20768266919608,2024-10-24 20:27:27
1701,21,30,20,,,126.81922040383247,37.197234502857896,126.83079882627014,37.199446540918615,2024-10-24 20:27:34
1702,70,10,20,,,126.83866737438204,37.210044453802844,126.81622872525627,37.21007709825698,2024-10-24 20:28:05
1703,56,41,20,,,126.83584971498158,37.206523489263475,126.83421490255562,37.196942245074176,2024-10-24 20:28:23
1704,41,70,20,,,126.83326492025566,37.1962518436185,126.8381786522505,37.21018058239706,2024-10-24 20:28:47
1705,56,33,20,,,126.83537858591718,37.20565350440149,126.82995348099318,37.20118643179318,2024-10-24 20:28:51
1706,47,52,20,,,126.82695299537619,37.21008874385713,126.83000624835462,37.2172727653803,2024-10-24 20:29:12
1707,27,63,20,,,126.82674643637469,37.19948500260586,126.83551246611563,37.21102383054338,2024-10-24 20:29:56
1708,11,33,20,,,126.8137862664085,37.20829477475777,126.82933879755386,37.199748068707635,2024-10-24 20:30:20
1709,33,56,20,,,126.82911274720652,37.19979372295026,126.83496044271773,37.20625805095792,2024-10-24 20:30:25
1710,59,33,20,,,126.83174238234442,37.20826630804061,126.8294709569707,37.20016061246842,2024-10-24 20:31:05
1711,56,33,20,,,126.83447518120363,37.20525461385916,126.82927596204603,37.200790067066315,2024-10-24 20:31:39
1712,70,69,20,,,126.83802747630094,37.210053352574555,126.83795797453969,37.206396815682965,2024-10-24 20:32:18
1713,32,59,20,,,126.83139722323942,37.20080018173211,126.83221943579342,37.208200468217754,2024-10-24 20:33:21
1714,33,56,20,,,126.8298379949763,37.2004883391811,126.83464619383918,37.20488538054211,2024-10-24 20:33:41
1715,10,54,20,,,126.81717255048277,37.209285778650965,126.8332531373872,37.21046968569481,2024-10-24 20:33:46
1716,69,30,20,,,126.83791122666145,37.20765908214246,126.8313910025624,37.19869650598926,2024-10-24 20:34:10
1717,33,56,20,,,126.82923218625217,37.201099326958996,126.83589089993444,37.205046324750796,2024-10-24 20:34:18
1718,32,59,20,,,126.83165276991043,37.20076859889956,126.8322298581107,37.208197402489326,2024-10-24 20:35:23
1719,56,8,20,,,126.83473851651017,37.20622647883551,126.82511763877723,37.207576014680576,2024-10-24 20:35:33
1720,38,49,20,,,126.82460166914193,37.20160173681978,126.82753069523183,37.21445677573687,2024-10-24 20:35:41
1721,37,30,20,,,126.82059765341432,37.19790649667729,126.8307974660654,37.19927371308038,2024-10-24 20:36:29
1722,26,37,20,,,126.81879816493252,37.194042933176384,126.82184457644387,37.19734640598569,2024-10-24 20:37:43
1723,33,56,20,,,126.82923468249749,37.2014242616473,126.8353833111299,37.20579518479753,2024-10-24 20:38:51
1724,70,11,20,,,126.83750751882386,37.210092911528506,126.81482337139698,37.20754256028007,2024-10-24 20:39:05
1725,56,32,20,,,126.83517993725235,37.20553946167769,126.83256180362052,37.20129022629129,2024-10-24 20:39:21
1726,70,33,20,,,126.83690245188788,37.2101179436344,126.82989784645068,37.20008791958124,2024-10-24 20:39:45
1727,54,33,20,,,126.83269394070726,37.210091297624665,126.8293211134662,37.2011494107087,2024-10-24 20:39:56
1728,17,12,20,,,126.82740242964195,37.19776563165248,126.81972705359091,37.205293428387805,2024-10-24 20:41:14
1729,31,58,20,,,126.82991772566076,37.19844857719371,126.83491485124802,37.20860641207075,2024-10-24 20:42:59
1730,58,19,20,,,126.83552599029333,37.20883563339241,126.82971922663125,37.195336641426564,2024-10-24 20:43:20
1731,56,41,20,,,126.83405119841998,37.20661796341809,126.83522074526537,37.19796595444072,2024-10-24 20:43:45
1732,11,61,20,,,126.8138787611547,37.207413451337274,126.83235760584641,37.21528047232491,2024-10-24 20:43:56
1733,10,64,20,,,126.81644922967814,37.208411471315635,126.84324289326074,37.20265947935149,2024-10-24 20:44:21
1734,21,46,20,,,126.81909900227473,37.19636816678914,126.83000569198651,37.21122673723918,2024-10-24 20:44:39
1735,53,50,20,,,126.83006232746068,37.20692706808045,126.82151403670936,37.21123847359719,2024-10-24 20:44:55
1736,33,56,20,,,126.82945150390923,37.20003267150218,126.83580010443089,37.20543002192813,2024-10-24 20:44:59
1737,62,62,20,,,126.8370679066321,37.21303841541014,126.83833202663858,37.21289732798137,2024-10-24 20:45:14
1738,33,56,20,,,126.8295216922748,37.200615342912926,126.8350837136149,37.20652122780239,2024-10-24 20:45:22
1739,56,14,20,,,126.83551163332287,37.206619671846056,126.81891591631238,37.20799656135102,2024-10-24 20:45:23
1740,33,56,20,,,126.82971036136256,37.20149837553151,126.83434323944604,37.20608773807132,2024-10-24 20:45:30
1741,36,41,20,,,126.82391455231648,37.199001684401736,126.83433265740764,37.196332429621165,2024-10-24 20:45:45
1742,38,15,20,,,126.824052964563,37.20138431005115,126.81705625018826,37.20561846924076,2024-10-24 20:46:04
1743,33,70,20,,,126.8290765845133,37.20116525514662,126.83853027948898,37.21003144417304,2024-10-24 20:46:07
1744,54,38,20,,,126.83213710023355,37.211170236222564,126.82496240712825,37.201552409790445,2024-10-24 20:48:06
1745,58,32,20,,,126.83552802231414,37.20881150579967,126.83152188716662,37.202037171795915,2024-10-24 20:48:14
1746,54,33,20,,,126.83365295099958,37.210265837554424,126.82865719159835,37.2013667129318,2024-10-24 20:48:38
1747,56,32,20,,,126.83475676325816,37.205037991816376,126.83160542718423,37.201958207191495,2024-10-24 20:49:15
1748,58,19,20,,,126.83508853058572,37.20795223822533,126.82858901769502,37.19587776585132,2024-10-24 20:50:13
1749,70,17,20,,,126.83743493388474,37.20933546973813,126.82703839820248,37.19774369122789,2024-10-24 20:51:04
1750,10,38,20,,,126.8175124496518,37.2101031065136,126.82420663300786,37.201068244624715,2024-10-24 20:51:17
1751,33,58,20,,,126.82984735153799,37.19987623198632,126.83503495143604,37.20811068087409,2024-10-24 20:51:34
1752,70,33,20,,,126.83694084613293,37.20874114758286,126.82832872669412,37.201169380257326,2024-10-24 20:51:55
1753,54,33,20,,,126.83233598151925,37.21058091598194,126.8300822074418,37.20093648976773,2024-10-24 20:52:39
1754,29,1,20,,,126.82645276039658,37.20278155477697,126.81625142041283,37.198251193790185,2024-10-24 20:53:09
1755,10,36,20,,,126.81733718150996,37.20927959692693,126.82396226145259,37.197634078428,2024-10-24 20:53:33
1756,33,56,20,,,126.82954032840084,37.200260680319204,126.83425898228303,37.20626288882261,2024-10-24 20:54:05
1757,56,33,20,,,126.83543258830572,37.20560692074021,126.8284807390884,37.20052057743895,2024-10-24 20:54:10
1758,11,32,20,,,126.81442701519991,37.208005348027235,126.83116728206839,37.20101516535283,2024-10-24 20:57:30
1759,10,20,20,,,126.81717834155806,37.209354801301984,126.8161240262774,37.1924250175148,2024-10-24 20:58:07
1760,33,54,20,,,126.83005517151281,37.20007874224824,126.83330768063092,37.2098129888464,2024-10-24 20:59:05
1761,56,19,20,,,126.83581605208795,37.20562620387172,126.82985021425634,37.194139042481204,2024-10-24 20:59:22
1762,56,17,20,,,126.83455200369028,37.20540589113407,126.82541770476581,37.19665436202187,2024-10-24 20:59:34
1763,55,64,20,,,126.82954280234647,37.20876989618238,126.84303754449795,37.20354068250127,2024-10-24 20:59:53
1764,56,41,21,,,126.83531391313566,37.20607123943893,126.83372425282099,37.19769529118387,2024-10-24 21:00:29
1765,58,19,21,,,126.83511717170775,37.20766133015972,126.82889482631768,37.19420431631589,2024-10-24 21:00:36
1766,56,33,21,,,126.83533517503068,37.20601623599093,126.8285996136624,37.20098090873397,2024-10-24 21:00:38
1767,69,30,21,,,126.83706726441177,37.20725848518334,126.83145932682574,37.19928754940558,2024-10-24 21:00:55
1768,56,31,21,,,126.83440372507978,37.2065709546953,126.82915316160111,37.19739053610574,2024-10-24 21:01:46
1769,70,33,21,,,126.83786867556304,37.20930023459703,126.8302745220598,37.20106610058742,2024-10-24 21:03:28
1770,56,17,21,,,126.83526178104907,37.20653240026009,126.82569210734653,37.19765003889795,2024-10-24 21:05:41
1771,54,33,21,,,126.83337478863686,37.21031846691298,126.83027413024706,37.19973579342339,2024-10-24 21:05:59
1772,42,70,21,,,126.83228067543594,37.19667085477769,126.83736916527965,37.20984015117161,2024-10-24 21:06:07
1773,56,33,21,,,126.83406211613304,37.20591227265407,126.82850154059395,37.20014585634534,2024-10-24 21:06:09
1774,72,33,21,,,126.81200779017519,37.207513897154705,126.82857488955074,37.20120671015322,2024-10-24 21:06:36
1775,33,56,21,,,126.82981880633734,37.19992758423122,126.83551887328102,37.20580368665247,2024-10-24 21:06:38
1776,56,31,21,,,126.83584627667989,37.20539723125656,126.8283002267291,37.19760755034141,2024-10-24 21:06:41
1777,42,70,21,,,126.83197842014953,37.19576585110485,126.8378937553331,37.210263950275305,2024-10-24 21:06:47
1778,35,63,21,,,126.82000078324792,37.20232999401621,126.83625824552726,37.21056964112717,2024-10-24 21:06:57
1779,69,30,21,,,126.8381796804552,37.20763907246945,126.8314632859312,37.198183175925585,2024-10-24 21:07:29
1780,58,19,21,,,126.83549120581526,37.20813457179414,126.8295677432198,37.19569828156927,2024-10-24 21:07:43
1781,50,37,21,,,126.82257757938548,37.210861842021636,126.82137019020423,37.19678347882401,2024-10-24 21:08:00
1782,42,70,21,,,126.83152813564455,37.19559710399766,126.83872784392663,37.20991549751057,2024-10-24 21:08:06
1783,21,40,21,,,126.81942215357383,37.19667382557881,126.83131066041533,37.19356699427666,2024-10-24 21:08:24
1784,56,31,21,,,126.83536538453804,37.20499438203752,126.82973290776843,37.197463384745596,2024-10-24 21:08:25
1785,56,40,21,,,126.8349387526822,37.20560223118799,126.8321029039175,37.19429580674697,2024-10-24 21:09:18
1786,56,12,21,,,126.8355739853175,37.205242337752125,126.81945170035306,37.20570350753052,2024-10-24 21:09:40
1787,58,19,21,,,126.83595929769412,37.20828009270789,126.82940508433305,37.194048649660985,2024-10-24 21:10:29
1788,56,19,21,,,126.83421571252809,37.2054822922381,126.82873344338145,37.19601972674004,2024-10-24 21:11:11
1789,17,54,21,,,126.82672510965102,37.197276145283084,126.83254167523832,37.209372338125114,2024-10-24 21:11:38
1790,59,33,21,,,126.8319866109139,37.20745063236669,126.82962683266675,37.201644521357665,2024-10-24 21:12:26
1791,70,33,21,,,126.83767133915322,37.21039772596179,126.82849614423824,37.2008987175807,2024-10-24 21:13:07
1792,56,17,21,,,126.83503601402123,37.20607180922874,126.82642847433479,37.197065182464165,2024-10-24 21:13:09
1793,56,17,21,,,126.83537407950557,37.204784035384996,126.82679922531399,37.19776035877966,2024-10-24 21:13:54
1794,54,33,21,,,126.83299712241778,37.210569335111884,126.8283877412756,37.199755253969656,2024-10-24 21:14:19
1795,56,17,21,,,126.83446352114564,37.205826485570554,126.82624964947,37.197227849050236,2024-10-24 21:14:44
1796,70,33,21,,,126.83777712367437,37.20921188500164,126.82960201968842,37.20068551024981,2024-10-24 21:15:08
1797,70,42,21,,,126.83691384598755,37.20917921106857,126.83065514513106,37.195197171413554,2024-10-24 21:16:51
1798,58,32,21,,,126.8349237971213,37.207910845067914,126.83185590870939,37.20134507462701,2024-10-24 21:17:04
1799,56,32,21,,,126.83570187019471,37.20585785318155,126.83289224638096,37.20108799955498,2024-10-24 21:18:30
1800,19,65,21,,,126.82838144620395,37.19447558082709,126.83525511190713,37.19996417425425,2024-10-24 21:19:08
1801,70,10,21,,,126.83854706681039,37.21007298450839,126.81650488585451,37.210326776460626,2024-10-24 21:19:11
1802,33,56,21,,,126.83016040095,37.20023051103047,126.83500474977178,37.20604513663426,2024-10-24 21:19:19
1803,11,21,21,,,126.81474979519896,37.20847148093541,126.81932914921359,37.1970825902896,2024-10-24 21:20:03
1804,11,58,21,,,126.81531852073134,37.20892184153871,126.83506668555991,37.2094330938189,2024-10-24 21:20:34
1805,70,33,21,,,126.83754588549128,37.20875963919762,126.82973744457605,37.201551780358685,2024-10-24 21:20:46
1806,32,58,21,,,126.83207043185044,37.200870274595005,126.83609277846554,37.20915289179541,2024-10-24 21:21:13
1807,54,33,21,,,126.83364392746842,37.21023880701371,126.82939069235108,37.20037001711584,2024-10-24 21:21:21
1808,32,59,21,,,126.83259426204803,37.202289066526504,126.831700262294,37.20824562792771,2024-10-24 21:21:49
1809,56,31,21,,,126.83420138897395,37.20619906119506,126.82863751484393,37.19844648037119,2024-10-24 21:22:46
1810,32,54,21,,,126.83287364707098,37.202227667159455,126.83190410087226,37.21068270999844,2024-10-24 21:23:13
1811,58,19,21,,,126.83483252286752,37.207672982712424,126.82867032529582,37.19547969593872,2024-10-24 21:24:09
1812,72,70,21,,,126.81136463707684,37.20765858627948,126.83787645732639,37.21009714591387,2024-10-24 21:24:36
1813,32,56,21,,,126.83162597035225,37.20100133965466,126.83538256548935,37.20540330950872,2024-10-24 21:25:06
1814,42,70,21,,,126.83184007715498,37.19608377611006,126.8379615793979,37.20940684225606,2024-10-24 21:26:12
1815,56,32,21,,,126.83552089970017,37.205004264261405,126.83257672056278,37.20210212848808,2024-10-24 21:26:35
1816,69,30,21,,,126.838441377043,37.20672743244553,126.83155274184318,37.19961705459577,2024-10-24 21:27:17
1817,42,70,21,,,126.83059037663392,37.196741129029945,126.83789156677868,37.20965164962635,2024-10-24 21:27:40
1818,69,30,21,,,126.83839625016215,37.20721156325432,126.83117302867768,37.19825155377073,2024-10-24 21:28:44
1819,37,72,21,,,126.82059719250425,37.19778249424225,126.81135303485736,37.206288665091215,2024-10-24 21:29:09
1820,56,33,21,,,126.83534566332811,37.20568410861991,126.82877180158569,37.20151340677607,2024-10-24 21:29:12
1821,71,1,21,,,126.84095207000408,37.20435833653762,126.8157249789479,37.19780444610438,2024-10-24 21:29:24
1822,56,33,21,,,126.83550566750561,37.20661541184407,126.82886591932619,37.200670241355674,2024-10-24 21:29:57
1823,64,31,21,,,126.84222403228752,37.20257714695927,126.82880869476249,37.19771820594801,2024-10-24 21:29:59
1824,33,56,21,,,126.82889643651606,37.20105769391627,126.83434500265419,37.20493256505733,2024-10-24 21:30:09
1825,17,12,21,,,126.82636995653687,37.19767974268523,126.81873412357601,37.204869997490874,2024-10-24 21:30:27
1826,32,59,21,,,126.83263152169027,37.20137835717192,126.831885456041,37.206971424702346,2024-10-24 21:31:26
1827,33,56,21,,,126.82982970174753,37.20164641146431,126.83496441857697,37.20542504548229,2024-10-24 21:32:19
1828,39,24,21,,,126.82058937654504,37.199598170826576,126.81842982277585,37.1916731021932,2024-10-24 21:32:20
1829,10,17,21,,,126.81733063393337,37.20936809034298,126.82668176596185,37.19577589846087,2024-10-24 21:32:26
1830,10,56,21,,,126.81772437711328,37.21031200526672,126.8353772851941,37.20645332481703,2024-10-24 21:32:30
1831,69,30,21,,,126.83856011194699,37.20764311298721,126.83175318049788,37.198168513380644,2024-10-24 21:32:43
1832,56,31,21,,,126.83460653013132,37.204834000407494,126.82865421471746,37.197994601788345,2024-10-24 21:33:25
1833,69,30,21,,,126.83802289645877,37.20732335545141,126.83230383024858,37.1985807041656,2024-10-24 21:33:49
1834,54,33,21,,,126.83360444075541,37.20979063033847,126.83026847957505,37.200008989261406,2024-10-24 21:34:33
1835,58,19,21,,,126.83423489259818,37.20816523766919,126.82820715704756,37.195025844480185,2024-10-24 21:35:04
1836,56,17,21,,,126.83467229433424,37.20515285403511,126.82620573819744,37.19757696010866,2024-10-24 21:37:32
1837,56,32,21,,,126.83560798974034,37.205832153249915,126.83125437017593,37.20170022845926,2024-10-24 21:37:39
1838,56,33,21,,,126.834014458959,37.20611376404257,126.83026327307097,37.20111662140991,2024-10-24 21:38:44
1839,42,70,21,,,126.83193833556155,37.1960743898876,126.8380044912114,37.20872863577496,2024-10-24 21:39:05
1840,56,33,21,,,126.83539554862202,37.204757742337556,126.8292999744438,37.200774102414066,2024-10-24 21:39:16
1841,40,72,21,,,126.83062387949376,37.193167540774425,126.8111318691565,37.20762110290908,2024-10-24 21:40:30
1842,69,30,21,,,126.83746291157141,37.207198578392536,126.83174690331717,37.19850986202665,2024-10-24 21:40:45
1843,28,5,21,,,126.82922479700295,37.20261065447854,126.82756338480793,37.20603635096638,2024-10-24 21:41:00
1844,10,40,21,,,126.81670684502882,37.209926183096094,126.83220969807212,37.19417806740116,2024-10-24 21:41:49
1845,70,32,21,,,126.83705965557763,37.208836981498635,126.83154694904793,37.20154907104205,2024-10-24 21:43:18
1846,56,33,21,,,126.83580363900514,37.20635876224161,126.82893974720224,37.20047881243331,2024-10-24 21:43:23
1847,42,70,21,,,126.8315703808526,37.196452977575134,126.83796469701679,37.208585582821364,2024-10-24 21:43:47
1848,58,19,21,,,126.83591991518495,37.208489712627866,126.82965117693507,37.1959056575267,2024-10-24 21:43:53
1849,42,70,21,,,126.83210258347589,37.19660579362439,126.83816020498533,37.210521857218865,2024-10-24 21:44:33
1850,42,70,21,,,126.83057408869207,37.19600562971746,126.83706283632522,37.20877278456711,2024-10-24 21:44:35
1851,54,33,21,,,126.83227308837999,37.20919364562248,126.82935315952075,37.20155821209615,2024-10-24 21:44:55
1852,32,59,21,,,126.83144350888415,37.20194973999917,126.83252423345127,37.207168402364964,2024-10-24 21:45:18
1853,33,56,21,,,126.8295172042046,37.20057735192545,126.83523943111663,37.204934660690135,2024-10-24 21:46:25
1854,56,31,21,,,126.83404064842648,37.20573965686262,126.82881586023954,37.1981306406166,2024-10-24 21:46:41
1855,56,41,21,,,126.83512347680097,37.20586130650991,126.83458484466375,37.19812525004629,2024-10-24 21:46:41
1856,33,56,21,,,126.83030797058629,37.19991271088975,126.83486529520192,37.206055963828675,2024-10-24 21:47:00
1857,56,41,21,,,126.83393653023259,37.204892302465424,126.83489859516645,37.19657632328666,2024-10-24 21:47:38
1858,56,33,21,,,126.83526516015833,37.206197975615304,126.82922984655987,37.20050227036185,2024-10-24 21:48:17
1859,19,10,21,,,126.82972419607174,37.194093272320735,126.8167771567441,37.208991263929846,2024-10-24 21:48:51
1860,29,24,21,,,126.82713769038524,37.20216381857325,126.81884190918963,37.190836348563316,2024-10-24 21:49:29
1861,70,19,21,,,126.83718110969815,37.20954419718599,126.82904858151656,37.19601993209395,2024-10-24 21:49:51
1862,10,38,21,,,126.81689878943136,37.20898931273865,126.8239691786572,37.2015332384739,2024-10-24 21:50:13
1863,58,19,21,,,126.8349203224215,37.20872100750932,126.82972440713185,37.19588094148981,2024-10-24 21:50:22
1864,56,41,21,,,126.83574964762059,37.20596526751435,126.83512568309305,37.198194291115314,2024-10-24 21:50:26
1865,70,42,21,,,126.83738936713912,37.20918280851163,126.83176392750354,37.19567571186251,2024-10-24 21:50:50
1866,33,56,21,,,126.82961674936642,37.20005709300091,126.83562101229981,37.205367370845664,2024-10-24 21:51:05
1867,10,17,21,,,126.81674703690308,37.20996836585704,126.82672337165663,37.197006343632765,2024-10-24 21:51:17
1868,69,30,21,,,126.83782948086206,37.2065816191521,126.83114876530021,37.199389425913004,2024-10-24 21:51:56
1869,58,19,21,,,126.83458321662512,37.20850568743379,126.82954500698882,37.19418507350525,2024-10-24 21:52:08
1870,54,33,21,,,126.83274009322155,37.20978026814988,126.82929515902757,37.19994549295716,2024-10-24 21:53:26
1871,11,32,21,,,126.81433518448358,37.20897073853753,126.83259286729053,37.20100222743074,2024-10-24 21:53:34
1872,26,37,21,,,126.81909702544384,37.19391125967442,126.82179342144053,37.19828716362146,2024-10-24 21:54:18
1873,54,33,21,,,126.83175017474645,37.209822066659,126.82961955437817,37.20081594492353,2024-10-24 21:54:38
1874,33,56,21,,,126.82838296110843,37.20132128544749,126.83491348569669,37.20528319800947,2024-10-24 21:54:42
1875,31,58,21,,,126.8286084091673,37.19731702052812,126.83435584451395,37.20804060760744,2024-10-24 21:55:11
1876,33,56,21,,,126.82997004276605,37.200332071957746,126.83537404591335,37.20506414546433,2024-10-24 21:55:18
1877,33,56,21,,,126.82978572452659,37.20011592633126,126.835460807183,37.20648923500268,2024-10-24 21:55:19
1878,45,30,21,,,126.82419216872789,37.21264181128347,126.83185300840086,37.1996052166478,2024-10-24 21:55:26
1879,10,17,21,,,126.81727773171426,37.208982629483494,126.82734481459951,37.19751650922519,2024-10-24 21:55:28
1880,47,65,21,,,126.82677361406,37.2114272713193,126.83539145222707,37.20051754600043,2024-10-24 21:55:53
1881,70,17,21,,,126.83776651885539,37.20939784715372,126.82561174923117,37.19733507408369,2024-10-24 21:56:01
1882,33,56,21,,,126.82889726358724,37.200097192990675,126.83402635488474,37.20657591069892,2024-10-24 21:56:34
1883,58,19,21,,,126.83484456759705,37.20843518752418,126.82852329272116,37.195265889254024,2024-10-24 21:57:54
1884,33,56,21,,,126.82835740502018,37.19998416931464,126.83475360465158,37.20542749043898,2024-10-24 21:57:55
1885,33,56,21,,,126.82892242139282,37.20153493372213,126.83506304452617,37.20595218726333,2024-10-24 21:58:00
1886,33,56,21,,,126.82909788910513,37.20064079216757,126.83522723032992,37.20661169837726,2024-10-24 21:58:29
1887,58,19,21,,,126.83473143545517,37.2076943854035,126.82829232100785,37.19462191883611,2024-10-24 21:58:33
1888,69,30,21,,,126.83681558582782,37.20714215415014,126.83104240549274,37.19850072829668,2024-10-24 21:59:25
1889,56,33,21,,,126.83580552307991,37.204664308657584,126.83017915621511,37.20101984899054,2024-10-24 21:59:41
1890,32,59,22,,,126.83121190365888,37.20266174010397,126.83212442739882,37.207850040617835,2024-10-24 22:00:38
1891,56,41,22,,,126.83452696993325,37.20615596217369,126.83451257824898,37.19729933803313,2024-10-24 22:00:44
1892,32,11,22,,,126.83228818999555,37.202273396233906,126.813822597141,37.207344613401744,2024-10-24 22:00:55
1893,72,33,22,,,126.81125579799351,37.20677989101631,126.82856376408105,37.201303885900465,2024-10-24 22:01:06
1894,69,30,22,,,126.83796159742225,37.207629005299346,126.83204641941526,37.19847062498889,2024-10-24 22:01:33
1895,58,17,22,,,126.83489730293273,37.20863300562073,126.82710967363855,37.19694235664861,2024-10-24 22:01:37
1896,56,41,22,,,126.83423425051475,37.20512197912746,126.83365962022047,37.19640888436465,2024-10-24 22:01:54
1897,56,41,22,,,126.83407880841749,37.20512358960006,126.83332554940334,37.19733620082913,2024-10-24 22:02:12
1898,63,67,22,,,126.83625451657853,37.211364592652195,126.83411134021448,37.20211825189428,2024-10-24 22:02:36
1899,58,33,22,,,126.83470632960504,37.20818559882307,126.82955364038439,37.2004838493251,2024-10-24 22:02:42
1900,11,58,22,,,126.81390959784287,37.20832426489913,126.83601717147062,37.20873788528837,2024-10-24 22:03:06
1901,17,70,22,,,126.8254264358294,37.19702155085084,126.83827968655346,37.20925049560595,2024-10-24 22:03:54
1902,42,70,22,,,126.83127260092928,37.19693811701127,126.83837602695424,37.210238187539574,2024-10-24 22:04:04
1903,10,17,22,,,126.81705770263689,37.20930390357632,126.82698738979217,37.197674528700205,2024-10-24 22:04:37
1904,58,33,22,,,126.83485973600084,37.20801888924679,126.82867264588259,37.19984424134745,2024-10-24 22:04:39
1905,54,33,22,,,126.83333402441025,37.20921842989421,126.82984510878514,37.200498772603986,2024-10-24 22:05:15
1906,56,31,22,,,126.8348456018995,37.20627603696415,126.82937400293878,37.197476664959424,2024-10-24 22:05:16
1907,70,33,22,,,126.83797571191981,37.2099849766642,126.82964239925639,37.19995501734349,2024-10-24 22:05:18
1908,70,17,22,,,126.8373665438342,37.20882300508622,126.8271531712259,37.19593305846454,2024-10-24 22:05:42
1909,32,56,22,,,126.83287642255291,37.20128181767451,126.83549353057684,37.205842193654284,2024-10-24 22:05:42
1910,33,56,22,,,126.82952328614138,37.20145695584627,126.8349696909894,37.204999054846496,2024-10-24 22:05:47
1911,58,33,22,,,126.8350426951843,37.2084564791234,126.82890548973539,37.20000521814275,2024-10-24 22:05:57
1912,42,10,22,,,126.83080595535073,37.19576149997966,126.81671539462803,37.20987333316712,2024-10-24 22:06:10
1913,6,17,22,,,126.82487785751927,37.20339610367379,126.82657874235845,37.19601034893607,2024-10-24 22:07:15
1914,54,33,22,,,126.83343420270904,37.209505249165815,126.82981653923568,37.19973002107892,2024-10-24 22:07:35
1915,33,56,22,,,126.83029580948434,37.2006494240145,126.83582166268454,37.20509196420752,2024-10-24 22:07:40
1916,42,70,22,,,126.83083916434163,37.195704787731714,126.83876237240203,37.21024615371055,2024-10-24 22:09:30
1917,27,15,22,,,126.82581692486434,37.20038939502154,126.8161567254102,37.205885984283526,2024-10-24 22:10:07
1918,70,33,22,,,126.83868637199791,37.210332531523584,126.82894708905306,37.20066467420104,2024-10-24 22:10:16
1919,58,33,22,,,126.83612188852578,37.208592456325064,126.82834415688346,37.19986059495066,2024-10-24 22:10:24
1920,58,33,22,,,126.8358407378506,37.20859892205471,126.83006259114752,37.20011188544461,2024-10-24 22:10:48
1921,10,17,22,,,126.81740358956826,37.209536569664294,126.82549650989789,37.19602750871468,2024-10-24 22:11:23
1922,71,50,22,,,126.84020908649096,37.20593214554185,126.82300693287101,37.21052925571096,2024-10-24 22:13:02
1923,10,38,22,,,126.81633018322367,37.20870639502044,126.82456229177069,37.20075532788533,2024-10-24 22:14:07
1924,56,31,22,,,126.83555373963924,37.20542750121023,126.82930038807974,37.19880226042632,2024-10-24 22:14:56
1925,33,54,22,,,126.82916854424371,37.19971378460414,126.83298261761954,37.20948822751415,2024-10-24 22:15:18
1926,33,56,22,,,126.82968310832574,37.20150916469957,126.83533843210664,37.20601645186957,2024-10-24 22:15:25
1927,15,32,22,,,126.81620661413605,37.20750202973415,126.83229651677057,37.200978874398025,2024-10-24 22:16:59
1928,10,17,22,,,126.81752888742587,37.21012143564568,126.82652631155001,37.197461816314,2024-10-24 22:17:14
1929,56,41,22,,,126.83406434686121,37.20485972105708,126.83492901887605,37.19740233561296,2024-10-24 22:18:25
1930,12,17,22,,,126.81878828128998,37.20564315758925,126.82669044569487,37.19735088287821,2024-10-24 22:18:57
1931,19,10,22,,,126.82980939852855,37.19438829923545,126.81796770188731,37.209413039729164,2024-10-24 22:19:05
1932,33,56,22,,,126.82954566691336,37.200380398672436,126.83575536892295,37.20487962123385,2024-10-24 22:19:14
1933,27,54,22,,,126.82595538003756,37.19862715334257,126.83246028309456,37.20954894303251,2024-10-24 22:19:15
1934,58,19,22,,,126.83549782743253,37.20778110060794,126.82911809456128,37.19419233447629,2024-10-24 22:19:48
1935,58,33,22,,,126.83584498457526,37.20817928731353,126.8300956332394,37.20052758575586,2024-10-24 22:19:51
1936,70,33,22,,,126.83751728571735,37.20886859586137,126.82926527221322,37.20050398502021,2024-10-24 22:20:16
1937,33,58,22,,,126.8292076641629,37.199961343230136,126.83608575796308,37.20905235608075,2024-10-24 22:21:51
1938,42,58,22,,,126.83243894439182,37.19539183571008,126.83489944989117,37.20930186440889,2024-10-24 22:22:45
1939,10,17,22,,,126.81690714155302,37.21012808839559,126.82722731780547,37.197204291990694,2024-10-24 22:23:42
1940,56,41,22,,,126.83582620775391,37.206146278153,126.83386474521194,37.19719638744516,2024-10-24 22:24:20
1941,66,67,22,,,126.83832691752906,37.20448705982656,126.83410738570778,37.20225406595625,2024-10-24 22:24:40
1942,45,68,22,,,126.82427632506445,37.21168980265183,126.83978449921537,37.202336058574325,2024-10-24 22:25:22
1943,1,3,22,,,126.81566815945082,37.197553788058904,126.82401487355314,37.209934749069006,2024-10-24 22:25:22
1944,58,33,22,,,126.83495946794017,37.20762563569843,126.83006909062296,37.20056596741022,2024-10-24 22:25:30
1945,56,19,22,,,126.83415899642017,37.20659877186037,126.82910427663944,37.194458557244054,2024-10-24 22:25:46
1946,42,70,22,,,126.83198072596285,37.19528262859817,126.8383719183148,37.20959342118965,2024-10-24 22:26:15
1947,56,41,22,,,126.83585643119402,37.20609429554268,126.83343055999877,37.19760126889987,2024-10-24 22:26:40
1948,59,33,22,,,126.83184658956431,37.20791421089816,126.82894884310195,37.20032322413866,2024-10-24 22:27:05
1949,56,41,22,,,126.83491588651383,37.206435941653474,126.83478592069775,37.19720030951442,2024-10-24 22:27:48
1950,54,33,22,,,126.83255983569754,37.21063858933496,126.82834069221661,37.20095547716905,2024-10-24 22:28:05
1951,42,70,22,,,126.83220652747251,37.1956003879724,126.83709433582472,37.20865126063049,2024-10-24 22:28:44
1952,58,33,22,,,126.83441397395644,37.20875923876824,126.82945174027729,37.199913715312924,2024-10-24 22:30:10
1953,24,32,22,,,126.8176672141712,37.190153826748585,126.8326146916917,37.201909832320794,2024-10-24 22:30:11
1954,70,33,22,,,126.83853326733468,37.210426176788886,126.82959210616818,37.20093436897021,2024-10-24 22:30:45
1955,70,17,22,,,126.83786828908515,37.21028210755814,126.8259245138979,37.19710892904096,2024-10-24 22:30:49
1956,55,53,22,,,126.83064558592123,37.2092208283212,126.82976618234463,37.20713519875739,2024-10-24 22:31:00
1957,59,32,22,,,126.83180819428362,37.20659601569898,126.83291832205958,37.200963201385235,2024-10-24 22:31:44
1958,54,33,22,,,126.8331681026732,37.21068059037081,126.82891328876934,37.20106291071544,2024-10-24 22:32:04
1959,42,45,22,,,126.83193772552629,37.195963057295344,126.82565130858336,37.21240952465309,2024-10-24 22:33:44
1960,10,17,22,,,126.81775068855276,37.20970765089819,126.82573665588637,37.1977127170768,2024-10-24 22:33:47
1961,72,62,22,,,126.81155386211975,37.20747382542864,126.83774765429868,37.212176157231994,2024-10-24 22:34:04
1962,54,33,22,,,126.83246466980486,37.20951417206981,126.83021075730353,37.20051302439538,2024-10-24 22:34:21
1963,10,17,22,,,126.8160977993251,37.209779801271964,126.82650661081027,37.19615305369676,2024-10-24 22:36:25
1964,72,70,22,,,126.81259000746937,37.207027700465545,126.83867143091693,37.209211182526445,2024-10-24 22:37:01
1965,32,67,22,,,126.8320223106022,37.20133998170423,126.83396806998539,37.20350019106367,2024-10-24 22:37:10
1966,70,33,22,,,126.83802061991827,37.21008829808979,126.82873379953648,37.20009805743465,2024-10-24 22:37:16
1967,10,10,22,,,126.81661312994667,37.209576283077844,126.81753215313974,37.20928665937995,2024-10-24 22:37:18
1968,17,56,22,,,126.8256728426466,37.19629771660305,126.83449852038503,37.206439590811804,2024-10-24 22:37:29
1969,42,70,22,,,126.83161842515071,37.19610959774427,126.83846154159522,37.209604478163556,2024-10-24 22:37:30
1970,10,17,22,,,126.81795512511096,37.20845984912139,126.82703468645593,37.19615002207522,2024-10-24 22:38:39
1971,64,13,22,,,126.8427187115601,37.202316124866094,126.81743610085795,37.20346826200033,2024-10-24 22:38:47
1972,70,33,22,,,126.83683859621695,37.20931780523294,126.82950853065465,37.201231927612305,2024-10-24 22:38:56
1973,70,33,22,,,126.83725597874313,37.20873442140772,126.82915462559522,37.20162384684213,2024-10-24 22:39:29
1974,53,50,22,,,126.82882280893035,37.207037852251666,126.82153736075728,37.21123100211172,2024-10-24 22:40:32
1975,33,56,22,,,126.8291647624745,37.200028513839506,126.83528305114353,37.206429154396965,2024-10-24 22:40:56
1976,63,19,22,,,126.83576203089545,37.211247020241146,126.8284229392441,37.19498726769449,2024-10-24 22:41:15
1977,31,54,22,,,126.8283772659901,37.19722598167289,126.83258193674409,37.21004626455515,2024-10-24 22:41:29
1978,33,56,22,,,126.82901104474395,37.20130090795435,126.83574119841894,37.20485076441861,2024-10-24 22:42:39
1979,17,12,22,,,126.82614383977027,37.19697995931319,126.8196583350136,37.203955153986826,2024-10-24 22:43:11
1980,31,58,22,,,126.82829068886747,37.1987910565687,126.83558660871913,37.208512211702086,2024-10-24 22:44:02
1981,58,33,22,,,126.83567035189783,37.208505228776446,126.82857666852598,37.20056074327951,2024-10-24 22:44:28
1982,24,5,22,,,126.81838208644844,37.190227239011165,126.82648976718689,37.205424700094646,2024-10-24 22:44:38
1983,6,56,22,,,126.82377853766046,37.20476995116673,126.83410600452825,37.20553445889531,2024-10-24 22:44:40
1984,33,56,22,,,126.82884507532648,37.20040400786148,126.83550609678733,37.206456888602744,2024-10-24 22:45:10
1985,59,15,22,,,126.83237940275671,37.20656478383761,126.81758692239583,37.20680792616107,2024-10-24 22:45:40
1986,58,33,22,,,126.83486654400103,37.20771662307915,126.83021836329486,37.20135545415167,2024-10-24 22:46:27
1987,58,33,22,,,126.836087942744,37.207544005750684,126.82989545465394,37.19977990021466,2024-10-24 22:46:35
1988,70,33,22,,,126.8387499128671,37.2101072440817,126.83013946901318,37.200539350838255,2024-10-24 22:47:01
1989,32,59,22,,,126.8320864515812,37.20128141800279,126.83153669925981,37.20642019340729,2024-10-24 22:47:14
1990,45,64,22,,,126.82481922696888,37.21298956167386,126.8434463831185,37.20230617212287,2024-10-24 22:47:29
1991,58,33,22,,,126.83414896536108,37.20910112467226,126.82889559457779,37.20137190243309,2024-10-24 22:47:46
1992,32,59,22,,,126.83127768596654,37.200916435108354,126.83323242814805,37.20789712110104,2024-10-24 22:48:17
1993,56,17,22,,,126.83577163017618,37.20509754900362,126.82558949249652,37.19631329545789,2024-10-24 22:48:25
1994,58,19,22,,,126.83456437386289,37.207921794760246,126.82814791437279,37.195397748231606,2024-10-24 22:49:02
1995,58,33,22,,,126.83606041418767,37.207780748655054,126.82977171465684,37.20069838445917,2024-10-24 22:49:03
1996,10,17,22,,,126.81713517429321,37.209356819074415,126.8266200562049,37.19655013404344,2024-10-24 22:51:14
1997,24,65,22,,,126.81802173897776,37.19050347548993,126.83432789726524,37.200471193427965,2024-10-24 22:51:23
1998,58,33,22,,,126.83522735157416,37.20919956956247,126.82987716441212,37.20160367710137,2024-10-24 22:52:18
1999,58,33,22,,,126.83610536608809,37.208380136900765,126.82984056611689,37.20162275038591,2024-10-24 22:52:41
2000,58,33,22,,,126.83461130072492,37.208824401553045,126.82952802746622,37.20165980186028,2024-10-24 22:52:51
2001,20,21,22,,,126.81583595162044,37.19332507005586,126.81895291198224,37.19678807723132,2024-10-24 22:53:07
2002,33,58,22,,,126.83018046327416,37.19967014039397,126.83544478771313,37.20775594049834,2024-10-24 22:53:51
2003,56,41,22,,,126.83400482750996,37.205610533273806,126.83385301004468,37.19638237714912,2024-10-24 22:53:56
2004,11,27,22,,,126.81433354678154,37.20828272466709,126.82614721197525,37.20002621706708,2024-10-24 22:53:58
2005,70,33,22,,,126.83763150647546,37.21047948154818,126.8283216271599,37.200707166260784,2024-10-24 22:54:04
2006,31,59,22,,,126.82828968115639,37.19687386269698,126.83166771859466,37.2071457586947,2024-10-24 22:55:09
2007,42,70,22,,,126.83195707048368,37.196611960154705,126.83682446541066,37.209009915436724,2024-10-24 22:55:23
2008,41,56,22,,,126.83439148608592,37.196330582548185,126.83446568199307,37.20656208992183,2024-10-24 22:55:36
2009,32,59,22,,,126.83166273840907,37.20107279360527,126.83155939857775,37.206686804244555,2024-10-24 22:55:40
2010,70,33,22,,,126.83830440589396,37.210417467416335,126.82894730395613,37.20113922143625,2024-10-24 22:56:13
2011,56,31,22,,,126.83401807302532,37.20540385941503,126.82893866504944,37.197593241914056,2024-10-24 22:56:28
2012,70,17,22,,,126.83860864637516,37.2086470138643,126.82733235098435,37.19662670883007,2024-10-24 22:56:41
2013,42,70,22,,,126.8316676327931,37.19514970245866,126.83866054140067,37.21045476084153,2024-10-24 22:58:04
2014,11,32,22,,,126.81474242066086,37.20769780597201,126.83134144396345,37.20185080656362,2024-10-24 22:58:11
2015,27,18,22,,,126.82676885871014,37.19893727983911,126.82308205262666,37.19657570270872,2024-10-24 22:58:52
