idx,o,d,hour,o_h3,d_h3,o_x,o_y,d_x,d_y,time
0,17,54,7,,,126.82638283086233,37.19696752941052,126.83239784995892,37.20941720994448,2024-10-24 07:00:02
1,33,56,7,,,126.83031118225912,37.2005823539096,126.83405525115032,37.20663511218866,2024-10-24 07:00:38
2,15,4,7,,,126.81601577285088,37.2068835240163,126.82265736441114,37.20945462797221,2024-10-24 07:00:47
3,58,19,7,,,126.83457627227018,37.207644761303236,126.82847860117886,37.19541840306774,2024-10-24 07:01:10
4,10,17,7,,,126.8164754988996,37.20852565281946,126.82652810957215,37.196973677699695,2024-10-24 07:02:02
5,56,41,7,,,126.83430745107285,37.20654214275838,126.8335405650185,37.19623671531342,2024-10-24 07:02:07
6,33,56,7,,,126.8291527232081,37.200904545885024,126.83495429513918,37.205810263871534,2024-10-24 07:02:42
7,58,33,7,,,126.83523979740283,37.20940724446433,126.82856683236334,37.201060617650185,2024-10-24 07:03:06
8,54,33,7,,,126.832622161113,37.209683159582,126.82845992983579,37.20136525825361,2024-10-24 07:03:09
9,32,59,7,,,126.83208361617243,37.201904865303405,126.83156197811041,37.20787372871805,2024-10-24 07:03:59
10,11,17,7,,,126.81378170780339,37.207348782083976,126.82556520340012,37.1963484161688,2024-10-24 07:04:44
11,53,57,7,,,126.83060397918207,37.207194647269176,126.83255020163304,37.20480843182222,2024-10-24 07:04:46
12,20,48,7,,,126.8152263837184,37.192475348481935,126.83051330120472,37.214714702705415,2024-10-24 07:04:50
13,70,32,7,,,126.83840399033161,37.208658805377766,126.83264770637231,37.201936592796415,2024-10-24 07:04:52
14,17,54,7,,,126.82637760037291,37.195940947145736,126.83319309275507,37.20933189953078,2024-10-24 07:05:22
15,66,56,7,,,126.83671742297821,37.20322205575511,126.83391408115332,37.20479304903075,2024-10-24 07:05:32
16,10,17,7,,,126.81669808855777,37.2090562211007,126.82549252033212,37.19629868197604,2024-10-24 07:06:36
17,32,56,7,,,126.8329977907065,37.20084768138083,126.83584672222268,37.20631497446311,2024-10-24 07:06:41
18,27,27,7,,,126.82708596991692,37.198706284082924,126.82584808080452,37.20018624375649,2024-10-24 07:06:43
19,6,36,7,,,126.82517704178117,37.20448853183814,126.82378887748119,37.19767821001132,2024-10-24 07:06:59
20,17,54,7,,,126.82600250902918,37.197510677381274,126.83288982884743,37.21047137348357,2024-10-24 07:07:15
21,41,70,7,,,126.83500201311352,37.19634644299893,126.83790991377755,37.21034738644186,2024-10-24 07:07:38
22,56,41,7,,,126.83423626132846,37.2061985030653,126.83439316979194,37.19681803311798,2024-10-24 07:07:49
23,70,17,7,,,126.83811400264595,37.20962865405616,126.82705888176558,37.197586463132026,2024-10-24 07:07:50
24,33,56,7,,,126.82979910674538,37.20144520827837,126.83447224225104,37.204953815112496,2024-10-24 07:07:52
25,58,19,7,,,126.83476417535725,37.208901223264775,126.82976794423939,37.19552059088443,2024-10-24 07:08:14
26,54,33,7,,,126.83227253296099,37.21063298301987,126.82913105919467,37.20028435218878,2024-10-24 07:08:30
27,56,41,7,,,126.83413750860034,37.205590041414844,126.8341658682938,37.19809146932321,2024-10-24 07:08:37
28,11,70,7,,,126.81350773007644,37.20827618590402,126.83703803145984,37.20863376204959,2024-10-24 07:09:26
29,56,31,7,,,126.83467480029299,37.204944580608974,126.82851812702438,37.19715589617177,2024-10-24 07:09:26
30,17,54,7,,,126.82572871751778,37.196517467946784,126.8335167565858,37.21110047398915,2024-10-24 07:10:26
31,11,17,7,,,126.81374492531363,37.2079974952509,126.8272789286217,37.196303595885695,2024-10-24 07:11:06
32,56,33,7,,,126.83574781294945,37.20632393061907,126.82938252063649,37.2016272268194,2024-10-24 07:11:16
33,42,70,7,,,126.83121525479291,37.19658852209897,126.83842320347702,37.210401161070834,2024-10-24 07:12:14
34,31,25,7,,,126.82898744836584,37.197230703455496,126.82059417123114,37.19445210597796,2024-10-24 07:13:04
35,56,41,7,,,126.83528995853999,37.20479491224864,126.83343960293782,37.19745044006998,2024-10-24 07:13:32
36,42,70,7,,,126.83188475067828,37.19647952653208,126.83793850023743,37.20924688656797,2024-10-24 07:14:20
37,33,58,7,,,126.82872146800207,37.20110100723864,126.8346610472725,37.2087271305199,2024-10-24 07:14:22
38,33,56,7,,,126.82857918651816,37.20067755225246,126.83404631233624,37.20534093696288,2024-10-24 07:14:33
39,60,33,7,,,126.83265690531533,37.21356059875849,126.82890897964245,37.20148279161961,2024-10-24 07:15:24
40,58,32,7,,,126.83473761464681,37.208180416740426,126.83125239168938,37.2021625416932,2024-10-24 07:15:31
41,11,17,7,,,126.81408616370216,37.208990100650176,126.82707384029956,37.196676460846334,2024-10-24 07:15:53
42,33,56,7,,,126.83019746563188,37.200473333967,126.83506656782313,37.205782270113225,2024-10-24 07:16:03
43,58,19,7,,,126.83527277875861,37.20895960716578,126.82853898235838,37.195371205698045,2024-10-24 07:16:38
44,33,56,7,,,126.82862976704213,37.20040483704184,126.8353158095583,37.20631040920223,2024-10-24 07:16:40
45,60,27,7,,,126.83342503615368,37.21224611480351,126.82721102439973,37.19979769403726,2024-10-24 07:16:56
46,31,27,7,,,126.82824099104691,37.19859925754675,126.82734147652498,37.20020110322423,2024-10-24 07:17:03
47,51,7,7,,,126.8195667797786,37.209508162197636,126.82791445404804,37.20807139687327,2024-10-24 07:17:23
48,56,41,7,,,126.83424430799485,37.20617671548966,126.83473165163083,37.19741045026656,2024-10-24 07:17:29
49,33,56,7,,,126.829746656979,37.20007430126321,126.8347003014017,37.20512029119818,2024-10-24 07:17:48
50,41,54,7,,,126.83411947135065,37.196519119231326,126.8327937021541,37.21060480938736,2024-10-24 07:17:52
51,11,58,7,,,126.81418277890667,37.20875116093997,126.83485707235667,37.20862572045202,2024-10-24 07:17:56
52,43,47,7,,,126.82346685264355,37.18913494854455,126.82809829175922,37.21053851015769,2024-10-24 07:18:07
53,70,33,7,,,126.83780632363784,37.20954047365297,126.82839399494578,37.199826666568164,2024-10-24 07:18:35
54,10,17,7,,,126.81792460325724,37.20864922133936,126.82559111113304,37.19644282933182,2024-10-24 07:18:58
55,42,70,7,,,126.83156969520807,37.19581768541362,126.83850605552568,37.20989856553546,2024-10-24 07:19:03
56,68,61,7,,,126.83973890872876,37.202578819542325,126.83396825217167,37.21619975898032,2024-10-24 07:19:18
57,54,33,7,,,126.83293777013608,37.21022437851367,126.82995112030649,37.20033615937518,2024-10-24 07:19:22
58,70,33,7,,,126.83775612913969,37.20941783619609,126.82911929041575,37.20027396524545,2024-10-24 07:19:42
59,56,41,7,,,126.83572478201022,37.205794512749776,126.835118741524,37.19694656919763,2024-10-24 07:21:17
60,56,17,7,,,126.83569158155974,37.20654299850983,126.82684416736883,37.19699494488712,2024-10-24 07:21:39
61,70,42,7,,,126.83853419938794,37.20987979631778,126.83193823120499,37.19577500048262,2024-10-24 07:21:55
62,58,19,7,,,126.83579454150703,37.20916208092216,126.82962945148661,37.194208154553266,2024-10-24 07:22:00
63,56,33,7,,,126.83566800968012,37.2053179203891,126.83021668161715,37.20022229609564,2024-10-24 07:22:18
64,43,34,7,,,126.82250439363727,37.19093690843049,126.82106527351787,37.20399504797744,2024-10-24 07:22:36
65,19,10,7,,,126.82897403216344,37.194076897277164,126.81602455879079,37.209515142568556,2024-10-24 07:23:04
66,58,19,7,,,126.83532538948512,37.2080179715782,126.82897777117444,37.19579504344766,2024-10-24 07:23:14
67,56,33,7,,,126.83404596644903,37.20509136362439,126.8283947896525,37.20158035406992,2024-10-24 07:23:53
68,42,70,7,,,126.8321431284668,37.196913356132946,126.8386165824722,37.21026093446274,2024-10-24 07:24:53
69,17,58,7,,,126.82644077112835,37.196645840409424,126.8345824741433,37.207700662993865,2024-10-24 07:25:29
70,54,33,7,,,126.83347749951602,37.21054811038439,126.82891617312656,37.200896812696264,2024-10-24 07:25:52
71,42,70,7,,,126.83226807035969,37.19685972672127,126.83845190641034,37.20898439673383,2024-10-24 07:26:06
72,56,33,7,,,126.83581559038505,37.20634981519409,126.82980930471538,37.20050382542962,2024-10-24 07:26:37
73,56,33,7,,,126.8352347292218,37.205826704844206,126.82917149891674,37.19983367778869,2024-10-24 07:26:53
74,54,33,7,,,126.83298400444679,37.209681443373,126.82981620233066,37.19967687250064,2024-10-24 07:27:16
75,32,59,7,,,126.83132850001248,37.2025513904528,126.83222849107979,37.20638208835399,2024-10-24 07:27:22
76,54,33,7,,,126.83278071337989,37.210587891322234,126.82964413224585,37.20004946305034,2024-10-24 07:27:28
77,26,37,7,,,126.81881129592874,37.19346173991398,126.82222907708987,37.197770332805746,2024-10-24 07:28:03
78,54,33,7,,,126.83282323022337,37.21096574831194,126.82908223031221,37.20110247469536,2024-10-24 07:28:17
79,56,31,7,,,126.83499395198912,37.20545811803228,126.82850389004919,37.197681834106824,2024-10-24 07:28:19
80,56,33,7,,,126.83544832125274,37.20542187291828,126.82835333729089,37.20155790693154,2024-10-24 07:28:40
81,56,33,7,,,126.83407254217364,37.205147462356514,126.82939311147327,37.199704549438465,2024-10-24 07:28:46
82,70,33,7,,,126.83802616048104,37.21000859714531,126.82877212220886,37.19971751264914,2024-10-24 07:29:29
83,56,41,7,,,126.83517989992032,37.206564494427376,126.83465041761434,37.197853369900784,2024-10-24 07:29:35
84,58,19,7,,,126.83517657296312,37.207810928524296,126.82909801382671,37.19533574358518,2024-10-24 07:29:43
85,50,37,7,,,126.82240222029164,37.21171293138179,126.82141392275413,37.197193994577844,2024-10-24 07:29:47
86,68,34,7,,,126.83977067103396,37.20255158669771,126.82128434766472,37.20211952646616,2024-10-24 07:30:45
87,56,17,7,,,126.83483801618311,37.20490959750406,126.82652347002703,37.19683190401331,2024-10-24 07:31:09
88,10,17,7,,,126.81795640864078,37.20941071852264,126.82650970070883,37.19652670899602,2024-10-24 07:31:21
89,42,70,7,,,126.83219195661896,37.19581471000435,126.83726458029355,37.210282175370466,2024-10-24 07:31:25
90,11,17,7,,,126.81530495795336,37.20801604420018,126.82651951893382,37.1970496397613,2024-10-24 07:31:33
91,54,33,7,,,126.83359155243193,37.21078094529205,126.82963197486741,37.201137705756246,2024-10-24 07:32:18
92,58,46,7,,,126.83426376633948,37.207686828883574,126.83036472372936,37.21191166807348,2024-10-24 07:32:36
93,58,33,7,,,126.83450180681002,37.2083395921984,126.83019640057096,37.19976853629873,2024-10-24 07:32:40
94,56,33,7,,,126.83458098879551,37.20470096893284,126.8291229067157,37.20102406663442,2024-10-24 07:33:09
95,37,20,7,,,126.82207706475957,37.1969258462153,126.81593799808508,37.191548634029644,2024-10-24 07:33:21
96,58,19,7,,,126.83449675918357,37.20916056027475,126.82946185383226,37.19445906845751,2024-10-24 07:33:44
97,56,17,7,,,126.83572243916903,37.205496400806666,126.82572393526137,37.19666146746575,2024-10-24 07:34:27
98,56,41,7,,,126.83393403400845,37.20593800580106,126.8342162037369,37.19703607276046,2024-10-24 07:34:32
99,33,56,7,,,126.82868592329937,37.19982600579485,126.83525915481533,37.20583298950585,2024-10-24 07:34:40
100,58,19,7,,,126.83430430539316,37.20935477975768,126.8288433448123,37.19547497808536,2024-10-24 07:35:16
101,70,42,7,,,126.838650878775,37.20984254827761,126.83172154310758,37.19547837144991,2024-10-24 07:35:25
102,17,54,7,,,126.82625189532668,37.19751450632377,126.83275048060212,37.20961707090473,2024-10-24 07:36:01
103,58,19,7,,,126.83506282701251,37.20900793750287,126.82905113835673,37.19568629795399,2024-10-24 07:36:44
104,56,33,7,,,126.83570435240291,37.20624265563483,126.82886014400094,37.200642241819466,2024-10-24 07:37:16
105,54,33,7,,,126.83227963832309,37.21086092483245,126.82988579103238,37.20008614823413,2024-10-24 07:37:24
106,58,19,7,,,126.83553878935362,37.20812023719652,126.828368996471,37.1945766616111,2024-10-24 07:37:34
107,33,56,7,,,126.82964105080735,37.200264540368764,126.8341773119369,37.2065207793008,2024-10-24 07:37:51
108,56,41,7,,,126.83460313723873,37.206208189985674,126.83397694207936,37.19705271130525,2024-10-24 07:38:38
109,58,19,7,,,126.83524002537926,37.208196695503446,126.82985945204652,37.19472234354544,2024-10-24 07:39:42
110,33,56,7,,,126.83015304763909,37.20061935989858,126.83402248886757,37.20570517156349,2024-10-24 07:39:52
111,66,31,7,,,126.8369805563702,37.204888004089284,126.82930948309465,37.19809234028076,2024-10-24 07:40:10
112,13,65,7,,,126.81662141021503,37.20469993511293,126.83518164954413,37.20095372637365,2024-10-24 07:40:40
113,54,33,7,,,126.83260186480506,37.21050288574125,126.8287416761794,37.20055010246297,2024-10-24 07:41:24
114,33,56,7,,,126.82992847326395,37.20163348948486,126.83524445611555,37.20570080067815,2024-10-24 07:41:45
115,12,19,7,,,126.81960837400604,37.204108625677925,126.82863572374195,37.195227646818616,2024-10-24 07:42:50
116,70,42,7,,,126.83875684367128,37.21016801918782,126.83136758004387,37.19605541394538,2024-10-24 07:43:20
117,6,23,7,,,126.82487578364528,37.203357794999626,126.82009251099257,37.19128290574968,2024-10-24 07:43:39
118,11,58,7,,,126.81385567158507,37.208174837021836,126.83525581573757,37.20795190961751,2024-10-24 07:43:53
119,11,17,7,,,126.81459586782847,37.20739993833582,126.82589524129658,37.19683791999566,2024-10-24 07:44:14
120,42,70,7,,,126.83120740775942,37.19550165273211,126.83875251140724,37.210268235182795,2024-10-24 07:45:03
121,33,56,7,,,126.82922872252256,37.200956784442035,126.835780198283,37.20650095595636,2024-10-24 07:45:51
122,70,42,7,,,126.83797122716835,37.21018237178925,126.83090126531289,37.196641611163805,2024-10-24 07:45:53
123,70,33,7,,,126.83796913141758,37.21021144652655,126.83031341821118,37.201567355419975,2024-10-24 07:46:01
124,11,32,7,,,126.81486253840727,37.207905698785495,126.8326428309577,37.20085838061687,2024-10-24 07:46:44
125,59,33,7,,,126.83174604273356,37.206484995745875,126.8289219444011,37.20079146205853,2024-10-24 07:46:51
126,51,36,7,,,126.82017856490337,37.2108582491285,126.82367347678539,37.198845589354924,2024-10-24 07:46:53
127,58,19,7,,,126.83456584874901,37.207828954287,126.82931535912078,37.19500322593158,2024-10-24 07:47:06
128,56,17,7,,,126.8340091664784,37.20567883479384,126.82710229214098,37.196268036800916,2024-10-24 07:47:30
129,19,57,7,,,126.82832407268623,37.19529703467169,126.83294269748102,37.205372961028345,2024-10-24 07:48:19
130,56,17,7,,,126.83445215992228,37.20521437559467,126.82648592389131,37.19640905937844,2024-10-24 07:48:42
131,10,17,7,,,126.81710006007403,37.20963803121529,126.82658415081403,37.19621052148568,2024-10-24 07:48:52
132,17,54,7,,,126.82593239754777,37.19752134612236,126.83202919218562,37.21019464671994,2024-10-24 07:49:17
133,23,23,7,,,126.82095552132218,37.192664150523235,126.8213826739841,37.1917384640947,2024-10-24 07:49:22
134,17,54,7,,,126.82683151739191,37.197149375505795,126.83301526234384,37.209991459093835,2024-10-24 07:49:49
135,66,52,7,,,126.83789527009027,37.2031064087179,126.83018829748968,37.21781064278928,2024-10-24 07:50:31
136,54,33,7,,,126.83229272735315,37.209663211690895,126.82860898130191,37.201278908653514,2024-10-24 07:51:16
137,32,58,7,,,126.83133184799088,37.2024438961906,126.83456057406764,37.20842993685303,2024-10-24 07:51:26
138,58,19,7,,,126.83508526569081,37.20793930247437,126.82876253821777,37.195458513570095,2024-10-24 07:51:45
139,58,24,7,,,126.8346990768758,37.208507928340346,126.81751786232242,37.18991360088972,2024-10-24 07:51:53
140,56,33,7,,,126.83486268917324,37.20579429998657,126.82891149868216,37.20155126617923,2024-10-24 07:52:15
141,17,54,7,,,126.82672512109177,37.19602116126464,126.8320021423425,37.21108717185325,2024-10-24 07:52:16
142,56,17,7,,,126.83487792374225,37.20619826896362,126.82628536463281,37.19624813196923,2024-10-24 07:52:16
143,17,54,7,,,126.82562872379347,37.197051563838755,126.83257933583721,37.21006300499518,2024-10-24 07:52:28
144,54,33,7,,,126.83322872923809,37.210964404904864,126.82992249308977,37.200103465137985,2024-10-24 07:52:34
145,56,41,7,,,126.83527724778645,37.205246084663926,126.83482825476013,37.19780701120607,2024-10-24 07:52:44
146,32,59,7,,,126.83243604232027,37.20185804136859,126.8320410632156,37.20668737124784,2024-10-24 07:53:28
147,32,59,7,,,126.83156972422758,37.20231676343536,126.83290865819944,37.207770960604485,2024-10-24 07:53:31
148,70,17,7,,,126.83799831237755,37.21012202478883,126.82580125787379,37.19737745160216,2024-10-24 07:53:46
149,11,33,7,,,126.81386139300403,37.20788803941278,126.8302000928061,37.20008774855153,2024-10-24 07:54:57
150,24,24,7,,,126.81731827875923,37.19052666859651,126.81783822229943,37.19103051417257,2024-10-24 07:55:07
151,10,17,7,,,126.81752779184708,37.21007686298132,126.82625084824258,37.19608895887435,2024-10-24 07:55:15
152,10,19,7,,,126.8177810806087,37.209595541938725,126.8282507662991,37.19475809880949,2024-10-24 07:56:37
153,37,41,7,,,126.82026783804531,37.196976964159106,126.83451002708152,37.19773819372482,2024-10-24 07:56:37
154,17,54,7,,,126.82588452406695,37.197383189851195,126.83280660231193,37.209675217678736,2024-10-24 07:56:46
155,42,54,7,,,126.83165593405052,37.19585382512448,126.8317555461409,37.2100530479196,2024-10-24 07:56:58
156,56,17,7,,,126.83442711280505,37.2055922681666,126.82668094231983,37.196264119716616,2024-10-24 07:58:48
157,42,70,7,,,126.83104721833925,37.19658550823311,126.83822128957543,37.2088579249847,2024-10-24 07:58:59
158,42,70,7,,,126.83215065791683,37.19544039668966,126.83764332201984,37.20889363403938,2024-10-24 07:59:01
159,56,33,7,,,126.83400929897509,37.20556631618105,126.82873759394585,37.20042399059274,2024-10-24 07:59:10
160,58,33,7,,,126.83433825476283,37.208964238953705,126.82888295203169,37.19969031367111,2024-10-24 07:59:17
161,42,70,7,,,126.83179220687732,37.19592814793512,126.83867849523052,37.2088486359754,2024-10-24 07:59:42
162,11,48,7,,,126.81375116434019,37.208692961858105,126.8312041996497,37.214742336226095,2024-10-24 07:59:49
163,10,36,8,,,126.81660728881236,37.2089039403063,126.82494283850828,37.19867820779089,2024-10-24 08:00:10
164,56,17,8,,,126.83406445493188,37.20556242779366,126.82626418801888,37.196395761502956,2024-10-24 08:01:16
165,38,44,8,,,126.82412681209752,37.20044136325626,126.82096200423773,37.18878117626437,2024-10-24 08:02:07
166,31,20,8,,,126.82907547050812,37.19745901480733,126.81644394780753,37.19164142023956,2024-10-24 08:02:32
167,70,42,8,,,126.83859031397039,37.210121747725196,126.83117103562289,37.19574658479556,2024-10-24 08:02:59
168,19,10,8,,,126.82935653342686,37.19585606266459,126.81781604694972,37.21000394013908,2024-10-24 08:03:20
169,33,58,8,,,126.82880141117175,37.20123937204527,126.83526223542106,37.20771050237274,2024-10-24 08:03:27
170,54,33,8,,,126.83318076018281,37.20950463430065,126.82847743643248,37.199765307849226,2024-10-24 08:03:35
171,6,29,8,,,126.82411624136407,37.20351029794608,126.82710430346421,37.20291340387161,2024-10-24 08:03:42
172,56,33,8,,,126.83448288377332,37.205380394491925,126.83026901044249,37.20095511580352,2024-10-24 08:03:53
173,32,59,8,,,126.831378842894,37.201542784007266,126.83314371394154,37.20662209703546,2024-10-24 08:04:08
174,56,33,8,,,126.83502465613296,37.20530230080318,126.82881826494736,37.20043891127381,2024-10-24 08:04:29
175,33,58,8,,,126.82942268895434,37.201325418538794,126.83575918543148,37.20863142076929,2024-10-24 08:04:41
176,2,8,8,,,126.82157841095643,37.205498663075396,126.82442488706921,37.20789096305288,2024-10-24 08:06:00
177,56,33,8,,,126.83492286534279,37.20587293606978,126.8294229061201,37.20059120618222,2024-10-24 08:06:09
178,16,11,8,,,126.82390524643218,37.193394432573484,126.81365864082554,37.20745814779731,2024-10-24 08:06:43
179,31,64,8,,,126.82932152569826,37.198517671805206,126.84207603701353,37.20413158448948,2024-10-24 08:06:45
180,32,54,8,,,126.83173389568667,37.202708360158425,126.83296154204406,37.21099686691869,2024-10-24 08:06:46
181,56,33,8,,,126.83558348406461,37.206264852915595,126.82848293164147,37.20163055402655,2024-10-24 08:07:03
182,34,43,8,,,126.8207596981851,37.20337636204059,126.82385367946205,37.1890881548043,2024-10-24 08:07:30
183,11,48,8,,,126.8145062721107,37.20826171561693,126.83118321409003,37.21548327433384,2024-10-24 08:08:37
184,70,33,8,,,126.83791076068955,37.20862820067533,126.82866445163152,37.201292800595475,2024-10-24 08:09:06
185,70,42,8,,,126.83837111399855,37.2086657303728,126.83113776899937,37.19603075231036,2024-10-24 08:09:12
186,31,54,8,,,126.82883224430114,37.19762757730091,126.83306485640783,37.211092236030666,2024-10-24 08:09:15
187,19,29,8,,,126.82967299652674,37.19529132496452,126.82647135174783,37.20269319878128,2024-10-24 08:09:20
188,40,59,8,,,126.83087677484895,37.192431262362035,126.8325443604327,37.20764393104589,2024-10-24 08:10:07
189,56,33,8,,,126.83484657187518,37.205522444925634,126.82990693273572,37.20092855310441,2024-10-24 08:10:18
190,60,18,8,,,126.83198353411895,37.213451577674704,126.82416041068961,37.19541759141879,2024-10-24 08:11:18
191,56,17,8,,,126.83497389440386,37.20490129069647,126.82652306658163,37.19622986167375,2024-10-24 08:11:59
192,17,12,8,,,126.8255635561476,37.19610960753973,126.81948683231612,37.20553034087177,2024-10-24 08:12:17
193,56,33,8,,,126.834859987764,37.20528597281871,126.82843802077763,37.19996750501775,2024-10-24 08:12:51
194,71,43,8,,,126.8407796906935,37.20456087832263,126.82358517286869,37.189154042218334,2024-10-24 08:13:02
195,18,48,8,,,126.82442791025936,37.196687739721526,126.83019756193724,37.213957180241955,2024-10-24 08:13:35
196,54,17,8,,,126.832372116413,37.21088802419011,126.82563539007334,37.196882171193806,2024-10-24 08:15:18
197,33,58,8,,,126.82860938173731,37.20032290197123,126.83413875057221,37.20925971667339,2024-10-24 08:15:54
198,56,32,8,,,126.83442066615213,37.204848528348506,126.83130496534768,37.20109350276666,2024-10-24 08:16:07
199,70,33,8,,,126.83691423209238,37.20914183168791,126.8299020715947,37.20050543395187,2024-10-24 08:16:13
200,35,32,8,,,126.81805537703922,37.20215106424828,126.8312527428571,37.201277239738424,2024-10-24 08:16:14
201,64,11,8,,,126.84313380447554,37.20287241415118,126.81499613803753,37.20819516452673,2024-10-24 08:16:19
202,17,54,8,,,126.82657193370758,37.19676497474634,126.83294769768656,37.20965785138243,2024-10-24 08:16:26
203,71,49,8,,,126.83979145198118,37.20423760654801,126.8282360738648,37.21444172901066,2024-10-24 08:18:39
204,54,33,8,,,126.83328633116686,37.2103416745025,126.83026336658168,37.201356093187016,2024-10-24 08:19:01
205,69,30,8,,,126.83691487921003,37.20589146553119,126.83180175030526,37.1988295672093,2024-10-24 08:19:27
206,1,31,8,,,126.81591717006742,37.198402450693024,126.8281636155308,37.19837128518273,2024-10-24 08:19:40
207,17,56,8,,,126.8262542373232,37.19704751764632,126.8355993375584,37.20514311574176,2024-10-24 08:20:25
208,16,39,8,,,126.82258944671088,37.19368054131159,126.8210711678661,37.200831191998134,2024-10-24 08:20:26
209,54,33,8,,,126.83237393526603,37.211036549535905,126.8286007763581,37.20002859398079,2024-10-24 08:21:05
210,54,33,8,,,126.83322555966448,37.21063666642933,126.82848418745738,37.20080096997759,2024-10-24 08:21:16
211,53,61,8,,,126.82991827450643,37.20600019066862,126.83343390268868,37.21525046675153,2024-10-24 08:21:19
212,11,17,8,,,126.81473636701413,37.208746543619796,126.82617777695125,37.19739245804673,2024-10-24 08:21:43
213,56,17,8,,,126.83580395832678,37.204986665654104,126.82678483952844,37.19668983404539,2024-10-24 08:22:10
214,41,24,8,,,126.83443058403732,37.196957764076416,126.81814072931522,37.19030234416544,2024-10-24 08:22:11
215,20,25,8,,,126.81502070933135,37.1929419979722,126.82111589645977,37.193872662293785,2024-10-24 08:22:18
216,72,52,8,,,126.81125485886189,37.20749784051697,126.83051123738487,37.21776485598392,2024-10-24 08:22:23
217,12,17,8,,,126.81904237822681,37.20503518047552,126.82606275062425,37.195930270882755,2024-10-24 08:23:06
218,69,30,8,,,126.83742404835318,37.207584659134696,126.83152296780476,37.19872383669949,2024-10-24 08:23:51
219,19,1,8,,,126.82985157320586,37.19518445261751,126.81707215452695,37.19766774512681,2024-10-24 08:24:30
220,56,17,8,,,126.83559769842775,37.20481917905555,126.82658336202289,37.196256273191246,2024-10-24 08:24:42
221,20,37,8,,,126.81649640313942,37.19250874098972,126.82077468683626,37.19808454895029,2024-10-24 08:24:58
222,65,49,8,,,126.83460092892639,37.20036818326855,126.82828833555772,37.21354395078365,2024-10-24 08:25:06
223,69,30,8,,,126.83679943400504,37.206832796771295,126.83247737692557,37.19962271332202,2024-10-24 08:25:20
224,70,33,8,,,126.83685121766136,37.20904682982088,126.82900387836375,37.20124282289692,2024-10-24 08:25:29
225,16,71,8,,,126.8229858596379,37.192735066763206,126.84041901437526,37.204812760029476,2024-10-24 08:25:35
226,58,19,8,,,126.83479003257776,37.20874564112885,126.82927185086291,37.194290416285355,2024-10-24 08:25:42
227,59,67,8,,,126.83180933949895,37.20668628311993,126.8349338808924,37.203212915575826,2024-10-24 08:25:43
228,69,30,8,,,126.83734407988838,37.207712765982926,126.8326366966389,37.19798730385961,2024-10-24 08:26:21
229,72,25,8,,,126.81101550158488,37.206854075330874,126.82077177479573,37.194992479680515,2024-10-24 08:26:23
230,70,42,8,,,126.83790479459445,37.21051777470333,126.83205746569466,37.19562202068587,2024-10-24 08:27:11
231,56,17,8,,,126.8347441176278,37.20606191721609,126.82544733256432,37.195999986986926,2024-10-24 08:27:36
232,42,42,8,,,126.83145788166283,37.19579325639313,126.83074105553557,37.19594737245598,2024-10-24 08:28:14
233,37,21,8,,,126.8217520772172,37.19747577476436,126.81913271527887,37.19629536477388,2024-10-24 08:28:44
234,42,70,8,,,126.83106066344999,37.19574044029774,126.83819237527008,37.210446714333976,2024-10-24 08:29:08
235,41,70,8,,,126.83463935916402,37.19639431220214,126.8381205665289,37.21024511477333,2024-10-24 08:29:22
236,11,58,8,,,126.81514679460747,37.207456556712145,126.83442139030117,37.20748934979795,2024-10-24 08:30:03
237,19,53,8,,,126.82859591158466,37.19410155781964,126.83058169309427,37.20555972191007,2024-10-24 08:30:05
238,54,33,8,,,126.83264321183434,37.21051735187946,126.82886060706615,37.20054987123776,2024-10-24 08:30:14
239,60,64,8,,,126.83340093159326,37.213230402523344,126.84198456262203,37.203821079076924,2024-10-24 08:30:19
240,24,65,8,,,126.81862765037332,37.190449719990774,126.8342221411382,37.199535892434916,2024-10-24 08:31:02
241,33,54,8,,,126.82873848500827,37.199849129712,126.83361407504869,37.2104724603309,2024-10-24 08:31:02
242,70,33,8,,,126.83849210864035,37.20866514360076,126.82938638094605,37.200665441308836,2024-10-24 08:31:12
243,17,54,8,,,126.82542441430918,37.196280293657914,126.83347430727176,37.21080274064779,2024-10-24 08:31:22
244,30,62,8,,,126.83137942517845,37.19974970404541,126.83732278588215,37.212171975321915,2024-10-24 08:31:41
245,44,21,8,,,126.82125335302256,37.18811220837162,126.81776981006537,37.19552933304644,2024-10-24 08:32:22
246,10,17,8,,,126.81649763892497,37.21029875160494,126.82617279147277,37.19687217039536,2024-10-24 08:32:56
247,10,40,8,,,126.81690327189891,37.21006878352914,126.83099162276125,37.1932685806665,2024-10-24 08:33:25
248,38,67,8,,,126.82405597293425,37.20174451507106,126.83432862357198,37.20362575782435,2024-10-24 08:33:28
249,10,17,8,,,126.81659390023334,37.210203568459605,126.82623660013215,37.19718046350145,2024-10-24 08:34:01
250,70,33,8,,,126.83759964066427,37.209647833203576,126.82958561496035,37.20060605302068,2024-10-24 08:34:39
251,58,19,8,,,126.8348582748072,37.20818231079482,126.82829457444102,37.194395354602904,2024-10-24 08:34:42
252,37,72,8,,,126.82116475750695,37.197610935746894,126.81187208082227,37.206619101586895,2024-10-24 08:35:02
253,4,65,8,,,126.82115791094685,37.209334905478485,126.83438404282963,37.20075030458706,2024-10-24 08:35:07
254,56,33,8,,,126.83463652562749,37.20586253010559,126.82908910649647,37.201501656442595,2024-10-24 08:35:41
255,70,33,8,,,126.83695409184496,37.21048883828064,126.82932892877058,37.200717901755006,2024-10-24 08:35:44
256,56,17,8,,,126.83564977854051,37.20480021346791,126.82584876356407,37.197261249894524,2024-10-24 08:35:46
257,59,15,8,,,126.83212117630853,37.206453272582,126.81604876744775,37.207055572404684,2024-10-24 08:35:56
258,31,58,8,,,126.82957475929969,37.197688539145446,126.83496284852411,37.20776770040695,2024-10-24 08:36:52
259,69,45,8,,,126.83781201473977,37.20760416717913,126.82561665066771,37.212428145479535,2024-10-24 08:37:27
260,24,20,8,,,126.81871099110342,37.190444098772346,126.815742573807,37.19147487355252,2024-10-24 08:38:02
261,29,27,8,,,126.82707365037164,37.20205653012714,126.8269003505848,37.19988036349605,2024-10-24 08:38:19
262,47,49,8,,,126.82676989797352,37.210506427897165,126.82808013949378,37.213369952135906,2024-10-24 08:38:20
263,58,17,8,,,126.83596657237936,37.20878587881414,126.82671772888234,37.1963901037167,2024-10-24 08:39:46
264,56,33,8,,,126.8349234034787,37.20475526353337,126.82921810110483,37.200286598565576,2024-10-24 08:40:22
265,54,33,8,,,126.83300615354203,37.210166740000574,126.8291048001696,37.19975661758957,2024-10-24 08:40:29
266,54,33,8,,,126.83208073467327,37.20930303841088,126.82984897243203,37.20155643103882,2024-10-24 08:40:54
267,10,17,8,,,126.81776882962312,37.20935474412292,126.82595811425192,37.19749769411045,2024-10-24 08:40:55
268,72,37,8,,,126.81100278012158,37.208166198403745,126.8204659424827,37.197011136549165,2024-10-24 08:41:07
269,70,33,8,,,126.83796006063119,37.20924516137799,126.82965070318326,37.20004041068796,2024-10-24 08:41:58
270,69,30,8,,,126.83675270608408,37.205734217677055,126.83244497102797,37.19844277662543,2024-10-24 08:42:00
271,19,10,8,,,126.82937734376608,37.19453608235724,126.81737188730118,37.209873203888726,2024-10-24 08:42:23
272,70,33,8,,,126.83730260946798,37.20957028075916,126.82917275116363,37.199952936544854,2024-10-24 08:43:08
273,28,34,8,,,126.82875503764744,37.20436190420507,126.82075818718482,37.20252189055982,2024-10-24 08:43:35
274,56,32,8,,,126.835157773267,37.20591351593107,126.83225366058348,37.20247499847144,2024-10-24 08:43:53
275,56,33,8,,,126.83440421715531,37.20498803711582,126.82919311696095,37.20054129941298,2024-10-24 08:44:06
276,54,33,8,,,126.83195563773286,37.20999504318184,126.82837558757419,37.200932126889676,2024-10-24 08:44:52
277,54,33,8,,,126.83220678387487,37.21085239607376,126.82971967092315,37.200026615008284,2024-10-24 08:44:54
278,19,4,8,,,126.82788238505012,37.19482644023898,126.8227122320435,37.20941518586734,2024-10-24 08:44:56
279,58,19,8,,,126.83532316192554,37.208242570570796,126.82848535289344,37.19591083315628,2024-10-24 08:45:12
280,11,45,8,,,126.81462994925488,37.208841920638065,126.82599395427917,37.21188584660206,2024-10-24 08:45:18
281,56,17,8,,,126.83405288070131,37.206255319666084,126.8254902239694,37.19749316896564,2024-10-24 08:45:36
282,13,71,8,,,126.81632320031989,37.20442637672078,126.840492848483,37.20462197883939,2024-10-24 08:46:02
283,17,54,8,,,126.82555334324684,37.1968628365168,126.83364719181499,37.21108394576371,2024-10-24 08:46:15
284,14,59,8,,,126.82046588004921,37.20844586345167,126.83231559050846,37.207871310330766,2024-10-24 08:46:43
285,32,45,8,,,126.8318859919418,37.201487564639244,126.82577520578904,37.213482746301345,2024-10-24 08:47:07
286,10,56,8,,,126.81677611881068,37.208815873428065,126.83473027989922,37.206354945244925,2024-10-24 08:47:36
287,7,35,8,,,126.82635917119353,37.20800097977004,126.81962244233874,37.202233402958186,2024-10-24 08:47:40
288,10,17,8,,,126.81711185512683,37.20865501866734,126.82559203784884,37.1968741430597,2024-10-24 08:48:27
289,38,7,8,,,126.82490281009103,37.201886166433226,126.82721751735284,37.208074458605566,2024-10-24 08:49:38
290,70,33,8,,,126.83702606093414,37.20985373809876,126.8298276312303,37.20082958950748,2024-10-24 08:50:02
291,58,19,8,,,126.83595797544017,37.209452982828054,126.82920710119876,37.19422173468728,2024-10-24 08:50:26
292,45,58,8,,,126.82432453630959,37.212326929680394,126.83604632871693,37.20757861655807,2024-10-24 08:50:26
293,54,33,8,,,126.83242427723596,37.21025443987116,126.82862909192912,37.20057307444571,2024-10-24 08:50:56
294,49,1,8,,,126.82858114579571,37.213508629688164,126.8156915243731,37.19718017577899,2024-10-24 08:51:13
295,56,32,8,,,126.83506766588754,37.205770390259524,126.83276332208287,37.202108771678404,2024-10-24 08:51:30
296,54,33,8,,,126.83236223413552,37.210218167105445,126.82967070916328,37.19988756240876,2024-10-24 08:51:32
297,56,32,8,,,126.83426302196601,37.205953937313986,126.83198745981971,37.202292200900274,2024-10-24 08:51:49
298,14,44,8,,,126.81955306022869,37.20757990022489,126.8200593497318,37.18921286067855,2024-10-24 08:51:50
299,6,45,8,,,126.8239267951223,37.203238356413664,126.82464036369241,37.21184366241954,2024-10-24 08:51:52
300,10,47,8,,,126.81692086634655,37.20942512246565,126.82690274015022,37.210490690634785,2024-10-24 08:52:04
301,55,16,8,,,126.82964279417172,37.20862355548669,126.82399149302039,37.19188915300063,2024-10-24 08:52:10
302,58,33,8,,,126.83458616556231,37.20843119644387,126.82846860354603,37.199940913570714,2024-10-24 08:52:18
303,42,28,8,,,126.83228186848842,37.196218063612235,126.83031452748702,37.20334146030484,2024-10-24 08:52:29
304,56,33,8,,,126.83510450143288,37.205319653586635,126.82960888409136,37.20124423672749,2024-10-24 08:52:52
305,19,10,8,,,126.82908031911492,37.195632548996166,126.81728341286883,37.209042904251405,2024-10-24 08:52:57
306,56,19,8,,,126.83536348791947,37.205341669823895,126.8294962631301,37.1956727259602,2024-10-24 08:52:59
307,68,3,8,,,126.83988576565287,37.20193658929452,126.82547419368575,37.210698630942765,2024-10-24 08:53:07
308,70,42,8,,,126.83878037157072,37.20990889443156,126.83091543985385,37.196072455498694,2024-10-24 08:53:11
309,56,17,8,,,126.8349296962772,37.20497918470904,126.82642552357092,37.19599769352128,2024-10-24 08:53:11
310,10,17,8,,,126.81668992759904,37.21004708709968,126.82593996477242,37.19734507505313,2024-10-24 08:53:55
311,56,33,8,,,126.83399077513583,37.206120761383914,126.82945758675032,37.20148388277751,2024-10-24 08:54:03
312,72,33,8,,,126.81224416332451,37.20721455378113,126.82847212738953,37.20111994551305,2024-10-24 08:54:25
313,69,30,8,,,126.83834025838166,37.2069330421756,126.83173622614032,37.198035288375074,2024-10-24 08:54:41
314,23,21,8,,,126.82173922172126,37.19102346145697,126.81950968161917,37.19562438687304,2024-10-24 08:54:54
315,54,33,8,,,126.83302184184714,37.21043692210478,126.82953226320852,37.2007792623747,2024-10-24 08:55:52
316,21,7,8,,,126.81951144935258,37.19723124847523,126.8280422262273,37.207621839074484,2024-10-24 08:56:17
317,69,30,8,,,126.8382564755134,37.20666862514654,126.8317132650837,37.19944861107808,2024-10-24 08:56:38
318,69,30,8,,,126.83848708106757,37.206598660400836,126.83167730080984,37.19837500478237,2024-10-24 08:56:43
319,69,30,8,,,126.83726483525338,37.20715312382549,126.83085165121163,37.1982230273822,2024-10-24 08:57:17
320,10,17,8,,,126.81693307290118,37.2101641220967,126.82706990579382,37.19600457253978,2024-10-24 08:57:26
321,58,60,8,,,126.8351484588947,37.20903489494947,126.83337343726903,37.21308875319592,2024-10-24 08:57:38
322,57,39,8,,,126.83303611207484,37.20487524917515,126.82115115638629,37.20098546439193,2024-10-24 08:58:08
323,33,58,8,,,126.83028932798615,37.20163383912806,126.83573010711636,37.20853908551585,2024-10-24 08:58:36
324,24,13,8,,,126.81847843962684,37.19106519612298,126.81725467048828,37.203502515342855,2024-10-24 08:58:43
325,11,65,8,,,126.81363463368963,37.208566695969516,126.8353984974008,37.19995055082039,2024-10-24 08:59:27
326,58,33,9,,,126.83495575648568,37.20852307957215,126.82975865882067,37.19969923515957,2024-10-24 09:00:27
327,54,3,9,,,126.83239099260568,37.20971658079547,126.8251759834362,37.20923869979119,2024-10-24 09:00:46
328,10,17,9,,,126.81648216787366,37.20859072238834,126.82612992061136,37.197059965993,2024-10-24 09:02:22
329,42,70,9,,,126.83134487300558,37.19710973676164,126.8386919506887,37.20953029709338,2024-10-24 09:02:28
330,42,70,9,,,126.83090101340798,37.1969418526068,126.83717031061423,37.210304019245065,2024-10-24 09:02:32
331,19,54,9,,,126.82900675240636,37.194835991999184,126.8327783342778,37.209582785097616,2024-10-24 09:03:05
332,58,33,9,,,126.83495786391407,37.20898733228927,126.82877714016158,37.201350872298015,2024-10-24 09:03:18
333,56,33,9,,,126.83399720316822,37.205132387595384,126.82939379299523,37.20054370848734,2024-10-24 09:03:19
334,56,33,9,,,126.8358443020852,37.20576769119212,126.82858245887954,37.20078035638076,2024-10-24 09:03:56
335,58,33,9,,,126.83581121645643,37.20850654343293,126.82995026519913,37.199814443687245,2024-10-24 09:04:00
336,56,33,9,,,126.83397588225962,37.20484471271914,126.82972084591115,37.200861352657824,2024-10-24 09:04:35
337,56,17,9,,,126.8348528721098,37.20661519378911,126.82576558209993,37.19634382165538,2024-10-24 09:04:42
338,17,54,9,,,126.8257217803403,37.197146867384944,126.83260077274011,37.21002471798627,2024-10-24 09:04:58
339,23,72,9,,,126.8207141438968,37.19156581969203,126.81229248978562,37.20727571625309,2024-10-24 09:05:01
340,11,17,9,,,126.813959966593,37.20750778688118,126.82633728584553,37.19591797028113,2024-10-24 09:05:02
341,7,12,9,,,126.82711385277166,37.20837392395393,126.81974720754756,37.20481483371341,2024-10-24 09:05:07
342,70,33,9,,,126.8379466495984,37.209138083077896,126.830013158228,37.200799174704144,2024-10-24 09:05:15
343,11,33,9,,,126.81459602543485,37.20775834393463,126.82856461396767,37.20076746569533,2024-10-24 09:05:23
344,19,10,9,,,126.829756958904,37.194136039340755,126.81684644659948,37.21006659004046,2024-10-24 09:06:36
345,42,70,9,,,126.83082581792542,37.19647777712862,126.8387745546228,37.210468566833185,2024-10-24 09:06:51
346,17,70,9,,,126.82633856458035,37.196407872014404,126.8373145709642,37.20907447264764,2024-10-24 09:07:14
347,42,70,9,,,126.83122096808441,37.19697230284749,126.83810135801818,37.20944822745505,2024-10-24 09:07:19
348,56,17,9,,,126.83586539627797,37.206174574658796,126.82624634332404,37.19706140187779,2024-10-24 09:09:14
349,32,45,9,,,126.83222536201181,37.20140243641705,126.82604553687756,37.21190664005339,2024-10-24 09:09:32
350,50,44,9,,,126.8232510249463,37.21145542187216,126.82035695802696,37.18799160199642,2024-10-24 09:09:35
351,33,56,9,,,126.8287986664977,37.20130910544662,126.8353097715304,37.205788059835754,2024-10-24 09:10:05
352,42,70,9,,,126.8324209480542,37.19592920805855,126.83777363024002,37.210296328541766,2024-10-24 09:10:46
353,7,29,9,,,126.82658699124536,37.2089371349687,126.82741610991941,37.202615663370146,2024-10-24 09:10:55
354,11,17,9,,,126.81358397716768,37.20879269659138,126.82714204270111,37.196775367814496,2024-10-24 09:12:25
355,56,33,9,,,126.83535877759994,37.206517740015215,126.8299332297445,37.19989147214189,2024-10-24 09:12:52
356,19,10,9,,,126.82886272020272,37.19556107150743,126.81700769652961,37.2093677120182,2024-10-24 09:12:57
357,33,56,9,,,126.8289416583443,37.19970365759938,126.83528973022996,37.20494578180919,2024-10-24 09:13:01
358,43,6,9,,,126.82293507832723,37.19067606190632,126.82468925332319,37.20459737133091,2024-10-24 09:13:09
359,42,70,9,,,126.83112537393215,37.196627215274276,126.83693705837163,37.209110359981345,2024-10-24 09:13:36
360,10,17,9,,,126.81771582969358,37.20858353718354,126.82720297750785,37.19667372561209,2024-10-24 09:13:39
361,70,11,9,,,126.83832324213884,37.209713601506905,126.81412250329288,37.208682556116564,2024-10-24 09:14:08
362,56,33,9,,,126.83445903754914,37.205470039705844,126.8294976076219,37.200779219100575,2024-10-24 09:15:05
363,42,66,9,,,126.8306558660707,37.19639128230228,126.83780451199405,37.20373454430045,2024-10-24 09:15:24
364,19,31,9,,,126.82857197929631,37.194465117602206,126.82908000967721,37.19695136644787,2024-10-24 09:16:26
365,56,33,9,,,126.83451020254572,37.20634160115747,126.82992582569729,37.20108093645934,2024-10-24 09:16:27
366,58,33,9,,,126.83518599144004,37.207842518716106,126.82884892285077,37.20129621164579,2024-10-24 09:16:27
367,58,19,9,,,126.8347936054565,37.20796864589334,126.82876576277026,37.19419296962394,2024-10-24 09:16:34
368,72,25,9,,,126.81080594316904,37.20760221913941,126.82146043525137,37.19391678462602,2024-10-24 09:16:49
369,33,56,9,,,126.8287640074534,37.200781956165976,126.83450395883867,37.20658874054813,2024-10-24 09:19:02
370,58,19,9,,,126.83520037972407,37.208219978090874,126.82838931237337,37.19475334786826,2024-10-24 09:19:19
371,33,56,9,,,126.82969475320054,37.201075584738035,126.83486833655452,37.205620925451974,2024-10-24 09:19:43
372,17,54,9,,,126.82701499575471,37.19673552987795,126.83226675616741,37.21056345617623,2024-10-24 09:20:37
373,11,54,9,,,126.81351276806585,37.20848598987328,126.8328555053152,37.210475449348436,2024-10-24 09:20:40
374,72,38,9,,,126.8121645601321,37.20706547380405,126.82334344274022,37.20052417526949,2024-10-24 09:21:02
375,19,16,9,,,126.82804628730868,37.195029569303244,126.8234119260579,37.19266017755572,2024-10-24 09:21:03
376,58,19,9,,,126.83595106779066,37.20806503065339,126.82824623651386,37.19445844430125,2024-10-24 09:22:43
377,32,31,9,,,126.83203789119034,37.20235443643217,126.82987648465432,37.19714816696777,2024-10-24 09:22:44
378,58,33,9,,,126.83577626334863,37.207973308117396,126.82959766228622,37.201598799398866,2024-10-24 09:23:02
379,17,54,9,,,126.82603078444477,37.19698296076724,126.83314028793417,37.21063020026406,2024-10-24 09:23:13
380,56,33,9,,,126.83525141475761,37.20652609211261,126.82895174229205,37.20123739205632,2024-10-24 09:23:30
381,36,39,9,,,126.82425697794292,37.19935235160984,126.82091240593032,37.200733582067244,2024-10-24 09:23:38
382,10,38,9,,,126.81625290202298,37.20935577383008,126.8234466020196,37.20072167318362,2024-10-24 09:24:40
383,54,33,9,,,126.83280022586911,37.209349679938136,126.82940957187485,37.19978929895947,2024-10-24 09:24:41
384,54,33,9,,,126.83211014562643,37.21042272539013,126.8286206445068,37.19993292042876,2024-10-24 09:25:05
385,58,19,9,,,126.83558224889386,37.20764358259518,126.82840311229431,37.19441579199401,2024-10-24 09:25:19
386,58,33,9,,,126.834624539502,37.208598233627534,126.83020120246752,37.2007670679294,2024-10-24 09:25:55
387,56,17,9,,,126.83574295986148,37.205539993558276,126.82556611943154,37.19652463294086,2024-10-24 09:26:06
388,54,36,9,,,126.83167791936773,37.20970238893198,126.82309109289365,37.19794013496341,2024-10-24 09:27:01
389,58,33,9,,,126.83605167505755,37.207616693089754,126.8288006891658,37.200583778355465,2024-10-24 09:27:05
390,33,56,9,,,126.8295372294972,37.200669421873584,126.83560548369782,37.20558613022069,2024-10-24 09:28:00
391,56,33,9,,,126.83450850669699,37.20545943764661,126.8293901299062,37.200033540821856,2024-10-24 09:28:25
392,56,33,9,,,126.83578120556889,37.20587276570737,126.82879560596571,37.20144386554828,2024-10-24 09:28:37
393,55,65,9,,,126.82911406928407,37.20880157421177,126.83532925573742,37.20099981693937,2024-10-24 09:28:55
394,50,37,9,,,126.82155284971199,37.2115310749931,126.82063030906923,37.19776211541798,2024-10-24 09:29:11
395,19,48,9,,,126.82839513491818,37.19430269864514,126.83024134148616,37.21447542898667,2024-10-24 09:29:25
396,72,56,9,,,126.81175134715092,37.2070736894281,126.83396125351615,37.205459007643114,2024-10-24 09:29:25
397,66,70,9,,,126.83703233711555,37.20419775605224,126.83876641269042,37.21049418774532,2024-10-24 09:29:37
398,70,33,9,,,126.83697076969227,37.209003817307526,126.82954200384467,37.20087612035076,2024-10-24 09:29:50
399,54,33,9,,,126.83208269139564,37.20942595453821,126.82849615666632,37.20083207822125,2024-10-24 09:30:09
400,10,17,9,,,126.81715802066948,37.20986443128333,126.82620168753819,37.19682856000467,2024-10-24 09:30:18
401,10,17,9,,,126.81763120354954,37.21033278714778,126.82737876876556,37.197704762714324,2024-10-24 09:30:23
402,10,17,9,,,126.81723393147834,37.208767403190585,126.8274028771333,37.19715760152368,2024-10-24 09:30:27
403,53,53,9,,,126.83067050711495,37.20680441160079,126.83020820252644,37.20590078997662,2024-10-24 09:30:29
404,71,39,9,,,126.83976703602796,37.20496986344375,126.82134812820664,37.201121190757746,2024-10-24 09:30:45
405,54,33,9,,,126.83248272165049,37.20980708717785,126.83010451011705,37.20067082380684,2024-10-24 09:31:46
406,60,1,9,,,126.83191504960834,37.21212144155735,126.81611598234402,37.19742005076949,2024-10-24 09:32:29
407,33,54,9,,,126.82957232385971,37.20000680698786,126.83335422267447,37.210432946104845,2024-10-24 09:32:47
408,32,59,9,,,126.83159880689915,37.202163984334646,126.83218436318434,37.20800927526378,2024-10-24 09:33:26
409,58,33,9,,,126.8355986239433,37.20838031259902,126.82859419043459,37.20037013520103,2024-10-24 09:33:29
410,54,33,9,,,126.83274520874107,37.209597788051774,126.83002324539221,37.19999485717753,2024-10-24 09:34:30
411,54,33,9,,,126.83178316003621,37.210084439878216,126.8291451225251,37.199929671544005,2024-10-24 09:34:50
412,58,19,9,,,126.83506508760306,37.20922427850685,126.82931101626497,37.19564046200079,2024-10-24 09:35:00
413,11,17,9,,,126.81508183155539,37.207946162878066,126.826685207305,37.19733016609928,2024-10-24 09:35:19
414,10,17,9,,,126.81713352253433,37.209112237099816,126.82592619898855,37.19629319359478,2024-10-24 09:35:20
415,42,70,9,,,126.8324280048605,37.19610321799614,126.83775477473715,37.21024164877589,2024-10-24 09:35:47
416,67,2,9,,,126.8341439329267,37.20366552872498,126.82231643880878,37.206672174679106,2024-10-24 09:36:03
417,56,33,9,,,126.8343680578417,37.20540147222901,126.82862451612382,37.200587033421456,2024-10-24 09:36:18
418,33,56,9,,,126.82902284735471,37.200350436899726,126.83535057883077,37.20618689886125,2024-10-24 09:36:23
419,58,33,9,,,126.83416736466445,37.209413613298594,126.82966233928165,37.201292097306194,2024-10-24 09:36:34
420,56,17,9,,,126.83416342388276,37.20542903655652,126.82707526266961,37.19772708899565,2024-10-24 09:36:40
421,70,10,9,,,126.83688453675946,37.209666549026835,126.81663914649927,37.21019579506224,2024-10-24 09:37:04
422,58,33,9,,,126.83596687824863,37.20843528724463,126.82959789230378,37.20075005657507,2024-10-24 09:37:18
423,10,56,9,,,126.81777867000649,37.20859780479916,126.83470504966967,37.204774415503486,2024-10-24 09:37:39
424,33,56,9,,,126.82990508408942,37.201533183613904,126.83415247791959,37.20518983436646,2024-10-24 09:38:15
425,58,19,9,,,126.83561558422667,37.20918682428506,126.82897281224568,37.19406726855915,2024-10-24 09:38:24
426,54,33,9,,,126.83259664503603,37.20930894805571,126.82976083353707,37.20127961356947,2024-10-24 09:38:29
427,67,69,9,,,126.83377752387396,37.2027782248694,126.8384454241617,37.2058724114003,2024-10-24 09:38:41
428,10,17,9,,,126.8163170534396,37.2084030329877,126.82614754846138,37.196669485379026,2024-10-24 09:38:43
429,11,58,9,,,126.81464337699884,37.20756552185043,126.83534335728497,37.208899920139,2024-10-24 09:39:38
430,58,32,9,,,126.83496823561636,37.2086169404542,126.83165895634163,37.201051327542146,2024-10-24 09:39:52
431,58,19,9,,,126.83525078042179,37.20890726508183,126.82960513682166,37.19499361717009,2024-10-24 09:40:06
432,70,42,9,,,126.83836584303141,37.209332935397356,126.83109753791427,37.19517464447335,2024-10-24 09:40:39
433,29,8,9,,,126.82685364178707,37.202418762595954,126.82389060970236,37.2060412003042,2024-10-24 09:41:07
434,58,19,9,,,126.83492634358879,37.20886619176748,126.82850941913625,37.19451349067508,2024-10-24 09:41:15
435,2,28,9,,,126.82148097410403,37.20686592995661,126.83043415420025,37.2044413749799,2024-10-24 09:41:58
436,38,53,9,,,126.82364741240741,37.201801494394644,126.83057280585155,37.20539842915715,2024-10-24 09:42:01
437,17,54,9,,,126.82640169556655,37.197047622626016,126.83225123173816,37.21044780251444,2024-10-24 09:42:11
438,24,45,9,,,126.81736724920569,37.191073345953775,126.8248521128279,37.21353180159247,2024-10-24 09:42:32
439,72,26,9,,,126.8114211111005,37.20648455585526,126.8175361850872,37.19324909103413,2024-10-24 09:43:16
440,58,33,9,,,126.83536611819142,37.20879216406123,126.82928998214543,37.20063219117161,2024-10-24 09:43:32
441,17,54,9,,,126.82593493126194,37.197311684979184,126.83281616282945,37.20961509125325,2024-10-24 09:43:47
442,33,56,9,,,126.82884299774399,37.20127308792459,126.8358234045005,37.20561127949634,2024-10-24 09:43:54
443,10,17,9,,,126.81793121721735,37.20889564187233,126.82577771554523,37.19582146692333,2024-10-24 09:44:20
444,56,17,9,,,126.83417470932079,37.20639202673633,126.82564288578085,37.19749021340385,2024-10-24 09:45:10
445,33,56,9,,,126.8290679229298,37.20062252483105,126.83482805677215,37.20655629027734,2024-10-24 09:45:12
446,10,17,9,,,126.81614005526946,37.20903311292921,126.82718828281098,37.19685398296405,2024-10-24 09:45:35
447,32,59,9,,,126.83183230630854,37.20096571390076,126.83324518177298,37.20699313326471,2024-10-24 09:45:59
448,58,19,9,,,126.83421217457766,37.20866859349489,126.8294754903543,37.194180397413895,2024-10-24 09:45:59
449,33,58,9,,,126.83010579430051,37.200752164618336,126.83482334881957,37.20824771951341,2024-10-24 09:46:11
450,70,33,9,,,126.83748219287838,37.21033258083274,126.8285941745659,37.201177001393404,2024-10-24 09:46:13
451,72,10,9,,,126.81140201257678,37.20734775231648,126.81660093607422,37.209882597148,2024-10-24 09:46:24
452,70,33,9,,,126.83782031890242,37.20998785643893,126.82842166624131,37.20161442951923,2024-10-24 09:47:03
453,2,19,9,,,126.82182612270323,37.20575744552326,126.82968940358029,37.19548845754857,2024-10-24 09:47:05
454,58,33,9,,,126.83550116272019,37.20791036910738,126.82962174481654,37.20136151706843,2024-10-24 09:47:35
455,54,33,9,,,126.83305246917939,37.21073315658876,126.83019554462491,37.20094320551476,2024-10-24 09:48:01
456,58,33,9,,,126.83457051881415,37.207760713895055,126.82843517361525,37.2005778021823,2024-10-24 09:48:16
457,11,32,9,,,126.8152208775257,37.207708073886096,126.83156732239021,37.20178430030858,2024-10-24 09:48:25
458,11,17,9,,,126.81437730256174,37.20869487263644,126.82705229824529,37.19730796934235,2024-10-24 09:48:56
459,43,13,9,,,126.82374694592457,37.189430832288096,126.81669874396968,37.20428922768129,2024-10-24 09:49:03
460,33,56,9,,,126.828590438349,37.19979034543639,126.83455882877698,37.205057602702894,2024-10-24 09:49:39
461,56,33,9,,,126.83516071598342,37.20646607462419,126.82930551495241,37.20052018402895,2024-10-24 09:50:11
462,32,59,9,,,126.83218667508093,37.202431708576505,126.8324670757661,37.20739240756969,2024-10-24 09:50:28
463,58,19,9,,,126.83613222348328,37.207693287001014,126.82835137548228,37.19499267050983,2024-10-24 09:50:37
464,54,33,9,,,126.83241913810853,37.211171150417634,126.83013986715399,37.20106966431808,2024-10-24 09:51:02
465,56,33,9,,,126.83402161777816,37.20637037977829,126.82889280028013,37.200673574562245,2024-10-24 09:51:29
466,54,33,9,,,126.83324662980421,37.210385103424905,126.82937061962556,37.200716796176806,2024-10-24 09:51:31
467,56,19,9,,,126.83450545568553,37.20468838994759,126.82895507979664,37.195381828472705,2024-10-24 09:51:37
468,45,70,9,,,126.82528621440176,37.21196795853708,126.83762971394867,37.209816980886906,2024-10-24 09:51:41
469,54,33,9,,,126.83300007730324,37.21026850986923,126.82880920423604,37.200102606109674,2024-10-24 09:51:42
470,58,19,9,,,126.83596174046704,37.209138116965256,126.82869404945976,37.194776238600014,2024-10-24 09:51:59
471,42,70,9,,,126.83169915056337,37.19529431459648,126.83826496855563,37.209609833852525,2024-10-24 09:52:28
472,33,58,9,,,126.8288951786814,37.20127501453228,126.83556136204425,37.208033915285355,2024-10-24 09:52:46
473,32,66,9,,,126.83215617443413,37.20269061844982,126.83647250621179,37.20336302801895,2024-10-24 09:53:26
474,10,40,9,,,126.81673197016171,37.20932630621463,126.83126155452841,37.19344445270963,2024-10-24 09:53:57
475,28,57,9,,,126.82965400911958,37.20445489575038,126.83151196139926,37.20429333374876,2024-10-24 09:54:15
476,58,33,9,,,126.83449161315127,37.20933807842771,126.82936304417987,37.20150188055328,2024-10-24 09:55:02
477,56,33,9,,,126.83506095037927,37.20647571335919,126.82985934980239,37.20082073249364,2024-10-24 09:55:41
478,56,33,9,,,126.8345122585784,37.205284249523736,126.82963469822504,37.19995230373269,2024-10-24 09:55:52
479,38,12,9,,,126.82503489614308,37.20139686828868,126.81852195748864,37.20518100427577,2024-10-24 09:56:31
480,11,17,9,,,126.81363194218571,37.20750545555794,126.82605094094859,37.19609895440138,2024-10-24 09:56:45
481,17,54,9,,,126.82548800805333,37.19761749969223,126.83183433413434,37.21092103687708,2024-10-24 09:57:31
482,19,34,9,,,126.82880736282533,37.19534334883093,126.82240248261631,37.20312762825398,2024-10-24 09:57:32
483,10,20,9,,,126.81742930469524,37.208653272838376,126.81501761120997,37.19284747475425,2024-10-24 09:58:07
484,59,41,9,,,126.83151101657192,37.20767756650088,126.83399013946389,37.19700651187499,2024-10-24 09:58:35
485,17,58,9,,,126.82620305266063,37.196460381363,126.83516303973741,37.208979984591714,2024-10-24 09:58:45
486,19,10,9,,,126.82949314481148,37.1958394504113,126.81745243397046,37.21020576541024,2024-10-24 09:59:04
487,32,59,9,,,126.83105252007961,37.20212259202418,126.83338178895696,37.207326958025455,2024-10-24 09:59:32
488,42,70,9,,,126.83230437019286,37.19696747255125,126.83795465693647,37.2085580636357,2024-10-24 09:59:32
489,51,34,10,,,126.81955026334941,37.21140306560785,126.82252695231415,37.20404563489287,2024-10-24 10:00:02
490,48,11,10,,,126.83112916799395,37.21548168923286,126.81527021183597,37.20744341663284,2024-10-24 10:00:10
491,10,17,10,,,126.81667461154345,37.210235909264526,126.8270137723702,37.19701002461735,2024-10-24 10:00:27
492,1,20,10,,,126.81589186467656,37.197660978321636,126.81647170128018,37.19161643527618,2024-10-24 10:00:50
493,56,17,10,,,126.83398838343199,37.205167289847275,126.82698419944427,37.195890577960775,2024-10-24 10:00:56
494,42,70,10,,,126.83124803781067,37.19601485784112,126.83769687300591,37.21017298646897,2024-10-24 10:02:12
495,71,38,10,,,126.83969184745628,37.20435282004355,126.82439161058038,37.20193732629281,2024-10-24 10:02:12
496,58,2,10,,,126.83574175550817,37.20781734330267,126.8228400221988,37.20683245648894,2024-10-24 10:03:35
497,56,31,10,,,126.83478370179422,37.20526325827974,126.82856749604653,37.19875714159205,2024-10-24 10:04:30
498,32,59,10,,,126.83261959764351,37.20134703288814,126.8331460075807,37.20660794813068,2024-10-24 10:04:35
499,58,17,10,,,126.8358651439292,37.209212637078494,126.82602701499437,37.19731669520061,2024-10-24 10:04:42
500,58,19,10,,,126.83414901781636,37.20856483739277,126.82899380260025,37.194436171064055,2024-10-24 10:05:53
501,54,33,10,,,126.83167406103195,37.21060087057337,126.8285796729615,37.200619396280885,2024-10-24 10:06:13
502,43,56,10,,,126.82377389840656,37.1893296119627,126.83402730148117,37.20546611173916,2024-10-24 10:06:30
503,42,70,10,,,126.83102477596775,37.19666665645522,126.8379945809931,37.210160934732414,2024-10-24 10:08:00
504,61,51,10,,,126.83373562389207,37.215005830916276,126.82010407435558,37.21002781909598,2024-10-24 10:08:11
505,54,33,10,,,126.8325165162921,37.21116978431277,126.82845592998822,37.199930133166546,2024-10-24 10:08:13
506,65,45,10,,,126.83512083480345,37.199035483464755,126.82432573587752,37.21354677043661,2024-10-24 10:08:17
507,70,33,10,,,126.83828343725,37.2104912506415,126.82959280536033,37.20053951963022,2024-10-24 10:09:18
508,56,31,10,,,126.83423639496999,37.20604591851539,126.82913623199562,37.19875631804212,2024-10-24 10:09:22
509,44,44,10,,,126.82012724354978,37.18913279281396,126.8204937926907,37.18880639193408,2024-10-24 10:09:42
510,69,30,10,,,126.83783260763923,37.20579301416791,126.8313652551554,37.19842249832705,2024-10-24 10:10:08
511,58,19,10,,,126.83495315168838,37.20747141036763,126.82855903651408,37.19450082424087,2024-10-24 10:10:16
512,59,27,10,,,126.83234678106008,37.20658909309749,126.82587101621418,37.19921312531039,2024-10-24 10:10:36
513,69,30,10,,,126.83841086297329,37.206431601785795,126.83166706769069,37.198480892306605,2024-10-24 10:11:47
514,56,41,10,,,126.83562370010361,37.20650523944726,126.83506369566597,37.19730168485577,2024-10-24 10:12:13
515,70,33,10,,,126.83750025128768,37.21015242012536,126.8299191222666,37.20002070260967,2024-10-24 10:13:45
516,49,17,10,,,126.82839915374903,37.214599013136784,126.82605134974546,37.19675907013671,2024-10-24 10:14:52
517,70,17,10,,,126.83878406247067,37.20969091351598,126.82727603151046,37.19654648528482,2024-10-24 10:14:58
518,41,58,10,,,126.83378550616347,37.196780135097896,126.83446949742412,37.20853387183853,2024-10-24 10:15:03
519,54,33,10,,,126.83256202217811,37.210232363003115,126.82900142167749,37.199681908002404,2024-10-24 10:15:26
520,33,56,10,,,126.82957379401518,37.20126129444097,126.83522334553044,37.205015693143515,2024-10-24 10:15:49
521,58,34,10,,,126.8345385047218,37.20760802947373,126.82187755395714,37.20361412072034,2024-10-24 10:15:56
522,58,33,10,,,126.83605544959102,37.20829828628613,126.82859902034782,37.201610901336295,2024-10-24 10:16:15
523,35,51,10,,,126.81838990390887,37.201584118409244,126.81971631448666,37.210806262213644,2024-10-24 10:16:17
524,56,17,10,,,126.83413421703332,37.205632694732834,126.82659347898256,37.19676880532414,2024-10-24 10:16:20
525,70,17,10,,,126.83845130352236,37.209072583300866,126.82551743675798,37.19760415920674,2024-10-24 10:16:27
526,10,17,10,,,126.81631846358174,37.2088436257096,126.82615960108235,37.19661589615183,2024-10-24 10:16:31
527,1,51,10,,,126.81545543140459,37.19822120448054,126.8189723448656,37.210180853177185,2024-10-24 10:16:34
528,56,31,10,,,126.83477769688533,37.20481534488973,126.82930788607902,37.19775702932321,2024-10-24 10:16:41
529,62,15,10,,,126.83783572078251,37.21329218361868,126.81638435078683,37.20562085843097,2024-10-24 10:16:56
530,44,6,10,,,126.81984358558283,37.189712036936214,126.82389203712964,37.20486729045327,2024-10-24 10:18:55
531,58,33,10,,,126.8359756282752,37.20764470787884,126.8293537918144,37.20146035780822,2024-10-24 10:19:06
532,43,6,10,,,126.82261046486278,37.19025214952161,126.82397795204162,37.2050931331761,2024-10-24 10:19:11
533,49,71,10,,,126.82790532573429,37.213338266286975,126.84002608944057,37.20512094075336,2024-10-24 10:19:21
534,35,18,10,,,126.81920415160215,37.202810723563786,126.82334761083176,37.19603321275396,2024-10-24 10:20:18
535,54,33,10,,,126.83321880939185,37.20946773308333,126.82858056583979,37.201172098466344,2024-10-24 10:20:25
536,4,58,10,,,126.82130945153474,37.208653513699815,126.83462625960594,37.207962054077704,2024-10-24 10:20:27
537,4,39,10,,,126.82144747845325,37.20822186466624,126.82103635605736,37.19957331986932,2024-10-24 10:20:33
538,58,19,10,,,126.83461824745635,37.20893780657559,126.82980990460891,37.19477137601255,2024-10-24 10:20:44
539,70,42,10,,,126.83740776772858,37.210007519245465,126.83055447967037,37.195470809732456,2024-10-24 10:20:56
540,56,31,10,,,126.83522483442925,37.20597507845067,126.82811555121329,37.1972015774459,2024-10-24 10:21:06
541,56,17,10,,,126.83575057942566,37.2048009624169,126.82571637370873,37.19771826701031,2024-10-24 10:21:09
542,10,17,10,,,126.8168066562779,37.20869353688237,126.82687536817716,37.19640791557124,2024-10-24 10:21:26
543,57,54,10,,,126.83137920082045,37.20410463691835,126.83267597030968,37.20993909082732,2024-10-24 10:21:50
544,34,56,10,,,126.82093604782693,37.202448395305694,126.83488769766574,37.2059843221494,2024-10-24 10:22:15
545,56,17,10,,,126.83517731820282,37.20542438229889,126.82676773081569,37.19743869317997,2024-10-24 10:22:18
546,10,17,10,,,126.81687140955472,37.209218708182696,126.82670769316302,37.197416710721875,2024-10-24 10:22:29
547,68,51,10,,,126.840715407398,37.201417899744655,126.82054292819875,37.209520664532036,2024-10-24 10:22:38
548,50,6,10,,,126.82290388221715,37.212288822991255,126.82464504169008,37.20322701871461,2024-10-24 10:23:27
549,42,70,10,,,126.83177140746226,37.196837490548,126.83805103559871,37.20939586342124,2024-10-24 10:23:56
550,35,8,10,,,126.81925854023086,37.20266439400952,126.82502851367711,37.207578070107786,2024-10-24 10:24:01
551,1,6,10,,,126.81631011466837,37.19818572322984,126.8251201190003,37.2047040103118,2024-10-24 10:24:09
552,59,67,10,,,126.83186292001582,37.208307047041785,126.83421441578632,37.20244383973053,2024-10-24 10:24:27
553,70,17,10,,,126.8368751463386,37.210367489306996,126.82730073691641,37.1971707618483,2024-10-24 10:24:29
554,52,13,10,,,126.8304026927744,37.217060391285564,126.81589423168316,37.204515292890115,2024-10-24 10:24:36
555,58,33,10,,,126.83558750954732,37.209156666577684,126.82937390235554,37.19987368090307,2024-10-24 10:25:41
556,54,33,10,,,126.83328380209221,37.20937213665583,126.82904939675666,37.19987218593078,2024-10-24 10:26:09
557,56,17,10,,,126.83504549048567,37.20636454730082,126.82677150354428,37.1965004651673,2024-10-24 10:26:24
558,69,30,10,,,126.83664638047708,37.206264586649986,126.83083365175047,37.19912516147407,2024-10-24 10:26:30
559,34,44,10,,,126.82113773009566,37.20206314684205,126.82099732873228,37.18853463141638,2024-10-24 10:26:32
560,34,28,10,,,126.82193635176027,37.20211263130408,126.82972275175976,37.202875969293075,2024-10-24 10:27:00
561,52,15,10,,,126.83111098196603,37.21781082127679,126.81664513124642,37.20703342150992,2024-10-24 10:27:03
562,56,17,10,,,126.83498185934026,37.204807774916794,126.82596055491774,37.19700173435293,2024-10-24 10:27:27
563,69,30,10,,,126.83755231640146,37.20748927242877,126.83154107538145,37.19810637187067,2024-10-24 10:28:07
564,36,18,10,,,126.82409464593157,37.19869718398095,126.82369457977342,37.19553507015467,2024-10-24 10:28:33
565,69,30,10,,,126.83836355957399,37.20612263089378,126.83203655360705,37.19898255688506,2024-10-24 10:28:37
566,42,70,10,,,126.8322110252901,37.19532022603322,126.83741415106935,37.21004222028822,2024-10-24 10:29:01
567,17,58,10,,,126.82560283256343,37.19598152934481,126.83562678552451,37.20790265676123,2024-10-24 10:29:23
568,68,72,10,,,126.83962084345238,37.2028162152292,126.81200829298321,37.206234966660055,2024-10-24 10:29:34
569,58,33,10,,,126.83439449604212,37.208783542458434,126.830016100789,37.200249134912475,2024-10-24 10:29:41
570,54,33,10,,,126.8320979993274,37.2098958499315,126.83015406162673,37.20116232053711,2024-10-24 10:30:02
571,10,56,10,,,126.81696864651236,37.21031966356861,126.83492195499417,37.20544452948761,2024-10-24 10:30:39
572,41,70,10,,,126.83478089560325,37.19732725620115,126.83784034515958,37.2095301559848,2024-10-24 10:31:13
573,69,30,10,,,126.83756361351243,37.20681275089252,126.83177983134048,37.19975628280175,2024-10-24 10:32:44
574,19,10,10,,,126.82869813997566,37.19424392747317,126.81624231578874,37.210261718071095,2024-10-24 10:32:57
575,32,59,10,,,126.83119447183194,37.20144310531505,126.83235254195112,37.20782176548385,2024-10-24 10:32:58
576,70,33,10,,,126.83716713854105,37.20983788983003,126.82970139417401,37.20160326865703,2024-10-24 10:33:15
577,37,1,10,,,126.82063494382706,37.197001273259254,126.81635508551537,37.19876125404731,2024-10-24 10:33:25
578,70,33,10,,,126.83716984673447,37.20962377850178,126.82842660933102,37.199741710346764,2024-10-24 10:33:36
579,58,33,10,,,126.83577300525303,37.20772568230263,126.829449914834,37.199815443833025,2024-10-24 10:34:30
580,56,17,10,,,126.83533398786032,37.20521589489314,126.82625276991662,37.19730386024293,2024-10-24 10:34:35
581,33,54,10,,,126.82863454479985,37.20001468933001,126.83358881366803,37.21031317239882,2024-10-24 10:35:13
582,56,17,10,,,126.8339328637329,37.20642036834912,126.82603856474739,37.19649183665568,2024-10-24 10:36:03
583,36,47,10,,,126.82423555403199,37.19889119819912,126.82763526055447,37.21184693503945,2024-10-24 10:36:41
584,10,17,10,,,126.81754541292831,37.20869811676495,126.82686004617389,37.19582347245895,2024-10-24 10:37:14
585,17,70,10,,,126.82655609024282,37.19693067683264,126.8376010015365,37.20943108640175,2024-10-24 10:38:05
586,40,66,10,,,126.83131668254556,37.193310773934854,126.83720105675211,37.20427733490947,2024-10-24 10:38:20
587,70,33,10,,,126.83871547021124,37.20882373387957,126.82993507570364,37.20133917654583,2024-10-24 10:38:28
588,56,41,10,,,126.83422334967032,37.20497668207826,126.83502433716721,37.1977426131853,2024-10-24 10:38:41
589,42,70,10,,,126.83210110991274,37.195343806458176,126.83755245674335,37.21018609491473,2024-10-24 10:39:05
590,43,7,10,,,126.82398974382347,37.189593120282396,126.82766003094049,37.20900253278066,2024-10-24 10:39:05
591,66,34,10,,,126.83799529006478,37.203425582873045,126.82083708195762,37.202097847120875,2024-10-24 10:40:00
592,10,17,10,,,126.81665150742357,37.20861051128289,126.82580732242369,37.19766419808563,2024-10-24 10:40:34
593,54,33,10,,,126.83224173004457,37.21063583377156,126.82836792218971,37.20154834135456,2024-10-24 10:40:57
594,70,33,10,,,126.83787163022744,37.20897714718212,126.83015006574927,37.19966714985713,2024-10-24 10:41:04
595,61,65,10,,,126.83379227958467,37.2149056487564,126.83364251594725,37.19966715693619,2024-10-24 10:41:11
596,70,37,10,,,126.8372652076271,37.21011351288393,126.82061144992711,37.19760150402272,2024-10-24 10:41:53
597,54,33,10,,,126.83339181347377,37.210566606833595,126.82851520360238,37.1998391589313,2024-10-24 10:42:03
598,10,17,10,,,126.8172435146969,37.20932986721318,126.82567659849764,37.19668536350741,2024-10-24 10:42:40
599,56,41,10,,,126.83481912526348,37.20479705935552,126.83423502033844,37.196916203069826,2024-10-24 10:42:50
600,10,17,10,,,126.81716193567607,37.20932027696552,126.82615773005092,37.19625448883516,2024-10-24 10:43:12
601,44,68,10,,,126.82112757771525,37.18956713901668,126.84033045084169,37.20197854597274,2024-10-24 10:43:15
602,48,40,10,,,126.83015127880061,37.21507216134878,126.8313955917786,37.19242655926752,2024-10-24 10:43:20
603,34,67,10,,,126.82148541640734,37.2026810549755,126.83391286407915,37.20261231230553,2024-10-24 10:43:37
604,72,56,10,,,126.81251524273681,37.2073071025663,126.83539941636433,37.20492420602925,2024-10-24 10:43:39
605,17,56,10,,,126.82620485493872,37.197124584033325,126.83584016326354,37.20614828484841,2024-10-24 10:44:02
606,66,69,10,,,126.83662737897956,37.203794804216024,126.83825296689598,37.20753387122121,2024-10-24 10:44:05
607,32,59,10,,,126.83259932602118,37.200965230085345,126.832928626534,37.208237622490266,2024-10-24 10:44:14
608,51,35,10,,,126.82044351148622,37.21002312013896,126.81821049484125,37.20272654847865,2024-10-24 10:44:22
609,12,19,10,,,126.8185800885656,37.20511804944887,126.82899262970301,37.195260184561775,2024-10-24 10:44:53
610,56,41,10,,,126.83436553855442,37.206088476039604,126.83332387614145,37.1972136050486,2024-10-24 10:46:01
611,54,33,10,,,126.83273290497765,37.20947918062751,126.82961431380373,37.19968273234827,2024-10-24 10:46:13
612,45,70,10,,,126.82480244775059,37.21345430818982,126.83747331175947,37.21044003745647,2024-10-24 10:47:25
613,58,33,10,,,126.83504999552633,37.209249810482405,126.82947581463218,37.20116158166204,2024-10-24 10:47:50
614,70,55,10,,,126.8376019360537,37.21043692561844,126.83091691734042,37.21010108273974,2024-10-24 10:47:55
615,70,33,10,,,126.83760992432386,37.210423375725675,126.82891780368487,37.19986784720472,2024-10-24 10:48:05
616,10,17,10,,,126.81760554815489,37.20875755913246,126.82554393679015,37.197432203859016,2024-10-24 10:48:21
617,44,10,10,,,126.82008491872566,37.18862213517857,126.81679557861342,37.210025373653025,2024-10-24 10:48:33
618,19,10,10,,,126.8284899698064,37.194318179110816,126.81642391176524,37.20924892761018,2024-10-24 10:49:50
619,56,41,10,,,126.83435776033575,37.20595432588179,126.83506750985669,37.19669248164549,2024-10-24 10:50:33
620,56,17,10,,,126.8352010692574,37.205426421324745,126.82699317550973,37.19733724344075,2024-10-24 10:51:03
621,64,49,10,,,126.84170600728734,37.20335372014206,126.82833707793932,37.21286657067396,2024-10-24 10:51:04
622,54,33,10,,,126.83313190672234,37.20943978893882,126.82917305086045,37.200368854145125,2024-10-24 10:51:22
623,56,17,10,,,126.83588346223779,37.20558494854492,126.82658034644012,37.19591562392293,2024-10-24 10:52:04
624,70,15,10,,,126.83728425745498,37.20970750713844,126.81628238347291,37.20584220681235,2024-10-24 10:52:20
625,19,10,10,,,126.82924706373004,37.19539393973225,126.81800558256364,37.2086397522047,2024-10-24 10:52:43
626,58,19,10,,,126.83559800614272,37.209010426514034,126.82945813620096,37.19512794724237,2024-10-24 10:52:44
627,70,33,10,,,126.8378713229563,37.20876137048273,126.82845933658955,37.20039556256918,2024-10-24 10:52:51
628,56,31,10,,,126.83442722363117,37.20628793303839,126.82958977403835,37.1975940245004,2024-10-24 10:53:27
629,42,70,10,,,126.83096476929852,37.195528632467834,126.83752036415704,37.20865824496602,2024-10-24 10:53:34
630,54,33,10,,,126.83222582373844,37.20947313487146,126.82942106664099,37.19983428029636,2024-10-24 10:54:00
631,34,49,10,,,126.82091164198297,37.202179374258336,126.82712337812504,37.21440671463665,2024-10-24 10:54:20
632,58,33,10,,,126.83579687913861,37.20824455994394,126.82921978908205,37.200318286001924,2024-10-24 10:54:40
633,69,30,10,,,126.83663331450819,37.20681102864631,126.83220178616656,37.1986959249363,2024-10-24 10:54:45
634,56,31,10,,,126.83495643813102,37.205501568431636,126.83004032244573,37.19737618494027,2024-10-24 10:55:05
635,70,11,10,,,126.8369359156597,37.210096605861395,126.81438477583602,37.209240195963524,2024-10-24 10:55:20
636,11,70,10,,,126.8146022719861,37.208330945288715,126.83835664129498,37.20870949316684,2024-10-24 10:55:27
637,10,17,10,,,126.81674020818761,37.20990999540309,126.8258052195437,37.19763377454677,2024-10-24 10:55:44
638,63,61,10,,,126.83441961340512,37.21225578344956,126.8330248324215,37.215633773593076,2024-10-24 10:55:59
639,42,70,10,,,126.83207089211881,37.196628965640336,126.83725581706916,37.2094222624582,2024-10-24 10:56:09
640,66,18,10,,,126.83774236640562,37.2037091051877,126.82288931819049,37.196564142386606,2024-10-24 10:56:13
641,51,33,10,,,126.81894313910615,37.21033855265556,126.82919684527518,37.20138108606422,2024-10-24 10:57:07
642,58,32,10,,,126.8341522691094,37.208845576214706,126.8325170840761,37.201416539458194,2024-10-24 10:57:18
643,41,56,10,,,126.83357030730178,37.1970836587644,126.83550049148732,37.205773714891436,2024-10-24 10:57:20
644,70,17,10,,,126.83729183546463,37.20888695336147,126.82688182964851,37.196405648978185,2024-10-24 10:57:42
645,54,33,10,,,126.83227518709171,37.210510285234015,126.82933331850965,37.200701281119954,2024-10-24 10:57:49
646,10,17,10,,,126.81682846029331,37.209929576011724,126.82667229152558,37.19676824667218,2024-10-24 10:57:52
647,56,41,10,,,126.8340006927679,37.204667495439026,126.83507625341744,37.196923908271444,2024-10-24 10:58:54
648,37,72,10,,,126.82027991354626,37.1971416820555,126.81227229903101,37.20644907150338,2024-10-24 10:59:05
649,70,33,10,,,126.83686255899163,37.20918670692135,126.83014872167239,37.20083900121455,2024-10-24 10:59:16
650,11,58,10,,,126.81441320165887,37.20864055104846,126.83485213845528,37.209040096436226,2024-10-24 10:59:22
651,56,31,10,,,126.8356815592276,37.205180448265764,126.82814893377251,37.198393146219594,2024-10-24 10:59:37
652,69,30,11,,,126.837000428987,37.20721105521294,126.83249593430638,37.19966862869119,2024-10-24 11:00:53
653,50,37,11,,,126.82263274802965,37.21185400995853,126.82164779616147,37.19692124995691,2024-10-24 11:01:13
654,19,50,11,,,126.8294534932384,37.19471056092001,126.82306506730953,37.211122412270875,2024-10-24 11:01:22
655,54,33,11,,,126.83200985790833,37.21037286016344,126.82961535413766,37.200398965767164,2024-10-24 11:01:29
656,33,58,11,,,126.83030921157658,37.20097658400529,126.8349702108414,37.20797750714755,2024-10-24 11:01:44
657,54,33,11,,,126.83295253059511,37.20994385935919,126.82956054293204,37.20120828219105,2024-10-24 11:02:33
658,56,33,11,,,126.83572944296304,37.2057391968204,126.82927560126296,37.201042190695276,2024-10-24 11:02:41
659,56,41,11,,,126.83500972084758,37.20565677795732,126.83487000693836,37.19695323046382,2024-10-24 11:03:26
660,68,59,11,,,126.83942112720787,37.20255403412686,126.8315122603311,37.20788496549338,2024-10-24 11:04:14
661,56,33,11,,,126.83453720559787,37.205166145027405,126.82967013121946,37.20107491921733,2024-10-24 11:04:19
662,54,33,11,,,126.83226829293154,37.21084116215319,126.82976993720031,37.20024743844798,2024-10-24 11:04:27
663,42,70,11,,,126.83093997146698,37.19605983252027,126.83818012872779,37.20877916117311,2024-10-24 11:04:51
664,56,41,11,,,126.83551125228357,37.20556110848244,126.83494897877527,37.19709215245011,2024-10-24 11:05:22
665,56,33,11,,,126.83568931373121,37.206345411094304,126.82859106226276,37.199685127519814,2024-10-24 11:06:29
666,17,54,11,,,126.82653098696524,37.197619496575115,126.83224407413266,37.20939545537949,2024-10-24 11:06:50
667,10,17,11,,,126.81635038751912,37.20848666314327,126.82686958961682,37.19652055600976,2024-10-24 11:07:08
668,63,46,11,,,126.83464810264167,37.21032497449125,126.82961048625094,37.212268683310434,2024-10-24 11:07:16
669,17,54,11,,,126.82570201892887,37.196598525039136,126.83318864320027,37.2103693427604,2024-10-24 11:07:40
670,56,31,11,,,126.8349042078345,37.206212439425286,126.82964613910336,37.19806828925733,2024-10-24 11:07:46
671,42,70,11,,,126.83228367059641,37.1960564662908,126.83870733516714,37.209706678538225,2024-10-24 11:08:02
672,29,5,11,,,126.8263373621691,37.20276286628439,126.82696965603377,37.205193590193026,2024-10-24 11:08:27
673,56,33,11,,,126.8348849752621,37.20560907860568,126.82919564913794,37.20144097072049,2024-10-24 11:08:55
674,58,33,11,,,126.83533812836859,37.20773501461342,126.82933886262242,37.20143865657518,2024-10-24 11:09:06
675,58,33,11,,,126.83561810124999,37.20910233192196,126.82882285199992,37.200484204378796,2024-10-24 11:09:35
676,42,70,11,,,126.83198222076923,37.19574816007076,126.83779389489064,37.21009741165361,2024-10-24 11:09:46
677,56,41,11,,,126.83502541818152,37.20632098533541,126.83334493255738,37.1981715385283,2024-10-24 11:10:08
678,10,38,11,,,126.81601780825716,37.208447272043145,126.82481664288969,37.200494969159884,2024-10-24 11:10:29
679,21,12,11,,,126.81899581999697,37.195474106778256,126.8198084444383,37.204595431956506,2024-10-24 11:10:51
680,32,59,11,,,126.83255888603996,37.202454147374944,126.83189034971863,37.20680641477191,2024-10-24 11:11:07
681,56,41,11,,,126.83489202563041,37.2047926497779,126.83517609042448,37.19667773891217,2024-10-24 11:11:17
682,17,54,11,,,126.82702254088892,37.197713969998276,126.83251863822319,37.20944584649112,2024-10-24 11:11:24
683,33,56,11,,,126.82833120083166,37.20086806676535,126.83551890084651,37.20514770017567,2024-10-24 11:11:49
684,70,11,11,,,126.8370574408217,37.21000968827079,126.8138841357447,37.20733840178261,2024-10-24 11:11:51
685,70,33,11,,,126.83839124967781,37.2095807418734,126.82940043368758,37.199984523849395,2024-10-24 11:12:33
686,11,58,11,,,126.81408880162628,37.20799917436634,126.83422231331863,37.207831820484444,2024-10-24 11:12:37
687,33,56,11,,,126.82984522215403,37.19996564145707,126.83551958935338,37.20644229338244,2024-10-24 11:12:51
688,69,30,11,,,126.83694910633852,37.20631207072405,126.83114899799246,37.19929624647196,2024-10-24 11:13:12
689,58,33,11,,,126.83599351198755,37.20783374140319,126.829228365394,37.20045157584419,2024-10-24 11:13:22
690,27,64,11,,,126.82727655532341,37.19913301373172,126.84278737635151,37.20326373110793,2024-10-24 11:13:35
691,42,70,11,,,126.83252526705577,37.19580073292532,126.83879203171091,37.21032521954536,2024-10-24 11:13:40
692,42,70,11,,,126.83088809537018,37.19663777971789,126.8377978873804,37.21006849677103,2024-10-24 11:14:17
693,58,33,11,,,126.83484335742641,37.207463048497715,126.8299140988087,37.2009331052253,2024-10-24 11:15:08
694,58,33,11,,,126.83479702472036,37.209147289481336,126.82951417568054,37.20120061566409,2024-10-24 11:15:13
695,69,30,11,,,126.83771679564713,37.20720854075219,126.83234365917514,37.19840611971369,2024-10-24 11:15:18
696,32,59,11,,,126.83153739292821,37.20210189521396,126.8314877522796,37.20719679199028,2024-10-24 11:15:22
697,56,33,11,,,126.83525199597305,37.204648395291066,126.82998473770795,37.2014795429529,2024-10-24 11:16:00
698,1,46,11,,,126.81575530291607,37.19777090386841,126.8311368406655,37.212200548493385,2024-10-24 11:16:14
699,58,33,11,,,126.8360602665446,37.208005846362035,126.82921996478959,37.20160676616419,2024-10-24 11:16:56
700,17,54,11,,,126.82685982546464,37.19640913921912,126.8318459433063,37.21080816183331,2024-10-24 11:17:36
701,32,59,11,,,126.83237692684492,37.202244426990745,126.83222077890609,37.20694791635016,2024-10-24 11:17:39
702,70,17,11,,,126.8379867053145,37.20879966235897,126.82606674502377,37.19627967253786,2024-10-24 11:18:02
703,6,15,11,,,126.82477903479841,37.203554501432095,126.81736070937708,37.20622391951958,2024-10-24 11:18:06
704,11,58,11,,,126.81427305255437,37.20921124870866,126.83570283261538,37.20768967244961,2024-10-24 11:19:55
705,56,33,11,,,126.83400889009974,37.20517116933849,126.83006255427574,37.2012921396922,2024-10-24 11:20:12
706,10,17,11,,,126.8161094479989,37.20881335890963,126.82708532845596,37.19691317985731,2024-10-24 11:20:18
707,33,56,11,,,126.82973300977032,37.201091263840574,126.83569969565826,37.20519367640938,2024-10-24 11:20:51
708,33,58,11,,,126.82875899976537,37.20111888261752,126.83570287357983,37.20852792480522,2024-10-24 11:23:25
709,54,17,11,,,126.83187730487124,37.20981765901482,126.82601784963046,37.19677631319897,2024-10-24 11:23:30
710,70,33,11,,,126.83871934975187,37.20912667801308,126.8292639877549,37.20090234406633,2024-10-24 11:24:37
711,49,51,11,,,126.82853347123816,37.2145628932076,126.81975673231882,37.21093308460616,2024-10-24 11:25:28
712,33,58,11,,,126.82948032078225,37.20113924705585,126.83576510887136,37.2094481620623,2024-10-24 11:26:30
713,56,33,11,,,126.83445239588961,37.20656753915325,126.83001561653349,37.200437213843884,2024-10-24 11:27:19
714,56,41,11,,,126.83502299173092,37.2054675963883,126.83341759142074,37.196196294709736,2024-10-24 11:27:32
715,54,33,11,,,126.8321205311512,37.20923172396009,126.82873665383575,37.20163554191335,2024-10-24 11:27:32
716,70,33,11,,,126.83726112936135,37.20872342040661,126.82897804040722,37.200092490484735,2024-10-24 11:27:32
717,7,26,11,,,126.8270588574582,37.208017720163085,126.81755600134909,37.193619738513256,2024-10-24 11:28:15
718,12,52,11,,,126.81942686446365,37.20573007274883,126.83134059957196,37.21766681654078,2024-10-24 11:28:15
719,69,30,11,,,126.83854589998566,37.20763711922047,126.83187929402446,37.19855623673034,2024-10-24 11:28:26
720,56,31,11,,,126.83411855818191,37.20630422473389,126.82832569040704,37.19828781808765,2024-10-24 11:28:35
721,46,12,11,,,126.82997731425652,37.21285883063316,126.81864624008149,37.20386411231143,2024-10-24 11:29:17
722,10,17,11,,,126.81621269273477,37.208652469894396,126.82578558796145,37.196180741195036,2024-10-24 11:29:38
723,11,67,11,,,126.81377839581265,37.20818724922897,126.8338076786718,37.20236434828065,2024-10-24 11:30:01
724,69,30,11,,,126.8384172272957,37.207383682244355,126.8320703096005,37.19934018690634,2024-10-24 11:30:14
725,72,70,11,,,126.81192639586135,37.20665669782692,126.83730638752688,37.210376743897115,2024-10-24 11:30:25
726,56,41,11,,,126.83587007118601,37.20527504234779,126.83327133858462,37.19768643320809,2024-10-24 11:30:31
727,10,17,11,,,126.81770170208087,37.20848568111886,126.8260430532622,37.19635945746783,2024-10-24 11:30:48
728,11,58,11,,,126.81464799136158,37.20823532694091,126.83522133152768,37.20764092835723,2024-10-24 11:32:08
729,10,17,11,,,126.81716628809468,37.20991572232869,126.8258567849013,37.19728612732872,2024-10-24 11:32:43
730,62,33,11,,,126.83892857915892,37.21252099615251,126.8296627603485,37.20108603012734,2024-10-24 11:32:47
731,10,17,11,,,126.81687282378111,37.20974727163292,126.82662025469759,37.19707691059213,2024-10-24 11:32:57
732,21,9,11,,,126.81931105914134,37.19686185943348,126.81413307168626,37.20608394169477,2024-10-24 11:33:04
733,54,33,11,,,126.83204874049234,37.209911976266575,126.8301506841951,37.201561951571776,2024-10-24 11:33:27
734,58,33,11,,,126.83497040896091,37.20922143573615,126.82969930444817,37.20088377025148,2024-10-24 11:34:24
735,58,33,11,,,126.83595344244212,37.20902081759629,126.82866157391778,37.201049418289614,2024-10-24 11:34:42
736,26,37,11,,,126.81741104054846,37.194286355760624,126.8219266065333,37.19680913060482,2024-10-24 11:35:47
737,42,70,11,,,126.8306590077983,37.195712104663095,126.8370934637175,37.21024800883954,2024-10-24 11:36:10
738,17,70,11,,,126.82716140657166,37.19752991181085,126.83812830854058,37.209067802559076,2024-10-24 11:36:33
739,59,33,11,,,126.83209241035944,37.207766401544745,126.82901874898235,37.199896593368926,2024-10-24 11:37:02
740,10,17,11,,,126.81796626015861,37.21022193062681,126.82737617164656,37.19644554141009,2024-10-24 11:37:20
741,58,33,11,,,126.83553727157576,37.208502624775335,126.82864258411283,37.19975733908407,2024-10-24 11:37:23
742,17,54,11,,,126.82605787305701,37.19656435023031,126.8325882027868,37.20974587613366,2024-10-24 11:37:58
743,37,21,11,,,126.82045595279476,37.19678587542677,126.81809398490137,37.195598761122426,2024-10-24 11:38:06
744,70,42,11,,,126.83878099959438,37.21018690610059,126.831888760793,37.19513300054805,2024-10-24 11:38:19
745,18,59,11,,,126.82279617068303,37.19590691689443,126.83173535290587,37.20692860588136,2024-10-24 11:39:03
746,70,33,11,,,126.8369644947901,37.209639849658174,126.82936506351179,37.20108114598715,2024-10-24 11:39:05
747,14,14,11,,,126.81942355276546,37.20836731299295,126.82027658260597,37.20676191535366,2024-10-24 11:39:05
748,56,33,11,,,126.83504661657025,37.20560826899403,126.82953691969401,37.200542108474366,2024-10-24 11:40:19
749,54,33,11,,,126.83299582825623,37.21118283496116,126.82835375691045,37.200972918101165,2024-10-24 11:40:32
750,54,33,11,,,126.83253921888463,37.21024170978118,126.82858185223769,37.201039343173704,2024-10-24 11:40:42
751,56,41,11,,,126.83518380595295,37.20656926178951,126.83436046547111,37.19797617707643,2024-10-24 11:41:14
752,19,10,11,,,126.82866962891515,37.19539645448358,126.81776809237617,37.209129847828194,2024-10-24 11:41:33
753,17,54,11,,,126.82730412907918,37.19606453554962,126.83357001139062,37.210091553966215,2024-10-24 11:42:20
754,11,56,11,,,126.8137252608536,37.208457564372694,126.8342503940915,37.20469439067841,2024-10-24 11:42:40
755,42,70,11,,,126.83117771200054,37.19708867390086,126.83772283965628,37.208655556475186,2024-10-24 11:43:04
756,58,33,11,,,126.83455250486176,37.207893339716165,126.82968749597205,37.201094551935626,2024-10-24 11:43:11
757,58,33,11,,,126.83531070168505,37.2091335870771,126.82921528257134,37.201210073211634,2024-10-24 11:43:13
758,56,41,11,,,126.83491986485188,37.20651166213379,126.83422747018844,37.19713453315207,2024-10-24 11:43:55
759,21,1,11,,,126.81846011439636,37.19552144654364,126.81593060627948,37.19890414922988,2024-10-24 11:44:04
760,56,33,11,,,126.8346237845166,37.20498394384566,126.82955788744408,37.20054121189793,2024-10-24 11:44:10
761,41,70,11,,,126.83394636711917,37.19637455492282,126.83743290374181,37.21002794915742,2024-10-24 11:44:40
762,58,33,11,,,126.83603378972923,37.20880160334369,126.82842282380403,37.200392467819505,2024-10-24 11:44:41
763,58,33,11,,,126.83514147462155,37.20863728693535,126.82832294863276,37.20159349237676,2024-10-24 11:44:57
764,56,41,11,,,126.83487258906275,37.2060962232298,126.83451860923253,37.19752337656662,2024-10-24 11:45:10
765,56,31,11,,,126.8349493481765,37.20484487898731,126.82949167396256,37.198095881192216,2024-10-24 11:45:10
766,56,33,11,,,126.83580762173958,37.205631127350664,126.82846436980468,37.20122483530953,2024-10-24 11:45:40
767,36,35,11,,,126.82354542349893,37.1982213266094,126.81933904424154,37.2013133317323,2024-10-24 11:45:51
768,58,33,11,,,126.8355538723566,37.20772399805931,126.82866989877594,37.20161614185059,2024-10-24 11:45:54
769,17,54,11,,,126.82740015789983,37.196640426732664,126.83334010466191,37.210447926918306,2024-10-24 11:46:38
770,33,56,11,,,126.82844194748522,37.19988199192554,126.83518991919935,37.20661964122459,2024-10-24 11:46:43
771,56,17,11,,,126.83479735828601,37.20487449894563,126.82591109603241,37.19601683036759,2024-10-24 11:47:05
772,19,38,11,,,126.82935768875828,37.194509987344986,126.82496291099982,37.202161382407084,2024-10-24 11:47:08
773,10,17,11,,,126.81786132431344,37.20944648720437,126.82672681523171,37.19684989110481,2024-10-24 11:47:35
774,56,19,11,,,126.83529911376657,37.2049491734892,126.82846842202811,37.195295451437474,2024-10-24 11:47:54
775,70,17,11,,,126.83689861437779,37.21041451819968,126.82659938011031,37.19762689671852,2024-10-24 11:48:26
776,16,7,11,,,126.82363990464407,37.19194315017461,126.82744440311915,37.208065190969904,2024-10-24 11:48:45
777,58,33,11,,,126.83556490646981,37.20877298901499,126.82983291327957,37.19989382958107,2024-10-24 11:48:55
778,6,18,11,,,126.82416455684167,37.203137695178285,126.82465944299224,37.19615416157952,2024-10-24 11:49:10
779,56,33,11,,,126.83442051391361,37.20484550025014,126.83029160523894,37.20012810343734,2024-10-24 11:49:23
780,56,33,11,,,126.83579366368411,37.20476021208428,126.82914632881068,37.19998457365933,2024-10-24 11:49:35
781,58,33,11,,,126.83600369603091,37.20755579781339,126.8292801373045,37.201343415085724,2024-10-24 11:50:15
782,20,32,11,,,126.81632107585402,37.19233325746898,126.8318327712251,37.20128534468379,2024-10-24 11:50:46
783,64,16,11,,,126.8434836215206,37.20382454274325,126.82279032155381,37.193240473844824,2024-10-24 11:51:12
784,12,17,11,,,126.8184408168211,37.20518160357657,126.82702197976108,37.197105922589394,2024-10-24 11:51:21
785,69,30,11,,,126.83807115460654,37.206900485960794,126.83222487387083,37.19832386693208,2024-10-24 11:51:32
786,42,70,11,,,126.83080969577216,37.196674898068075,126.83767755264516,37.20940695212732,2024-10-24 11:52:07
787,56,33,11,,,126.83535627679467,37.206130166917596,126.8302257962378,37.20011375270301,2024-10-24 11:52:23
788,70,17,11,,,126.83804995055134,37.21040429302988,126.82638672132859,37.19709342066353,2024-10-24 11:52:48
789,56,33,11,,,126.83396636216726,37.2053601171226,126.82999134633052,37.20103471113113,2024-10-24 11:53:11
790,33,29,11,,,126.82967867284049,37.20160005957582,126.82611811416149,37.20234871197656,2024-10-24 11:53:16
791,58,33,11,,,126.83480894656644,37.20783981213024,126.82840727410124,37.20118008154798,2024-10-24 11:53:20
792,42,70,11,,,126.83129424871655,37.19688908025485,126.83774625445552,37.20971067068915,2024-10-24 11:53:48
793,69,30,11,,,126.83798012669197,37.207115972274806,126.8315382100856,37.19802488853111,2024-10-24 11:54:31
794,56,33,11,,,126.83568097748149,37.205486398935946,126.8285792965299,37.199999340322776,2024-10-24 11:54:36
795,33,56,11,,,126.82912247022993,37.20128584081379,126.83418858872527,37.20528209076932,2024-10-24 11:54:46
796,38,65,11,,,126.82499409780117,37.20143777575348,126.83525927245536,37.20090541637881,2024-10-24 11:55:10
797,69,30,11,,,126.83782647220906,37.206628904289495,126.83189881479613,37.1992819807956,2024-10-24 11:55:34
798,58,33,11,,,126.83490789062769,37.20771541816623,126.83007966510453,37.20086687490797,2024-10-24 11:55:39
799,14,3,11,,,126.82040228361146,37.20764916980076,126.82571313407782,37.210140230501125,2024-10-24 11:55:52
800,6,14,11,,,126.82467088802157,37.20455306448958,126.8193642880715,37.20837731228455,2024-10-24 11:56:05
801,33,56,11,,,126.82948324768911,37.20091299505673,126.83590758846786,37.20465761443831,2024-10-24 11:56:16
802,56,32,11,,,126.83431207608808,37.20568921150814,126.83158992817168,37.20215337822227,2024-10-24 11:56:45
803,27,38,11,,,126.82569568482906,37.198700313766494,126.82388959843908,37.20042083100465,2024-10-24 11:57:08
804,63,38,11,,,126.83611240368832,37.21134223581615,126.82319438930573,37.20116448517961,2024-10-24 11:57:26
805,58,33,11,,,126.8358544945615,37.20886164322294,126.83018529753234,37.20108953157715,2024-10-24 11:57:33
806,33,56,11,,,126.82943718761193,37.201344539703015,126.83447408346375,37.20583046437804,2024-10-24 11:57:34
807,33,56,11,,,126.82881827079598,37.20036320126291,126.83526312202089,37.205576315323945,2024-10-24 11:58:08
808,56,33,11,,,126.8355119219135,37.20522405364743,126.82979135376901,37.200291197078286,2024-10-24 11:58:10
809,20,29,11,,,126.81486586397101,37.19283940193167,126.82612225702186,37.2031383176137,2024-10-24 11:58:35
810,33,56,11,,,126.8296265125879,37.200219552724946,126.83521166264555,37.20654729488918,2024-10-24 11:58:48
811,32,54,11,,,126.83210189321089,37.2016956692999,126.83334719596508,37.20988197250155,2024-10-24 11:59:25
812,56,40,11,,,126.83495493605857,37.20531952057649,126.83051722712673,37.19370105826399,2024-10-24 11:59:36
813,17,54,11,,,126.82680644368945,37.19579436783625,126.8332352597464,37.21036862666931,2024-10-24 11:59:37
814,56,33,11,,,126.83465397401467,37.206109055183624,126.82854193737722,37.200351228309884,2024-10-24 11:59:58
815,54,33,12,,,126.83184557404971,37.21114476629573,126.82911314075734,37.200217656604615,2024-10-24 12:00:01
816,26,69,12,,,126.81892446445394,37.19315412013937,126.83787593163022,37.2071481135349,2024-10-24 12:00:19
817,45,23,12,,,126.82564315036704,37.212999933636056,126.82004909234348,37.19194909633367,2024-10-24 12:00:22
818,47,52,12,,,126.82693627279514,37.21059719569774,126.83047669539344,37.21816818703417,2024-10-24 12:00:29
819,65,67,12,,,126.83444395344789,37.20038710954593,126.83428362096846,37.20333816969585,2024-10-24 12:00:34
820,17,54,12,,,126.82651575893756,37.196876688617124,126.8316819481027,37.209439944811706,2024-10-24 12:00:45
821,32,11,12,,,126.8322624787586,37.20244567926759,126.81448371282663,37.208882418116325,2024-10-24 12:01:16
822,69,30,12,,,126.8385336869768,37.20602801389068,126.83271971003938,37.197975190539786,2024-10-24 12:01:19
823,58,33,12,,,126.83518104505193,37.20900052201322,126.82852213018546,37.201657810327134,2024-10-24 12:01:47
824,8,3,12,,,126.82425841097623,37.207315696320805,126.82573038654746,37.21059795949695,2024-10-24 12:02:43
825,56,33,12,,,126.83465112277888,37.20633894048446,126.8301105157782,37.200296616676304,2024-10-24 12:02:53
826,33,58,12,,,126.82949896869816,37.19992155309426,126.83515836510125,37.20772810269813,2024-10-24 12:02:56
827,70,42,12,,,126.83725430969726,37.21026684463024,126.83181670178882,37.195341250074094,2024-10-24 12:03:33
828,54,33,12,,,126.83277107373165,37.21103182933606,126.82943250111131,37.201118060283775,2024-10-24 12:04:41
829,11,17,12,,,126.81363342040652,37.208750914968014,126.8260690501972,37.196688090712115,2024-10-24 12:04:55
830,11,58,12,,,126.81433158515391,37.20797253359416,126.83550483678735,37.2080383277998,2024-10-24 12:04:57
831,54,33,12,,,126.83312087785141,37.210411532216256,126.82911556309399,37.201527152846495,2024-10-24 12:05:27
832,11,17,12,,,126.8136818955792,37.20740362937498,126.82554650363075,37.19627345624358,2024-10-24 12:05:58
833,32,59,12,,,126.832003560309,37.20154007503707,126.83314361124481,37.20770313457604,2024-10-24 12:06:10
834,42,70,12,,,126.83081154153858,37.19607987502568,126.83847377675644,37.20974647860039,2024-10-24 12:06:21
835,70,18,12,,,126.83878296490195,37.209581807538854,126.82408412398215,37.195634643680506,2024-10-24 12:06:24
836,23,32,12,,,126.82097462644234,37.191187957226965,126.8317135024877,37.20264958453446,2024-10-24 12:06:42
837,56,33,12,,,126.83551690487013,37.20608455021178,126.83002689085491,37.200776462959205,2024-10-24 12:06:49
838,47,64,12,,,126.82782858727236,37.210156693095456,126.8432265105859,37.20276074381052,2024-10-24 12:07:16
839,19,10,12,,,126.82946550922581,37.1943975447267,126.81771295255767,37.21004276459527,2024-10-24 12:07:49
840,59,14,12,,,126.83284289331841,37.208316862126395,126.81966619660096,37.20695807853407,2024-10-24 12:09:13
841,33,56,12,,,126.82877425490948,37.200545580265874,126.83447034872482,37.20567200183923,2024-10-24 12:09:29
842,33,56,12,,,126.82903871926585,37.20003959421598,126.83414539015376,37.206077524709855,2024-10-24 12:10:15
843,69,30,12,,,126.83702863071191,37.20575316497421,126.83234649550691,37.19877141482285,2024-10-24 12:10:17
844,25,31,12,,,126.82076606781317,37.194739446714095,126.82894683605608,37.19748295195761,2024-10-24 12:10:24
845,33,56,12,,,126.83021169704065,37.20002407323218,126.8358442008278,37.205961745906855,2024-10-24 12:10:52
846,51,34,12,,,126.81996641798442,37.210197596491376,126.82235464881656,37.20366298547717,2024-10-24 12:10:58
847,41,56,12,,,126.83392114287604,37.19764432887494,126.83508992168998,37.20554985958323,2024-10-24 12:11:26
848,58,54,12,,,126.83546017773985,37.207515797188165,126.83232229105786,37.21091421212867,2024-10-24 12:11:38
849,56,41,12,,,126.83417767307743,37.205485960630966,126.8344971042959,37.19798249609773,2024-10-24 12:12:03
850,54,33,12,,,126.83247980136397,37.21010299251116,126.82866434295104,37.199675085767495,2024-10-24 12:13:16
851,56,41,12,,,126.8358270255496,37.20493460676362,126.83484713705003,37.19649505139331,2024-10-24 12:13:23
852,48,55,12,,,126.83100241017586,37.214570330023705,126.8297269753976,37.20907745199266,2024-10-24 12:13:54
853,56,33,12,,,126.83541312123488,37.20548110518,126.82911545857226,37.20039593883682,2024-10-24 12:14:22
854,56,17,12,,,126.8343685899853,37.20599674524508,126.82731651082052,37.196401101629654,2024-10-24 12:15:02
855,42,13,12,,,126.83081531025394,37.195871815859704,126.81660860421087,37.202740817606994,2024-10-24 12:15:41
856,33,58,12,,,126.8289747229079,37.200495010234555,126.83548353832188,37.207685331997254,2024-10-24 12:15:43
857,33,56,12,,,126.82905314374831,37.19979150518719,126.83432227785755,37.20472853617463,2024-10-24 12:15:49
858,71,60,12,,,126.8391394003706,37.204006516243304,126.83284669062056,37.2135761621596,2024-10-24 12:16:35
859,58,42,12,,,126.83501940032288,37.20893384105863,126.83160436853288,37.19536821656983,2024-10-24 12:16:53
860,56,17,12,,,126.83584084061938,37.20603130301589,126.82694555383175,37.19689597744921,2024-10-24 12:17:04
861,58,19,12,,,126.83539280389397,37.20841173345083,126.82853550219563,37.19493453839528,2024-10-24 12:17:21
862,56,33,12,,,126.83513489779439,37.205585610022425,126.82931181341064,37.20039763116661,2024-10-24 12:18:23
863,29,29,12,,,126.82612209764469,37.20308073768106,126.82760925763894,37.202866463155004,2024-10-24 12:18:53
864,56,33,12,,,126.8354090684797,37.205438678288694,126.82936574426508,37.19992227476466,2024-10-24 12:19:07
865,69,30,12,,,126.83802464642596,37.20626210554622,126.8312406658253,37.19938514290945,2024-10-24 12:19:15
866,70,42,12,,,126.83713595607195,37.21041195979202,126.8320403330144,37.19657186731128,2024-10-24 12:21:18
867,56,33,12,,,126.83393236966533,37.20602134039107,126.82947628981537,37.20008728763577,2024-10-24 12:21:32
868,24,1,12,,,126.81778631932268,37.19068427113409,126.81650318181649,37.1983961281208,2024-10-24 12:21:41
869,70,42,12,,,126.83840751399383,37.20856966470927,126.83134250045761,37.19628478687549,2024-10-24 12:22:09
870,58,19,12,,,126.83510806695786,37.20880504028242,126.82964545401687,37.19550788108668,2024-10-24 12:22:11
871,56,33,12,,,126.83563241375468,37.205366123944614,126.82883997144671,37.20004008774827,2024-10-24 12:22:12
872,33,56,12,,,126.82927849355684,37.20063950598971,126.83491240367707,37.20585134125352,2024-10-24 12:23:33
873,58,19,12,,,126.83524806244574,37.20817926776226,126.82855446967152,37.195654860520136,2024-10-24 12:24:38
874,68,39,12,,,126.84059517021292,37.201549986384784,126.8209842245497,37.20011311780064,2024-10-24 12:25:30
875,33,56,12,,,126.82876007188649,37.201611131081066,126.83554320323859,37.20545460369805,2024-10-24 12:25:41
876,33,56,12,,,126.82962094647053,37.20039637642034,126.83494205550322,37.2063138574283,2024-10-24 12:25:50
877,58,19,12,,,126.83506058363072,37.20868598214691,126.82960270441959,37.19594801761913,2024-10-24 12:26:00
878,42,70,12,,,126.8321601259348,37.19581642878302,126.8384931142272,37.21035524705193,2024-10-24 12:26:01
879,8,50,12,,,126.82506448817196,37.206463774712574,126.82241310981745,37.210549925134615,2024-10-24 12:26:20
880,58,33,12,,,126.83426066426843,37.20766467323024,126.82941114086506,37.201423164817264,2024-10-24 12:27:06
881,49,20,12,,,126.82845945629941,37.21413432083784,126.81616505758062,37.19276560194057,2024-10-24 12:27:10
882,56,17,12,,,126.83555087908711,37.20599031512651,126.82726841192594,37.19592169788267,2024-10-24 12:27:14
883,36,25,12,,,126.82407224324649,37.19870304739165,126.82147617554081,37.19364558276956,2024-10-24 12:27:40
884,58,19,12,,,126.83586781663719,37.207701129580556,126.82826410533987,37.19596106187899,2024-10-24 12:28:06
885,69,30,12,,,126.83673118244695,37.20609971653199,126.83099575753043,37.19820417683441,2024-10-24 12:28:11
886,69,30,12,,,126.83762747466525,37.20697436130896,126.8320014772692,37.19953084690918,2024-10-24 12:28:49
887,56,33,12,,,126.8349902655993,37.20559955944617,126.82910170722313,37.200670733288604,2024-10-24 12:28:53
888,48,36,12,,,126.83065859469595,37.2148732141824,126.82373994213822,37.199487929694406,2024-10-24 12:28:54
889,11,33,12,,,126.81410491498657,37.2078899418085,126.82832607123234,37.199902394387614,2024-10-24 12:29:33
890,60,72,12,,,126.83272055687422,37.212624948049864,126.81066297878706,37.2064874371522,2024-10-24 12:30:09
891,70,17,12,,,126.83880780401746,37.20903385368095,126.82687626500469,37.19616799999421,2024-10-24 12:30:14
892,58,33,12,,,126.83601061913916,37.20902060267597,126.8293561447607,37.20116157386131,2024-10-24 12:30:22
893,49,41,12,,,126.8286479488106,37.214228974497324,126.83425248741315,37.19639651251388,2024-10-24 12:30:29
894,58,33,12,,,126.83450085186745,37.208286632723876,126.82976981821028,37.19971198504899,2024-10-24 12:30:44
895,56,33,12,,,126.83417100804111,37.2050026977504,126.82877140687641,37.200817568322776,2024-10-24 12:30:46
896,69,30,12,,,126.83713852280245,37.20695917410825,126.83115062371449,37.199176436329104,2024-10-24 12:31:05
897,30,10,12,,,126.83232457875245,37.198821644715686,126.81622784238542,37.20931220510461,2024-10-24 12:31:35
898,38,16,12,,,126.8235099818435,37.20205431723925,126.82369914220234,37.1935344203369,2024-10-24 12:32:10
899,54,33,12,,,126.83254264329366,37.211045198069435,126.82875781386666,37.1997939437771,2024-10-24 12:32:11
900,59,10,12,,,126.8331894441109,37.20731216455063,126.81710726766177,37.210207977483066,2024-10-24 12:32:30
901,56,32,12,,,126.83434586197569,37.205270664852065,126.83136479467495,37.2018939299601,2024-10-24 12:32:31
902,33,58,12,,,126.82863676589714,37.20008719076647,126.83417797154556,37.20912538459492,2024-10-24 12:32:42
903,69,30,12,,,126.83752162347595,37.207719642172776,126.83143554212347,37.19951377819709,2024-10-24 12:34:01
904,42,70,12,,,126.8322039122282,37.19648412881786,126.83717357756778,37.20975055133446,2024-10-24 12:34:25
905,55,54,12,,,126.8291313214009,37.208325446391434,126.83356591935491,37.20978197814278,2024-10-24 12:34:33
906,19,10,12,,,126.82823417456417,37.19431973899138,126.81651566066853,37.209572032186216,2024-10-24 12:34:59
907,56,17,12,,,126.83531036681275,37.20571422310774,126.82598019861204,37.19629633962438,2024-10-24 12:35:15
908,64,62,12,,,126.84321244971012,37.20388423793638,126.83798162776763,37.212043153444824,2024-10-24 12:35:43
909,59,41,12,,,126.83214198416493,37.20699710025352,126.83484521585942,37.19727529152305,2024-10-24 12:36:26
910,56,41,12,,,126.8354793955815,37.206084039951996,126.83436007723107,37.19679602364309,2024-10-24 12:36:27
911,31,56,12,,,126.82955731050426,37.197243149497304,126.83536358044252,37.205896157063094,2024-10-24 12:36:46
912,32,59,12,,,126.83254962024735,37.20169071262334,126.83189426085985,37.20710941485749,2024-10-24 12:36:50
913,70,10,12,,,126.837203117785,37.20947982285193,126.81764467856082,37.21002134091562,2024-10-24 12:37:04
914,20,40,12,,,126.81576875840982,37.1923695666497,126.83046146836463,37.192881203230435,2024-10-24 12:37:28
915,70,42,12,,,126.83732535867982,37.209581381804576,126.83094833112062,37.19639243317954,2024-10-24 12:37:31
916,49,1,12,,,126.82872647498182,37.213630276291894,126.81666465452629,37.198232585925226,2024-10-24 12:37:52
917,56,41,12,,,126.8341066793067,37.20473833790111,126.83366673497683,37.196522639039365,2024-10-24 12:38:45
918,33,70,12,,,126.82864695611003,37.199959513064535,126.83785201458441,37.21038442304005,2024-10-24 12:39:04
919,56,33,12,,,126.83489034041133,37.2063804569642,126.83014628703677,37.201634572229715,2024-10-24 12:39:13
920,58,19,12,,,126.83520995597806,37.20875838556835,126.82843540658226,37.19599357502322,2024-10-24 12:39:18
921,42,70,12,,,126.83081865006827,37.195310826972154,126.83728375898039,37.209493811772745,2024-10-24 12:39:19
922,54,33,12,,,126.83359846375468,37.209889664990335,126.82952700019341,37.20021879856176,2024-10-24 12:39:47
923,72,33,12,,,126.8121834611497,37.20648598595892,126.8293141117906,37.200163227377175,2024-10-24 12:40:42
924,17,54,12,,,126.82650067034666,37.19655780364334,126.83209199420594,37.20936372820734,2024-10-24 12:40:43
925,12,48,12,,,126.81977796006109,37.20396167211735,126.83022505985838,37.21461922600605,2024-10-24 12:41:24
926,42,70,12,,,126.83230638913251,37.1963150207492,126.83832349950121,37.209602389199084,2024-10-24 12:41:58
927,58,33,12,,,126.83544274482033,37.20776920332612,126.82893301468452,37.20143672549855,2024-10-24 12:42:11
928,59,39,12,,,126.8332022349849,37.207875600800435,126.82176400533211,37.20010885981065,2024-10-24 12:43:04
929,58,33,12,,,126.83480785608924,37.20907408889004,126.82945754852517,37.20092832968101,2024-10-24 12:43:43
930,31,54,12,,,126.82977380726084,37.19806354097076,126.83195189176199,37.21091090180458,2024-10-24 12:44:04
931,33,56,12,,,126.82972174588312,37.200313925084494,126.83556802401942,37.205685665101214,2024-10-24 12:44:16
932,9,29,12,,,126.81413032168129,37.204826931685844,126.82618827559835,37.2032969412028,2024-10-24 12:44:28
933,58,33,12,,,126.83466802425099,37.208041367307715,126.82885676958013,37.20095507145067,2024-10-24 12:44:34
934,54,33,12,,,126.83309510008797,37.210235485580284,126.8302057050931,37.200860727991994,2024-10-24 12:44:47
935,15,34,12,,,126.8160993163132,37.2055845954985,126.82220164570873,37.20249397820632,2024-10-24 12:45:06
936,38,11,12,,,126.82506335601276,37.201962319061515,126.81453896304794,37.207690320152444,2024-10-24 12:45:10
937,58,33,12,,,126.83562083015894,37.20796194862213,126.82873541636036,37.20116526233819,2024-10-24 12:45:11
938,54,33,12,,,126.83284404875498,37.209983760727944,126.8297881244577,37.20070126826634,2024-10-24 12:45:42
939,23,45,12,,,126.82001352525008,37.19210406800347,126.82586454258413,37.21282066751595,2024-10-24 12:45:49
940,56,33,12,,,126.83489405943466,37.206554478661076,126.83002845205196,37.19967903021667,2024-10-24 12:46:08
941,17,54,12,,,126.82733635023313,37.19754359647954,126.83296776964187,37.21092775243854,2024-10-24 12:46:14
942,72,56,12,,,126.81250356471874,37.207413291790935,126.83515899436854,37.206636865498915,2024-10-24 12:46:49
943,56,33,12,,,126.83482312177675,37.206194727220655,126.8293506836564,37.19990651922519,2024-10-24 12:46:51
944,69,30,12,,,126.83716360825089,37.2070929958612,126.8323926621276,37.19941678255282,2024-10-24 12:47:22
945,42,70,12,,,126.83100985636977,37.19617502619334,126.83839784436944,37.210144129690754,2024-10-24 12:47:37
946,54,33,12,,,126.83201085420818,37.20965681643948,126.828792786628,37.199737905130654,2024-10-24 12:47:40
947,69,30,12,,,126.83737370108125,37.20719795098865,126.8313010053803,37.198687644889105,2024-10-24 12:48:48
948,11,58,12,,,126.81483783244548,37.208493832034485,126.83553484353202,37.208629870628755,2024-10-24 12:49:10
949,56,33,12,,,126.83443954045477,37.20512703232864,126.82998415433755,37.200124197928616,2024-10-24 12:50:12
950,33,56,12,,,126.83019262389396,37.20112979181381,126.83543167446379,37.20472375894505,2024-10-24 12:50:14
951,17,54,12,,,126.82609332274598,37.19757673299355,126.83296375143168,37.21001878348589,2024-10-24 12:50:36
952,56,32,12,,,126.8357285846261,37.206009133909994,126.83139855884787,37.2017445034025,2024-10-24 12:50:56
953,56,17,12,,,126.8354599273183,37.205322240819854,126.82719866709176,37.1971328295881,2024-10-24 12:51:42
954,66,35,12,,,126.83695564110756,37.203768812194895,126.8180382508422,37.201435789191216,2024-10-24 12:52:17
955,32,58,12,,,126.83281183292448,37.20192657734545,126.83522001811708,37.20856184259918,2024-10-24 12:52:30
956,9,3,12,,,126.81470816575606,37.2051918229943,126.82392811452841,37.209657208431494,2024-10-24 12:52:35
957,32,59,12,,,126.83271355407794,37.20192570623133,126.83244989390737,37.20664554011618,2024-10-24 12:52:42
958,10,17,12,,,126.81602483828526,37.20941421200166,126.82674628969856,37.19590058388581,2024-10-24 12:52:47
959,10,38,12,,,126.81738098747886,37.20876461260347,126.82358000741148,37.20199104259676,2024-10-24 12:52:48
960,42,70,12,,,126.83141387750749,37.19647251187601,126.83856838180061,37.20938089733874,2024-10-24 12:52:53
961,51,5,12,,,126.81979581717688,37.21009626482283,126.82749102903563,37.20561013153234,2024-10-24 12:53:39
962,33,56,12,,,126.82925362183543,37.20038828559348,126.83400160462313,37.205552206192536,2024-10-24 12:54:01
963,41,38,12,,,126.83477078055222,37.197361247554035,126.82419045809243,37.201566135919094,2024-10-24 12:54:14
964,16,1,12,,,126.82358891371081,37.19346866241316,126.81540441663272,37.1989975521492,2024-10-24 12:54:23
965,56,17,12,,,126.83442411648142,37.20566949266717,126.82699239796148,37.196845447020465,2024-10-24 12:54:48
966,54,33,12,,,126.83206138141364,37.210229781058146,126.82933536907822,37.20123370175507,2024-10-24 12:54:52
967,33,56,12,,,126.8296825966911,37.20162948926258,126.83418947109344,37.2061573314355,2024-10-24 12:55:03
968,54,33,12,,,126.8326606251798,37.20954401675068,126.83001540865006,37.19968720365911,2024-10-24 12:55:59
969,11,17,12,,,126.81384320717007,37.207712424586546,126.82666605397553,37.19654570544889,2024-10-24 12:56:05
970,70,17,12,,,126.8387679302049,37.20856476027451,126.8261752152447,37.19719900528418,2024-10-24 12:56:32
971,11,17,12,,,126.81527835909476,37.2086626190492,126.82669874176491,37.19732005372252,2024-10-24 12:56:34
972,33,56,12,,,126.82947153624725,37.20114960227849,126.8346620488472,37.20578323959659,2024-10-24 12:56:59
973,56,33,12,,,126.83422072084507,37.20588011309131,126.83015464963648,37.19987916144457,2024-10-24 12:57:05
974,69,30,12,,,126.83688643019298,37.207224854443695,126.8315598883796,37.19846393592504,2024-10-24 12:57:35
975,58,33,12,,,126.83429130332418,37.20927280070466,126.8289412375042,37.200353033839555,2024-10-24 12:57:57
976,42,70,12,,,126.83174746855673,37.195283028317384,126.83733434315178,37.20962699134263,2024-10-24 12:58:38
977,56,17,12,,,126.834141266311,37.204697620688016,126.82667294304139,37.19590474876292,2024-10-24 12:58:50
978,58,33,13,,,126.835062850738,37.2076950688711,126.82978921012867,37.20125924797082,2024-10-24 13:00:06
979,56,41,13,,,126.83441495165836,37.205888039948924,126.83494662243976,37.19711324059443,2024-10-24 13:00:14
980,58,33,13,,,126.8347996452502,37.20768632812802,126.82945211645901,37.200457881516556,2024-10-24 13:00:25
981,20,10,13,,,126.81593381643121,37.192714810448386,126.81705894381585,37.20844651823727,2024-10-24 13:00:46
982,33,56,13,,,126.82865278390544,37.20120514544849,126.83555189781465,37.20534235209241,2024-10-24 13:01:39
983,58,33,13,,,126.83452111062904,37.209122740141936,126.83015883290793,37.201333433464704,2024-10-24 13:01:59
984,17,58,13,,,126.8265581868386,37.19723121896551,126.83424492488689,37.20761560939397,2024-10-24 13:02:33
985,55,48,13,,,126.82988976864497,37.20915381466109,126.82951966517395,37.215397893910435,2024-10-24 13:02:37
986,33,56,13,,,126.82937310410513,37.20016056714386,126.83469552934378,37.20531005856221,2024-10-24 13:02:42
987,33,56,13,,,126.82843449347658,37.20017669555349,126.83530178308506,37.20504431140695,2024-10-24 13:02:58
988,27,32,13,,,126.82762427734608,37.19993232921951,126.8325049061757,37.202688585211256,2024-10-24 13:03:26
989,56,17,13,,,126.83571608100142,37.20602282520995,126.82669782246214,37.19669679814774,2024-10-24 13:03:43
990,1,44,13,,,126.81542410242866,37.19778831896967,126.81980459255837,37.189050648406905,2024-10-24 13:04:04
991,17,54,13,,,126.82699142783491,37.197216801295085,126.83332329891333,37.20953927947556,2024-10-24 13:05:16
992,69,30,13,,,126.83706953903409,37.20671782414924,126.83267649832894,37.19883474142778,2024-10-24 13:05:55
993,58,19,13,,,126.83496699331695,37.20755671732762,126.82921037010912,37.194391325540664,2024-10-24 13:05:59
994,56,17,13,,,126.8341350728806,37.20608821287593,126.82728130436168,37.19732710252535,2024-10-24 13:06:10
995,70,42,13,,,126.83811763602472,37.20919126875533,126.83161637498888,37.19670025503454,2024-10-24 13:07:18
996,58,19,13,,,126.83609177936064,37.20860138875316,126.82804152860108,37.19509272200337,2024-10-24 13:07:27
997,70,42,13,,,126.83774121656656,37.20924241094011,126.83208676688655,37.19545699624506,2024-10-24 13:07:42
998,70,19,13,,,126.8380646231245,37.20857004273372,126.82827934387775,37.19506295008107,2024-10-24 13:07:48
999,19,10,13,,,126.82831962446133,37.19577440178539,126.81721478038145,37.209643820706056,2024-10-24 13:08:13
1000,58,33,13,,,126.83512587332014,37.208687234563826,126.829309755606,37.201124152352364,2024-10-24 13:08:51
1001,36,41,13,,,126.82322218689542,37.197917846895386,126.83483601044524,37.19727866293248,2024-10-24 13:08:59
1002,32,59,13,,,126.83195093507847,37.20141884107786,126.83254395237464,37.20786840767336,2024-10-24 13:09:01
1003,32,59,13,,,126.83139544282511,37.20170834972573,126.83259030893042,37.20716841520445,2024-10-24 13:09:12
1004,33,70,13,,,126.8289390389063,37.20051871285839,126.8377170715698,37.20975026706848,2024-10-24 13:10:25
1005,17,54,13,,,126.82613978523233,37.19604645662855,126.83213787672166,37.21035778590656,2024-10-24 13:10:39
1006,33,58,13,,,126.829682896088,37.19970252731509,126.83473773189245,37.20816941086862,2024-10-24 13:10:43
1007,37,71,13,,,126.82137542726332,37.19705859613284,126.83929218821399,37.20588585965986,2024-10-24 13:10:47
1008,56,41,13,,,126.83466994372664,37.20540027655577,126.83506030588457,37.19773247592635,2024-10-24 13:10:54
1009,69,30,13,,,126.83737338708933,37.20686567856276,126.8325042322104,37.19912131250261,2024-10-24 13:11:19
1010,72,56,13,,,126.81079765595489,37.20750122658791,126.83505710628974,37.2065046458111,2024-10-24 13:11:48
1011,54,9,13,,,126.83364314370372,37.2110476809062,126.81408241807806,37.206176164915256,2024-10-24 13:12:05
1012,42,70,13,,,126.83252279504318,37.195167789598386,126.83802994222165,37.20977342230975,2024-10-24 13:12:36
1013,10,17,13,,,126.81724964632596,37.2101041270848,126.82664601407193,37.1964977906358,2024-10-24 13:12:39
1014,33,56,13,,,126.83024785612228,37.20006353326438,126.83533366808916,37.205764294375776,2024-10-24 13:12:43
1015,10,17,13,,,126.81715220147552,37.208535769513034,126.82672146196285,37.19744223929481,2024-10-24 13:13:04
1016,47,11,13,,,126.82734261372316,37.2102996820545,126.81517678141836,37.20919476347853,2024-10-24 13:13:11
1017,33,56,13,,,126.82862625581178,37.20103650131929,126.83408035858731,37.206099892798754,2024-10-24 13:13:37
1018,69,30,13,,,126.83748180272752,37.20755042297278,126.8317403712117,37.197980798317815,2024-10-24 13:13:47
1019,58,33,13,,,126.83613105348374,37.20905778330464,126.82898185789129,37.200493865143414,2024-10-24 13:14:09
1020,58,19,13,,,126.8344295918056,37.20755649220201,126.82793963122225,37.19534138251358,2024-10-24 13:14:10
1021,69,30,13,,,126.83694428003314,37.20677391611982,126.83084983490151,37.19867936014991,2024-10-24 13:14:45
1022,58,19,13,,,126.83468930534455,37.209222990332016,126.82950643190121,37.19529209960825,2024-10-24 13:16:42
1023,56,17,13,,,126.83469995210139,37.20568032459812,126.8265210213459,37.197239980404696,2024-10-24 13:16:46
1024,56,32,13,,,126.83520588256869,37.205291068853214,126.83132721382381,37.202169444213,2024-10-24 13:17:04
1025,58,33,13,,,126.83474862456774,37.20903904560782,126.8289621210562,37.200679162118554,2024-10-24 13:17:22
1026,70,33,13,,,126.83760288703586,37.21036525252009,126.82964463461451,37.201065012106525,2024-10-24 13:17:36
1027,32,59,13,,,126.83200287200088,37.20091666269671,126.8317083979144,37.2079254278704,2024-10-24 13:17:55
1028,33,56,13,,,126.83014001093811,37.200991746135806,126.83412451257429,37.20536335757759,2024-10-24 13:18:31
1029,33,56,13,,,126.82962378912106,37.199771953361676,126.8346860200026,37.20465958764345,2024-10-24 13:18:31
1030,69,30,13,,,126.83727255937745,37.20740519358756,126.83184359118182,37.198681410323815,2024-10-24 13:19:08
1031,33,56,13,,,126.82961309566693,37.20140060375007,126.83467013211404,37.20510525653322,2024-10-24 13:19:58
1032,9,59,13,,,126.81408271627268,37.20552737506359,126.83253488865317,37.20751118106522,2024-10-24 13:20:07
1033,17,54,13,,,126.8273744082969,37.195782777899545,126.83230169777465,37.20962312011943,2024-10-24 13:20:36
1034,56,17,13,,,126.83448055888498,37.20619027331801,126.82599445889696,37.19610261344499,2024-10-24 13:20:47
1035,69,30,13,,,126.83688084463745,37.20727478169885,126.83241932186533,37.19967452673943,2024-10-24 13:21:11
1036,38,9,13,,,126.8234598939372,37.201998757461006,126.81373990717209,37.20450087360274,2024-10-24 13:21:40
1037,26,37,13,,,126.81765230426815,37.19360755003678,126.82070234101677,37.197428406932055,2024-10-24 13:21:47
1038,70,18,13,,,126.83816098128305,37.21008510349354,126.8230362313716,37.19523430100387,2024-10-24 13:21:47
1039,10,17,13,,,126.81732675594758,37.2097802694651,126.82618060112664,37.19684755328478,2024-10-24 13:21:53
1040,58,19,13,,,126.83489095817242,37.20819579345308,126.82872083679739,37.19417016211279,2024-10-24 13:22:02
1041,9,61,13,,,126.81365318120676,37.20590671173022,126.83394937808666,37.216487688326964,2024-10-24 13:22:05
1042,54,10,13,,,126.83344706225624,37.210927024304155,126.81756260655108,37.20919337370632,2024-10-24 13:22:10
1043,58,19,13,,,126.83518237188775,37.208512760068935,126.82909029660846,37.19542648775184,2024-10-24 13:22:28
1044,63,42,13,,,126.83613350815745,37.21187350087571,126.8324901104419,37.1958225842363,2024-10-24 13:22:38
1045,70,33,13,,,126.8382445305686,37.21017441325681,126.8293812432352,37.20100752339523,2024-10-24 13:22:41
1046,33,58,13,,,126.82962813689532,37.2014601334943,126.83489749371296,37.2076342446364,2024-10-24 13:23:19
1047,70,32,13,,,126.83736083740078,37.20963826061266,126.83260723144659,37.20263306035926,2024-10-24 13:23:54
1048,70,33,13,,,126.83767166468957,37.208647129050185,126.82950651610248,37.20002374885086,2024-10-24 13:26:11
1049,72,27,13,,,126.81111901773328,37.2073570739875,126.8259475833192,37.19907244085687,2024-10-24 13:27:21
1050,10,17,13,,,126.8162311053809,37.20962007019931,126.82553897913247,37.196816041319984,2024-10-24 13:27:58
1051,47,47,13,,,126.82786811357701,37.21029224435909,126.82693455961427,37.2102528030867,2024-10-24 13:28:11
1052,33,54,13,,,126.82901088909111,37.2005128640691,126.83285964272264,37.20983495121955,2024-10-24 13:28:14
1053,38,66,13,,,126.82377554448547,37.20224210481571,126.8380131929132,37.20439916102833,2024-10-24 13:28:15
1054,10,38,13,,,126.8175986762671,37.209982315372265,126.82440271492636,37.20043631249016,2024-10-24 13:28:23
1055,37,22,13,,,126.82221230048528,37.19841497531162,126.81675889731832,37.19455244454446,2024-10-24 13:29:21
1056,12,19,13,,,126.82005238152034,37.20565570161353,126.82985988974696,37.19513499144194,2024-10-24 13:30:14
1057,70,33,13,,,126.83687671857155,37.20864098166619,126.82841518539861,37.20147236767968,2024-10-24 13:30:17
1058,56,41,13,,,126.83427012176085,37.205220480367835,126.83515666808596,37.19799303910561,2024-10-24 13:30:27
1059,56,32,13,,,126.83533399849073,37.20582355024353,126.83190859218497,37.20115036873119,2024-10-24 13:30:58
1060,58,19,13,,,126.83485345676444,37.20895732422018,126.8294032130846,37.19410650884241,2024-10-24 13:31:05
1061,11,33,13,,,126.81418006123268,37.208662234149024,126.82989919657297,37.199873987657796,2024-10-24 13:31:18
1062,70,33,13,,,126.83871362973954,37.20948062104828,126.8301056751007,37.19995322623192,2024-10-24 13:31:46
1063,33,56,13,,,126.82873229245966,37.199711279094664,126.83431633241388,37.20571893020876,2024-10-24 13:32:09
1064,58,33,13,,,126.8357275882369,37.209290980708474,126.82927726442367,37.20095708730569,2024-10-24 13:32:42
1065,72,33,13,,,126.81132329546607,37.20694363499161,126.8294962137755,37.20129361427414,2024-10-24 13:32:55
1066,1,56,13,,,126.81707961697973,37.197542632880754,126.83542212475452,37.20622004294452,2024-10-24 13:33:18
1067,69,30,13,,,126.83727448635003,37.206031870834835,126.8325228030171,37.19889787265442,2024-10-24 13:34:08
1068,33,58,13,,,126.82843829277112,37.20021753942236,126.83490742064853,37.207974013331466,2024-10-24 13:34:13
1069,56,17,13,,,126.83583391433126,37.20617323903775,126.82628472719571,37.196149340921544,2024-10-24 13:35:14
1070,69,30,13,,,126.83685968885445,37.20707714985792,126.83169378165063,37.19938007003306,2024-10-24 13:35:14
1071,10,56,13,,,126.81746052097844,37.20853250084005,126.83428765053434,37.20570624139575,2024-10-24 13:35:27
1072,70,11,13,,,126.8383098426495,37.21007188966858,126.81484289889342,37.20730209383898,2024-10-24 13:35:32
1073,33,56,13,,,126.82941187348705,37.201166493161864,126.83589333396459,37.20588900327866,2024-10-24 13:35:43
1074,56,41,13,,,126.83536247737983,37.2060574775305,126.83445994539589,37.198146338130016,2024-10-24 13:35:45
1075,10,17,13,,,126.81754164530383,37.20970471070485,126.82597187761334,37.19607790326946,2024-10-24 13:35:46
1076,10,17,13,,,126.81719077893699,37.20958620330773,126.82584706501457,37.195867811496086,2024-10-24 13:35:53
1077,11,11,13,,,126.81446596659,37.20857088634411,126.81444275821211,37.20915214000578,2024-10-24 13:35:55
1078,10,40,13,,,126.81615095337204,37.20841956864428,126.83221594981384,37.19290770699313,2024-10-24 13:36:06
1079,10,17,13,,,126.81601161677027,37.209072487753744,126.8261637065856,37.19704569236649,2024-10-24 13:36:58
1080,58,19,13,,,126.83534904733129,37.20907356372957,126.82829993680637,37.195021762349675,2024-10-24 13:37:06
1081,11,70,13,,,126.81400093699321,37.208060247663894,126.83881560034325,37.208855882210536,2024-10-24 13:37:32
1082,58,19,13,,,126.83507471315767,37.20758850633516,126.82958500500072,37.194278875217165,2024-10-24 13:37:34
1083,9,71,13,,,126.81416480714171,37.20476259372817,126.84069425073555,37.204887424931115,2024-10-24 13:37:51
1084,17,54,13,,,126.82654884310679,37.19691097665173,126.83259262803588,37.209382048748914,2024-10-24 13:37:58
1085,11,17,13,,,126.81353693961589,37.20808750251717,126.82612154617802,37.19704688884138,2024-10-24 13:38:06
1086,58,33,13,,,126.83455775533638,37.209070741637866,126.8296943075005,37.200947019486115,2024-10-24 13:38:15
1087,32,59,13,,,126.83247056127797,37.20197849839696,126.83159093552528,37.206870269278305,2024-10-24 13:38:18
1088,56,41,13,,,126.83563407466627,37.206385530100064,126.83352501507476,37.19652020347152,2024-10-24 13:38:36
1089,70,33,13,,,126.83696121894158,37.20902917944646,126.82899175116248,37.200892308631396,2024-10-24 13:39:11
1090,27,40,13,,,126.82607371399634,37.199594517426995,126.83111538765758,37.19287946395371,2024-10-24 13:39:16
1091,70,33,13,,,126.83819898299296,37.209798470678464,126.82902552200342,37.200557455395376,2024-10-24 13:40:27
1092,70,42,13,,,126.83783463253106,37.20968888581485,126.83197943002935,37.195926765119935,2024-10-24 13:41:15
1093,54,33,13,,,126.83243263676206,37.210664138053644,126.82953728312675,37.20029157784719,2024-10-24 13:41:30
1094,17,54,13,,,126.82649687192544,37.19625108535387,126.8327723658358,37.209943600643584,2024-10-24 13:41:32
1095,58,33,13,,,126.83465239954782,37.20915425054183,126.82956076167073,37.20081606824239,2024-10-24 13:41:33
1096,58,19,13,,,126.83553277310129,37.20878050382448,126.82899054351353,37.19517939393393,2024-10-24 13:41:43
1097,42,70,13,,,126.83101524892555,37.19557721585293,126.83753725586821,37.2099142850691,2024-10-24 13:41:48
1098,58,33,13,,,126.83586352817028,37.20837989047481,126.82923921352815,37.20145764006724,2024-10-24 13:42:49
1099,42,70,13,,,126.83109847618628,37.19698189321629,126.83703227606483,37.21009774506868,2024-10-24 13:43:28
1100,70,17,13,,,126.83746049393883,37.21032380046759,126.82595891852361,37.19615473152084,2024-10-24 13:43:36
1101,46,42,13,,,126.83091494028135,37.211676093755166,126.83082590930171,37.19609828434959,2024-10-24 13:44:20
1102,58,19,13,,,126.83495338220067,37.20841007858173,126.8290663933272,37.19419363859189,2024-10-24 13:45:01
1103,33,58,13,,,126.8295653225784,37.20089067965106,126.83461380108558,37.207913510557034,2024-10-24 13:46:17
1104,42,70,13,,,126.83081905711208,37.19667504565496,126.83775626019576,37.21023180577066,2024-10-24 13:46:58
1105,17,54,13,,,126.82704464997595,37.19717533603129,126.83295639767061,37.209384202600866,2024-10-24 13:47:04
1106,33,56,13,,,126.82835105040253,37.20106329332838,126.83523578639212,37.205808929179604,2024-10-24 13:47:27
1107,56,31,13,,,126.83469486313773,37.20573573350204,126.82814004549576,37.197497207503524,2024-10-24 13:47:31
1108,70,33,13,,,126.83772990154064,37.2094760811095,126.82973470518158,37.20103473881397,2024-10-24 13:47:41
1109,33,56,13,,,126.82894518531604,37.19986499028805,126.83497185099844,37.20637646478401,2024-10-24 13:48:26
1110,69,30,13,,,126.83682592651567,37.20745333568532,126.83086310475673,37.198552891404255,2024-10-24 13:48:43
1111,10,17,13,,,126.81787059918643,37.20848001026163,126.82638843044913,37.19618711642858,2024-10-24 13:49:00
1112,58,33,13,,,126.83600086281882,37.208835963158634,126.82888864798502,37.20163833974905,2024-10-24 13:49:25
1113,1,64,13,,,126.81691359164634,37.19734674796656,126.84239155674169,37.20322408262438,2024-10-24 13:49:27
1114,58,33,13,,,126.83524343388585,37.208815049851424,126.82946906866178,37.199703219725286,2024-10-24 13:49:29
1115,17,54,13,,,126.8259745837875,37.195838966046054,126.83194205984324,37.20922607938964,2024-10-24 13:49:34
1116,56,41,13,,,126.83413705958577,37.20489000772662,126.83396168710523,37.19709475211483,2024-10-24 13:50:03
1117,33,56,13,,,126.83021215520748,37.19977485889109,126.83564623441141,37.20649637868317,2024-10-24 13:50:29
1118,54,33,13,,,126.83274420719492,37.21033734339608,126.82972249847846,37.20094857051333,2024-10-24 13:50:41
1119,17,54,13,,,126.82732892299754,37.196277818495965,126.83246606954793,37.21008847407184,2024-10-24 13:50:49
1120,69,30,13,,,126.8383098934967,37.20634027811938,126.8313180396626,37.19935060879818,2024-10-24 13:51:18
1121,70,33,13,,,126.83795431180366,37.210068385866265,126.8299189743737,37.19985161521302,2024-10-24 13:51:35
1122,56,41,13,,,126.8347478930906,37.206067014268704,126.83477306117165,37.19681499188965,2024-10-24 13:52:30
1123,19,8,13,,,126.8296257741239,37.1947036080461,126.8254770291231,37.20681920239313,2024-10-24 13:52:37
1124,17,54,13,,,126.82678505781409,37.19741352008649,126.83277921473113,37.20974538876733,2024-10-24 13:52:40
1125,32,59,13,,,126.83236870171437,37.201606636184046,126.8316727073074,37.207529814071776,2024-10-24 13:53:01
1126,72,36,13,,,126.81177628953819,37.20813641252647,126.82433330015544,37.19818873401533,2024-10-24 13:53:32
1127,70,42,13,,,126.83746825537632,37.21026111248457,126.83068161425466,37.1960904066206,2024-10-24 13:53:50
1128,33,56,13,,,126.8286059103278,37.20055020307483,126.83554507354839,37.20473267439481,2024-10-24 13:54:48
1129,1,62,13,,,126.81658264322131,37.19886087552187,126.83779876973003,37.21139808927569,2024-10-24 13:54:59
1130,58,33,13,,,126.83535189098471,37.20781846906544,126.83027278869655,37.20108295699937,2024-10-24 13:55:09
1131,17,54,13,,,126.82654659376526,37.196370245104944,126.832106762985,37.21033160436768,2024-10-24 13:55:22
1132,58,33,13,,,126.83561824876158,37.208286560732795,126.8289129608707,37.2013359943363,2024-10-24 13:55:34
1133,33,58,13,,,126.83020254677383,37.20164650603723,126.8345842448645,37.20935688743885,2024-10-24 13:55:37
1134,33,56,13,,,126.82900081612226,37.20024115304219,126.83451896580823,37.206251480840216,2024-10-24 13:55:59
1135,10,17,13,,,126.81761221701085,37.208498175946204,126.82652165922522,37.19589104061817,2024-10-24 13:56:48
1136,10,17,13,,,126.81636745471289,37.21021386141305,126.82561972978326,37.19583218774951,2024-10-24 13:57:00
1137,17,12,13,,,126.82693398818209,37.19651307926647,126.81969914694628,37.20464983781994,2024-10-24 13:57:40
1138,70,10,13,,,126.83699288498234,37.20972810446031,126.81610245665287,37.2092720141447,2024-10-24 13:57:53
1139,58,19,13,,,126.8352892649001,37.2075235187856,126.8285284112942,37.195241399684924,2024-10-24 13:58:17
1140,37,2,13,,,126.8216378108461,37.19669982299434,126.82275098881469,37.20666691510051,2024-10-24 13:58:53
1141,45,32,14,,,126.8259441275489,37.21261240196757,126.8318713411046,37.201727863629564,2024-10-24 14:00:15
1142,43,69,14,,,126.82257141868446,37.190851458935626,126.83846004198861,37.207004385819005,2024-10-24 14:01:16
1143,69,30,14,,,126.83705891066856,37.207467302681984,126.83206438889185,37.19982582619253,2024-10-24 14:01:30
1144,68,29,14,,,126.84076999528702,37.201759183310024,126.82611754071752,37.20248338747964,2024-10-24 14:01:32
1145,70,32,14,,,126.83850048703155,37.20934278914259,126.83118418803228,37.20163845010409,2024-10-24 14:01:41
1146,29,22,14,,,126.82601850631356,37.20197414887225,126.81659572793758,37.19527333197329,2024-10-24 14:01:51
1147,33,58,14,,,126.82937686008188,37.19986051150584,126.83582155803494,37.20816631079127,2024-10-24 14:02:48
1148,70,33,14,,,126.83720903269197,37.20975583171806,126.82987684008896,37.20071865054846,2024-10-24 14:03:45
1149,38,49,14,,,126.82448205931264,37.20219672337672,126.82865043637226,37.21433367425081,2024-10-24 14:03:52
1150,4,65,14,,,126.8227896759918,37.20786611708161,126.83526660214909,37.200786092691565,2024-10-24 14:04:11
1151,54,33,14,,,126.83195436202979,37.209434965472944,126.82970686494878,37.20049609151283,2024-10-24 14:04:18
1152,66,2,14,,,126.83813775384398,37.203284648733174,126.82171322838953,37.205044246261366,2024-10-24 14:04:28
1153,35,32,14,,,126.81821921239114,37.20099728122622,126.83189111017636,37.200954319291334,2024-10-24 14:04:38
1154,58,33,14,,,126.83551458074652,37.20822841313795,126.82890745333985,37.20072762351827,2024-10-24 14:04:49
1155,23,32,14,,,126.82103357635395,37.19183983563105,126.8322605514679,37.20123696733,2024-10-24 14:05:20
1156,55,71,14,,,126.83071201158003,37.2093503583584,126.84007049514577,37.205962220776925,2024-10-24 14:06:31
1157,33,70,14,,,126.82948262704514,37.200176470702175,126.83816931543741,37.20946174648562,2024-10-24 14:06:42
1158,42,70,14,,,126.8306917085113,37.195185114944714,126.83837320752977,37.20999461960172,2024-10-24 14:07:03
1159,56,31,14,,,126.83575845239956,37.20612375306258,126.82966120530632,37.19720206085505,2024-10-24 14:07:07
1160,41,13,14,,,126.8337424718047,37.197587262546094,126.81743554564467,37.20364160350702,2024-10-24 14:07:34
1161,19,10,14,,,126.8297896646179,37.19519536632014,126.81747054805177,37.208498388551114,2024-10-24 14:07:43
1162,69,30,14,,,126.83720724455091,37.20752027912616,126.83122860870562,37.19950946418021,2024-10-24 14:09:00
1163,56,41,14,,,126.83429703955392,37.205558399678964,126.83377518938889,37.1969131356497,2024-10-24 14:09:18
1164,72,33,14,,,126.81183773856374,37.20784702513872,126.82892073565452,37.19995306143024,2024-10-24 14:09:31
1165,50,37,14,,,126.82143010338326,37.21057191025243,126.8207377169298,37.19841637083046,2024-10-24 14:09:33
1166,31,58,14,,,126.82973366880572,37.19804137382235,126.835638602063,37.20913388304134,2024-10-24 14:09:54
1167,70,11,14,,,126.83867435577861,37.21043510740684,126.8152662115787,37.207569239851566,2024-10-24 14:09:55
1168,70,33,14,,,126.83767401415531,37.20997145684342,126.82833865495964,37.20043800810085,2024-10-24 14:10:05
1169,69,30,14,,,126.83682808921115,37.20604622470689,126.83192409517135,37.19991847484468,2024-10-24 14:10:28
1170,56,31,14,,,126.83399496091081,37.2059832045632,126.82866035031019,37.19814000731181,2024-10-24 14:10:54
1171,58,33,14,,,126.8358489236917,37.20886526357794,126.82836310032488,37.20116035625758,2024-10-24 14:11:02
1172,71,50,14,,,126.84099613497897,37.20560000210173,126.82317223182541,37.211348178072065,2024-10-24 14:11:10
1173,29,7,14,,,126.82716612575267,37.20254623755441,126.82777619246289,37.20761506259355,2024-10-24 14:11:32
1174,56,41,14,,,126.83501424098387,37.20579916218465,126.83405919261169,37.19665535986781,2024-10-24 14:11:36
1175,66,47,14,,,126.83828304974139,37.203484686943725,126.82707732087522,37.21006586577551,2024-10-24 14:12:12
1176,31,51,14,,,126.82981425012622,37.19844902965144,126.81886346767911,37.210105085120894,2024-10-24 14:12:20
1177,69,30,14,,,126.83827291789528,37.207670127458954,126.83210775676137,37.19931664730649,2024-10-24 14:12:26
1178,56,41,14,,,126.83435005522472,37.20539398406871,126.83420461575874,37.197137935798445,2024-10-24 14:13:39
1179,32,59,14,,,126.83268289184015,37.201902019509426,126.83197643855644,37.20648642917038,2024-10-24 14:14:23
1180,37,72,14,,,126.82076453888142,37.197874105023224,126.81188066159706,37.20624408559912,2024-10-24 14:14:58
1181,60,29,14,,,126.83319422606371,37.21308847933163,126.82735804026026,37.20287527769265,2024-10-24 14:16:17
1182,54,45,14,,,126.83289296440182,37.21106965371474,126.8244243063364,37.2116568783856,2024-10-24 14:16:19
1183,34,4,14,,,126.82188558646773,37.20352287366692,126.82183042201811,37.208074902441204,2024-10-24 14:16:30
1184,30,34,14,,,126.83200664034979,37.19843503071748,126.8212220493267,37.20260468098504,2024-10-24 14:18:58
1185,58,17,14,,,126.83498930020241,37.20748766231607,126.82590128233407,37.19751483718379,2024-10-24 14:19:03
1186,70,17,14,,,126.83832705651066,37.210478740413144,126.82673939490918,37.197757771713675,2024-10-24 14:19:47
1187,7,28,14,,,126.82745729513843,37.2078115214966,126.82990137901902,37.20287265366186,2024-10-24 14:19:53
1188,56,41,14,,,126.83548782363816,37.20585019125864,126.83445885650778,37.19747195370654,2024-10-24 14:20:08
1189,58,33,14,,,126.83613098278781,37.20793677939422,126.82965234459414,37.199697643193275,2024-10-24 14:20:11
1190,27,68,14,,,126.82675695528661,37.200039002162946,126.83977716713984,37.201295679952445,2024-10-24 14:20:45
1191,25,41,14,,,126.82184425148702,37.194834420926234,126.83325736712723,37.19726602180201,2024-10-24 14:21:19
1192,10,17,14,,,126.81759887043228,37.20893773300832,126.82724262269139,37.197128758096795,2024-10-24 14:21:36
1193,69,40,14,,,126.83689014297101,37.20767976040653,126.8322776742076,37.193196756088966,2024-10-24 14:21:38
1194,56,41,14,,,126.83529315076714,37.204897342822335,126.83350880332561,37.196315258718045,2024-10-24 14:22:55
1195,53,18,14,,,126.82884806653655,37.206872455361065,126.82433544675365,37.19492536680797,2024-10-24 14:23:03
1196,70,33,14,,,126.83877378045558,37.209242239365594,126.82848947063923,37.2014143863359,2024-10-24 14:23:32
1197,69,30,14,,,126.8380696730294,37.206563975226494,126.83115316614678,37.19797389336547,2024-10-24 14:23:40
1198,61,11,14,,,126.833127562027,37.21662085521634,126.81343483124607,37.20810299156688,2024-10-24 14:24:04
1199,46,40,14,,,126.8298163375694,37.21159505437858,126.83232077444241,37.192410287241756,2024-10-24 14:24:30
1200,11,17,14,,,126.81389032974478,37.20747652995048,126.82626905044852,37.195832009725834,2024-10-24 14:24:31
1201,59,33,14,,,126.83152939623443,37.20730848334756,126.82961061869418,37.20039864885618,2024-10-24 14:24:57
1202,64,39,14,,,126.84340728737801,37.203853286092446,126.82236618408817,37.20085649682108,2024-10-24 14:25:07
1203,10,17,14,,,126.81794597614606,37.21014041372988,126.82652567996199,37.19577132686981,2024-10-24 14:25:12
1204,69,30,14,,,126.83813375401579,37.2076651633772,126.83148128662012,37.198025566641554,2024-10-24 14:25:23
1205,62,23,14,,,126.83801568566744,37.212045836773896,126.82005885400403,37.19184648724029,2024-10-24 14:25:27
1206,40,72,14,,,126.83212653728008,37.19361268715321,126.8125761981672,37.20730813968263,2024-10-24 14:25:39
1207,49,27,14,,,126.82734719914411,37.21398422415394,126.82584307877353,37.19936526818514,2024-10-24 14:26:13
1208,46,15,14,,,126.8308466347352,37.21283648564476,126.81692115713592,37.20648708987908,2024-10-24 14:26:14
1209,18,63,14,,,126.82309282140942,37.19539960705161,126.83551332621997,37.21148357672339,2024-10-24 14:26:15
1210,50,39,14,,,126.82246047826673,37.21062649893687,126.82155231240769,37.19985436682707,2024-10-24 14:26:32
1211,33,56,14,,,126.82860457303933,37.20061496202589,126.83393245578831,37.20638347476465,2024-10-24 14:26:37
1212,54,33,14,,,126.83362359496341,37.20984194437587,126.82858893218139,37.20081771688527,2024-10-24 14:27:26
1213,69,30,14,,,126.83790577554488,37.20688112449159,126.83174734161263,37.199504577494395,2024-10-24 14:28:06
1214,31,59,14,,,126.82856611614838,37.1983910212169,126.8327227968976,37.20725814761407,2024-10-24 14:28:11
1215,55,19,14,,,126.8294578274745,37.20812165656121,126.82892658716045,37.19426984440258,2024-10-24 14:28:35
1216,17,56,14,,,126.8263144081647,37.1970161372048,126.83554887255795,37.20549116866209,2024-10-24 14:29:03
1217,42,70,14,,,126.83183756019096,37.195552166151856,126.83824953383464,37.21036474774442,2024-10-24 14:29:26
1218,58,19,14,,,126.83591672472552,37.2086175886622,126.82816412852216,37.195218372021216,2024-10-24 14:29:38
1219,10,17,14,,,126.81784041294193,37.20977384478355,126.82657107340192,37.197750218754884,2024-10-24 14:29:40
1220,56,31,14,,,126.83514236840904,37.20514568285238,126.82899651652563,37.19863044482531,2024-10-24 14:29:40
1221,56,41,14,,,126.83576450394101,37.204932801836875,126.8340104609347,37.197105937023935,2024-10-24 14:29:45
1222,69,30,14,,,126.83696324770771,37.20624452967495,126.83084442300671,37.1990559032534,2024-10-24 14:30:05
1223,1,36,14,,,126.81702803245055,37.19742963162344,126.82316252310949,37.19764354761572,2024-10-24 14:30:23
1224,31,50,14,,,126.82844102000014,37.19758981929855,126.82185176593391,37.21206556908575,2024-10-24 14:30:29
1225,26,3,14,,,126.81829160901405,37.19355301679868,126.8246824434209,37.21023372373124,2024-10-24 14:30:59
1226,58,33,14,,,126.8344103272986,37.20838617588712,126.8286841648539,37.20107205264424,2024-10-24 14:31:03
1227,69,30,14,,,126.83783151500127,37.20763614299143,126.83184567820035,37.198252508533514,2024-10-24 14:31:07
1228,46,63,14,,,126.82979059875264,37.21244908111466,126.83546640016175,37.210680671151465,2024-10-24 14:31:22
1229,56,17,14,,,126.8352273840249,37.20618358185917,126.8257930574323,37.19632249340945,2024-10-24 14:31:41
1230,56,31,14,,,126.8340504487051,37.20567272672817,126.82897986305568,37.197320885300705,2024-10-24 14:33:06
1231,1,6,14,,,126.81630841654493,37.197305929340004,126.82358799046415,37.20378588905185,2024-10-24 14:33:13
1232,14,12,14,,,126.82042097825743,37.207919858647735,126.81852185211558,37.20406021316557,2024-10-24 14:33:13
1233,54,33,14,,,126.83168633641431,37.209354919709284,126.82972775587433,37.201518056776926,2024-10-24 14:33:14
1234,54,55,14,,,126.83184793081185,37.21041757412918,126.82958894899306,37.20976548367509,2024-10-24 14:34:07
1235,58,33,14,,,126.83548238540241,37.2093492990617,126.82853620646488,37.20144173867627,2024-10-24 14:35:08
1236,58,4,14,,,126.83612440814404,37.20843708139925,126.82282958686443,37.20886821281454,2024-10-24 14:35:37
1237,22,58,14,,,126.81686017418073,37.196229297950936,126.83506295212388,37.20901639423663,2024-10-24 14:35:56
1238,69,53,14,,,126.83843512249342,37.20632683481949,126.82976127130132,37.20610602295968,2024-10-24 14:36:25
1239,11,58,14,,,126.8136727314646,37.20767956546605,126.83524392262679,37.2077367923335,2024-10-24 14:37:12
1240,70,17,14,,,126.8374812944913,37.21049073137105,126.82635344079364,37.19718054295477,2024-10-24 14:37:17
1241,54,33,14,,,126.83215917764355,37.209523486747344,126.82858101513153,37.20082975446788,2024-10-24 14:37:46
1242,58,19,14,,,126.83496862317597,37.20925515819076,126.82984873612567,37.194123277148115,2024-10-24 14:39:09
1243,19,10,14,,,126.82982265601748,37.194768768807656,126.81741994219793,37.209474561495135,2024-10-24 14:39:20
1244,56,31,14,,,126.83430623249922,37.20529486392159,126.828741591188,37.19820399073036,2024-10-24 14:39:34
1245,11,17,14,,,126.81396216587132,37.208045669964,126.82616874953644,37.19653521947128,2024-10-24 14:40:17
1246,54,33,14,,,126.832504332909,37.210967304777775,126.82985939879447,37.20128060647086,2024-10-24 14:40:31
1247,70,33,14,,,126.83870553752735,37.20974968494243,126.82903640311571,37.2014826767648,2024-10-24 14:41:10
1248,42,70,14,,,126.8318418502112,37.19590066204599,126.83789999751274,37.208756390235976,2024-10-24 14:41:39
1249,33,59,14,,,126.83003098472382,37.201501866897196,126.83198182319605,37.20704771241052,2024-10-24 14:41:40
1250,10,17,14,,,126.81681857194495,37.21031110563671,126.82599398877201,37.19602475163571,2024-10-24 14:41:44
1251,7,25,14,,,126.82781558774342,37.208651234911876,126.82094302978236,37.194930105485824,2024-10-24 14:43:25
1252,38,67,14,,,126.825084438951,37.200563292703755,126.8348937715012,37.20199999704222,2024-10-24 14:43:33
1253,42,70,14,,,126.83254137860413,37.19602228068559,126.83820317618276,37.21007824755847,2024-10-24 14:43:36
1254,46,61,14,,,126.83027993400954,37.211109508902545,126.83228134365206,37.21674684018418,2024-10-24 14:44:10
1255,54,33,14,,,126.83201638644248,37.209454549960924,126.82892894804723,37.19976569885914,2024-10-24 14:44:17
1256,54,17,14,,,126.8334862461809,37.209231600507586,126.82589098454947,37.1970063844077,2024-10-24 14:44:38
1257,23,49,14,,,126.81996959897229,37.19271394413599,126.82834565493505,37.21393013130486,2024-10-24 14:45:18
1258,44,19,14,,,126.81989302419349,37.188758909397215,126.8286488498499,37.19469449049579,2024-10-24 14:45:22
1259,69,30,14,,,126.83827807028231,37.207117442441884,126.83138320950593,37.19882144137592,2024-10-24 14:45:27
1260,53,28,14,,,126.83064261704887,37.20634313757582,126.82961146822976,37.204221720480646,2024-10-24 14:45:33
1261,42,70,14,,,126.8311976921126,37.19665515417377,126.83696672731922,37.20886346136203,2024-10-24 14:45:34
1262,13,32,14,,,126.81558638702973,37.20295879065943,126.8312872175426,37.20204328320719,2024-10-24 14:45:44
1263,70,33,14,,,126.838770412213,37.21045477669568,126.82929520409796,37.200454630090185,2024-10-24 14:45:50
1264,49,38,14,,,126.82691918342312,37.213381278219636,126.82463949664158,37.20158529497949,2024-10-24 14:47:01
1265,34,31,14,,,126.82133467754126,37.204040676449395,126.82810717360348,37.19687144161695,2024-10-24 14:47:07
1266,54,33,14,,,126.83195806414703,37.20944725933225,126.82921511163944,37.20020768235953,2024-10-24 14:47:15
1267,68,27,14,,,126.83913184221372,37.201468752512085,126.82753375227378,37.19899357105172,2024-10-24 14:47:35
1268,59,59,14,,,126.8328663218365,37.206511789425605,126.83341015080912,37.20678720278348,2024-10-24 14:48:07
1269,62,70,14,,,126.83869398989312,37.212419192568234,126.8377226899644,37.21033843169548,2024-10-24 14:48:27
1270,70,33,14,,,126.8383017885522,37.210315139051936,126.82919928210427,37.20049700241538,2024-10-24 14:49:41
1271,70,17,14,,,126.83689889502604,37.20949749176552,126.82563937164194,37.1971256569155,2024-10-24 14:49:56
1272,58,19,14,,,126.83420032057805,37.2089958673838,126.82882472779703,37.195097072209734,2024-10-24 14:50:04
1273,54,14,14,,,126.83352152004807,37.210352165918465,126.81875420914776,37.20667776058896,2024-10-24 14:50:35
1274,30,69,14,,,126.83112427252472,37.19815402757714,126.83689652576847,37.20690725553139,2024-10-24 14:50:36
1275,33,10,14,,,126.83015919187481,37.20156228641347,126.81737719702997,37.208805584963166,2024-10-24 14:50:56
1276,58,33,14,,,126.8360252704563,37.207998233363256,126.82990323088394,37.200750653077264,2024-10-24 14:51:23
1277,58,32,14,,,126.83559665203704,37.20748350058511,126.83126464977326,37.20264637251298,2024-10-24 14:51:24
1278,70,33,14,,,126.83686383049186,37.209095383637084,126.8292051895413,37.20074260745268,2024-10-24 14:52:22
1279,42,70,14,,,126.83132806471248,37.19524016791521,126.83733521041079,37.21053144643297,2024-10-24 14:53:03
1280,56,31,14,,,126.83436429383595,37.204863185029026,126.82891541218488,37.19732452236147,2024-10-24 14:53:10
1281,58,33,14,,,126.83537398989326,37.20882798496482,126.83017875990866,37.20033717221668,2024-10-24 14:53:46
1282,54,33,14,,,126.83289677143519,37.21088820791434,126.82834553402996,37.201221106139656,2024-10-24 14:54:00
1283,54,33,14,,,126.83289434020337,37.2093880589746,126.82844218860808,37.201336487178345,2024-10-24 14:54:10
1284,56,19,14,,,126.83559629309718,37.20494135412691,126.8288612187942,37.19585779750051,2024-10-24 14:54:22
1285,33,56,14,,,126.82967126018792,37.20056342411161,126.83527448232995,37.20656644473856,2024-10-24 14:54:25
1286,58,19,14,,,126.83432907787643,37.20885196161476,126.82803237216646,37.195025398843995,2024-10-24 14:54:28
1287,27,26,14,,,126.82596455906568,37.19917429462601,126.8185484172678,37.19391779290362,2024-10-24 14:54:29
1288,70,17,14,,,126.838632494775,37.20966999232861,126.82678391340923,37.19665385131003,2024-10-24 14:54:35
1289,54,33,14,,,126.83234657464502,37.209598756774085,126.82979013018344,37.20133757476032,2024-10-24 14:54:55
1290,16,6,14,,,126.82340952208229,37.19270540412005,126.82460154167116,37.204712989712355,2024-10-24 14:55:01
1291,42,70,14,,,126.83143203352257,37.195644722860365,126.83867590579561,37.20952297287155,2024-10-24 14:55:29
1292,2,38,14,,,126.82257159484139,37.20606243959111,126.82445882650642,37.20097452892713,2024-10-24 14:55:34
1293,54,33,14,,,126.83266617541763,37.20940613689436,126.8287554184259,37.20126413330903,2024-10-24 14:55:48
1294,32,68,14,,,126.83133442656319,37.200978493450606,126.83943358033585,37.20197033403163,2024-10-24 14:55:56
1295,51,72,14,,,126.82062781302741,37.21104294530379,126.81132043736147,37.20620883864594,2024-10-24 14:56:57
1296,54,33,14,,,126.83209835209952,37.21112285927367,126.82866116867483,37.19975695595579,2024-10-24 14:57:06
1297,12,36,14,,,126.81992733695249,37.20563762576006,126.82493994592784,37.19781286692785,2024-10-24 14:57:34
1298,45,38,14,,,126.82568885671037,37.213037170803965,126.82362054195943,37.20045991181255,2024-10-24 14:57:37
1299,19,10,14,,,126.82929044911653,37.195496655517275,126.81786330601612,37.20887676323599,2024-10-24 14:57:48
1300,56,41,14,,,126.83474517736683,37.20557398788411,126.83367550745542,37.19771663444485,2024-10-24 14:58:08
1301,72,56,14,,,126.81131270063403,37.2072266041672,126.83509008749054,37.206509225284364,2024-10-24 14:59:13
1302,60,56,14,,,126.83231573721423,37.21392741914127,126.83435960416071,37.20613295272223,2024-10-24 14:59:28
1303,58,33,14,,,126.83506167104403,37.20819949552333,126.83003503867941,37.200932587470106,2024-10-24 14:59:29
1304,17,54,15,,,126.82692028751504,37.19731902485768,126.83188752318829,37.209278508375455,2024-10-24 15:01:17
1305,70,33,15,,,126.8371446145669,37.21024422096522,126.82888414515541,37.201224767954656,2024-10-24 15:01:24
1306,56,31,15,,,126.83571918857099,37.20593371446967,126.82956912069933,37.1969199045021,2024-10-24 15:01:26
1307,56,33,15,,,126.83520294308673,37.20648914399671,126.83012796293845,37.200919037579396,2024-10-24 15:01:34
1308,48,5,15,,,126.83104190970784,37.21426066740205,126.82642941961234,37.20553335814017,2024-10-24 15:01:59
1309,33,56,15,,,126.82963309543139,37.200019521210415,126.83567813016624,37.206201684232006,2024-10-24 15:02:14
1310,17,54,15,,,126.82674079229335,37.19590213496393,126.83323663005278,37.210702575036755,2024-10-24 15:02:57
1311,69,30,15,,,126.83666597903787,37.20618343637158,126.83218697055455,37.19845137669572,2024-10-24 15:03:43
1312,41,56,15,,,126.83396434966524,37.19724049445025,126.83420967501613,37.2049384066706,2024-10-24 15:04:05
1313,42,43,15,,,126.83224281782289,37.196383248132165,126.8228477993276,37.18959230366704,2024-10-24 15:04:23
1314,10,17,15,,,126.81673369613381,37.209536044986535,126.82627775646931,37.1967306120525,2024-10-24 15:04:33
1315,50,61,15,,,126.82197533252241,37.211128323223576,126.83403060703648,37.21495215253398,2024-10-24 15:05:43
1316,17,54,15,,,126.82689801547227,37.19606075419706,126.83283139112972,37.20974822581475,2024-10-24 15:06:11
1317,56,33,15,,,126.83530569408322,37.20629172102442,126.82901798607058,37.2006784518922,2024-10-24 15:06:51
1318,33,56,15,,,126.82929538080103,37.2008034933116,126.83498751448046,37.205750487090334,2024-10-24 15:07:28
1319,56,33,15,,,126.83494146149022,37.20495856417184,126.82997551614037,37.20160511203804,2024-10-24 15:07:33
1320,56,17,15,,,126.8347562923412,37.20527589918582,126.8273322501262,37.19713511713667,2024-10-24 15:07:42
1321,23,17,15,,,126.82044199568043,37.19231594093504,126.8264450746088,37.19670144363363,2024-10-24 15:07:42
1322,11,33,15,,,126.81517273075744,37.208894822804766,126.82893742030912,37.20062481932411,2024-10-24 15:07:57
1323,33,56,15,,,126.82894339177307,37.20043304261786,126.83482804218576,37.20539559241885,2024-10-24 15:08:07
1324,16,32,15,,,126.82278218344628,37.19358732360589,126.83124991413194,37.20119965358312,2024-10-24 15:08:47
1325,17,23,15,,,126.82625522959152,37.197731859376745,126.820036879524,37.19231916941763,2024-10-24 15:08:53
1326,56,33,15,,,126.83430888034438,37.204649070900594,126.82946589206794,37.20027687793988,2024-10-24 15:09:17
1327,10,38,15,,,126.81675620550303,37.20937460383229,126.82384947445809,37.20128951049078,2024-10-24 15:09:20
1328,63,65,15,,,126.83498398843452,37.21079524223018,126.83445851137462,37.20096860282238,2024-10-24 15:09:40
1329,10,17,15,,,126.81776681164166,37.2089776245626,126.82573223714991,37.19604063502937,2024-10-24 15:09:58
1330,69,30,15,,,126.83678141029796,37.20597102374852,126.83113635475762,37.199667274987796,2024-10-24 15:10:06
1331,70,40,15,,,126.83787329062139,37.21040086452407,126.83049468305353,37.193594348678,2024-10-24 15:10:35
1332,42,70,15,,,126.83175334839638,37.19562828642522,126.8370458503524,37.20935126117723,2024-10-24 15:10:57
1333,10,56,15,,,126.81631928694223,37.20854309805589,126.83428556327804,37.2050851462964,2024-10-24 15:11:07
1334,33,56,15,,,126.82858324986185,37.200648742081654,126.83488363956151,37.20607436567221,2024-10-24 15:11:12
1335,68,60,15,,,126.84081997620771,37.201803930265065,126.83219867875535,37.2135365625064,2024-10-24 15:11:15
1336,69,30,15,,,126.83823939805451,37.20722358858345,126.8321013201868,37.19905742354711,2024-10-24 15:11:29
1337,28,37,15,,,126.83048876043142,37.20261074124383,126.82145066832702,37.19710086700383,2024-10-24 15:11:31
1338,10,17,15,,,126.81720770208885,37.20986764109802,126.82605083316756,37.196103912083004,2024-10-24 15:12:30
1339,42,72,15,,,126.8321449733774,37.19517080150279,126.81161263185464,37.20679708320969,2024-10-24 15:13:06
1340,69,30,15,,,126.83853750925084,37.20689081006241,126.83191662045166,37.198982959581755,2024-10-24 15:14:29
1341,58,42,15,,,126.83484168283641,37.208400519448894,126.83189246694457,37.19632814208441,2024-10-24 15:16:01
1342,10,17,15,,,126.81696225853942,37.2095942544347,126.8256447868143,37.197158130438936,2024-10-24 15:17:36
1343,58,19,15,,,126.83503503285215,37.20792962585292,126.82903199527327,37.19453146467651,2024-10-24 15:17:52
1344,68,12,15,,,126.84035397391382,37.2023987075674,126.81887343221076,37.20431617755549,2024-10-24 15:17:58
1345,10,17,15,,,126.81728267138291,37.20906058923562,126.82550304924764,37.19767995295909,2024-10-24 15:18:36
1346,56,33,15,,,126.83555512526891,37.20637580846956,126.82925645594419,37.201546773704735,2024-10-24 15:18:42
1347,33,56,15,,,126.8283705673506,37.200306748431316,126.83558259801211,37.20473315619709,2024-10-24 15:19:25
1348,34,1,15,,,126.82130277842356,37.202584556954776,126.8167254715969,37.19822432500544,2024-10-24 15:19:37
1349,10,17,15,,,126.81788281115229,37.20939748699952,126.82693850432163,37.19679737322772,2024-10-24 15:19:54
1350,10,17,15,,,126.81738011141539,37.209991906332945,126.8267765068852,37.19637178485951,2024-10-24 15:21:35
1351,33,56,15,,,126.82962980895054,37.19974053810774,126.83493824935401,37.205487865372916,2024-10-24 15:22:15
1352,23,58,15,,,126.82058299736926,37.19178054763932,126.83560542831295,37.20837254613515,2024-10-24 15:22:23
1353,70,17,15,,,126.8381813578888,37.20859145363595,126.8261939590518,37.19713091906048,2024-10-24 15:22:26
1354,56,17,15,,,126.83538320241549,37.206307587623265,126.82689353739458,37.19738132345752,2024-10-24 15:22:28
1355,35,32,15,,,126.81915667146177,37.20152008826787,126.83185343755025,37.20180863203591,2024-10-24 15:22:59
1356,63,22,15,,,126.83462128828577,37.21203022371268,126.81595368502727,37.19489677452826,2024-10-24 15:23:09
1357,33,58,15,,,126.8289133151726,37.199999037300245,126.8345365967229,37.20939751010765,2024-10-24 15:23:10
1358,12,19,15,,,126.81885678009746,37.204133075993724,126.82810338290007,37.1955237491897,2024-10-24 15:23:21
1359,36,37,15,,,126.82424810746893,37.199095635844756,126.821869000091,37.19702729774038,2024-10-24 15:23:42
1360,33,56,15,,,126.82948220733361,37.20128488971949,126.83515903570854,37.20617330733366,2024-10-24 15:23:48
1361,17,54,15,,,126.82640688827689,37.19609075491365,126.83215553346889,37.21065058267277,2024-10-24 15:24:02
1362,12,17,15,,,126.81913128739446,37.20406668963837,126.82645186166495,37.19774480371028,2024-10-24 15:24:45
1363,51,46,15,,,126.82046610345198,37.21076273327708,126.83089030236373,37.21172196505406,2024-10-24 15:24:48
1364,21,39,15,,,126.81794693275806,37.19673913865658,126.82069908132358,37.200585956464145,2024-10-24 15:25:01
1365,1,19,15,,,126.8159351868353,37.19725418017635,126.82869521714647,37.19586364974976,2024-10-24 15:25:39
1366,33,56,15,,,126.82895911611493,37.200806489945776,126.83488544694326,37.20483837063911,2024-10-24 15:25:47
1367,33,56,15,,,126.8290045594325,37.19986048296282,126.83461126822905,37.20535765145429,2024-10-24 15:25:58
1368,70,33,15,,,126.83794484735301,37.209492408672,126.8298272546644,37.20051192402524,2024-10-24 15:26:29
1369,56,32,15,,,126.83574458309486,37.20649793409365,126.8328718705789,37.201348281024984,2024-10-24 15:26:49
1370,56,33,15,,,126.83579824401781,37.20639569931881,126.82876324764437,37.20143446572525,2024-10-24 15:26:51
1371,28,8,15,,,126.82985544196961,37.20335743712232,126.82390327207854,37.20612060541945,2024-10-24 15:27:03
1372,70,33,15,,,126.83729889346478,37.2090498571025,126.82911210789432,37.20120753783827,2024-10-24 15:27:13
1373,32,59,15,,,126.83233257978985,37.201458699335525,126.83342269396809,37.20827805523281,2024-10-24 15:27:19
1374,28,15,15,,,126.83049348715281,37.20387139465359,126.81757152462602,37.207005821514954,2024-10-24 15:27:20
1375,32,11,15,,,126.83267544403236,37.200992029057176,126.81388294791664,37.20870753431733,2024-10-24 15:27:35
1376,56,17,15,,,126.83508769159691,37.20515153113389,126.82615502941542,37.1967503574019,2024-10-24 15:27:52
1377,56,33,15,,,126.8345741741376,37.20649591373257,126.83015136577434,37.20051051486395,2024-10-24 15:28:11
1378,69,30,15,,,126.83708656941322,37.20756454167377,126.83096365527716,37.198927150321,2024-10-24 15:28:25
1379,33,56,15,,,126.82970619033,37.20019902063487,126.83588025927114,37.205818897760146,2024-10-24 15:28:45
1380,56,17,15,,,126.83412235773459,37.205078936063316,126.8259547141149,37.19619785751808,2024-10-24 15:28:52
1381,56,33,15,,,126.83420723210996,37.20584370475491,126.82865451914506,37.20158184859255,2024-10-24 15:29:16
1382,56,69,15,,,126.83510889528111,37.20635559474826,126.83716018903161,37.20771413018039,2024-10-24 15:29:26
1383,37,20,15,,,126.82088745259975,37.19775051710579,126.8151719587762,37.192275664743654,2024-10-24 15:29:33
1384,46,1,15,,,126.83102199266193,37.2117722132106,126.81566168948476,37.1974812646365,2024-10-24 15:29:46
1385,69,30,15,,,126.83838460497762,37.20595576337465,126.83165808420489,37.198920750322394,2024-10-24 15:29:47
1386,56,33,15,,,126.83537907392574,37.205599650252864,126.8296892071208,37.200187142623534,2024-10-24 15:30:49
1387,70,17,15,,,126.8382818236338,37.20918936023534,126.82732042500456,37.19723827936067,2024-10-24 15:30:55
1388,56,41,15,,,126.83489702776839,37.20629743419688,126.83364209105464,37.19664492317836,2024-10-24 15:30:58
1389,70,17,15,,,126.83813781184544,37.21020092774988,126.82731602250823,37.196677751271885,2024-10-24 15:31:25
1390,56,33,15,,,126.83531125201652,37.20503945169829,126.82911634319964,37.20000329477709,2024-10-24 15:31:34
1391,70,42,15,,,126.83863314862124,37.2094142403366,126.83084809693433,37.1960706158858,2024-10-24 15:31:57
1392,33,56,15,,,126.83002297631651,37.20061760497481,126.83469149934736,37.20565628939046,2024-10-24 15:32:04
1393,6,27,15,,,126.82472450956945,37.20338348671196,126.82598828735374,37.19916043680133,2024-10-24 15:32:15
1394,33,56,15,,,126.82906986878754,37.200847873101665,126.8354416712429,37.20599589486042,2024-10-24 15:33:46
1395,23,32,15,,,126.8212228969659,37.19231766940084,126.83108044289597,37.201860768967435,2024-10-24 15:33:50
1396,56,17,15,,,126.8343848834186,37.2064120490176,126.82701899393751,37.1960141939085,2024-10-24 15:33:53
1397,32,59,15,,,126.83288403177883,37.201208148307764,126.83292324427643,37.206437224633966,2024-10-24 15:33:56
1398,32,59,15,,,126.83253522488083,37.20130428598816,126.83194902728532,37.206593850933324,2024-10-24 15:34:54
1399,10,17,15,,,126.81604526727386,37.20980417688085,126.82656892844012,37.19628871460952,2024-10-24 15:34:59
1400,70,33,15,,,126.83774578295038,37.209223018993534,126.82968674644914,37.200114243289015,2024-10-24 15:35:02
1401,37,60,15,,,126.821787631097,37.197330060921814,126.83193335590727,37.21237041338087,2024-10-24 15:35:10
1402,54,53,15,,,126.83283272790695,37.210521908764896,126.82981295774445,37.20684713002119,2024-10-24 15:35:37
1403,33,56,15,,,126.83021943436724,37.20075902293199,126.83476954251938,37.20470611633933,2024-10-24 15:36:54
1404,11,17,15,,,126.81493107181797,37.20866166309318,126.82723768176633,37.19660433275644,2024-10-24 15:37:37
1405,56,32,15,,,126.8351866278254,37.205412299718006,126.83280553996704,37.20214773832577,2024-10-24 15:37:43
1406,1,45,15,,,126.8162520982066,37.198001523548214,126.82446282052535,37.21341138018346,2024-10-24 15:37:56
1407,11,17,15,,,126.81498874361581,37.20848399003547,126.8264698107536,37.19682094589097,2024-10-24 15:38:08
1408,62,60,15,,,126.83740197630348,37.21143763358822,126.83288182891826,37.21234894467627,2024-10-24 15:38:11
1409,56,41,15,,,126.8353458965558,37.204877620330564,126.83507577842472,37.19706627274941,2024-10-24 15:38:43
1410,70,18,15,,,126.8385452908868,37.208798169695505,126.82328714736163,37.19629210851637,2024-10-24 15:38:51
1411,17,54,15,,,126.82704479245594,37.195906314319394,126.83272956590538,37.21071996255977,2024-10-24 15:38:55
1412,70,17,15,,,126.83703087304161,37.2103978261841,126.82546336845066,37.19641671691024,2024-10-24 15:40:18
1413,70,17,15,,,126.8374775870425,37.20985554190485,126.82665034915816,37.19585733424065,2024-10-24 15:40:33
1414,58,33,15,,,126.8343236383134,37.20797110578999,126.82897999845855,37.19978328749165,2024-10-24 15:40:46
1415,17,54,15,,,126.82720796918058,37.196180442614704,126.8323749557575,37.209563038142996,2024-10-24 15:41:04
1416,56,33,15,,,126.83500418517191,37.20610138248215,126.82970469357628,37.20031931954848,2024-10-24 15:41:06
1417,41,2,15,,,126.83504947198189,37.19790150457506,126.82238509352091,37.20673890062902,2024-10-24 15:41:56
1418,62,39,15,,,126.83899827960455,37.212117258961136,126.82074890882159,37.200581429110095,2024-10-24 15:42:18
1419,35,9,15,,,126.81820773054268,37.202459134455424,126.81329199951136,37.20613028067798,2024-10-24 15:42:38
1420,56,33,15,,,126.83553322522583,37.20527728800882,126.82989290817645,37.20095464186526,2024-10-24 15:43:06
1421,33,58,15,,,126.82988857259481,37.201360451052665,126.83520474751617,37.20913941557955,2024-10-24 15:43:22
1422,58,20,15,,,126.83415371995378,37.208374982824964,126.81531592114978,37.19171344611437,2024-10-24 15:44:11
1423,33,56,15,,,126.82984941759462,37.201169002357396,126.83431259321702,37.206228382123406,2024-10-24 15:45:07
1424,33,56,15,,,126.82878351755429,37.20015424063721,126.83407861318149,37.20526711834946,2024-10-24 15:45:08
1425,33,56,15,,,126.8293238628895,37.200661580952826,126.8355276929029,37.20572779552247,2024-10-24 15:45:11
1426,70,33,15,,,126.83755364685396,37.20873175229378,126.82920515820726,37.200065525385554,2024-10-24 15:45:25
1427,58,17,15,,,126.83449381921308,37.20783738094174,126.82546316567877,37.19735456731093,2024-10-24 15:46:13
1428,28,2,15,,,126.82856391713203,37.20321620321105,126.8222760543406,37.206217946585234,2024-10-24 15:46:21
1429,33,54,15,,,126.82891977859983,37.20031969463603,126.83319223131214,37.21043993973122,2024-10-24 15:46:22
1430,56,32,15,,,126.83564263557838,37.20488702683044,126.83177616779939,37.202461799000076,2024-10-24 15:46:46
1431,42,15,15,,,126.83223912784868,37.19664645331914,126.81750704126436,37.20634347772074,2024-10-24 15:46:47
1432,24,64,15,,,126.81801753890657,37.19166490676801,126.84209773538339,37.20336131014027,2024-10-24 15:46:54
1433,9,64,15,,,126.81315941745078,37.2057314786012,126.84250265718343,37.20378291506969,2024-10-24 15:46:57
1434,33,56,15,,,126.82892409828989,37.1997967833365,126.83394815368851,37.20531810780709,2024-10-24 15:46:58
1435,10,36,15,,,126.81707901775927,37.209063307694336,126.82323246886699,37.19820759108135,2024-10-24 15:46:59
1436,33,56,15,,,126.8289862083024,37.20101600545502,126.83543853750918,37.205648456338125,2024-10-24 15:47:09
1437,58,32,15,,,126.8345575147974,37.20825376403337,126.83184580767183,37.20151349563237,2024-10-24 15:47:18
1438,37,72,15,,,126.82063382454514,37.19745605194129,126.81196347958173,37.207174409336815,2024-10-24 15:48:00
1439,69,30,15,,,126.83750977395032,37.20684542432152,126.83221457275624,37.19815591053618,2024-10-24 15:48:24
1440,32,13,15,,,126.83218652571075,37.202278449050056,126.81716514998676,37.20422029823994,2024-10-24 15:48:42
1441,17,54,15,,,126.8259693330292,37.196152735281984,126.8327461414026,37.21099679507686,2024-10-24 15:48:51
1442,19,10,15,,,126.82829421989142,37.194232200194165,126.81742568929427,37.20934665288336,2024-10-24 15:49:31
1443,70,33,15,,,126.83743893581357,37.21015223569057,126.82857684671437,37.201035706748094,2024-10-24 15:50:14
1444,70,33,15,,,126.83712700252286,37.21044839420895,126.8299164742198,37.20026287618561,2024-10-24 15:51:22
1445,56,32,15,,,126.83432950269065,37.20511384020285,126.83283100737216,37.202526998177305,2024-10-24 15:51:39
1446,56,33,15,,,126.83519191473094,37.204747116938755,126.82989631201305,37.2009260955474,2024-10-24 15:52:01
1447,56,33,15,,,126.83509676195801,37.204903105202916,126.83019310982024,37.200486415274305,2024-10-24 15:52:05
1448,56,31,15,,,126.83463472573266,37.20651686387566,126.82973295200254,37.19828162809686,2024-10-24 15:53:32
1449,3,48,15,,,126.82436576525372,37.20877098798627,126.83110331948463,37.21565592689938,2024-10-24 15:54:00
1450,17,54,15,,,126.82659197178953,37.19708921792829,126.83348894702137,37.21013163917681,2024-10-24 15:54:08
1451,70,19,15,,,126.83696018137724,37.20865059934671,126.82862897097843,37.19593862913444,2024-10-24 15:54:29
1452,56,31,15,,,126.83529009461868,37.2065246158458,126.82856957292859,37.198427891060035,2024-10-24 15:54:32
1453,59,9,15,,,126.83294413124536,37.207574241729205,126.81360984604669,37.20453293065321,2024-10-24 15:54:46
1454,70,33,15,,,126.83719144486409,37.2092760013632,126.82850016829944,37.20092715537733,2024-10-24 15:55:21
1455,38,59,15,,,126.8241034389023,37.201804128463245,126.83251308623466,37.20825210344846,2024-10-24 15:56:14
1456,56,33,15,,,126.83447232436528,37.20529808016409,126.82904947250375,37.19983458076585,2024-10-24 15:56:26
1457,33,7,15,,,126.82967048825876,37.199802240210715,126.82706669827418,37.20897570127713,2024-10-24 15:56:40
1458,3,10,15,,,126.82494814505962,37.209529633701614,126.81766267372343,37.208422728168614,2024-10-24 15:56:49
1459,3,21,15,,,126.82482861217747,37.209936511145024,126.81802572164335,37.19682258488917,2024-10-24 15:56:58
1460,22,4,15,,,126.81565206753886,37.194971784444554,126.82161071723709,37.20811359907291,2024-10-24 15:56:59
1461,65,26,15,,,126.83418127455616,37.1995735709175,126.81915872958255,37.19338786261543,2024-10-24 15:56:59
1462,54,23,15,,,126.83189575315234,37.209474594797655,126.82167930603032,37.19226208285625,2024-10-24 15:57:31
1463,50,6,15,,,126.82282432216734,37.21058497841837,126.82350333719148,37.20469960035331,2024-10-24 15:58:11
1464,69,30,15,,,126.83786755892646,37.20756942088884,126.83115288473962,37.19881090796256,2024-10-24 15:58:14
1465,27,55,15,,,126.82734309023907,37.199440982062406,126.8305914222599,37.2099020257727,2024-10-24 15:58:23
1466,56,41,15,,,126.83444113540178,37.20626974414551,126.83399994735719,37.19768884133768,2024-10-24 15:58:50
1467,39,20,16,,,126.82245033343918,37.20014519938891,126.81664742934827,37.193057811366536,2024-10-24 16:00:21
1468,72,33,16,,,126.81078932946345,37.20690163636597,126.82854465196262,37.199725818041756,2024-10-24 16:00:27
1469,56,40,16,,,126.83394829304744,37.20508596082235,126.83216954022916,37.19286216686303,2024-10-24 16:00:38
1470,7,8,16,,,126.82725567205647,37.207375026878545,126.82535409799719,37.207334206059244,2024-10-24 16:00:54
1471,54,33,16,,,126.83354425204453,37.209434040846716,126.8283522205445,37.200025269667215,2024-10-24 16:01:16
1472,11,58,16,,,126.81395761155255,37.20810114241174,126.83591883386151,37.20758567574001,2024-10-24 16:01:17
1473,17,54,16,,,126.8260810889555,37.197383271327105,126.83212526893657,37.20942141308058,2024-10-24 16:02:10
1474,50,14,16,,,126.82161485859909,37.211546068672995,126.81921994772462,37.20721385443873,2024-10-24 16:02:44
1475,18,34,16,,,126.82305533193865,37.195703604044915,126.82111891034191,37.20229036545756,2024-10-24 16:02:51
1476,70,17,16,,,126.83865864038344,37.20953139064539,126.82679206056127,37.19704717434235,2024-10-24 16:02:52
1477,58,19,16,,,126.83458217588141,37.209226259485455,126.82870631325679,37.19459069481858,2024-10-24 16:02:58
1478,69,30,16,,,126.8372175882577,37.20584469764617,126.83269452753218,37.198802625024854,2024-10-24 16:03:00
1479,17,54,16,,,126.82651966414636,37.19730983002752,126.83337870472069,37.21098610989222,2024-10-24 16:03:11
1480,38,32,16,,,126.82505153434103,37.201832832327355,126.8321440963301,37.201643978493614,2024-10-24 16:03:15
1481,50,37,16,,,126.8219897020999,37.212374154985724,126.82062690093282,37.19699056831088,2024-10-24 16:03:19
1482,11,47,16,,,126.81353123829547,37.20792483342865,126.82738901130806,37.21154239499449,2024-10-24 16:03:28
1483,54,33,16,,,126.83271539600337,37.211108060107605,126.82931955097975,37.20116690001151,2024-10-24 16:03:36
1484,62,9,16,,,126.8382956022807,37.21195832575833,126.81445766119599,37.20457348742819,2024-10-24 16:03:44
1485,58,19,16,,,126.83562502634626,37.208634983769734,126.82973331591977,37.19428969057778,2024-10-24 16:04:27
1486,56,17,16,,,126.8347237172876,37.205611262312864,126.82717793123834,37.19623712115312,2024-10-24 16:04:28
1487,59,33,16,,,126.83268678067583,37.20792927654085,126.82956497089253,37.20119398000529,2024-10-24 16:04:58
1488,58,33,16,,,126.8345268331046,37.20929264504562,126.82843996162669,37.20032423213137,2024-10-24 16:05:04
1489,54,33,16,,,126.83288559806685,37.210807316542095,126.82840424066536,37.20046937859486,2024-10-24 16:05:46
1490,10,17,16,,,126.81603792894886,37.2085884413196,126.82543738993931,37.19599346524653,2024-10-24 16:05:58
1491,50,2,16,,,126.8221966138906,37.211703714102654,126.82207539289273,37.205111361617234,2024-10-24 16:08:06
1492,19,10,16,,,126.82874440604043,37.19573201894058,126.81754824344048,37.209169762017176,2024-10-24 16:08:23
1493,1,4,16,,,126.81571708286326,37.198445911493636,126.82201107242545,37.20818235808228,2024-10-24 16:08:43
1494,45,66,16,,,126.8250906763728,37.21351769957471,126.83775873729194,37.203966223781535,2024-10-24 16:08:49
1495,42,70,16,,,126.8314432120311,37.196067899298534,126.83787124440545,37.20927811773136,2024-10-24 16:08:52
1496,19,48,16,,,126.82892548966676,37.19554124127448,126.82971082200717,37.21531830518949,2024-10-24 16:10:20
1497,10,56,16,,,126.81690070900983,37.20981582470322,126.83394798526547,37.20561301296748,2024-10-24 16:10:24
1498,56,33,16,,,126.83498380096775,37.20620696661828,126.83013725884109,37.200513287777596,2024-10-24 16:11:28
1499,56,13,16,,,126.83427406756059,37.20521362274196,126.81587163626648,37.204244301735216,2024-10-24 16:11:28
1500,56,33,16,,,126.83569926606255,37.20546924535854,126.82983920386042,37.20107238221447,2024-10-24 16:11:50
1501,10,17,16,,,126.8164286360735,37.21005628640027,126.82670509909835,37.19706688668501,2024-10-24 16:12:50
1502,69,30,16,,,126.83661883170612,37.20593972846021,126.83196081782638,37.19935752755687,2024-10-24 16:13:08
1503,57,66,16,,,126.83235484077616,37.204881797844706,126.83750007634906,37.204272708771136,2024-10-24 16:13:13
1504,17,54,16,,,126.82638999091621,37.196082268430416,126.83355799782127,37.210780439405305,2024-10-24 16:13:37
1505,69,30,16,,,126.83727735838889,37.207294242894626,126.83216460798296,37.199266649046514,2024-10-24 16:13:44
1506,16,62,16,,,126.8239959733772,37.19243860761803,126.83730142496519,37.21268949651503,2024-10-24 16:14:08
1507,56,33,16,,,126.83510775704269,37.205562517976055,126.8296979634982,37.199697532096685,2024-10-24 16:14:22
1508,56,33,16,,,126.83492938655132,37.20581323762587,126.8297926392686,37.19975675232499,2024-10-24 16:14:31
1509,56,41,16,,,126.8348963470513,37.205111435180505,126.83379731304294,37.19692195363626,2024-10-24 16:15:05
1510,54,33,16,,,126.83234988418889,37.210993963329344,126.82965516105644,37.19975742229307,2024-10-24 16:15:53
1511,41,70,16,,,126.83380487131681,37.19689662954886,126.83824844213555,37.21010910782439,2024-10-24 16:15:57
1512,56,17,16,,,126.83508078786181,37.20614718677089,126.82691039940357,37.1967555991234,2024-10-24 16:16:21
1513,34,9,16,,,126.82131602206498,37.20371870472885,126.81411308145545,37.20528739867671,2024-10-24 16:16:28
1514,19,10,16,,,126.82881351578384,37.19570445549691,126.81635270070382,37.208911778939644,2024-10-24 16:16:44
1515,17,54,16,,,126.82572283037649,37.19648372799127,126.83346080336585,37.21084937187067,2024-10-24 16:17:48
1516,19,10,16,,,126.82937587954362,37.19477970147196,126.81734016762265,37.2090595491526,2024-10-24 16:18:09
1517,56,17,16,,,126.83508107510313,37.205751069819286,126.82693157604055,37.19597265907449,2024-10-24 16:18:22
1518,58,19,16,,,126.83516967000766,37.2077020899951,126.82890070294614,37.19502597818804,2024-10-24 16:18:42
1519,33,49,16,,,126.82933761659109,37.200093251895765,126.82743087621338,37.21328726080392,2024-10-24 16:19:22
1520,72,64,16,,,126.8119045363045,37.20705681831309,126.84223637520688,37.20407889588808,2024-10-24 16:19:50
1521,11,58,16,,,126.81412527199653,37.20733116774657,126.8355823078396,37.20848536604506,2024-10-24 16:19:51
1522,50,22,16,,,126.82296178157443,37.21147236475625,126.81607208591376,37.19454641936614,2024-10-24 16:20:04
1523,56,17,16,,,126.83579188473854,37.205158787872925,126.82550937568334,37.19756864324843,2024-10-24 16:22:07
1524,70,42,16,,,126.83757055680631,37.21015407191326,126.83220305250332,37.19591601828874,2024-10-24 16:22:37
1525,59,29,16,,,126.8330909151564,37.20804281262238,126.82632697331155,37.20243986765285,2024-10-24 16:23:15
1526,12,15,16,,,126.8192626834695,37.20466488305161,126.81715661753358,37.20669827461599,2024-10-24 16:23:28
1527,31,11,16,,,126.82864978275968,37.19686609010562,126.81516681243538,37.20831271678788,2024-10-24 16:23:29
1528,5,24,16,,,126.82624098829163,37.204725737123596,126.81735749814824,37.190719437808426,2024-10-24 16:24:15
1529,56,41,16,,,126.83554129135621,37.20502594264572,126.83485262931568,37.19744642839517,2024-10-24 16:24:25
1530,10,17,16,,,126.81793646033363,37.20971958692412,126.8270149009162,37.19711984481957,2024-10-24 16:24:37
1531,18,66,16,,,126.82330548531748,37.19500305768524,126.83738158911498,37.20379097738851,2024-10-24 16:24:41
1532,56,33,16,,,126.83462466118904,37.20629785296313,126.82985020506615,37.2000201561382,2024-10-24 16:25:41
1533,54,33,16,,,126.83311195541532,37.21014392959072,126.82983817584042,37.200877202284794,2024-10-24 16:25:45
1534,66,8,16,,,126.83722600736324,37.20383635975459,126.82381909281042,37.207191015007965,2024-10-24 16:26:12
1535,56,17,16,,,126.83444730476224,37.20654163340492,126.8265118616173,37.19640631313275,2024-10-24 16:26:17
1536,33,15,16,,,126.82979437782204,37.201115980229034,126.81777051730398,37.20577496848777,2024-10-24 16:26:37
1537,56,41,16,,,126.83446342481619,37.204864812348234,126.83357675451968,37.19719660655629,2024-10-24 16:27:02
1538,32,11,16,,,126.83276117513454,37.20229730539093,126.81440077823738,37.20742569516323,2024-10-24 16:27:36
1539,56,17,16,,,126.83402655717744,37.206000136428514,126.8257685351265,37.19769188691121,2024-10-24 16:27:48
1540,65,65,16,,,126.83465924184617,37.19947779358645,126.83348130323087,37.200331017681556,2024-10-24 16:28:03
1541,11,56,16,,,126.81480006787882,37.20895436583867,126.83501733875862,37.205834598394105,2024-10-24 16:28:22
1542,5,37,16,,,126.82667274420014,37.20596952740917,126.82117074296445,37.19759802048752,2024-10-24 16:28:24
1543,45,57,16,,,126.82435299776513,37.213229259622246,126.83264572781584,37.20381636895809,2024-10-24 16:28:27
1544,11,58,16,,,126.813559792733,37.20903541450577,126.83542543909475,37.20870404798174,2024-10-24 16:28:28
1545,54,33,16,,,126.83229129218269,37.21015582735937,126.82898991987297,37.2005705317199,2024-10-24 16:28:30
1546,69,30,16,,,126.83783595631502,37.20668651388667,126.83105039024124,37.198302775582164,2024-10-24 16:28:44
1547,4,72,16,,,126.82208492179602,37.208511089880986,126.81226751666529,37.207616622072756,2024-10-24 16:29:00
1548,19,66,16,,,126.82868480775738,37.19486164759464,126.83807457684038,37.20382544769618,2024-10-24 16:29:16
1549,10,17,16,,,126.8177265558283,37.2100224417594,126.82557780654068,37.19684680531164,2024-10-24 16:29:44
1550,17,56,16,,,126.82733091366437,37.19736761401235,126.83585804922134,37.20615444796539,2024-10-24 16:29:53
1551,54,33,16,,,126.83296372148388,37.210665300082745,126.82972869062974,37.20139769001102,2024-10-24 16:30:14
1552,11,70,16,,,126.81336752510151,37.208652162197446,126.83720313579414,37.20911555086165,2024-10-24 16:30:36
1553,58,33,16,,,126.83491679723855,37.2080911385316,126.83007447029524,37.20033519449502,2024-10-24 16:30:38
1554,11,22,16,,,126.81372858809213,37.20842758585543,126.81656051449109,37.19540100067817,2024-10-24 16:30:41
1555,56,33,16,,,126.83553401714354,37.20472650345258,126.82955573321333,37.2015880117495,2024-10-24 16:30:50
1556,47,54,16,,,126.82801842801489,37.21079384705781,126.83241055254382,37.21108161361595,2024-10-24 16:31:05
1557,70,18,16,,,126.83729677127889,37.209787369333895,126.82462641580001,37.19615816494559,2024-10-24 16:31:50
1558,70,17,16,,,126.83748102406808,37.20973905390539,126.82733174922454,37.196926461739366,2024-10-24 16:31:54
1559,69,30,16,,,126.83728005517276,37.20634106410941,126.83079120851409,37.1986685887589,2024-10-24 16:32:03
1560,17,54,16,,,126.82582448532898,37.196376944028394,126.8317081496159,37.2092875731661,2024-10-24 16:33:42
1561,54,33,16,,,126.83319524598653,37.21046639501982,126.82861223855929,37.201000224354075,2024-10-24 16:34:27
1562,42,70,16,,,126.83219656930297,37.19628013124717,126.83701470886261,37.20926206436436,2024-10-24 16:35:15
1563,55,31,16,,,126.82950090504619,37.20874728134938,126.82828888853626,37.1970795748869,2024-10-24 16:36:02
1564,56,33,16,,,126.8356621702916,37.20480521686645,126.82939157203398,37.20096831580662,2024-10-24 16:36:44
1565,63,54,16,,,126.83605730784485,37.21037883649544,126.8329064923772,37.2099968406199,2024-10-24 16:38:10
1566,69,30,16,,,126.83743837682238,37.2074411196915,126.83117578863637,37.198321743027854,2024-10-24 16:38:11
1567,17,54,16,,,126.82592126372829,37.19621783151908,126.83238237037772,37.20987412292182,2024-10-24 16:38:21
1568,56,33,16,,,126.83408815991565,37.20478278973243,126.82997526959306,37.20106264148386,2024-10-24 16:38:26
1569,40,57,16,,,126.83220182170122,37.193729192137276,126.83291241822111,37.20489316209302,2024-10-24 16:38:36
1570,2,37,16,,,126.82108492842336,37.20496508530985,126.82047601101002,37.19651379351848,2024-10-24 16:38:48
1571,54,33,16,,,126.83321507870576,37.21045369291739,126.82960459273261,37.20028347902386,2024-10-24 16:39:02
1572,59,35,16,,,126.83339669872215,37.206627430341904,126.81877860513825,37.20280678716007,2024-10-24 16:39:31
1573,69,30,16,,,126.83688345531027,37.207039068892726,126.83241341240533,37.198405703479494,2024-10-24 16:40:02
1574,42,70,16,,,126.83210853329652,37.19623333005749,126.83798734075445,37.210283558884214,2024-10-24 16:40:09
1575,56,33,16,,,126.83526872530244,37.2051446972077,126.82999915072287,37.201664266601945,2024-10-24 16:40:48
1576,12,33,16,,,126.81967780990402,37.205495569257394,126.83008062016424,37.200602717426854,2024-10-24 16:41:06
1577,70,17,16,,,126.83747597129756,37.2091387924813,126.82715783040292,37.195979336034604,2024-10-24 16:42:03
1578,31,54,16,,,126.82948516320131,37.19815435981341,126.83323501461082,37.21096882428686,2024-10-24 16:42:12
1579,58,33,16,,,126.83509301230958,37.20765210679687,126.82949933491858,37.20128190101269,2024-10-24 16:42:41
1580,58,42,16,,,126.83581409463663,37.20932877620535,126.8314980369073,37.19560970028764,2024-10-24 16:42:45
1581,33,58,16,,,126.82837005582802,37.19998583754482,126.83531808667274,37.209051852000606,2024-10-24 16:43:23
1582,56,19,16,,,126.83547449288312,37.20564378404017,126.82894706862783,37.194319562818116,2024-10-24 16:43:24
1583,44,5,16,,,126.82046996915547,37.18882478614533,126.8270565313019,37.20607808793022,2024-10-24 16:43:26
1584,27,38,16,,,126.82677865726025,37.19888696293482,126.82512894242512,37.2022751783933,2024-10-24 16:43:47
1585,54,33,16,,,126.83205674189124,37.21031218014031,126.82946798454377,37.200903190973996,2024-10-24 16:43:57
1586,56,33,16,,,126.83512630320894,37.206487434855035,126.8283334306034,37.199674341359724,2024-10-24 16:44:07
1587,58,19,16,,,126.83601059812793,37.20756238019721,126.8298564020718,37.19489992510037,2024-10-24 16:44:22
1588,68,42,16,,,126.84039670435102,37.20304801413063,126.83120727119488,37.1960235466822,2024-10-24 16:44:26
1589,56,17,16,,,126.83451795539204,37.20621334766625,126.82557343615744,37.196583132084434,2024-10-24 16:44:28
1590,56,33,16,,,126.83390981557153,37.20658708290102,126.82927864589718,37.20153279649645,2024-10-24 16:44:34
1591,5,32,16,,,126.82764980335388,37.205141774602545,126.83108974320241,37.20243232436839,2024-10-24 16:45:09
1592,5,53,16,,,126.8276931173054,37.20511591252633,126.83059866132334,37.205979567057156,2024-10-24 16:45:45
1593,42,56,16,,,126.83130621530653,37.19539533614055,126.83411918355111,37.2061179439372,2024-10-24 16:45:54
1594,58,19,16,,,126.83607270097279,37.20750488961203,126.82909510222095,37.195390297679005,2024-10-24 16:46:17
1595,11,58,16,,,126.81506117964358,37.209067279601015,126.83425448883371,37.20792246617423,2024-10-24 16:46:19
1596,30,55,16,,,126.83252213755777,37.19933250955755,126.82961393993257,37.20955561856636,2024-10-24 16:46:28
1597,58,19,16,,,126.83504093171663,37.20857888655663,126.82914812169122,37.19591060949496,2024-10-24 16:46:28
1598,56,33,16,,,126.83415825743761,37.206610510295654,126.82870025509281,37.20040674414686,2024-10-24 16:47:35
1599,31,44,16,,,126.82937797996632,37.19765816178514,126.82083852860686,37.18975310127145,2024-10-24 16:47:48
1600,56,41,16,,,126.83432690235081,37.206056855306024,126.83487804726823,37.19658812886682,2024-10-24 16:48:03
1601,42,70,16,,,126.83137498976174,37.19596677742011,126.83766850666407,37.20872402652197,2024-10-24 16:48:34
1602,56,17,16,,,126.83468860913058,37.204759922857455,126.82623126507028,37.19640972316928,2024-10-24 16:48:41
1603,24,43,16,,,126.81901691284686,37.19132504240488,126.82290331927733,37.1892279905789,2024-10-24 16:48:59
1604,13,61,16,,,126.8174827882614,37.204130462724336,126.83346664466998,37.216491150631775,2024-10-24 16:49:21
1605,56,33,16,,,126.83446764630486,37.20575587745596,126.82953516399635,37.20052970772846,2024-10-24 16:49:29
1606,54,33,16,,,126.83327151166695,37.20984390706694,126.82913353003161,37.2009947874892,2024-10-24 16:49:41
1607,38,4,16,,,126.82391480601159,37.20043960391852,126.82186455550377,37.208939030136584,2024-10-24 16:49:58
1608,19,10,16,,,126.82817478058347,37.19577581418196,126.81764849867848,37.20906573615503,2024-10-24 16:50:00
1609,16,51,16,,,126.82344211446689,37.192594204322894,126.81901871625632,37.211361272408766,2024-10-24 16:50:08
1610,51,41,16,,,126.8189393205587,37.2103969764427,126.8349766533988,37.1968932531658,2024-10-24 16:50:29
1611,8,16,16,,,126.82458998194309,37.20715436847953,126.82444530855787,37.19311069193647,2024-10-24 16:50:48
1612,56,33,16,,,126.83445475598634,37.20605842748055,126.82895754988023,37.200990336920036,2024-10-24 16:51:23
1613,69,30,16,,,126.8377615863844,37.20643920255663,126.8310662941962,37.19901321618107,2024-10-24 16:51:29
1614,10,17,16,,,126.81695815528784,37.20926511345061,126.82573783043263,37.19581327389805,2024-10-24 16:52:32
1615,25,25,16,,,126.82016001759878,37.193936992061715,126.82135743328635,37.1951267274684,2024-10-24 16:52:43
1616,17,58,16,,,126.82696993196181,37.19699078532922,126.83578029992529,37.209353421590016,2024-10-24 16:53:21
1617,54,33,16,,,126.83333126952667,37.20960508448988,126.82947337887866,37.20134361774602,2024-10-24 16:53:42
1618,24,39,16,,,126.81901710767895,37.191076945951394,126.82202473603634,37.200124062446505,2024-10-24 16:54:14
1619,27,41,16,,,126.82666909946644,37.199905781998325,126.83403980596299,37.19678740412851,2024-10-24 16:54:32
1620,56,33,16,,,126.83527293170006,37.20527952717658,126.82883699444419,37.20035105337699,2024-10-24 16:54:45
1621,58,33,16,,,126.83560796782714,37.20750939847987,126.82916191389117,37.20162197408658,2024-10-24 16:55:08
1622,6,45,16,,,126.82376285742743,37.2035095163309,126.82527241114923,37.213075694600185,2024-10-24 16:55:17
1623,56,33,16,,,126.83479908324878,37.20627503249146,126.83025835143263,37.19991261404829,2024-10-24 16:56:48
1624,69,30,16,,,126.83774067880714,37.20611094436399,126.8312876170338,37.19920565623986,2024-10-24 16:57:23
1625,60,4,16,,,126.83346144174254,37.21339593901313,126.82276038301052,37.20780905553906,2024-10-24 16:57:52
1626,58,19,16,,,126.83517923938828,37.20791458495256,126.82824989221403,37.19559933417441,2024-10-24 16:58:24
1627,54,33,16,,,126.83235180153464,37.21106117206094,126.82836238725787,37.200026798875825,2024-10-24 16:58:50
1628,6,56,16,,,126.82426028048701,37.20448195038812,126.83469859739411,37.20467874973117,2024-10-24 16:59:30
1629,17,54,16,,,126.82674459122659,37.19680041512708,126.83352515262146,37.21060628432848,2024-10-24 16:59:38
1630,56,31,17,,,126.8354562169774,37.204836660615555,126.82892390591806,37.19768596484971,2024-10-24 17:00:06
1631,58,19,17,,,126.83552969600863,37.20837249312084,126.82964213022117,37.195485269131694,2024-10-24 17:00:12
1632,51,17,17,,,126.82015540203159,37.21114269938473,126.82621472996745,37.19651815586975,2024-10-24 17:00:52
1633,1,68,17,,,126.81568446732581,37.19747552935895,126.83935484378091,37.20161073450703,2024-10-24 17:02:01
1634,20,69,17,,,126.81497681166944,37.193291324623345,126.83725475559798,37.20762899037189,2024-10-24 17:02:11
1635,42,70,17,,,126.83200150070248,37.19559152109176,126.83770618560393,37.21051663205443,2024-10-24 17:02:35
1636,7,69,17,,,126.82747608405344,37.20855772092564,126.83718262003362,37.20743258614638,2024-10-24 17:03:09
1637,35,32,17,,,126.81978838698738,37.20141449410808,126.83266012710253,37.20234035305209,2024-10-24 17:04:18
1638,13,33,17,,,126.81572801854689,37.203425878222816,126.82933985535638,37.201350989642734,2024-10-24 17:05:10
1639,48,66,17,,,126.8301539972127,37.21564590009177,126.83731122285074,37.20366337654588,2024-10-24 17:05:27
1640,41,70,17,,,126.83519863211664,37.197395689569085,126.83817453424392,37.209932160030625,2024-10-24 17:06:28
1641,22,23,17,,,126.81681671371776,37.19491982248001,126.82042272606456,37.19207112865376,2024-10-24 17:07:24
1642,56,40,17,,,126.83424098197332,37.206379643276776,126.83108219992513,37.19288614906611,2024-10-24 17:07:27
1643,25,38,17,,,126.8208739073479,37.193866618036346,126.82394683407118,37.201805997949975,2024-10-24 17:07:33
1644,69,30,17,,,126.83843972691513,37.20705466801623,126.8317589623949,37.19919802514982,2024-10-24 17:08:24
1645,53,25,17,,,126.82989365465374,37.20606655032013,126.82090967683253,37.19399679909896,2024-10-24 17:08:29
1646,19,57,17,,,126.82934179924082,37.19464597262845,126.83254112293648,37.204561721424874,2024-10-24 17:08:45
1647,42,70,17,,,126.83114411331776,37.19586444041244,126.83722750385934,37.208842870469525,2024-10-24 17:09:23
1648,58,19,17,,,126.83437886854816,37.20751001545666,126.82976831299749,37.19509608743498,2024-10-24 17:09:28
1649,6,24,17,,,126.82365427200592,37.204900579107836,126.81819473658872,37.19009183092739,2024-10-24 17:09:51
1650,10,17,17,,,126.81611669506296,37.20899362354876,126.82715132243011,37.197360864081716,2024-10-24 17:10:08
1651,33,56,17,,,126.82835040563272,37.20000696105564,126.83449701901553,37.204843949535054,2024-10-24 17:11:00
1652,36,46,17,,,126.82303305886659,37.19895235533997,126.83084193008912,37.211953175154186,2024-10-24 17:11:27
1653,66,24,17,,,126.8376892860863,37.20441444660984,126.81799941398,37.18989141230481,2024-10-24 17:11:38
1654,22,46,17,,,126.8159986509761,37.19447076610953,126.83058873051591,37.21099229326113,2024-10-24 17:11:42
1655,2,8,17,,,126.8220408732942,37.205549263747095,126.82365952101134,37.20630767646087,2024-10-24 17:11:53
1656,11,32,17,,,126.81407366869476,37.20790077958242,126.83243052551505,37.202135524069256,2024-10-24 17:12:13
1657,56,17,17,,,126.83424037692285,37.20639493162656,126.82678929304419,37.19662338318758,2024-10-24 17:12:53
1658,56,33,17,,,126.83491395721352,37.20561586181187,126.82944845764575,37.19988625936432,2024-10-24 17:13:31
1659,34,52,17,,,126.82145742729249,37.20391188786,126.82984177809927,37.217036693374624,2024-10-24 17:13:46
1660,45,68,17,,,126.82441165705173,37.21183275796084,126.84042131226133,37.20227053862688,2024-10-24 17:13:56
1661,46,30,17,,,126.82936701044363,37.21140079520926,126.83139797076902,37.19938090697809,2024-10-24 17:13:57
1662,23,69,17,,,126.82113257492195,37.19125920089406,126.83670916090277,37.20586367414571,2024-10-24 17:14:03
1663,56,33,17,,,126.83402669383801,37.20501419537655,126.82983260274732,37.200031241662906,2024-10-24 17:14:30
1664,41,49,17,,,126.8347708905886,37.19701814895056,126.82873040703757,37.213661908025806,2024-10-24 17:14:55
1665,17,54,17,,,126.82582536948816,37.19721631202179,126.83284589570303,37.20966092087344,2024-10-24 17:15:29
1666,43,20,17,,,126.82293625067878,37.190752303840924,126.81574805269472,37.19193153420977,2024-10-24 17:15:38
1667,30,17,17,,,126.83109090927726,37.1997020124047,126.82648109453243,37.197534751905955,2024-10-24 17:16:21
1668,5,27,17,,,126.82682214968473,37.204955298023684,126.8266833962217,37.1989277783484,2024-10-24 17:16:23
1669,33,56,17,,,126.82918972068256,37.201092945942996,126.8344670134818,37.20558449475786,2024-10-24 17:16:32
1670,29,9,17,,,126.82708895901271,37.201759673783165,126.81387186227462,37.20530606013805,2024-10-24 17:17:00
1671,32,56,17,,,126.83108849610008,37.20116124891274,126.83518646295502,37.204696355051794,2024-10-24 17:17:15
1672,54,14,17,,,126.83317504323466,37.21073601525139,126.81988928513414,37.20730116262977,2024-10-24 17:17:25
1673,56,33,17,,,126.83565196080214,37.20660881354355,126.83014021618618,37.20054724376388,2024-10-24 17:17:42
1674,15,50,17,,,126.81638561766898,37.20554002495259,126.82294563068048,37.212145131386876,2024-10-24 17:17:49
1675,33,58,17,,,126.82903044735673,37.199972775818985,126.83420196916008,37.20789199946868,2024-10-24 17:18:39
1676,56,41,17,,,126.83396806301147,37.204771444167726,126.83420618903254,37.19666551553654,2024-10-24 17:18:53
1677,69,30,17,,,126.83710951162689,37.20616446735038,126.83257006659687,37.198883533404384,2024-10-24 17:19:08
1678,28,52,17,,,126.83037613717583,37.20377391869707,126.83134428418693,37.21725317640882,2024-10-24 17:19:39
1679,56,32,17,,,126.83424999822037,37.20610900376475,126.8324073201629,37.20149580749922,2024-10-24 17:19:41
1680,60,34,17,,,126.83332003320992,37.21322355929784,126.82246060589887,37.203793964201964,2024-10-24 17:20:03
1681,50,11,17,,,126.82168497159014,37.21169088039837,126.8138404946964,37.20871042978695,2024-10-24 17:20:29
1682,63,29,17,,,126.83635005869766,37.211939138430786,126.82678709207059,37.20337495678028,2024-10-24 17:20:34
1683,14,60,17,,,126.82000799391149,37.20809442794724,126.8322774341363,37.21370010814956,2024-10-24 17:20:39
1684,34,7,17,,,126.82190454858628,37.20294222012435,126.82705622337123,37.20712888556577,2024-10-24 17:21:02
1685,42,70,17,,,126.8314078795999,37.195588185806784,126.83697751247843,37.20902662075986,2024-10-24 17:21:05
1686,70,17,17,,,126.8378899392799,37.20866329917197,126.82736531844257,37.197463877434885,2024-10-24 17:21:13
1687,18,54,17,,,126.8235788252903,37.19638059592608,126.8325072641539,37.211077334049236,2024-10-24 17:21:22
1688,12,17,17,,,126.81829684797212,37.20433470060582,126.82593686920258,37.19665301723087,2024-10-24 17:21:38
1689,42,66,17,,,126.83188362503533,37.19707143621784,126.83640509347813,37.20304296853491,2024-10-24 17:21:42
1690,70,19,17,,,126.8384137694775,37.210082091103466,126.828118803848,37.195902679087574,2024-10-24 17:21:49
1691,37,34,17,,,126.82063984173905,37.1975477119456,126.82179154319239,37.20246848538615,2024-10-24 17:22:01
1692,51,6,17,,,126.81963318171015,37.209692701828736,126.82377193427494,37.20344458177478,2024-10-24 17:22:44
1693,11,72,17,,,126.81426101322955,37.20810933800383,126.81225087608028,37.20699390762477,2024-10-24 17:22:57
1694,70,10,17,,,126.83869315450045,37.21002069173642,126.81624238956053,37.20982749784433,2024-10-24 17:23:13
1695,58,19,17,,,126.83576677385334,37.20945754487265,126.82919634568925,37.195916810850626,2024-10-24 17:23:25
1696,20,30,17,,,126.8155077238221,37.19212668072603,126.83158178226371,37.19930245438032,2024-10-24 17:24:12
1697,14,4,17,,,126.81887164139701,37.20668056802451,126.82181409139706,37.20807834371769,2024-10-24 17:24:35
1698,70,17,17,,,126.83744547778171,37.20879436423162,126.82687945522751,37.19653003045737,2024-10-24 17:25:06
1699,57,27,17,,,126.83319722036539,37.204768090746065,126.8274937995018,37.20010778667524,2024-10-24 17:25:38
1700,58,19,17,,,126.83608368959068,37.20868027271888,126.82947872952906,37.19578098362174,2024-10-24 17:25:50
1701,21,64,17,,,126.81835795349333,37.19575128208013,126.84189323408964,37.20332245951957,2024-10-24 17:26:01
1702,56,17,17,,,126.83508105056538,37.20543825313597,126.82644269353399,37.19757163154159,2024-10-24 17:26:14
1703,11,58,17,,,126.81417595696122,37.20769432076937,126.8344474981418,37.208212820528274,2024-10-24 17:27:01
1704,33,12,17,,,126.82881548484353,37.19974133218391,126.8185203727236,37.2052068608846,2024-10-24 17:27:04
1705,39,66,17,,,126.820508395071,37.20054689058692,126.83680998826905,37.20333347744777,2024-10-24 17:27:27
1706,16,42,17,,,126.82414118740576,37.193765323202356,126.83057466529776,37.19663100530552,2024-10-24 17:27:34
1707,56,17,17,,,126.83575737089102,37.206147843797055,126.82562416758972,37.197508476158845,2024-10-24 17:28:05
1708,51,19,17,,,126.82063565002115,37.211299959100735,126.82884529134729,37.19478111855255,2024-10-24 17:28:23
1709,35,30,17,,,126.81805293480093,37.20102924674389,126.83213496388076,37.199571981866875,2024-10-24 17:28:47
1710,49,64,17,,,126.82821931466283,37.213673341085176,126.84315576434912,37.20377412728688,2024-10-24 17:28:51
1711,38,39,17,,,126.8235964082489,37.200561320364066,126.82083167542969,37.19995205771964,2024-10-24 17:29:12
1712,19,10,17,,,126.82898308275325,37.194934772628244,126.81716519401004,37.20908766267438,2024-10-24 17:29:56
1713,11,70,17,,,126.8137862664085,37.20829477475777,126.83784325737558,37.20862181514201,2024-10-24 17:30:20
1714,27,38,17,,,126.82642801656914,37.19871299882067,126.82422056128513,37.20193484410624,2024-10-24 17:30:25
1715,63,56,17,,,126.835321786309,37.21218453265237,126.83439544170508,37.205724255109345,2024-10-24 17:30:27
1716,54,34,17,,,126.83196662320437,37.21108200493717,126.8218648214788,37.20254907635946,2024-10-24 17:31:05
1717,70,42,17,,,126.83845102911974,37.20917138174888,126.8309886923334,37.19570904026052,2024-10-24 17:31:26
1718,50,37,17,,,126.82194582566781,37.21111220824139,126.82122243533574,37.19754788791311,2024-10-24 17:31:39
1719,57,41,17,,,126.83243216978231,37.20507594427815,126.83459952032507,37.1968690556813,2024-10-24 17:32:18
1720,58,19,17,,,126.83545353628979,37.20848848260537,126.82914233563417,37.194041086976426,2024-10-24 17:32:26
1721,59,64,17,,,126.83316184756507,37.208351520524275,126.84298511221934,37.20406388388214,2024-10-24 17:32:30
1722,23,32,17,,,126.82021143260526,37.19084679905241,126.83177101399849,37.20256919534224,2024-10-24 17:33:21
1723,31,39,17,,,126.82961394286905,37.19767284195535,126.82122189644522,37.19948136631697,2024-10-24 17:33:41
1724,11,58,17,,,126.81448828462203,37.208204649627895,126.83571432843189,37.208734865803095,2024-10-24 17:33:46
1725,56,17,17,,,126.83522570182802,37.206578286154965,126.82602157717928,37.196535217462305,2024-10-24 17:34:10
1726,27,23,17,,,126.82654745561479,37.2000186028294,126.82179560536184,37.19119652749992,2024-10-24 17:34:18
1727,25,5,17,,,126.82069062508256,37.19363043687607,126.82685965971464,37.20603564160693,2024-10-24 17:35:23
1728,42,70,17,,,126.83138067065907,37.19669895269802,126.83831983502115,37.21016495038005,2024-10-24 17:35:33
1729,33,58,17,,,126.82974709424383,37.200947807242876,126.8349143162473,37.20925267436236,2024-10-24 17:35:41
1730,33,56,17,,,126.82865118012461,37.201148675830495,126.83393115094412,37.205985703604775,2024-10-24 17:36:29
1731,17,60,17,,,126.82685064014898,37.19728488284008,126.83347997903977,37.212932013953626,2024-10-24 17:37:43
1732,27,59,17,,,126.8265499518601,37.2003435375177,126.83292222898639,37.20753004310187,2024-10-24 17:38:51
1733,56,17,17,,,126.83459751533283,37.206196301522716,126.82690307959118,37.196055067205,2024-10-24 17:39:05
1734,47,10,17,,,126.82779664294704,37.21074367831907,126.81757275496366,37.20888198390925,2024-10-24 17:39:21
1735,56,61,17,,,126.83399244839686,37.20622133362861,126.83370400315596,37.21524712585706,2024-10-24 17:39:45
1736,42,70,17,,,126.83157293613972,37.19601321628628,126.83782557328792,37.21002315714308,2024-10-24 17:39:56
1737,69,30,17,,,126.83728070610145,37.20585304933748,126.83226098046877,37.19975126302004,2024-10-24 17:41:00
1738,15,45,17,,,126.81778347956057,37.20751894860667,126.8255439474143,37.21308640267497,2024-10-24 17:41:14
1739,59,57,17,,,126.8321443154806,37.20796569835365,126.83310638190281,37.2054402905081,2024-10-24 17:41:49
1740,21,55,17,,,126.81940418559084,37.196941164398126,126.82976832123862,37.20926027394727,2024-10-24 17:42:59
1741,54,33,17,,,126.83306479924865,37.21057045328413,126.83016731089008,37.200967595533776,2024-10-24 17:43:20
1742,51,47,17,,,126.81883713345955,37.21139443325535,126.82851038034126,37.21161713509627,2024-10-24 17:43:45
1743,13,68,17,,,126.81611603142746,37.202864010373055,126.83906802183965,37.20162832761087,2024-10-24 17:43:56
1744,11,58,17,,,126.8137649638174,37.207330342292565,126.83585941599662,37.20786465559556,2024-10-24 17:44:21
1745,17,12,17,,,126.82692794052076,37.19679493418771,126.81904242214914,37.204087223960755,2024-10-24 17:44:39
1746,5,6,17,,,126.82629938718763,37.20579084487597,126.82400282740184,37.20500736107163,2024-10-24 17:44:42
1747,41,12,17,,,126.83453569031796,37.197826125061994,126.8183820741161,37.20452662159649,2024-10-24 17:44:55
1748,29,16,17,,,126.82699071651173,37.20176740620132,126.8243888394963,37.192660795822675,2024-10-24 17:44:59
1749,55,29,17,,,126.8290112242348,37.209795548278464,126.82714228076136,37.202942461934555,2024-10-24 17:45:14
1750,70,33,17,,,126.83726301631361,37.209742764576134,126.82939085926408,37.20045640763204,2024-10-24 17:45:18
1751,26,59,17,,,126.81856056312719,37.193477250626465,126.8326226314714,37.20825608610673,2024-10-24 17:45:22
1752,43,39,17,,,126.82387661374833,37.19103518670295,126.82092932042325,37.20063146116471,2024-10-24 17:45:23
1753,30,54,17,,,126.83217113281454,37.1997635214357,126.83210639816248,37.21063829327221,2024-10-24 17:45:30
1754,33,36,17,,,126.82928379185208,37.20116313492004,126.82404189092254,37.19764080668845,2024-10-24 17:45:45
1755,33,58,17,,,126.8291983896649,37.20073038047424,126.8354026602926,37.2075541666471,2024-10-24 17:46:04
1756,32,58,17,,,126.83176153690556,37.20224597700403,126.83584462575908,37.20895056947643,2024-10-24 17:46:07
1757,71,15,17,,,126.84025834445974,37.20490022559262,126.81711737077342,37.205814698592974,2024-10-24 17:46:25
1758,72,33,17,,,126.81263556435857,37.20642293009944,126.82927083887122,37.20107882740009,2024-10-24 17:47:00
1759,7,62,17,,,126.82750053063386,37.20778006678001,126.83753233113501,37.21330934669091,2024-10-24 17:47:24
1760,42,70,17,,,126.83101609566602,37.19709215488418,126.83861229205188,37.209772226647914,2024-10-24 17:48:06
1761,54,33,17,,,126.83306683126945,37.21054632569139,126.82883693477436,37.2009564499385,2024-10-24 17:48:14
1762,41,56,17,,,126.83521686290194,37.19726831833936,126.83425164792905,37.20634384936039,2024-10-24 17:48:38
1763,69,30,17,,,126.83845226149468,37.20578215884403,126.83154202446067,37.198583930358666,2024-10-24 17:48:51
1764,47,8,17,,,126.82737346895284,37.21024220845776,126.82422273836977,37.20716229606899,2024-10-24 17:49:15
1765,69,30,17,,,126.83787845894686,37.20648701629019,126.83248732685279,37.19905472865833,2024-10-24 17:49:29
1766,59,13,17,,,126.83233625988315,37.207028827996204,126.81636351190652,37.20392121838508,2024-10-24 17:50:13
1767,54,33,17,,,126.83262733954103,37.20968705811705,126.82903710195384,37.20150871995853,2024-10-24 17:50:13
1768,56,21,17,,,126.83452493039371,37.20543885973234,126.81920945995644,37.19731692382933,2024-10-24 17:51:04
1769,58,19,17,,,126.8348699392595,37.20908875811943,126.82918394132895,37.19527153214832,2024-10-24 17:51:17
1770,11,31,17,,,126.81482818379106,37.20902197749053,126.8291280060025,37.19759881782206,2024-10-24 17:51:17
1771,31,54,17,,,126.82962329943074,37.197060734760576,126.83257376039136,37.20984550076581,2024-10-24 17:51:34
1772,56,41,17,,,126.83403084264191,37.204844537577074,126.83325025364363,37.19769955267174,2024-10-24 17:51:55
1773,42,16,17,,,126.83121497695171,37.19650283464356,126.82426539883791,37.19314440009086,2024-10-24 17:52:39
1774,20,50,17,,,126.81526870360712,37.192828073455786,126.82251452902733,37.21167442384632,2024-10-24 17:53:09
1775,10,40,17,,,126.81733718150996,37.20927959692693,126.8313439704606,37.192429643977334,2024-10-24 17:53:33
1776,62,14,17,,,126.83805250508864,37.21306898883119,126.82006466972415,37.20685972796308,2024-10-24 17:53:34
1777,28,58,17,,,126.82976440046646,37.20307621787635,126.83448333204416,37.209078624131784,2024-10-24 17:54:05
1778,50,6,17,,,126.8229032327699,37.21146451512244,126.82355914835675,37.20398992743788,2024-10-24 17:54:10
1779,69,30,17,,,126.83833813575556,37.20710728437697,126.8323077196028,37.199794488678855,2024-10-24 17:54:18
1780,5,57,17,,,126.82784077675869,37.206211406543325,126.83135418171935,37.20531889667523,2024-10-24 17:54:32
1781,71,66,17,,,126.83912410136357,37.205644159114655,126.83737455187013,37.20354822028487,2024-10-24 17:54:42
1782,69,63,17,,,126.83711244243868,37.20619045016995,126.83458021426311,37.21085638321405,2024-10-24 17:55:11
1783,72,70,17,,,126.81229763653833,37.20684229116744,126.83828404940438,37.208960755470116,2024-10-24 17:55:18
1784,58,19,17,,,126.83540063407068,37.208103021745885,126.82980538427184,37.19578169774074,2024-10-24 17:55:28
1785,72,35,17,,,126.81122485735952,37.20660741220037,126.81814144004882,37.20290634981015,2024-10-24 17:56:34
1786,11,58,17,,,126.81442701519991,37.208005348027235,126.83430113576796,37.20772731523318,2024-10-24 17:57:30
1787,2,50,17,,,126.82113424381787,37.20539320597301,126.82165386124123,37.21216340514771,2024-10-24 17:57:32
1788,10,38,17,,,126.81717834155806,37.209354801301984,126.82462344536245,37.20129769371375,2024-10-24 17:58:07
1789,26,5,17,,,126.81909404236521,37.19294064996178,126.82771324137492,37.20483553106745,2024-10-24 17:59:05
1790,45,62,17,,,126.82597162778227,37.21256492054041,126.83902725699488,37.211459597334375,2024-10-24 17:59:22
1791,44,20,17,,,126.82023308322776,37.18874091359647,126.81468151451,37.19233175802259,2024-10-24 17:59:34
1792,42,70,17,,,126.83110713674364,37.19577277285919,126.83833972096373,37.20982673344195,2024-10-24 17:59:53
1793,42,70,18,,,126.83195606728457,37.19654371330144,126.8373071856932,37.21003886520383,2024-10-24 18:00:29
1794,54,33,18,,,126.83265598066306,37.20939615005144,126.8293429105765,37.1998352704231,2024-10-24 18:00:36
1795,33,56,18,,,126.82974071869998,37.201039099562344,126.8341940699931,37.205958045162554,2024-10-24 18:00:38
1796,64,2,18,,,126.84172923462256,37.20416871374025,126.8216086432181,37.206341891781605,2024-10-24 18:00:38
1797,56,41,18,,,126.83438173957835,37.20617768919584,126.83392008232326,37.19755257591581,2024-10-24 18:00:55
1798,62,72,18,,,126.83833219608302,37.21288227512245,126.81113855303862,37.20626348215914,2024-10-24 18:00:55
1799,32,59,18,,,126.83149422114134,37.20267454012413,126.83251058789556,37.206918028064415,2024-10-24 18:01:46
1800,58,33,18,,,126.83471676606003,37.208525786184595,126.83019836537879,37.20094501355061,2024-10-24 18:03:06
1801,56,41,18,,,126.83495867207202,37.20540362459124,126.8351960490093,37.197596273001835,2024-10-24 18:03:28
1802,58,33,18,,,126.83415389585237,37.20871056521137,126.82977522673174,37.200376749171575,2024-10-24 18:03:54
1803,70,33,18,,,126.8375404502714,37.21036225315455,126.82987156713251,37.2013644411052,2024-10-24 18:04:04
1804,58,33,18,,,126.83518060499331,37.20842429583871,126.82989604372331,37.20157067132297,2024-10-24 18:04:37
1805,72,48,18,,,126.8123040031354,37.20620095747442,126.83096566874964,37.21457686344674,2024-10-24 18:05:15
1806,32,22,18,,,126.83235227711063,37.202635985688914,126.81517932532573,37.196142538411024,2024-10-24 18:05:41
1807,63,22,18,,,126.83623464600164,37.21080974316148,126.8164776382942,37.19546141411601,2024-10-24 18:05:42
1808,69,30,18,,,126.8378032673055,37.20751488826235,126.83183600611068,37.1982870643221,2024-10-24 18:05:47
1809,20,19,18,,,126.81637232940277,37.19257202866146,126.82982604598824,37.19410483931618,2024-10-24 18:05:59
1810,17,54,18,,,126.8271354110252,37.19732510186383,126.83222232050507,37.210494096366716,2024-10-24 18:06:07
1811,37,72,18,,,126.82041413309206,37.19769295707228,126.81082913436623,37.20665607555503,2024-10-24 18:06:09
1812,70,33,18,,,126.83707380469285,37.20918563612294,126.82901949089263,37.201200853691745,2024-10-24 18:06:10
1813,58,19,18,,,126.83549900249473,37.20879654968277,126.82812680529192,37.19557575604601,2024-10-24 18:06:36
1814,10,40,18,,,126.81751471007274,37.20860006370659,126.83193688642272,37.19346066525492,2024-10-24 18:06:38
1815,33,56,18,,,126.83025182034919,37.200420094827976,126.83411873516705,37.20540018399574,2024-10-24 18:06:41
1816,17,54,18,,,126.82683315573878,37.19642009819099,126.83274691055851,37.21091789547041,2024-10-24 18:06:47
1817,11,58,18,,,126.81530287962781,37.2086137689287,126.8360338757781,37.20775386552056,2024-10-24 18:06:57
1818,58,19,18,,,126.83561825434275,37.20771962541262,126.82903931203077,37.194275537451624,2024-10-24 18:07:15
1819,56,32,18,,,126.83549415562177,37.20655827648195,126.83168746687149,37.20099875187881,2024-10-24 18:07:29
1820,69,30,18,,,126.83857579064846,37.206707356430584,126.83268797780582,37.198379973683124,2024-10-24 18:07:40
1821,48,39,18,,,126.83079295968794,37.21441979089913,126.82218598641536,37.200902357879926,2024-10-24 18:07:43
1822,19,10,18,,,126.82906439433178,37.19439615710361,126.81711962064992,37.208698137452586,2024-10-24 18:08:00
1823,15,27,18,,,126.81676392115243,37.20600466803799,126.82753865346753,37.1999610269466,2024-10-24 18:08:06
1824,33,56,18,,,126.82977092820734,37.20001724560893,126.83555141620639,37.20525601839993,2024-10-24 18:08:25
1825,42,70,18,,,126.8315809068311,37.1960747050505,126.83859489426682,37.210535438150316,2024-10-24 18:09:18
1826,70,42,18,,,126.83710701368375,37.20912892387499,126.8324945230599,37.19682201756727,2024-10-24 18:09:30
1827,23,32,18,,,126.8214786907449,37.19139254050125,126.83220351454369,37.20266135057782,2024-10-24 18:09:40
1828,59,8,18,,,126.83163502968891,37.20818211388406,126.82398659300051,37.206313620687006,2024-10-24 18:10:07
1829,54,46,18,,,126.83349810664943,37.210014912599604,126.83074957663086,37.210941995856736,2024-10-24 18:10:29
1830,32,59,18,,,126.83130620858965,37.20158587766693,126.83231490182746,37.208362675580176,2024-10-24 18:11:11
1831,58,33,18,,,126.83552649192468,37.208656961926685,126.82840516382903,37.19992365133744,2024-10-24 18:11:23
1832,56,17,18,,,126.83444769305741,37.20571577406235,126.8267181787356,37.1977483787349,2024-10-24 18:12:26
1833,56,41,18,,,126.8347613356622,37.206501115956,126.83341767118775,37.197428889995116,2024-10-24 18:13:07
1834,32,56,18,,,126.83212651008279,37.202175394657566,126.83493158459663,37.205938461515515,2024-10-24 18:13:09
1835,32,53,18,,,126.83246457556713,37.20088762081382,126.83015604333735,37.207287616835295,2024-10-24 18:13:54
1836,58,33,18,,,126.8344530855801,37.20782678728283,126.82970771687259,37.200101398308426,2024-10-24 18:14:07
1837,22,61,18,,,126.8162180714187,37.19563800037272,126.83219389798089,37.214914460245474,2024-10-24 18:14:19
1838,25,49,18,,,126.82059187237932,37.194791908975894,126.82759348847749,37.21412096478527,2024-10-24 18:14:44
1839,56,41,18,,,126.83486712018335,37.205315274995854,126.83452354663793,37.19721568266423,2024-10-24 18:15:08
1840,69,30,18,,,126.83744852540784,37.20577171702023,126.83208577402438,37.19822568178886,2024-10-24 18:15:18
1841,69,30,18,,,126.83796308948986,37.20756709711566,126.83220474722792,37.19930446134518,2024-10-24 18:15:25
1842,57,11,18,,,126.83131853946892,37.20420180277217,126.81343017252613,37.20733891157476,2024-10-24 18:16:51
1843,58,33,18,,,126.83455302424039,37.20943772714049,126.82961156437831,37.19989815254061,2024-10-24 18:16:59
1844,56,17,18,,,126.83469944736018,37.20509510975874,126.82626230238598,37.19636821014683,2024-10-24 18:17:04
1845,58,33,18,,,126.83565178978229,37.20924182790807,126.82943496548116,37.20135795893676,2024-10-24 18:17:14
1846,33,56,18,,,126.83010741386401,37.20088071675296,126.8358017503194,37.20498441412615,2024-10-24 18:18:30
1847,58,33,18,,,126.83467394918019,37.2093131505169,126.82959909962601,37.201247025500976,2024-10-24 18:18:57
1848,58,33,18,,,126.8360762888792,37.20781212508042,126.83027179815191,37.20074056025379,2024-10-24 18:19:05
1849,56,41,18,,,126.83563706331937,37.206176374502604,126.83373050906862,37.19818446939967,2024-10-24 18:19:11
1850,69,30,18,,,126.83782564807748,37.20643833108852,126.83262168404423,37.198167630709456,2024-10-24 18:19:14
1851,59,55,18,,,126.83177348486213,37.20641987220509,126.82977494412985,37.208467985017315,2024-10-24 18:19:15
1852,10,17,18,,,126.8178563046854,37.20890299050584,126.82650163950994,37.19717185758291,2024-10-24 18:19:19
1853,56,41,18,,,126.83463588200026,37.204863029191834,126.83465897152556,37.1980819527731,2024-10-24 18:20:46
1854,21,65,18,,,126.8195487202441,37.1963882053629,126.83453650911332,37.19971580386989,2024-10-24 18:21:21
1855,70,17,18,,,126.83771212398462,37.20883508966451,126.82735829794011,37.19736334172022,2024-10-24 18:21:51
1856,70,33,18,,,126.83870679373395,37.20881597185336,126.82908064379934,37.20150899267113,2024-10-24 18:22:45
1857,33,56,18,,,126.82860693264325,37.20122192476647,126.83445602328189,37.20623911402552,2024-10-24 18:22:46
1858,58,33,18,,,126.83503004390944,37.20924848065798,126.83013597173661,37.20110043461346,2024-10-24 18:23:42
1859,54,17,18,,,126.83237133182283,37.20940780260414,126.8262097556235,37.19721450742317,2024-10-24 18:24:09
1860,58,19,18,,,126.83485584939638,37.20894123880755,126.82892391324584,37.195592445372284,2024-10-24 18:24:36
1861,58,19,18,,,126.83468497336227,37.20793515904199,126.82804065146514,37.19520348318981,2024-10-24 18:25:22
1862,70,42,18,,,126.83703075286115,37.20864769598893,126.83150453699645,37.19627860730365,2024-10-24 18:25:22
1863,17,54,18,,,126.82669481274424,37.1967380231962,126.83281473462331,37.21006078745116,2024-10-24 18:26:12
1864,70,33,18,,,126.83824857530497,37.20870676474145,126.82986745849308,37.20071967475528,2024-10-24 18:26:15
1865,33,56,18,,,126.82992644336947,37.20002712783282,126.83548622450122,37.20599854305925,2024-10-24 18:26:35
1866,56,32,18,,,126.83575585220957,37.205646636458034,126.83177692278346,37.20243263054899,2024-10-24 18:27:17
1867,17,56,18,,,126.82544511222318,37.197395376116084,126.83498156328766,37.20575503962056,2024-10-24 18:27:40
1868,72,70,18,,,126.81152981442268,37.20762111691518,126.83684515203834,37.20982922360343,2024-10-24 18:28:05
1869,70,42,18,,,126.83847437681463,37.20902452411568,126.8308264864826,37.19522712448721,2024-10-24 18:28:44
1870,56,31,18,,,126.83571072532872,37.20613076726682,126.82848820511845,37.19717091064079,2024-10-24 18:28:44
1871,11,58,18,,,126.8136623570892,37.20861602384775,126.8348442471769,37.20757131761928,2024-10-24 18:29:09
1872,34,8,18,,,126.82214507150552,37.203095436082364,126.82407406516349,37.20779821751098,2024-10-24 18:29:12
1873,58,19,18,,,126.83602973584077,37.207828334608216,126.8284749025087,37.19476199124249,2024-10-24 18:29:24
1874,33,70,18,,,126.82991121117492,37.20163827541548,126.83737037914791,37.20954398779005,2024-10-24 18:29:57
1875,56,17,18,,,126.83461620526228,37.20496658789416,126.8261240929386,37.19663756055099,2024-10-24 18:29:59
1876,11,32,18,,,126.81390807439072,37.20864904436857,126.83143549871575,37.20103615048615,2024-10-24 18:30:09
1877,58,33,18,,,126.8346706664742,37.20789993267717,126.82992973929944,37.20082911046338,2024-10-24 18:30:11
1878,72,56,18,,,126.81213808139834,37.20766311795103,126.83450774510004,37.20604004714403,2024-10-24 18:32:04
1879,10,10,18,,,126.81752560548293,37.21031889093968,126.81706586598168,37.20912038852908,2024-10-24 18:32:19
1880,11,58,18,,,126.81343085548296,37.207616399075434,126.83543327507886,37.20941920812179,2024-10-24 18:32:20
1881,56,32,18,,,126.83587458711357,37.206562316999715,126.83197736143816,37.200984089333865,2024-10-24 18:32:43
1882,33,56,18,,,126.82901207380063,37.19985686397891,126.83447272315541,37.20578723544268,2024-10-24 18:33:25
1883,70,33,18,,,126.83820557486841,37.20938719343862,126.82990127655835,37.20049367155581,2024-10-24 18:33:44
1884,58,33,18,,,126.83587359090919,37.20882804316058,126.82864530981752,37.20160885969956,2024-10-24 18:33:47
1885,56,32,18,,,126.83533737162534,37.20624255946391,126.83252801118886,37.20139628011882,2024-10-24 18:33:49
1886,20,38,18,,,126.81660198152132,37.19204419208695,126.82512305447315,37.20066291883831,2024-10-24 18:34:33
1887,46,17,18,,,126.82931249454535,37.21163475801997,126.82574658737524,37.19676065596463,2024-10-24 18:35:04
1888,58,32,18,,,126.83422070168153,37.208900193534355,126.83210021713367,37.20112991817694,2024-10-24 18:36:25
1889,69,30,18,,,126.83761733937406,37.2063171922629,126.8310587148823,37.19960389553812,2024-10-24 18:37:10
1890,58,19,18,,,126.8347360323031,37.208696675340235,126.82938816514552,37.194983225797365,2024-10-24 18:37:18
1891,58,33,18,,,126.83440030266956,37.207986730963576,126.82890406405433,37.20146245438322,2024-10-24 18:37:29
1892,70,33,18,,,126.83788627449283,37.20953373388755,126.8299570817735,37.20073073172918,2024-10-24 18:37:30
1893,31,58,18,,,126.82885378589629,37.19736022038078,126.83493319822041,37.20926597446919,2024-10-24 18:37:32
1894,33,56,18,,,126.83001353340964,37.20085501682133,126.83416387411437,37.20559664303043,2024-10-24 18:37:39
1895,58,33,18,,,126.83607802746738,37.20758024138378,126.82994334038708,37.20004616469799,2024-10-24 18:38:39
1896,33,56,18,,,126.8284200026283,37.201136627613984,126.83585772940167,37.206093757838495,2024-10-24 18:38:44
1897,17,54,18,,,126.8267930711508,37.19672863697374,126.8328576464368,37.209382580970065,2024-10-24 18:39:05
1898,41,56,18,,,126.83472261924082,37.19631077832339,126.8348944307745,37.20575123884265,2024-10-24 18:39:16
1899,13,23,18,,,126.81586031816877,37.20357533523148,126.82030343714231,37.192238222877094,2024-10-24 18:40:30
1900,72,42,18,,,126.81070223861042,37.20791695602849,126.830708870442,37.195845881592,2024-10-24 18:40:32
1901,56,41,18,,,126.83477738673798,37.20611778240504,126.83420765881469,37.19677488853687,2024-10-24 18:40:45
1902,69,30,18,,,126.83744474363863,37.20608644625559,126.83214936626482,37.19971716387257,2024-10-24 18:40:56
1903,60,52,18,,,126.83218319398297,37.212384907713364,126.83056905355863,37.217412402789776,2024-10-24 18:41:29
1904,70,4,18,,,126.83751550456567,37.21017465438872,126.82298807752278,37.207892896197606,2024-10-24 18:42:39
1905,58,33,18,,,126.83487129979324,37.20866897367372,126.82972519681198,37.19983227517671,2024-10-24 18:43:11
1906,56,41,18,,,126.83414965208661,37.204940371492846,126.83378352360518,37.196998521599056,2024-10-24 18:43:18
1907,37,39,18,,,126.82215565596415,37.198139446659816,126.82110990613899,37.200051934636754,2024-10-24 18:43:23
1908,17,54,18,,,126.82642511644185,37.19710722466127,126.8328178522422,37.20923952801647,2024-10-24 18:43:47
1909,50,37,18,,,126.823166209888,37.21153157170092,126.82204573448361,37.19829443248071,2024-10-24 18:43:53
1910,61,12,18,,,126.83232089768,37.21676576007027,126.81970094082892,37.20484221877444,2024-10-24 18:44:02
1911,16,72,18,,,126.82404916439239,37.19336409365643,126.81198333893589,37.208158329994184,2024-10-24 18:44:33
1912,17,54,18,,,126.82542882428133,37.1966598768036,126.83191599155063,37.209426729762214,2024-10-24 18:44:35
1913,58,33,18,,,126.83538553875144,37.20797334493975,126.82872659139575,37.200874466244116,2024-10-24 18:44:38
1914,58,19,18,,,126.83451893448394,37.209093472905565,126.82806346393873,37.19492636835951,2024-10-24 18:44:40
1915,20,66,18,,,126.8152706291459,37.191447207370956,126.83740868202489,37.20480037080014,2024-10-24 18:44:55
1916,70,11,18,,,126.8373495351482,37.209277754295854,126.81492327833129,37.20907110262646,2024-10-24 18:45:10
1917,32,60,18,,,126.83113114448804,37.201843242291446,126.83262178823242,37.213289566657075,2024-10-24 18:46:41
1918,42,70,18,,,126.83176563094987,37.19633378037242,126.83816777753597,37.21046882406625,2024-10-24 18:46:41
1919,69,15,18,,,126.83768148035307,37.206258628561464,126.81587572106011,37.20556537300579,2024-10-24 18:47:14
1920,70,42,18,,,126.83757365476559,37.209947455010955,126.83248071024217,37.19516808692027,2024-10-24 18:47:29
1921,42,70,18,,,126.83057868438149,37.195364776327935,126.83848152803867,37.20891989730662,2024-10-24 18:47:38
1922,65,21,18,,,126.83373855033652,37.199181500005,126.81936146178369,37.19686221634679,2024-10-24 18:48:17
1923,33,58,18,,,126.82967070382763,37.20122083918672,126.8350486526517,37.208295142099615,2024-10-24 18:48:17
1924,56,41,18,,,126.83427110620713,37.2056475871802,126.83441819272488,37.198181058615575,2024-10-24 18:49:51
1925,50,26,18,,,126.82216661712455,37.21176286658237,126.81921136224307,37.19437380331056,2024-10-24 18:50:22
1926,42,70,18,,,126.83239180176949,37.19643774137686,126.83870861596527,37.21053786513527,2024-10-24 18:50:26
1927,57,63,18,,,126.8317940606205,37.20420540021522,126.83557049286493,37.210834748915794,2024-10-24 18:50:50
1928,11,33,18,,,126.81462838724109,37.20764844345321,126.83002655596911,37.20039023441708,2024-10-24 18:51:05
1929,58,33,18,,,126.83525807664964,37.208477211336806,126.82952871013605,37.200446276666206,2024-10-24 18:51:14
1930,58,33,18,,,126.83502519128076,37.20824958141852,126.829182080503,37.20112540667391,2024-10-24 18:51:23
1931,56,41,18,,,126.83514395602863,37.2055008231646,126.83360952079774,37.19765445242323,2024-10-24 18:51:56
1932,45,52,18,,,126.82451444255831,37.21262866879331,126.83133782310932,37.216709857476566,2024-10-24 18:52:08
1933,58,33,18,,,126.83529960189922,37.20933668841567,126.82969050415942,37.20111098725265,2024-10-24 18:53:07
1934,20,72,18,,,126.81573763398745,37.19203382989836,126.81162275279985,37.20645571216686,2024-10-24 18:53:26
1935,70,17,18,,,126.83868492309588,37.208543886828345,126.82671732769016,37.19606692613781,2024-10-24 18:53:51
1936,58,33,18,,,126.8351407149987,37.208484245952555,126.82883194261264,37.20110694119667,2024-10-24 18:53:58
1937,19,39,18,,,126.82794447544049,37.19466342092231,126.82178971331491,37.20038906712697,2024-10-24 18:54:38
1938,62,24,18,,,126.83724269174337,37.21137896066869,126.8173496981963,37.19048052977095,2024-10-24 18:55:09
1939,2,3,18,,,126.82240331453305,37.20531977222795,126.82539248868147,37.21061241034608,2024-10-24 18:55:19
1940,70,33,18,,,126.8382249198258,37.21003609629798,126.82832000558894,37.20013616900235,2024-10-24 18:55:23
1941,17,58,18,,,126.82553348277173,37.196829815563426,126.8352110430407,37.20913294248137,2024-10-24 18:55:26
1942,70,32,18,,,126.83797441895814,37.208674156568144,126.83155617805463,37.20266567535066,2024-10-24 18:55:36
1943,66,4,18,,,126.83703330852094,37.20323423045185,126.8212673598251,37.20799407771921,2024-10-24 18:55:40
1944,19,10,18,,,126.8281143677758,37.19561496414212,126.81794153920023,37.20984423872174,2024-10-24 18:55:53
1945,56,41,18,,,126.83485651536436,37.20550123714793,126.83344193011182,37.19776138912087,2024-10-24 18:56:01
1946,53,62,18,,,126.82947392559744,37.20627343121929,126.8377003354597,37.212586444107195,2024-10-24 18:57:54
1947,4,65,18,,,126.82119874045472,37.20800343752222,126.83430496508312,37.19979614076445,2024-10-24 18:57:55
1948,10,56,18,,,126.81661832512822,37.2102074131975,126.83506304452617,37.20595218726333,2024-10-24 18:58:00
1949,70,33,18,,,126.83793548213522,37.208573838601936,126.83015608157895,37.201581014407154,2024-10-24 18:58:04
1950,58,33,18,,,126.83554958887802,37.20789932725747,126.8286564915712,37.20077008470621,2024-10-24 18:58:11
1951,2,19,18,,,126.82171547911159,37.205844638064264,126.8291846897404,37.19600360784146,2024-10-24 18:58:29
1952,48,46,18,,,126.83003318932785,37.21397960450849,126.82963681330567,37.21151526503186,2024-10-24 18:58:33
1953,59,13,18,,,126.83258696353471,37.206729998701626,126.81592399480947,37.20459440247064,2024-10-24 18:58:52
1954,56,31,18,,,126.8341300609944,37.20606135816264,126.8283575819335,37.19742008516674,2024-10-24 18:59:25
1955,42,33,18,,,126.83244767722881,37.195136782520095,126.83017915621511,37.20101984899054,2024-10-24 18:59:41
1956,69,30,19,,,126.83853333760327,37.206911725590864,126.83175165951138,37.19909724648481,2024-10-24 19:00:39
1957,11,17,19,,,126.81394415147722,37.208770176197405,126.82668239736833,37.19687302299595,2024-10-24 19:00:44
1958,44,46,19,,,126.82077638562922,37.18923573000773,126.8306258332441,37.210983811621375,2024-10-24 19:00:47
1959,70,10,19,,,126.8374210012648,37.21019502825567,126.81704583922408,37.20900574007995,2024-10-24 19:00:55
1960,33,56,19,,,126.82892820422123,37.200269671806616,126.83415822041175,37.20628102232905,2024-10-24 19:01:06
1961,58,17,19,,,126.8343233191048,37.207597562831445,126.82685212678547,37.19737466680583,2024-10-24 19:01:06
1962,28,58,19,,,126.82990568832375,37.20438661044041,126.83540445405511,37.207998350822464,2024-10-24 19:01:33
1963,12,11,19,,,126.81901163504253,37.204963012693085,126.81502996544435,37.20842984972368,2024-10-24 19:01:37
1964,11,17,19,,,126.81365143205872,37.20773619315118,126.82582943933983,37.19598256932747,2024-10-24 19:01:54
1965,59,15,19,,,126.83250941838303,37.207330258444856,126.81602332175298,37.2062268708437,2024-10-24 19:01:57
1966,54,33,19,,,126.83211141064749,37.20984855395009,126.83019396958457,37.20112127066239,2024-10-24 19:02:00
1967,11,17,19,,,126.81349598996145,37.20773780362378,126.8254953685227,37.196909885791946,2024-10-24 19:02:12
1968,64,4,19,,,126.84199409099867,37.20340393936521,126.82170652776696,37.20874931452157,2024-10-24 19:02:26
1969,27,16,19,,,126.82752661010016,37.199675221178225,126.82292440505552,37.192164720787666,2024-10-24 19:02:36
1970,19,50,19,,,126.8284394392544,37.1947617729781,126.82261874117927,37.21131858013592,2024-10-24 19:02:42
1971,63,7,19,,,126.836275392653,37.2115671199233,126.82640770785065,37.20747071570528,2024-10-24 19:03:24
1972,56,31,19,,,126.83511233353029,37.2054141010594,126.82829606165753,37.19790481036157,2024-10-24 19:04:31
1973,17,56,19,,,126.82613227597787,37.19632987488626,126.83426710221329,37.204821377776035,2024-10-24 19:04:39
1974,50,51,19,,,126.82210216880809,37.21148900377754,126.8194762651649,37.21109602089688,2024-10-24 19:05:16
1975,10,17,19,,,126.8169470493042,37.209971380010934,126.82668940111489,37.19639601956241,2024-10-24 19:05:16
1976,32,53,19,,,126.83215620449035,37.20219195208724,126.8300905633486,37.20558613277636,2024-10-24 19:05:18
1977,58,33,19,,,126.83512229096984,37.207608943407074,126.82965527128518,37.20009073380695,2024-10-24 19:05:19
1978,44,53,19,,,126.81964038899827,37.18912152942482,126.83072926585245,37.2067652366248,2024-10-24 19:05:22
1979,29,8,19,,,126.82640129661497,37.20168399335098,126.82536408873484,37.20611401182221,2024-10-24 19:05:42
1980,17,54,19,,,126.82631523516133,37.19676746476287,126.83226310478253,37.20953290977223,2024-10-24 19:05:57
1981,69,30,19,,,126.83820203977743,37.20592370020799,126.83175636852957,37.19860228347145,2024-10-24 19:06:24
1982,58,19,19,,,126.83422874794644,37.207517230965806,126.8280764605068,37.19405562081137,2024-10-24 19:07:00
1983,35,19,19,,,126.8195272683895,37.201966168262345,126.82806559326339,37.19588928657579,2024-10-24 19:07:04
1984,58,33,19,,,126.83461420439212,37.20894870658856,126.82868833290951,37.201453978973014,2024-10-24 19:07:18
1985,3,64,19,,,126.82560272549108,37.209077869308324,126.84301882259162,37.202317716572615,2024-10-24 19:07:35
1986,56,31,19,,,126.83415333691842,37.20620194839996,126.8281120233188,37.19748746392088,2024-10-24 19:09:54
1987,32,59,19,,,126.83286686456844,37.20253950694662,126.83208046324025,37.20737666893397,2024-10-24 19:10:16
1988,16,45,19,,,126.82448627383006,37.19300749491043,126.82409418890848,37.211776448047935,2024-10-24 19:10:24
1989,23,65,19,,,126.82152109351688,37.19193338949466,126.83520840790976,37.19945767219867,2024-10-24 19:10:48
1990,69,30,19,,,126.83835676959585,37.207672456988604,126.83229556633388,37.19827237899306,2024-10-24 19:12:07
1991,68,9,19,,,126.84023178853002,37.20217932473115,126.81371318065757,37.205395423568206,2024-10-24 19:12:38
1992,33,56,19,,,126.82946794623582,37.20160927187469,126.83553628840683,37.20467166132873,2024-10-24 19:13:02
1993,58,33,19,,,126.83450898641455,37.20901869672115,126.8286426660274,37.200221459733264,2024-10-24 19:13:51
1994,52,3,19,,,126.830409513978,37.21793428554992,126.82565701600639,37.20939326450818,2024-10-24 19:14:21
1995,36,72,19,,,126.82385429360149,37.19795009108781,126.81103298762608,37.20693816173622,2024-10-24 19:14:27
1996,58,33,19,,,126.83490423096683,37.20929204909027,126.8295552294829,37.20057064665207,2024-10-24 19:14:56
1997,10,7,19,,,126.81765518704394,37.20912284425702,126.82751159911822,37.20898353096384,2024-10-24 19:14:56
1998,70,18,19,,,126.83710199945078,37.20985826312493,126.82320997495195,37.195684657053434,2024-10-24 19:15:02
1999,58,33,19,,,126.83566548343448,37.20764225334795,126.8290202927724,37.201088545617175,2024-10-24 19:15:25
2000,69,30,19,,,126.83668460758074,37.206668851769564,126.83213513734997,37.197965710411815,2024-10-24 19:16:53
2001,54,33,19,,,126.83205757894386,37.21104664085234,126.8283603497276,37.19972489334992,2024-10-24 19:17:22
2002,54,33,19,,,126.83207036348969,37.2097408074584,126.82973044052565,37.19984972255001,2024-10-24 19:18:16
2003,10,59,19,,,126.81616579426591,37.20855506410387,126.83314086611374,37.20758415793147,2024-10-24 19:18:25
2004,58,33,19,,,126.83598279628367,37.20885598426293,126.82855407621668,37.200832689272744,2024-10-24 19:18:25
2005,56,41,19,,,126.83415691506636,37.20548539378513,126.83388954984638,37.19653823473685,2024-10-24 19:18:44
2006,58,19,19,,,126.83482472840552,37.20809303392575,126.82941541598844,37.194194363175086,2024-10-24 19:18:45
2007,56,32,19,,,126.83580127183018,37.20607545053961,126.83234191570219,37.202361357714366,2024-10-24 19:18:58
2008,12,17,19,,,126.81961215954233,37.20411110768029,126.82665752488896,37.19592714596074,2024-10-24 19:19:48
2009,69,30,19,,,126.83764479291011,37.20739443334279,126.83106821074821,37.19826553824362,2024-10-24 19:19:50
2010,13,60,19,,,126.81727508663086,37.20342832506385,126.83367750912501,37.21287101457059,2024-10-24 19:19:51
2011,31,54,19,,,126.82878877378838,37.197179352201246,126.83262288726036,37.21003167664969,2024-10-24 19:20:16
2012,46,37,19,,,126.83089159500251,37.211315832782056,126.82187494145944,37.19787622895274,2024-10-24 19:20:16
2013,58,33,19,,,126.83479173741773,37.20760873895259,126.82993924443012,37.20089128413036,2024-10-24 19:20:46
2014,58,33,19,,,126.83528756403403,37.20936164379398,126.82923618162006,37.19986991156407,2024-10-24 19:20:58
2015,56,17,19,,,126.83432039331419,37.204974225523884,126.826272562789,37.19721376093909,2024-10-24 19:21:16
2016,58,33,19,,,126.83563914912324,37.20918244440056,126.83024594590425,37.2014413796894,2024-10-24 19:21:47
2017,56,41,19,,,126.83400804919299,37.20503922011838,126.83332938401492,37.19718382380385,2024-10-24 19:21:51
2018,58,19,19,,,126.83558158618865,37.20918143214292,126.8280422225587,37.194487511269706,2024-10-24 19:22:02
2019,56,31,19,,,126.83504366821334,37.20507046414701,126.82855551875399,37.19749340811643,2024-10-24 19:22:27
2020,67,40,19,,,126.83509610662739,37.20310102271942,126.83033295659074,37.192875855159905,2024-10-24 19:23:43
2021,70,9,19,,,126.83733341222371,37.2105191155356,126.81383111094479,37.205414893537395,2024-10-24 19:23:56
2022,11,41,19,,,126.81524338929788,37.208760492176715,126.83386474521194,37.19719638744516,2024-10-24 19:24:20
2023,27,64,19,,,126.82758666438754,37.20016417699298,126.84193954250865,37.2026803200202,2024-10-24 19:24:40
2024,22,16,19,,,126.8157192258964,37.19442912085098,126.82425228201906,37.19277387773335,2024-10-24 19:25:30
2025,9,61,19,,,126.8133527989931,37.2063977594774,126.83335851760354,37.215248717627084,2024-10-24 19:25:46
2026,46,54,19,,,126.83052919680735,37.21246895812367,126.83354184021131,37.209743404143715,2024-10-24 19:25:48
2027,33,58,19,,,126.82963348458756,37.20023583873426,126.83540129393765,37.20881921827427,2024-10-24 19:26:02
2028,60,13,19,,,126.83274132600741,37.21347321489822,126.81636856573127,37.20329570414161,2024-10-24 19:26:06
2029,56,41,19,,,126.83395126710356,37.20511576312735,126.83480241159985,37.196231627878504,2024-10-24 19:26:08
2030,42,70,19,,,126.83089831839865,37.19707010442472,126.83785328735519,37.21034787204342,2024-10-24 19:26:39
2031,11,58,19,,,126.81527361273798,37.20870850956639,126.8343278391411,37.20886396822321,2024-10-24 19:26:40
2032,26,18,19,,,126.81775208622952,37.194064123878775,126.82335580906657,37.19534643386482,2024-10-24 19:27:05
2033,54,33,19,,,126.83217207472146,37.21103817069065,126.83000634493278,37.200061535751594,2024-10-24 19:27:18
2034,57,58,19,,,126.83229036069862,37.20363613739301,126.8348078592069,37.20851368196839,2024-10-24 19:27:29
2035,11,58,19,,,126.81433306805779,37.20905015567719,126.83568319984008,37.20846300883777,2024-10-24 19:27:48
2036,58,33,19,,,126.8354695499707,37.208732461896,126.82879532027128,37.20070931026676,2024-10-24 19:28:12
2037,38,25,19,,,126.82322134190964,37.20038506166273,126.82171862019148,37.195189362954785,2024-10-24 19:28:18
2038,41,21,19,,,126.83518278097304,37.19667961750491,126.8188655499165,37.19572819364978,2024-10-24 19:29:21
2039,42,70,19,,,126.83197093358102,37.195577332163985,126.83705547865547,37.20879218986388,2024-10-24 19:29:51
2040,19,10,19,,,126.8281470836058,37.195335412923264,126.81714764401269,37.208586194788296,2024-10-24 19:30:10
2041,36,25,19,,,126.82455677513181,37.19851105538613,126.82174049145432,37.1949437629684,2024-10-24 19:30:19
2042,56,17,19,,,126.83540288824837,37.20549039393648,126.8266514413709,37.19740142464073,2024-10-24 19:30:27
2043,32,59,19,,,126.83271375990522,37.202633152211924,126.83272548035536,37.207646363703134,2024-10-24 19:30:45
2044,29,15,19,,,126.82690304186593,37.20314309582291,126.81630556381653,37.20686224599515,2024-10-24 19:30:49
2045,8,1,19,,,126.8252755734166,37.20705890544182,126.81612001043278,37.1989155840792,2024-10-24 19:31:00
2046,69,30,19,,,126.83661972419732,37.206007382590954,126.83144315312909,37.19888013015018,2024-10-24 19:31:04
2047,33,58,19,,,126.82866806369866,37.20052255009221,126.83521860522686,37.208648438222404,2024-10-24 19:31:19
2048,24,51,19,,,126.81749017388526,37.18993078677523,126.82061376103759,37.20963608579367,2024-10-24 19:31:44
2049,58,33,19,,,126.83450891432896,37.209095677490566,126.82873159629342,37.19987485230026,2024-10-24 19:31:57
2050,37,4,19,,,126.82096197403358,37.19832470670293,126.82208350306766,37.209272553505514,2024-10-24 19:32:03
2051,58,33,19,,,126.83608577837472,37.20878119255315,126.82977600253861,37.20030960559056,2024-10-24 19:32:37
2052,54,17,19,,,126.83287187416036,37.211183306591344,126.8264491165578,37.19577966935129,2024-10-24 19:33:02
2053,51,34,19,,,126.81952215500402,37.21101027204281,126.82195950339927,37.20302728134528,2024-10-24 19:33:31
2054,58,19,19,,,126.83491973445268,37.208683295896115,126.82877535260099,37.19542774263488,2024-10-24 19:33:42
2055,33,58,19,,,126.82922626834747,37.20096360621895,126.83483750191078,37.2082794282238,2024-10-24 19:34:04
2056,5,61,19,,,126.82687023054886,37.20453671429086,126.83401691400881,37.215672230671196,2024-10-24 19:34:21
2057,59,63,19,,,126.83233032875964,37.20704525660651,126.83445571802011,37.21101399155935,2024-10-24 19:34:40
2058,54,33,19,,,126.83210450148245,37.21071539644371,126.83011141812148,37.200395564151,2024-10-24 19:34:56
2059,40,67,19,,,126.83152663419827,37.19393996667589,126.83560272111838,37.20249740417035,2024-10-24 19:35:25
2060,56,31,19,,,126.83396860960885,37.205347425964355,126.82873558359412,37.19721009411055,2024-10-24 19:36:12
2061,33,58,19,,,126.83026241369708,37.20051748125585,126.83598577718703,37.20813030782983,2024-10-24 19:37:01
2062,33,54,19,,,126.82951616009655,37.20121455165541,126.83209141458362,37.20962574906413,2024-10-24 19:37:16
2063,59,21,19,,,126.83231059483803,37.20654591112961,126.81858106198413,37.195644112935504,2024-10-24 19:37:34
2064,44,41,19,,,126.8202346185096,37.188296048092965,126.83328708078724,37.196382464129435,2024-10-24 19:37:44
2065,27,21,19,,,126.82683169756677,37.198647705242806,126.81944960053335,37.196103442490916,2024-10-24 19:38:47
2066,32,27,19,,,126.83101908878749,37.20152478065598,126.82682380001727,37.20015120348271,2024-10-24 19:38:56
2067,56,41,19,,,126.83475222998972,37.206428247333164,126.83387136691636,37.19770835768564,2024-10-24 19:39:10
2068,56,41,19,,,126.83573201599503,37.20661882882413,126.83491908605453,37.19676468691654,2024-10-24 19:39:18
2069,43,22,19,,,126.82395977158683,37.19062699673782,126.81541329767104,37.19551677651796,2024-10-24 19:39:23
2070,32,59,19,,,126.83143647131367,37.20094139683076,126.83228799978241,37.20833584157506,2024-10-24 19:39:29
2071,56,31,19,,,126.83511649389895,37.205462535823685,126.82999097743503,37.19860478982222,2024-10-24 19:40:03
2072,58,33,19,,,126.83516093410344,37.20898185966677,126.83020303609455,37.20029250091998,2024-10-24 19:40:18
2073,62,49,19,,,126.83825812812618,37.21190723501,126.82696782757533,37.21369999289713,2024-10-24 19:40:33
2074,50,46,19,,,126.82166304494466,37.21074588232137,126.82957193681023,37.21145216430094,2024-10-24 19:40:40
2075,26,31,19,,,126.81875772590686,37.19350028061031,126.82864697139567,37.19780272457596,2024-10-24 19:41:15
2076,56,17,19,,,126.83430817125681,37.20540901098882,126.8272014088018,37.19647547125334,2024-10-24 19:41:27
2077,65,11,19,,,126.83426920893791,37.20041059417523,126.81376568784752,37.20804290416657,2024-10-24 19:42:20
2078,48,26,19,,,126.83140442902126,37.213790155352385,126.81757500726805,37.19426156867042,2024-10-24 19:42:49
2079,52,27,19,,,126.82972190618639,37.21777292244646,126.8276170218955,37.200536890483,2024-10-24 19:43:05
2080,46,23,19,,,126.82992692412002,37.21219117853731,126.8216092536167,37.19127256581052,2024-10-24 19:43:18
2081,13,35,19,,,126.81710045395343,37.203754266526765,126.81828621002076,37.20186831881932,2024-10-24 19:44:28
2082,54,33,19,,,126.83316227733665,37.20978211624863,126.82933958647088,37.20065738627515,2024-10-24 19:44:30
2083,70,17,19,,,126.83862306685384,37.21025344161985,126.82563114158103,37.196961127322716,2024-10-24 19:45:19
2084,24,19,19,,,126.81806138235835,37.18989955491386,126.82966644214953,37.19531979772243,2024-10-24 19:45:40
2085,21,4,19,,,126.81831014573203,37.19560084132006,126.8230596987294,37.20937472235925,2024-10-24 19:46:27
2086,22,66,19,,,126.81684770070024,37.19434749090323,126.83795097715807,37.20302205891865,2024-10-24 19:46:35
2087,70,17,19,,,126.83809833381972,37.209578147099336,126.82622625734079,37.19606544101657,2024-10-24 19:46:48
2088,69,30,19,,,126.83722447953956,37.206200954250995,126.8311497336534,37.19806983803644,2024-10-24 19:46:57
2089,58,33,19,,,126.83465245485137,37.209194684347054,126.8285358805715,37.20123567093523,2024-10-24 19:46:59
2090,31,56,19,,,126.83002140093812,37.198418000421576,126.83573392534387,37.20551648726684,2024-10-24 19:47:01
2091,23,32,19,,,126.81982932102736,37.192435592112204,126.83158054697005,37.2024526242905,2024-10-24 19:47:46
2092,34,35,19,,,126.82255840907929,37.20329499973459,126.82001454131465,37.202687352938476,2024-10-24 19:47:55
2093,58,33,19,,,126.83444107731954,37.208366698532885,126.83014252390674,37.20067480568295,2024-10-24 19:48:22
2094,8,72,19,,,126.82547943742328,37.206405223309936,126.81082574019995,37.20671965729035,2024-10-24 19:48:25
2095,54,33,19,,,126.83245754027381,37.20975564002181,126.82984717111188,37.200833079375194,2024-10-24 19:48:58
2096,12,19,19,,,126.81867870597269,37.2042518018326,126.82814791437279,37.195397748231606,2024-10-24 19:49:02
2097,13,30,19,,,126.81749051624327,37.203029786405374,126.83223248610882,37.198963530363365,2024-10-24 19:49:03
2098,58,19,19,,,126.83487083853511,37.209263207571645,126.82984531917815,37.19584058992363,2024-10-24 19:49:25
2099,70,42,19,,,126.8376801742207,37.20993114147046,126.83072943182341,37.195528008197556,2024-10-24 19:50:35
2100,17,54,19,,,126.8264998915512,37.197510555201944,126.83323477945926,37.21113136873085,2024-10-24 19:52:18
2101,18,71,19,,,126.82469352596088,37.195610474889165,126.84058170637202,37.20594562405307,2024-10-24 19:52:41
2102,14,58,19,,,126.81894924945897,37.20796975220503,126.83534683355805,37.209452673598044,2024-10-24 19:52:51
2103,37,72,19,,,126.82082795551257,37.19687147690877,126.8111708652908,37.20793521639571,2024-10-24 19:53:23
2104,11,33,19,,,126.81342200905392,37.20822474729752,126.82893148309518,37.199852204734704,2024-10-24 19:53:56
2105,56,31,19,,,126.83439936599832,37.205014749076234,126.82883354186,37.19728065396756,2024-10-24 19:53:59
2106,32,59,19,,,126.831811999046,37.202686456971215,126.83145500134708,37.20741916099371,2024-10-24 19:54:04
2107,34,58,19,,,126.82088741376553,37.20372871578089,126.8359980729731,37.20749150758882,2024-10-24 19:55:01
2108,52,22,19,,,126.83025651520455,37.216881820018095,126.81621217021238,37.196069416095675,2024-10-24 19:55:11
2109,56,31,19,,,126.8342432278139,37.20477145179872,126.82911293489043,37.196917805660384,2024-10-24 19:55:56
2110,37,58,19,,,126.82183001700587,37.197713322543294,126.83601231308843,37.20825027171261,2024-10-24 19:56:00
2111,32,54,19,,,126.8324848984645,37.20262444283937,126.83230491900326,37.21066691306573,2024-10-24 19:56:13
2112,67,3,19,,,126.83422093383201,37.20358627963576,126.82541186650948,37.209177505387856,2024-10-24 19:56:15
2113,10,51,19,,,126.81611952043002,37.209099202461815,126.81954310852696,37.21016234540565,2024-10-24 19:56:28
2114,42,49,19,,,126.83241476458934,37.19521855514314,126.82862824188298,37.21352096086487,2024-10-24 19:56:33
2115,31,41,19,,,126.82988013444619,37.19695777020418,126.835162531865,37.19705302386725,2024-10-24 19:56:41
2116,58,33,19,,,126.83545204102471,37.209204399266234,126.8287260558462,37.201136319422034,2024-10-24 19:57:02
2117,38,13,19,,,126.82498752369543,37.20212505856954,126.81557149663952,37.20405429397636,2024-10-24 19:57:14
2118,58,19,19,,,126.83595402310974,37.20874084887332,126.82974159662986,37.195720980043724,2024-10-24 19:57:56
2119,11,70,20,,,126.81485190228771,37.20818274895229,126.83849712927592,37.20957554585924,2024-10-24 20:00:24
2120,17,54,20,,,126.8266529472909,37.197380873930264,126.83180617254834,37.209594874242086,2024-10-24 20:00:26
2121,70,33,20,,,126.8384635296157,37.20951626108833,126.82887794842252,37.20040486398192,2024-10-24 20:00:27
2122,19,22,20,,,126.82793435620373,37.19519590490505,126.81620722031565,37.19556298440752,2024-10-24 20:00:45
2123,49,20,20,,,126.82724930325539,37.21440926759573,126.81478273836713,37.19156080355444,2024-10-24 20:01:01
2124,56,32,20,,,126.83562371032303,37.20599969493208,126.83243586436402,37.201453174805486,2024-10-24 20:01:06
2125,56,17,20,,,126.83484160870957,37.20552273785177,126.82636603526613,37.1977014112273,2024-10-24 20:01:10
2126,54,33,20,,,126.83318084457218,37.211013582499376,126.82997058850901,37.200338219458175,2024-10-24 20:01:46
2127,32,59,20,,,126.83114498915857,37.20244010842739,126.83266071416682,37.207904481497,2024-10-24 20:02:33
2128,69,30,20,,,126.8384357019598,37.20587122036619,126.83259639327912,37.19983076688009,2024-10-24 20:03:05
2129,40,12,20,,,126.83211035960291,37.193391781133016,126.82012126535069,37.20495420669802,2024-10-24 20:03:52
2130,46,9,20,,,126.82939466303752,37.21140451536945,126.81392866324859,37.20446200621053,2024-10-24 20:03:57
2131,23,32,20,,,126.8201162405645,37.19114211580027,126.83212552129659,37.20205837149275,2024-10-24 20:04:17
2132,36,69,20,,,126.82326075988314,37.19924921741626,126.83766310216166,37.20629985327132,2024-10-24 20:04:38
2133,42,69,20,,,126.83174717911452,37.19701520872105,126.8367554415181,37.20694858058184,2024-10-24 20:04:49
2134,56,33,20,,,126.83456030780025,37.20511687671539,126.82995965926386,37.200408501588214,2024-10-24 20:05:17
2135,54,33,20,,,126.83338103690024,37.209312914576735,126.82835197033296,37.20043365538408,2024-10-24 20:05:46
2136,12,17,20,,,126.81990720015759,37.20389804718382,126.82607258635537,37.1970694001229,2024-10-24 20:05:46
2137,13,52,20,,,126.81669406832515,37.20435157261974,126.83138763348798,37.21794079853324,2024-10-24 20:06:38
2138,10,17,20,,,126.81785056537065,37.21012432962082,126.82575222338468,37.196963717827394,2024-10-24 20:06:41
2139,70,42,20,,,126.83865710053978,37.20997203111707,126.83232864337076,37.19535527433486,2024-10-24 20:07:28
2140,70,42,20,,,126.83842601536203,37.21047640844713,126.83099576740813,37.19660394822612,2024-10-24 20:07:57
2141,34,13,20,,,126.82081109590314,37.203051671242136,126.81560826648149,37.20378876839824,2024-10-24 20:08:03
2142,70,33,20,,,126.83779200465013,37.209115215623484,126.82865291492094,37.20011304959034,2024-10-24 20:08:05
2143,13,70,20,,,126.81691200752361,37.204188638231436,126.83692477373205,37.21001825614348,2024-10-24 20:08:17
2144,7,34,20,,,126.82721148765643,37.20789847542238,126.82229281890989,37.20399055282657,2024-10-24 20:08:23
2145,17,54,20,,,126.8266780137759,37.19663434763921,126.83330898862557,37.20956309019977,2024-10-24 20:08:24
2146,45,56,20,,,126.82491797256553,37.212441073258944,126.83478463541735,37.20491846015318,2024-10-24 20:08:32
2147,69,30,20,,,126.83770813610332,37.20652835029404,126.83101310411672,37.19935489579165,2024-10-24 20:08:42
2148,69,30,20,,,126.83765287390543,37.20675350946482,126.83161976220316,37.1987071570311,2024-10-24 20:09:02
2149,33,9,20,,,126.82946183270067,37.20164352459215,126.8136075221657,37.20484137576696,2024-10-24 20:09:05
2150,70,11,20,,,126.83826614813029,37.210006415568536,126.81496612338466,37.2084362495794,2024-10-24 20:09:11
2151,70,33,20,,,126.83792306008566,37.20873148132175,126.82865197821515,37.20068317920644,2024-10-24 20:09:37
2152,56,32,20,,,126.83522068601019,37.206385397657925,126.83230842742802,37.20121184962933,2024-10-24 20:10:01
2153,17,54,20,,,126.82564768828118,37.19697722156617,126.83208047573284,37.20938720176729,2024-10-24 20:10:26
2154,10,17,20,,,126.81743657131122,37.21024563284873,126.826871725715,37.19605492875424,2024-10-24 20:10:35
2155,56,32,20,,,126.83562987026326,37.20601180206091,126.83108313694352,37.20190628615269,2024-10-24 20:12:34
2156,69,30,20,,,126.8383470659355,37.20752346021697,126.83101662252052,37.197961953271765,2024-10-24 20:13:31
2157,10,38,20,,,126.81684280172041,37.20883830323054,126.823778840468,37.2007187587923,2024-10-24 20:13:37
2158,54,33,20,,,126.8333547391278,37.21101757291901,126.8289241517795,37.200707772760516,2024-10-24 20:13:53
2159,15,52,20,,,126.81691076787058,37.20655548525563,126.82993181073948,37.2184941696522,2024-10-24 20:13:59
2160,33,58,20,,,126.82926173911758,37.20080652300307,126.83537003719661,37.20816286670675,2024-10-24 20:14:09
2161,10,17,20,,,126.81719632034903,37.20890429693727,126.82601726244779,37.1958760268061,2024-10-24 20:14:50
2162,56,41,20,,,126.83590435564473,37.205773724062695,126.83470370282961,37.19745660402927,2024-10-24 20:15:19
2163,54,33,20,,,126.83297170459734,37.21059015837215,126.82854275064714,37.200573308835196,2024-10-24 20:16:02
2164,37,72,20,,,126.82212436476699,37.19812999414444,126.81144030646793,37.20717609609014,2024-10-24 20:16:28
2165,11,48,20,,,126.8140721335563,37.20841777815357,126.83123465816932,37.21498565319161,2024-10-24 20:16:33
2166,51,55,20,,,126.81895409723646,37.2114155667483,126.83030171510059,37.20890815378043,2024-10-24 20:16:40
2167,56,17,20,,,126.83552924870203,37.20620777186821,126.82565423227196,37.196985638593354,2024-10-24 20:17:06
2168,70,33,20,,,126.83832567080884,37.21051714044719,126.82964714060162,37.2015148145695,2024-10-24 20:17:42
2169,54,33,20,,,126.83285380567794,37.21081396186722,126.82899616214738,37.20118028729745,2024-10-24 20:17:55
2170,40,72,20,,,126.83039129230097,37.19360636189737,126.81104288966343,37.2070188134687,2024-10-24 20:17:57
2171,69,30,20,,,126.83801701829046,37.20725473439522,126.83097703556979,37.19887064930596,2024-10-24 20:17:58
2172,70,33,20,,,126.83804968819362,37.20968980494458,126.82888385529085,37.199864715934474,2024-10-24 20:18:59
2173,70,19,20,,,126.83701253040353,37.21042906549731,126.8285484235407,37.194629525822705,2024-10-24 20:19:04
2174,70,33,20,,,126.83745588980125,37.209185129444556,126.82860066649893,37.20002261448877,2024-10-24 20:19:28
2175,8,55,20,,,126.82363320671287,37.20617097475442,126.82928081163759,37.209966982539726,2024-10-24 20:19:41
2176,56,33,20,,,126.83573247502723,37.20650353632187,126.82953234966928,37.19971685343689,2024-10-24 20:19:51
2177,11,17,20,,,126.8145825489067,37.20839046349682,126.82615755133388,37.196861301593266,2024-10-24 20:20:17
2178,17,54,20,,,126.82737101197898,37.1965787549136,126.83335533003144,37.21083401640847,2024-10-24 20:20:28
2179,54,33,20,,,126.83323230523554,37.21107632846924,126.82962156111878,37.20025114969264,2024-10-24 20:20:39
2180,27,49,20,,,126.82576596295893,37.200432012609504,126.82771694777644,37.21434140696147,2024-10-24 20:20:40
2181,10,17,20,,,126.81613941009759,37.20931191193524,126.82631333581055,37.196359093700615,2024-10-24 20:20:43
2182,5,46,20,,,126.82723648283243,37.20459716204379,126.83087902455232,37.21233184622267,2024-10-24 20:21:06
2183,56,17,20,,,126.83398594212548,37.205785084557355,126.82594311414533,37.19631818000472,2024-10-24 20:23:02
2184,54,33,20,,,126.83308289177504,37.21099432524898,126.82887384106849,37.20090952642536,2024-10-24 20:23:39
2185,29,25,20,,,126.82751325851613,37.20256950401241,126.82009612463017,37.193743482641125,2024-10-24 20:23:45
2186,5,43,20,,,126.82685950161977,37.20599200652052,126.82426159755,37.18989302272141,2024-10-24 20:23:48
2187,10,17,20,,,126.81736717766698,37.208835719349466,126.82620384665165,37.19654212191291,2024-10-24 20:24:12
2188,59,41,20,,,126.83207728031697,37.206839559001544,126.8346219465928,37.19814074898167,2024-10-24 20:24:42
2189,3,12,20,,,126.82577131732764,37.210043562142104,126.81960501463048,37.205542949746274,2024-10-24 20:25:47
2190,54,33,20,,,126.8317607195248,37.2099628009936,126.82868312697119,37.20007724310573,2024-10-24 20:26:07
2191,56,33,20,,,126.83476168036864,37.20478570564144,126.82836366258071,37.20023195166649,2024-10-24 20:28:23
2192,11,25,20,,,126.81424847921609,37.209180027159874,126.82008992518243,37.19543345928138,2024-10-24 20:28:42
2193,69,30,20,,,126.83689105169155,37.20673376715651,126.832537927312,37.19891932923727,2024-10-24 20:28:44
2194,10,17,20,,,126.81767839721562,37.20904277338108,126.82568105701516,37.195869444333816,2024-10-24 20:29:22
2195,54,33,20,,,126.83299269333797,37.21025845836918,126.82984026599961,37.199728395063275,2024-10-24 20:29:25
2196,10,17,20,,,126.81617161298946,37.20950871201265,126.82635197498186,37.19620735577247,2024-10-24 20:29:29
2197,10,17,20,,,126.8166551369173,37.20969610876187,126.82677226181363,37.196925975075985,2024-10-24 20:29:45
2198,33,29,20,,,126.82876526645639,37.20102348090685,126.82672161199699,37.202884825376586,2024-10-24 20:29:52
2199,50,43,20,,,126.82146681302858,37.21086170063079,126.8235841280374,37.18975776907827,2024-10-24 20:29:56
2200,20,16,20,,,126.81648354606115,37.191532299835934,126.8234332789885,37.193799286237905,2024-10-24 20:30:20
2201,59,68,20,,,126.83320810112272,37.20784337425763,126.83953481529468,37.20189660674582,2024-10-24 20:30:22
2202,4,63,20,,,126.82290779449232,37.20965971440343,126.83617810388898,37.21062433470519,2024-10-24 20:30:40
2203,27,27,20,,,126.82720293647444,37.200015423401034,126.82715475791368,37.19914173902345,2024-10-24 20:31:22
2204,56,33,20,,,126.83449685578073,37.20652787839423,126.82905087720437,37.19972809767512,2024-10-24 20:32:07
2205,27,51,20,,,126.82599029181449,37.199796742330825,126.81970862519523,37.210836389497366,2024-10-24 20:32:12
2206,56,41,20,,,126.83494940170401,37.20596131481108,126.83362584751706,37.19682983399068,2024-10-24 20:32:14
2207,17,54,20,,,126.82641722845584,37.19581895300947,126.8335239773099,37.20997490228042,2024-10-24 20:32:20
2208,31,59,20,,,126.8285532904108,37.19749760440056,126.83328218409815,37.207921264234294,2024-10-24 20:32:31
2209,17,54,20,,,126.82674069050485,37.19634971261906,126.83265781669726,37.2111116573227,2024-10-24 20:32:47
2210,70,42,20,,,126.83854773870186,37.20906564236313,126.83201415134235,37.19710154765628,2024-10-24 20:33:40
2211,42,70,20,,,126.83185155779408,37.196130601686264,126.8374255699023,37.20940256042496,2024-10-24 20:33:54
2212,54,33,20,,,126.83221248556949,37.21086612490607,126.82891509907203,37.20084226317826,2024-10-24 20:34:03
2213,11,21,20,,,126.81475110826268,37.20912689294611,126.81843201954223,37.19627963059167,2024-10-24 20:34:23
2214,62,47,20,,,126.83776782584899,37.211508271147125,126.82698613507206,37.210815444973285,2024-10-24 20:34:31
2215,70,17,20,,,126.8386099315423,37.20870710828133,126.8261453672637,37.196956746815076,2024-10-24 20:34:46
2216,54,33,20,,,126.83230960632271,37.21097943144682,126.82852302972076,37.20074862121346,2024-10-24 20:35:57
2217,33,54,20,,,126.82869886500285,37.201283127300265,126.8329301197509,37.21035769038676,2024-10-24 20:36:04
2218,62,69,20,,,126.83886176333172,37.21184527147039,126.83792605984729,37.20707192553453,2024-10-24 20:36:42
2219,56,41,20,,,126.83560391986778,37.206109010614675,126.83333866333481,37.19725146807659,2024-10-24 20:36:47
2220,17,54,20,,,126.8266311395606,37.19629018329269,126.83298820706493,37.21007173419526,2024-10-24 20:37:19
2221,42,70,20,,,126.83080981300937,37.19607293612544,126.8370268556319,37.20998618884943,2024-10-24 20:37:38
2222,54,33,20,,,126.83241666839469,37.209615013757606,126.82859819584161,37.20129854228327,2024-10-24 20:37:44
2223,33,58,20,,,126.82991746515648,37.201372626063765,126.8353840208706,37.20833641072727,2024-10-24 20:38:08
2224,42,24,20,,,126.83195706551784,37.19692404088656,126.81720035131598,37.191243697119255,2024-10-24 20:38:29
2225,70,33,20,,,126.83786912048598,37.20957488458202,126.83017036051707,37.20068223864648,2024-10-24 20:38:30
2226,56,17,20,,,126.83558072930067,37.205964472244894,126.8262932368177,37.197464825577754,2024-10-24 20:38:48
2227,70,42,20,,,126.83770838255337,37.209392534420864,126.83145858261192,37.195367750561346,2024-10-24 20:38:59
2228,58,17,20,,,126.83462113746005,37.20804478521985,126.82694090627481,37.19625578692706,2024-10-24 20:39:16
2229,70,33,20,,,126.83873844660526,37.21034461190362,126.82991225738137,37.20074544236416,2024-10-24 20:40:51
2230,56,33,20,,,126.83412705666531,37.20511231301342,126.82854063850425,37.20067965874287,2024-10-24 20:40:59
2231,69,30,20,,,126.83716802492069,37.20624427318761,126.83093805674402,37.19855861744643,2024-10-24 20:41:20
2232,56,33,20,,,126.83457870127812,37.206219248216655,126.82961822980224,37.20048205796771,2024-10-24 20:41:26
2233,56,31,20,,,126.8358153162816,37.20574581503432,126.82860623518698,37.19773116467093,2024-10-24 20:41:39
2234,46,3,20,,,126.82994609875789,37.21289324406663,126.82471346086689,37.209153385894076,2024-10-24 20:42:01
2235,70,10,20,,,126.83848834254368,37.20943903672805,126.81696438920767,37.208916844622955,2024-10-24 20:43:03
2236,70,17,20,,,126.83745960695076,37.20944658360947,126.82685068581766,37.19612308476584,2024-10-24 20:44:19
2237,53,43,20,,,126.82926283518071,37.20545050596486,126.8232635686373,37.19014572654099,2024-10-24 20:44:49
2238,17,54,20,,,126.82642864944037,37.19625100403239,126.83207259050582,37.210592731819176,2024-10-24 20:44:52
2239,28,28,20,,,126.82879718938202,37.20353218823622,126.83044873463665,37.20312947364593,2024-10-24 20:44:58
2240,18,18,20,,,126.82349288091979,37.19523935528764,126.823649166738,37.196288702982095,2024-10-24 20:45:34
2241,33,56,20,,,126.82838075176112,37.19985819509479,126.83391920227936,37.204924044479235,2024-10-24 20:45:38
2242,15,54,20,,,126.81609622035508,37.206802293452355,126.8331101725086,37.21044995341905,2024-10-24 20:46:07
2243,56,17,20,,,126.83589051202435,37.20521775624532,126.82625328948838,37.19683916300186,2024-10-24 20:46:16
2244,10,17,20,,,126.81794352005079,37.20863871784324,126.82673426008849,37.197017230508635,2024-10-24 20:46:29
2245,56,17,20,,,126.83407980344286,37.206544853756846,126.8264912285589,37.19626950547209,2024-10-24 20:46:35
2246,56,41,20,,,126.83433846714756,37.205331024785835,126.83330099938404,37.197857408817654,2024-10-24 20:48:39
2247,56,32,20,,,126.83581213729246,37.20509882413528,126.8329497904262,37.202730446995915,2024-10-24 20:48:58
2248,56,17,20,,,126.83494655543052,37.20577952540163,126.82616820151692,37.1960947379807,2024-10-24 20:49:05
2249,22,71,20,,,126.8149110775492,37.19517884010706,126.8400566903917,37.20430528558902,2024-10-24 20:49:21
2250,56,41,20,,,126.83543395338047,37.20494306866489,126.83514615902526,37.19749437943447,2024-10-24 20:49:34
2251,33,58,20,,,126.82977084042112,37.20158127009286,126.83451335327082,37.208514963609176,2024-10-24 20:49:49
2252,31,54,20,,,126.82828330215237,37.197168644987265,126.83354035624245,37.209405915364535,2024-10-24 20:50:01
2253,53,47,20,,,126.83055771782061,37.20692374796879,126.82741251907797,37.21156465624909,2024-10-24 20:50:11
2254,43,49,20,,,126.82323805681142,37.189094623878105,126.82750391407524,37.21343700555663,2024-10-24 20:50:22
2255,56,17,20,,,126.83438518352101,37.20662814544615,126.82596701970779,37.19758506542917,2024-10-24 20:50:54
2256,55,20,20,,,126.82920496986931,37.20822675366507,126.81611202324082,37.19222325736793,2024-10-24 20:51:21
2257,46,13,20,,,126.83079704310086,37.21270484562949,126.81754505899787,37.20384378957569,2024-10-24 20:51:22
2258,32,58,20,,,126.83284397736709,37.202693144176436,126.83463404716726,37.20758250789238,2024-10-24 20:51:35
2259,41,47,20,,,126.83499234068591,37.197522627533466,126.82667125920644,37.21031837033778,2024-10-24 20:51:42
2260,41,28,20,,,126.8336442669424,37.19631473921676,126.82919756378303,37.20411484517815,2024-10-24 20:52:12
2261,11,33,20,,,126.81483762416292,37.20809897056023,126.82891905334786,37.20089619996555,2024-10-24 20:52:20
2262,33,58,20,,,126.82940743506266,37.200481837604435,126.83450368818171,37.207602584833765,2024-10-24 20:52:51
2263,43,35,20,,,126.8233420818558,37.190681160488886,126.81938769730483,37.20269394734723,2024-10-24 20:53:22
2264,62,59,20,,,126.83818191636576,37.21219308407013,126.83169821008234,37.20803134543278,2024-10-24 20:53:40
2265,56,31,20,,,126.8356468404515,37.205195207978086,126.82935089762694,37.19710473059878,2024-10-24 20:53:42
2266,32,54,20,,,126.83279881438857,37.201219739093695,126.83345683412688,37.20954147041176,2024-10-24 20:54:18
2267,56,33,20,,,126.8353402656492,37.20526913082457,126.82988120767364,37.20114986969838,2024-10-24 20:55:09
2268,19,10,20,,,126.82792213043633,37.19488449466937,126.8171385952811,37.209252426899575,2024-10-24 20:55:32
2269,70,33,20,,,126.83858350153122,37.21042963461679,126.82917534868216,37.20112775263054,2024-10-24 20:55:34
2270,35,32,20,,,126.81986836153041,37.20285459344177,126.83240577239752,37.201249268416156,2024-10-24 20:56:04
2271,69,30,20,,,126.83777721054581,37.20752042306463,126.83276331303675,37.199164187956306,2024-10-24 20:56:18
2272,54,44,20,,,126.83340337300798,37.21043653553618,126.82144694219805,37.18954316711409,2024-10-24 20:56:36
2273,32,62,20,,,126.83134736024743,37.20080542362887,126.837942251119,37.2115707056235,2024-10-24 20:57:23
2274,56,31,20,,,126.83472595148464,37.20575613611357,126.8282493150566,37.19800942628416,2024-10-24 20:57:38
2275,42,70,20,,,126.83100639413091,37.19686829275709,126.83687144083808,37.21040202236754,2024-10-24 20:58:00
2276,23,26,20,,,126.82051110329904,37.191799533284716,126.81813439288146,37.19394013981151,2024-10-24 20:58:46
2277,69,30,20,,,126.83745709427049,37.20579186661786,126.8327549117971,37.19931102189853,2024-10-24 20:59:21
2278,33,58,20,,,126.82847056098984,37.19980751809876,126.83472953343546,37.209023429316794,2024-10-24 20:59:39
2279,11,17,20,,,126.81351799584971,37.20892483800969,126.82679388622297,37.19682278303421,2024-10-24 20:59:47
2280,11,58,20,,,126.81483658159878,37.20784381969022,126.83493896372129,37.20824397324686,2024-10-24 20:59:55
2281,10,17,20,,,126.8177281982002,37.20890479341356,126.82694339020277,37.1971002922395,2024-10-24 20:59:59
2282,58,18,21,,,126.83453389254042,37.208775871805315,126.82333629284794,37.19503312945896,2024-10-24 21:00:03
2283,63,43,21,,,126.83586081813847,37.21149556325607,126.82356486467063,37.19088760615128,2024-10-24 21:00:06
2284,41,71,21,,,126.83521397477816,37.19776268511095,126.84066212128916,37.204171333069304,2024-10-24 21:00:10
2285,54,33,21,,,126.83279300719883,37.209815803539286,126.82924677793551,37.1999012120074,2024-10-24 21:00:13
2286,33,56,21,,,126.82868962223148,37.20028946388363,126.83498419269701,37.20603100963663,2024-10-24 21:00:22
2287,33,56,21,,,126.82981057090261,37.199989969092876,126.83478393222786,37.204975313240155,2024-10-24 21:00:55
2288,26,5,21,,,126.81901364726771,37.19255717414572,126.82638114428245,37.20542576043696,2024-10-24 21:01:22
2289,56,17,21,,,126.8354862030656,37.20617636443023,126.82615467856402,37.19620469194562,2024-10-24 21:01:22
2290,23,32,21,,,126.82132367875909,37.1924840859663,126.83200222441079,37.201799615486735,2024-10-24 21:02:27
2291,56,17,21,,,126.8350791756776,37.20654224954885,126.82654304205576,37.19608104869485,2024-10-24 21:02:30
2292,6,35,21,,,126.82525741864704,37.204001888111904,126.81865886926964,37.20256175320283,2024-10-24 21:02:37
2293,42,19,21,,,126.8321653526318,37.19538934300971,126.82880956727394,37.194885640233636,2024-10-24 21:03:33
2294,17,58,21,,,126.8268619931411,37.196306274708924,126.83577012863827,37.208138337715766,2024-10-24 21:03:43
2295,62,41,21,,,126.83838298521283,37.21204911798032,126.83328959286648,37.1981364066115,2024-10-24 21:04:53
2296,1,35,21,,,126.81613038590314,37.19773151505048,126.81928506275646,37.20152557446394,2024-10-24 21:05:04
2297,42,70,21,,,126.83223526629887,37.19688196437331,126.83870971306484,37.21045024954526,2024-10-24 21:05:20
2298,56,17,21,,,126.83579520436588,37.206397316070166,126.82676740063576,37.19638520488351,2024-10-24 21:05:32
2299,32,59,21,,,126.83185062982115,37.202588965504674,126.83170221253171,37.20653278648517,2024-10-24 21:05:33
2300,32,11,21,,,126.83133773719504,37.200937282791884,126.81430553417631,37.20898678874552,2024-10-24 21:05:42
2301,70,10,21,,,126.83707084245444,37.20960949969929,126.81699707770215,37.208627550974285,2024-10-24 21:05:44
2302,24,24,21,,,126.81813864649224,37.1898656028375,126.81859490482934,37.191119527157966,2024-10-24 21:05:47
2303,56,17,21,,,126.83408156501622,37.205007921235605,126.82665886932942,37.19640464281877,2024-10-24 21:06:10
2304,56,31,21,,,126.83433017368098,37.20566946420322,126.82861191309959,37.19728679547833,2024-10-24 21:06:11
2305,11,58,21,,,126.81525174915453,37.207694994373476,126.83566095270649,37.209252291397334,2024-10-24 21:06:35
2306,58,33,21,,,126.83550665234621,37.20840025599102,126.83013993946935,37.20106334236131,2024-10-24 21:06:49
2307,70,33,21,,,126.83877926617323,37.20930335528919,126.83016915447982,37.19982331259602,2024-10-24 21:06:54
2308,69,30,21,,,126.83666747924299,37.206438204244705,126.83127229826488,37.19940828938065,2024-10-24 21:07:37
2309,33,56,21,,,126.82916263782738,37.19974390675997,126.83551503696917,37.20498436346679,2024-10-24 21:07:45
2310,56,31,21,,,126.83517095703753,37.2056769789316,126.82902471501434,37.19780070527528,2024-10-24 21:07:52
2311,70,33,21,,,126.83796052344404,37.210126818888256,126.82954543632057,37.2016556196809,2024-10-24 21:07:56
2312,33,56,21,,,126.82890272069073,37.20053674166938,126.83526209602752,37.206486859728,2024-10-24 21:08:01
2313,15,25,21,,,126.81675414683316,37.207070320758405,126.82101542969765,37.19521778531773,2024-10-24 21:08:44
2314,56,41,21,,,126.83548586854867,37.20596973213146,126.83341659762532,37.19630355547553,2024-10-24 21:08:52
2315,64,13,21,,,126.84160505257216,37.20325337773332,126.81574888222958,37.203311568189704,2024-10-24 21:09:25
2316,42,12,21,,,126.83150181185775,37.195402059819415,126.81840298643569,37.20378915541437,2024-10-24 21:10:00
2317,54,33,21,,,126.83183982582509,37.210651388626715,126.8288653242879,37.20055258060608,2024-10-24 21:10:04
2318,68,34,21,,,126.83998021049533,37.20181089598262,126.82161752201712,37.20282222732629,2024-10-24 21:10:58
2319,38,44,21,,,126.82337349252529,37.20084558767533,126.82076444336911,37.18957171071741,2024-10-24 21:12:10
2320,11,25,21,,,126.81500729495471,37.2090129126173,126.82137303254554,37.19535842084433,2024-10-24 21:12:17
2321,58,32,21,,,126.83453972343266,37.20793102176748,126.83148869081492,37.20092683851083,2024-10-24 21:12:36
2322,70,33,21,,,126.83816161248028,37.20909323692075,126.83013376619705,37.20087502800072,2024-10-24 21:12:40
2323,42,70,21,,,126.83090889505705,37.19588030798659,126.83684007804258,37.210034786288865,2024-10-24 21:13:02
2324,54,33,21,,,126.83249039144933,37.2105709079057,126.82999852143499,37.20093638228543,2024-10-24 21:13:33
2325,31,16,21,,,126.8300287460477,37.19704964407604,126.82325062622313,37.193026095550785,2024-10-24 21:13:50
2326,32,46,21,,,126.83180561591534,37.20091428227708,126.83025749275453,37.212604315745175,2024-10-24 21:17:03
2327,46,40,21,,,126.82932513541718,37.21147652261418,126.83038759583734,37.19344425973146,2024-10-24 21:17:16
2328,33,58,21,,,126.83013729481715,37.20023415801702,126.83559172569674,37.208310985906444,2024-10-24 21:18:44
2329,70,19,21,,,126.8377347949535,37.20923030186154,126.82970373938358,37.195269311019345,2024-10-24 21:18:45
2330,59,15,21,,,126.83290839177975,37.208017359749576,126.81657437008555,37.2063721420754,2024-10-24 21:19:19
2331,33,56,21,,,126.82872319706003,37.20071228534554,126.83533767930815,37.20587091893472,2024-10-24 21:19:48
2332,42,25,21,,,126.8307854768497,37.19611614336574,126.82079170004509,37.19472863296863,2024-10-24 21:20:39
2333,56,33,21,,,126.83500228592129,37.20496841057927,126.82919229080011,37.20116987321853,2024-10-24 21:20:54
2334,17,70,21,,,126.8258482395385,37.196664912934786,126.83789075939536,37.21029077325016,2024-10-24 21:21:03
2335,32,56,21,,,126.83266787261417,37.202227526980444,126.83528672490955,37.20471593871288,2024-10-24 21:21:15
2336,17,56,21,,,126.82702368053344,37.196592098410335,126.83443012847464,37.205493317854284,2024-10-24 21:21:40
2337,70,33,21,,,126.83726838274198,37.208733824693475,126.82875638880444,37.20108379988406,2024-10-24 21:21:43
2338,56,31,21,,,126.83466455002208,37.205387484788254,126.82815792084145,37.1980270672021,2024-10-24 21:22:02
2339,70,33,21,,,126.8371122340936,37.209285119956306,126.8295899023437,37.20161946952972,2024-10-24 21:22:17
2340,33,58,21,,,126.82956421890576,37.199855211999406,126.83426662347247,37.208647563524146,2024-10-24 21:22:35
2341,56,31,21,,,126.83491626021186,37.20604222694579,126.82967881132987,37.19851000100413,2024-10-24 21:23:21
2342,42,70,21,,,126.83097844377842,37.19657237616182,126.83881453342488,37.20965911734416,2024-10-24 21:23:37
2343,42,70,21,,,126.83228316073426,37.19547141797247,126.83836022276556,37.210250273925055,2024-10-24 21:23:46
2344,69,30,21,,,126.83748779483936,37.206557835748015,126.83084627498158,37.19852629546461,2024-10-24 21:24:21
2345,69,30,21,,,126.83695193366991,37.20594705955857,126.83229426639429,37.19877905901751,2024-10-24 21:24:54
2346,69,30,21,,,126.83779291099155,37.205823862302594,126.83162644990367,37.198669521605595,2024-10-24 21:25:03
2347,33,70,21,,,126.82912081009565,37.20091478473641,126.83790076718562,37.209049028067206,2024-10-24 21:25:04
2348,42,70,21,,,126.83155647056941,37.19694700735554,126.83736478885929,37.20856551830381,2024-10-24 21:25:10
2349,51,34,21,,,126.82048319501864,37.209477063070466,126.82218053022369,37.20236063025648,2024-10-24 21:25:13
2350,22,66,21,,,126.81532406762113,37.19492514398037,126.83824982347394,37.20437461026727,2024-10-24 21:25:31
2351,24,18,21,,,126.81739201354516,37.1910231005911,126.82326123666432,37.1961700440635,2024-10-24 21:25:47
2352,11,17,21,,,126.8137953428258,37.20851918608489,126.82646654172112,37.196467047792474,2024-10-24 21:25:57
2353,66,25,21,,,126.8372212185215,37.204216031438264,126.82081071197325,37.19417827094668,2024-10-24 21:26:13
2354,42,70,21,,,126.8312608671211,37.19652788233832,126.8374526770479,37.21021682815038,2024-10-24 21:26:19
2355,58,57,21,,,126.83565916806367,37.20771565938943,126.8327699475593,37.20382917353953,2024-10-24 21:26:27
2356,31,54,21,,,126.8296156220361,37.198753200406664,126.8325764291306,37.21062263196115,2024-10-24 21:26:52
2357,67,33,21,,,126.83535286492254,37.20319190384698,126.82847955432072,37.20059562826908,2024-10-24 21:27:11
2358,56,41,21,,,126.83585026105231,37.2052432658886,126.8347621463091,37.19795082070512,2024-10-24 21:27:23
2359,17,54,21,,,126.82546354454081,37.19714408410396,126.83210210077162,37.20972932222489,2024-10-24 21:28:07
2360,11,58,21,,,126.81397670534461,37.20919585760273,126.83436471782892,37.20878349098179,2024-10-24 21:28:38
2361,69,2,21,,,126.83786248890051,37.206241013378985,126.82253670017427,37.20607690085565,2024-10-24 21:29:00
2362,31,35,21,,,126.83002399392956,37.19703641042866,126.8189905139104,37.202095350921866,2024-10-24 21:29:19
2363,69,30,21,,,126.83715768245234,37.20582080247693,126.83175428765283,37.19817403165982,2024-10-24 21:29:41
2364,42,70,21,,,126.83094066107044,37.195837375910614,126.83747563628864,37.20971190611487,2024-10-24 21:30:10
2365,52,9,21,,,126.82978365618408,37.21783456903991,126.81419069925221,37.20463685783118,2024-10-24 21:30:16
2366,69,10,21,,,126.83815626160329,37.2067278384522,126.81769851392531,37.20976230929328,2024-10-24 21:30:44
2367,32,59,21,,,126.83202808800097,37.20216424106556,126.83343315828243,37.20809508341757,2024-10-24 21:31:29
2368,12,17,21,,,126.8195686372984,37.20570129272898,126.82620179806591,37.19646479739248,2024-10-24 21:31:43
2369,70,33,21,,,126.83868968973086,37.20896994783124,126.82969199994389,37.20021535637147,2024-10-24 21:32:17
2370,50,36,21,,,126.82267447116203,37.21200038567234,126.82315280840702,37.19859550702021,2024-10-24 21:32:19
2371,56,33,21,,,126.835204492335,37.205312344249045,126.83014057102355,37.19986619824,2024-10-24 21:32:27
2372,68,42,21,,,126.84017123592969,37.20248047889839,126.83065990643416,37.19596030729037,2024-10-24 21:33:11
2373,33,56,21,,,126.83006270347373,37.19994551364253,126.83392724675971,37.205479213979736,2024-10-24 21:33:15
2374,11,33,21,,,126.81411033136382,37.208850625670074,126.82927619148253,37.20038003860774,2024-10-24 21:33:27
2375,10,17,21,,,126.81640732304923,37.20890346168705,126.82730728496271,37.19752136813687,2024-10-24 21:33:54
2376,56,41,21,,,126.83476051816596,37.204858629924274,126.83439077631341,37.19673467724186,2024-10-24 21:34:36
2377,5,9,21,,,126.82622562617699,37.20556017966745,126.81488707729919,37.20581778205986,2024-10-24 21:35:00
2378,33,56,21,,,126.82925849345038,37.200874818428595,126.83456908405307,37.20506415355697,2024-10-24 21:35:27
2379,33,56,21,,,126.83009336356395,37.20031055514981,126.83424062105323,37.20577054005926,2024-10-24 21:35:40
2380,70,33,21,,,126.83730623800469,37.21024801659773,126.82906274615105,37.20126369106392,2024-10-24 21:36:48
2381,31,67,21,,,126.82871144091013,37.19706818254181,126.83494422759065,37.202114766813224,2024-10-24 21:38:26
2382,31,56,21,,,126.82888491850674,37.198800666828575,126.83464837296115,37.205107150388365,2024-10-24 21:39:26
2383,69,30,21,,,126.83762404711578,37.20623938838434,126.8325194552169,37.19915996899978,2024-10-24 21:40:17
2384,56,41,21,,,126.83493313840869,37.20470002963479,126.83500899081926,37.19804066247425,2024-10-24 21:40:29
2385,32,59,21,,,126.83101036930906,37.20155957328856,126.83295772342527,37.207758572274564,2024-10-24 21:40:52
2386,18,65,21,,,126.82462179646848,37.195768527210866,126.83421846639663,37.19905380500482,2024-10-24 21:41:17
2387,63,37,21,,,126.83482776438227,37.21063075027352,126.82126365853021,37.197148164587944,2024-10-24 21:41:32
2388,11,17,21,,,126.81368214130299,37.20767422725987,126.82593176707431,37.196605958938456,2024-10-24 21:41:43
2389,72,31,21,,,126.81206593435802,37.20675166469782,126.8292660495992,37.19850423559164,2024-10-24 21:41:44
2390,56,33,21,,,126.83506066011026,37.20555581064503,126.82911294033852,37.20053571981831,2024-10-24 21:42:05
2391,7,16,21,,,126.82657518165398,37.20704749735264,126.8243837895103,37.19262611130132,2024-10-24 21:42:49
2392,72,70,21,,,126.81172478299803,37.207366463595335,126.83793404744455,37.20949073507283,2024-10-24 21:43:20
2393,33,58,21,,,126.82876633239819,37.200784095042664,126.83598883846693,37.208716298108264,2024-10-24 21:43:26
2394,42,70,21,,,126.83150835359453,37.19566529599157,126.83820973134961,37.208627364074125,2024-10-24 21:44:11
2395,20,67,21,,,126.81509035597537,37.191545466660074,126.835654834526,37.20289816961957,2024-10-24 21:44:42
2396,70,33,21,,,126.83735283975864,37.208799063184976,126.83026606862215,37.200863941766144,2024-10-24 21:44:51
2397,34,8,21,,,126.82189341613956,37.202459422978876,126.8240494198942,37.2061565461651,2024-10-24 21:45:00
2398,58,33,21,,,126.83506004744335,37.20821123776061,126.83014817284703,37.20015126687975,2024-10-24 21:45:37
2399,7,18,21,,,126.82724166312751,37.207422912782405,126.82309544905497,37.19565800693435,2024-10-24 21:45:58
2400,69,30,21,,,126.83823259322693,37.20631600418832,126.83113250119005,37.19901642576441,2024-10-24 21:46:04
2401,70,33,21,,,126.83682883529843,37.20910935431131,126.82987837452826,37.20008005554552,2024-10-24 21:46:17
2402,58,33,21,,,126.83568429650929,37.208569351064604,126.82863293298615,37.199675672429436,2024-10-24 21:46:44
2403,68,15,21,,,126.84014258328345,37.20263818574232,126.81740050060205,37.206331904294096,2024-10-24 21:46:50
2404,42,70,21,,,126.83192161902727,37.196693323266906,126.83768955994495,37.209655339468014,2024-10-24 21:47:27
2405,56,17,21,,,126.8340935538245,37.20552211594072,126.8261328458429,37.196479946447624,2024-10-24 21:47:37
2406,56,41,21,,,126.83430565399448,37.2065286119568,126.83473950051085,37.19814081078353,2024-10-24 21:47:37
2407,56,31,21,,,126.83462649800278,37.20485214522515,126.82840772227006,37.19865233375565,2024-10-24 21:47:52
2408,56,17,21,,,126.83520074567505,37.20551062608868,126.82598299745416,37.19713367575554,2024-10-24 21:47:56
2409,31,42,21,,,126.82857944934564,37.19791669344588,126.83154495363785,37.19514981822028,2024-10-24 21:47:58
2410,56,17,21,,,126.83446665649913,37.205217072405986,126.82623358499232,37.19689972015646,2024-10-24 21:48:11
2411,49,3,21,,,126.82874392160855,37.214517905655086,126.82482101217718,37.210030574801806,2024-10-24 21:49:01
2412,70,33,21,,,126.83858458392311,37.20984532016629,126.8291811439441,37.20133948949889,2024-10-24 21:49:15
2413,53,71,21,,,126.82979511836875,37.20718550024654,126.83986175980192,37.205869746854624,2024-10-24 21:49:17
2414,28,68,21,,,126.82932059324258,37.20365771200508,126.84054945219498,37.20283578785796,2024-10-24 21:50:14
2415,33,56,21,,,126.83001906572687,37.20110604337892,126.83495748661622,37.2049135977858,2024-10-24 21:50:58
2416,70,33,21,,,126.83762021237516,37.20914350124829,126.82980780743958,37.20003364356828,2024-10-24 21:51:08
2417,39,47,21,,,126.82163574373813,37.20000479809991,126.82773498581744,37.211553936374166,2024-10-24 21:52:17
2418,24,15,21,,,126.8171971831939,37.19108868873526,126.81741266104886,37.207022787980044,2024-10-24 21:52:43
2419,56,17,21,,,126.8348080759976,37.20592657111461,126.82706908032934,37.19703169305607,2024-10-24 21:52:43
2420,18,64,21,,,126.82461699493057,37.19593956560142,126.84217592508638,37.2034800863008,2024-10-24 21:53:13
2421,19,10,21,,,126.82969064624773,37.195444289798445,126.81711596549367,37.20987194644093,2024-10-24 21:53:16
2422,31,7,21,,,126.8291149325325,37.19749773910207,126.8268495317886,37.20707842007928,2024-10-24 21:53:34
2423,23,60,21,,,126.82012732614824,37.191762921933815,126.83235615974141,37.212612144549844,2024-10-24 21:54:01
2424,56,41,21,,,126.83551170895608,37.20617456551693,126.83356648448901,37.197113382317866,2024-10-24 21:54:07
2425,32,59,21,,,126.83199885670238,37.20172395849816,126.83191912624024,37.20829672816471,2024-10-24 21:54:15
2426,41,70,21,,,126.83446757471172,37.19767048633136,126.83723734662058,37.21035798878679,2024-10-24 21:55:06
2427,66,50,21,,,126.83689183487716,37.20386924568214,126.82173841008391,37.21241054781645,2024-10-24 21:56:03
2428,33,56,21,,,126.82894964943469,37.200613523702444,126.83484971658083,37.20500137085533,2024-10-24 21:56:37
2429,42,70,21,,,126.8308366518569,37.19567086668741,126.83770202683513,37.209414015783274,2024-10-24 21:56:54
2430,56,41,21,,,126.8353554746176,37.2051300967432,126.83420091551169,37.19739783912139,2024-10-24 21:56:56
2431,70,33,21,,,126.83845970448013,37.21040406192937,126.82839555533857,37.20080391942198,2024-10-24 21:56:59
2432,56,17,21,,,126.83567586686603,37.20501940987507,126.82599548413627,37.196123864416506,2024-10-24 21:57:01
2433,54,33,21,,,126.8328042670017,37.21058605886371,126.8285467967579,37.20059179360846,2024-10-24 21:57:04
2434,54,17,21,,,126.83179485523658,37.210528919416134,126.8269282055908,37.19615552011322,2024-10-24 21:57:11
2435,20,70,21,,,126.81638887486187,37.19251843386567,126.83842130398862,37.20899819823538,2024-10-24 21:57:13
2436,32,49,21,,,126.83146408528599,37.20187978313282,126.82725350615172,37.214197572934545,2024-10-24 21:57:19
2437,7,6,21,,,126.82797670238739,37.20814789674869,126.82529104773558,37.20438729445607,2024-10-24 21:57:26
2438,53,64,21,,,126.83055791041505,37.207096231263385,126.84348909728459,37.20259190545326,2024-10-24 21:57:54
2439,17,54,21,,,126.82552722596851,37.19733529603051,126.83219509893033,37.21073707180944,2024-10-24 21:58:05
2440,53,58,21,,,126.82999044505054,37.205685263054164,126.83580762652568,37.20749200351014,2024-10-24 21:58:12
2441,11,17,21,,,126.813754289402,37.2087037005205,126.82638700175008,37.1966382778044,2024-10-24 21:58:30
2442,56,17,21,,,126.83542039479514,37.205025091411784,126.82551229005509,37.196035109871815,2024-10-24 21:59:01
2443,69,30,21,,,126.83689502898181,37.20707315309957,126.83264339898166,37.198605160148006,2024-10-24 21:59:24
2444,51,43,21,,,126.81886031398919,37.21112127535394,126.82251256366351,37.19072656301052,2024-10-24 21:59:27
2445,58,19,22,,,126.83498737876346,37.207909114474646,126.82831196909163,37.194552534657454,2024-10-24 22:00:34
2446,58,33,22,,,126.834444596099,37.20771455120796,126.82983884905849,37.2010559232856,2024-10-24 22:00:37
2447,58,7,22,,,126.83472070704414,37.208261586739,126.82708132730164,37.20827893567027,2024-10-24 22:01:27
2448,25,15,22,,,126.820778783179,37.19405038577743,126.81636910596086,37.20624840566581,2024-10-24 22:01:46
2449,17,54,22,,,126.82632797862165,37.19618365478337,126.8328783863984,37.20968356843559,2024-10-24 22:02:06
2450,56,33,22,,,126.83565489147891,37.20656249581125,126.8293918921625,37.200319922886614,2024-10-24 22:02:11
2451,67,23,22,,,126.83416005859006,37.203497982478815,126.81983686015687,37.191586649232796,2024-10-24 22:02:19
2452,54,33,22,,,126.83245201445511,37.21075593038133,126.82972725069271,37.20158524627398,2024-10-24 22:03:08
2453,58,33,22,,,126.83455273066266,37.20865106357812,126.82890044253641,37.201145481293786,2024-10-24 22:04:10
2454,58,33,22,,,126.83508445820908,37.207683475781764,126.83002655423049,37.20163252043893,2024-10-24 22:04:31
2455,58,19,22,,,126.83476375196771,37.20811357669812,126.8282838036263,37.194495036467686,2024-10-24 22:04:43
2456,41,57,22,,,126.83346861311067,37.196588806936624,126.83161821916426,37.2037288934197,2024-10-24 22:04:59
2457,56,41,22,,,126.83477062316555,37.2061771498632,126.83413837750196,37.19674968510299,2024-10-24 22:04:59
2458,22,30,22,,,126.81631100319106,37.195178623796174,126.83228900598452,37.19943593371462,2024-10-24 22:05:03
2459,56,40,22,,,126.83484562329956,37.20579076977545,126.83070851776337,37.193600245894025,2024-10-24 22:05:59
2460,21,1,22,,,126.81810167939956,37.19563484032213,126.8166234212711,37.19872774080127,2024-10-24 22:07:04
2461,58,33,22,,,126.83419303972275,37.209031768165225,126.8291215819712,37.20007393665618,2024-10-24 22:07:28
2462,21,13,22,,,126.81830961021261,37.19678686127307,126.81584708172487,37.20402076635024,2024-10-24 22:07:37
2463,58,33,22,,,126.83416537038997,37.209348448288054,126.82915430128193,37.20042584113034,2024-10-24 22:07:38
2464,11,15,22,,,126.81376252201353,37.20745109296104,126.81692815939653,37.207507219008214,2024-10-24 22:08:25
2465,62,72,22,,,126.8372076098258,37.21180648729253,126.81144954421427,37.206365580454005,2024-10-24 22:09:44
2466,58,33,22,,,126.8357537188183,37.20894258794377,126.83007242820068,37.20002901224886,2024-10-24 22:10:20
2467,58,19,22,,,126.83442964707626,37.20783634935454,126.82806798210419,37.19465179208679,2024-10-24 22:10:25
2468,13,20,22,,,126.81591843478022,37.20455551346701,126.81573476060227,37.19202385186244,2024-10-24 22:10:42
2469,58,33,22,,,126.83483041228205,37.20765888509649,126.82915403913456,37.2001111822246,2024-10-24 22:10:47
2470,33,54,22,,,126.8290740181112,37.20063377971344,126.83180139361693,37.210530964127805,2024-10-24 22:11:58
2471,38,41,22,,,126.8243871236924,37.20040017802595,126.83341851871928,37.197299906588064,2024-10-24 22:12:06
2472,11,17,22,,,126.81485966053113,37.208986919893874,126.82736341244961,37.197738405660346,2024-10-24 22:12:11
2473,38,48,22,,,126.82500378194484,37.20178638694541,126.82969993122113,37.215556155642076,2024-10-24 22:12:58
2474,42,70,22,,,126.83182074896179,37.19629326823923,126.83880320857337,37.21005061539694,2024-10-24 22:13:17
2475,58,19,22,,,126.83502670424345,37.208219487732144,126.82827745365395,37.19483318515905,2024-10-24 22:14:14
2476,58,33,22,,,126.83573266189559,37.20942895880949,126.82882484245081,37.20038549982274,2024-10-24 22:14:21
2477,33,56,22,,,126.8287628933563,37.2002843994335,126.83546475842779,37.205199550390276,2024-10-24 22:15:20
2478,70,42,22,,,126.8383209415619,37.210226006884334,126.8324352678328,37.1954194953161,2024-10-24 22:15:26
2479,10,17,22,,,126.81708536253291,37.20908883101158,126.82730325763085,37.196526497928936,2024-10-24 22:16:01
2480,17,54,22,,,126.82735123002108,37.197363147355304,126.83189420301781,37.2101939043721,2024-10-24 22:16:30
2481,21,16,22,,,126.81799685116862,37.1969339790415,126.8237815359164,37.19206794459562,2024-10-24 22:16:35
2482,54,33,22,,,126.83288529811044,37.209753759719156,126.82851715320945,37.2004158207887,2024-10-24 22:17:03
2483,42,70,22,,,126.83175359215008,37.19662451365566,126.83717179695132,37.20952473957783,2024-10-24 22:17:11
2484,19,10,22,,,126.82894087201177,37.19580154283409,126.81722413094532,37.20976985204414,2024-10-24 22:17:45
2485,55,71,22,,,126.83062116944524,37.20922586534313,126.83933634876762,37.20536779678969,2024-10-24 22:17:47
2486,64,26,22,,,126.84177997092746,37.20377326559361,126.81867554788644,37.19337173248233,2024-10-24 22:18:12
2487,51,34,22,,,126.81922037557587,37.209876836330224,126.8223770159536,37.203922906711504,2024-10-24 22:18:23
2488,56,33,22,,,126.83517747739646,37.20579255023192,126.82944488698894,37.201134650480356,2024-10-24 22:19:17
2489,28,49,22,,,126.83014874274757,37.2027902029969,126.82796435729772,37.21291986214888,2024-10-24 22:20:07
2490,31,59,22,,,126.82811435470296,37.19714701236587,126.83246483068584,37.20710610118687,2024-10-24 22:20:40
2491,39,3,22,,,126.82093960481185,37.1993606352942,126.82500295208163,37.20993744941836,2024-10-24 22:20:40
2492,58,19,22,,,126.83611508672347,37.20778523242088,126.82970594564044,37.19450078645741,2024-10-24 22:20:40
2493,8,12,22,,,126.82424721312717,37.206534239684395,126.81830654071518,37.20513766441527,2024-10-24 22:20:45
2494,42,70,22,,,126.83227494363909,37.19530452910813,126.83819265105504,37.20922439274148,2024-10-24 22:20:47
2495,11,58,22,,,126.81458646257218,37.20879813266011,126.8355067672277,37.20878712375763,2024-10-24 22:21:48
2496,56,17,22,,,126.83483033708866,37.20557957209082,126.82676095705074,37.19643566443773,2024-10-24 22:21:55
2497,63,10,22,,,126.83528174754461,37.2116953511466,126.81704398582961,37.20951983165553,2024-10-24 22:22:26
2498,58,33,22,,,126.83507408411856,37.20751564838299,126.82860295500245,37.2011356845434,2024-10-24 22:22:38
2499,14,62,22,,,126.81978340942871,37.20812987506267,126.83723987803168,37.21272208716393,2024-10-24 22:22:48
2500,70,19,22,,,126.83719137199475,37.210532900709296,126.8296101313419,37.19471679474613,2024-10-24 22:23:01
2501,23,32,22,,,126.82070277926643,37.19138370618143,126.83239834911437,37.202321252618724,2024-10-24 22:23:22
2502,1,5,22,,,126.81580899818731,37.197758475574844,126.8270013442721,37.205104782842,2024-10-24 22:23:24
2503,32,58,22,,,126.83217349662088,37.20203420776136,126.83517975430752,37.20846084518181,2024-10-24 22:23:29
2504,59,41,22,,,126.83278451146558,37.20829158830661,126.8342214037451,37.19638875185894,2024-10-24 22:24:57
2505,51,42,22,,,126.81936210907705,37.20970936218513,126.83204131172829,37.195823260298454,2024-10-24 22:25:18
2506,58,33,22,,,126.83466344215907,37.20927661630748,126.82988081117526,37.200307928334574,2024-10-24 22:25:28
2507,70,33,22,,,126.83817952700078,37.20885702889313,126.83003215500656,37.200935597543904,2024-10-24 22:25:33
2508,32,59,22,,,126.83196971733766,37.20247732209824,126.83249812130653,37.206716019351326,2024-10-24 22:25:48
2509,58,32,22,,,126.83438237810277,37.20863908899027,126.83201263243252,37.20268499228394,2024-10-24 22:25:58
2510,54,33,22,,,126.83279183294842,37.209844844759296,126.82874423308614,37.20006468715512,2024-10-24 22:26:06
2511,46,67,22,,,126.83091539598524,37.212499797207926,126.8339986652481,37.20304747075309,2024-10-24 22:27:02
2512,70,33,22,,,126.83858998174834,37.210179582540306,126.8285976902274,37.20068759210248,2024-10-24 22:27:08
2513,70,42,22,,,126.83862064643853,37.209132522161646,126.83233837284621,37.19705941088494,2024-10-24 22:27:21
2514,5,38,22,,,126.82778203252391,37.20428054973486,126.82443161640234,37.20225515965847,2024-10-24 22:27:30
2515,51,50,22,,,126.81951224029707,37.20953000398086,126.82165923474295,37.21179209910278,2024-10-24 22:27:35
2516,58,33,22,,,126.83488715301104,37.207551653502236,126.82936468257776,37.20086279781789,2024-10-24 22:27:49
2517,55,27,22,,,126.83073445069314,37.20976113787614,126.82677771898096,37.1997646753693,2024-10-24 22:28:14
2518,42,70,22,,,126.83077393166066,37.196837671361585,126.83837352492743,37.210312564265365,2024-10-24 22:29:20
2519,69,30,22,,,126.837152864931,37.20595935353749,126.83262281609159,37.19946795087512,2024-10-24 22:30:01
2520,42,70,22,,,126.83206410830894,37.19533833327224,126.83683176777113,37.20890388986201,2024-10-24 22:30:02
2521,37,43,22,,,126.8207566905598,37.19755700803347,126.82375258169044,37.18957057829517,2024-10-24 22:30:29
2522,51,44,22,,,126.81982123755621,37.21003542289924,126.81960115430074,37.18950333225245,2024-10-24 22:30:42
2523,56,41,22,,,126.83529390204153,37.205698347228385,126.83410059466898,37.197836372332304,2024-10-24 22:30:59
2524,52,20,22,,,126.82969796448624,37.218093709927224,126.81508664727453,37.19285571406172,2024-10-24 22:31:11
2525,39,7,22,,,126.82224771373077,37.1994354455358,126.82788146456241,37.207133721775584,2024-10-24 22:31:41
2526,71,55,22,,,126.84049850892825,37.20463249909659,126.82913629042777,37.20871250289773,2024-10-24 22:31:56
2527,55,1,22,,,126.83048620187647,37.20838108594632,126.81666675137339,37.19772637465383,2024-10-24 22:32:12
2528,17,54,22,,,126.8272483908155,37.19764392201625,126.83225785225588,37.20983892289739,2024-10-24 22:32:14
2529,58,33,22,,,126.83593884537011,37.20839762856389,126.82962702192194,37.19992218008669,2024-10-24 22:32:30
2530,68,43,22,,,126.83951864961539,37.20214053414679,126.82390768911094,37.190315859992566,2024-10-24 22:32:49
2531,58,33,22,,,126.83484986017275,37.20893993860367,126.82914452911221,37.20165649798535,2024-10-24 22:33:23
2532,42,70,22,,,126.8320837248917,37.19572616079295,126.83818822583875,37.20948328057581,2024-10-24 22:34:15
2533,54,33,22,,,126.83221981446465,37.21007368079351,126.82863510927065,37.19981463669153,2024-10-24 22:34:20
2534,42,70,22,,,126.83111839526582,37.19608195246891,126.83734713300736,37.20983008858014,2024-10-24 22:34:37
2535,42,70,22,,,126.83087714560358,37.19605640581357,126.83768276303391,37.20867064824839,2024-10-24 22:34:47
2536,50,12,22,,,126.82268635543181,37.212462822491396,126.81980692140365,37.20536615893947,2024-10-24 22:35:15
2537,70,33,22,,,126.83838264173686,37.209065255990566,126.82836510135694,37.20051881190152,2024-10-24 22:35:26
2538,33,70,22,,,126.82979702910106,37.20146205221007,126.83688441426027,37.20926664996143,2024-10-24 22:35:46
2539,56,33,22,,,126.8358880158649,37.20476349200765,126.82944570256444,37.200412731583626,2024-10-24 22:36:04
2540,42,70,22,,,126.83110146055398,37.195613437159615,126.83743634123414,37.20966205793375,2024-10-24 22:36:19
2541,70,33,22,,,126.83727958028923,37.20926484159935,126.82937601352499,37.201560109864104,2024-10-24 22:36:23
2542,58,19,22,,,126.83582247610452,37.208662497539244,126.8289463416205,37.19559375519238,2024-10-24 22:36:24
2543,19,36,22,,,126.82874323135971,37.19546435718761,126.82306460638135,37.19915984001083,2024-10-24 22:36:27
2544,37,6,22,,,126.82133620484912,37.198116814949856,126.82498851825783,37.20329402744643,2024-10-24 22:36:30
2545,58,33,22,,,126.83584691081354,37.20833948626297,126.82831571663402,37.201284633105026,2024-10-24 22:36:38
2546,42,70,22,,,126.83174747139704,37.19629414489554,126.83683793815219,37.20913945121917,2024-10-24 22:37:01
2547,70,33,22,,,126.83727298331095,37.20879198563736,126.82853654731012,37.20058064974141,2024-10-24 22:37:05
2548,11,58,22,,,126.81482847309276,37.2080741656889,126.83533157654526,37.20829501459327,2024-10-24 22:37:33
2549,70,33,22,,,126.83707133170645,37.20996492000861,126.82921940302522,37.20036103135355,2024-10-24 22:37:34
2550,70,33,22,,,126.83698466768682,37.21050815269757,126.82932372082065,37.20139971784755,2024-10-24 22:37:46
2551,56,33,22,,,126.83497225458254,37.20620409571388,126.83000687206084,37.201262964818056,2024-10-24 22:38:06
2552,7,1,22,,,126.82646761630495,37.20900145057556,126.81617544905656,37.19857330541111,2024-10-24 22:38:19
2553,55,67,22,,,126.82947700279739,37.208288526795826,126.83520997425394,37.20297269062991,2024-10-24 22:38:21
2554,24,21,22,,,126.8172011164521,37.190263146633214,126.81862023978721,37.1956229148081,2024-10-24 22:38:47
2555,17,54,22,,,126.82677434556703,37.1970206304904,126.83171732745542,37.211097166655435,2024-10-24 22:38:51
2556,17,54,22,,,126.82729659748493,37.197233936231,126.832171769933,37.20984351511456,2024-10-24 22:38:57
2557,69,28,22,,,126.83857965210713,37.20653502899084,126.82906395472091,37.20338770761086,2024-10-24 22:39:24
2558,58,33,22,,,126.83437648697445,37.20890769128253,126.82855499002761,37.201178995578104,2024-10-24 22:39:28
2559,65,43,22,,,126.8351615869797,37.20048439027195,126.82387325290613,37.190554306035054,2024-10-24 22:39:33
2560,17,54,22,,,126.82735411422959,37.19707584872425,126.83294472217464,37.21001406210189,2024-10-24 22:39:36
2561,70,33,22,,,126.83794449920615,37.210099404684975,126.82840826381958,37.20072690594529,2024-10-24 22:41:01
2562,17,54,22,,,126.826713851536,37.19753666520256,126.8333987649694,37.21029758921274,2024-10-24 22:41:03
2563,17,54,22,,,126.82714979036415,37.19744539114287,126.8321616153325,37.2110112317451,2024-10-24 22:41:14
2564,43,52,22,,,126.82361748460359,37.18947901800254,126.8300428133716,37.217207143584545,2024-10-24 22:41:36
2565,70,42,22,,,126.83722312544572,37.20938756078767,126.83248917661294,37.19521321751975,2024-10-24 22:41:37
2566,63,1,22,,,126.83480989602559,37.21048488662847,126.81643500427614,37.19744653713121,2024-10-24 22:41:59
2567,58,33,22,,,126.83444804485771,37.208288407342735,126.83018685655091,37.2000106228422,2024-10-24 22:42:09
2568,17,54,22,,,126.82662503157371,37.19621802546741,126.83183290005485,37.21020019700369,2024-10-24 22:42:14
2569,8,21,22,,,126.82486506722913,37.2071204673758,126.81840746718994,37.19647265771663,2024-10-24 22:42:39
2570,36,65,22,,,126.82360406400373,37.19770201238654,126.83456665910143,37.199145965072816,2024-10-24 22:42:45
2571,65,51,22,,,126.83385588244482,37.19910760648166,126.8189805736797,37.209783734070015,2024-10-24 22:43:08
2572,11,58,22,,,126.8139614614456,37.208780639580105,126.83491742620211,37.20852990869953,2024-10-24 22:43:13
2573,33,58,22,,,126.82999422764912,37.201478386919355,126.83569925434576,37.2091501464715,2024-10-24 22:43:35
2574,54,42,22,,,126.83274767984861,37.20987885835425,126.83111935451555,37.19599164190143,2024-10-24 22:43:39
2575,56,32,22,,,126.83470134567024,37.205464477193665,126.83109528793565,37.20171921978365,2024-10-24 22:43:50
2576,58,33,22,,,126.83422381845331,37.20925331699312,126.82866899014873,37.20136061248105,2024-10-24 22:44:11
2577,58,19,22,,,126.83519780801923,37.20899421227937,126.82826685222281,37.19534205415834,2024-10-24 22:46:02
2578,70,33,22,,,126.83685217167604,37.208983243481946,126.82902214637204,37.20113260751132,2024-10-24 22:46:27
2579,38,21,22,,,126.82488389349287,37.20219237931656,126.81901144185207,37.19579955270412,2024-10-24 22:47:05
2580,56,19,22,,,126.83511596349094,37.20516097093595,126.82814672899063,37.19590019125268,2024-10-24 22:48:03
2581,72,48,22,,,126.81126507785117,37.20728751683116,126.83066106787622,37.215589978012105,2024-10-24 22:48:21
2582,26,37,22,,,126.81862093338961,37.19284429546884,126.82114047137345,37.197374173396156,2024-10-24 22:48:52
2583,54,33,22,,,126.83333699189544,37.209705333155235,126.82916927007042,37.199713140860496,2024-10-24 22:48:55
2584,20,33,22,,,126.81592796558365,37.19330181604476,126.82988912043673,37.20054587447832,2024-10-24 22:48:55
2585,17,58,22,,,126.82541938607402,37.19769458829421,126.83548682422055,37.20752329973875,2024-10-24 22:49:17
2586,54,33,22,,,126.8331144163832,37.21015283989066,126.83025653972165,37.200605526382475,2024-10-24 22:49:20
2587,56,41,22,,,126.83456958859367,37.20494732992417,126.83438624786451,37.196559302923106,2024-10-24 22:50:26
2588,5,10,22,,,126.8271419299009,37.205213966005324,126.81679029962027,37.20867828916053,2024-10-24 22:50:41
2589,9,67,22,,,126.8150492464183,37.204488723598026,126.83466591368587,37.202940103268546,2024-10-24 22:52:13
2590,56,17,22,,,126.83548053112766,37.204778927106624,126.82603354192098,37.19719244562151,2024-10-24 22:52:33
2591,70,33,22,,,126.83814522933974,37.20963733087166,126.8289990234242,37.201001808234366,2024-10-24 22:52:42
2592,58,19,22,,,126.83440770380021,37.20816934413231,126.82874547099891,37.195832588021034,2024-10-24 22:52:43
2593,33,56,22,,,126.82870815778823,37.19990496570391,126.83504754569094,37.20564049978335,2024-10-24 22:53:52
2594,58,33,22,,,126.83507580238609,37.208238027024166,126.82886370563617,37.20156840115283,2024-10-24 22:55:18
2595,20,17,22,,,126.81631406070628,37.19224382971551,126.82613236598156,37.19730716327343,2024-10-24 22:55:24
2596,58,19,22,,,126.83484237009132,37.20860753143195,126.82960067536436,37.19579545223775,2024-10-24 22:56:04
2597,42,70,22,,,126.83210846744402,37.19548070449784,126.8372451660964,37.210065234595014,2024-10-24 22:56:09
2598,61,16,22,,,126.83251300427567,37.216528926083164,126.82275707999821,37.192312315446316,2024-10-24 22:56:44
2599,58,19,22,,,126.83418392724464,37.2093546819939,126.82957456534353,37.19576989433275,2024-10-24 22:56:56
2600,58,33,22,,,126.83459179714326,37.208762658277415,126.82961513866466,37.20106821073268,2024-10-24 22:57:52
2601,17,54,22,,,126.82632115724124,37.197596053771136,126.83215051907423,37.21063959470942,2024-10-24 22:58:02
2602,56,17,22,,,126.83545413568379,37.20536537851838,126.8258352450794,37.1972641866384,2024-10-24 22:58:15
2603,58,33,22,,,126.8348538643561,37.20765878664958,126.82844488458005,37.200285746314144,2024-10-24 22:58:32
2604,12,8,22,,,126.81976106794885,37.204596593611676,126.82546563761127,37.20652316044865,2024-10-24 22:58:38
2605,31,20,22,,,126.82936374593045,37.19761873898715,126.81509275327748,37.19150304565191,2024-10-24 22:58:39
2606,19,10,22,,,126.82880660756857,37.19507436378781,126.81757626257684,37.209108893519996,2024-10-24 22:59:11
2607,32,54,22,,,126.83181091503441,37.20273873976418,126.83201270867704,37.210430394476575,2024-10-24 22:59:24
