idx,o,d,hour,o_h3,d_h3,o_x,o_y,d_x,d_y,time
0,23,50,7,,,126.82079064655157,37.191991011210995,126.82210533570667,37.21072424912582,2024-10-24 07:00:02
1,37,51,7,,,126.82225765554884,37.1973401747564,126.81884118618989,37.21141158202592,2024-10-24 07:00:38
2,17,58,7,,,126.82563472293225,37.19713020706211,126.83563483506843,37.20922823150239,2024-10-24 07:00:47
3,59,33,7,,,126.83189084036555,37.2065638842984,126.82892668543768,37.20104935717495,2024-10-24 07:01:10
4,10,17,7,,,126.8164754988996,37.20852565281946,126.82652810957215,37.196973677699695,2024-10-24 07:02:02
5,56,41,7,,,126.83430745107285,37.20654214275838,126.8335405650185,37.19623671531342,2024-10-24 07:02:07
6,33,70,7,,,126.8291527232081,37.200904545885024,126.83786429863021,37.20970687387732,2024-10-24 07:02:42
7,70,11,7,,,126.83792545113273,37.21048811916094,126.813578470238,37.20865196810249,2024-10-24 07:03:06
8,54,33,7,,,126.832622161113,37.209683159582,126.82845992983579,37.20136525825361,2024-10-24 07:03:09
9,33,56,7,,,126.82939866378017,37.20082414344599,126.83402306025393,37.20613887041371,2024-10-24 07:03:59
10,11,32,7,,,126.81378170780339,37.207348782083976,126.83115880972352,37.20132528064898,2024-10-24 07:04:44
11,50,50,7,,,126.82322091588473,37.21239826264712,126.82270614912483,37.211746824495066,2024-10-24 07:04:46
12,32,11,7,,,126.83155618029761,37.20177481696139,126.81440437911488,37.208227962314965,2024-10-24 07:04:50
13,72,56,7,,,126.81222712428217,37.206295278153085,126.83555721031075,37.20583300736759,2024-10-24 07:04:52
14,23,50,7,,,126.82078541606215,37.19096442894621,126.82290057850281,37.210638938712115,2024-10-24 07:05:22
15,70,33,7,,,126.8371663602958,37.2088536434855,126.82831962482263,37.19981591260216,2024-10-24 07:05:32
16,10,56,7,,,126.81669808855777,37.2090562211007,126.83399563059396,37.20517196102739,2024-10-24 07:06:36
17,33,56,7,,,126.83031283831424,37.199766959523416,126.83584672222268,37.20631497446311,2024-10-24 07:06:41
18,32,59,7,,,126.83245565294656,37.20086773006993,126.83166618562909,37.20797896261901,2024-10-24 07:06:43
19,10,17,7,,,126.81779453624823,37.20969166131458,126.82624946308565,37.195943517906855,2024-10-24 07:06:59
20,19,10,7,,,126.8284630787015,37.19577586589683,126.81722811753569,37.209616161329464,2024-10-24 07:07:15
21,42,70,7,,,126.83231709664362,37.19526588087561,126.83790991377755,37.21034738644186,2024-10-24 07:07:38
22,58,19,7,,,126.83446061108958,37.20901423837448,126.82902355858361,37.19465690659635,2024-10-24 07:07:49
23,72,33,7,,,126.81193713659651,37.20726512683148,126.82996753569672,37.20148260575479,2024-10-24 07:07:50
24,40,72,7,,,126.83181157621779,37.1940793233094,126.81120537969262,37.206486897893605,2024-10-24 07:07:52
25,69,30,7,,,126.83722535042955,37.207166283943096,126.83267679995019,37.19941669089583,2024-10-24 07:08:14
26,51,34,7,,,126.81929530928412,37.21085889765624,126.82152492370277,37.20267281607982,2024-10-24 07:08:30
27,58,17,7,,,126.83436185836146,37.20840577672402,126.82633568741315,37.19766515428603,2024-10-24 07:08:37
28,56,31,7,,,126.83467480029299,37.204944580608974,126.82851812702438,37.19715589617177,2024-10-24 07:09:26
29,17,54,7,,,126.82558743827063,37.19678869282895,126.83189118668525,37.20928770724469,2024-10-24 07:09:26
30,23,32,7,,,126.82013653320702,37.19154094974726,126.83284409393092,37.20265350421708,2024-10-24 07:10:26
31,11,58,7,,,126.81374492531363,37.2079974952509,126.83600638864466,37.20799261024622,2024-10-24 07:11:06
32,56,33,7,,,126.83574781294945,37.20632393061907,126.82938252063649,37.2016272268194,2024-10-24 07:11:16
33,50,37,7,,,126.82204374510819,37.21197364261869,126.82186521694501,37.198285235483254,2024-10-24 07:12:14
34,32,59,7,,,126.83189645286535,37.201126922538656,126.83200473785394,37.20722154087696,2024-10-24 07:13:04
35,58,19,7,,,126.83551430830111,37.207610647557814,126.82806999172949,37.19528931354835,2024-10-24 07:13:32
36,50,37,7,,,126.82271324099356,37.2118646470518,126.82138051370542,37.19713096098039,2024-10-24 07:14:20
37,41,56,7,,,126.83364299495157,37.19763117965306,126.83443669751138,37.20591139521072,2024-10-24 07:14:22
38,37,51,7,,,126.82052565980787,37.19743537309925,126.81883224737581,37.21011740680014,2024-10-24 07:14:33
39,70,33,7,,,126.83757948925144,37.210090916378135,126.82890897964245,37.20148279161961,2024-10-24 07:15:24
40,70,10,7,,,126.83742326837671,37.20926129143704,126.81626334303252,37.20975429931116,2024-10-24 07:15:31
41,11,33,7,,,126.81408616370216,37.208990100650176,126.8299824942307,37.2005726034691,2024-10-24 07:15:53
42,33,58,7,,,126.83019746563188,37.200473333967,126.83529091758426,37.2085980054224,2024-10-24 07:16:03
43,58,33,7,,,126.83527277875861,37.20895960716578,126.8289870666172,37.201002159805256,2024-10-24 07:16:38
44,37,51,7,,,126.82057624033185,37.19716265788863,126.82010174459786,37.21108687903949,2024-10-24 07:16:40
45,70,32,7,,,126.83834762008979,37.20877643242316,126.83258070742937,37.201959140024265,2024-10-24 07:16:56
46,33,54,7,,,126.82846504315417,37.2014147547725,126.8333838222095,37.210809518983304,2024-10-24 07:17:03
47,50,50,7,,,126.82225148920321,37.210589286742604,126.8229923959117,37.21154035437231,2024-10-24 07:17:23
48,58,19,7,,,126.83446865775598,37.20899245079884,126.82936204042251,37.19524932374493,2024-10-24 07:17:29
49,35,32,7,,,126.81945619847377,37.20138187680302,126.83179079746326,37.201223876627004,2024-10-24 07:17:48
50,42,70,7,,,126.83143455488074,37.195438557108005,126.83794054692869,37.20995086419226,2024-10-24 07:17:52
51,17,54,7,,,126.82626248710086,37.1972636678649,126.83239588131198,37.210360540343736,2024-10-24 07:17:56
52,50,50,7,,,126.82257251668227,37.210577028069885,126.82295223052871,37.211191887898536,2024-10-24 07:18:07
53,10,40,7,,,126.81792460325724,37.20864922133936,126.83051223453658,37.19297308698562,2024-10-24 07:18:58
54,50,38,7,,,126.82239818552335,37.21120280593334,126.82485617060206,37.20167874867799,2024-10-24 07:19:03
55,70,42,7,,,126.83772679585196,37.209945504414925,126.83239870594599,37.1964901629956,2024-10-24 07:19:18
56,54,17,7,,,126.83293777013608,37.21022437851367,126.82704246637535,37.19644001675242,2024-10-24 07:19:22
57,72,70,7,,,126.81157926309025,37.20705430897141,126.83762375023747,37.209147711679826,2024-10-24 07:19:42
58,58,19,7,,,126.83594913177134,37.20861024805895,126.82974913031568,37.194785442676,2024-10-24 07:21:17
59,56,17,7,,,126.83569158155974,37.20654299850983,126.82684416736883,37.19699494488712,2024-10-24 07:21:39
60,58,33,7,,,126.83579454150703,37.20916208092216,126.83007753574543,37.19983910866048,2024-10-24 07:22:00
61,56,41,7,,,126.83566800968012,37.2053179203891,126.83513820856665,37.196752468510056,2024-10-24 07:22:18
62,50,38,7,,,126.821610057676,37.21237898795582,126.82352598390787,37.20226051366331,2024-10-24 07:22:36
63,31,58,7,,,126.82919806431501,37.19689235415863,126.83414746114721,37.20863553483095,2024-10-24 07:23:04
64,58,33,7,,,126.83532538948512,37.2080179715782,126.82942585543326,37.20142599755487,2024-10-24 07:23:14
65,56,41,7,,,126.83404596644903,37.20509136362439,126.83331631660201,37.198110526484335,2024-10-24 07:23:53
66,50,37,7,,,126.82297161878208,37.21229847665266,126.82205859594019,37.19814500887516,2024-10-24 07:24:53
67,31,54,7,,,126.82912537295223,37.19772648580644,126.83212128309862,37.20943548288558,2024-10-24 07:25:29
68,51,37,7,,,126.82050027583915,37.210774025020754,126.82086264641627,37.19765463354306,2024-10-24 07:25:52
69,50,38,7,,,126.82309656067497,37.21224484724099,126.82480202148672,37.20076457987636,2024-10-24 07:26:06
70,56,33,7,,,126.83581559038505,37.20634981519409,126.82980930471538,37.20050382542962,2024-10-24 07:26:37
71,56,33,7,,,126.8352347292218,37.205826704844206,126.82917149891674,37.19983367778869,2024-10-24 07:26:53
72,54,33,7,,,126.83298400444679,37.209681443373,126.82981620233066,37.19967687250064,2024-10-24 07:27:16
73,33,56,7,,,126.82864354762022,37.201470668595384,126.8346895732233,37.20464723004965,2024-10-24 07:27:22
74,51,37,7,,,126.81980348970302,37.2108138059586,126.82159060553556,37.19680728389714,2024-10-24 07:27:28
75,32,58,7,,,126.8324573774686,37.20168055405785,126.83610140989198,37.20880538369671,2024-10-24 07:28:03
76,54,33,7,,,126.83282323022337,37.21096574831194,126.82908223031221,37.20110247469536,2024-10-24 07:28:17
77,56,32,7,,,126.83499395198912,37.20545811803228,126.8314128945487,37.201578053189984,2024-10-24 07:28:19
78,56,32,7,,,126.83544832125274,37.20542187291828,126.83103828968315,37.202638628788954,2024-10-24 07:28:40
79,56,41,7,,,126.83407254217364,37.205147462356514,126.83431463842277,37.19623472185288,2024-10-24 07:28:46
80,58,33,7,,,126.83540424968145,37.20938022973655,126.82972889066484,37.20132319748637,2024-10-24 07:29:35
81,58,33,7,,,126.83517657296312,37.207810928524296,126.82954609808553,37.200966697692394,2024-10-24 07:29:43
82,50,50,7,,,126.82240222029164,37.21171293138179,126.8225325502593,37.21127090454186,2024-10-24 07:29:47
83,70,33,7,,,126.83775855815716,37.20991827157031,126.82889048315661,37.199731062575125,2024-10-24 07:30:45
84,56,17,7,,,126.83483801618311,37.20490959750406,126.82652347002703,37.19683190401331,2024-10-24 07:31:09
85,11,17,7,,,126.81527214278005,37.20832958949957,126.82650970070883,37.19652670899602,2024-10-24 07:31:21
86,50,38,7,,,126.82302044693424,37.211199830524066,126.82361469536993,37.202062358513,2024-10-24 07:31:25
87,11,70,7,,,126.81530495795336,37.20801604420018,126.83793263268669,37.20981952881844,2024-10-24 07:31:33
88,51,37,7,,,126.82061432875506,37.21100685992842,126.82157844815713,37.19789552660304,2024-10-24 07:32:18
89,70,18,7,,,126.83694942006937,37.208767703580186,126.82387528165498,37.19567248571111,2024-10-24 07:32:36
90,70,17,7,,,126.83718746053992,37.20942046689501,126.82728774663981,37.19587239367596,2024-10-24 07:32:40
91,56,33,7,,,126.83458098879551,37.20470096893284,126.8291229067157,37.20102406663442,2024-10-24 07:33:09
92,41,70,7,,,126.83505211841936,37.19669819778292,126.83808730209375,37.20864112708606,2024-10-24 07:33:21
93,58,33,7,,,126.83449675918357,37.20916056027475,126.82990993809108,37.20009002256472,2024-10-24 07:33:44
94,56,17,7,,,126.83572243916903,37.205496400806666,126.82572393526137,37.19666146746575,2024-10-24 07:34:27
95,58,33,7,,,126.83415838376958,37.208753741110236,126.8292946767874,37.200505900346045,2024-10-24 07:34:32
96,33,58,7,,,126.82868592329937,37.19982600579485,126.83548350457646,37.20864872481503,2024-10-24 07:34:40
97,58,42,7,,,126.83430430539316,37.20935477975768,126.83152803955072,37.196555542483665,2024-10-24 07:35:16
98,23,50,7,,,126.82065971101592,37.19253798812424,126.82245796634986,37.21092411008606,2024-10-24 07:36:01
99,58,33,7,,,126.83506282701251,37.20900793750287,126.82949922261555,37.2013172520612,2024-10-24 07:36:44
100,56,33,7,,,126.83570435240291,37.20624265563483,126.82886014400094,37.200642241819466,2024-10-24 07:37:16
101,51,37,7,,,126.81930241464622,37.21108683946882,126.8218322643221,37.19684396908092,2024-10-24 07:37:24
102,69,30,7,,,126.83799996442592,37.20638529787484,126.8312778521818,37.198472761622504,2024-10-24 07:37:34
103,37,72,7,,,126.82158752409707,37.19702236121556,126.81091044937848,37.20805386208191,2024-10-24 07:37:51
104,58,32,7,,,126.83482748699986,37.20902392529485,126.83174036752212,37.20160326074824,2024-10-24 07:38:38
105,59,41,7,,,126.83255459347463,37.20711581849861,126.83522906325484,37.19688347006707,2024-10-24 07:39:42
106,33,56,7,,,126.83015304763909,37.20061935989858,126.83402248886757,37.20570517156349,2024-10-24 07:39:52
107,70,33,7,,,126.83742949368778,37.21051959181967,126.8295335352019,37.200907837506506,2024-10-24 07:40:10
108,17,56,7,,,126.82646384813647,37.19776188300208,126.83563028911259,37.20658507604818,2024-10-24 07:40:40
109,51,37,7,,,126.81962464112819,37.210728800377616,126.82068814946912,37.197307923309765,2024-10-24 07:41:24
110,37,51,7,,,126.82187494655366,37.19839131033166,126.82003039115511,37.21047727051541,2024-10-24 07:41:45
111,17,54,7,,,126.82676658187327,37.196089604245046,126.83244142304791,37.210386292555306,2024-10-24 07:42:50
112,10,17,7,,,126.81749327811234,37.20856092447607,126.82568469530332,37.19625942394921,2024-10-24 07:43:39
113,17,54,7,,,126.82593537977927,37.19668734394677,126.83279462469288,37.20968672950923,2024-10-24 07:43:53
114,11,58,7,,,126.81459586782847,37.20739993833582,126.83462270131955,37.208526934356186,2024-10-24 07:44:14
115,50,38,7,,,126.8220358980747,37.21088677325183,126.82510262648361,37.202048418325326,2024-10-24 07:45:03
116,37,51,7,,,126.82117519581227,37.19771460528883,126.82056613332257,37.21127742579362,2024-10-24 07:45:51
117,12,17,7,,,126.81978403873423,37.20443722714331,126.8270492246343,37.195881516136694,2024-10-24 07:46:44
118,70,19,7,,,126.83711712836809,37.208646747447325,126.82847386014228,37.19516050795132,2024-10-24 07:46:51
119,50,50,7,,,126.82286327432799,37.21193937367347,126.82210781711586,37.21184177068404,2024-10-24 07:46:53
120,69,30,7,,,126.8370270238213,37.20609401496532,126.83222421483158,37.19889932594298,2024-10-24 07:47:06
121,56,17,7,,,126.8340091664784,37.20567883479384,126.82710229214098,37.196268036800916,2024-10-24 07:47:30
122,31,59,7,,,126.8285481048378,37.198112491553154,126.83316691836511,37.2081886176233,2024-10-24 07:48:19
123,56,31,7,,,126.83445215992228,37.20521437559467,126.8291705257152,37.19748970477546,2024-10-24 07:48:42
124,10,17,7,,,126.81710006007403,37.20963803121529,126.82658415081403,37.19621052148568,2024-10-24 07:48:52
125,19,10,7,,,126.8283929672201,37.19578653463791,126.81636748087388,37.209339434565834,2024-10-24 07:49:17
126,32,54,7,,,126.83214131195633,37.20261753320294,126.83324112727314,37.21013881654647,2024-10-24 07:49:22
127,26,37,7,,,126.81877904217545,37.1939074258421,126.82160412058641,37.19722158831115,2024-10-24 07:49:49
128,70,33,7,,,126.83834420740786,37.208737996448285,126.828843565628,37.20091681292518,2024-10-24 07:50:31
129,54,33,7,,,126.83229272735315,37.209663211690895,126.82860898130191,37.201278908653514,2024-10-24 07:51:16
130,33,56,7,,,126.82864689559862,37.20136317433319,126.83433622430651,37.20561420154385,2024-10-24 07:51:26
131,59,15,7,,,126.83239983378617,37.206858425469534,126.81668301846408,37.20694664200873,2024-10-24 07:51:45
132,69,30,7,,,126.83716025194809,37.20677298901867,126.83116327998557,37.19813198098473,2024-10-24 07:51:53
133,56,33,7,,,126.83486268917324,37.20579429998657,126.82891149868216,37.20155126617923,2024-10-24 07:52:15
134,56,31,7,,,126.83487792374225,37.20619826896362,126.8289699664567,37.197328777366245,2024-10-24 07:52:16
135,23,50,7,,,126.82113293678101,37.19104464306511,126.82170962809025,37.212394211034585,2024-10-24 07:52:16
136,17,70,7,,,126.82562872379347,37.197051563838755,126.8377261806118,37.20940905980007,2024-10-24 07:52:28
137,54,33,7,,,126.83322872923809,37.210964404904864,126.82992249308977,37.200103465137985,2024-10-24 07:52:34
138,58,19,7,,,126.83550159754758,37.2080618199731,126.8294586435518,37.195645884684446,2024-10-24 07:52:44
139,33,56,7,,,126.82975108992801,37.200777319511175,126.83450214535911,37.2049525129435,2024-10-24 07:53:28
140,33,56,7,,,126.82888477183532,37.20123604157795,126.83536974034295,37.206036102300146,2024-10-24 07:53:31
141,70,42,7,,,126.83799831237755,37.21012202478883,126.83094652228453,37.19672320451602,2024-10-24 07:53:46
142,12,19,7,,,126.81878289333099,37.20441956777059,126.82975200854727,37.19445679444432,2024-10-24 07:54:57
143,32,56,7,,,126.83118787736267,37.20156062464475,126.8346173248413,37.20596088479198,2024-10-24 07:55:07
144,10,38,7,,,126.81752779184708,37.21007686298132,126.82401407707182,37.20063903107402,2024-10-24 07:55:15
145,11,17,7,,,126.81509681474796,37.208514412915655,126.82579019662678,37.196492910293934,2024-10-24 07:56:37
146,42,70,7,,,126.8305579752352,37.19566875360341,126.83809295995374,37.210081767744775,2024-10-24 07:56:37
147,23,50,7,,,126.8202923397562,37.19240667165167,126.82251408805968,37.21098225686007,2024-10-24 07:56:46
148,42,70,7,,,126.83165593405052,37.19585382512448,126.83690239091548,37.2093991027245,2024-10-24 07:56:58
149,56,19,7,,,126.83442711280505,37.2055922681666,126.82914151199215,37.19452930823217,2024-10-24 07:58:48
150,50,37,7,,,126.82187570865453,37.21197062875283,126.82166330304342,37.19674199939712,2024-10-24 07:58:59
151,50,37,7,,,126.82297914823211,37.21082551720938,126.82108533548784,37.1967777084518,2024-10-24 07:59:01
152,56,40,7,,,126.83400929897509,37.20556631618105,126.83075006341825,37.19305810562377,2024-10-24 07:59:10
153,70,17,7,,,126.83702390849272,37.21004511365032,126.82597429810055,37.19579417104835,2024-10-24 07:59:17
154,50,37,7,,,126.8226206971926,37.21131326845484,126.82212050869852,37.19673271038782,2024-10-24 07:59:42
155,17,12,7,,,126.82583087253438,37.19720546878304,126.82001677788682,37.20478712419346,2024-10-24 07:59:49
156,17,12,8,,,126.82600273114582,37.19633531820816,126.8202452162455,37.20496253711931,2024-10-24 08:00:10
157,56,40,8,,,126.83406445493188,37.20556242779366,126.83118531142243,37.19292601915675,2024-10-24 08:01:16
158,54,17,8,,,126.83262985224655,37.209315125308834,126.8267778144384,37.19657287475062,2024-10-24 08:02:07
159,35,32,8,,,126.81900906411015,37.20158208757289,126.83277374438674,37.20094088871902,2024-10-24 08:02:32
160,32,59,8,,,126.83248957007794,37.20256773862921,126.8332535174015,37.208043455396634,2024-10-24 08:03:20
161,42,70,8,,,126.83103802165135,37.19668898233637,126.83794788915095,37.20879137706935,2024-10-24 08:03:27
162,56,33,8,,,126.83541760146638,37.20495407909976,126.82847743643248,37.199765307849226,2024-10-24 08:03:35
163,11,17,8,,,126.81404946997039,37.20763229839945,126.82665643693056,37.19728252654971,2024-10-24 08:03:42
164,58,19,8,,,126.83470723353444,37.2081961298011,126.82982092618367,37.195324161696306,2024-10-24 08:03:53
165,42,70,8,,,126.83093050098134,37.19591167244095,126.83851479957607,37.208783848736914,2024-10-24 08:04:08
166,58,33,8,,,126.83524900589408,37.20811803611236,126.82881826494736,37.20043891127381,2024-10-24 08:04:29
167,42,70,8,,,126.83165929943394,37.19677502882989,126.83844483916138,37.2097122954659,2024-10-24 08:04:41
168,11,17,8,,,126.81397245882464,37.207886167631,126.82621396956027,37.197710009695214,2024-10-24 08:06:00
169,58,32,8,,,126.83514721510392,37.20868867137896,126.83210785851236,37.20167192803963,2024-10-24 08:06:09
170,23,50,8,,,126.82122121679417,37.19231386142806,126.82171210374575,37.21070152815582,2024-10-24 08:06:43
171,40,72,8,,,126.83155804727792,37.19396728406198,126.81120134742987,37.20805410820548,2024-10-24 08:06:45
172,41,70,8,,,126.83397047024391,37.19815781071543,126.83810838681865,37.21034292172359,2024-10-24 08:06:46
173,58,33,8,,,126.83580783382574,37.20908058822477,126.82848293164147,37.20163055402655,2024-10-24 08:07:03
174,50,37,8,,,126.82143093447188,37.21182262896037,126.8218407159956,37.19645332436562,2024-10-24 08:07:30
175,17,56,8,,,126.8265859803049,37.19677422254186,126.83565711045622,37.206382319919676,2024-10-24 08:08:37
176,72,70,8,,,126.81173389464011,37.20626467345065,126.83716891145325,37.21016654702985,2024-10-24 08:09:06
177,37,51,8,,,126.82100276969811,37.197200895373456,126.82008763273096,37.21131815066703,2024-10-24 08:09:15
178,33,56,8,,,126.83012108078556,37.20092227907173,126.83452659547602,37.20593560051073,2024-10-24 08:09:20
179,54,33,8,,,126.83222192042368,37.209324838960484,126.82941098624552,37.20093193631296,2024-10-24 08:10:07
180,58,19,8,,,126.8350709216363,37.20833818023481,126.8294588484769,37.1952975989972,2024-10-24 08:10:18
181,69,30,8,,,126.83668163939745,37.20716608127606,126.83221421617698,37.19865952759682,2024-10-24 08:11:18
182,56,33,8,,,126.83497389440386,37.20490129069647,126.82943172051277,37.200126004296514,2024-10-24 08:11:59
183,31,58,8,,,126.82824815797149,37.19719025293675,126.83537250020632,37.209200333799416,2024-10-24 08:12:17
184,58,33,8,,,126.83508433752513,37.208101708127884,126.82843802077763,37.19996750501775,2024-10-24 08:12:51
185,32,58,8,,,126.832705896687,37.202745251852775,126.83489580806456,37.20767196113697,2024-10-24 08:13:35
186,56,19,8,,,126.83460895769656,37.20633746898922,126.82809595974567,37.19514735970936,2024-10-24 08:15:18
187,42,70,8,,,126.83084599221691,37.19577251226232,126.8368244043021,37.21034059137,2024-10-24 08:15:54
188,58,19,8,,,126.83464501591325,37.20766426365768,126.8281719286966,37.19438182680204,2024-10-24 08:16:07
189,70,33,8,,,126.83691423209238,37.20914183168791,126.8299020715947,37.20050543395187,2024-10-24 08:16:13
190,50,38,8,,,126.82141093633932,37.21167821951928,126.82342236536294,37.20085044745792,2024-10-24 08:16:14
191,69,30,8,,,126.83821150228373,37.20634265107357,126.83244527161484,37.19886895997862,2024-10-24 08:16:19
192,31,59,8,,,126.82925653553147,37.197845620143354,126.83272345682661,37.20684215448588,2024-10-24 08:16:26
193,10,17,8,,,126.81699776755151,37.20933920669397,126.82548534101464,37.1959305239454,2024-10-24 08:18:35
194,56,31,8,,,126.83552317245042,37.20579111930161,126.83003931447442,37.19854059596127,2024-10-24 08:19:01
195,70,17,8,,,126.83713935786763,37.20870727954948,126.82643232492214,37.196668278682345,2024-10-24 08:19:27
196,10,56,8,,,126.81681108162245,37.209663429413716,126.83398212396875,37.20616391883706,2024-10-24 08:19:40
197,32,56,8,,,126.8318478436466,37.202024382126496,126.8355993375584,37.20514311574176,2024-10-24 08:20:25
198,26,37,8,,,126.81744512616717,37.194334538702,126.82084748221907,37.198015890641486,2024-10-24 08:20:26
199,56,31,8,,,126.8346107765496,37.20648599433501,126.82837672425084,37.19721309675504,2024-10-24 08:21:05
200,56,32,8,,,126.83546240094805,37.20608611122844,126.83116913984964,37.201881691835005,2024-10-24 08:21:16
201,56,17,8,,,126.8350645667449,37.205346211664335,126.82671909205226,37.196195117852945,2024-10-24 08:21:19
202,17,54,8,,,126.82681607520833,37.19725905054473,126.83244404592953,37.21081629229897,2024-10-24 08:21:43
203,10,40,8,,,126.81772564330161,37.209678529358776,126.83171409019779,37.192959505222554,2024-10-24 08:21:55
204,56,41,8,,,126.83580395832678,37.204986665654104,126.83461502040909,37.19711614908257,2024-10-24 08:22:10
205,54,33,8,,,126.83286667213495,37.20995528329148,126.8293253755264,37.20025557835626,2024-10-24 08:22:11
206,33,56,8,,,126.8286655535183,37.20116074459424,126.83498754522608,37.204907238888445,2024-10-24 08:22:18
207,19,10,8,,,126.82866115576637,37.19528134755819,126.81666730829079,37.20849889298089,2024-10-24 08:23:06
208,70,19,8,,,126.83764852701078,37.21040047315299,126.82861411209396,37.19482773668809,2024-10-24 08:23:51
209,32,59,8,,,126.83298460985694,37.201896128582135,126.83340353653377,37.20696823910505,2024-10-24 08:24:30
210,56,41,8,,,126.83559769842775,37.20481917905555,126.83441354290353,37.19668258822843,2024-10-24 08:24:42
211,33,56,8,,,126.83014124732638,37.200727487611765,126.83442266987724,37.20630386453208,2024-10-24 08:24:58
212,70,10,8,,,126.83795957198588,37.20989614294887,126.81754905421677,37.20921945714675,2024-10-24 08:25:06
213,70,17,8,,,126.83702391266264,37.209648610789586,126.82710795154244,37.197461424795065,2024-10-24 08:25:20
214,72,33,8,,,126.81067435161192,37.2066833025962,126.82900387836375,37.20124282289692,2024-10-24 08:25:29
215,31,54,8,,,126.82857861613454,37.19771165921433,126.83303548916726,37.21001757799179,2024-10-24 08:25:35
216,58,33,8,,,126.83479003257776,37.20874564112885,126.82971993512173,37.199921370392566,2024-10-24 08:25:42
217,69,30,8,,,126.83695594647588,37.20603222080309,126.83202452578931,37.199316620050276,2024-10-24 08:25:43
218,70,32,8,,,126.83756855854598,37.21052858000122,126.83286087757918,37.200802879812834,2024-10-24 08:26:21
219,56,41,8,,,126.8347441176278,37.20606191721609,126.83327751344497,37.19642630202411,2024-10-24 08:27:36
220,54,33,8,,,126.83257888623037,37.209871337731514,126.82850444505597,37.200497762164886,2024-10-24 08:28:14
221,50,50,8,,,126.82287070472236,37.211552684728375,126.82293540825093,37.211453005606025,2024-10-24 08:28:44
222,54,33,8,,,126.83218166801753,37.20981852163612,126.82968791544836,37.2015729678996,2024-10-24 08:29:08
223,54,33,8,,,126.83307544726165,37.2093918314172,126.82961610670718,37.201371368338954,2024-10-24 08:29:22
224,10,17,8,,,126.81721760439471,37.20980733018631,126.82586346827772,37.19582137002637,2024-10-24 08:29:29
225,17,58,8,,,126.82722650280166,37.19596906363708,126.83442139030117,37.20748934979795,2024-10-24 08:30:03
226,33,56,8,,,126.82904399584348,37.199732511926854,126.83572798533275,37.20490574290579,2024-10-24 08:30:05
227,56,33,8,,,126.8348800531179,37.20596679667857,126.82886060706615,37.20054987123776,2024-10-24 08:30:14
228,69,30,8,,,126.83809903687177,37.2069449061247,126.83124305071807,37.19949852948742,2024-10-24 08:30:19
229,33,58,8,,,126.82981229658449,37.2004029541816,126.83489513046779,37.207982977418624,2024-10-24 08:31:02
230,42,70,8,,,126.83097509548787,37.195298740003096,126.83876091982327,37.209818515135794,2024-10-24 08:31:02
231,70,33,8,,,126.83849210864035,37.20866514360076,126.82938638094605,37.200665441308836,2024-10-24 08:31:12
232,32,11,8,,,126.83101802063258,37.20125715813809,126.81512833009928,37.208866399470615,2024-10-24 08:31:22
233,33,70,8,,,126.82891865372648,37.20148455814122,126.83709828722415,37.20935612101033,2024-10-24 08:31:41
234,56,17,8,,,126.83557227348507,37.20477718590922,126.8255987483114,37.195956100445,2024-10-24 08:32:22
235,11,70,8,,,126.81381337306424,37.20921762258187,126.83758590522564,37.2096420594525,2024-10-24 08:32:56
236,17,54,8,,,126.82629871423237,37.197500161431,126.83233676833598,37.210162157264946,2024-10-24 08:33:25
237,54,33,8,,,126.83255901308328,37.210618277123636,126.82895849701691,37.201464316394606,2024-10-24 08:33:28
238,11,58,8,,,126.8139096343726,37.209122439436534,126.83496406015512,37.208869477861974,2024-10-24 08:34:01
239,70,42,8,,,126.83759964066427,37.209647833203576,126.83182222543995,37.196055663311775,2024-10-24 08:34:39
240,59,15,8,,,126.83217284290257,37.20710143378998,126.81621505468732,37.20588348304154,2024-10-24 08:34:42
241,51,34,8,,,126.8195986755875,37.210606721165945,126.82193835155809,37.20249734626824,2024-10-24 08:35:02
242,11,17,8,,,126.81332821338698,37.2089069877232,126.82632957213625,37.19750837521024,2024-10-24 08:35:07
243,10,17,8,,,126.81784232268868,37.2096412813186,126.82657627869683,37.19613261853605,2024-10-24 08:35:25
244,58,33,8,,,126.83486087538861,37.20867826541477,126.82908910649647,37.201501656442595,2024-10-24 08:35:41
245,70,42,8,,,126.83695409184496,37.21048883828064,126.83156553925018,37.1961675120461,2024-10-24 08:35:44
246,56,41,8,,,126.83564977854051,37.20480021346791,126.83367894444471,37.197687564931705,2024-10-24 08:35:46
247,69,30,8,,,126.83726778328547,37.20579921026516,126.83103714291225,37.19946354397745,2024-10-24 08:35:56
248,37,72,8,,,126.82174528469666,37.19726185721799,126.81147163620457,37.20648504787888,2024-10-24 08:36:52
249,70,33,8,,,126.83803649339737,37.21041998119742,126.8298666186427,37.20051229238226,2024-10-24 08:37:27
250,33,56,8,,,126.82989563731459,37.20039733296317,126.83498187432465,37.20467075660315,2024-10-24 08:38:02
251,33,58,8,,,126.82953443776914,37.200321795427996,126.835403887314,37.208753959363406,2024-10-24 08:38:19
252,56,17,8,,,126.83415319227883,37.205302211255784,126.82673630048629,37.19647683640087,2024-10-24 08:38:20
253,58,33,8,,,126.83596657237936,37.20878587881414,126.82962638281349,37.200286246339466,2024-10-24 08:39:46
254,58,19,8,,,126.83514775323982,37.20757099884255,126.82877001684601,37.194655644458365,2024-10-24 08:40:22
255,56,33,8,,,126.83524299482559,37.20561618479968,126.8291048001696,37.19975661758957,2024-10-24 08:40:29
256,56,33,8,,,126.83431757595683,37.20475248320999,126.82984897243203,37.20155643103882,2024-10-24 08:40:54
257,12,17,8,,,126.82000606408934,37.20480514345766,126.82595811425192,37.19749769411045,2024-10-24 08:40:55
258,70,42,8,,,126.83796006063119,37.20924516137799,126.83188731366286,37.19549002097906,2024-10-24 08:41:58
259,70,33,8,,,126.83697718474168,37.208550031695346,126.82998419957599,37.200177630721235,2024-10-24 08:42:00
260,33,56,8,,,126.8298254280249,37.20016703646445,126.83527043989648,37.20617786084194,2024-10-24 08:42:23
261,70,33,8,,,126.83730260946798,37.20957028075916,126.82917275116363,37.199952936544854,2024-10-24 08:43:08
262,10,38,8,,,126.81794828758495,37.209966752228816,126.82398554446237,37.20125973323119,2024-10-24 08:43:20
263,33,58,8,,,126.82853096558182,37.201546366647925,126.83418312876854,37.20792629840655,2024-10-24 08:43:35
264,58,19,8,,,126.83538212302813,37.20872925124025,126.8291206239324,37.195763322506814,2024-10-24 08:43:53
265,58,33,8,,,126.83462856691644,37.207803772424995,126.82919311696095,37.20054129941298,2024-10-24 08:44:06
266,56,32,8,,,126.83419247901642,37.20544448798095,126.83106053996644,37.20201284874709,2024-10-24 08:44:52
267,56,31,8,,,126.83444362515843,37.20630184087287,126.8294956188159,37.19721111778254,2024-10-24 08:44:54
268,32,59,8,,,126.8310154217012,37.2015381162036,126.83300427079615,37.208107912392684,2024-10-24 08:44:56
269,58,33,8,,,126.83532316192554,37.208242570570796,126.82893343715226,37.201541787263494,2024-10-24 08:45:12
270,17,54,8,,,126.82670965744907,37.197354427563,126.83360153730129,37.20949768513426,2024-10-24 08:45:18
271,56,33,8,,,126.83405288070131,37.206255319666084,126.82839887790054,37.20138931158841,2024-10-24 08:45:36
272,10,17,8,,,126.81716267108203,37.20998110483025,126.82575600090215,37.197295858249944,2024-10-24 08:45:53
273,10,17,8,,,126.81716057533126,37.21001017956755,126.82740476428003,37.19767121279721,2024-10-24 08:46:01
274,19,10,8,,,126.82862620791364,37.19575351312549,126.81744761196326,37.2089715846476,2024-10-24 08:46:02
275,32,54,8,,,126.83114694957024,37.20183970099698,126.83364719181499,37.21108394576371,2024-10-24 08:46:15
276,23,32,8,,,126.82180828698144,37.19263498023963,126.83186716871353,37.202240037455255,2024-10-24 08:46:43
277,41,56,8,,,126.83412256649905,37.19693701519625,126.83561963009473,37.20654402963265,2024-10-24 08:47:07
278,17,54,8,,,126.82617156114414,37.19624725132993,126.83249343861566,37.21090550044582,2024-10-24 08:47:36
279,11,33,8,,,126.81338365013697,37.20822655691057,126.82991290084396,37.200925827418374,2024-10-24 08:47:40
280,11,58,8,,,126.81442758926609,37.20757388964427,126.8343194978718,37.20856315742023,2024-10-24 08:48:27
281,51,37,8,,,126.8204286265632,37.21098584312217,126.82117683171133,37.197466506140586,2024-10-24 08:49:38
282,72,56,8,,,126.8108491948847,37.20749021087408,126.835422087561,37.205806725936064,2024-10-24 08:50:02
283,58,42,8,,,126.83595797544017,37.209452982828054,126.83189179593718,37.19530229908559,2024-10-24 08:50:26
284,56,17,8,,,126.83416896061527,37.2053882130117,126.82731886869396,37.19588960219754,2024-10-24 08:50:26
285,56,32,8,,,126.83466111851952,37.205703884670264,126.83131404432137,37.20165379630312,2024-10-24 08:50:56
286,56,17,8,,,126.83574041705006,37.20548879300448,126.82598087826157,37.195872532401545,2024-10-24 08:51:13
287,58,19,8,,,126.83529201564866,37.2085861255687,126.82963028543179,37.19539709571378,2024-10-24 08:51:30
288,56,33,8,,,126.83459907541908,37.20566761190455,126.82967070916328,37.19988756240876,2024-10-24 08:51:32
289,58,19,8,,,126.83448737172714,37.20876967262316,126.82885442316864,37.19558052493565,2024-10-24 08:51:49
290,19,10,8,,,126.82894822114399,37.19501072372793,126.81647971759902,37.20957318126294,2024-10-24 08:51:50
291,11,32,8,,,126.81386002372862,37.207360356867035,126.83157528405965,37.201008531179674,2024-10-24 08:51:52
292,17,54,8,,,126.82631630868,37.19685650036752,126.83204919317197,37.2098370291943,2024-10-24 08:52:04
293,56,33,8,,,126.83456497441999,37.20515395830099,126.82980830162428,37.1996812426775,2024-10-24 08:52:10
294,59,33,8,,,126.83190073365768,37.20735031943903,126.82846860354603,37.199940913570714,2024-10-24 08:52:18
295,54,33,8,,,126.83340287305596,37.21029614495062,126.8300904554214,37.200525922747694,2024-10-24 08:52:29
296,58,33,8,,,126.835328851194,37.20813538889581,126.82960888409136,37.20124423672749,2024-10-24 08:52:52
297,33,54,8,,,126.82952840337374,37.20126350310338,126.83294512418057,37.20989811640551,2024-10-24 08:52:57
298,58,17,8,,,126.83558783768059,37.20815740513307,126.82703569345777,37.19740753744465,2024-10-24 08:52:59
299,70,11,8,,,126.83787365277607,37.20930327416712,126.81495969373124,37.20918966962308,2024-10-24 08:53:07
300,56,41,8,,,126.8349296962772,37.20497918470904,126.83425570445156,37.19642400855846,2024-10-24 08:53:11
301,12,19,8,,,126.81892716206526,37.205497486434425,126.82840053444474,37.19561026356868,2024-10-24 08:53:55
302,58,33,8,,,126.83421512489696,37.20893649669309,126.82945758675032,37.20148388277751,2024-10-24 08:54:03
303,70,17,8,,,126.83856473703926,37.20974885619389,126.8263668007572,37.19587399984812,2024-10-24 08:54:41
304,33,56,8,,,126.83024005996316,37.19989612227926,126.83584173012704,37.20492443332296,2024-10-24 08:54:54
305,56,31,8,,,126.8352586831307,37.20588636690389,126.82930821110126,37.197963765148955,2024-10-24 08:55:52
306,33,56,8,,,126.83024904152975,37.201554158496556,126.83564952362677,37.205233202191295,2024-10-24 08:56:17
307,70,33,8,,,126.838480954171,37.20948443916483,126.82925249363173,37.20118346517389,2024-10-24 08:56:38
308,70,18,8,,,126.83871155972517,37.20941447441913,126.82362349532248,37.19513306860434,2024-10-24 08:56:43
309,70,33,8,,,126.83748931391098,37.20996893784378,126.82839087975965,37.19995788147801,2024-10-24 08:57:17
310,11,58,8,,,126.81424880704044,37.20908299307363,126.83579736581679,37.207693586900305,2024-10-24 08:57:26
311,59,41,8,,,126.83246302699006,37.20795401794463,126.83471308833292,37.197275496795605,2024-10-24 08:57:38
312,58,33,8,,,126.83594576486357,37.208771782774946,126.82898099744955,37.20141234218848,2024-10-24 08:58:08
313,50,37,8,,,126.82335442878103,37.21246856993887,126.82185777431425,37.197504034624885,2024-10-24 08:58:36
314,33,56,8,,,126.82966308583802,37.2010184303138,126.83560021867156,37.20543774228336,2024-10-24 08:58:43
315,17,70,8,,,126.82571434188382,37.19707920289445,126.83875714046029,37.20947851050071,2024-10-24 08:59:27
316,56,33,9,,,126.83462783388924,37.20516602559458,126.82964984560702,37.200138388019205,2024-10-24 09:00:46
317,12,17,9,,,126.81871940233988,37.20404112172308,126.82612992061136,37.197059965993,2024-10-24 09:02:22
318,56,17,9,,,126.83470271885668,37.20663726289913,126.82727883693583,37.19676040803624,2024-10-24 09:02:28
319,56,17,9,,,126.83425885925908,37.20646937874429,126.82575719686136,37.197534130187925,2024-10-24 09:02:32
320,10,17,9,,,126.81778175788406,37.20992048076619,126.82602577121214,37.1964008318817,2024-10-24 09:02:59
321,33,58,9,,,126.82945483666518,37.200466946106395,126.83523952532249,37.2078479652059,2024-10-24 09:03:05
322,59,33,9,,,126.83153612102471,37.20686724589972,126.82939379299523,37.20054370848734,2024-10-24 09:03:19
323,70,17,9,,,126.83875430557623,37.20966430119791,126.8256738049484,37.196884213758,2024-10-24 09:03:56
324,59,15,9,,,126.83151480011611,37.206579571023475,126.81719324189864,37.20671852698925,2024-10-24 09:04:35
325,58,32,9,,,126.83507722187093,37.20943092909829,126.83135918842333,37.20132068613556,2024-10-24 09:04:42
326,32,58,9,,,126.8313153866637,37.20212373186512,126.8350619637848,37.208289898094556,2024-10-24 09:04:58
327,33,70,9,,,126.8292149821387,37.20043848051432,126.83846935583506,37.209639243477774,2024-10-24 09:05:01
328,23,38,9,,,126.82044749047644,37.19104377560659,126.82410051467477,37.2004680424808,2024-10-24 09:05:02
329,11,58,9,,,126.8141383317151,37.208599501094454,126.83563287543777,37.208484826641055,2024-10-24 09:05:07
330,26,37,9,,,126.81862325841259,37.193028901195866,126.82051108725739,37.197525286542124,2024-10-24 09:05:23
331,33,56,9,,,126.83020504316282,37.199766993447966,126.83474499919478,37.206371246993676,2024-10-24 09:06:36
332,54,33,9,,,126.83194682249295,37.210555858467,126.83027009480108,37.20159482039881,2024-10-24 09:06:51
333,33,54,9,,,126.8292472185115,37.20030401463717,126.83216772618961,37.20972841784275,2024-10-24 09:07:14
334,56,17,9,,,126.83457881393551,37.20649982898498,126.82668824426531,37.19667833839791,2024-10-24 09:07:19
335,10,17,9,,,126.81756255791223,37.2084644634138,126.82599250458863,37.196684999396496,2024-10-24 09:09:12
336,58,33,9,,,126.8360897460391,37.20899030996797,126.82915499725519,37.200957544500554,2024-10-24 09:09:14
337,37,72,9,,,126.82148688290927,37.19707953540643,126.81262309862483,37.20650100616581,2024-10-24 09:09:32
338,56,32,9,,,126.83578038048212,37.20559782748993,126.83176637455104,37.20076016496285,2024-10-24 09:09:35
339,42,70,9,,,126.8310352769773,37.196758715737715,126.83821977502143,37.20968466984154,2024-10-24 09:10:05
340,54,33,9,,,126.83354195262174,37.210007289396934,126.8292691704183,37.20142258210739,2024-10-24 09:10:46
341,11,70,9,,,126.8136114701888,37.209162712109226,126.83838135713863,37.20975467510538,2024-10-24 09:10:55
342,23,50,9,,,126.82007150105112,37.19232868531679,126.82311579742714,37.211506241248074,2024-10-24 09:12:25
343,58,33,9,,,126.83558312736106,37.20933347532439,126.8299332297445,37.19989147214189,2024-10-24 09:12:52
344,33,56,9,,,126.82931080446154,37.20119202561464,126.83490624912491,37.20567236897141,2024-10-24 09:12:57
345,50,37,9,,,126.82200675913919,37.21053838841019,126.82164174718898,37.196726466227396,2024-10-24 09:13:01
346,10,38,9,,,126.81773445417376,37.20891048413084,126.82448031101063,37.20041532050976,2024-10-24 09:13:02
347,56,31,9,,,126.83457009790177,37.20626054704943,126.82938679194758,37.198312524106235,2024-10-24 09:13:09
348,54,33,9,,,126.83224637849969,37.21070529661266,126.82843259854991,37.20023661354697,2024-10-24 09:13:36
349,17,54,9,,,126.82711127202704,37.19601491508541,126.83346924648613,37.21009755986433,2024-10-24 09:13:39
350,69,30,9,,,126.83714456238256,37.20655083569334,126.83195837907388,37.19904436500477,2024-10-24 09:15:05
351,54,17,9,,,126.83177687063824,37.21046936364066,126.82684033555877,37.1965962429737,2024-10-24 09:15:24
352,33,56,9,,,126.82902006355513,37.20009607170942,126.83489851811517,37.2047440001022,2024-10-24 09:16:26
353,70,17,9,,,126.83742020603674,37.21023821116326,126.82701717176614,37.19718479383658,2024-10-24 09:16:27
354,70,18,9,,,126.8374792591864,37.20904952058995,126.8236208129937,37.194847133457316,2024-10-24 09:16:34
355,10,40,9,,,126.81674621546145,37.20858721235622,126.83181335826086,37.19407887092942,2024-10-24 09:18:39
356,50,38,9,,,126.82182910824828,37.21161668697679,126.82376407740607,37.20226553369645,2024-10-24 09:19:02
357,70,42,9,,,126.83788603345397,37.209300852787486,126.8310740071118,37.195833912266565,2024-10-24 09:19:19
358,50,50,9,,,126.82275985399542,37.21191031554885,126.8223389810187,37.2114785198342,2024-10-24 09:19:43
359,32,56,9,,,126.83260860207811,37.201712394358125,126.83450359745098,37.20601290097534,2024-10-24 09:20:37
360,31,54,9,,,126.82827707808393,37.19807914219523,126.8328555053152,37.210475449348436,2024-10-24 09:20:40
361,33,56,9,,,126.8284943715675,37.200660523410455,126.8348231909925,37.20542940366118,2024-10-24 09:21:03
362,11,32,9,,,126.81393890296427,37.20857897175958,126.83185145791545,37.20195174797723,2024-10-24 09:22:23
363,70,33,9,,,126.83863672152056,37.20914590535,126.82869432077268,37.20008939840846,2024-10-24 09:22:43
364,37,51,9,,,126.8212994120878,37.19803153542155,126.82048092813184,37.209717270459365,2024-10-24 09:22:44
365,32,59,9,,,126.83162439076817,37.201959825247414,126.83291604707422,37.20781450336751,2024-10-24 09:23:13
366,70,10,9,,,126.83816141824863,37.2104227021184,126.81664764602745,37.20990987153169,2024-10-24 09:23:30
367,51,37,9,,,126.82000660884879,37.21126740839399,126.82068872028329,37.197918280710596,2024-10-24 09:23:38
368,19,10,9,,,126.82810891402876,37.1950523402475,126.8162879308569,37.20874022308209,2024-10-24 09:24:40
369,56,41,9,,,126.83503706715267,37.20479912473724,126.83433109882435,37.19631947137389,2024-10-24 09:24:41
370,56,33,9,,,126.83434698690999,37.20587217018924,126.8286206445068,37.19993292042876,2024-10-24 09:25:05
371,70,19,9,,,126.83826790262376,37.208724457291794,126.82840311229431,37.19441579199401,2024-10-24 09:25:19
372,58,33,9,,,126.8359673096226,37.20835572886745,126.82847477336269,37.20042077556362,2024-10-24 09:26:06
373,10,56,9,,,126.816383811548,37.20901633559655,126.83464342356204,37.206027056275175,2024-10-24 09:26:23
374,58,19,9,,,126.83413911041242,37.207967569040264,126.82801224817042,37.1944706313745,2024-10-24 09:27:01
375,10,17,9,,,126.81709623850813,37.210316507744324,126.82691220128392,37.19627626777201,2024-10-24 09:27:11
376,50,37,9,,,126.82260233029209,37.2115041526844,126.82195750065684,37.1973668146389,2024-10-24 09:28:00
377,70,11,9,,,126.83741851018802,37.2093560476524,126.81440176778086,37.20762489127416,2024-10-24 09:28:25
378,58,42,9,,,126.83600555533002,37.208688501016546,126.83103221644531,37.196893475839374,2024-10-24 09:28:37
379,58,19,9,,,126.83426059929347,37.20814771233525,126.82973535471636,37.196023076078106,2024-10-24 09:28:55
380,56,32,9,,,126.83408220524781,37.20567348061087,126.83136878817177,37.2020850164286,2024-10-24 09:29:11
381,33,58,9,,,126.828843219177,37.19993365275235,126.83493958761348,37.20819020988168,2024-10-24 09:29:25
382,58,17,9,,,126.83454388244033,37.207691134646495,126.82558750273517,37.19693593559848,2024-10-24 09:30:09
383,17,12,9,,,126.82655346300294,37.19729580918519,126.81904347967095,37.20484758143755,2024-10-24 09:30:18
384,17,56,9,,,126.827026645883,37.19776416504964,126.8358818790274,37.206578041765674,2024-10-24 09:30:23
385,17,54,9,,,126.8266293738118,37.19619878109245,126.83366914611157,37.21058143577592,2024-10-24 09:30:27
386,56,33,9,,,126.83581679935342,37.20615043259651,126.82976003843422,37.20026967454375,2024-10-24 09:30:29
387,56,33,9,,,126.83471956293405,37.20525653197696,126.83010451011705,37.20067082380684,2024-10-24 09:31:46
388,42,70,9,,,126.8318089343393,37.195456417278955,126.83850106744906,37.20977900090974,2024-10-24 09:32:47
389,41,56,9,,,126.8338353814564,37.19761343489165,126.83464544532785,37.20627441695944,2024-10-24 09:33:26
390,56,41,9,,,126.83498205002464,37.20504723285088,126.83494477234171,37.196525029591946,2024-10-24 09:34:30
391,58,19,9,,,126.8342443510809,37.2083496199865,126.82869703826628,37.194298717436794,2024-10-24 09:34:50
392,70,42,9,,,126.83775074133295,37.210305153203464,126.83199571100339,37.196721026399096,2024-10-24 09:35:00
393,23,38,9,,,126.82156935543883,37.19148215160347,126.82444843613425,37.20188023829895,2024-10-24 09:35:19
394,17,54,9,,,126.82652896486779,37.19654361500168,126.83219246796683,37.20971702784702,2024-10-24 09:35:20
395,56,19,9,,,126.8357858507116,37.20563074413363,126.8288022306566,37.195736948234305,2024-10-24 09:35:47
396,58,33,9,,,126.83459240760283,37.20821720753819,126.82862451612382,37.200587033421456,2024-10-24 09:36:18
397,50,38,9,,,126.82208794814959,37.21118516771054,126.82461069739817,37.20186369200957,2024-10-24 09:36:23
398,58,33,9,,,126.83438777364388,37.208244771865694,126.82998391660075,37.20162323161841,2024-10-24 09:36:40
399,23,32,9,,,126.82158192802919,37.1910526645015,126.83179554573123,37.20087800093231,2024-10-24 09:37:39
400,50,50,9,,,126.8229701848843,37.21236791442472,126.82162312238377,37.211047428748685,2024-10-24 09:38:15
401,72,56,9,,,126.81212437190713,37.207904171756994,126.8350153528352,37.20467535909495,2024-10-24 09:38:24
402,58,19,9,,,126.83505783608072,37.20757412816399,126.82931274927824,37.19564865946226,2024-10-24 09:38:29
403,12,19,9,,,126.81855428790583,37.20385343232244,126.8286081181337,37.19493467389458,2024-10-24 09:38:43
404,31,58,9,,,126.82940768701692,37.19715867417238,126.83534335728497,37.208899920139,2024-10-24 09:39:38
405,72,70,9,,,126.81147702329682,37.20733428792613,126.83747846377109,37.20884435211911,2024-10-24 09:39:52
406,70,33,9,,,126.83793643415169,37.20998813977844,126.83005322108048,37.2006245712773,2024-10-24 09:40:06
407,11,17,9,,,126.81368682422396,37.20924732964635,126.82561081526184,37.196357173079605,2024-10-24 09:41:07
408,37,51,9,,,126.82126090247428,37.19744184874361,126.81896873749483,37.20950999583514,2024-10-24 09:41:07
409,70,33,9,,,126.83761199731869,37.20994706646409,126.82895750339507,37.20014444478229,2024-10-24 09:41:15
410,11,58,9,,,126.81387502197224,37.20925343451221,126.83602888822645,37.209418709160516,2024-10-24 09:41:58
411,51,37,9,,,126.81917322887958,37.210901171083584,126.82207111504904,37.196525134571075,2024-10-24 09:42:01
412,32,54,9,,,126.83199530188995,37.20202448710619,126.83225123173816,37.21044780251444,2024-10-24 09:42:11
413,35,32,9,,,126.81826143691164,37.20233415568441,126.83178703319514,37.2026966703526,2024-10-24 09:42:32
414,32,11,9,,,126.83152853758534,37.20228854945936,126.81447018565697,37.20767875007607,2024-10-24 09:43:47
415,50,38,9,,,126.82190809853887,37.212107818735404,126.8250835230679,37.20128807264466,2024-10-24 09:43:54
416,17,54,9,,,126.8273266595508,37.196327019774195,126.83204398452351,37.20924530117557,2024-10-24 09:44:20
417,58,33,9,,,126.83439905908192,37.20920776204551,126.828551539712,37.20138635602662,2024-10-24 09:45:10
418,50,37,9,,,126.82213302372467,37.21145725564186,126.82118007373117,37.19833697469555,2024-10-24 09:45:12
419,17,58,9,,,126.82553549760291,37.196464490831076,126.83591574283395,37.20854299732458,2024-10-24 09:45:35
420,70,32,9,,,126.83689782830756,37.209749468191504,126.83260852700538,37.20089207337852,2024-10-24 09:45:59
421,41,70,9,,,126.83406888086579,37.19641516445776,126.83861626740752,37.20915488496616,2024-10-24 09:45:59
422,50,50,9,,,126.82317089509539,37.21158689542915,126.82206964352262,37.21128957858646,2024-10-24 09:46:11
423,11,33,9,,,126.81422017057143,37.20814495007887,126.83013748783911,37.20111941165578,2024-10-24 09:47:05
424,56,33,9,,,126.83528931046295,37.206182601387866,126.83019554462491,37.20094320551476,2024-10-24 09:48:01
425,23,50,9,,,126.82170840140914,37.1912440626115,126.82194747079284,37.21153830926198,2024-10-24 09:48:25
426,23,38,9,,,126.82086482644517,37.19223086136185,126.82481552707453,37.20185804154202,2024-10-24 09:48:56
427,56,31,9,,,126.83538196549911,37.205015317431204,126.829225783715,37.198431820967464,2024-10-24 09:49:03
428,50,37,9,,,126.82165553914388,37.210625076247204,126.820910845736,37.1968382871211,2024-10-24 09:49:39
429,69,30,9,,,126.83784624081684,37.20754687061169,126.83176628640439,37.198785329933145,2024-10-24 09:50:11
430,40,72,9,,,126.83151419216108,37.19398510175012,126.8116612953512,37.20719063204646,2024-10-24 09:50:28
431,70,33,9,,,126.83881787721317,37.208774161697626,126.8287994597411,37.200623624617045,2024-10-24 09:50:37
432,56,40,9,,,126.8346559793921,37.20662059521674,126.8321523366264,37.19370377934911,2024-10-24 09:51:02
433,59,41,9,,,126.83156053563465,37.20810523808263,126.83381432722963,37.19720374697666,2024-10-24 09:51:29
434,56,41,9,,,126.83548347108777,37.20583454822401,126.83429214657507,37.19724696859122,2024-10-24 09:51:31
435,58,33,9,,,126.83472980544666,37.20750412525677,126.82940316405546,37.201012782579916,2024-10-24 09:51:37
436,56,31,9,,,126.83513063870744,37.20502924186839,126.8289012020197,37.198127737226784,2024-10-24 09:51:41
437,56,41,9,,,126.8352369185868,37.20571795466834,126.83373073118554,37.19663277852409,2024-10-24 09:51:42
438,72,33,9,,,126.8124705281475,37.20785546443719,126.82914213371858,37.200407192707225,2024-10-24 09:51:59
439,54,33,9,,,126.8328201551309,37.209372395934864,126.82976050873391,37.20073608741815,2024-10-24 09:52:28
440,51,34,9,,,126.81927557005167,37.211028620798125,126.82213642046052,37.20262950743863,2024-10-24 09:52:46
441,10,17,9,,,126.8179718154844,37.209707627472554,126.82577017544311,37.19672670258483,2024-10-24 09:53:11
442,42,70,9,,,126.83170783252147,37.197059506883505,126.83692144352938,37.20899461574933,2024-10-24 09:53:26
443,19,10,9,,,126.82858798216749,37.195022872632045,126.8169449887914,37.20948281715397,2024-10-24 09:53:57
444,37,51,9,,,126.82137641034367,37.19839717904003,126.81898319946643,37.210150601876634,2024-10-24 09:54:15
445,11,17,9,,,126.81492820742689,37.208295685023735,126.82556347345839,37.197223802890285,2024-10-24 09:54:25
446,69,30,9,,,126.8377464752127,37.20755650934669,126.83232012125437,37.19908587839783,2024-10-24 09:55:41
447,69,30,9,,,126.83719778341182,37.206365045511234,126.83209546967701,37.19821744963688,2024-10-24 09:55:52
448,51,37,9,,,126.82056071261525,37.21049654497762,126.82053529257674,37.19781594631245,2024-10-24 09:56:31
449,23,50,9,,,126.82011946606914,37.19104144428335,126.82202469567461,37.21082982783496,2024-10-24 09:56:45
450,31,59,9,,,126.82817260987721,37.198698145089246,126.83161009327439,37.20810533998053,2024-10-24 09:57:31
451,33,56,9,,,126.82925544708415,37.20097430293814,126.83560307443891,37.20571630079153,2024-10-24 09:57:32
452,17,70,9,,,126.8268247470287,37.19608465074024,126.83716691521865,37.20993996781067,2024-10-24 09:58:07
453,32,59,9,,,126.83179665898403,37.20143724584318,126.83247760783277,37.207899107586876,2024-10-24 09:58:45
454,33,56,9,,,126.8299412290703,37.20147040451851,126.83535098656576,37.20651042236345,2024-10-24 09:59:04
455,42,70,9,,,126.83060417816695,37.196491480457865,126.83875287459149,37.209488709726905,2024-10-24 09:59:32
456,56,17,9,,,126.83566221604396,37.20649499868874,126.82654154318361,37.19578817457856,2024-10-24 09:59:32
457,56,40,10,,,126.83476432830984,37.20662659577059,126.83214555727845,37.194291286032865,2024-10-24 10:00:02
458,56,32,10,,,126.83560306436014,37.206380734818694,126.83294352635356,37.20093278803795,2024-10-24 10:00:10
459,33,56,10,,,126.82897870780805,37.201563429789154,126.83551688263204,37.2058833036687,2024-10-24 10:00:27
460,11,32,10,,,126.81414858826852,37.20832155828669,126.83244361121292,37.200779957016984,2024-10-24 10:00:27
461,32,59,10,,,126.83177482488844,37.20133019942437,126.83324991965432,37.20654717663115,2024-10-24 10:00:50
462,69,30,10,,,126.83667390826541,37.20624808583477,126.83235362482739,37.19805186648773,2024-10-24 10:00:56
463,54,17,10,,,126.8323690423782,37.2100929391795,126.82628375925304,37.19740309741183,2024-10-24 10:02:12
464,10,56,10,,,126.81683496155765,37.20986694002688,126.83437159649228,37.2063280087266,2024-10-24 10:03:18
465,10,40,10,,,126.81768831410001,37.20938615117054,126.83196273467154,37.192448558718276,2024-10-24 10:04:00
466,70,17,10,,,126.83769370528525,37.20915986828553,126.82588289422264,37.19767649619503,2024-10-24 10:04:30
467,50,37,10,,,126.82299974604614,37.21110104184154,126.82195910668322,37.19665377424455,2024-10-24 10:04:35
468,17,70,10,,,126.82653353584553,37.19636819402076,126.83851761804972,37.20967292113852,2024-10-24 10:05:15
469,58,17,10,,,126.83413525207663,37.20886605068166,126.82567101903035,37.19672325365812,2024-10-24 10:06:13
470,56,17,10,,,126.8354089179811,37.20491409710581,126.82552419121933,37.19659283268781,2024-10-24 10:06:30
471,54,33,10,,,126.83214578053528,37.210744737793604,126.82949012117137,37.20128718829804,2024-10-24 10:08:00
472,58,19,10,,,126.83497770733679,37.20943496442106,126.8280078457294,37.194299179059335,2024-10-24 10:08:13
473,70,32,10,,,126.83714639846102,37.20994252852118,126.83204523649513,37.20265253712528,2024-10-24 10:09:22
474,56,31,10,,,126.83444616401229,37.20579777035156,126.82899420471526,37.19767873581735,2024-10-24 10:09:42
475,72,56,10,,,126.8123568375452,37.20803832222837,126.83573662504716,37.20574864886994,2024-10-24 10:12:13
476,17,58,10,,,126.82691012838598,37.196943712449766,126.83492967151004,37.208884077402026,2024-10-24 10:14:08
477,56,33,10,,,126.83555842500338,37.2065791764531,126.8289600036766,37.20065521275947,2024-10-24 10:14:52
478,51,37,10,,,126.81924437058423,37.210003568949325,126.82059716462201,37.197498820947565,2024-10-24 10:15:03
479,58,19,10,,,126.8350232132228,37.2084975431114,126.82855333741867,37.19405095389519,2024-10-24 10:15:26
480,50,37,10,,,126.82263889481005,37.21209602525178,126.82157536248945,37.196796377561725,2024-10-24 10:15:49
481,50,38,10,,,126.82174546320897,37.211111273680245,126.82419049801449,37.201706585524704,2024-10-24 10:16:17
482,59,15,10,,,126.83167313488981,37.20736755303717,126.81697452890118,37.20652212227833,2024-10-24 10:16:20
483,11,58,10,,,126.81437882322288,37.207640997430644,126.83466772894259,37.20908908338355,2024-10-24 10:16:27
484,40,72,10,,,126.83063502931874,37.192805261265256,126.81139584878578,37.20702225798429,2024-10-24 10:16:31
485,32,59,10,,,126.83133839161647,37.20189042558327,126.83172532768252,37.20713924164426,2024-10-24 10:16:34
486,70,18,10,,,126.83768770037635,37.20871195489552,126.82393890415089,37.19559573627512,2024-10-24 10:16:41
487,31,59,10,,,126.8282542972895,37.19827650270397,126.83287100187417,37.20668621952502,2024-10-24 10:16:49
488,56,17,10,,,126.83416250604535,37.206377014473816,126.82590497393015,37.19750179783158,2024-10-24 10:18:55
489,54,33,10,,,126.83200864315376,37.210387189865614,126.82889954277327,37.20162378317717,2024-10-24 10:19:11
490,56,33,10,,,126.83506459698864,37.20531842960329,126.82928494918544,37.2007980670862,2024-10-24 10:19:21
491,50,38,10,,,126.82255971090225,37.21233787883479,126.82379521976524,37.2016639326047,2024-10-24 10:20:18
492,58,19,10,,,126.83568000043654,37.20773291319161,126.82813248158097,37.19554114435913,2024-10-24 10:20:25
493,33,56,10,,,126.82846811610021,37.20063424549223,126.83440190984481,37.20514631876853,2024-10-24 10:20:27
494,33,54,10,,,126.82860614301872,37.20020259645866,126.83222381216775,37.20952788929536,2024-10-24 10:20:33
495,32,54,10,,,126.83252191875208,37.20163597645177,126.83184648288926,37.209397937322066,2024-10-24 10:21:02
496,70,19,10,,,126.83813483792028,37.20987168845646,126.82789151906172,37.19438612056444,2024-10-24 10:21:06
497,70,11,10,,,126.83866058291669,37.208697572422686,126.81363666551454,37.209205760085375,2024-10-24 10:21:09
498,33,56,10,,,126.8291107525425,37.200021057407,126.835378478439,37.20528119462259,2024-10-24 10:21:26
499,50,38,10,,,126.82160728411371,37.21089466222547,126.82414781623314,37.20166111529772,2024-10-24 10:22:15
500,70,17,10,,,126.83808732169385,37.209320992304676,126.82676773081569,37.19743869317997,2024-10-24 10:22:18
501,33,56,10,,,126.82917550581932,37.200546228707324,126.83521080342486,37.206289989773225,2024-10-24 10:22:29
502,10,17,10,,,126.81765336099221,37.208852915855005,126.82668900835507,37.1977026567761,2024-10-24 10:23:02
503,56,33,10,,,126.83543323775297,37.20643122860903,126.82956663242173,37.19975766871568,2024-10-24 10:23:27
504,54,33,10,,,126.83289241202979,37.21091557188638,126.82954657577699,37.20052211698687,2024-10-24 10:23:56
505,50,38,10,,,126.82261409953097,37.21219154928052,126.82458082499741,37.20194718894979,2024-10-24 10:24:01
506,32,58,10,,,126.83219307488025,37.201854944332574,126.83586051582378,37.209027532050634,2024-10-24 10:24:09
507,56,41,10,,,126.83465241724342,37.20514369785005,126.83356685048524,37.19800355581645,2024-10-24 10:24:36
508,10,17,10,,,126.81650163714558,37.20947784136514,126.82729254853638,37.196870925306634,2024-10-24 10:25:55
509,58,19,10,,,126.8357449931369,37.207637316764114,126.82860131249784,37.19424123182357,2024-10-24 10:26:09
510,59,41,10,,,126.83258440834216,37.20809940560516,126.83460168442492,37.19692678020448,2024-10-24 10:26:24
511,50,38,10,,,126.82180896638243,37.21050941376183,126.82457636776219,37.2008764021023,2024-10-24 10:26:32
512,50,38,10,,,126.82260758804705,37.21055889822386,126.82435325459224,37.20071436131283,2024-10-24 10:27:00
513,56,41,10,,,126.83536070643505,37.205894127841276,126.83409426220844,37.19770641959291,2024-10-24 10:27:03
514,11,70,10,,,126.81524450684039,37.20741517180429,126.83730514898753,37.20945752478984,2024-10-24 10:27:05
515,70,10,10,,,126.83789186283128,37.208704384922584,126.81656511258429,37.20957035645107,2024-10-24 10:27:27
516,50,38,10,,,126.82252898626204,37.21169336531006,126.8241421887069,37.20116579000541,2024-10-24 10:28:33
517,51,37,10,,,126.82035480618077,37.20962422200797,126.82085616453735,37.19792629470064,2024-10-24 10:29:01
518,50,37,10,,,126.82157658728946,37.21071240277839,126.8217544527224,37.19686760587026,2024-10-24 10:29:23
519,32,56,10,,,126.83210870577089,37.20164419207582,126.83396125351615,37.205459007643114,2024-10-24 10:29:25
520,17,54,10,,,126.82606816068026,37.19705945472548,126.83361956791583,37.21114813294042,2024-10-24 10:29:37
521,23,32,10,,,126.81996547162865,37.19125741005086,126.83222695623692,37.201956842208176,2024-10-24 10:29:50
522,58,33,10,,,126.83455919037209,37.20816103003978,126.83015406162673,37.20116232053711,2024-10-24 10:30:02
523,41,56,10,,,126.83419426972647,37.19817735650766,126.83492195499417,37.20544452948761,2024-10-24 10:30:39
524,31,54,10,,,126.82880184366557,37.19783149255084,126.83253558431703,37.21107576018378,2024-10-24 10:30:45
525,51,37,10,,,126.82023976002401,37.21055069005258,126.82128235862757,37.19741423039722,2024-10-24 10:31:13
526,17,12,10,,,126.82542451979158,37.195881870119855,126.81924712836526,37.20413142882492,2024-10-24 10:32:29
527,50,37,10,,,126.82221132502936,37.21070961239119,126.82049288534306,37.19834705944252,2024-10-24 10:32:57
528,50,37,10,,,126.82157462023456,37.21119711426845,126.82116564105365,37.19786759159772,2024-10-24 10:32:58
529,51,37,10,,,126.81906886190761,37.209997058678304,126.82149956662471,37.19810757413943,2024-10-24 10:33:25
530,10,17,10,,,126.81747572158687,37.20925992033663,126.82568553650344,37.19647399257826,2024-10-24 10:33:29
531,69,30,10,,,126.83801951269375,37.20629669088064,126.83162219529974,37.19946514876989,2024-10-24 10:34:35
532,50,37,10,,,126.82169964559473,37.210849420140825,126.82217767191061,37.197543301616136,2024-10-24 10:35:13
533,17,54,10,,,126.82586515244049,37.19760794467248,126.83305646384946,37.21099602041189,2024-10-24 10:36:03
534,59,33,10,,,126.83147178158939,37.20815522665346,126.82894721867854,37.200387979278446,2024-10-24 10:36:03
535,11,33,10,,,126.81336019644729,37.20921209201313,126.82966233928165,37.201292097306194,2024-10-24 10:36:34
536,51,34,10,,,126.81998518493785,37.21080625498327,126.82181796303719,37.204054045860524,2024-10-24 10:36:41
537,17,56,10,,,126.82547142300659,37.196896659969696,126.83453769909457,37.206500452015455,2024-10-24 10:37:04
538,33,70,10,,,126.82984950919291,37.20002563728958,126.83827315992676,37.20859336151609,2024-10-24 10:37:14
539,10,38,10,,,126.8178439758922,37.20931489498224,126.82445246720188,37.20140398615197,2024-10-24 10:37:18
540,50,37,10,,,126.82252984496884,37.21166155026622,126.82104301500449,37.19731516081417,2024-10-24 10:38:05
541,51,37,10,,,126.81968460444342,37.21043026516967,126.82109200753769,37.197792997052275,2024-10-24 10:38:20
542,17,54,10,,,126.82549874338775,37.19672064081689,126.83352305804472,37.209342170613695,2024-10-24 10:38:41
543,70,42,10,,,126.83713335316135,37.20887329208405,126.83233942069731,37.19666205106198,2024-10-24 10:38:41
544,56,17,10,,,126.83562476339802,37.205177605425504,126.82676421807813,37.19774061684612,2024-10-24 10:39:05
545,51,37,10,,,126.82024489080341,37.209647802432926,126.82099447021135,37.19807016932715,2024-10-24 10:39:05
546,33,56,10,,,126.82895560368817,37.19993803180752,126.83431043268553,37.20653747713698,2024-10-24 10:40:34
547,26,37,10,,,126.81890025406209,37.19332109667652,126.82080740072439,37.196482855029046,2024-10-24 10:40:39
548,58,33,10,,,126.83470292108926,37.208901013879846,126.82836792218971,37.20154834135456,2024-10-24 10:40:57
549,58,33,10,,,126.83585300451846,37.20883178694188,126.82851520360238,37.1998391589313,2024-10-24 10:42:03
550,33,56,10,,,126.8295476109615,37.200657387737806,126.83417970875948,37.20555864255876,2024-10-24 10:42:40
551,70,33,10,,,126.8377291287545,37.20869366936131,126.82931349338894,37.20038603065541,2024-10-24 10:42:50
552,33,58,10,,,126.82946603194067,37.20064779749015,126.83488519007389,37.207943503195686,2024-10-24 10:43:12
553,56,31,10,,,126.83544649817776,37.20623211655428,126.82958982603591,37.19765598718522,2024-10-24 10:43:15
554,32,11,10,,,126.83177846972048,37.20105505850298,126.81350895210947,37.207978533772895,2024-10-24 10:43:16
555,56,33,10,,,126.8346251751668,37.20597120693461,126.8293831223062,37.199792444236486,2024-10-24 10:43:20
556,11,17,10,,,126.81455894997426,37.20859064277577,126.82638132821428,37.19673604854884,2024-10-24 10:43:32
557,50,38,10,,,126.82215665269412,37.211127321895276,126.82339731242219,37.2011048004527,2024-10-24 10:43:37
558,42,70,10,,,126.83135011934947,37.196470336947186,126.83875016675456,37.2100448948542,2024-10-24 10:44:02
559,50,37,10,,,126.8229794744238,37.210719239038745,126.82174172563653,37.19828344860414,2024-10-24 10:44:14
560,56,41,10,,,126.83565757644665,37.2052466503017,126.83342248029598,37.197949145353256,2024-10-24 10:44:22
561,42,70,10,,,126.83088356084357,37.19644478092985,126.83794517378355,37.20976488510336,2024-10-24 10:44:53
562,70,42,10,,,126.83727554204545,37.20998508604539,126.83063895967155,37.19613304292528,2024-10-24 10:46:01
563,19,10,10,,,126.82852964879784,37.195827880291155,126.8162900783013,37.209849480868776,2024-10-24 10:46:13
564,58,32,10,,,126.83519409602233,37.207744360735795,126.83229926619599,37.200763454205685,2024-10-24 10:46:13
565,31,58,10,,,126.82885036669724,37.19802203588104,126.83472383843065,37.20900298941039,2024-10-24 10:46:24
566,19,10,10,,,126.82886777482187,37.19548315589734,126.81611756997671,37.210286908994604,2024-10-24 10:47:03
567,56,32,10,,,126.83464687205627,37.206515591521125,126.83165380433,37.20264701287951,2024-10-24 10:47:25
568,12,17,10,,,126.81961549482999,37.20424037617973,126.82671309088539,37.19746537444566,2024-10-24 10:47:35
569,11,17,10,,,126.81376335059699,37.207559192609594,126.8255265196841,37.19668165955954,2024-10-24 10:48:16
570,35,32,10,,,126.81961918591426,37.2013926551969,126.83113754311356,37.20240906833919,2024-10-24 10:48:21
571,56,19,10,,,126.83440383918817,37.20528711271617,126.8286515906192,37.19572194007044,2024-10-24 10:48:33
572,50,37,10,,,126.8220031548601,37.21078386402884,126.82067448131956,37.197334268981606,2024-10-24 10:49:50
573,72,70,10,,,126.81109089777733,37.2074874086629,126.8386504427289,37.20903605566545,2024-10-24 10:50:33
574,58,42,10,,,126.83542541901852,37.20824215663392,126.83213843992047,37.19668299635461,2024-10-24 10:51:03
575,58,33,10,,,126.83559309776703,37.20770496904711,126.82917305086045,37.200368854145125,2024-10-24 10:51:22
576,69,30,10,,,126.83856898707121,37.206665744532415,126.83194977182325,37.198076912449885,2024-10-24 10:52:04
577,50,37,10,,,126.82276024878374,37.21185962465027,126.82225615211796,37.19672509357612,2024-10-24 10:52:43
578,70,33,10,,,126.83733722712219,37.21018454304418,126.82981382614561,37.200409521726144,2024-10-24 10:53:27
579,54,33,10,,,126.83208577386605,37.20960671380622,126.82901590433532,37.19978449853164,2024-10-24 10:53:34
580,58,33,10,,,126.83468701478313,37.20773831497974,126.82942106664099,37.19983428029636,2024-10-24 10:54:00
581,50,38,10,,,126.82158287826975,37.21062564117811,126.82354276794679,37.202063671101286,2024-10-24 10:54:20
582,11,58,10,,,126.81368444493411,37.20913655714225,126.8351818502717,37.20929475229104,2024-10-24 10:55:02
583,70,33,10,,,126.83786644162204,37.209398178437425,126.83026437455298,37.200191682166015,2024-10-24 10:55:05
584,42,70,10,,,126.83182724459104,37.19618920512751,126.83835664129498,37.20870949316684,2024-10-24 10:55:27
585,33,58,10,,,126.82904430445221,37.201237515927716,126.83453267956666,37.2093227889073,2024-10-24 10:55:44
586,51,37,10,,,126.82021467300947,37.210932961615086,126.82069783053716,37.19730633687062,2024-10-24 10:56:09
587,56,33,10,,,126.83415720406659,37.2055620828183,126.82919684527518,37.20138108606422,2024-10-24 10:57:07
588,51,37,10,,,126.81902917172255,37.21030709261583,126.82185250844634,37.197554399309645,2024-10-24 10:57:20
589,58,33,10,,,126.8347363781364,37.2087754653423,126.82933331850965,37.200701281119954,2024-10-24 10:57:49
590,37,72,10,,,126.82107902984762,37.19801491738315,126.81190853922901,37.20717460850464,2024-10-24 10:57:52
591,12,19,10,,,126.81831078058636,37.20508845057807,126.82862052825557,37.19484538535336,2024-10-24 10:58:35
592,72,33,10,,,126.81073383020949,37.206200578220134,126.83015472646794,37.20039373585703,2024-10-24 10:58:54
593,51,37,10,,,126.81871383162681,37.21013746747455,126.82189117854844,37.19669667314048,2024-10-24 10:59:05
594,41,70,10,,,126.8343230907337,37.197579373010576,126.83753779218517,37.21012097113284,2024-10-24 10:59:22
595,70,33,10,,,126.83859156271862,37.20907705827155,126.82837298587977,37.20120864344534,2024-10-24 10:59:37
596,70,33,11,,,126.83807210705649,37.20989302558209,126.82970132287176,37.20016342911011,2024-10-24 11:01:13
597,56,31,11,,,126.83549603382792,37.205318651455805,126.82977591440739,37.197472184234314,2024-10-24 11:01:22
598,58,33,11,,,126.8361280176684,37.20876945574305,126.82915140474958,37.200184635409784,2024-10-24 11:01:44
599,37,51,11,,,126.82089718049086,37.196787767223185,126.81991742705254,37.21103700298175,2024-10-24 11:02:12
600,10,17,11,,,126.81761885315174,37.20869695104028,126.8273137782612,37.19773246796948,2024-10-24 11:03:35
601,70,42,11,,,126.83741513770613,37.21018721695808,126.83200654767991,37.19569704873908,2024-10-24 11:04:27
602,10,17,11,,,126.81774224157277,37.2100922448161,126.82602701499437,37.19731669520061,2024-10-24 11:04:42
603,70,11,11,,,126.8372078208091,37.20948396866355,126.81468730678073,37.20749676519104,2024-10-24 11:04:51
604,10,38,11,,,126.81602611545993,37.20944444513038,126.82429646175717,37.20072105474817,2024-10-24 11:05:53
605,56,17,11,,,126.83503409722708,37.206492775626465,126.82597780515438,37.19597162112725,2024-10-24 11:06:50
606,42,70,11,,,126.83089109426332,37.19526379395899,126.83828270336969,37.2092904450669,2024-10-24 11:07:08
607,56,17,11,,,126.8342051291907,37.205471804090486,126.826922374222,37.19694550850816,2024-10-24 11:07:40
608,70,10,11,,,126.83855151993853,37.20948060243408,126.81789877908082,37.20950541157922,2024-10-24 11:08:02
609,17,54,11,,,126.82702081325564,37.19595048201769,126.83308129803245,37.20980190445961,2024-10-24 11:08:11
610,19,10,11,,,126.82952693378239,37.19405874260349,126.81627160758791,37.2103033968147,2024-10-24 11:08:17
611,56,41,11,,,126.83439260589729,37.20600526801383,126.83412800719213,37.19717352875691,2024-10-24 11:08:27
612,33,56,11,,,126.82977897742828,37.20161750420713,126.83518726169103,37.205516656058805,2024-10-24 11:09:18
613,70,18,11,,,126.83825007011136,37.209172296214035,126.82369640103353,37.196246874945395,2024-10-24 11:09:46
614,23,38,11,,,126.8210517882332,37.190862420929534,126.82375905860152,37.20081128199976,2024-10-24 11:10:08
615,11,17,11,,,126.81414598347122,37.20726988908217,126.82609846684176,37.196235635725316,2024-10-24 11:10:16
616,50,37,11,,,126.82138700531664,37.21060952337859,126.8219085412813,37.19659886042977,2024-10-24 11:10:29
617,17,54,11,,,126.82630475294175,37.1959809557418,126.8319133618987,37.209821541069466,2024-10-24 11:10:36
618,56,33,11,,,126.83532786850485,37.20477415322817,126.82987530623667,37.20047255314639,2024-10-24 11:10:51
619,58,17,11,,,126.83569273973953,37.209166297255294,126.8258483216003,37.19619827741622,2024-10-24 11:11:07
620,54,17,11,,,126.8332888098672,37.21113780425052,126.82625236924491,37.19602201223888,2024-10-24 11:11:24
621,23,38,11,,,126.82163004356727,37.19150100854742,126.82406087113681,37.20086967597932,2024-10-24 11:11:47
622,58,19,11,,,126.83415000692348,37.208660938503115,126.82947636025699,37.194539609639875,2024-10-24 11:11:49
623,50,50,11,,,126.8221422645465,37.211242554724855,126.82146860802169,37.210873679557494,2024-10-24 11:12:37
624,58,33,11,,,126.83566402824586,37.20775851319483,126.82992513302268,37.20146515695385,2024-10-24 11:12:51
625,56,40,11,,,126.83555574229149,37.2051908742899,126.83159756246798,37.19331015064527,2024-10-24 11:13:35
626,70,17,11,,,126.8387931163979,37.2092248690686,126.82737891795804,37.19755533048822,2024-10-24 11:13:40
627,33,56,11,,,126.82899579146596,37.201278673690986,126.8355135785973,37.204997839038256,2024-10-24 11:13:45
628,70,32,11,,,126.83715594471231,37.21006191586117,126.83197837995094,37.20227547219407,2024-10-24 11:14:17
629,32,56,11,,,126.8329645550412,37.201897888939016,126.8357791417723,37.20541976433617,2024-10-24 11:14:58
630,58,19,11,,,126.83467124662778,37.20881404509431,126.82790629383359,37.19485384315014,2024-10-24 11:15:22
631,17,12,11,,,126.82581104469884,37.195919015113205,126.81941682765066,37.205348535639416,2024-10-24 11:15:56
632,37,72,11,,,126.82089978402541,37.197117223960525,126.81256802639878,37.20744837561454,2024-10-24 11:16:14
633,11,33,11,,,126.81524828137385,37.20809676500067,126.82859902034782,37.201610901336295,2024-10-24 11:16:15
634,32,54,11,,,126.8326317960929,37.201279558723904,126.83178370573626,37.211027993458984,2024-10-24 11:16:27
635,17,58,11,,,126.82619810837164,37.19770644024995,126.83473076089118,37.20755655583731,2024-10-24 11:16:56
636,54,33,11,,,126.83312609444292,37.209832973471364,126.82848832825917,37.201280470203834,2024-10-24 11:17:36
637,56,41,11,,,126.83528643078336,37.20614084156192,126.83400893166841,37.19676609403165,2024-10-24 11:17:39
638,39,50,11,,,126.82187078446681,37.19965827363661,126.82295341418448,37.21120147599897,2024-10-24 11:18:06
639,11,58,11,,,126.81516846005803,37.20744318659338,126.83517259790622,37.209253229545986,2024-10-24 11:19:06
640,50,38,11,,,126.82232651547459,37.212454629067174,126.82473860142166,37.200550730288754,2024-10-24 11:19:55
641,50,37,11,,,126.82147864505838,37.21097561024507,126.82194045567682,37.19756714332687,2024-10-24 11:20:18
642,10,40,11,,,126.81649534509992,37.2098174143132,126.83227045834013,37.19303644515079,2024-10-24 11:20:44
643,58,19,11,,,126.83555181586215,37.20888413557834,126.82965715506874,37.19458558587358,2024-10-24 11:20:51
644,33,70,11,,,126.82890330790686,37.20113377281109,126.83682232901249,37.208894945875734,2024-10-24 11:20:56
645,10,17,11,,,126.81616595125276,37.208880778255754,126.8264097013314,37.196515256575076,2024-10-24 11:21:50
646,21,38,11,,,126.8194612425223,37.19558792816155,126.82501711172658,37.200420987843096,2024-10-24 11:22:38
647,59,15,11,,,126.83189237395256,37.207830877350446,126.81735646347549,37.20659222739888,2024-10-24 11:23:25
648,70,42,11,,,126.83702414964583,37.20916371381971,126.8311631140412,37.19612206611283,2024-10-24 11:23:30
649,17,54,11,,,126.8258208918975,37.197698909686096,126.83220190427839,37.209810089930265,2024-10-24 11:24:27
650,32,59,11,,,126.83105563890913,37.202574464730034,126.83334276503474,37.20777889920399,2024-10-24 11:24:29
651,70,33,11,,,126.83860274598354,37.2104396665297,126.82937634094856,37.201179478340315,2024-10-24 11:25:28
652,11,32,11,,,126.81478034133016,37.20895514529222,126.8320588547478,37.20095440276048,2024-10-24 11:25:41
653,31,58,11,,,126.8281423472057,37.197391157008155,126.83419168639031,37.20865288730764,2024-10-24 11:26:30
654,58,42,11,,,126.83529912687408,37.20893211879361,126.83218291325913,37.197104900615635,2024-10-24 11:26:30
655,72,70,11,,,126.81109050987635,37.2062142515403,126.83724111365747,37.21050928834772,2024-10-24 11:27:32
656,23,50,11,,,126.82077149699543,37.19255867919039,126.82214540472435,37.210675956777294,2024-10-24 11:28:07
657,51,26,11,,,126.8198741176323,37.21136080020456,126.81903473856268,37.193634894390215,2024-10-24 11:28:15
658,41,56,11,,,126.83399322547648,37.197182119265726,126.83411158682739,37.2057349672283,2024-10-24 11:28:15
659,23,50,11,,,126.82158274016797,37.191192037655405,126.82264088294995,37.211552141791685,2024-10-24 11:28:37
660,70,33,11,,,126.83758536603925,37.210470184978995,126.82871310187987,37.199741233501314,2024-10-24 11:29:17
661,23,32,11,,,126.82060343251196,37.19243649284513,126.83236565160318,37.200805469307774,2024-10-24 11:29:34
662,50,26,11,,,126.82158188979425,37.21081472122984,126.81773311274499,37.19293879153134,2024-10-24 11:29:38
663,12,17,11,,,126.81850882815192,37.205113549530786,126.82710744685785,37.19635299228971,2024-10-24 11:29:41
664,50,60,11,,,126.82183185873286,37.21143062958748,126.83201942800235,37.21254633566564,2024-10-24 11:30:01
665,42,70,11,,,126.83224240882507,37.19526281193458,126.83745616701506,37.20912934652497,2024-10-24 11:30:48
666,50,50,11,,,126.8227014542818,37.21147870729942,126.82246762623073,37.21068278743028,2024-10-24 11:32:08
667,41,70,11,,,126.83439191130878,37.19777341526773,126.83726989865417,37.210056016385856,2024-10-24 11:32:43
668,31,54,11,,,126.82905958024105,37.197939321250686,126.83267667493564,37.21101882852704,2024-10-24 11:32:44
669,50,26,11,,,126.82224202084059,37.21190952296836,126.81856777948113,37.193834960928434,2024-10-24 11:32:57
670,56,33,11,,,126.83564310764922,37.2061619058834,126.82934481278264,37.20130781764916,2024-10-24 11:33:04
671,33,58,11,,,126.82866267871933,37.20096414339565,126.83552020026583,37.209396140394794,2024-10-24 11:33:15
672,72,56,11,,,126.81101871921749,37.20689450384679,126.8357451405258,37.20653908800036,2024-10-24 11:33:27
673,33,54,11,,,126.82866538691275,37.200750032067404,126.83178422437815,37.20926940197624,2024-10-24 11:33:36
674,11,70,11,,,126.81496583703587,37.20752416101717,126.83795437465572,37.2086891902674,2024-10-24 11:34:30
675,56,33,11,,,126.83396662602676,37.20640158447567,126.82998013324358,37.200051309758024,2024-10-24 11:35:47
676,70,17,11,,,126.83692685714043,37.20913624080637,126.82568034996463,37.1974781197824,2024-10-24 11:36:10
677,56,17,11,,,126.8356645168335,37.2064031908622,126.82671519478771,37.19629791350194,2024-10-24 11:36:33
678,42,70,11,,,126.83250696690281,37.19699906144253,126.83878928539943,37.20921543046723,2024-10-24 11:37:20
679,54,33,11,,,126.83232414203529,37.209988184482555,126.82923058773966,37.20021818450418,2024-10-24 11:37:58
680,59,41,11,,,126.83164285369223,37.2067400493129,126.83375310402805,37.19645184355817,2024-10-24 11:38:06
681,32,59,11,,,126.83289596278178,37.20103070930261,126.83306844989083,37.208051171278754,2024-10-24 11:38:28
682,56,19,11,,,126.83398366104912,37.20586084359685,126.82815389445986,37.19458565704122,2024-10-24 11:39:03
683,51,34,11,,,126.81964718930985,37.211182696869045,126.8225136922882,37.20221215685495,2024-10-24 11:39:05
684,21,33,11,,,126.81920217538347,37.195860514147725,126.82844321744952,37.19970938322984,2024-10-24 11:40:00
685,72,33,11,,,126.81150919760978,37.207224237361395,126.82858185223769,37.201039343173704,2024-10-24 11:40:42
686,33,56,11,,,126.82936717040572,37.20010340074774,126.83574452207996,37.20464428628571,2024-10-24 11:41:04
687,17,56,11,,,126.82707746894825,37.19585029985782,126.83409115551571,37.20529850661072,2024-10-24 11:41:11
688,56,31,11,,,126.83471216950467,37.206004545019375,126.82984813653351,37.197641871127075,2024-10-24 11:41:33
689,33,58,11,,,126.82876074780538,37.201239766449554,126.83448378272922,37.20863655491369,2024-10-24 11:41:53
690,51,37,11,,,126.82059317438059,37.20971428443823,126.8221588696332,37.19732168318353,2024-10-24 11:42:20
691,50,38,11,,,126.82177872377382,37.211700944731206,126.8235105126589,37.20037118382673,2024-10-24 11:42:40
692,70,19,11,,,126.83744556134266,37.210512810044136,126.82877029557574,37.1941508559336,2024-10-24 11:43:04
693,37,51,11,,,126.82213412225424,37.1975547042034,126.8201853514039,37.20970067586651,2024-10-24 11:43:39
694,56,33,11,,,126.83479216290424,37.20482149299355,126.8291286140991,37.2014926484752,2024-10-24 11:44:04
695,21,38,11,,,126.81783426429824,37.196229735490704,126.82482756062996,37.20212986838203,2024-10-24 11:44:05
696,69,30,11,,,126.83730482133379,37.20590231492449,126.83138921537207,37.19941934862724,2024-10-24 11:44:40
697,59,33,11,,,126.83204803722171,37.207094771860625,126.82962950274677,37.20000575619249,2024-10-24 11:45:51
698,54,33,11,,,126.83366642687811,37.21006426098491,126.82998248961478,37.20092023528883,2024-10-24 11:46:38
699,58,33,11,,,126.83426075357704,37.2076748636633,126.82959546286865,37.201642504796006,2024-10-24 11:46:43
700,56,31,11,,,126.8354002293478,37.20511807788078,126.82988428399446,37.19869195560443,2024-10-24 11:47:08
701,50,37,11,,,126.82323052137292,37.21160873853981,126.82158194245257,37.19750385457437,2024-10-24 11:47:35
702,11,58,11,,,126.81424282730917,37.20904828919694,126.835294620724,37.208954453399805,2024-10-24 11:47:50
703,35,32,11,,,126.81880701772675,37.202870754723875,126.83292959365025,37.20273507098287,2024-10-24 11:47:55
704,33,56,11,,,126.82910546450213,37.2015496292913,126.83451226001557,37.20484498363331,2024-10-24 11:48:05
705,51,37,11,,,126.81983710461823,37.209488846117324,126.82140371747764,37.197457238504924,2024-10-24 11:48:45
706,40,72,11,,,126.83109861704573,37.192302460210385,126.81258007079991,37.20764117106305,2024-10-24 11:49:10
707,56,32,11,,,126.83556037637167,37.20552914051961,126.8318327712251,37.20128534468379,2024-10-24 11:50:46
708,19,10,11,,,126.82805563967258,37.195135070541156,126.81759779659838,37.20854207703706,2024-10-24 11:51:04
709,50,60,11,,,126.82157277941435,37.21189345557727,126.83351250957784,37.21334549402689,2024-10-24 11:51:21
710,70,33,11,,,126.83707754511428,37.21009903421135,126.82917309282344,37.20053320569294,2024-10-24 11:52:07
711,32,11,11,,,126.83146475002552,37.20191448256148,126.81382162536009,37.207576382933226,2024-10-24 11:52:20
712,10,56,11,,,126.8174751037863,37.20989003425164,126.83550067679047,37.205736037778166,2024-10-24 11:52:44
713,33,56,11,,,126.82936686313458,37.19988762404836,126.83405379292024,37.20537269899776,2024-10-24 11:52:51
714,58,19,11,,,126.83549747893231,37.20939293131358,126.82813081730016,37.19498302317021,2024-10-24 11:53:16
715,69,30,11,,,126.83733761940107,37.207497402379836,126.83170256608578,37.199102070158965,2024-10-24 11:53:48
716,12,19,11,,,126.81991121124841,37.204574567016294,126.82877170482323,37.19468733189471,2024-10-24 11:54:40
717,26,37,11,,,126.81739220419647,37.19361500394376,126.8216874880043,37.197188599878906,2024-10-24 11:54:45
718,58,33,11,,,126.83494127632176,37.20907871255155,126.82859413239457,37.20030495434074,2024-10-24 11:54:46
719,69,30,11,,,126.83841950406719,37.20684177859266,126.8325742271451,37.199824775528946,2024-10-24 11:55:10
720,31,59,11,,,126.82820740373072,37.19840736220127,126.83250651214854,37.20836084024415,2024-10-24 11:55:20
721,51,26,11,,,126.82062592015585,37.21046455367686,126.81922586710104,37.193901826442676,2024-10-24 11:55:52
722,17,70,11,,,126.82546778363299,37.197750993482416,126.83772313553794,37.20934831375163,2024-10-24 11:55:59
723,39,50,11,,,126.82176263768997,37.200656836694094,126.8222726340405,37.21227382070561,2024-10-24 11:56:05
724,21,33,11,,,126.8189492517243,37.19614403646238,126.82848235222588,37.20154093266044,2024-10-24 11:56:13
725,58,33,11,,,126.83530205378094,37.208705866794496,126.83031313213716,37.199680478009725,2024-10-24 11:56:16
726,56,33,11,,,126.83397487179714,37.204758174324674,126.82903502354098,37.19976690142774,2024-10-24 11:57:08
727,11,17,11,,,126.81334510089223,37.208644054929245,126.8269234777527,37.196439674978016,2024-10-24 11:57:18
728,58,33,11,,,126.83525599370375,37.20913741144078,126.82887962713305,37.20085332794945,2024-10-24 11:57:34
729,32,58,11,,,126.83147232803516,37.20109392878451,126.83560928967148,37.20809466333871,2024-10-24 11:57:42
730,58,32,11,,,126.8346370768878,37.20815607300067,126.83235361808245,37.20167990075277,2024-10-24 11:58:08
731,56,32,11,,,126.83410516448866,37.2060352849823,126.83126799681162,37.20248430477197,2024-10-24 11:58:35
732,58,33,11,,,126.83544531867972,37.20801242446271,126.82961720631485,37.20157015846059,2024-10-24 11:58:48
733,33,56,11,,,126.8283580991699,37.200312960486976,126.83574317800309,37.20581613764313,2024-10-24 11:59:16
734,56,41,11,,,126.83501139714933,37.205592083871075,126.83491110786744,37.196884453286486,2024-10-24 11:59:25
735,54,33,11,,,126.83307271266773,37.20921820208849,126.82987764469927,37.20084093503983,2024-10-24 11:59:37
736,58,19,12,,,126.83570439969337,37.20808508416359,126.82914786620728,37.195459227011604,2024-10-24 12:00:19
737,56,33,12,,,126.8350188691994,37.205749967668474,126.82832433305556,37.19991225318223,2024-10-24 12:00:45
738,50,26,12,,,126.82178554861775,37.21198785360767,126.8190740337068,37.19426539050054,2024-10-24 12:00:53
739,58,33,12,,,126.83539633245816,37.20915782914794,126.82947207495197,37.20129106766402,2024-10-24 12:01:16
740,10,17,12,,,126.8163481465966,37.20951764800933,126.82670670020651,37.1965028231444,2024-10-24 12:01:29
741,10,17,12,,,126.81729081928337,37.209088647205085,126.8266518890009,37.19731213956828,2024-10-24 12:02:33
742,11,33,12,,,126.81514662450701,37.20835341084412,126.82927560126296,37.201042190695276,2024-10-24 12:02:41
743,51,37,12,,,126.8193365387687,37.21078449185175,126.822150722008,37.19825546857176,2024-10-24 12:02:43
744,70,33,12,,,126.83800342851988,37.20879529952864,126.82933955900943,37.199935230960364,2024-10-24 12:02:56
745,23,50,12,,,126.82091442627498,37.191806980706446,126.82301358078374,37.211257788860216,2024-10-24 12:03:26
746,41,56,12,,,126.83382608145885,37.197577144979505,126.83397334247461,37.20615010718904,2024-10-24 12:04:14
747,21,33,12,,,126.81820515708999,37.19586609857749,126.82967013121946,37.20107491921733,2024-10-24 12:04:19
748,56,17,12,,,126.83421623886255,37.2061367009443,126.8260690501972,37.196688090712115,2024-10-24 12:04:55
749,56,31,12,,,126.83491440360994,37.20535831957044,126.82946197858827,37.19742995883629,2024-10-24 12:04:57
750,23,50,12,,,126.82141595771097,37.191711311231565,126.82309255262065,37.21139671084651,2024-10-24 12:05:22
751,56,17,12,,,126.83426471403523,37.204789415351264,126.82554650363075,37.19627345624358,2024-10-24 12:05:58
752,58,33,12,,,126.83513741400857,37.20825222491742,126.83001023705762,37.20099113984312,2024-10-24 12:06:10
753,17,12,12,,,126.82718620346937,37.197472132042954,126.81852420046438,37.20380800632993,2024-10-24 12:06:29
754,56,41,12,,,126.83506992101493,37.20503775447784,126.83395007704495,37.19809903509147,2024-10-24 12:06:42
755,39,50,12,,,126.82077508573742,37.19928944935032,126.82177917900682,37.21184102203271,2024-10-24 12:07:16
756,11,17,12,,,126.81432138937846,37.208826653449,126.82696153727947,37.19698764386031,2024-10-24 12:07:46
757,56,41,12,,,126.83550804981533,37.205005635262495,126.83493857577177,37.19790045753432,2024-10-24 12:07:49
758,19,10,12,,,126.82884243467258,37.195000988069886,126.81689155287334,37.21011345019586,2024-10-24 12:08:55
759,33,58,12,,,126.82951932227677,37.199942142875656,126.83515766871425,37.20923152831294,2024-10-24 12:09:06
760,70,17,12,,,126.8372787147312,37.20941932670025,126.82596723846298,37.19679872278788,2024-10-24 12:09:29
761,32,59,12,,,126.83248424755043,37.20239018204161,126.8319562261871,37.20719619911172,2024-10-24 12:09:35
762,23,32,12,,,126.82093012360892,37.19247118808453,126.83110835800014,37.202722087971296,2024-10-24 12:10:08
763,70,18,12,,,126.83754317908758,37.208913340650355,126.82295789978768,37.19612359800743,2024-10-24 12:10:15
764,58,19,12,,,126.8348620663406,37.20858975861793,126.82872280390451,37.194667495076146,2024-10-24 12:10:24
765,59,15,12,,,126.83334507122784,37.2067360679651,126.81772214048458,37.20684178380969,2024-10-24 12:10:52
766,23,38,12,,,126.82079673105781,37.19094285252702,126.82510913837308,37.20080149607466,2024-10-24 12:11:17
767,72,33,12,,,126.81132720969882,37.207624375670214,126.82949546535929,37.20057272315464,2024-10-24 12:11:26
768,50,37,12,,,126.82161808179485,37.211970672647226,126.82081897115975,37.1965048721771,2024-10-24 12:11:51
769,50,60,12,,,126.82295189065097,37.21154172624984,126.8329823095732,37.212327952664126,2024-10-24 12:12:33
770,50,37,12,,,126.82173422596928,37.21108886911878,126.8206346998302,37.19778892141456,2024-10-24 12:13:12
771,32,59,12,,,126.83285965828799,37.20112159152284,126.83236173958119,37.207163570577116,2024-10-24 12:13:22
772,32,56,12,,,126.83170950372684,37.200750898617365,126.8355085551394,37.20591024165389,2024-10-24 12:15:08
773,32,11,12,,,126.8316631710208,37.202435139600986,126.8145258135552,37.208791966116394,2024-10-24 12:15:13
774,42,70,12,,,126.8316734249626,37.196600218627204,126.83838734754488,37.20901472024387,2024-10-24 12:15:18
775,72,56,12,,,126.81090629354662,37.2069324247783,126.83495415239415,37.2046760445475,2024-10-24 12:15:41
776,70,19,12,,,126.83747918272962,37.20936875666893,126.82921664797124,37.19426150615228,2024-10-24 12:15:43
777,59,41,12,,,126.8321865179355,37.20650349992012,126.83364934847636,37.19628157216046,2024-10-24 12:15:49
778,11,58,12,,,126.81466917751702,37.20726260931478,126.83580354379977,37.209272414690666,2024-10-24 12:16:00
779,33,58,12,,,126.83024146045278,37.20021297462427,126.83503877088141,37.20939963790195,2024-10-24 12:16:56
780,50,38,12,,,126.82254734628766,37.21076064673541,126.82382997385301,37.20082974473753,2024-10-24 12:18:02
781,58,19,12,,,126.834401691134,37.209138874719685,126.82962196077762,37.19550077434865,2024-10-24 12:18:53
782,12,17,12,,,126.81834757197066,37.20431691172002,126.8271539003446,37.197395997069435,2024-10-24 12:20:12
783,58,19,12,,,126.83478977162568,37.208430377062676,126.82925310537729,37.19535367325891,2024-10-24 12:21:41
784,70,17,12,,,126.83778295337856,37.20951325242409,126.82640929341522,37.19697806220217,2024-10-24 12:23:33
785,51,26,12,,,126.82059528130041,37.21000653784455,126.8183028586073,37.19376425177987,2024-10-24 12:24:37
786,70,11,12,,,126.83726453170821,37.21048487751544,126.81496038478255,37.20806881772177,2024-10-24 12:25:41
787,70,10,12,,,126.83812540629225,37.20927012285472,126.81704350290792,37.210009200475085,2024-10-24 12:25:50
788,51,37,12,,,126.82014261596443,37.20993257024352,126.82129448231228,37.1964730151706,2024-10-24 12:26:20
789,17,54,12,,,126.82594928562777,37.1976942601019,126.83337323158062,37.20996490547336,2024-10-24 12:27:19
790,50,60,12,,,126.82182177033451,37.21068440478305,126.83255991629284,37.212435919299466,2024-10-24 12:27:32
791,31,54,12,,,126.82920448329297,37.19767496273397,126.83185367951837,37.2091938139248,2024-10-24 12:27:32
792,70,33,12,,,126.83794594260381,37.20973824434433,126.82975336797642,37.19970302293564,2024-10-24 12:27:40
793,42,70,12,,,126.83250252930114,37.197028797095484,126.8379229823942,37.20916483726052,2024-10-24 12:28:26
794,11,17,12,,,126.81353573972588,37.20891843875761,126.82564108858315,37.19720717269063,2024-10-24 12:28:35
795,56,19,12,,,126.8346877334426,37.20527572778479,126.82787798697352,37.1942714402804,2024-10-24 12:29:33
796,50,26,12,,,126.82320234692645,37.212160480639085,126.81864840900091,37.19393694871569,2024-10-24 12:30:14
797,51,34,12,,,126.81997919345933,37.209900084883074,126.82119579221326,37.20389146135378,2024-10-24 12:30:25
798,26,37,12,,,126.81931448570771,37.19315981363275,126.82029628492484,37.19791408164047,2024-10-24 12:30:31
799,58,32,12,,,126.8356826133923,37.20834937054926,126.83121689104227,37.20172044748665,2024-10-24 12:31:35
800,70,42,12,,,126.83715986676712,37.21027413409672,126.83175256128584,37.19677612030487,2024-10-24 12:32:10
801,70,32,12,,,126.83714122571887,37.20896093720084,126.83104411784599,37.20241323471457,2024-10-24 12:32:42
802,37,72,12,,,126.82214609396891,37.19758921625335,126.81199035412078,37.20759624933704,2024-10-24 12:32:47
803,33,56,12,,,126.82915160286909,37.201428563998384,126.83529376077887,37.205860906680066,2024-10-24 12:34:24
804,72,70,12,,,126.81229489552088,37.207544737736455,126.83717357756778,37.20975055133446,2024-10-24 12:34:25
805,33,56,12,,,126.8301346363503,37.20122794585853,126.83425603024848,37.2060265547182,2024-10-24 12:34:42
806,56,40,12,,,126.83427671515369,37.20492782952718,126.83083222640553,37.193533667741875,2024-10-24 12:34:59
807,58,33,12,,,126.83560016870334,37.207851518460814,126.82976912411182,37.20091902063451,2024-10-24 12:36:46
808,58,33,12,,,126.83568347394692,37.20840286250369,126.82876088667267,37.20039742012457,2024-10-24 12:36:50
809,37,51,12,,,126.82090550946197,37.197812227658616,126.81939914035262,37.20965019963477,2024-10-24 12:37:02
810,32,58,12,,,126.8324034178762,37.201790474894985,126.83446139020465,37.207550210821836,2024-10-24 12:37:23
811,56,41,12,,,126.83500805892747,37.20556544970033,126.83337052584173,37.19677726061382,2024-10-24 12:37:28
812,51,26,12,,,126.82065693114292,37.21106676593206,126.8186910211658,37.19254529797049,2024-10-24 12:38:19
813,70,33,12,,,126.83715141593176,37.20883325949891,126.82934755476269,37.20151067660567,2024-10-24 12:39:04
814,50,50,12,,,126.82152513576325,37.21160083403461,126.82243016430667,37.21191587679797,2024-10-24 12:39:05
815,17,70,12,,,126.82654350630841,37.19673498994268,126.83804137951573,37.20941585490874,2024-10-24 12:40:19
816,10,17,12,,,126.8173341169445,37.21032762280705,126.8254451029793,37.1970767754784,2024-10-24 12:40:32
817,56,33,12,,,126.8350037806085,37.20543108269469,126.8287343791588,37.199836036577864,2024-10-24 12:40:43
818,31,58,12,,,126.829365297515,37.19877662813518,126.83525774461343,37.20923887639977,2024-10-24 12:41:14
819,56,32,12,,,126.83543927819017,37.20481592973582,126.83178945228613,37.20162185702071,2024-10-24 12:41:24
820,35,32,12,,,126.81844324026471,37.201408043518214,126.83237244836431,37.20217527379304,2024-10-24 12:43:11
821,33,56,12,,,126.82949189559322,37.201340715339335,126.83480973890204,37.20618720964022,2024-10-24 12:43:13
822,23,38,12,,,126.82082457027929,37.192661864882915,126.82416051813703,37.201258290314556,2024-10-24 12:43:55
823,58,33,12,,,126.83581666545992,37.20867190993427,126.82859427671485,37.2013832101751,2024-10-24 12:44:04
824,17,54,12,,,126.82612067425475,37.19611066479431,126.83291550249122,37.21006890352741,2024-10-24 12:44:10
825,69,30,12,,,126.83800172704724,37.20637185750058,126.8324343391407,37.19897367457682,2024-10-24 12:44:16
826,54,33,12,,,126.8326996778248,37.20957849926971,126.82864906299585,37.20156220650366,2024-10-24 12:44:28
827,31,59,12,,,126.82999093153015,37.19819323438018,126.83155619799122,37.20710446255243,2024-10-24 12:44:41
828,33,56,12,,,126.82932266852973,37.20084441519759,126.83391740496346,37.206570628805345,2024-10-24 12:44:57
829,56,32,12,,,126.83422137665642,37.20470455759566,126.83249273359289,37.201186236172695,2024-10-24 12:45:06
830,21,38,12,,,126.81854054055488,37.196796176779884,126.82445165718113,37.20164713372911,2024-10-24 12:45:10
831,10,56,12,,,126.8170507955812,37.208540222034095,126.83531018240052,37.20588851484655,2024-10-24 12:45:10
832,70,33,12,,,126.83871324093639,37.210182135918984,126.82952732517327,37.20009896970014,2024-10-24 12:45:10
833,11,58,12,,,126.81522480328354,37.20824534137438,126.8342831758965,37.209017707047295,2024-10-24 12:45:40
834,58,17,12,,,126.8343331695838,37.20876960056352,126.82720585662797,37.197008671795906,2024-10-24 12:45:49
835,37,51,12,,,126.82168153955449,37.19668894716834,126.81905029014621,37.21136974811644,2024-10-24 12:45:54
836,56,33,12,,,126.83583946049497,37.20641687553089,126.82961015459473,37.201400060809064,2024-10-24 12:46:14
837,10,38,12,,,126.81689880569071,37.208569841992414,126.82367432486166,37.20056690256726,2024-10-24 12:47:05
838,10,40,12,,,126.81740056117127,37.20864451653598,126.83092897575933,37.193560520575716,2024-10-24 12:47:54
839,50,38,12,,,126.82145925535094,37.212375502576116,126.82436260893955,37.20217696891819,2024-10-24 12:48:26
840,32,54,12,,,126.83243105277025,37.20206083913464,126.83319052832671,37.20942152121055,2024-10-24 12:48:55
841,56,31,12,,,126.83542065090151,37.20587961801077,126.82949198533294,37.198021501665245,2024-10-24 12:49:10
842,11,70,12,,,126.81383769545758,37.20745971427385,126.83879606506066,37.20900184987172,2024-10-24 12:49:23
843,17,58,12,,,126.82729055342227,37.19588693303293,126.8349651349025,37.20777744539709,2024-10-24 12:49:35
844,59,33,12,,,126.83332599808115,37.20784178654674,126.8298372181331,37.199746622516464,2024-10-24 12:50:14
845,33,56,12,,,126.83018488993909,37.19976292607563,126.83487459363519,37.20632055151431,2024-10-24 12:50:15
846,56,33,12,,,126.83459643300782,37.2064500120449,126.82960613638454,37.200491091856414,2024-10-24 12:50:36
847,40,72,12,,,126.83229380763707,37.193870962280585,126.81093472392999,37.20754278273139,2024-10-24 12:51:12
848,50,37,12,,,126.8228562742373,37.211677284355524,126.82171057570856,37.19681654187468,2024-10-24 12:51:32
849,21,33,12,,,126.81902422828679,37.19683012046768,126.8302257962378,37.20011375270301,2024-10-24 12:52:23
850,58,33,12,,,126.83594568662404,37.208638727225804,126.82940121202526,37.20076897086142,2024-10-24 12:52:30
851,54,17,12,,,126.83327752189957,37.20994339057817,126.8254933227681,37.19666075403674,2024-10-24 12:52:35
852,58,33,12,,,126.8358474077775,37.20863785611168,126.82931651972018,37.19993354538325,2024-10-24 12:52:42
853,54,33,12,,,126.831686549597,37.21026942415577,126.8296549436297,37.19979672650857,2024-10-24 12:52:47
854,50,50,12,,,126.8226105915245,37.21236527740632,126.82236047605461,37.211824294097106,2024-10-24 12:52:48
855,54,33,12,,,126.83304269879059,37.209619824757574,126.82872543251338,37.201337113019854,2024-10-24 12:52:48
856,19,10,12,,,126.82792382157774,37.194752026586805,126.81768725006592,37.2097071906065,2024-10-24 12:53:11
857,33,54,12,,,126.82899014047462,37.200046940392475,126.83176488914837,37.21070777317746,2024-10-24 12:53:20
858,69,30,12,,,126.83753360299956,37.20644621800957,126.8308679197444,37.19884021566814,2024-10-24 12:54:01
859,70,42,12,,,126.83835371342444,37.20970482157399,126.83157249367393,37.196361816633285,2024-10-24 12:54:14
860,56,33,12,,,126.8350001786454,37.206237888518615,126.82860242445234,37.20158605139452,2024-10-24 12:54:23
861,42,70,12,,,126.83193675600745,37.19650765014982,126.83758189845534,37.20863348906129,2024-10-24 12:54:31
862,17,56,12,,,126.82717786721965,37.196613119884596,126.8341737528606,37.20497647675136,2024-10-24 12:54:36
863,58,42,12,,,126.83550140278292,37.20942236100034,126.83083162524234,37.19662980529801,2024-10-24 12:55:03
864,41,70,12,,,126.83446801799444,37.19710114428783,126.83794250316588,37.20989058132578,2024-10-24 12:55:34
865,33,56,12,,,126.82908908453587,37.19992254642847,126.83567412143523,37.20584401133656,2024-10-24 12:55:39
866,56,17,12,,,126.8344260256261,37.20509821056283,126.82666605397553,37.19654570544889,2024-10-24 12:56:05
867,54,33,12,,,126.83362433626723,37.21059896022638,126.82960739569606,37.201216196345285,2024-10-24 12:56:34
868,11,32,12,,,126.81372925763205,37.20830342553185,126.83158992817168,37.20215337822227,2024-10-24 12:56:45
869,69,30,12,,,126.83775151741138,37.207207534694575,126.83152836396849,37.1990712490722,2024-10-24 12:56:59
870,39,50,12,,,126.82223938678408,37.200306710675214,126.8214049152025,37.21134528641352,2024-10-24 12:57:26
871,33,70,12,,,126.83003568846968,37.201068771485176,126.83868975735406,37.20996327801153,2024-10-24 12:57:33
872,12,19,12,,,126.81985060378442,37.204369796028956,126.82934326951019,37.194660242971075,2024-10-24 12:58:10
873,21,38,12,,,126.81862288755069,37.19601947412657,126.82335933255243,37.201720872809865,2024-10-24 12:59:36
874,17,54,12,,,126.82615086375283,37.197235776132274,126.83189955242436,37.209878919939364,2024-10-24 12:59:58
875,31,54,13,,,126.82826390689532,37.198801577440506,126.83247075580448,37.209745348234094,2024-10-24 13:00:01
876,11,32,13,,,126.81490475621669,37.20867543099108,126.83123488297764,37.20190247901338,2024-10-24 13:00:22
877,11,33,13,,,126.81373674864442,37.20800719308007,126.82913196353176,37.20127435717007,2024-10-24 13:00:29
878,56,33,13,,,126.83489259301635,37.20601845922046,126.8289134944134,37.201176728266105,2024-10-24 13:00:34
879,58,19,13,,,126.8360725119045,37.20776295321236,126.82981085432858,37.19407909052838,2024-10-24 13:01:19
880,54,33,13,,,126.83271985400724,37.210735341904936,126.82852213018546,37.201657810327134,2024-10-24 13:01:47
881,34,50,13,,,126.82145053095628,37.20375026794691,126.82317561657308,37.21113134748712,2024-10-24 13:02:53
882,59,15,13,,,126.83188322406272,37.20810509292879,126.8170524872967,37.20574881411442,2024-10-24 13:03:33
883,69,30,13,,,126.83690209141241,37.206434750631075,126.83098982814217,37.19900363542011,2024-10-24 13:04:04
884,31,59,13,,,126.82918940657726,37.19868864048083,126.8325658752985,37.2078300550167,2024-10-24 13:04:41
885,17,58,13,,,126.82685460887313,37.19698769796401,126.83493436918582,37.20932002458426,2024-10-24 13:05:27
886,10,17,13,,,126.81627083479438,37.20930274420996,126.82706066300358,37.19697658954325,2024-10-24 13:06:21
887,58,33,13,,,126.83609731117205,37.20850093284224,126.82967715801753,37.20061143395434,2024-10-24 13:06:24
888,41,70,13,,,126.83484397548894,37.19763758619761,126.83853135067663,37.20965020939358,2024-10-24 13:06:49
889,11,58,13,,,126.81462906312164,37.20756669047779,126.83584303332178,37.20796592005459,2024-10-24 13:07:16
890,56,31,13,,,126.83530397546193,37.20658200382206,126.82928538966783,37.197204358918576,2024-10-24 13:09:13
891,58,19,13,,,126.83456745563961,37.20748810429589,126.82943763979611,37.19487531481145,2024-10-24 13:10:17
892,17,54,13,,,126.82667737268301,37.196547847602766,126.83331839935559,37.210802213215615,2024-10-24 13:10:58
893,56,17,13,,,126.83523582797872,37.20470006187899,126.82605602207958,37.19749037787643,2024-10-24 13:11:38
894,42,70,13,,,126.83081982722634,37.19595843449348,126.83808003716813,37.21032607011769,2024-10-24 13:12:03
895,70,21,13,,,126.83805820241228,37.2103053940438,126.81881707582589,37.19607102323724,2024-10-24 13:12:39
896,70,33,13,,,126.83796075756185,37.20873703647204,126.82963011589399,37.20133838191757,2024-10-24 13:13:04
897,32,54,13,,,126.8318071387091,37.201656022739094,126.83202195799818,37.209202777396975,2024-10-24 13:13:16
898,42,70,13,,,126.8324691796985,37.19540708062613,126.83843006992225,37.20883862541327,2024-10-24 13:13:23
899,12,17,13,,,126.81981498841297,37.20461511799107,126.82614604538404,37.19673457575561,2024-10-24 13:13:54
900,40,72,13,,,126.83183113437659,37.19313808378244,126.81144305234454,37.206906158046515,2024-10-24 13:14:22
901,33,56,13,,,126.8287741336546,37.201019608816495,126.83581962108236,37.205274380681004,2024-10-24 13:15:02
902,59,41,13,,,126.83153163430265,37.206395637309065,126.83418634168444,37.197762905759284,2024-10-24 13:16:35
903,56,17,13,,,126.83479505056175,37.206118105749454,126.82645910412214,37.19602246365597,2024-10-24 13:16:53
904,32,59,13,,,126.83293133668094,37.20213488844472,126.83298758195008,37.2075041148049,2024-10-24 13:17:04
905,50,37,13,,,126.82263909859702,37.21145359252388,126.82093005974417,37.19732331334929,2024-10-24 13:17:21
906,37,72,13,,,126.82148691475341,37.197366294440634,126.81163940718292,37.206907850376304,2024-10-24 13:18:23
907,35,32,13,,,126.81952415364378,37.20176911739992,126.83205069665733,37.20100299662207,2024-10-24 13:19:07
908,58,19,13,,,126.83556347135367,37.2079970448679,126.8283318101145,37.195489042898046,2024-10-24 13:19:15
909,70,18,13,,,126.83779891719078,37.20962499745235,126.8238084804306,37.19582239605846,2024-10-24 13:20:07
910,58,33,13,,,126.83445030234205,37.20933108509541,126.8298037225348,37.20112225702018,2024-10-24 13:21:18
911,37,51,13,,,126.82028438662435,37.19780202480928,126.81985668118564,37.209840893901614,2024-10-24 13:21:32
912,70,21,13,,,126.8381353120339,37.2099815364241,126.8183516628806,37.19642078588622,2024-10-24 13:21:53
913,70,19,13,,,126.83736938212486,37.210004334118985,126.82969513712256,37.195697527943935,2024-10-24 13:22:05
914,59,33,13,,,126.83303642835929,37.20640791300782,126.82910588997801,37.20083517658439,2024-10-24 13:22:09
915,51,34,13,,,126.8196696522363,37.210765774810504,126.82248740278379,37.203527299084925,2024-10-24 13:22:11
916,37,51,13,,,126.8219844307137,37.197146808362824,126.81922036281698,37.20979369401412,2024-10-24 13:22:12
917,50,37,13,,,126.8224943571488,37.21122112683531,126.82094902722005,37.19804363547414,2024-10-24 13:24:38
918,56,40,13,,,126.8356730538451,37.205020061251595,126.83082653508536,37.19317411062823,2024-10-24 13:25:30
919,51,71,13,,,126.81962216890916,37.210646716674994,126.84079192893354,37.205901845393505,2024-10-24 13:26:00
920,10,40,13,,,126.8176194191906,37.209039297967294,126.83200112387789,37.194115615648585,2024-10-24 13:26:01
921,54,33,13,,,126.83179947322374,37.20939949312196,126.82941114086506,37.201423164817264,2024-10-24 13:27:06
922,17,12,13,,,126.82711561729192,37.197241205102806,126.8197430399692,37.20510722737273,2024-10-24 13:27:10
923,33,56,13,,,126.82995642275641,37.20101317869793,126.83577152218778,37.20479497693402,2024-10-24 13:27:14
924,70,33,13,,,126.83703966146722,37.20982133715831,126.82844763306362,37.20071218394275,2024-10-24 13:27:58
925,50,37,13,,,126.82311411134025,37.21074298865361,126.8206586628884,37.198349836832996,2024-10-24 13:28:06
926,58,17,13,,,126.83427000737466,37.20783465585367,126.82562633214731,37.19604288830745,2024-10-24 13:28:11
927,72,56,13,,,126.81223036630398,37.20782005510659,126.83514259635896,37.20475951934184,2024-10-24 13:28:23
928,56,41,13,,,126.83494194983183,37.20589356532146,126.83446223276673,37.1977958734194,2024-10-24 13:28:49
929,37,51,13,,,126.82134228255832,37.19738024386438,126.8194820985934,37.21042433955445,2024-10-24 13:28:53
930,11,70,13,,,126.8145496726061,37.20838647379195,126.83761364149554,37.21052312664708,2024-10-24 13:28:54
931,56,33,13,,,126.8347331373193,37.20525865566372,126.82833538501478,37.199977217942504,2024-10-24 13:30:09
932,58,33,13,,,126.83612215028757,37.20795297898434,126.82978491893583,37.200064142616974,2024-10-24 13:30:14
933,54,17,13,,,126.83354942809447,37.210755422567686,126.82644749082955,37.19726543123855,2024-10-24 13:30:22
934,17,54,13,,,126.82730410980311,37.19733585876229,126.83268857551079,37.20939403172894,2024-10-24 13:30:29
935,54,33,13,,,126.83203966082276,37.21002145261559,126.82976981821028,37.19971198504899,2024-10-24 13:30:44
936,41,56,13,,,126.83349807865991,37.19655573373623,126.83436586320711,37.20579470475136,2024-10-24 13:30:46
937,58,19,13,,,126.83467734773015,37.20869411342993,126.82824176800369,37.1952803363177,2024-10-24 13:31:05
938,17,56,13,,,126.82627637431538,37.19762136381719,126.83435227019736,37.20477108020569,2024-10-24 13:32:11
939,56,19,13,,,126.83565052625441,37.20557730624629,126.82896327966755,37.19590454390048,2024-10-24 13:32:30
940,33,56,13,,,126.828751405645,37.20029352842348,126.8342742986134,37.20579034453127,2024-10-24 13:32:31
941,70,10,13,,,126.83878208462107,37.20900487856045,126.81752357215922,37.20991538599131,2024-10-24 13:33:18
942,58,32,13,,,126.83506044840365,37.209454581494455,126.83165972306375,37.20232935415031,2024-10-24 13:34:01
943,32,56,13,,,126.83114399771073,37.20095943463456,126.83580276063847,37.205231422941885,2024-10-24 13:34:33
944,33,56,13,,,126.82971591048205,37.200737086679155,126.83448330887389,37.20516961867573,2024-10-24 13:35:15
945,56,33,13,,,126.83560462268488,37.20627367887127,126.82925266928791,37.200353552698864,2024-10-24 13:35:43
946,70,32,13,,,126.83835020139016,37.20990597766385,126.83156548393674,37.20105476774964,2024-10-24 13:35:46
947,70,33,13,,,126.83799933502331,37.20978747026673,126.82875571894571,37.19976395411885,2024-10-24 13:35:53
948,72,70,13,,,126.81078264340893,37.2062573083786,126.83870794016316,37.20914733839648,2024-10-24 13:36:06
949,56,32,13,,,126.83460306630845,37.20526224194918,126.83260864130217,37.201825840966045,2024-10-24 13:36:26
950,42,70,13,,,126.8321215497304,37.19655651381451,126.83794301010329,37.20913959766305,2024-10-24 13:36:27
951,70,21,13,,,126.83682017285659,37.20927375471275,126.81833476833957,37.19661892496792,2024-10-24 13:36:58
952,58,33,13,,,126.8345174640551,37.20839894815532,126.82994877482543,37.201348861440245,2024-10-24 13:37:04
953,58,42,13,,,126.83463970494992,37.20850050710796,126.83094833112062,37.19639243317954,2024-10-24 13:37:31
954,70,21,13,,,126.83788100805981,37.20886021611693,126.81921551830324,37.19624164124262,2024-10-24 13:37:51
955,12,19,13,,,126.8202244281071,37.20475618198974,126.8294145780871,37.195190131063335,2024-10-24 13:37:52
956,50,37,13,,,126.82157732377088,37.21059593228334,126.82069168131704,37.196750287471744,2024-10-24 13:38:45
957,34,50,13,,,126.82168974858874,37.20379178442665,126.82321138783165,37.21246930304053,2024-10-24 13:39:13
958,50,37,13,,,126.82245625068111,37.2118002446414,126.8208299641308,37.19838234997723,2024-10-24 13:39:18
959,10,56,13,,,126.81627794332407,37.20853369615643,126.83437375548937,37.205597201766956,2024-10-24 13:39:19
960,32,11,13,,,126.8329258010998,37.20144269521827,126.81453863806807,37.20781014901406,2024-10-24 13:39:47
961,69,30,13,,,126.83813584854154,37.20603369916531,126.83177488324257,37.19842837328137,2024-10-24 13:40:42
962,10,17,13,,,126.81776568238831,37.20953788993348,126.82691038574835,37.196832500141944,2024-10-24 13:41:58
963,56,17,13,,,126.8352183950592,37.204953468016946,126.82602436075338,37.19754058287579,2024-10-24 13:42:11
964,56,31,13,,,126.83566331712841,37.206140742496096,126.82936979428811,37.19772024038146,2024-10-24 13:43:04
965,51,71,13,,,126.81936944136768,37.211034823418125,126.8401986887803,37.205251203348176,2024-10-24 13:43:43
966,51,71,13,,,126.81922960952943,37.2100021018358,126.83959790983526,37.205277945117835,2024-10-24 13:44:34
967,17,70,13,,,126.8268288311097,37.19681165132804,126.83871016491483,37.20973447442637,2024-10-24 13:44:47
968,54,33,13,,,126.83315963911426,37.209696768513844,126.82873541636036,37.20116526233819,2024-10-24 13:45:11
969,31,58,13,,,126.82926238160059,37.19764057187272,126.83560693054953,37.208494140004106,2024-10-24 13:45:42
970,34,50,13,,,126.82169346761206,37.20396580612353,126.82309355284684,37.210513761027485,2024-10-24 13:46:08
971,69,30,13,,,126.83845595211058,37.206961004997325,126.83202530948982,37.19992487497452,2024-10-24 13:46:49
972,37,51,13,,,126.82117513873577,37.197975411638865,126.81973107502667,37.209660125491034,2024-10-24 13:46:51
973,56,41,13,,,126.83447808341747,37.206012199873705,126.83485341762513,37.19768180906304,2024-10-24 13:47:22
974,10,38,13,,,126.81646914962558,37.20939789537761,126.82474795944582,37.201924312833285,2024-10-24 13:47:37
975,26,37,13,,,126.81769211001344,37.19299103252354,126.82073925991772,37.19649572597745,2024-10-24 13:47:40
976,56,41,13,,,126.83468817624782,37.20611715500115,126.83376176087782,37.19695267139933,2024-10-24 13:48:48
977,70,42,13,,,126.83867915527276,37.208681277220634,126.83153369485987,37.19553286934244,2024-10-24 13:49:00
978,70,17,13,,,126.83861605928769,37.20880899364626,126.82628061945461,37.19674024450792,2024-10-24 13:49:27
979,33,70,13,,,126.82884508412407,37.200149895900054,126.83848861415927,37.20899794436299,2024-10-24 13:50:12
980,33,58,13,,,126.8301341282954,37.20103199748141,126.83453241254743,37.20845665328285,2024-10-24 13:50:56
981,33,54,13,,,126.8298654709876,37.20034510439127,126.83346493607004,37.21055666384034,2024-10-24 13:51:42
982,56,33,13,,,126.83449457493413,37.20550378991949,126.82832870934743,37.2001282136514,2024-10-24 13:52:17
983,10,17,13,,,126.81687317076329,37.209695381060286,126.82715526804775,37.1966110082816,2024-10-24 13:52:53
984,17,54,13,,,126.82650677187547,37.19644651593422,126.83308546829163,37.21058758931129,2024-10-24 13:53:39
985,32,58,13,,,126.83151461254297,37.201773078096,126.83571985798444,37.20853446138099,2024-10-24 13:54:48
986,23,32,13,,,126.8202029281246,37.191829428606376,126.83202032147048,37.202314423612485,2024-10-24 13:54:52
987,70,11,13,,,126.83828511086266,37.21032312120157,126.81408144912497,37.20729983898203,2024-10-24 13:54:59
988,19,10,13,,,126.82885492587384,37.194385371013986,126.81771131238546,37.20835968313448,2024-10-24 13:55:59
989,58,33,13,,,126.836082276475,37.2074838855779,126.82908386917585,37.20109514790695,2024-10-24 13:56:32
990,72,33,13,,,126.81224390704773,37.206335915680526,126.82943031315637,37.199787183240936,2024-10-24 13:56:48
991,70,33,13,,,126.83717601079921,37.210415128372055,126.8285283837144,37.199728330372274,2024-10-24 13:57:00
992,34,50,13,,,126.82102012902247,37.20329144055376,126.82321975043136,37.210713892255384,2024-10-24 13:57:05
993,58,33,13,,,126.83442525512068,37.20895979376537,126.82909911692762,37.20019879002085,2024-10-24 13:57:35
994,51,71,13,,,126.81885288860262,37.21123353523274,126.83968237775933,37.20467590750672,2024-10-24 13:57:57
995,11,17,13,,,126.81452249595179,37.20742476847859,126.82592122939892,37.19685710228549,2024-10-24 13:58:38
996,33,56,13,,,126.8285468099803,37.19972048425943,126.83517605330323,37.20477802781427,2024-10-24 13:58:50
997,56,40,14,,,126.83483850097687,37.20487933356192,126.83180167960107,37.19389336300185,2024-10-24 14:00:06
998,54,33,14,,,126.8321781103748,37.21043859514982,126.83002509549026,37.200583068180016,2024-10-24 14:00:14
999,58,17,14,,,126.8347996452502,37.20768632812802,126.82654346252787,37.19656173889379,2024-10-24 14:00:25
1000,17,58,14,,,126.82667000668702,37.197037414447664,126.83518184617228,37.20756691049966,2024-10-24 14:00:46
1001,32,54,14,,,126.8313377362977,37.2022858673059,126.83331505653109,37.2098929072933,2024-10-24 14:01:39
1002,58,19,14,,,126.83452111062904,37.209122740141936,126.8297107486491,37.19570247935749,2024-10-24 14:01:59
1003,17,54,14,,,126.8265581868386,37.19723121896551,126.8317837338422,37.209350429285685,2024-10-24 14:02:33
1004,50,38,14,,,126.82228259335743,37.21154181185762,126.82325368010754,37.20197373264459,2024-10-24 14:02:37
1005,33,70,14,,,126.82937310410513,37.20016056714386,126.8376055328348,37.209206668568,2024-10-24 14:02:42
1006,33,56,14,,,126.82843449347658,37.20017669555349,126.83530178308506,37.20504431140695,2024-10-24 14:02:58
1007,19,10,14,,,126.82986092372464,37.19538209924189,126.81751585751884,37.210280342829215,2024-10-24 14:03:26
1008,51,34,14,,,126.82050201604099,37.21079929504721,126.82200034090138,37.20298140466154,2024-10-24 14:03:43
1009,17,12,14,,,126.82699142783491,37.197216801295085,126.81989882206781,37.20413446665619,2024-10-24 14:05:16
1010,58,33,14,,,126.83460836396179,37.208452763470916,126.83021572687696,37.20056959552359,2024-10-24 14:05:55
1011,56,17,14,,,126.83474264355583,37.20474098201844,126.8267498004368,37.19612613702511,2024-10-24 14:05:59
1012,51,37,14,,,126.81892100792017,37.21086468271319,126.82213643158254,37.19798106599491,2024-10-24 14:06:10
1013,56,33,14,,,126.83586742959952,37.20578565344398,126.8284896128599,37.200723676110584,2024-10-24 14:07:27
1014,72,56,14,,,126.81156435051712,37.206878883715426,126.83544461273765,37.20498452238255,2024-10-24 14:07:42
1015,70,17,14,,,126.8380646231245,37.20857004273372,126.82581877420543,37.19679776156552,2024-10-24 14:07:48
1016,17,56,14,,,126.825859054789,37.19750921326984,126.83511333297675,37.20594847765927,2024-10-24 14:08:13
1017,56,33,14,,,126.83490152355901,37.20587149925465,126.829309755606,37.201124152352364,2024-10-24 14:08:51
1018,42,70,14,,,126.83082803691062,37.195528907704784,126.83841894331746,37.20962223695244,2024-10-24 14:08:59
1019,23,32,14,,,126.82076514444431,37.191465458398156,126.8320955305797,37.20223713479785,2024-10-24 14:09:01
1020,31,54,14,,,126.8284864383256,37.19781213064257,126.83281454979037,37.209984112101004,2024-10-24 14:09:12
1021,42,70,14,,,126.8311756493859,37.195968323149486,126.8377170715698,37.20975026706848,2024-10-24 14:10:25
1022,12,17,14,,,126.8189815773651,37.20406547806143,126.82587160774338,37.196933951654316,2024-10-24 14:10:39
1023,35,32,14,,,126.81939243758278,37.2010101028549,126.83160387819288,37.20145726098827,2024-10-24 14:10:43
1024,50,37,14,,,126.82249405476848,37.21113550609686,126.82049752124857,37.19832080683949,2024-10-24 14:10:47
1025,51,37,14,,,126.8194558787662,37.21017674639303,126.82208525222478,37.19796012435873,2024-10-24 14:10:54
1026,58,33,14,,,126.83491221201703,37.208600617884436,126.83004346075842,37.20085616659842,2024-10-24 14:11:19
1027,50,38,14,,,126.82335062945147,37.21235472008753,126.82414873407254,37.20205397044655,2024-10-24 14:12:05
1028,50,37,14,,,126.82335128535846,37.2105529101181,126.82147195568965,37.19765749672217,2024-10-24 14:12:36
1029,33,58,14,,,126.83024785612228,37.20006353326438,126.83555801785029,37.20858002968495,2024-10-24 14:12:43
1030,50,37,14,,,126.82219655249266,37.210953059795344,126.82211161683341,37.19836123387302,2024-10-24 14:13:11
1031,32,58,14,,,126.83131120820404,37.2021172231767,126.83430470834844,37.20891562810793,2024-10-24 14:13:37
1032,58,42,14,,,126.83502062765523,37.20928536229446,126.83151621023931,37.19516526270472,2024-10-24 14:13:47
1033,56,41,14,,,126.83590670372261,37.20624204799546,126.8339033848408,37.19702403755783,2024-10-24 14:14:09
1034,56,17,14,,,126.83420524204448,37.20474075689283,126.82547906154993,37.19707619399803,2024-10-24 14:14:10
1035,58,33,14,,,126.83448310496084,37.2085088554415,126.82838906344954,37.20041421424572,2024-10-24 14:14:45
1036,54,33,14,,,126.83222811429987,37.21095781022373,126.82995451616003,37.200923053715464,2024-10-24 14:16:42
1037,50,38,14,,,126.82217059656557,37.21153791898035,126.82428425017514,37.201790052604366,2024-10-24 14:16:46
1038,51,37,14,,,126.81999181760825,37.210067538690474,126.82058873472127,37.19784654320238,2024-10-24 14:17:04
1039,56,41,14,,,126.83452427480661,37.20622331029864,126.8338836480057,37.19720933453297,2024-10-24 14:17:22
1040,70,42,14,,,126.83760288703586,37.21036525252009,126.83188124509411,37.19651462239762,2024-10-24 14:17:36
1041,26,37,14,,,126.81835679046102,37.19269784855284,126.82052149701693,37.19797125398427,2024-10-24 14:17:55
1042,33,56,14,,,126.83014001093811,37.200991746135806,126.83412451257429,37.20536335757759,2024-10-24 14:18:31
1043,33,56,14,,,126.82962378912106,37.199771953361676,126.8346860200026,37.20465958764345,2024-10-24 14:18:31
1044,58,33,14,,,126.83481138430516,37.20914013290924,126.82938281972984,37.20041626441962,2024-10-24 14:19:08
1045,33,56,14,,,126.82961309566693,37.20140060375007,126.83467013211404,37.20510525653322,2024-10-24 14:19:58
1046,11,58,14,,,126.81529470010271,37.20727027097461,126.83476288881934,37.207888300227715,2024-10-24 14:20:36
1047,50,38,14,,,126.82195120334916,37.212047867700235,126.8237576877262,37.20065268564466,2024-10-24 14:20:47
1048,59,33,14,,,126.83173423766051,37.20792884401569,126.82995855041335,37.20140938083524,2024-10-24 14:21:11
1049,50,37,14,,,126.82167041983398,37.21217955869491,126.82089812155819,37.19648257040392,2024-10-24 14:21:40
1050,17,70,14,,,126.82570477948461,37.19684949970048,126.83726032754878,37.209544332519634,2024-10-24 14:21:47
1051,70,11,14,,,126.83816098128305,37.21008510349354,126.81364090328165,37.20780244173001,2024-10-24 14:21:47
1052,56,31,14,,,126.8346666084113,37.2053800581439,126.82894486894895,37.196985618994255,2024-10-24 14:22:02
1053,50,38,14,,,126.82315454800398,37.21223406348549,126.82472127771378,37.201174823807854,2024-10-24 14:22:10
1054,56,32,14,,,126.83495802212663,37.20569702475976,126.83222333325953,37.20213816371646,2024-10-24 14:22:28
1055,58,33,14,,,126.83590913840828,37.2090577252691,126.8302534999623,37.20037297394521,2024-10-24 14:22:38
1056,70,33,14,,,126.8382445305686,37.21017441325681,126.8293812432352,37.20100752339523,2024-10-24 14:22:41
1057,41,56,14,,,126.83454966384483,37.19799030590872,126.83467314395183,37.204818509327225,2024-10-24 14:23:19
1058,70,17,14,,,126.83736083740078,37.20963826061266,126.82701362512319,37.197656195879084,2024-10-24 14:23:54
1059,70,32,14,,,126.83767166468957,37.208647129050185,126.83219146849474,37.20110447070827,2024-10-24 14:26:11
1060,50,38,14,,,126.8227220523465,37.210945622099935,126.82357797248699,37.20072537959364,2024-10-24 14:28:11
1061,32,11,14,,,126.83169584148337,37.20159358592651,126.81451366555017,37.20789861004237,2024-10-24 14:28:14
1062,50,37,14,,,126.82198607038225,37.21242290604962,126.82190414369877,37.19791482317113,2024-10-24 14:28:15
1063,50,37,14,,,126.82333092799044,37.21249188527564,126.82212680655998,37.196713908500946,2024-10-24 14:29:21
1064,10,56,14,,,126.81781514705412,37.21020530227879,126.83590243033647,37.20574308197774,2024-10-24 14:30:14
1065,70,19,14,,,126.83687671857155,37.20864098166619,126.82796710113979,37.19584141357247,2024-10-24 14:30:17
1066,54,17,14,,,126.83203328047729,37.20977103556873,126.82732648720531,37.19756672406843,2024-10-24 14:30:27
1067,51,37,14,,,126.8201199335303,37.21060002008079,126.82117011308243,37.196827467720574,2024-10-24 14:30:58
1068,56,31,14,,,126.83462910700331,37.206141588911,126.82962724523617,37.196921965723874,2024-10-24 14:31:05
1069,10,38,14,,,126.81686432709341,37.209743363172095,126.82475377147107,37.2005279172347,2024-10-24 14:31:18
1070,70,42,14,,,126.83871362973954,37.20948062104828,126.8323422855803,37.195402836523016,2024-10-24 14:31:46
1071,33,54,14,,,126.82873229245966,37.199711279094664,126.83207949113032,37.210269485409654,2024-10-24 14:32:09
1072,58,19,14,,,126.8357275882369,37.209290980708474,126.82882918016485,37.19532613319848,2024-10-24 14:32:42
1073,59,15,14,,,126.83212787937309,37.206685933151675,126.8175344275526,37.20648990108165,2024-10-24 14:34:08
1074,37,72,14,,,126.82038476606084,37.19697536026916,126.81141620832899,37.2066913608034,2024-10-24 14:34:13
1075,50,38,14,,,126.82330455879544,37.21203083341998,126.82404795602496,37.200699413121214,2024-10-24 14:35:14
1076,59,41,14,,,126.83171308187751,37.207731212174764,126.83415453714815,37.19764509654328,2024-10-24 14:35:14
1077,10,17,14,,,126.81746052097844,37.20853250084005,126.8257845402725,37.1968329623444,2024-10-24 14:35:27
1078,69,30,14,,,126.8380853639919,37.20725607565029,126.83229203247073,37.19797588929087,2024-10-24 14:35:32
1079,33,56,14,,,126.82941187348705,37.201166493161864,126.83589333396459,37.20588900327866,2024-10-24 14:35:43
1080,51,37,14,,,126.8201484124194,37.21083394736776,126.8214848917361,37.198373986562395,2024-10-24 14:35:45
1081,10,17,14,,,126.81715023245074,37.20965201536718,126.8265224664063,37.19766464693071,2024-10-24 14:35:55
1082,54,33,14,,,126.8328878562866,37.210808383621284,126.8287480210652,37.20065271645689,2024-10-24 14:37:06
1083,10,40,14,,,126.81668520285395,37.209141376686965,126.83232360999394,37.19261625080719,2024-10-24 14:37:32
1084,56,32,14,,,126.83485036339654,37.204772771025986,126.8327180416518,37.20099055118179,2024-10-24 14:37:34
1085,11,70,14,,,126.8144691349126,37.208398469726795,126.83773947281047,37.20872810355381,2024-10-24 14:37:58
1086,10,17,14,,,126.81622120547662,37.20916863154024,126.82612154617802,37.19704688884138,2024-10-24 14:38:06
1087,56,41,14,,,126.83433340557525,37.20625500632869,126.83461583445,37.19747719190053,2024-10-24 14:38:15
1088,31,58,14,,,126.82956155677846,37.1980822793138,126.83427636742992,37.20795114628314,2024-10-24 14:38:18
1089,51,37,14,,,126.82042000970584,37.211161999937325,126.82054996141497,37.1967478519039,2024-10-24 14:38:36
1090,70,18,14,,,126.83696121894158,37.20902917944646,126.82339871712709,37.19591551835756,2024-10-24 14:39:11
1091,19,10,14,,,126.8283103603749,37.19504428744938,126.81679882192057,37.20891782839805,2024-10-24 14:39:16
1092,70,33,14,,,126.83819898299296,37.209798470678464,126.82902552200342,37.200557455395376,2024-10-24 14:40:27
1093,72,70,14,,,126.81165776648162,37.20732535859017,126.83824727937147,37.209350901263214,2024-10-24 14:41:15
1094,50,38,14,,,126.82214012250981,37.21197117723498,126.82439185802485,37.200945507424095,2024-10-24 14:41:30
1095,11,17,14,,,126.81441716373125,37.20773857842894,126.82650609685751,37.19651976639134,2024-10-24 14:41:32
1096,56,33,14,,,126.8344280497867,37.20633851523265,126.82956076167073,37.20081606824239,2024-10-24 14:41:33
1097,56,19,14,,,126.83530842334017,37.2059647685153,126.82899054351353,37.19517939393393,2024-10-24 14:41:43
1098,50,37,14,,,126.82184373924083,37.210962336372646,126.8209792693362,37.19779835948152,2024-10-24 14:41:48
1099,58,19,14,,,126.83586352817028,37.20837989047481,126.82879112926933,37.19582668596003,2024-10-24 14:42:49
1100,50,37,14,,,126.82192696650156,37.21236701373601,126.82047428953283,37.1979818194811,2024-10-24 14:43:28
1101,70,10,14,,,126.83746049393883,37.21032380046759,126.81656347619015,37.20872335361898,2024-10-24 14:43:36
1102,50,37,14,,,126.82308363303723,37.21124843247744,126.82053577211182,37.19740649490529,2024-10-24 14:44:20
1103,54,33,14,,,126.83249219115598,37.210144898473445,126.82951447758602,37.1998245926991,2024-10-24 14:45:01
1104,41,70,14,,,126.8344868495279,37.19742085206548,126.83729945481548,37.208994385253646,2024-10-24 14:46:17
1105,50,37,14,,,126.82164754742736,37.21206016617468,126.82119827366375,37.19811588018308,2024-10-24 14:46:58
1106,17,54,14,,,126.82704464997595,37.19717533603129,126.83295639767061,37.209384202600866,2024-10-24 14:47:04
1107,33,56,14,,,126.82835105040253,37.20106329332838,126.83523578639212,37.205808929179604,2024-10-24 14:47:27
1108,51,37,14,,,126.8194807981773,37.2105122033393,126.82031057089273,37.197070525576066,2024-10-24 14:47:31
1109,70,33,14,,,126.83772990154064,37.2094760811095,126.82973470518158,37.20103473881397,2024-10-24 14:47:41
1110,33,58,14,,,126.82894518531604,37.19986499028805,126.83519620075957,37.209192200093185,2024-10-24 14:48:26
1111,69,30,14,,,126.83682592651567,37.20745333568532,126.83086310475673,37.198552891404255,2024-10-24 14:48:43
1112,56,33,14,,,126.8357765130577,37.20602022784946,126.82888864798502,37.20163833974905,2024-10-24 14:49:25
1113,58,32,14,,,126.83524343388585,37.208815049851424,126.83215402105404,37.2007839415827,2024-10-24 14:49:29
1114,11,33,14,,,126.8138948755933,37.20732645912112,126.8285844447961,37.19969838776016,2024-10-24 14:49:34
1115,51,37,14,,,126.81892299462534,37.20966647756388,126.82098663344544,37.19732240054721,2024-10-24 14:50:03
1116,32,59,14,,,126.83289710759973,37.2008555807485,126.8331851522679,37.20823123698751,2024-10-24 14:50:29
1117,50,38,14,,,126.82245169294266,37.21164438257741,126.82457707337656,37.20160250009024,2024-10-24 14:50:41
1118,11,32,14,,,126.81524921480334,37.20776531157103,126.83179340689306,37.20164150429977,2024-10-24 14:50:49
1119,58,33,14,,,126.8358487184244,37.208075217441056,126.82885726821063,37.201085462893985,2024-10-24 14:51:18
1120,70,33,14,,,126.83795431180366,37.210068385866265,126.8299189743737,37.19985161521302,2024-10-24 14:51:35
1121,51,37,14,,,126.81953382813016,37.210843484105965,126.82179800751186,37.19704264032203,2024-10-24 14:52:30
1122,17,54,14,,,126.82716520445157,37.196438419530544,126.83353238059244,37.2100620832877,2024-10-24 14:52:37
1123,11,58,14,,,126.8147053496199,37.20890101316156,126.83524040577582,37.208010568875615,2024-10-24 14:52:40
1124,31,59,14,,,126.82945969721486,37.197710417100886,126.8316727073074,37.207529814071776,2024-10-24 14:53:01
1125,72,33,14,,,126.81129138932688,37.207897585259886,126.82844500377506,37.2006407963295,2024-10-24 14:53:50
1126,32,56,14,,,126.83129086272005,37.201630924932246,126.83554507354839,37.20473267439481,2024-10-24 14:54:48
1127,56,33,14,,,126.83512754122359,37.20500273375626,126.83027278869655,37.20108295699937,2024-10-24 14:55:09
1128,12,19,14,,,126.81938838589802,37.204389266537824,126.82830106367905,37.19517295863099,2024-10-24 14:55:22
1129,58,19,14,,,126.83561824876158,37.208286560732795,126.82846487661187,37.195705040229086,2024-10-24 14:55:34
1130,40,72,14,,,126.83221501624624,37.19428062106826,126.81109303254496,37.20807423491078,2024-10-24 14:55:37
1131,32,59,14,,,126.83168576851452,37.201321874899605,126.83205788366472,37.207986339144554,2024-10-24 14:55:59
1132,11,17,14,,,126.8148542799879,37.20800057234153,126.82685735481351,37.196630816387064,2024-10-24 14:57:40
1133,69,30,14,,,126.83676840632474,37.20691229044202,126.83086732436945,37.19886468057352,2024-10-24 14:57:53
1134,56,17,14,,,126.83506491513897,37.20470778347642,126.82606784162188,37.19697621116937,2024-10-24 14:58:17
1135,42,70,14,,,126.83192794803598,37.19539161243864,126.83863785862995,37.21033681563819,2024-10-24 14:58:53
1136,50,37,15,,,126.82325919631876,37.211531279681104,126.82113286200206,37.19740496261895,2024-10-24 15:00:15
1137,50,37,15,,,126.82167708272318,37.21229353846096,126.8221265341142,37.197704274249716,2024-10-24 15:01:16
1138,72,56,15,,,126.81258101636078,37.206762340957944,126.83417278444571,37.20572578920908,2024-10-24 15:01:32
1139,32,59,15,,,126.83116424610331,37.201320136030525,126.83315053807671,37.2073889698159,2024-10-24 15:01:51
1140,33,70,15,,,126.82937686008188,37.19986051150584,126.83850721176483,37.20924718548788,2024-10-24 15:02:48
1141,37,72,15,,,126.82157395770426,37.19830061464661,126.8125428450682,37.20784692034823,2024-10-24 15:03:52
1142,11,17,15,,,126.81495997843193,37.207438199326326,126.82721213145571,37.197544163314745,2024-10-24 15:04:11
1143,56,32,15,,,126.83419120331335,37.20488441027205,126.83239181734103,37.201576813370245,2024-10-24 15:04:18
1144,70,42,15,,,126.83858669116157,37.20891623646356,126.83133224886267,37.19529001065577,2024-10-24 15:04:28
1145,37,51,15,,,126.82045614418608,37.196447526533206,126.81958654915437,37.20962720369977,2024-10-24 15:04:38
1146,70,10,15,,,126.83820023447642,37.209309287834564,126.81660335707525,37.20940010299364,2024-10-24 15:04:49
1147,31,54,15,,,126.8293103624886,37.197896999227595,126.83293321412278,37.209683937102064,2024-10-24 15:05:20
1148,56,41,15,,,126.8356341918283,37.2058807611727,126.83425088184013,37.19816951952418,2024-10-24 15:06:31
1149,37,51,15,,,126.82142910033485,37.19693429154897,126.82004524698596,37.210341606317094,2024-10-24 15:06:42
1150,50,37,15,,,126.82152019882658,37.21057023546443,126.82181522099776,37.19787869401414,2024-10-24 15:07:03
1151,58,19,15,,,126.83598280216069,37.208939488371755,126.82943717315476,37.194386603973584,2024-10-24 15:07:07
1152,10,17,15,,,126.8173090799384,37.20899000179633,126.82647111057814,37.19735450212068,2024-10-24 15:07:18
1153,41,70,15,,,126.8337424718047,37.197587262546094,126.83869109731897,37.209473440453316,2024-10-24 15:07:34
1154,23,32,15,,,126.82173691063483,37.19195365960506,126.83245959670863,37.200906630933154,2024-10-24 15:07:43
1155,58,33,15,,,126.83452138931504,37.20837413498814,126.82885366243939,37.200382963235285,2024-10-24 15:09:18
1156,54,33,15,,,126.83172261763552,37.2092648710711,126.82879124364008,37.20165854998366,2024-10-24 15:09:33
1157,33,56,15,,,126.82995772091297,37.200856871048096,126.83541425230187,37.20631814773216,2024-10-24 15:09:54
1158,56,41,15,,,126.83399496091081,37.2059832045632,126.83380592936695,37.19748567695197,2024-10-24 15:10:54
1159,69,30,15,,,126.838310098764,37.20713032425626,126.83082387177686,37.19942550216177,2024-10-24 15:11:02
1160,32,58,15,,,126.83231186554242,37.20189222471268,126.83560783962349,37.208042161019534,2024-10-24 15:11:32
1161,58,33,15,,,126.83523859074499,37.208614897493824,126.82913766566219,37.200125187453395,2024-10-24 15:11:36
1162,10,38,15,,,126.816165965918,37.209663486853586,126.82431722485714,37.20218143895942,2024-10-24 15:11:48
1163,70,42,15,,,126.83873198705898,37.20911627467411,126.83110276932943,37.19533412299664,2024-10-24 15:12:12
1164,33,56,15,,,126.83003830223348,37.20126452687719,126.83407753263954,37.205328615283634,2024-10-24 15:12:20
1165,58,19,15,,,126.83457440498584,37.208209719377884,126.82883500455041,37.19497680927682,2024-10-24 15:13:39
1166,33,56,15,,,126.82999793944789,37.20082129765201,126.83443752069995,37.204751570866044,2024-10-24 15:14:23
1167,37,51,15,,,126.82076453888142,37.197874105023224,126.81993345919504,37.20948747265527,2024-10-24 15:14:58
1168,70,32,15,,,126.83811680999982,37.209618796951275,126.83250378005002,37.20222126485092,2024-10-24 15:16:17
1169,56,33,15,,,126.83512980568538,37.206519098513844,126.82867427431138,37.19974102528832,2024-10-24 15:16:19
1170,37,51,15,,,126.82143819524934,37.19789223062268,126.81936947795384,37.20980924049947,2024-10-24 15:16:30
1171,32,59,15,,,126.83223082129007,37.2012506066707,126.83196155900579,37.20692821182693,2024-10-24 15:18:58
1172,58,33,15,,,126.83498930020241,37.20748766231607,126.82880993626522,37.20141097980655,2024-10-24 15:19:03
1173,11,33,15,,,126.81448177408187,37.20803709863713,126.8296773069534,37.200057116104716,2024-10-24 15:19:53
1174,58,33,15,,,126.83571217339929,37.20866592656782,126.82953732955828,37.20094178129212,2024-10-24 15:20:08
1175,69,30,15,,,126.8385921578601,37.20620184007254,126.83211311604612,37.19796278909747,2024-10-24 15:20:11
1176,32,56,15,,,126.83212663831625,37.20220044814995,126.83485505077202,37.204765754819256,2024-10-24 15:20:45
1177,31,59,15,,,126.82989739181538,37.19807636386656,126.83146921436492,37.207447844120516,2024-10-24 15:21:19
1178,11,58,15,,,126.81491460457154,37.20785660398525,126.83597008271435,37.20881777245732,2024-10-24 15:21:36
1179,58,33,15,,,126.83551750052827,37.20771307813151,126.82858727637611,37.19978508630363,2024-10-24 15:22:55
1180,54,33,15,,,126.83175751749147,37.210769031557675,126.82992848078904,37.19990215708181,2024-10-24 15:23:03
1181,72,70,15,,,126.81211728563756,37.207016262020105,126.83719685451652,37.208582493895655,2024-10-24 15:23:40
1182,70,33,15,,,126.83782586514344,37.2103353953749,126.8284231933714,37.20051164111458,2024-10-24 15:24:04
1183,51,37,15,,,126.81930032090067,37.210086268555884,126.82225477825972,37.19653399305752,2024-10-24 15:24:30
1184,12,19,15,,,126.81881183007174,37.2040080583083,126.82872962012084,37.19409719824139,2024-10-24 15:24:31
1185,70,18,15,,,126.83690048186897,37.20947023504901,126.82401758465879,37.19542185858234,2024-10-24 15:24:57
1186,70,33,15,,,126.8387094638438,37.21013933703313,126.83019602515142,37.20128337461764,2024-10-24 15:25:07
1187,12,17,15,,,126.82018321061229,37.205590813064624,126.82652567996199,37.19577132686981,2024-10-24 15:25:12
1188,70,33,15,,,126.83779118700944,37.20922998246231,126.82855969224593,37.20071914806258,2024-10-24 15:25:27
1189,41,56,15,,,126.83503559475717,37.1975087445366,126.83584306072562,37.20577505690152,2024-10-24 15:25:39
1190,51,37,15,,,126.81929240543803,37.21074085730751,126.82047428270063,37.19720381316153,2024-10-24 15:26:13
1191,51,37,15,,,126.82033061806646,37.211327699822064,126.82139523443816,37.197387736394454,2024-10-24 15:26:14
1192,17,70,15,,,126.82577720151366,37.196480254702685,126.8379746102007,37.20974867581339,2024-10-24 15:26:15
1193,54,33,15,,,126.83275299251899,37.209319459755534,126.82938215347095,37.200281244623625,2024-10-24 15:26:32
1194,33,58,15,,,126.82860457303933,37.20061496202589,126.83415680554944,37.20919921007383,2024-10-24 15:26:37
1195,10,17,15,,,126.8164873276964,37.20951933425318,126.82572366002545,37.196257022363696,2024-10-24 15:27:21
1196,56,31,15,,,126.83586043624697,37.205291389174974,126.82836488007413,37.19800221965952,2024-10-24 15:27:26
1197,33,56,15,,,126.82879016825564,37.201206518442646,126.83518387904111,37.20552328930973,2024-10-24 15:28:11
1198,56,40,15,,,126.83438000772277,37.20465205937551,126.83138714089168,37.19253491354082,2024-10-24 15:28:35
1199,17,58,15,,,126.8263144081647,37.1970161372048,126.83577322231908,37.20830690397127,2024-10-24 15:29:03
1200,50,37,15,,,126.82266605050624,37.21093728667157,126.82169154730263,37.19824882215684,2024-10-24 15:29:26
1201,58,33,15,,,126.83591672472552,37.2086175886622,126.82861221278098,37.20084932612843,2024-10-24 15:29:38
1202,58,17,15,,,126.83536671817016,37.20796141816156,126.82631191470175,37.197549799428295,2024-10-24 15:29:40
1203,11,58,15,,,126.8151561470812,37.20869271576048,126.83529853342489,37.20943923311541,2024-10-24 15:29:40
1204,58,32,15,,,126.83598885370213,37.20774853714605,126.83177388637746,37.20165648646693,2024-10-24 15:29:45
1205,10,56,15,,,126.81792194400558,37.208690610344135,126.83412621897578,37.204782134562606,2024-10-24 15:30:23
1206,33,56,15,,,126.8286650721074,37.2004053165243,126.83438112146973,37.206207974703524,2024-10-24 15:30:29
1207,32,11,15,,,126.83193769055391,37.201771830942555,126.81416794346639,37.208724762411556,2024-10-24 15:30:59
1208,69,30,15,,,126.8368715023709,37.20665123656544,126.83114493630588,37.199337198548434,2024-10-24 15:31:03
1209,51,37,15,,,126.8192745820839,37.21094029529197,126.82136969761048,37.196829844653884,2024-10-24 15:31:22
1210,56,41,15,,,126.8352273840249,37.20618358185917,126.83362323831295,37.19674880844663,2024-10-24 15:31:41
1211,10,17,15,,,126.81669160542918,37.20910589525729,126.82658755984436,37.19739747165138,2024-10-24 15:32:55
1212,58,19,15,,,126.83427479846623,37.208488462037344,126.82875583090411,37.19450542841924,2024-10-24 15:33:06
1213,17,54,15,,,126.82735556950041,37.19708549363522,126.8319463289611,37.20946502598493,2024-10-24 15:33:13
1214,10,40,15,,,126.81720232809995,37.208566908060696,126.83052205066821,37.19295065408395,2024-10-24 15:33:13
1215,56,33,15,,,126.83392317769787,37.20480436450839,126.82972775587433,37.201518056776926,2024-10-24 15:33:14
1216,56,33,15,,,126.83408477209541,37.20586701892829,126.82891667291064,37.20131875006081,2024-10-24 15:34:07
1217,70,17,15,,,126.83816803913231,37.21043017375831,126.82562755253373,37.19754559605351,2024-10-24 15:35:08
1218,58,33,15,,,126.83612440814404,37.20843708139925,126.8299882514299,37.20084894460695,2024-10-24 15:35:37
1219,26,37,15,,,126.81932048098507,37.19449484877416,126.82119061932177,37.19798134334566,2024-10-24 15:35:56
1220,17,54,15,,,126.8257524396588,37.196192072390986,126.8327827315821,37.209471612225215,2024-10-24 15:37:12
1221,56,32,15,,,126.83439601892711,37.20497293154645,126.83126596752379,37.201910476325295,2024-10-24 15:37:46
1222,58,42,15,,,126.83496862317597,37.20925515819076,126.83253343086409,37.19520384154642,2024-10-24 15:39:09
1223,19,10,15,,,126.82982265601748,37.194768768807656,126.81741994219793,37.209474561495135,2024-10-24 15:39:20
1224,58,19,15,,,126.83453058226034,37.208110599230764,126.82851755903644,37.1953885338489,2024-10-24 15:39:34
1225,17,12,15,,,126.82604187406551,37.196558176888935,126.8190105416692,37.20455424090416,2024-10-24 15:40:17
1226,56,33,15,,,126.83474117419256,37.20641674957688,126.82985939879447,37.20128060647086,2024-10-24 15:40:31
1227,50,37,15,,,126.82267034052649,37.21128578256571,126.82134201098073,37.1966404646484,2024-10-24 15:41:39
1228,35,32,15,,,126.8197405262186,37.20280944243701,126.83153340140112,37.20141643953501,2024-10-24 15:41:40
1229,11,70,15,,,126.81413430608421,37.20922997661364,126.83740710252488,37.20879464069285,2024-10-24 15:41:44
1230,11,32,15,,,126.81484006668686,37.2088768120524,126.83190517461023,37.20206826750931,2024-10-24 15:43:25
1231,40,72,15,,,126.8322423335253,37.19254347815788,126.81185123871842,37.206348774822175,2024-10-24 15:43:33
1232,42,70,15,,,126.83254137860413,37.19602228068559,126.83820317618276,37.21007824755847,2024-10-24 15:43:36
1233,51,37,15,,,126.81976391734081,37.20960072307985,126.82042166023649,37.198345454755156,2024-10-24 15:44:10
1234,56,17,15,,,126.83425322772604,37.20490399476003,126.82602029411609,37.195869556236374,2024-10-24 15:44:17
1235,56,17,15,,,126.83572308746446,37.20468104530669,126.82589098454947,37.1970063844077,2024-10-24 15:44:38
1236,31,58,15,,,126.82824638510694,37.19877110773253,126.83572927595053,37.208726029930354,2024-10-24 15:45:18
1237,50,37,15,,,126.82168258912019,37.211281481317044,126.82104340739843,37.1970832654498,2024-10-24 15:45:22
1238,54,33,15,,,126.83355206800378,37.21023971377243,126.82938739616414,37.2014061829235,2024-10-24 15:45:33
1239,42,70,15,,,126.8311976921126,37.19665515417377,126.83696672731922,37.20886346136203,2024-10-24 15:45:34
1240,17,54,15,,,126.82542882495116,37.19602073854858,126.83195988019747,37.210490252979255,2024-10-24 15:45:44
1241,54,17,15,,,126.8318416133939,37.20991199673684,126.82687626781234,37.19703522277982,2024-10-24 15:47:01
1242,37,51,15,,,126.82088728632287,37.19841003340515,126.81871161708101,37.20944054510854,2024-10-24 15:47:07
1243,56,33,15,,,126.83419490543059,37.20489670413136,126.82921511163944,37.20020768235953,2024-10-24 15:47:15
1244,72,33,15,,,126.81094286328748,37.206471910160005,126.83021848291116,37.20007429518132,2024-10-24 15:47:35
1245,70,19,15,,,126.83823740747104,37.208673541127055,126.82982869236311,37.194444253943345,2024-10-24 15:48:07
1246,70,33,15,,,126.83846949123512,37.20960333825665,126.82921823014267,37.20146468526111,2024-10-24 15:48:27
1247,59,15,15,,,126.83151488867341,37.20791499037896,126.81674520804333,37.20658520064837,2024-10-24 15:50:04
1248,56,17,15,,,126.83575836133163,37.20580161071757,126.82568880039074,37.195843395576446,2024-10-24 15:50:35
1249,33,54,15,,,126.82866350107274,37.19988888167295,126.83197415965148,37.210377014744786,2024-10-24 15:50:36
1250,33,56,15,,,126.83015919187481,37.20156228641347,126.83527574962527,37.20511024191638,2024-10-24 15:50:56
1251,70,11,15,,,126.8387109241862,37.20907910805987,126.8149148687586,37.208342003529566,2024-10-24 15:51:23
1252,59,41,15,,,126.8329112201324,37.206402623580274,126.8335012243305,37.198095823069984,2024-10-24 15:51:24
1253,42,70,15,,,126.83132806471248,37.19524016791521,126.83733521041079,37.21053144643297,2024-10-24 15:53:03
1254,58,19,15,,,126.83458864359707,37.2076789203382,126.82869138003332,37.194509065480005,2024-10-24 15:53:10
1255,10,17,15,,,126.8171445995013,37.21029867279215,126.8267938857599,37.19645404191087,2024-10-24 15:53:32
1256,70,17,15,,,126.83805964362315,37.20990885966143,126.82727010597752,37.19644102959391,2024-10-24 15:53:46
1257,56,33,15,,,126.83513361271875,37.206337652713444,126.82834553402996,37.201221106139656,2024-10-24 15:54:00
1258,56,17,15,,,126.83513118148693,37.20483750377371,126.82553353467694,37.19744034455558,2024-10-24 15:54:10
1259,56,41,15,,,126.83559629309718,37.20494135412691,126.83423083000253,37.198018924022136,2024-10-24 15:54:22
1260,33,58,15,,,126.82967126018792,37.20056342411161,126.83549883209108,37.20938218004774,2024-10-24 15:54:25
1261,59,33,15,,,126.8316436459718,37.207771084609924,126.82848045642528,37.200656352951206,2024-10-24 15:54:28
1262,32,54,15,,,126.83133424209532,37.20133574061302,126.83286716146254,37.21058357681956,2024-10-24 15:54:29
1263,56,31,15,,,126.83458341592858,37.20504820157319,126.82956607807618,37.19852207753458,2024-10-24 15:54:55
1264,17,56,15,,,126.82631767675504,37.19660135117415,126.83511758873351,37.20622077614201,2024-10-24 15:55:01
1265,42,70,15,,,126.83143203352257,37.195644722860365,126.83867590579561,37.20952297287155,2024-10-24 15:55:29
1266,11,17,15,,,126.8149656427096,37.208449944146714,126.82669559767717,37.196424456727456,2024-10-24 15:55:34
1267,56,19,15,,,126.83490301670119,37.204855581693465,126.82830733416708,37.19563317920182,2024-10-24 15:55:48
1268,33,56,15,,,126.82864947417093,37.19989777159319,126.83451146396803,37.20544040889844,2024-10-24 15:55:56
1269,54,33,15,,,126.83360503670428,37.21081703066742,126.82899284358919,37.19969861943625,2024-10-24 15:56:57
1270,56,31,15,,,126.83433519338308,37.20657230407278,126.82843711656757,37.196941458730045,2024-10-24 15:57:06
1271,17,54,15,,,126.82708554481972,37.19761860432718,126.83366680051057,37.20950200907563,2024-10-24 15:57:34
1272,51,34,15,,,126.82031921605562,37.21087492397253,126.82115983156943,37.20219444612668,2024-10-24 15:57:37
1273,19,10,15,,,126.82929044911653,37.195496655517275,126.81786330601612,37.20887676323599,2024-10-24 15:57:48
1274,58,33,15,,,126.83496952712795,37.208389723193285,126.82875398050592,37.201186462030435,2024-10-24 15:58:08
1275,70,33,15,,,126.83723832115034,37.210457736760915,126.82876514783001,37.20115581629364,2024-10-24 15:59:28
1276,69,30,15,,,126.83752284611633,37.20646455620165,126.83249581013139,37.1991977333743,2024-10-24 15:59:29
1277,35,32,16,,,126.81953848294096,37.20252274302025,126.83121486053341,37.20083153860339,2024-10-24 16:01:17
1278,70,11,16,,,126.83862919206202,37.20983032447546,126.81480481068125,37.20732675218015,2024-10-24 16:01:26
1279,10,17,16,,,126.81647483323984,37.21008184974127,126.82669496350873,37.197664537665574,2024-10-24 16:01:30
1280,12,19,16,,,126.81992916541145,37.20459192151833,126.8280511513812,37.19492677413947,2024-10-24 16:01:41
1281,58,33,16,,,126.83574015583515,37.20797544829706,126.8286662438212,37.20098312428964,2024-10-24 16:01:59
1282,56,32,16,,,126.83522755176209,37.204996657639,126.8327686262278,37.20230526966083,2024-10-24 16:02:14
1283,40,72,16,,,126.8316619156969,37.192432392617725,126.81220660877793,37.20768510261697,2024-10-24 16:02:57
1284,17,12,16,,,126.82579591893911,37.19698594266092,126.81980997829058,37.204841529358575,2024-10-24 16:03:45
1285,58,33,16,,,126.83486162880756,37.208503193773595,126.82861521868543,37.199961270242014,2024-10-24 16:04:05
1286,58,33,16,,,126.83582501343511,37.20872650957883,126.82888836257145,37.20019965238156,2024-10-24 16:04:23
1287,32,54,16,,,126.83172274479067,37.201944287368576,126.83254402544759,37.21015444630474,2024-10-24 16:04:33
1288,58,42,16,,,126.83472903781936,37.208086464150526,126.8324610608108,37.19524255654926,2024-10-24 16:05:43
1289,41,70,16,,,126.83472819635291,37.196487069234244,126.8379782359043,37.209094280619645,2024-10-24 16:06:11
1290,70,33,16,,,126.83821569757424,37.21018833103021,126.82901798607058,37.2006784518922,2024-10-24 16:06:51
1291,56,33,16,,,126.83488983713173,37.20578062974018,126.82939305814976,37.20077335066175,2024-10-24 16:07:28
1292,70,42,16,,,126.83785146498124,37.20885517417763,126.83221212661996,37.197054722329135,2024-10-24 16:07:33
1293,69,30,16,,,126.83744181717462,37.20635669517332,126.83270167550933,37.199296405663624,2024-10-24 16:07:42
1294,50,37,16,,,126.8220079347172,37.212023332568144,126.82130020182966,37.19735540710319,2024-10-24 16:07:42
1295,33,56,16,,,126.83016109288278,37.201303472352464,126.83453187663982,37.2056019557527,2024-10-24 16:07:57
1296,56,31,16,,,126.83453784810376,37.205410179046446,126.82900953374781,37.19760295876452,2024-10-24 16:08:07
1297,33,58,16,,,126.82859899205017,37.20137941328276,126.83438376783151,37.20791180346347,2024-10-24 16:08:47
1298,33,70,16,,,126.82916388352267,37.20162800199951,126.83704217758762,37.210065576674296,2024-10-24 16:08:53
1299,10,17,16,,,126.81662316712219,37.210134826185445,126.82585918332249,37.197348175653254,2024-10-24 16:09:00
1300,70,42,16,,,126.8372188838354,37.20854568090638,126.83170250254754,37.195726488230974,2024-10-24 16:09:17
1301,33,56,16,,,126.82906030176763,37.200702124356916,126.83458935589069,37.20561271734246,2024-10-24 16:09:20
1302,17,70,16,,,126.82660149086031,37.19744066330626,126.83742519547624,37.20882680786462,2024-10-24 16:09:31
1303,11,33,16,,,126.81518153383155,37.209152711424764,126.83025457370404,37.199977889399264,2024-10-24 16:09:55
1304,32,59,16,,,126.83275586029852,37.20138586694464,126.83177426526824,37.20664877238506,2024-10-24 16:09:58
1305,17,54,16,,,126.82626090040245,37.19720156778628,126.83169627000677,37.20996569973033,2024-10-24 16:10:05
1306,10,56,16,,,126.81624401178243,37.208660771766176,126.83505778005006,37.206630465369074,2024-10-24 16:10:28
1307,58,33,16,,,126.8353355440086,37.207971547871885,126.82854139053067,37.20047751474286,2024-10-24 16:10:57
1308,33,56,16,,,126.82862338320683,37.19987061858052,126.83428556327804,37.2050851462964,2024-10-24 16:11:07
1309,17,58,16,,,126.82734634079269,37.197380985811805,126.83592593712235,37.208306318999014,2024-10-24 16:11:10
1310,56,32,16,,,126.83417770619255,37.20562587851024,126.83197413562307,37.202177951101035,2024-10-24 16:11:12
1311,54,33,16,,,126.83362230341294,37.20932289531616,126.8295041950373,37.20034304615704,2024-10-24 16:11:31
1312,10,40,16,,,126.81768884046656,37.21028467451824,126.8316594547818,37.19368561643333,2024-10-24 16:12:26
1313,33,56,16,,,126.82951179835345,37.20119516162265,126.8345539434294,37.204977191134354,2024-10-24 16:12:30
1314,58,33,16,,,126.83572716898962,37.20751406294946,126.82928503808236,37.200286864,2024-10-24 16:13:06
1315,32,56,16,,,126.83195130719628,37.20200249681674,126.83414789707614,37.206031409490286,2024-10-24 16:17:36
1316,32,59,16,,,126.83227172003977,37.20146883161766,126.83154507736597,37.20828809031478,2024-10-24 16:18:36
1317,70,33,16,,,126.83846512875994,37.21027241847535,126.82925645594419,37.201546773704735,2024-10-24 16:18:42
1318,56,33,16,,,126.8339650236813,37.2052838848599,126.82998814168141,37.19975601976851,2024-10-24 16:19:25
1319,58,19,16,,,126.83472772000728,37.2079889648015,126.8294753951577,37.19518187014355,2024-10-24 16:19:37
1320,11,58,16,,,126.8148342345636,37.20919634443107,126.83546685493215,37.2094467860742,2024-10-24 16:19:47
1321,33,54,16,,,126.83018690741689,37.20072500752415,126.83320477329991,37.21022120747996,2024-10-24 16:19:54
1322,33,56,16,,,126.82968420767999,37.20131942685757,126.83527961714704,37.20524506391086,2024-10-24 16:21:35
1323,11,17,16,,,126.81362179968156,37.209213178442745,126.82735655080405,37.19666649843517,2024-10-24 16:21:38
1324,56,41,16,,,126.83522426528124,37.204717674536326,126.83426531997281,37.19704090135875,2024-10-24 16:22:15
1325,51,34,16,,,126.81946422698142,37.210406814727456,126.82218048672922,37.202968138288426,2024-10-24 16:22:23
1326,69,30,16,,,126.83806872724891,37.20738838361076,126.8322629627777,37.19954261198448,2024-10-24 16:22:28
1327,58,19,16,,,126.83526593605882,37.20800538446582,126.82872040089917,37.19509695607129,2024-10-24 16:22:59
1328,56,41,16,,,126.8345077715033,37.20497617372883,126.83363931758058,37.1981348107843,2024-10-24 16:23:10
1329,33,58,16,,,126.82892364189584,37.20001019718361,126.83437027325071,37.20894757503467,2024-10-24 16:23:21
1330,17,54,16,,,126.82736066670272,37.196472350308454,126.83184708568636,37.21094207796538,2024-10-24 16:23:32
1331,58,19,16,,,126.83543615309635,37.20904995810082,126.82947444254246,37.19463852278637,2024-10-24 16:23:42
1332,56,33,16,,,126.83507666366431,37.206262026148075,126.82956457937784,37.20119617090507,2024-10-24 16:23:48
1333,42,70,16,,,126.83155215268764,37.19543650782751,126.83730237824348,37.209996637477666,2024-10-24 16:24:02
1334,33,56,16,,,126.82919814919283,37.19994381082825,126.83495497192679,37.20661808276163,2024-10-24 16:24:45
1335,59,15,16,,,126.8332190862689,37.20772112174416,126.81746629031221,37.206316747296945,2024-10-24 16:24:48
1336,42,70,16,,,126.83092113541484,37.19651165896901,126.83703338220856,37.20988658069508,2024-10-24 16:25:01
1337,10,17,16,,,126.81754967658706,37.21027971043649,126.826111861237,37.1958642781146,2024-10-24 16:25:23
1338,19,10,16,,,126.82868511039611,37.19421172531446,126.8168392051407,37.210167083332344,2024-10-24 16:25:39
1339,56,41,16,,,126.83455357244563,37.20578362637436,126.83421251756207,37.19639140662494,2024-10-24 16:25:47
1340,56,33,16,,,126.8345990157632,37.204837619391405,126.82901681189836,37.20038051502571,2024-10-24 16:25:58
1341,70,19,16,,,126.83865458658589,37.21039454409944,126.82973883392782,37.19463660506036,2024-10-24 16:26:49
1342,54,33,16,,,126.83298898495113,37.21006959119465,126.82860100850074,37.199835794684546,2024-10-24 16:27:03
1343,56,17,16,,,126.83524208372829,37.2053551139067,126.82738066584976,37.19766991787712,2024-10-24 16:27:19
1344,54,33,16,,,126.83362703013432,37.21058354872592,126.83009912863854,37.20114864718353,2024-10-24 16:27:20
1345,54,33,16,,,126.83334810668724,37.20943899882924,126.82887131004198,37.201116183865025,2024-10-24 16:27:35
1346,69,30,16,,,126.83777321643034,37.20623232712139,126.83152445479854,37.19891164592886,2024-10-24 16:27:52
1347,10,17,16,,,126.81732169811616,37.209495671550876,126.8263779162295,37.19734328896744,2024-10-24 16:28:06
1348,70,33,16,,,126.83748417762862,37.210392523738356,126.83015136577434,37.20051051486395,2024-10-24 16:28:11
1349,56,41,16,,,126.8353006466607,37.205176157063455,126.83520732988994,37.19737193374598,2024-10-24 16:28:45
1350,69,30,16,,,126.83680788256801,37.206159732050814,126.83132413949802,37.198359146045036,2024-10-24 16:28:52
1351,58,19,16,,,126.83475978540186,37.208785567996756,126.82836871870434,37.194863457258485,2024-10-24 16:29:33
1352,58,33,16,,,126.83594439071476,37.208302692859824,126.82885969730438,37.20006976388182,2024-10-24 16:29:46
1353,11,17,16,,,126.81369490441826,37.207777947711165,126.82547499762359,37.196894614726446,2024-10-24 16:30:05
1354,72,56,16,,,126.81211221136732,37.20713273303397,126.83528366345149,37.20516427905212,2024-10-24 16:30:49
1355,10,38,16,,,126.81724743757255,37.21025069005072,126.82423948164647,37.20064129220623,2024-10-24 16:31:07
1356,56,33,16,,,126.83561743264721,37.205594741403395,126.82909704301666,37.200679152961875,2024-10-24 16:32:04
1357,31,59,16,,,126.82942204819385,37.19709863948728,126.83180639217831,37.20695315566385,2024-10-24 16:32:15
1358,56,33,16,,,126.83466432511824,37.20582500953025,126.8298472149122,37.201018758431836,2024-10-24 16:33:46
1359,50,37,16,,,126.82278883600269,37.21202506103395,126.82034196379342,37.19753786795682,2024-10-24 16:33:50
1360,69,30,16,,,126.83707040825202,37.2074928450051,126.83238841932064,37.19817548243546,2024-10-24 16:33:53
1361,56,17,16,,,126.83579353571727,37.20510456287894,126.8268812161581,37.19582908727828,2024-10-24 16:33:56
1362,56,17,16,,,126.83544472881927,37.20520070055933,126.82590699916699,37.195985713577635,2024-10-24 16:34:54
1363,32,58,16,,,126.83103431593072,37.20221241926289,126.83529638846309,37.20797772897005,2024-10-24 16:34:59
1364,58,19,16,,,126.8356599638991,37.20836511181278,126.82790339576283,37.194396030458925,2024-10-24 16:35:10
1365,59,41,16,,,126.832608487047,37.20770621186834,126.83428632060173,37.197746187002735,2024-10-24 16:35:37
1366,11,32,16,,,126.81516677920396,37.20786025285571,126.83199805960136,37.201555629384224,2024-10-24 16:36:25
1367,56,31,16,,,126.83581389069793,37.205736159360576,126.82895103408143,37.196913482685,2024-10-24 16:36:54
1368,11,58,16,,,126.81398847254424,37.20920833538898,126.8350809008166,37.208869557315296,2024-10-24 16:37:17
1369,33,56,16,,,126.8299194339433,37.20107031264088,126.83574079202818,37.205477611807794,2024-10-24 16:37:37
1370,70,17,16,,,126.83809663131642,37.209308909723795,126.82721193364364,37.19717087384559,2024-10-24 16:37:43
1371,23,32,16,,,126.82094926778433,37.19171736197124,126.8313977408926,37.20257624894359,2024-10-24 16:37:56
1372,33,56,16,,,126.82997710574115,37.20089263958317,126.83497292101544,37.20569422494232,2024-10-24 16:38:08
1373,42,70,16,,,126.83219005686668,37.195252067233255,126.83787641067997,37.21006601736467,2024-10-24 16:38:55
1374,41,56,16,,,126.83503815006122,37.196606757651885,126.83461179704106,37.2050124829421,2024-10-24 16:41:04
1375,70,33,16,,,126.83791418866294,37.20999799248794,126.82970469357628,37.20031931954848,2024-10-24 16:41:06
1376,17,54,16,,,126.82729242377448,37.19697979588529,126.83239401816284,37.21101036839428,2024-10-24 16:41:10
1377,58,33,16,,,126.83594675112421,37.2091642038984,126.82976750351445,37.201535054732325,2024-10-24 16:41:56
1378,58,19,16,,,126.83431699513973,37.208944430653375,126.82805565634892,37.19572320252516,2024-10-24 16:42:38
1379,70,33,16,,,126.83844322871686,37.20917389801461,126.82989290817645,37.20095464186526,2024-10-24 16:43:06
1380,58,17,16,,,126.83570737868664,37.20915332279043,126.8264772874932,37.19745040121902,2024-10-24 16:43:22
1381,56,31,16,,,126.83544387392531,37.20614613878598,126.82849408477907,37.19843574846907,2024-10-24 16:45:07
1382,56,33,16,,,126.83437797388498,37.2051313770658,126.82848415685079,37.200289981920875,2024-10-24 16:45:08
1383,56,31,16,,,126.8349183192202,37.20563871738141,126.82970918446495,37.19793516186814,2024-10-24 16:45:11
1384,10,17,16,,,126.81769399285359,37.20973198950117,126.82601378412281,37.19666015284896,2024-10-24 16:45:27
1385,17,54,16,,,126.82735729846013,37.19768488763854,126.8326528191451,37.209982321719664,2024-10-24 16:45:50
1386,54,33,16,,,126.83169746011355,37.20992835728338,126.82965846433414,37.20101410068854,2024-10-24 16:46:21
1387,56,19,16,,,126.83451423493052,37.205296831064615,126.82938653200618,37.19528129399453,2024-10-24 16:46:22
1388,70,18,16,,,126.8385526390694,37.20878363683623,126.82349818137175,37.19640428686883,2024-10-24 16:46:46
1389,58,33,16,,,126.8358213234609,37.208989714765806,126.83003464527688,37.20048630338932,2024-10-24 16:46:47
1390,54,17,16,,,126.83255980016489,37.211145832588315,126.82598679809631,37.19687747202381,2024-10-24 16:46:54
1391,32,11,16,,,126.83105611093941,37.202036076413,126.81431201170216,37.208786570028295,2024-10-24 16:46:57
1392,56,40,16,,,126.83451855462059,37.20477391976509,126.83036616683022,37.19297508640953,2024-10-24 16:46:58
1393,33,56,16,,,126.82938311402387,37.200390828218964,126.83419616473329,37.205346178028236,2024-10-24 16:46:59
1394,56,41,16,,,126.8345806646331,37.2059931418836,126.83476560812798,37.197201492323956,2024-10-24 16:47:09
1395,58,32,16,,,126.83450615734725,37.208491102832255,126.83232083820171,37.201744911984534,2024-10-24 16:48:00
1396,56,17,16,,,126.8350960296492,37.20617486362123,126.8270075879082,37.19728224612909,2024-10-24 16:48:42
1397,42,70,16,,,126.83111459743995,37.195498488195845,126.83789298617718,37.210342849881755,2024-10-24 16:48:51
1398,42,70,16,,,126.83097891462984,37.19531276459247,126.83823424538059,37.209547919842365,2024-10-24 16:49:31
1399,17,56,16,,,126.82688867479933,37.197545249994796,126.83479373843497,37.20547413884397,2024-10-24 16:49:41
1400,12,17,16,,,126.81832757340594,37.20474662414126,126.82563937164194,37.1971256569155,2024-10-24 16:49:56
1401,70,32,16,,,126.83723950618167,37.20901045020864,126.83283100737216,37.202526998177305,2024-10-24 16:51:39
1402,70,33,16,,,126.83810191822197,37.208643726944544,126.82989631201305,37.2009260955474,2024-10-24 16:52:01
1403,72,33,16,,,126.8118298993996,37.206436187984025,126.83019310982024,37.200486415274305,2024-10-24 16:52:05
1404,17,54,16,,,126.825450716739,37.196325494579945,126.83256280458843,37.21027029908216,2024-10-24 16:52:22
1405,70,10,16,,,126.83754472922368,37.21041347388145,126.8176529078452,37.20976960479798,2024-10-24 16:53:32
1406,31,58,16,,,126.82861557531729,37.196855178988535,126.83580156561194,37.20937070779439,2024-10-24 16:54:00
1407,37,72,16,,,126.82144709901038,37.19774318139785,126.81245892574651,37.20711416675702,2024-10-24 16:54:08
1408,70,17,16,,,126.83820009810971,37.21042122585159,126.8258849711047,37.19734724566302,2024-10-24 16:54:32
1409,11,70,16,,,126.81513967282794,37.20838759634653,126.8381970271621,37.20942374036717,2024-10-24 16:54:35
1410,58,33,16,,,126.83506767009602,37.2089430706241,126.82937971204747,37.201540108715534,2024-10-24 16:56:14
1411,72,70,16,,,126.81120546180686,37.2068311629452,126.83755393232548,37.20870832720023,2024-10-24 16:56:26
1412,56,17,16,,,126.83526494458945,37.2047793766393,126.82617088541181,37.19771378534259,2024-10-24 16:56:40
1413,26,37,16,,,126.81846087808285,37.193291229643165,126.82191324327775,37.19650806954004,2024-10-24 16:56:49
1414,31,54,16,,,126.82907842224104,37.19802070214729,126.83212092886767,37.21067318653998,2024-10-24 16:56:58
1415,50,37,16,,,126.82213860428568,37.211210158365056,126.82071585509227,37.19685215171212,2024-10-24 16:56:59
1416,59,33,16,,,126.83167151229239,37.2066588979011,126.83018014427222,37.201134743678544,2024-10-24 16:57:31
1417,58,33,16,,,126.83557802746428,37.20754311934532,126.82842492792314,37.20123025035438,2024-10-24 16:58:11
1418,54,33,16,,,126.83338543592359,37.21004939782148,126.82991914617747,37.201455292158414,2024-10-24 16:58:23
1419,19,10,16,,,126.82853702260293,37.19508543085029,126.81719153489524,37.21020456833115,2024-10-24 16:59:13
1420,56,41,17,,,126.83587463083313,37.205549213614056,126.83521380048472,37.197806730402995,2024-10-24 17:00:21
1421,33,70,17,,,126.82926851312524,37.20000925356677,126.83855629424112,37.209923141758715,2024-10-24 17:00:54
1422,69,30,17,,,126.83846661816152,37.20596428163332,126.83081299199648,37.19829041557141,2024-10-24 17:01:16
1423,42,70,17,,,126.83118258415749,37.19595940225054,126.83860448759141,37.208666550436625,2024-10-24 17:01:17
1424,32,56,17,,,126.83132510713743,37.20245119638826,126.83447860148611,37.20620190438324,2024-10-24 17:01:24
1425,10,17,17,,,126.81730439049143,37.2101844870435,126.8272193090073,37.19702289495663,2024-10-24 17:01:34
1426,54,33,17,,,126.83234735793378,37.21080710557935,126.82876765388943,37.1998937214511,2024-10-24 17:02:10
1427,58,33,17,,,126.83436856389604,37.208504209599944,126.82906319289874,37.20027563204898,2024-10-24 17:02:44
1428,56,17,17,,,126.83424282230473,37.20565753074734,126.82581639190266,37.196005758943755,2024-10-24 17:02:51
1429,54,33,17,,,126.83278593312464,37.210733664279765,126.83002108967355,37.20145841826274,2024-10-24 17:03:11
1430,56,41,17,,,126.83579141577363,37.206156039179035,126.83438067088734,37.19709342905062,2024-10-24 17:03:15
1431,58,33,17,,,126.83474340739684,37.209332295912674,126.8286804276431,37.200232747464085,2024-10-24 17:03:19
1432,41,56,17,,,126.8334411273703,37.196863655390764,126.83477230561337,37.20633817835311,2024-10-24 17:03:28
1433,69,30,17,,,126.83763776212035,37.20763830089421,126.83178032243173,37.1994320459157,2024-10-24 17:03:36
1434,17,54,17,,,126.82547734394261,37.19622936133273,126.8330838141497,37.20971392242101,2024-10-24 17:03:43
1435,70,32,17,,,126.83763372077863,37.20950787231865,126.83277153756174,37.201213985633295,2024-10-24 17:04:28
1436,69,30,17,,,126.83780796418384,37.2073375573287,126.83086501211734,37.19873452449905,2024-10-24 17:05:46
1437,37,51,17,,,126.82028849850317,37.19667378269102,126.81872643524072,37.20964321413514,2024-10-24 17:05:58
1438,58,33,17,,,126.83495031918754,37.208661855029604,126.82945780288627,37.19990751572054,2024-10-24 17:08:06
1439,56,17,17,,,126.83478694662995,37.20634010947638,126.82694368577394,37.19660113991904,2024-10-24 17:08:23
1440,33,56,17,,,126.82891509068288,37.201034410738956,126.83476419332162,37.205140226303286,2024-10-24 17:08:43
1441,58,32,17,,,126.8351594504396,37.209394718215194,126.83238816718006,37.20180478693496,2024-10-24 17:08:49
1442,58,19,17,,,126.83502540764333,37.2084111607452,126.8289187003249,37.19477341718977,2024-10-24 17:08:52
1443,12,19,17,,,126.81887395079515,37.20430947369592,126.82886461035356,37.19599186196111,2024-10-24 17:09:40
1444,17,58,17,,,126.8255927752027,37.19601694870967,126.83449438939746,37.20919500082137,2024-10-24 17:10:06
1445,56,31,17,,,126.83496803025628,37.20614933181028,126.82836620993541,37.19842471712099,2024-10-24 17:10:20
1446,37,72,17,,,126.82115127856414,37.197901166074644,126.81068112270705,37.20714609574859,2024-10-24 17:10:24
1447,33,56,17,,,126.82936883079967,37.20152711808969,126.83407666991182,37.20593737007555,2024-10-24 17:10:35
1448,17,54,17,,,126.82739474957805,37.196400726080526,126.83197441791687,37.21072082532115,2024-10-24 17:11:15
1449,70,33,17,,,126.83789380445877,37.21010357662407,126.83013725884109,37.200513287777596,2024-10-24 17:11:28
1450,70,11,17,,,126.83718407105161,37.20911023274775,126.81363436599372,37.208793742699434,2024-10-24 17:11:28
1451,17,70,17,,,126.82705076295925,37.197269513544605,126.83814500855654,37.20966602407729,2024-10-24 17:11:29
1452,37,51,17,,,126.82067920562781,37.19814162777169,126.81999414439976,37.21071663557362,2024-10-24 17:12:50
1453,50,37,17,,,126.82236374564224,37.210813141863994,126.82214685606385,37.19801056862262,2024-10-24 17:13:37
1454,50,37,17,,,126.82287788277597,37.21106542810571,126.82051893977518,37.19775771661587,2024-10-24 17:14:08
1455,19,10,17,,,126.8298094438279,37.195201923539116,126.81715175273509,37.209390293152936,2024-10-24 17:14:29
1456,70,42,17,,,126.83783939004235,37.20970984763166,126.8320292497482,37.195206362616084,2024-10-24 17:14:31
1457,58,42,17,,,126.83481107523357,37.20925914343763,126.83189177153604,37.195207032584165,2024-10-24 17:15:53
1458,56,41,17,,,126.83447780069801,37.20534359356303,126.83466550926333,37.19776553380443,2024-10-24 17:15:57
1459,11,58,17,,,126.81403451461925,37.20819899816343,126.83547466255679,37.20867140353108,2024-10-24 17:16:01
1460,70,18,17,,,126.83799079135284,37.21004379677668,126.82422601929933,37.19567495147233,2024-10-24 17:16:21
1461,56,40,17,,,126.83451661388757,37.2063073772664,126.83133729202423,37.19314538966213,2024-10-24 17:16:28
1462,56,17,17,,,126.83485605637335,37.206312546032706,126.82574814303727,37.19634315684151,2024-10-24 17:16:44
1463,54,17,17,,,126.83198909935477,37.209907562243515,126.82719453438757,37.19742553761843,2024-10-24 17:17:48
1464,11,17,17,,,126.81422786463499,37.20772810456746,126.82657142560095,37.196266276160955,2024-10-24 17:17:52
1465,17,54,17,,,126.82692874728416,37.19699550338286,126.83229790905628,37.209720990374855,2024-10-24 17:17:58
1466,56,19,17,,,126.83541842013314,37.205387792007755,126.82919617962843,37.194756115570016,2024-10-24 17:18:09
1467,70,33,17,,,126.83799107859416,37.209647679825075,126.8298402299717,37.19986880169726,2024-10-24 17:18:22
1468,56,33,17,,,126.83493207292179,37.20507038832435,126.82899569113704,37.200290287691644,2024-10-24 17:19:22
1469,42,70,17,,,126.83135024460147,37.19518942758536,126.8382679615695,37.20956624074167,2024-10-24 17:19:51
1470,58,33,17,,,126.83571548687138,37.2084305056832,126.8294935218657,37.19995006247583,2024-10-24 17:20:04
1471,70,17,17,,,126.83870188822956,37.209055397878714,126.82550937568334,37.19756864324843,2024-10-24 17:22:07
1472,19,10,17,,,126.82922881380826,37.19408675309436,126.81679851671835,37.209699541158614,2024-10-24 17:22:26
1473,12,17,17,,,126.81851125064641,37.20554445517842,126.82646646704806,37.19640427501518,2024-10-24 17:23:09
1474,50,37,17,,,126.82239464606276,37.21137673505231,126.82163069483582,37.19759892113136,2024-10-24 17:23:28
1475,56,33,17,,,126.83446829119764,37.204658723759955,126.83015517456072,37.20072136633558,2024-10-24 17:23:29
1476,33,56,17,,,126.8284778125005,37.200175503273066,126.83413660069012,37.205649808427836,2024-10-24 17:24:15
1477,37,51,17,,,126.82218702988794,37.19780492829555,126.8203039462176,37.21076959370818,2024-10-24 17:24:37
1478,56,17,17,,,126.83449297568356,37.204956984387664,126.8264174126797,37.19665267606175,2024-10-24 17:24:41
1479,58,33,17,,,126.83557314646,37.208409109699005,126.82983817584042,37.200877202284794,2024-10-24 17:25:45
1480,70,19,17,,,126.83735730825326,37.21043824341071,126.82897243128963,37.1946715016483,2024-10-24 17:26:17
1481,32,59,17,,,126.83212533992355,37.201699384095036,126.83296062885158,37.20722391875817,2024-10-24 17:26:29
1482,56,33,17,,,126.83538883415274,37.20609311665762,126.8302981213165,37.19991779415635,2024-10-24 17:26:37
1483,10,17,17,,,126.81789969142251,37.2100910423656,126.82585459371323,37.197538323102485,2024-10-24 17:26:51
1484,32,54,17,,,126.83147938603531,37.20125683252554,126.83246972294145,37.21073522946775,2024-10-24 17:27:13
1485,56,33,17,,,126.83567067907298,37.2061937199621,126.82938914036272,37.19983434471093,2024-10-24 17:27:36
1486,70,17,17,,,126.83693656066846,37.2098967464343,126.8257685351265,37.19769188691121,2024-10-24 17:27:48
1487,41,70,17,,,126.83470995695366,37.19789318780079,126.83792734224964,37.209731208399894,2024-10-24 17:28:22
1488,33,56,17,,,126.828909568409,37.20141929355864,126.83481872600544,37.20581733606931,2024-10-24 17:28:24
1489,19,10,17,,,126.82835850399027,37.19587565515047,126.81619878756058,37.20933448389218,2024-10-24 17:28:25
1490,58,19,17,,,126.83442177183194,37.20910627826273,126.82928849025393,37.194289076712906,2024-10-24 17:28:27
1491,42,70,17,,,126.83078476533794,37.196893674344565,126.83811109282465,37.20978492267835,2024-10-24 17:28:28
1492,58,33,17,,,126.83475248322738,37.208421007467656,126.82898991987297,37.2005705317199,2024-10-24 17:28:30
1493,33,56,17,,,126.82924358636149,37.2004918216734,126.8355343792237,37.20608353929165,2024-10-24 17:29:00
1494,10,17,17,,,126.81630867951466,37.2095390478017,126.82574586521392,37.19768570596978,2024-10-24 17:29:16
1495,56,31,17,,,126.8347273483469,37.20546973813044,126.82979500222899,37.197767791766445,2024-10-24 17:29:16
1496,10,56,17,,,126.81721034268581,37.210050937795046,126.83447466419818,37.206633334192894,2024-10-24 17:29:26
1497,37,51,17,,,126.82197712538262,37.19810778313082,126.81886685184209,37.21049655420025,2024-10-24 17:29:44
1498,17,54,17,,,126.82719596988235,37.1960016883358,126.83255492780005,37.21018329604768,2024-10-24 17:29:47
1499,54,33,17,,,126.83359718264265,37.210791448264594,126.83026359289065,37.2011773115368,2024-10-24 17:29:53
1500,59,15,17,,,126.83273948062393,37.20784960318619,126.81720108661722,37.207254864342445,2024-10-24 17:30:14
1501,42,70,17,,,126.83059249770645,37.19651042203624,126.83720313579414,37.20911555086165,2024-10-24 17:30:36
1502,40,72,17,,,126.83072941968987,37.19347035043416,126.81230954421531,37.20731486299755,2024-10-24 17:30:41
1503,70,33,17,,,126.83844402063457,37.208623113458366,126.82955573321333,37.2015880117495,2024-10-24 17:30:50
1504,31,58,17,,,126.82955331170483,37.19750011657522,126.83604788502753,37.208927293721196,2024-10-24 17:30:55
1505,10,38,17,,,126.8169984751731,37.20999277724366,126.82357513900324,37.20076868034085,2024-10-24 17:30:58
1506,58,33,17,,,126.83562607208133,37.2084053657256,126.82905293749668,37.20155392198647,2024-10-24 17:31:05
1507,26,37,17,,,126.81867222287612,37.194189089029045,126.82217114972909,37.197331714741445,2024-10-24 17:31:25
1508,10,17,17,,,126.81741269942123,37.20873479474508,126.8262076892685,37.196107152154326,2024-10-24 17:31:34
1509,33,56,17,,,126.83012868879952,37.200540493902224,126.83420594278543,37.20559814202329,2024-10-24 17:31:57
1510,51,34,17,,,126.81911353063039,37.210026692917005,126.82074439907687,37.20214834542766,2024-10-24 17:33:42
1511,58,33,17,,,126.83565643703122,37.208731575128105,126.82861223855929,37.201000224354075,2024-10-24 17:34:27
1512,33,56,17,,,126.82924132312866,37.20034927255916,126.83528120277984,37.2050913797176,2024-10-24 17:35:02
1513,58,19,17,,,126.83577876491519,37.20862339269384,126.82806216478207,37.194757363822774,2024-10-24 17:35:15
1514,70,10,17,,,126.83733308878548,37.20917429416947,126.81620884437892,37.20856755158802,2024-10-24 17:36:02
1515,11,70,17,,,126.81368465569842,37.20733938329456,126.83780441285437,37.208879262295916,2024-10-24 17:38:11
1516,54,33,17,,,126.83218753270657,37.20964166577132,126.82902475533058,37.20034643129234,2024-10-24 17:38:21
1517,70,42,17,,,126.83699816340668,37.208679399738216,126.83221188007266,37.196512251774955,2024-10-24 17:38:26
1518,56,41,17,,,126.83578380855951,37.20607221353483,126.83492479186752,37.19752699636947,2024-10-24 17:38:36
1519,10,17,17,,,126.8174473439605,37.20857296337735,126.82724559754408,37.19663995771223,2024-10-24 17:38:43
1520,33,56,17,,,126.8284673384169,37.19976123941316,126.834123994051,37.20473310910027,2024-10-24 17:38:48
1521,31,59,17,,,126.82981677895782,37.19710892603538,126.8320135555842,37.20798089352313,2024-10-24 17:38:51
1522,59,33,17,,,126.83299083784581,37.207637996020836,126.82960459273261,37.20028347902386,2024-10-24 17:39:02
1523,58,19,17,,,126.83569072890874,37.208576591504155,126.82903479667391,37.19577885834263,2024-10-24 17:40:09
1524,23,32,17,,,126.82002557497799,37.19265141892743,126.83105697477406,37.20139358139042,2024-10-24 17:40:18
1525,31,54,17,,,126.82874907511352,37.19816629824473,126.83291661813644,37.20928116849289,2024-10-24 17:40:33
1526,11,33,17,,,126.81351647009625,37.207769584504526,126.82897999845855,37.19978328749165,2024-10-24 17:40:46
1527,70,42,17,,,126.83817872879347,37.20904130721349,126.83223576120247,37.19711387689304,2024-10-24 17:40:48
1528,50,37,17,,,126.82280977249728,37.21220742125809,126.82202709345395,37.19736053827365,2024-10-24 17:41:06
1529,56,33,17,,,126.83530367163927,37.20594699346774,126.82987739956369,37.20144113265738,2024-10-24 17:42:12
1530,11,58,17,,,126.8152809589995,37.20801900866748,126.83439755597666,37.208801178644414,2024-10-24 17:42:18
1531,56,33,17,,,126.83396451215872,37.20496297397341,126.82949928058092,37.20125898026284,2024-10-24 17:43:23
1532,70,33,17,,,126.83838449637415,37.20954039404596,126.82939515288665,37.19995051692533,2024-10-24 17:43:24
1533,58,19,17,,,126.83501323937911,37.20830549899211,126.82884527125195,37.19589689997248,2024-10-24 17:43:26
1534,56,32,17,,,126.83505784422833,37.204944823493,126.83295931991928,37.20270197067381,2024-10-24 17:43:47
1535,59,41,17,,,126.83183250103129,37.20749648324376,126.83438951149327,37.19743336338841,2024-10-24 17:43:57
1536,11,17,17,,,126.81334655173661,37.2081734615395,126.82605211140559,37.19603605011365,2024-10-24 17:44:11
1537,70,33,17,,,126.83742795888307,37.21010995767204,126.82848209008858,37.2004792747072,2024-10-24 17:44:28
1538,70,33,17,,,126.83681981906255,37.210483692906806,126.82927864589718,37.20153279649645,2024-10-24 17:44:34
1539,33,56,17,,,126.82988662756274,37.200591540752015,126.83399924714085,37.20632873893956,2024-10-24 17:45:09
1540,32,59,17,,,126.8317341394245,37.20093872771682,126.83233853239444,37.20677752011848,2024-10-24 17:45:25
1541,33,58,17,,,126.82992994151427,37.2005656786758,126.83596930332294,37.20814132336205,2024-10-24 17:45:45
1542,58,17,17,,,126.83488841091875,37.207738597587216,126.82561607328927,37.19724466488585,2024-10-24 17:45:54
1543,11,17,17,,,126.81368665099592,37.20763585965628,126.82546316567877,37.19735456731093,2024-10-24 17:46:13
1544,42,70,17,,,126.83228615224851,37.19692553943981,126.8369401425636,37.209003340870844,2024-10-24 17:46:19
1545,56,33,17,,,126.8356558224365,37.206044500081944,126.82894166385015,37.20110888495208,2024-10-24 17:46:28
1546,11,32,17,,,126.81375034658024,37.20805224274791,126.83184580767183,37.20151349563237,2024-10-24 17:47:18
1547,56,33,17,,,126.83519648840428,37.205450795439475,126.82956299273867,37.201440942380465,2024-10-24 17:47:48
1548,17,56,17,,,126.82632113885505,37.19689134928267,126.83534825763496,37.204867901060574,2024-10-24 17:48:24
1549,58,19,17,,,126.83495718537397,37.20831003886678,126.82871596258353,37.194219325980384,2024-10-24 17:48:34
1550,70,17,17,,,126.8375986126216,37.208656532863245,126.82623126507028,37.19640972316928,2024-10-24 17:48:41
1551,56,31,17,,,126.83579601538874,37.20625541302429,126.82871983041392,37.197019842067675,2024-10-24 17:48:59
1552,50,37,17,,,126.82329898090886,37.21192328404707,126.82160696125442,37.19808976520275,2024-10-24 17:49:21
1553,72,33,17,,,126.81120078374644,37.207288960237065,126.82953516399635,37.20052970772846,2024-10-24 17:49:29
1554,58,33,17,,,126.83573270271164,37.208109087175224,126.82913353003161,37.2009947874892,2024-10-24 17:49:41
1555,56,41,17,,,126.83465468744419,37.2047628107702,126.83394474701873,37.19744993434342,2024-10-24 17:49:58
1556,56,17,17,,,126.83421732117299,37.206383904717754,126.82704394101194,37.196497114056896,2024-10-24 17:50:00
1557,50,37,17,,,126.82232402386566,37.21122102481058,126.82058479817577,37.198365486989715,2024-10-24 17:50:08
1558,32,59,17,,,126.8316194283841,37.20235921111361,126.83171022090156,37.20774770148102,2024-10-24 17:50:14
1559,58,33,17,,,126.83437773528026,37.20843624191462,126.8300551264493,37.20036308075138,2024-10-24 17:50:29
1560,35,32,17,,,126.81899725986007,37.20217713328444,126.83294706955402,37.20198350347075,2024-10-24 17:50:48
1561,32,58,17,,,126.8313074950934,37.20265536963199,126.83573528031162,37.208055747923375,2024-10-24 17:51:22
1562,72,70,17,,,126.81118789342793,37.20759151026166,126.83746200970195,37.20986408335441,2024-10-24 17:51:23
1563,37,51,17,,,126.82120872484215,37.197350454822036,126.81902687573404,37.20946302278666,2024-10-24 17:52:32
1564,56,32,17,,,126.83403166636509,37.204971568656376,126.83231957811422,37.202264889491886,2024-10-24 17:52:43
1565,54,33,17,,,126.83323620094009,37.210414619581464,126.82996149383347,37.20156054985225,2024-10-24 17:53:21
1566,69,30,17,,,126.83825363564365,37.206135325276485,126.83193415033064,37.19960876365021,2024-10-24 17:53:42
1567,56,31,17,,,126.83579621022082,37.206007316570805,126.82963052499234,37.197735443017315,2024-10-24 17:54:14
1568,32,11,17,,,126.83114067394777,37.20085757476975,126.81408869311191,37.20916093369395,2024-10-24 17:54:29
1569,56,32,17,,,126.83494828643452,37.205963642556505,126.83180323140574,37.2013379535715,2024-10-24 17:54:32
1570,72,56,17,,,126.81200606914165,37.20681260995769,126.83443145077489,37.20532818980558,2024-10-24 17:54:45
1571,11,58,17,,,126.81482239493283,37.20845359744858,126.83464039323489,37.20754967834536,2024-10-24 17:54:46
1572,33,58,17,,,126.82868444815908,37.200040166331966,126.83534118521604,37.20895271324067,2024-10-24 17:55:17
1573,33,54,17,,,126.82868698504237,37.200402254928825,126.83185778334658,37.21045484700681,2024-10-24 17:55:21
1574,17,12,17,,,126.82612680386278,37.19633164154068,126.82005299693178,37.20464883371201,2024-10-24 17:56:59
1575,17,54,17,,,126.8266789238312,37.19761534584999,126.83204972833478,37.21007345368785,2024-10-24 17:58:14
1576,69,30,17,,,126.83727416765163,37.20759141284754,126.83082315870985,37.19829194478002,2024-10-24 17:58:50
1577,10,40,17,,,126.81654258280648,37.209965087192295,126.83109088988009,37.193792783954294,2024-10-24 17:58:50
1578,33,58,17,,,126.82918187121867,37.20101260038919,126.83492294715523,37.20749448504035,2024-10-24 17:59:30
1579,54,33,17,,,126.83301086020487,37.21022424937932,126.83016753757433,37.201078592699,2024-10-24 17:59:38
1580,35,32,18,,,126.81817127718594,37.20169899269609,126.83122960435487,37.20080653989917,2024-10-24 18:00:27
1581,11,17,18,,,126.81336547459141,37.20770017484607,126.82724841682561,37.196331909209235,2024-10-24 18:00:38
1582,37,51,18,,,126.82082894843515,37.19682184945106,126.81921866245266,37.2098572792111,2024-10-24 18:02:01
1583,56,31,18,,,126.8342161121871,37.20648720767397,126.8287507223266,37.198755560730056,2024-10-24 18:02:11
1584,70,42,18,,,126.8382693500446,37.209015657235035,126.83143833626181,37.19709249591115,2024-10-24 18:02:35
1585,33,58,18,,,126.83015418056172,37.20065764421101,126.83551952058424,37.20873618870288,2024-10-24 18:02:52
1586,17,54,18,,,126.82585471585844,37.19753724512493,126.83251201256274,37.20974934055527,2024-10-24 18:02:58
1587,33,54,18,,,126.82893760709358,37.19978676523009,126.83359137112734,37.21006517075014,2024-10-24 18:03:00
1588,42,70,18,,,126.83172553560182,37.19664155790496,126.83740709869122,37.21024840016467,2024-10-24 18:03:09
1589,31,58,18,,,126.82934259169372,37.197453227786625,126.83548820838419,37.20759023512034,2024-10-24 18:03:44
1590,69,30,18,,,126.83835882665673,37.20616485098435,126.83243594616225,37.199524777098866,2024-10-24 18:04:18
1591,11,70,18,,,126.8148178581291,37.20843346248427,126.83868586000031,37.20879439111937,2024-10-24 18:04:27
1592,23,32,18,,,126.82105256824674,37.19234462098564,126.83224992328479,37.202274701862706,2024-10-24 18:04:58
1593,17,58,18,,,126.82579937308164,37.197603630685094,126.83425876771851,37.208117103869135,2024-10-24 18:05:04
1594,51,37,18,,,126.81885950176974,37.21013757500058,126.8212863286461,37.19810881048953,2024-10-24 18:05:10
1595,70,19,18,,,126.83878156498886,37.20973926358904,126.82922199016338,37.19542745948904,2024-10-24 18:06:28
1596,56,32,18,,,126.8358326060004,37.20530060201828,126.83160851669872,37.20202451133346,2024-10-24 18:07:24
1597,56,33,18,,,126.83474555611421,37.204901194631006,126.82909225917308,37.20115206837307,2024-10-24 18:07:33
1598,56,17,18,,,126.83538433983034,37.20525406316425,126.82672331570224,37.19676924066414,2024-10-24 18:08:45
1599,70,33,18,,,126.83741196265989,37.20928857655572,126.82872304403762,37.19996912403515,2024-10-24 18:09:23
1600,41,56,18,,,126.83349738968708,37.19796140152332,126.8349738391306,37.205022201546804,2024-10-24 18:09:51
1601,42,70,18,,,126.83065740180716,37.19577075436448,126.83856443618298,37.210130753138856,2024-10-24 18:10:08
1602,58,33,18,,,126.83416921172454,37.207799832793405,126.82890256268483,37.19986681310647,2024-10-24 18:11:00
1603,69,30,18,,,126.8366822795663,37.207171738274354,126.8324062935021,37.19895592896984,2024-10-24 18:11:27
1604,56,33,18,,,126.83501454325874,37.204851545647806,126.82969232247692,37.19972990117259,2024-10-24 18:11:42
1605,10,17,18,,,126.81780071346725,37.20916458840533,126.82693054992927,37.197176239591705,2024-10-24 18:11:50
1606,37,51,18,,,126.82136975657745,37.197103238697196,126.8187376488038,37.20977647199181,2024-10-24 18:11:53
1607,50,37,18,,,126.82212713161498,37.21114415994093,126.82169204641251,37.19781262305864,2024-10-24 18:12:13
1608,32,58,18,,,126.83102380293425,37.20096251790154,126.83531885246623,37.20888525339044,2024-10-24 18:13:08
1609,11,58,18,,,126.81445732534773,37.20857681015904,126.83526335993675,37.20882342180491,2024-10-24 18:13:13
1610,33,56,18,,,126.82899737722477,37.20123631047854,126.83529829286168,37.20597863957091,2024-10-24 18:13:44
1611,59,41,18,,,126.83219693697157,37.20823541870189,126.83341857318709,37.19667303592494,2024-10-24 18:13:46
1612,56,33,18,,,126.83522786949455,37.20510899814494,126.82842917973865,37.19980574172963,2024-10-24 18:14:03
1613,10,17,18,,,126.8172092044474,37.20925786102284,126.82678930956706,37.19580138947392,2024-10-24 18:14:22
1614,70,17,18,,,126.83835382346082,37.20936172297052,126.82738656803008,37.19676879229077,2024-10-24 18:14:55
1615,11,32,18,,,126.81431352859526,37.20772564920422,126.83156073848569,37.20147250307926,2024-10-24 18:15:05
1616,54,33,18,,,126.83209163846644,37.21064014627403,126.8294882806559,37.20013322924396,2024-10-24 18:15:29
1617,72,56,18,,,126.8113044076949,37.20786987176514,126.83498735321237,37.2051274172604,2024-10-24 18:15:38
1618,58,19,18,,,126.83444894391711,37.20922973823827,126.82894166420475,37.19579994042151,2024-10-24 18:16:21
1619,37,72,18,,,126.82100544718331,37.19716288501995,126.81169572063136,37.20651872168769,2024-10-24 18:16:23
1620,58,33,18,,,126.83500852677439,37.20888581768076,126.8288725571511,37.20060735832927,2024-10-24 18:16:32
1621,58,19,18,,,126.83536855250203,37.20781781082179,126.82863551911218,37.194898981985226,2024-10-24 18:17:00
1622,58,33,18,,,126.83422234979965,37.20787339879309,126.82959200662432,37.19971921862321,2024-10-24 18:17:15
1623,54,33,18,,,126.83227083672864,37.209210542250645,126.8298805298856,37.20131040057606,2024-10-24 18:17:49
1624,58,33,18,,,126.83484925344855,37.20776564755675,126.82838316306825,37.200099127730915,2024-10-24 18:18:39
1625,17,54,18,,,126.82644220998469,37.196013075634575,126.8327064022521,37.21018462392473,2024-10-24 18:18:42
1626,56,41,18,,,126.83574652144091,37.205935517568506,126.83492107927475,37.19688951895913,2024-10-24 18:19:39
1627,37,51,18,,,126.82152341582193,37.19730441995019,126.81941448322121,37.21124480666023,2024-10-24 18:19:50
1628,54,17,18,,,126.83320885413275,37.21068389718697,126.82578690431954,37.197460536712065,2024-10-24 18:20:39
1629,59,33,18,,,126.83264405826536,37.207265750966236,126.82906906444,37.199763112254,2024-10-24 18:21:02
1630,70,33,18,,,126.83767572894202,37.20901232195006,126.8284730526567,37.20015287432548,2024-10-24 18:21:05
1631,56,17,18,,,126.83476631565638,37.2063345226285,126.82624099517562,37.19765349979699,2024-10-24 18:21:22
1632,51,37,18,,,126.81874410114077,37.20996542806155,126.82079199642344,37.19730698070043,2024-10-24 18:21:38
1633,70,33,18,,,126.83815147437745,37.21049557236112,126.828349570974,37.19980080983092,2024-10-24 18:21:42
1634,69,30,18,,,126.83697334961346,37.20684782351489,126.83185845013627,37.1983451673993,2024-10-24 18:22:01
1635,33,70,18,,,126.82906609698459,37.20128032547888,126.83847090184544,37.20934015443202,2024-10-24 18:22:37
1636,51,37,18,,,126.81962976672516,37.210271593817374,126.82186975559772,37.19724150926187,2024-10-24 18:22:57
1637,19,10,18,,,126.8295094567104,37.195699863782245,126.81648366444445,37.20937761242908,2024-10-24 18:23:15
1638,56,19,18,,,126.83474702433975,37.205322563776654,126.82867292655291,37.19540635436892,2024-10-24 18:24:12
1639,11,17,18,,,126.81495847290017,37.207640156669434,126.82702244843503,37.197020113357986,2024-10-24 18:24:25
1640,51,37,18,,,126.8190952779414,37.20949595190061,126.82091922925224,37.1968168963569,2024-10-24 18:24:35
1641,10,40,18,,,126.81672610859374,37.20999319600992,126.83186267453856,37.19265427116923,2024-10-24 18:25:41
1642,56,32,18,,,126.83469000200121,37.20505132853005,126.83137590312596,37.20181548588329,2024-10-24 18:26:01
1643,32,54,18,,,126.83185543725136,37.20167492290801,126.83187444427976,37.21043389590254,2024-10-24 18:26:12
1644,50,37,18,,,126.82222941988144,37.21093770112788,126.82057516533969,37.19717776963731,2024-10-24 18:27:01
1645,11,58,18,,,126.81388060636016,37.20747902637195,126.834474033662,37.208459305879636,2024-10-24 18:27:02
1646,58,33,18,,,126.83463429093536,37.207534203921675,126.82858723452198,37.201083982074486,2024-10-24 18:27:04
1647,70,11,18,,,126.83684269595598,37.20984751481785,126.81376610363958,37.20768266919608,2024-10-24 18:27:27
1648,54,33,18,,,126.83331561105679,37.211085104508705,126.82833805481816,37.20118139501442,2024-10-24 18:27:34
1649,32,11,18,,,126.83219837747619,37.20121272868981,126.8133471243433,37.2085765813798,2024-10-24 18:28:03
1650,32,59,18,,,126.83224092754315,37.201709303328,126.83172299297645,37.2067496244109,2024-10-24 18:28:44
1651,69,30,18,,,126.83662337447028,37.205779603620165,126.83213496388076,37.199571981866875,2024-10-24 18:28:47
1652,70,10,18,,,126.83724629317253,37.208781137221536,126.81635742022834,37.20905141499157,2024-10-24 18:29:12
1653,56,17,18,,,126.83502562334277,37.20554286316404,126.8265606363435,37.19651904057624,2024-10-24 18:29:56
1654,51,34,18,,,126.8191550199041,37.21045703057131,126.82173266206196,37.20213653259867,2024-10-24 18:30:20
1655,56,41,18,,,126.83470720353722,37.20477085937885,126.83428751333653,37.19781108694375,2024-10-24 18:30:25
1656,17,54,18,,,126.82618933721558,37.19640212417107,126.83343208534238,37.2098628861245,2024-10-24 18:30:38
1657,33,58,18,,,126.82879231145716,37.20091362289952,126.83603825592722,37.208927826957186,2024-10-24 18:31:50
1658,33,56,18,,,126.82897656424636,37.20086530747101,126.83583485948638,37.20579974079072,2024-10-24 18:31:54
1659,33,56,18,,,126.82900007400863,37.200283131693325,126.8339248933928,37.20538057928329,2024-10-24 18:32:03
1660,56,33,18,,,126.83430672717786,37.204696596303286,126.82908606160623,37.20148847348483,2024-10-24 18:33:21
1661,58,19,18,,,126.83565680106813,37.20828121091886,126.82860365324966,37.19427729000631,2024-10-24 18:33:41
1662,50,37,18,,,126.82254174754225,37.21144802998641,126.82184199562978,37.19769981491213,2024-10-24 18:33:46
1663,56,41,18,,,126.83482664258287,37.20607646338758,126.83521797055324,37.19659936073663,2024-10-24 18:34:18
1664,56,33,18,,,126.83456227384887,37.20466501347073,126.82909648392351,37.2014854077564,2024-10-24 18:35:23
1665,72,33,18,,,126.81147165395176,37.20775956161662,126.82981537519943,37.20129120394567,2024-10-24 18:35:33
1666,59,15,18,,,126.83288046843101,37.2076598019758,126.81656790614296,37.20731697695602,2024-10-24 18:35:41
1667,58,33,18,,,126.83446998621643,37.20894154756826,126.82833669461343,37.20100856717619,2024-10-24 18:36:29
1668,10,17,18,,,126.8177636176963,37.20850055991323,126.82648291810284,37.197072173183855,2024-10-24 18:36:44
1669,56,17,18,,,126.83535375041082,37.20615816189143,126.826989449223,37.19669244251613,2024-10-24 18:37:43
1670,31,59,18,,,126.82979007989661,37.19695469192531,126.83268225151726,37.207181143723346,2024-10-24 18:38:10
1671,33,56,18,,,126.82915839565825,37.20138318727542,126.83430947351509,37.20503373355225,2024-10-24 18:38:11
1672,56,41,18,,,126.83482913882818,37.20640139807588,126.8347103817487,37.19734822078336,2024-10-24 18:38:51
1673,26,37,18,,,126.81930219538737,37.19277734332252,126.82101553693319,37.198257032467055,2024-10-24 18:39:31
1674,70,33,18,,,126.83784078548184,37.20943735242956,126.8293211134662,37.2011494107087,2024-10-24 18:39:56
1675,33,56,18,,,126.82860347414615,37.20098113647664,126.83554709728405,37.20511769400389,2024-10-24 18:40:02
1676,54,33,18,,,126.83366869862023,37.211189465904724,126.82979391538929,37.20117054957769,2024-10-24 18:41:14
1677,33,56,18,,,126.82897151147584,37.20026504604692,126.83566094066477,37.204852615085954,2024-10-24 18:42:03
1678,17,70,18,,,126.82636555228662,37.195963092436344,126.8380037947403,37.21015564744707,2024-10-24 18:42:41
1679,19,10,18,,,126.82954720428599,37.19590495036038,126.8169573301631,37.208832569471916,2024-10-24 18:42:45
1680,56,31,18,,,126.83573623409872,37.20624121084804,126.82887199304893,37.19799804310724,2024-10-24 18:42:59
1681,51,37,18,,,126.8192475146503,37.20957570715082,126.82049792243085,37.19687908689589,2024-10-24 18:43:56
1682,10,17,18,,,126.81722775061364,37.21018277790182,126.82542477667225,37.19577819873696,2024-10-24 18:44:07
1683,50,37,18,,,126.82181842673762,37.21057372265108,126.82198708319451,37.19682960470459,2024-10-24 18:44:21
1684,17,54,18,,,126.82728313810496,37.19587336583668,126.83366210137775,37.21005857083706,2024-10-24 18:44:22
1685,32,56,18,,,126.83256508404476,37.20262167442627,126.83456511704598,37.20555107281969,2024-10-24 18:44:26
1686,54,33,18,,,126.83319420949904,37.21021876843995,126.82910928394752,37.19996434515064,2024-10-24 18:44:39
1687,37,51,18,,,126.82048268468621,37.197998431872236,126.81930480950376,37.211291617338546,2024-10-24 18:44:42
1688,70,17,18,,,126.83811862319018,37.21016969908195,126.82554028198334,37.19650760016361,2024-10-24 18:44:55
1689,58,19,18,,,126.83527031000105,37.20782554323994,126.82975756384137,37.19482193139233,2024-10-24 18:44:59
1690,56,40,18,,,126.8351161486055,37.20559247934151,126.83150172675661,37.194178206404835,2024-10-24 18:45:22
1691,72,70,18,,,126.81224477076445,37.208152754627164,126.83726362130822,37.20993208539564,2024-10-24 18:45:23
1692,58,19,18,,,126.83552916745438,37.20929124726927,126.82830069885652,37.19547964753552,2024-10-24 18:45:30
1693,58,33,18,,,126.8351025979439,37.2089560066578,126.82941113045814,37.19980225720675,2024-10-24 18:45:45
1694,58,42,18,,,126.83501719575672,37.208523252212004,126.83182046468038,37.19521090520043,2024-10-24 18:46:04
1695,58,33,18,,,126.83489539060513,37.20895812688438,126.83002581966726,37.201157697738665,2024-10-24 18:46:07
1696,12,19,18,,,126.82018703308259,37.203834896684384,126.82909510222095,37.195390297679005,2024-10-24 18:46:17
1697,17,12,18,,,126.82631347169367,37.1968898721961,126.81952934415166,37.205664442412285,2024-10-24 18:46:28
1698,41,70,18,,,126.83443489865213,37.19694446588265,126.83730783247701,37.21049349237933,2024-10-24 18:47:24
1699,10,56,18,,,126.81625970484231,37.21030585334244,126.83429471142351,37.20538388057545,2024-10-24 18:47:35
1700,11,33,18,,,126.81374408389478,37.20867106932974,126.82995652031873,37.200057956452405,2024-10-24 18:48:03
1701,70,33,18,,,126.83728394500814,37.21051629102746,126.83010783223015,37.20089848021354,2024-10-24 18:48:06
1702,70,18,18,,,126.83879979577416,37.20961189235932,126.82306415756297,37.196389922657964,2024-10-24 18:48:38
1703,50,37,18,,,126.82288164671128,37.21226535784904,126.82129853139948,37.197172135894604,2024-10-24 18:51:17
1704,33,56,18,,,126.82948160522028,37.20038127014055,126.83419997907492,37.205725206705466,2024-10-24 18:51:29
1705,58,32,18,,,126.83566615762982,37.207669103724086,126.83190109773648,37.20139853099374,2024-10-24 18:51:34
1706,70,32,18,,,126.83748282629384,37.20992697078684,126.83276715983406,37.20201721162514,2024-10-24 18:52:39
1707,56,31,18,,,126.83450800412477,37.206023956506414,126.8292253761252,37.19802419580976,2024-10-24 18:53:09
1708,42,70,18,,,126.83187788825416,37.19605672774266,126.83783596080991,37.20866927538068,2024-10-24 18:53:33
1709,58,17,18,,,126.83535913449266,37.20805355205697,126.82575587202119,37.19738960977126,2024-10-24 18:54:05
1710,40,72,18,,,126.83209007043996,37.194295287723826,126.81077262218854,37.207932777746954,2024-10-24 18:54:32
1711,17,56,18,,,126.82688050780418,37.195820384119344,126.83475637022187,37.206599110515164,2024-10-24 18:55:08
1712,10,38,18,,,126.81690053065348,37.20997037553825,126.82511292633073,37.20056654362519,2024-10-24 18:56:48
1713,32,59,18,,,126.83214565003527,37.20113373380532,126.831960219769,37.207652505068594,2024-10-24 18:57:23
1714,50,37,18,,,126.82248047812013,37.21124872838575,126.82042880296585,37.19669226434221,2024-10-24 18:57:30
1715,37,51,18,,,126.82046312710112,37.19694718092311,126.81896915181662,37.211082280602746,2024-10-24 18:57:32
1716,31,54,18,,,126.82965551374967,37.198237012972655,126.83327666262312,37.209317478960955,2024-10-24 18:57:52
1717,42,70,18,,,126.83171904830226,37.19613193211771,126.83827333028607,37.20951751057122,2024-10-24 18:58:07
1718,12,17,18,,,126.81929357149808,37.204244592024914,126.82578932254171,37.19733414565886,2024-10-24 18:58:24
1719,56,33,18,,,126.83564962784351,37.20505587867682,126.82995006558379,37.20028529721692,2024-10-24 18:59:05
1720,70,42,18,,,126.83737498608576,37.20919690900247,126.83207187162161,37.19640259729867,2024-10-24 18:59:53
1721,32,56,19,,,126.83254671303897,37.20094024604438,126.83474241435601,37.205478598504044,2024-10-24 19:00:06
1722,37,51,19,,,126.82165736320653,37.19733744222987,126.82047060585026,37.21086982950475,2024-10-24 19:00:12
1723,72,56,19,,,126.81206831247226,37.20754931877204,126.8341940699931,37.205958045162554,2024-10-24 19:00:38
1724,12,19,19,,,126.81970814886294,37.205511971929,126.82867529963977,37.1947833443853,2024-10-24 19:00:52
1725,70,21,19,,,126.8373137285708,37.21046756470109,126.81863962153119,37.19588312331016,2024-10-24 19:01:46
1726,11,17,19,,,126.81404507512286,37.20915915970132,126.82634704641546,37.19652507521913,2024-10-24 19:05:27
1727,70,19,19,,,126.8381717845401,37.21042901026588,126.82815267701885,37.1959152274135,2024-10-24 19:05:41
1728,59,33,19,,,126.83315054777691,37.207502770016426,126.83027413024706,37.19973579342339,2024-10-24 19:05:59
1729,58,19,19,,,126.83586287104816,37.20901411622436,126.82841662119911,37.195335450630026,2024-10-24 19:06:07
1730,56,32,19,,,126.83541326266804,37.204904720659805,126.83260936934258,37.2019072720813,2024-10-24 19:06:38
1731,70,32,19,,,126.83875628017091,37.20929384126235,126.83120923122861,37.20150376942457,2024-10-24 19:06:41
1732,58,33,19,,,126.83556061576175,37.20810911255152,126.82938929551138,37.20139020384093,2024-10-24 19:06:47
1733,56,33,19,,,126.83588569808384,37.205999554904984,126.83021506968628,37.199960993782796,2024-10-24 19:06:57
1734,33,56,19,,,126.82864652564263,37.20140250684819,126.83466418678343,37.20522917046367,2024-10-24 19:07:27
1735,58,42,19,,,126.83533128468243,37.207819982948585,126.83166032739412,37.19547526826831,2024-10-24 19:08:00
1736,56,41,19,,,126.83488598149565,37.20512463013515,126.83514491105441,37.197571923490614,2024-10-24 19:08:06
1737,50,37,19,,,126.82322484654588,37.211831466410956,126.82124466423264,37.19769070009242,2024-10-24 19:08:24
1738,70,33,19,,,126.83827538802906,37.20889099204331,126.82995695987569,37.20027888197134,2024-10-24 19:08:25
1739,17,54,19,,,126.82653683663038,37.1965392922645,126.83254448431528,37.209581930894515,2024-10-24 19:08:29
1740,37,51,19,,,126.82050653574605,37.196474964565695,126.82059678862657,37.21048064780804,2024-10-24 19:09:28
1741,70,11,19,,,126.83848398880852,37.209138947757914,126.8145302000261,37.20917197917271,2024-10-24 19:09:40
1742,70,21,19,,,126.83712571601912,37.20937890224389,126.8184439354631,37.19732777082592,2024-10-24 19:11:11
1743,50,37,19,,,126.82269886437705,37.21200701871666,126.8211305334809,37.19660246734243,2024-10-24 19:11:38
1744,31,54,19,,,126.8284218684849,37.19860229797223,126.83305556202247,37.21004721743982,2024-10-24 19:12:53
1745,70,21,19,,,126.83794601751225,37.20996841923453,126.81859953608875,37.1966384150656,2024-10-24 19:13:09
1746,32,59,19,,,126.83200445327508,37.2017194472407,126.83258183183294,37.206598254097244,2024-10-24 19:13:31
1747,70,21,19,,,126.8382840829966,37.208680645390785,126.81897028706796,37.197333591381096,2024-10-24 19:13:54
1748,10,17,19,,,126.81635752876211,37.208589384338936,126.82699608563166,37.19686733444234,2024-10-24 19:13:56
1749,10,38,19,,,126.81616650614004,37.20881088259609,126.82379177421514,37.201769690650806,2024-10-24 19:13:57
1750,70,10,19,,,126.83814396719237,37.20991538991678,126.816083645011,37.20842773344503,2024-10-24 19:14:19
1751,33,54,19,,,126.82843223750731,37.20003705894796,126.83319021779445,37.209558933292385,2024-10-24 19:14:30
1752,70,17,19,,,126.83737352463666,37.209723095576344,126.82624964947,37.197227849050236,2024-10-24 19:14:44
1753,17,54,19,,,126.82690877425638,37.19731218099915,126.8330901453554,37.2098906318695,2024-10-24 19:17:25
1754,33,56,19,,,126.83005750447144,37.20163167711497,126.83573467251688,37.205524380192465,2024-10-24 19:17:42
1755,70,33,19,,,126.83861187368574,37.20975446318734,126.8302072939887,37.200007277697566,2024-10-24 19:18:30
1756,33,56,19,,,126.82837360668077,37.19979430773914,126.83487911841374,37.205112479550706,2024-10-24 19:18:53
1757,50,37,19,,,126.82189463125765,37.21094126574511,126.82205576843461,37.19737620834699,2024-10-24 19:19:08
1758,56,31,19,,,126.8357548572807,37.205207647459055,126.82918624133383,37.198252502979926,2024-10-24 19:19:19
1759,32,58,19,,,126.83134049428193,37.20221258919358,126.83554117386247,37.20820795737957,2024-10-24 19:19:41
1760,41,70,19,,,126.8346596842738,37.197410302897524,126.83857120121249,37.2102792467453,2024-10-24 19:20:03
1761,11,58,19,,,126.81363150866993,37.20844750003986,126.83464766291355,37.20891195107241,2024-10-24 19:20:29
1762,42,70,19,,,126.83254349333627,37.196780101377506,126.8377523392898,37.210513968515514,2024-10-24 19:20:34
1763,51,71,19,,,126.81976587082845,37.20954315900344,126.84101511262885,37.20568289372481,2024-10-24 19:21:13
1764,69,30,19,,,126.8385662935854,37.206769047800314,126.83185146380306,37.19863516302003,2024-10-24 19:21:21
1765,51,71,19,,,126.82028970102604,37.21096195093494,126.83930802836196,37.20585650686195,2024-10-24 19:21:49
1766,12,17,19,,,126.8191859285415,37.204061974373005,126.82578487107546,37.19607908915309,2024-10-24 19:22:44
1767,70,21,19,,,126.83711139246498,37.21009567120085,126.81812397477401,37.196939067575606,2024-10-24 19:22:46
1768,51,71,19,,,126.82056908604899,37.21090055156789,126.83928762608026,37.20547789203612,2024-10-24 19:23:13
1769,35,32,19,,,126.81965750925629,37.2029722486747,126.83232938234033,37.20262848681525,2024-10-24 19:23:25
1770,51,71,19,,,126.81932140933026,37.20967422406309,126.84052924941379,37.204749046747295,2024-10-24 19:25:06
1771,33,58,19,,,126.8302880670623,37.200871752608094,126.835997336231,37.208981382542596,2024-10-24 19:25:38
1772,37,51,19,,,126.82221135678857,37.19764522182791,126.82030720515814,37.211165543994795,2024-10-24 19:25:50
1773,58,33,19,,,126.8354222727672,37.208427037556724,126.82945711957618,37.20053309582168,2024-10-24 19:26:12
1774,26,37,19,,,126.81852546508708,37.19332302442093,126.82129782075485,37.19822559501115,2024-10-24 19:26:14
1775,70,42,19,,,126.8384309031912,37.208900874267194,126.83212837865013,37.19647101692176,2024-10-24 19:26:35
1776,58,33,19,,,126.83417257224615,37.20908439047661,126.82938710695696,37.20077790319198,2024-10-24 19:27:40
1777,31,59,19,,,126.82993886245306,37.19835521014272,126.83166619570805,37.208116613514534,2024-10-24 19:28:05
1778,17,12,19,,,126.82734660471974,37.197650210212124,126.81922651380773,37.204534951469874,2024-10-24 19:28:23
1779,11,32,19,,,126.81479576746115,37.208267718425205,126.83263843338544,37.202267153650595,2024-10-24 19:28:51
1780,56,40,19,,,126.83424517554523,37.20600180982404,126.83103791055748,37.19241256091255,2024-10-24 19:29:09
1781,56,33,19,,,126.83449089284676,37.206034830344855,126.82875054632349,37.19995542862874,2024-10-24 19:30:09
1782,42,70,19,,,126.83151522094761,37.19702549559909,126.83730544519611,37.209620865115134,2024-10-24 19:30:27
1783,19,10,19,,,126.82816092389841,37.19592335920048,126.8171668607061,37.208833091943795,2024-10-24 19:31:05
1784,51,71,19,,,126.82032696066828,37.21005124158035,126.83949322210894,37.204582303636585,2024-10-24 19:31:26
1785,11,70,19,,,126.8138923627476,37.207868827882876,126.83778042186775,37.20966381350069,2024-10-24 19:31:39
1786,33,70,19,,,126.82952301647921,37.20117960614018,126.83818245319729,37.209212629701256,2024-10-24 19:32:18
1787,56,31,19,,,126.83542415807823,37.206623547892896,126.82914591013902,37.19763241182796,2024-10-24 19:32:19
1788,56,41,19,,,126.834013673939,37.20500218505172,126.83453599593653,37.19815650879844,2024-10-24 19:32:20
1789,37,51,19,,,126.82158120348768,37.1974534317144,126.81997081126326,37.209425647349484,2024-10-24 19:32:26
1790,41,56,19,,,126.83495000032738,37.19816969820577,126.8353772851941,37.20645332481703,2024-10-24 19:32:30
1791,70,33,19,,,126.83751653362235,37.208730610413284,126.82887826682472,37.20081009901409,2024-10-24 19:33:25
1792,31,58,19,,,126.82940719339007,37.19878565250063,126.83474903720224,37.20822423182283,2024-10-24 19:34:10
1793,59,41,19,,,126.83338019989546,37.20697493344191,126.83519000652456,37.19653916167582,2024-10-24 19:34:33
1794,70,18,19,,,126.83758229782526,37.2090494640409,126.8235213580932,37.19649631245759,2024-10-24 19:37:32
1795,72,33,19,,,126.81234112718192,37.20736523603102,126.82856941778367,37.200619506601846,2024-10-24 19:37:39
1796,72,70,19,,,126.81074759640059,37.20764684682368,126.83876773289269,37.209990367844284,2024-10-24 19:38:44
1797,32,11,19,,,126.83168801139439,37.20229988695154,126.81482337139698,37.20754256028007,2024-10-24 19:39:05
1798,58,32,19,,,126.83552053117377,37.208417651334265,126.83218498378193,37.200935611198,2024-10-24 19:39:05
1799,10,56,19,,,126.81728138465705,37.209234804724474,126.83547130755896,37.205186640862465,2024-10-24 19:39:21
1800,33,56,19,,,126.82839799206616,37.201244197200026,126.83549230278138,37.20506505600983,2024-10-24 19:39:45
1801,56,41,19,,,126.83420586635205,37.20551056217198,126.83372580233372,37.1976410561138,2024-10-24 19:40:30
1802,50,37,19,,,126.82206582573221,37.21062984773221,126.82174668230651,37.198243937962644,2024-10-24 19:41:00
1803,40,72,19,,,126.83102341076582,37.19388781865175,126.812524822372,37.208054171579825,2024-10-24 19:41:49
1804,17,56,19,,,126.82679853027037,37.197146619031884,126.83576176722077,37.20594473196236,2024-10-24 19:43:20
1805,17,54,19,,,126.82554808815814,37.19774468436674,126.83365683336301,37.21096347365578,2024-10-24 19:43:45
1806,58,19,19,,,126.83515257646482,37.2087962390218,126.82901215293624,37.19408088227978,2024-10-24 19:43:47
1807,58,17,19,,,126.83568477908811,37.20894905507106,126.82674709123246,37.197751968161725,2024-10-24 19:44:33
1808,58,19,19,,,126.8341562843043,37.20834889116413,126.82811029224467,37.19426808402552,2024-10-24 19:44:35
1809,69,30,19,,,126.83719545449698,37.20572388640908,126.83181393097273,37.199823358000344,2024-10-24 19:44:55
1810,23,32,19,,,126.81983810991048,37.19247615384189,126.83228802055112,37.202288449092826,2024-10-24 19:45:14
1811,51,71,19,,,126.81913894786216,37.210622624407605,126.84013199951922,37.2047792812992,2024-10-24 19:45:18
1812,54,17,19,,,126.83287481925174,37.21010504355493,126.82673632085479,37.196061381638785,2024-10-24 19:46:25
1813,70,21,19,,,126.8369506519175,37.20963626686841,126.81830232016962,37.196623227821014,2024-10-24 19:46:41
1814,54,33,19,,,126.83366558563343,37.20944040251923,126.82927083887122,37.20107882740009,2024-10-24 19:47:00
1815,17,70,19,,,126.82680056229117,37.197122491439146,126.83734139459608,37.20983019637288,2024-10-24 19:48:14
1816,50,37,19,,,126.82323738112544,37.21055895723876,126.82102772629841,37.19707660530127,2024-10-24 19:48:51
1817,10,40,19,,,126.81685821066286,37.20873333486316,126.83093294426438,37.19351160036511,2024-10-24 19:49:15
1818,50,37,19,,,126.82266357857762,37.21126381468492,126.82197302869052,37.197547403600936,2024-10-24 19:49:29
1819,37,72,19,,,126.82114935898568,37.197074654110075,126.81144219753138,37.20738952810669,2024-10-24 19:50:13
1820,17,58,19,,,126.82636107056275,37.196263223864804,126.83485590804567,37.209301591696295,2024-10-24 19:50:13
1821,32,54,19,,,126.83161542645527,37.20154244516117,126.83330466718076,37.211167525480136,2024-10-24 19:51:04
1822,56,33,19,,,126.83521120569712,37.205034229429494,126.83002655596911,37.20039023441708,2024-10-24 19:51:05
1823,37,51,19,,,126.8209976064574,37.19805370722846,126.82001241695804,37.210656092521376,2024-10-24 19:51:17
1824,33,56,19,,,126.82843638631121,37.19986740114849,126.83392318302482,37.20614651668591,2024-10-24 19:51:55
1825,69,30,19,,,126.83766245933853,37.20631050893648,126.83175593047955,37.198210638861354,2024-10-24 19:53:26
1826,42,70,19,,,126.83156015708852,37.196828998376326,126.83841237472,37.208795252007704,2024-10-24 19:53:34
1827,11,33,19,,,126.81484976984969,37.208221134763924,126.8284807390884,37.20052057743895,2024-10-24 19:54:10
1828,50,37,19,,,126.82312325538632,37.2118840827717,126.82179342144053,37.19828716362146,2024-10-24 19:54:18
1829,59,15,19,,,126.8315259338865,37.207006369762446,126.81709195036565,37.20667311925495,2024-10-24 19:54:38
1830,54,33,19,,,126.83174057615557,37.21084897707697,126.82931902936599,37.20030606158088,2024-10-24 19:54:42
1831,51,34,19,,,126.81921285264482,37.20988612401971,126.82093090293023,37.20263619976071,2024-10-24 19:55:11
1832,56,17,19,,,126.83556449909675,37.20530920838633,126.82687093565151,37.19619086641298,2024-10-24 19:55:18
1833,56,17,19,,,126.83538018085729,37.20509306275984,126.82695769692116,37.19761595595133,2024-10-24 19:55:19
1834,58,33,19,,,126.8342609427947,37.20851882992395,126.82939223694888,37.201340070743605,2024-10-24 19:55:26
1835,37,51,19,,,126.82152830126857,37.19706797085492,126.82063385990092,37.2111662581138,2024-10-24 19:55:28
1836,58,33,19,,,126.83438125812644,37.2090387899871,126.83024563546483,37.20117175924637,2024-10-24 19:55:53
1837,54,33,19,,,126.83225487863437,37.209624884620155,126.82843189855404,37.20159877427034,2024-10-24 19:56:34
1838,56,19,19,,,126.83395186135088,37.204961305743225,126.82871106406206,37.19481939990318,2024-10-24 19:57:55
1839,56,33,19,,,126.83451687772352,37.206512070150715,126.82946858819547,37.20097505083474,2024-10-24 19:58:00
1840,56,17,19,,,126.83469234543583,37.205617928596155,126.82672412006808,37.19773841932591,2024-10-24 19:58:29
1841,10,17,19,,,126.81791749949265,37.2093215469185,126.82738964458402,37.19587385396565,2024-10-24 19:59:22
1842,10,17,19,,,126.81665345109498,37.20910123418086,126.82541770476581,37.19665436202187,2024-10-24 19:59:34
1843,11,70,20,,,126.81473109467963,37.20868545346264,126.8373071856932,37.21003886520383,2024-10-24 20:00:29
1844,21,48,20,,,126.81856077343875,37.19554554840063,126.830463470541,37.21391336126585,2024-10-24 20:00:36
1845,56,33,20,,,126.83412140759732,37.20655815467514,126.82899105321164,37.20113804588491,2024-10-24 20:00:38
1846,56,32,20,,,126.83519769393399,37.20616981080508,126.83149591165859,37.200833984806856,2024-10-24 20:00:55
1847,32,56,20,,,126.83147223563991,37.20228127462467,126.83459301170446,37.20599953992998,2024-10-24 20:00:55
1848,50,37,20,,,126.82196306076308,37.211567645257645,126.8221448386685,37.197702834397404,2024-10-24 20:03:06
1849,33,58,20,,,126.82936421574132,37.200426488162655,126.83609332815162,37.20885897232518,2024-10-24 20:03:28
1850,51,71,20,,,126.81871548113081,37.21067129973945,126.84051636698688,37.20469962283874,2024-10-24 20:03:54
1851,70,11,20,,,126.8375404502714,37.21036225315455,126.81488320500718,37.2089557915575,2024-10-24 20:04:04
1852,41,56,20,,,126.83428332585099,37.197161596515365,126.83549050005401,37.206547807751555,2024-10-24 20:04:37
1853,70,21,20,,,126.83848086918483,37.2085644846991,126.81910751660796,37.196175862582656,2024-10-24 20:05:15
1854,72,56,20,,,126.81157873934109,37.20780911974526,126.83519251137673,37.20526929861376,2024-10-24 20:05:16
1855,56,33,20,,,126.83578592649135,37.205178232245686,126.82989907424614,37.2008650572257,2024-10-24 20:05:42
1856,58,19,20,,,126.8353420922332,37.20924982758403,126.82892715039988,37.1943909643107,2024-10-24 20:05:47
1857,10,56,20,,,126.81616356353774,37.209607615700854,126.83409599692465,37.20512299277392,2024-10-24 20:06:09
1858,58,42,20,,,126.83438815096295,37.20810476142633,126.83125610137223,37.19665046398284,2024-10-24 20:06:10
1859,34,50,20,,,126.822074060911,37.20339214183605,126.82163999034562,37.212041440964036,2024-10-24 20:06:36
1860,37,51,20,,,126.82174592154064,37.196684574521655,126.81986778765986,37.20966009782468,2024-10-24 20:07:15
1861,32,54,20,,,126.83258465168333,37.20266186191078,126.83236012952636,37.20944572165087,2024-10-24 20:07:29
1862,70,32,20,,,126.83858104748363,37.20885130397071,126.83250149162794,37.20081074293633,2024-10-24 20:07:35
1863,58,19,20,,,126.83611461557616,37.20844229575226,126.82977912209502,37.19448387367172,2024-10-24 20:07:40
1864,17,54,20,,,126.82676374579229,37.19644555743361,126.83337344252575,37.21085692730596,2024-10-24 20:07:43
1865,11,33,20,,,126.81435593422617,37.208216445211704,126.8300904344451,37.20166169171594,2024-10-24 20:09:18
1866,70,17,20,,,126.83710701368375,37.20912892387499,126.82734925864916,37.19747626465341,2024-10-24 20:09:30
1867,54,33,20,,,126.83185927054886,37.21099781078061,126.82868432942271,37.2000288099521,2024-10-24 20:10:07
1868,21,48,20,,,126.81940289942511,37.196164310948795,126.83097372855637,37.21375769461095,2024-10-24 20:10:29
1869,41,70,20,,,126.83462921278236,37.19739426260334,126.83690962365075,37.20879739777182,2024-10-24 20:11:23
1870,21,48,20,,,126.81811564454954,37.19641572761243,126.83074739263125,37.215722612200416,2024-10-24 20:12:26
1871,33,56,20,,,126.8291668793315,37.201523979527416,126.83409060056894,37.205875854009285,2024-10-24 20:13:07
1872,50,37,20,,,126.82169938028315,37.210868646355884,126.8216541901623,37.19685921915522,2024-10-24 20:14:07
1873,72,33,20,,,126.81228687708082,37.20696058399134,126.829524440187,37.201617757652066,2024-10-24 20:14:56
1874,33,70,20,,,126.82927266385265,37.20033813856727,126.83810647951015,37.20955925668419,2024-10-24 20:15:08
1875,56,41,20,,,126.83476300057441,37.20469092103273,126.8345465295219,37.19649070829909,2024-10-24 20:15:18
1876,58,17,20,,,126.83550191441756,37.209302036437336,126.8268353218448,37.19714317281822,2024-10-24 20:15:25
1877,34,50,20,,,126.82080325067393,37.202693928525235,126.82148363544634,37.21058229193327,2024-10-24 20:16:51
1878,51,34,20,,,126.81911460951883,37.21139846166857,126.82200542888641,37.20228661643165,2024-10-24 20:16:59
1879,21,48,20,,,126.8183673988523,37.19579506330882,126.83029151628163,37.214342443612345,2024-10-24 20:17:04
1880,37,72,20,,,126.82177945698018,37.198206777017106,126.81176255925344,37.207868178146455,2024-10-24 20:17:14
1881,50,37,20,,,126.82192024388324,37.21235500958995,126.82154557291572,37.19800484634777,2024-10-24 20:18:57
1882,51,71,20,,,126.82063787415764,37.209772859608506,126.84101293840705,37.205063433920955,2024-10-24 20:19:05
1883,33,54,20,,,126.83004260698867,37.20119923807402,126.83216659716625,37.21118198861473,2024-10-24 20:19:11
1884,58,19,20,,,126.83536447300519,37.2081732704102,126.82971282833343,37.19427153069805,2024-10-24 20:19:14
1885,56,17,20,,,126.83423456700564,37.20468501390075,126.82619401411628,37.196125108780265,2024-10-24 20:19:15
1886,34,50,20,,,126.82143529017766,37.202274356654286,126.82280254537093,37.2123865111695,2024-10-24 20:20:46
1887,58,33,20,,,126.83502647025472,37.2077542149679,126.83026695187125,37.201259484342984,2024-10-24 20:21:51
1888,59,33,20,,,126.83333570809941,37.20665422015191,126.82908064379934,37.20150899267113,2024-10-24 20:22:45
1889,40,72,20,,,126.83122370729002,37.19408972395125,126.81246356550889,37.20761065382315,2024-10-24 20:23:42
1890,21,48,20,,,126.81827612459851,37.19555720095333,126.83023896951914,37.215188740888685,2024-10-24 20:24:09
1891,35,32,20,,,126.81874658479933,37.202455942609596,126.83205694989692,37.20230412133691,2024-10-24 20:24:36
1892,70,21,20,,,126.83703075286115,37.20864769598893,126.81853033433967,37.19650608699122,2024-10-24 20:25:22
1893,37,51,20,,,126.82081264056016,37.19690010815102,126.81886912709423,37.210588043562865,2024-10-24 20:25:22
1894,70,42,20,,,126.8370689999112,37.21049538186616,126.83178897137786,37.19553912164236,2024-10-24 20:25:46
1895,69,30,20,,,126.83802409664737,37.20589095072316,126.83232822994506,37.19898482065947,2024-10-24 20:26:15
1896,32,11,20,,,126.83284634827113,37.20175022188686,126.81410360826587,37.20894325914388,2024-10-24 20:27:17
1897,70,21,20,,,126.83770668047212,37.20998464413986,126.81760310003943,37.196632567147724,2024-10-24 20:28:05
1898,31,54,20,,,126.82989221689077,37.19833813361249,126.83206987227284,37.20951409949602,2024-10-24 20:28:44
1899,70,18,20,,,126.83847437681463,37.20902452411568,126.82299684196761,37.19480072392228,2024-10-24 20:28:44
1900,10,38,20,,,126.81744711073281,37.2093794516667,126.82362637648379,37.20216733635298,2024-10-24 20:29:12
1901,34,50,20,,,126.82260479425705,37.20242392676149,126.8219880875624,37.21122767616051,2024-10-24 20:29:24
1902,10,17,20,,,126.81760711491032,37.210310754890855,126.82595726539505,37.19677409873291,2024-10-24 20:29:57
1903,23,32,20,,,126.82052091068968,37.191116790643285,126.831717699262,37.20161442503117,2024-10-24 20:29:59
1904,54,33,20,,,126.83220947542951,37.20963475256889,126.82992973929944,37.20082911046338,2024-10-24 20:30:11
1905,70,33,20,,,126.83847776966053,37.20964784114129,126.82931801825241,37.20150408332452,2024-10-24 20:31:00
1906,70,21,20,,,126.83831494744778,37.21002664517571,126.81817569659216,37.19674000069411,2024-10-24 20:32:04
1907,31,58,20,,,126.83005607867561,37.19876968334538,126.83511121513773,37.207696239214215,2024-10-24 20:32:43
1908,59,15,20,,,126.83283448923387,37.20722544173717,126.81737367254583,37.206350845887236,2024-10-24 20:33:44
1909,42,70,20,,,126.83229139529696,37.19648478171391,126.83714976963924,37.21048260613394,2024-10-24 20:33:47
1910,31,59,20,,,126.82951886318739,37.19844992580958,126.83297643298378,37.20702755299433,2024-10-24 20:33:49
1911,70,33,20,,,126.83761151457945,37.208860226874705,126.83021075730353,37.20051302439538,2024-10-24 20:34:21
1912,17,54,20,,,126.82550743257521,37.196476223308665,126.83201285635351,37.210184490216875,2024-10-24 20:35:04
1913,37,51,20,,,126.82034836887942,37.19786514264339,126.81979565611168,37.20980280258537,2024-10-24 20:36:25
1914,56,41,20,,,126.83493181454064,37.2052363962754,126.83351947037983,37.19786892204834,2024-10-24 20:37:10
1915,37,51,20,,,126.82086369950099,37.19766162444927,126.8202166407746,37.21036778617042,2024-10-24 20:37:18
1916,51,71,20,,,126.818961887948,37.20994746549166,126.83964520430946,37.20578532805038,2024-10-24 20:37:29
1917,59,41,20,,,126.8325151888583,37.207371982186096,126.834878608723,37.1972609041436,2024-10-24 20:37:30
1918,42,70,20,,,126.83249583185516,37.195236979937114,126.8384478002088,37.20891991113236,2024-10-24 20:38:39
1919,11,17,20,,,126.81481273016598,37.20737195636127,126.82639132051266,37.1968779597913,2024-10-24 20:39:16
1920,70,21,20,,,126.83687910465986,37.21028048325317,126.81773466778522,37.19607336127957,2024-10-24 20:40:32
1921,32,58,20,,,126.83186788279954,37.202221367833864,126.83510493795701,37.20803758786022,2024-10-24 20:40:45
1922,58,32,20,,,126.83498356856633,37.20782138557727,126.8323735472051,37.20253273982579,2024-10-24 20:40:56
1923,56,19,20,,,126.83419577442805,37.20501861532722,126.82877623743813,37.19488761881846,2024-10-24 20:41:29
1924,58,33,20,,,126.83482985083577,37.20909377969211,126.83014674208825,37.19987362799002,2024-10-24 20:42:39
1925,51,71,20,,,126.81943288507168,37.2106297082018,126.84046633706711,37.204155148843874,2024-10-24 20:43:11
1926,33,56,20,,,126.82855519575591,37.19996323506426,126.83445645298637,37.205445485613225,2024-10-24 20:43:18
1927,10,40,20,,,126.81790508640984,37.21005410528839,126.83095221667465,37.19311292746434,2024-10-24 20:43:23
1928,17,70,20,,,126.82719245516198,37.19680069826734,126.83860372101562,37.21041035806829,2024-10-24 20:43:53
1929,56,31,20,,,126.83410919730542,37.206583690223034,126.82954375052005,37.197903842738576,2024-10-24 20:44:02
1930,54,17,20,,,126.83292434770675,37.20970816483147,126.8258179374646,37.19697832362135,2024-10-24 20:44:38
1931,37,51,20,,,126.82064660168183,37.1980584220146,126.81889193956782,37.21031092873257,2024-10-24 20:44:40
1932,58,33,20,,,126.83466388141831,37.20819687959924,126.82991164045663,37.20147975217416,2024-10-24 20:45:10
1933,12,19,20,,,126.8194621586719,37.20500704889144,126.82921523345543,37.19596412352466,2024-10-24 20:46:41
1934,56,40,20,,,126.83499595551964,37.205177832573966,126.83041579454503,37.192342313705396,2024-10-24 20:47:14
1935,70,19,20,,,126.83757365476559,37.209947455010955,126.82979601550375,37.19408752252196,2024-10-24 20:47:29
1936,11,58,20,,,126.81335371177656,37.20750651648914,126.83579587430877,37.20783902261001,2024-10-24 20:47:38
1937,10,17,20,,,126.81736660756303,37.20989331866209,126.82632119262873,37.19660612773909,2024-10-24 20:48:17
1938,56,33,20,,,126.83418718990498,37.20481284967953,126.83009905396086,37.20118512636812,2024-10-24 20:48:17
1939,70,33,20,,,126.8386816336672,37.20899415900941,126.82849814642766,37.200209438080655,2024-10-24 20:48:25
1940,33,56,20,,,126.82867664987643,37.200670450751616,126.83509112210608,37.206628022629744,2024-10-24 20:49:51
1941,17,58,20,,,126.82619286239853,37.19703199314879,126.8359912974825,37.209304767334785,2024-10-24 20:50:22
1942,12,17,20,,,126.82008832949151,37.20511100989588,126.82729550221241,37.19776797607813,2024-10-24 20:50:26
1943,34,50,20,,,126.8212787718255,37.20269752596829,126.82259241781883,37.21106083238223,2024-10-24 20:50:50
1944,50,37,20,,,126.8225043713527,37.21151907040986,126.82147518342576,37.197204097513,2024-10-24 20:51:14
1945,54,33,20,,,126.83256400023608,37.20998440131024,126.829182080503,37.20112540667391,2024-10-24 20:51:23
1946,32,59,20,,,126.83223445209019,37.201604408593425,126.83182136803542,37.20783627474174,2024-10-24 20:51:56
1947,17,12,20,,,126.82585575660215,37.196816673073265,126.81992622944927,37.20393890642258,2024-10-24 20:52:08
1948,51,71,20,,,126.81986118717766,37.21129742294375,126.84043164441455,37.20543386091981,2024-10-24 20:53:07
1949,58,33,20,,,126.83599926936598,37.20746301213173,126.8296259816213,37.199963068760574,2024-10-24 20:53:51
1950,50,37,20,,,126.82238700970176,37.211526105025605,126.82077841590235,37.197864762043466,2024-10-24 20:53:58
1951,56,31,20,,,126.83410818959435,37.204666496351315,126.82831029230022,37.19761826673603,2024-10-24 20:55:09
1952,69,30,20,,,126.8380004411682,37.20722028227969,126.83078077704091,37.19840131490654,2024-10-24 20:55:23
1953,58,33,20,,,126.83528876522824,37.20759328187153,126.82887122566237,37.201584953493246,2024-10-24 20:55:36
1954,56,33,20,,,126.8345722423475,37.20496920817644,126.82842602439057,37.19997480951163,2024-10-24 20:55:40
1955,33,56,20,,,126.82926205903367,37.20052410071934,126.83411485949301,37.20620835313504,2024-10-24 20:56:01
1956,72,70,20,,,126.8107512104669,37.20693694219614,126.83766717697841,37.20928248557418,2024-10-24 20:56:28
1957,19,10,20,,,126.8285776772464,37.19501136167921,126.81666728071538,37.20956932283661,2024-10-24 20:57:54
1958,70,10,20,,,126.83793548213522,37.208573838601936,126.81785198531435,37.210253493882526,2024-10-24 20:58:04
1959,50,37,20,,,126.82279588358108,37.21094118633052,126.82060296486091,37.197527905553,2024-10-24 20:58:11
1960,17,56,20,,,126.8260039754322,37.19600537104297,126.83433486159737,37.20523000937191,2024-10-24 20:58:33
1961,56,17,20,,,126.83504804567822,37.20499514039729,126.8257664327309,37.19765635035979,2024-10-24 20:58:52
1962,26,37,20,,,126.8175744755161,37.193946129447596,126.82052810733047,37.19699340323928,2024-10-24 20:59:25
1963,11,32,20,,,126.81522270462388,37.2072785226813,126.83286410860737,37.20210057084795,2024-10-24 20:59:41
1964,11,17,21,,,126.81394415147722,37.208770176197405,126.82668239736833,37.19687302299595,2024-10-24 21:00:44
1965,70,42,21,,,126.83818607607985,37.21044481931764,126.83182225844288,37.1956550893758,2024-10-24 21:01:33
1966,33,56,21,,,126.8290784968409,37.20084013388297,126.83561278390039,37.20581563569996,2024-10-24 21:01:37
1967,10,17,21,,,126.81633569791946,37.20881732217425,126.82582943933983,37.19598256932747,2024-10-24 21:01:54
1968,11,58,21,,,126.81349598996145,37.20773780362378,126.83422282854566,37.208598900152474,2024-10-24 21:02:12
1969,70,17,21,,,126.83871580055927,37.209629691742194,126.82583255972827,37.19606066784177,2024-10-24 21:02:36
1970,56,33,21,,,126.83448197984391,37.205369863513894,126.82955364038439,37.2004838493251,2024-10-24 21:02:42
1971,56,31,21,,,126.83463538623971,37.20520315393761,126.82844859377533,37.1970287441217,2024-10-24 21:04:39
1972,56,17,21,,,126.83481834542317,37.20564074381422,126.82599683580425,37.196109075519985,2024-10-24 21:05:57
1973,54,33,21,,,126.8336606974811,37.21032727621678,126.82834415688346,37.19986059495066,2024-10-24 21:10:24
1974,58,33,21,,,126.8358407378506,37.20859892205471,126.83006259114752,37.20011188544461,2024-10-24 21:10:48
1975,10,17,21,,,126.81616579426591,37.20855506410387,126.82709883799541,37.19697602057578,2024-10-24 21:18:25
1976,33,56,21,,,126.82967902134071,37.199988228870176,126.8351606351508,37.20480042501209,2024-10-24 21:19:48
1977,42,70,21,,,126.83226278896304,37.19583602586686,126.83860009306112,37.20940133219023,2024-10-24 21:19:51
1978,17,54,21,,,126.82732309749207,37.19727299910165,126.83230083330957,37.21019390666022,2024-10-24 21:24:20
1979,70,33,21,,,126.83877585484665,37.210118647556946,126.82873725915272,37.200092624526505,2024-10-24 21:24:40
1980,56,41,21,,,126.83473511817904,37.20480990038925,126.83499061757246,37.19709613982464,2024-10-24 21:25:30
1981,19,10,21,,,126.8298138906045,37.19548620500688,126.81620493678467,37.20974357596082,2024-10-24 21:26:40
1982,69,30,21,,,126.83699319654124,37.20726014858132,126.83140961455393,37.19858837004285,2024-10-24 21:27:05
1983,32,59,21,,,126.83200638257539,37.2025395270823,126.83299776793544,37.20738213183293,2024-10-24 21:27:48
1984,56,33,21,,,126.83418962419532,37.20594350345906,126.82945174027729,37.199913715312924,2024-10-24 21:30:10
1985,58,33,21,,,126.83449362618826,37.207676892703816,126.83023336966733,37.19988247952782,2024-10-24 21:31:44
1986,70,33,21,,,126.83802088802588,37.208602175806774,126.83018719271053,37.200426352512245,2024-10-24 21:38:47
1987,69,30,21,,,126.83799883621859,37.20669630531285,126.8313317949549,37.198883367705896,2024-10-24 21:41:15
1988,42,70,21,,,126.83208815628561,37.19616196732978,126.8370811283477,37.209434489713885,2024-10-24 21:44:28
1989,58,33,21,,,126.83506483466135,37.207645660842445,126.83011452640835,37.200950751829645,2024-10-24 21:45:40
1990,56,41,21,,,126.8346421942399,37.20490088776997,126.83513989024436,37.197885626566084,2024-10-24 21:46:27
1991,58,19,21,,,126.836087942744,37.207544005750684,126.82944737039512,37.19414894610745,2024-10-24 21:46:35
1992,58,19,21,,,126.83414896536108,37.20910112467226,126.82844751031897,37.19574094832588,2024-10-24 21:47:46
1993,33,56,21,,,126.82874556777107,37.20012892302248,126.83419045496231,37.2060058387674,2024-10-24 21:49:02
1994,33,58,21,,,126.83024160809585,37.19998787691729,126.83559052074867,37.208491256196936,2024-10-24 21:49:03
1995,56,17,21,,,126.83500300181304,37.206383834253295,126.82696851048098,37.1977075344786,2024-10-24 21:52:18
1996,56,32,21,,,126.83588101632697,37.20556440159159,126.83252551850914,37.20270347224332,2024-10-24 21:52:41
1997,54,33,21,,,126.83215010968023,37.21055922144476,126.82952802746622,37.20165980186028,2024-10-24 21:52:51
1998,17,54,21,,,126.82550171724812,37.196737254222455,126.83228909814231,37.20937989636418,2024-10-24 21:53:56
1999,58,33,22,,,126.83474701031305,37.20806254354438,126.82856376408105,37.201303885900465,2024-10-24 22:01:06
2000,54,33,22,,,126.83282886714522,37.21063892185931,126.82964239925639,37.19995501734349,2024-10-24 22:05:18
2001,10,17,22,,,126.81655798774787,37.20862173812721,126.8271531712259,37.19593305846454,2024-10-24 22:05:42
2002,56,31,22,,,126.83577636850688,37.206435921517794,126.8287230369458,37.197849176975296,2024-10-24 22:10:16
2003,58,33,22,,,126.83528675232765,37.20940214361245,126.82994183207613,37.199694524900146,2024-10-24 22:13:02
2004,33,56,22,,,126.82901282589563,37.19999484942699,126.83485972854392,37.2054811214488,2024-10-24 22:20:16
2005,56,33,22,,,126.83562326384366,37.2065295667831,126.82959210616818,37.20093436897021,2024-10-24 22:30:45
2006,17,54,22,,,126.82645517533228,37.197512218501004,126.83219078287618,37.2105327632932,2024-10-24 22:30:49
2007,69,30,22,,,126.83750624951159,37.20702153863503,126.83147946727094,37.198751702390226,2024-10-24 22:34:04
2008,70,33,22,,,126.83876687351881,37.209391227690226,126.83016697109521,37.20033743609207,2024-10-24 22:37:01
2009,58,19,22,,,126.83533496618837,37.209007423393174,126.82828571527766,37.19446710332744,2024-10-24 22:37:16
2010,50,37,22,,,126.8213992371901,37.21127878960938,126.82145500394437,37.1979897484591,2024-10-24 22:38:56
2011,56,41,22,,,126.8343459752521,37.20483781140193,126.83407615254472,37.19815401925655,2024-10-24 22:39:29
2012,42,70,22,,,126.83248206352498,37.19668310793842,126.8386439288349,37.20941309727263,2024-10-24 22:47:01
2013,56,33,22,,,126.83472150298444,37.20658287154239,126.8283216271599,37.200707166260784,2024-10-24 22:54:04
2014,56,17,22,,,126.83539440240294,37.206520857410545,126.82603865002498,37.197243078813486,2024-10-24 22:56:13
2015,33,56,22,,,126.83010418655344,37.199773267429926,126.83583546124619,37.20549998788142,2024-10-24 22:56:41
