idx,o,d,hour,o_h3,d_h3,o_x,o_y,d_x,d_y,time
0,23,50,7,,,126.82079064655157,37.191991011210995,126.82210533570667,37.21072424912582,2024-10-24 07:00:02
1,33,56,7,,,126.83031118225912,37.2005823539096,126.83405525115032,37.20663511218866,2024-10-24 07:00:38
2,20,31,7,,,126.81489853267644,37.19280760306283,126.82959197686935,37.19861986253888,2024-10-24 07:00:47
3,58,42,7,,,126.83457627227018,37.207644761303236,126.83116329591728,37.19649896746605,2024-10-24 07:01:10
4,7,50,7,,,126.82676675409543,37.207218946655864,126.82250186429818,37.21170455113327,2024-10-24 07:02:02
5,58,33,7,,,126.83453180083397,37.20935787806756,126.828619038069,37.199706542899,2024-10-24 07:02:07
6,33,56,7,,,126.8291527232081,37.200904545885024,126.83495429513918,37.205810263871534,2024-10-24 07:02:42
7,63,71,7,,,126.835464167152,37.212223020070944,126.83930797261847,37.20538349131735,2024-10-24 07:03:06
8,50,50,7,,,126.82232964686074,37.210990198763334,126.82152503063067,37.21219998906442,2024-10-24 07:03:09
9,33,56,7,,,126.82939866378017,37.20082414344599,126.83402306025393,37.20613887041371,2024-10-24 07:03:59
10,10,17,7,,,126.81646597366412,37.20842991110705,126.82556520340012,37.1963484161688,2024-10-24 07:04:44
11,50,38,7,,,126.82322091588473,37.21239826264712,126.82449562322805,37.20156602326116,2024-10-24 07:04:46
12,29,18,7,,,126.82641044050786,37.20242882980312,126.82379970720483,37.195659821588826,2024-10-24 07:04:50
13,70,33,7,,,126.83840399033161,37.208658805377766,126.82996275398006,37.200855870939,2024-10-24 07:04:52
14,23,50,7,,,126.82078541606215,37.19096442894621,126.82290057850281,37.210638938712115,2024-10-24 07:05:22
15,69,30,7,,,126.8369418816382,37.206037829467206,126.8307803962746,37.198081058506354,2024-10-24 07:05:32
16,10,17,7,,,126.81669808855777,37.2090562211007,126.82549252033212,37.19629868197604,2024-10-24 07:06:36
17,32,59,7,,,126.8329977907065,37.20084768138083,126.83338564007917,37.20804983276745,2024-10-24 07:06:41
18,32,54,7,,,126.83245565294656,37.20086773006993,126.83189042648904,37.210794659515564,2024-10-24 07:06:43
19,2,53,7,,,126.82271622251929,37.2062230277359,126.82960628110901,37.20547077596249,2024-10-24 07:06:59
20,21,48,7,,,126.81817357078315,37.19708390998271,126.8306527737648,37.21502177269684,2024-10-24 07:07:15
21,42,70,7,,,126.83231709664362,37.19526588087561,126.83790991377755,37.21034738644186,2024-10-24 07:07:38
22,58,33,7,,,126.83446061108958,37.20901423837448,126.82947164284244,37.20028786070356,2024-10-24 07:07:49
23,70,33,7,,,126.83811400264595,37.20962865405616,126.82996753569672,37.20148260575479,2024-10-24 07:07:50
24,38,7,7,,,126.82465368164348,37.20209913785528,126.82686494485156,37.207342451995686,2024-10-24 07:07:52
25,61,63,7,,,126.8327515259707,37.21626755780283,126.8362592043392,37.211760192336016,2024-10-24 07:08:14
26,50,38,7,,,126.82198001870873,37.211940022201205,126.82398563409276,37.20093828176569,2024-10-24 07:08:30
27,58,33,7,,,126.83436185836146,37.20840577672402,126.82924434134429,37.20156129690879,2024-10-24 07:08:37
28,56,17,7,,,126.83467480029299,37.204944580608974,126.8258335252005,37.196075250774754,2024-10-24 07:09:26
29,17,54,7,,,126.82558743827063,37.19678869282895,126.83189118668525,37.20928770724469,2024-10-24 07:09:26
30,23,32,7,,,126.82013653320702,37.19154094974726,126.83284409393092,37.20265350421708,2024-10-24 07:10:26
31,11,17,7,,,126.81374492531363,37.2079974952509,126.8272789286217,37.196303595885695,2024-10-24 07:11:06
32,56,33,7,,,126.83574781294945,37.20632393061907,126.82938252063649,37.2016272268194,2024-10-24 07:11:16
33,45,47,7,,,126.82472867633832,37.21305476490515,126.82812990568068,37.211708767706426,2024-10-24 07:12:14
34,32,56,7,,,126.83189645286535,37.201126922538656,126.83446581999745,37.20548668257262,2024-10-24 07:13:04
35,58,33,7,,,126.83551430830111,37.207610647557814,126.82851807598831,37.20092026765556,2024-10-24 07:13:32
36,42,70,7,,,126.83188475067828,37.19647952653208,126.83793850023743,37.20924688656797,2024-10-24 07:14:20
37,38,69,7,,,126.82357604290017,37.20175493681555,126.8371222223448,37.20699219119822,2024-10-24 07:14:22
38,33,58,7,,,126.82857918651816,37.20067755225246,126.83427066209737,37.208156672272054,2024-10-24 07:14:33
39,68,2,7,,,126.83959160212824,37.202724231505535,126.82152656964891,37.206686637516306,2024-10-24 07:15:24
40,62,3,7,,,126.83764776703471,37.21207714574862,126.82409357712629,37.21018213160777,2024-10-24 07:15:31
41,10,38,7,,,126.8167704295629,37.21007122967325,126.8248370691288,37.201226533046004,2024-10-24 07:15:53
42,33,56,7,,,126.83019746563188,37.200473333967,126.83506656782313,37.205782270113225,2024-10-24 07:16:03
43,58,33,7,,,126.83527277875861,37.20895960716578,126.8289870666172,37.201002159805256,2024-10-24 07:16:38
44,33,58,7,,,126.82862976704213,37.20040483704184,126.83554015931942,37.20912614451141,2024-10-24 07:16:40
45,67,69,7,,,126.83521328682313,37.202064127418524,126.83817573620124,37.206936350582936,2024-10-24 07:16:56
46,32,58,7,,,126.83114999554643,37.20249547662991,126.83584501325419,37.20907469909159,2024-10-24 07:17:03
47,50,38,7,,,126.82225148920321,37.210589286742604,126.82478187001492,37.2013595531384,2024-10-24 07:17:23
48,58,33,7,,,126.83446865775598,37.20899245079884,126.82981012468133,37.20088027785214,2024-10-24 07:17:29
49,33,56,7,,,126.829746656979,37.20007430126321,126.8347003014017,37.20512029119818,2024-10-24 07:17:48
50,41,70,7,,,126.83411947135065,37.196519119231326,126.83794054692869,37.20995086419226,2024-10-24 07:17:52
51,17,54,7,,,126.82626248710086,37.1972636678649,126.83239588131198,37.210360540343736,2024-10-24 07:17:56
52,49,38,7,,,126.82794260096374,37.212739270371344,126.82474170463193,37.20101108666463,2024-10-24 07:18:07
53,10,17,7,,,126.81792460325724,37.20864922133936,126.82559111113304,37.19644282933182,2024-10-24 07:18:58
54,47,4,7,,,126.82754424675386,37.21054942819249,126.8228429311385,37.20904408730867,2024-10-24 07:19:03
55,70,33,7,,,126.83772679585196,37.209945504414925,126.83016209546639,37.201040552704505,2024-10-24 07:19:18
56,50,50,7,,,126.82264525588383,37.21153141769501,126.82301622110137,37.211170890186,2024-10-24 07:19:22
57,70,33,7,,,126.83775612913969,37.20941783619609,126.82911929041575,37.20027396524545,2024-10-24 07:19:42
58,58,33,7,,,126.83594913177134,37.20861024805895,126.8301972145745,37.20041639678321,2024-10-24 07:21:17
59,53,38,7,,,126.83054528932126,37.207196977514116,126.82460739619808,37.201545017086794,2024-10-24 07:21:39
60,58,33,7,,,126.83579454150703,37.20916208092216,126.83007753574543,37.19983910866048,2024-10-24 07:22:00
61,56,33,7,,,126.83566800968012,37.2053179203891,126.83021668161715,37.20022229609564,2024-10-24 07:22:18
62,48,70,7,,,126.82966551684562,37.21562234798776,126.8371758688315,37.21048033052078,2024-10-24 07:22:36
63,23,50,7,,,126.82092127818036,37.19083519056208,126.82139375585027,37.211677393904,2024-10-24 07:23:04
64,58,33,7,,,126.83532538948512,37.2080179715782,126.82942585543326,37.20142599755487,2024-10-24 07:23:14
65,58,19,7,,,126.83427031621015,37.20790709893357,126.82794670539369,37.19594939996271,2024-10-24 07:23:53
66,42,70,7,,,126.8321431284668,37.196913356132946,126.8386165824722,37.21026093446274,2024-10-24 07:24:53
67,23,50,7,,,126.82084858681759,37.1916693222099,126.82182876884636,37.210742522066916,2024-10-24 07:25:29
68,50,38,7,,,126.82318498526377,37.21185514956572,126.82377074802466,37.20155074227317,2024-10-24 07:25:52
69,45,65,7,,,126.8257814919051,37.21332596952745,126.83509326335086,37.19945643705351,2024-10-24 07:26:06
70,56,33,7,,,126.83581559038505,37.20634981519409,126.82980930471538,37.20050382542962,2024-10-24 07:26:37
71,56,33,7,,,126.8352347292218,37.205826704844206,126.82917149891674,37.19983367778869,2024-10-24 07:26:53
72,50,50,7,,,126.82269149019453,37.210988482554335,126.82288130312554,37.21051160331145,2024-10-24 07:27:16
73,32,59,7,,,126.83132850001248,37.2025513904528,126.83222849107979,37.20638208835399,2024-10-24 07:27:22
74,50,38,7,,,126.82248819912763,37.21189493050357,126.82449870714395,37.20070339262725,2024-10-24 07:27:28
75,32,11,7,,,126.8324573774686,37.20168055405785,126.81529424167482,37.20860386241125,2024-10-24 07:28:03
76,50,50,7,,,126.82253071597111,37.212272787493276,126.82214733110709,37.211937205506175,2024-10-24 07:28:17
77,56,17,7,,,126.83499395198912,37.20545811803228,126.8258192882253,37.196601188709806,2024-10-24 07:28:19
78,56,19,7,,,126.83544832125274,37.20542187291828,126.82790525303207,37.19592695282433,2024-10-24 07:28:40
79,56,40,7,,,126.83407254217364,37.205147462356514,126.83140558094567,37.192338664469496,2024-10-24 07:28:46
80,58,33,7,,,126.83540424968145,37.20938022973655,126.82972889066484,37.20132319748637,2024-10-24 07:29:35
81,58,33,7,,,126.83517657296312,37.207810928524296,126.82954609808553,37.200966697692394,2024-10-24 07:29:43
82,50,21,7,,,126.82240222029164,37.21171293138179,126.81872985728724,37.19611326370972,2024-10-24 07:29:47
83,70,18,7,,,126.83775855815716,37.20991827157031,126.82329744912123,37.19475427230129,2024-10-24 07:30:45
84,53,19,7,,,126.82969172394463,37.20556357650835,126.82898403969935,37.19509709252886,2024-10-24 07:31:09
85,10,17,7,,,126.81795640864078,37.20941071852264,126.82650970070883,37.19652670899602,2024-10-24 07:31:21
86,46,32,7,,,126.83085175417835,37.21162749180179,126.83144507286408,37.202489150793504,2024-10-24 07:31:25
87,11,41,7,,,126.81530495795336,37.20801604420018,126.83434969981447,37.197475954798485,2024-10-24 07:31:33
88,50,50,7,,,126.82329903817967,37.212087984473385,126.82269707566229,37.21197243656706,2024-10-24 07:32:18
89,66,66,7,,,126.83650048275179,37.2031361158498,126.8375238381945,37.203891434688934,2024-10-24 07:32:36
90,64,26,7,,,126.84188528407414,37.20313441595433,126.81923527142335,37.192630444012266,2024-10-24 07:32:40
91,56,33,7,,,126.83458098879551,37.20470096893284,126.8291229067157,37.20102406663442,2024-10-24 07:33:09
92,40,72,7,,,126.83214306094226,37.192802140399536,126.81191043604431,37.20627759986138,2024-10-24 07:33:21
93,58,33,7,,,126.83449675918357,37.20916056027475,126.82990993809108,37.20009002256472,2024-10-24 07:33:44
94,54,13,7,,,126.83348559788547,37.21004695600756,126.81588149733993,37.2035995195766,2024-10-24 07:34:27
95,58,33,7,,,126.83415838376958,37.208753741110236,126.8292946767874,37.200505900346045,2024-10-24 07:34:32
96,33,56,7,,,126.82868592329937,37.19982600579485,126.83525915481533,37.20583298950585,2024-10-24 07:34:40
97,58,33,7,,,126.83430430539316,37.20935477975768,126.82929142907112,37.20110593219257,2024-10-24 07:35:16
98,23,50,7,,,126.82065971101592,37.19253798812424,126.82245796634986,37.21092411008606,2024-10-24 07:36:01
99,58,33,7,,,126.83506282701251,37.20900793750287,126.82949922261555,37.2013172520612,2024-10-24 07:36:44
100,56,33,7,,,126.83570435240291,37.20624265563483,126.82886014400094,37.200642241819466,2024-10-24 07:37:16
101,50,38,7,,,126.82198712407083,37.21216796401379,126.82474036593048,37.200740077811034,2024-10-24 07:37:24
102,59,50,7,,,126.83285335744898,37.20703936019168,126.8218821815247,37.211042346529126,2024-10-24 07:37:34
103,37,64,7,,,126.82158752409707,37.19702236121556,126.84178513896214,37.20413133836591,2024-10-24 07:37:51
104,58,33,7,,,126.83482748699986,37.20902392529485,126.82905541512986,37.20052253889083,2024-10-24 07:38:38
105,58,50,7,,,126.83524002537926,37.208196695503446,126.82337263710022,37.21118802846347,2024-10-24 07:39:42
106,33,56,7,,,126.83015304763909,37.20061935989858,126.83402248886757,37.20570517156349,2024-10-24 07:39:52
107,69,30,7,,,126.83720501503018,37.20770377780138,126.83199430665388,37.1991729834107,2024-10-24 07:40:10
108,17,70,7,,,126.82646384813647,37.19776188300208,126.83854029260361,37.21048168605397,2024-10-24 07:40:40
109,50,38,7,,,126.8223093505528,37.21180992492258,126.8235962510775,37.201204032039875,2024-10-24 07:41:24
110,36,30,7,,,126.82455923372835,37.19947203896656,126.83211077123683,37.19898881015376,2024-10-24 07:41:45
111,17,58,7,,,126.82676658187327,37.196089604245046,126.8349026140926,37.20865147266359,2024-10-24 07:42:50
112,1,26,7,,,126.81659936655731,37.197299945755375,126.81763222008686,37.19301747428551,2024-10-24 07:43:39
113,17,12,7,,,126.82593537977927,37.19668734394677,126.81937014784737,37.204281916689865,2024-10-24 07:43:53
114,11,33,7,,,126.81459586782847,37.20739993833582,126.82880389522772,37.20073406261842,2024-10-24 07:44:14
115,46,40,7,,,126.82986720531882,37.211314434529555,126.83226052105792,37.19402860377945,2024-10-24 07:45:03
116,33,56,7,,,126.82922872252256,37.200956784442035,126.835780198283,37.20650095595636,2024-10-24 07:45:51
117,12,17,7,,,126.81978403873423,37.20443722714331,126.8270492246343,37.195881516136694,2024-10-24 07:46:44
118,67,67,7,,,126.83398279510143,37.20193444244269,126.83429207095617,37.202952903488274,2024-10-24 07:46:51
119,50,38,7,,,126.82286327432799,37.21193937367347,126.82389729121908,37.20166096945013,2024-10-24 07:46:53
120,61,68,7,,,126.83255319936247,37.21519528882506,126.84028001607813,37.202141241600565,2024-10-24 07:47:06
121,51,34,7,,,126.81879510151796,37.2104553046311,126.82240481058022,37.20255264331472,2024-10-24 07:47:30
122,25,21,7,,,126.82049496450944,37.194870548612826,126.81929595200074,37.197153712869046,2024-10-24 07:48:19
123,56,17,7,,,126.83445215992228,37.20521437559467,126.82648592389131,37.19640905937844,2024-10-24 07:48:42
124,10,17,7,,,126.81710006007403,37.20963803121529,126.82658415081403,37.19621052148568,2024-10-24 07:48:52
125,21,17,7,,,126.81810345930174,37.19709457872379,126.82576292320734,37.1967708124677,2024-10-24 07:49:17
126,31,54,7,,,126.82923230745682,37.19872131411978,126.83324112727314,37.21013881654647,2024-10-24 07:49:22
127,23,50,7,,,126.82123933308115,37.19217285730627,126.82272274809158,37.21129849827517,2024-10-24 07:49:49
128,69,30,7,,,126.83811972875026,37.205922182429994,126.83130433707998,37.19918195882937,2024-10-24 07:50:31
129,50,50,7,,,126.82200021310089,37.21097025087223,126.82167408209679,37.21211363946433,2024-10-24 07:51:16
130,32,59,7,,,126.83133184799088,37.2024438961906,126.831875142163,37.20734905984819,2024-10-24 07:51:26
131,58,33,7,,,126.83508526569081,37.20793930247437,126.8292106224766,37.201089467677306,2024-10-24 07:51:45
132,61,72,7,,,126.83268642748925,37.2158742628784,126.81103010230588,37.206377054290236,2024-10-24 07:51:53
133,56,33,7,,,126.83486268917324,37.20579429998657,126.82891149868216,37.20155126617923,2024-10-24 07:52:15
134,56,17,7,,,126.83487792374225,37.20619826896362,126.82628536463281,37.19624813196923,2024-10-24 07:52:16
135,23,50,7,,,126.82113293678101,37.19104464306511,126.82170962809025,37.212394211034585,2024-10-24 07:52:16
136,20,35,7,,,126.81489253353766,37.19272895983948,126.81893126228485,37.20184288890551,2024-10-24 07:52:28
137,50,50,7,,,126.82293621498583,37.2122714440862,126.82298759388465,37.2109381959488,2024-10-24 07:52:34
138,58,33,7,,,126.83550159754758,37.2080618199731,126.82990672781062,37.20127683879166,2024-10-24 07:52:44
139,33,56,7,,,126.82975108992801,37.200777319511175,126.83450214535911,37.2049525129435,2024-10-24 07:53:28
140,33,56,7,,,126.82888477183532,37.20123604157795,126.83536974034295,37.206036102300146,2024-10-24 07:53:31
141,70,33,7,,,126.83799831237755,37.21012202478883,126.82870991180494,37.20127359422492,2024-10-24 07:53:46
142,12,25,7,,,126.81878289333099,37.20441956777059,126.82192290037048,37.19403030838546,2024-10-24 07:54:57
143,31,59,7,,,126.82827887286315,37.19766440556159,126.83215624269779,37.207695743096316,2024-10-24 07:55:07
144,10,17,7,,,126.81752779184708,37.21007686298132,126.82625084824258,37.19608895887435,2024-10-24 07:55:15
145,10,17,7,,,126.8177810806087,37.209595541938725,126.82579019662678,37.196492910293934,2024-10-24 07:56:37
146,41,56,7,,,126.8332428917051,37.19674931572673,126.83518295646272,37.206185157738986,2024-10-24 07:56:37
147,23,50,7,,,126.8202923397562,37.19240667165167,126.82251408805968,37.21098225686007,2024-10-24 07:56:46
148,42,70,7,,,126.83165593405052,37.19585382512448,126.83690239091548,37.2093991027245,2024-10-24 07:56:58
149,55,52,7,,,126.82950493255677,37.2090618653523,126.83093432811265,37.21705409220348,2024-10-24 07:58:48
150,45,63,7,,,126.82456063988467,37.213051751039295,126.8357600055947,37.2105928258947,2024-10-24 07:58:59
151,43,46,7,,,126.82387348419338,37.18938343768404,126.83003527023712,37.21128227969354,2024-10-24 07:59:01
152,56,33,7,,,126.83400929897509,37.20556631618105,126.82873759394585,37.20042399059274,2024-10-24 07:59:10
153,64,20,7,,,126.84172173202694,37.203759062709636,126.81523810784473,37.19147156704907,2024-10-24 07:59:17
154,42,70,7,,,126.83179220687732,37.19592814793512,126.83867849523052,37.2088486359754,2024-10-24 07:59:42
155,12,27,7,,,126.81867266466715,37.20522449021592,126.82739890904782,37.19958352125375,2024-10-24 07:59:49
156,17,54,8,,,126.82600273114582,37.19633531820816,126.83366969309101,37.21036734993867,2024-10-24 08:00:10
157,56,33,8,,,126.83406445493188,37.20556242779366,126.82917284195003,37.20029190412572,2024-10-24 08:01:16
158,54,33,8,,,126.83262985224655,37.209315125308834,126.82968646836954,37.200469017373386,2024-10-24 08:02:07
159,42,70,8,,,126.83153613309497,37.19572412232417,126.8385932518162,37.20873391329598,2024-10-24 08:02:32
160,33,56,8,,,126.82980461768568,37.2014870167718,126.83571459954501,37.206308597092296,2024-10-24 08:03:20
161,51,37,8,,,126.81918180254202,37.21099297831112,126.82138990261895,37.196675451481774,2024-10-24 08:03:27
162,56,32,8,,,126.83541760146638,37.20495407909976,126.83116238882474,37.20084602970664,2024-10-24 08:03:35
163,11,58,8,,,126.81404946997039,37.20763229839945,126.83538389695353,37.208971540910234,2024-10-24 08:03:42
164,58,19,8,,,126.83470723353444,37.2081961298011,126.82982092618367,37.195324161696306,2024-10-24 08:03:53
165,50,38,8,,,126.82175899129662,37.21129679296067,126.82486491465245,37.200564031879445,2024-10-24 08:04:08
166,59,33,8,,,126.83256357398945,37.20703715910752,126.82881826494736,37.20043891127381,2024-10-24 08:04:29
167,54,17,8,,,126.83278030400147,37.21085311016827,126.82703172540852,37.19694240640876,2024-10-24 08:04:41
168,11,58,8,,,126.81397245882464,37.207886167631,126.83494142958324,37.20939902405574,2024-10-24 08:06:00
169,58,19,8,,,126.83514721510392,37.20868867137896,126.82897482186128,37.194960252075006,2024-10-24 08:06:09
170,29,19,8,,,126.82726126763858,37.202921256949494,126.82819891869205,37.1942358432378,2024-10-24 08:06:43
171,46,8,8,,,126.83044198584452,37.21259556111949,126.82417601723539,37.20782869973069,2024-10-24 08:06:45
172,46,61,8,,,126.82994535133341,37.21289003038955,126.8334100837022,37.21662838156503,2024-10-24 08:06:46
173,58,19,8,,,126.83580783382574,37.20908058822477,126.82803484738265,37.19599959991934,2024-10-24 08:07:03
174,54,33,8,,,126.83172344872413,37.210515589779035,126.82989424270589,37.199695503518825,2024-10-24 08:07:30
175,20,13,8,,,126.81584979004909,37.192451618542584,126.81731156227295,37.20444709297917,2024-10-24 08:08:37
176,72,14,8,,,126.81173389464011,37.20626467345065,126.8188212064574,37.208231022985224,2024-10-24 08:09:06
177,42,70,8,,,126.831292906888,37.19589268481776,126.83821170118242,37.21043829083556,2024-10-24 08:09:15
178,33,56,8,,,126.83012108078556,37.20092227907173,126.83452659547602,37.20593560051073,2024-10-24 08:09:20
179,54,33,8,,,126.83222192042368,37.209324838960484,126.82941098624552,37.20093193631296,2024-10-24 08:10:07
180,58,19,8,,,126.8350709216363,37.20833818023481,126.8294588484769,37.1952975989972,2024-10-24 08:10:18
181,69,30,8,,,126.83668163939745,37.20716608127606,126.83221421617698,37.19865952759682,2024-10-24 08:11:18
182,56,33,8,,,126.83497389440386,37.20490129069647,126.82943172051277,37.200126004296514,2024-10-24 08:11:59
183,32,58,8,,,126.831157162471,37.20108647201991,126.83537250020632,37.209200333799416,2024-10-24 08:12:17
184,58,19,8,,,126.83508433752513,37.208101708127884,126.8279899365188,37.19433655091054,2024-10-24 08:12:51
185,33,56,8,,,126.83002094429474,37.20166452999536,126.83467145830343,37.20485622582779,2024-10-24 08:13:35
186,56,17,8,,,126.83460895769656,37.20633746898922,126.82563539007334,37.196882171193806,2024-10-24 08:15:18
187,54,33,8,,,126.83196699678444,37.209850593600706,126.82831994448038,37.201466844935624,2024-10-24 08:15:54
188,56,33,8,,,126.83442066615213,37.204848528348506,126.82862001295543,37.20001278090925,2024-10-24 08:16:07
189,70,33,8,,,126.83691423209238,37.20914183168791,126.8299020715947,37.20050543395187,2024-10-24 08:16:13
190,54,33,8,,,126.83170345059158,37.210371180337944,126.82856779046485,37.20019651788101,2024-10-24 08:16:14
191,69,30,8,,,126.83821150228373,37.20634265107357,126.83244527161484,37.19886895997862,2024-10-24 08:16:19
192,32,59,8,,,126.83216554003099,37.201741839226514,126.83272345682661,37.20684215448588,2024-10-24 08:16:26
193,1,10,8,,,126.81610385599649,37.19807822797328,126.81608989868118,37.208499146043536,2024-10-24 08:18:35
194,56,17,8,,,126.83552317245042,37.20579111930161,126.82735471265053,37.19745995056425,2024-10-24 08:19:01
195,70,17,8,,,126.83713935786763,37.20870727954948,126.82643232492214,37.196668278682345,2024-10-24 08:19:27
196,11,32,8,,,126.81412681576171,37.208582300390646,126.83107262003031,37.20226750426589,2024-10-24 08:19:40
197,33,56,8,,,126.82916289125434,37.20094366026908,126.8355993375584,37.20514311574176,2024-10-24 08:20:25
198,29,29,8,,,126.82594546791728,37.203207365687604,126.82644022153185,37.20299280449383,2024-10-24 08:20:26
199,56,17,8,,,126.8346107765496,37.20648599433501,126.82569212242696,37.196132451358025,2024-10-24 08:21:05
200,56,32,8,,,126.83546240094805,37.20608611122844,126.83116913984964,37.201881691835005,2024-10-24 08:21:16
201,56,17,8,,,126.8350645667449,37.205346211664335,126.82671909205226,37.196195117852945,2024-10-24 08:21:19
202,19,9,8,,,126.82927664488065,37.19552423906028,126.81387468978602,37.206064724715105,2024-10-24 08:21:43
203,11,19,8,,,126.81504137744088,37.208597400335705,126.82925353646657,37.19469443608431,2024-10-24 08:21:55
204,56,33,8,,,126.83580395832678,37.204986665654104,126.82969349345959,37.20058597666815,2024-10-24 08:22:10
205,54,33,8,,,126.83286667213495,37.20995528329148,126.8293253755264,37.20025557835626,2024-10-24 08:22:11
206,33,58,8,,,126.8286655535183,37.20116074459424,126.83521189498721,37.20772297419762,2024-10-24 08:22:18
207,21,36,8,,,126.81837164784801,37.196589391644075,126.82360216501979,37.19766496298722,2024-10-24 08:23:06
208,70,17,8,,,126.83764852701078,37.21040047315299,126.82615354242164,37.19656254817254,2024-10-24 08:23:51
209,33,56,8,,,126.83029965746468,37.20081540672472,126.83586461867728,37.20523338080071,2024-10-24 08:24:30
210,56,33,8,,,126.83559769842775,37.20481917905555,126.82949201595403,37.20015241581401,2024-10-24 08:24:42
211,33,58,8,,,126.83014124732638,37.200727487611765,126.83464701963837,37.20911959984126,2024-10-24 08:24:58
212,70,10,8,,,126.83795957198588,37.20989614294887,126.81754905421677,37.20921945714675,2024-10-24 08:25:06
213,70,17,8,,,126.83702391266264,37.209648610789586,126.82710795154244,37.197461424795065,2024-10-24 08:25:20
214,70,42,8,,,126.83685121766136,37.20904682982088,126.83124048884335,37.19669243318802,2024-10-24 08:25:29
215,32,11,8,,,126.83148762063405,37.20160787829749,126.81468951199479,37.208081236814614,2024-10-24 08:25:35
216,62,71,8,,,126.83770018496566,37.21264237013705,126.84046107537687,37.20424424405973,2024-10-24 08:25:42
217,69,30,8,,,126.83695594647588,37.20603222080309,126.83202452578931,37.199316620050276,2024-10-24 08:25:43
218,70,33,8,,,126.83756855854598,37.21052858000122,126.83017592518692,37.19972215795542,2024-10-24 08:26:21
219,56,33,8,,,126.8347441176278,37.20606191721609,126.82835598649547,37.19989612960969,2024-10-24 08:27:36
220,54,33,8,,,126.83257888623037,37.209871337731514,126.82850444505597,37.200497762164886,2024-10-24 08:28:14
221,54,33,8,,,126.83316321897462,37.21024564554704,126.82987030745605,37.20061827479521,2024-10-24 08:28:44
222,54,45,8,,,126.83218166801753,37.20981852163612,126.82543794747338,37.21348882099688,2024-10-24 08:29:08
223,54,33,8,,,126.83307544726165,37.2093918314172,126.82961610670718,37.201371368338954,2024-10-24 08:29:22
224,1,11,8,,,126.81632369283969,37.198546351465616,126.81378376008352,37.20730886310144,2024-10-24 08:29:29
225,20,52,8,,,126.81649031254585,37.1916464596378,126.82994731607103,37.21659030792429,2024-10-24 08:30:03
226,33,56,8,,,126.82904399584348,37.199732511926854,126.83572798533275,37.20490574290579,2024-10-24 08:30:05
227,56,32,8,,,126.8348800531179,37.20596679667857,126.8315455594584,37.201630593095175,2024-10-24 08:30:14
228,69,30,8,,,126.83809903687177,37.2069449061247,126.83124305071807,37.19949852948742,2024-10-24 08:30:19
229,42,70,8,,,126.83204890706409,37.195852564472695,126.83758078419768,37.209063852115236,2024-10-24 08:31:02
230,50,50,8,,,126.82180358580315,37.21068386052281,126.82332156079643,37.21177949951223,2024-10-24 08:31:02
231,70,33,8,,,126.83849210864035,37.20866514360076,126.82938638094605,37.200665441308836,2024-10-24 08:31:12
232,33,56,8,,,126.82833306824033,37.20017643628068,126.83571114855532,37.2062521854469,2024-10-24 08:31:22
233,42,70,8,,,126.83115526420607,37.196934168432314,126.83709828722415,37.20935612101033,2024-10-24 08:31:41
234,54,66,8,,,126.83333543220151,37.209327741110116,126.83656292474669,37.20309440177176,2024-10-24 08:32:22
235,17,54,8,,,126.82589308125843,37.1977301295068,126.83243906045105,37.2102960046476,2024-10-24 08:32:56
236,17,54,8,,,126.82629871423237,37.197500161431,126.83233676833598,37.210162157264946,2024-10-24 08:33:25
237,54,33,8,,,126.83255901308328,37.210618277123636,126.82895849701691,37.201464316394606,2024-10-24 08:33:28
238,12,5,8,,,126.81883113469956,37.20565396779435,126.82690842985443,37.20562683997474,2024-10-24 08:34:01
239,70,33,8,,,126.83759964066427,37.209647833203576,126.82958561496035,37.20060605302068,2024-10-24 08:34:39
240,63,19,8,,,126.83508264455637,37.21099808640143,126.82829457444102,37.194395354602904,2024-10-24 08:34:42
241,54,33,8,,,126.83257589926437,37.21038080652958,126.82954448704999,37.2001088823772,2024-10-24 08:35:02
242,11,58,8,,,126.81332821338698,37.2089069877232,126.83505703215921,37.20919738957077,2024-10-24 08:35:07
243,10,46,8,,,126.81784232268868,37.2096412813186,126.83038134066697,37.21129115324735,2024-10-24 08:35:25
244,58,32,8,,,126.83486087538861,37.20867826541477,126.83177405888873,37.20258237830001,2024-10-24 08:35:41
245,70,33,8,,,126.83695409184496,37.21048883828064,126.82932892877058,37.200717901755006,2024-10-24 08:35:44
246,56,33,8,,,126.83564977854051,37.20480021346791,126.82875741749521,37.20115739251729,2024-10-24 08:35:46
247,69,30,8,,,126.83726778328547,37.20579921026516,126.83103714291225,37.19946354397745,2024-10-24 08:35:56
248,45,60,8,,,126.82554884343196,37.21241988946847,126.8327259183179,37.212318257483915,2024-10-24 08:36:52
249,70,33,8,,,126.83803649339737,37.21041998119742,126.8298666186427,37.20051229238226,2024-10-24 08:37:27
250,38,37,8,,,126.82475021221269,37.201051262540076,126.82133389128367,37.19645144102136,2024-10-24 08:38:02
251,42,70,8,,,126.83177104824874,37.19577140571909,126.8380895410439,37.20983483406002,2024-10-24 08:38:19
252,55,68,8,,,126.82923101203056,37.20877180844148,126.84016152711595,37.20188004058541,2024-10-24 08:38:20
253,62,1,8,,,126.83887672476726,37.21268260782234,126.81642837499386,37.197697747094146,2024-10-24 08:39:46
254,58,19,8,,,126.83514775323982,37.20757099884255,126.82877001684601,37.194655644458365,2024-10-24 08:40:22
255,56,32,8,,,126.83524299482559,37.20561618479968,126.83178975256186,37.200837339446984,2024-10-24 08:40:29
256,56,33,8,,,126.83431757595683,37.20475248320999,126.82984897243203,37.20155643103882,2024-10-24 08:40:54
257,17,54,8,,,126.82716427195658,37.19678612202478,126.8322243832302,37.2109215283627,2024-10-24 08:40:55
258,70,33,8,,,126.83796006063119,37.20924516137799,126.82965070318326,37.20004041068796,2024-10-24 08:41:58
259,70,33,8,,,126.83697718474168,37.208550031695346,126.82998419957599,37.200177630721235,2024-10-24 08:42:00
260,33,56,8,,,126.8298254280249,37.20016703646445,126.83527043989648,37.20617786084194,2024-10-24 08:42:23
261,70,33,8,,,126.83730260946798,37.20957028075916,126.82917275116363,37.199952936544854,2024-10-24 08:43:08
262,11,17,8,,,126.81526402172422,37.208885623205745,126.82622231563313,37.19670966103152,2024-10-24 08:43:20
263,42,70,8,,,126.83076757606142,37.19699597693902,126.83686878249844,37.20900717310316,2024-10-24 08:43:35
264,56,41,8,,,126.835157773267,37.20591351593107,126.83449023514072,37.19792444902844,2024-10-24 08:43:53
265,58,19,8,,,126.83462856691644,37.207803772424995,126.82874503270213,37.19491034530577,2024-10-24 08:44:06
266,56,17,8,,,126.83419247901642,37.20544448798095,126.82546693364304,37.19703598426691,2024-10-24 08:44:52
267,56,17,8,,,126.83444362515843,37.20630184087287,126.82681101699201,37.19613047238552,2024-10-24 08:44:54
268,33,56,8,,,126.82833046930894,37.20045739434619,126.83546535293966,37.206373054088345,2024-10-24 08:44:56
269,62,13,8,,,126.83823331431344,37.21213929957899,126.81618234529968,37.20458369675158,2024-10-24 08:45:12
270,19,10,8,,,126.8291702271214,37.19561961607855,126.81793982598955,37.20864247298015,2024-10-24 08:45:18
271,56,33,8,,,126.83405288070131,37.206255319666084,126.82839887790054,37.20138931158841,2024-10-24 08:45:36
272,1,67,8,,,126.816268759527,37.198720126109556,126.83403478138835,37.20335344230245,2024-10-24 08:45:53
273,1,65,8,,,126.81626666377623,37.198749200846855,126.83545923497341,37.20091314217403,2024-10-24 08:46:01
274,28,9,8,,,126.82929836423808,37.20420000478985,126.81453996713148,37.20507522921784,2024-10-24 08:46:02
275,33,56,8,,,126.82846199717798,37.200758979139565,126.83588403309855,37.20653339056282,2024-10-24 08:46:15
276,29,5,8,,,126.82784833782584,37.203242375761064,126.8269453921124,37.20570954944837,2024-10-24 08:46:43
277,46,41,8,,,126.83009744758854,37.21166923487037,126.83494670071353,37.198097065618484,2024-10-24 08:47:07
278,18,34,8,,,126.8234871810399,37.19516660367886,126.82152968807662,37.20376627270738,2024-10-24 08:47:36
279,11,58,8,,,126.81338365013697,37.20822655691057,126.83573170693579,37.20871869915614,2024-10-24 08:47:40
280,11,58,8,,,126.81442758926609,37.20757388964427,126.8343194978718,37.20856315742023,2024-10-24 08:48:27
281,54,33,8,,,126.83340585024007,37.2107599284858,126.82923035842161,37.20070868529379,2024-10-24 08:49:38
282,71,51,8,,,126.83926274136755,37.20530286533155,126.82020802260057,37.210583195773324,2024-10-24 08:50:02
283,63,11,8,,,126.83618234518933,37.21226875843467,126.81466682333225,37.207444039246795,2024-10-24 08:50:26
284,55,65,8,,,126.829246780367,37.2088578101974,126.83537333938735,37.19913153157436,2024-10-24 08:50:26
285,56,32,8,,,126.83466111851952,37.205703884670264,126.83131404432137,37.20165379630312,2024-10-24 08:50:56
286,56,17,8,,,126.83574041705006,37.20548879300448,126.82598087826157,37.195872532401545,2024-10-24 08:51:13
287,56,41,8,,,126.83506766588754,37.205770390259524,126.83499989664011,37.19755822223541,2024-10-24 08:51:30
288,56,32,8,,,126.83459907541908,37.20566761190455,126.83235566155554,37.200968284266175,2024-10-24 08:51:32
289,56,41,8,,,126.83426302196601,37.205953937313986,126.83422403437696,37.19774165145728,2024-10-24 08:51:49
290,28,67,8,,,126.82962037746843,37.20345721539229,126.83415394041869,37.20306214321731,2024-10-24 08:51:50
291,11,58,8,,,126.81386002372862,37.207360356867035,126.83470913775922,37.207720681060025,2024-10-24 08:51:52
292,17,54,8,,,126.82631630868,37.19685650036752,126.83204919317197,37.2098370291943,2024-10-24 08:52:04
293,56,33,8,,,126.83456497441999,37.20515395830099,126.82980830162428,37.1996812426775,2024-10-24 08:52:10
294,63,68,8,,,126.83481053531148,37.21124697205048,126.83898517624455,37.20144797513249,2024-10-24 08:52:18
295,54,33,8,,,126.83340287305596,37.21029614495062,126.8300904554214,37.200525922747694,2024-10-24 08:52:29
296,58,42,8,,,126.835328851194,37.20813538889581,126.83184549457096,37.19669384701859,2024-10-24 08:52:52
297,33,56,8,,,126.82952840337374,37.20126350310338,126.83518196546413,37.20534756120462,2024-10-24 08:52:57
298,56,33,8,,,126.83536348791947,37.205341669823895,126.82994434738892,37.20130368006741,2024-10-24 08:52:59
299,70,17,8,,,126.83787365277607,37.20930327416712,126.82703940192543,37.19770217654801,2024-10-24 08:53:07
300,56,33,8,,,126.8349296962772,37.20497918470904,126.82933417750206,37.19989383614404,2024-10-24 08:53:11
301,17,54,8,,,126.8260853699325,37.197478465001545,126.8322062337507,37.21076890930537,2024-10-24 08:53:55
302,58,19,8,,,126.83421512489696,37.20893649669309,126.8290095024915,37.1958529286703,2024-10-24 08:54:03
303,70,17,8,,,126.83856473703926,37.20974885619389,126.8263668007572,37.19587399984812,2024-10-24 08:54:41
304,36,9,8,,,126.82487082042756,37.19773467176096,126.81503553269997,37.204723420939985,2024-10-24 08:54:54
305,56,17,8,,,126.8352586831307,37.20588636690389,126.82662360927738,37.19688311975194,2024-10-24 08:55:52
306,33,58,8,,,126.83024904152975,37.201554158496556,126.8358738733879,37.20804893750047,2024-10-24 08:56:17
307,70,33,8,,,126.838480954171,37.20948443916483,126.82925249363173,37.20118346517389,2024-10-24 08:56:38
308,70,17,8,,,126.83871155972517,37.20941447441913,126.82630787542672,37.196213716255414,2024-10-24 08:56:43
309,70,33,8,,,126.83748931391098,37.20996893784378,126.82839087975965,37.19995788147801,2024-10-24 08:57:17
310,11,70,8,,,126.81424880704044,37.20908299307363,126.83848301954669,37.20877446159692,2024-10-24 08:57:26
311,69,30,8,,,126.83760963396699,37.20729995562779,126.8322523328354,37.19901047028538,2024-10-24 08:57:38
312,59,41,8,,,126.83326033295893,37.20769090577011,126.83390252439905,37.1979425146029,2024-10-24 08:58:08
313,54,33,8,,,126.83364694303329,37.211161530757536,126.82991130102454,37.20074621377809,2024-10-24 08:58:36
314,37,51,8,,,126.82160955912774,37.1977762511606,126.82038615371113,37.21021421212062,2024-10-24 08:58:43
315,21,29,8,,,126.81788540363779,37.196652435495885,126.82779189324107,37.202339498765475,2024-10-24 08:59:27
316,56,31,9,,,126.83462783388924,37.20516602559458,126.82942579349977,37.19732289079346,2024-10-24 09:00:46
317,11,58,9,,,126.81379790201292,37.207509593365266,126.83485738063433,37.208748980353526,2024-10-24 09:02:22
318,50,50,9,,,126.82217336332086,37.21249485728136,126.82325259166186,37.21149128146982,2024-10-24 09:02:28
319,50,50,9,,,126.82172950372326,37.212326973126515,126.82173095158738,37.2122650036215,2024-10-24 09:02:32
320,2,65,9,,,126.82270344415512,37.206451847187516,126.83408024190553,37.19964276125852,2024-10-24 09:02:59
321,33,56,9,,,126.82945483666518,37.200466946106395,126.83501517556137,37.20503222989672,2024-10-24 09:03:05
322,58,33,9,,,126.83422155292935,37.20794812290456,126.82939379299523,37.20054370848734,2024-10-24 09:03:19
323,68,34,9,,,126.84076641845303,37.20229761632531,126.82097632338764,37.2031688202718,2024-10-24 09:03:56
324,58,33,9,,,126.83420023202075,37.207660448028314,126.82972084591115,37.200861352657824,2024-10-24 09:04:35
325,58,33,9,,,126.83507722187093,37.20943092909829,126.82867423603108,37.20023996427815,2024-10-24 09:04:42
326,23,40,9,,,126.82012959602955,37.19217034918542,126.83125562716538,37.19313114138782,2024-10-24 09:04:58
327,33,56,9,,,126.8292149821387,37.20043848051432,126.83555935234403,37.205742633471985,2024-10-24 09:05:01
328,19,43,9,,,126.82850024445952,37.19428548232167,126.82320537653283,37.18920676418937,2024-10-24 09:05:02
329,11,32,9,,,126.8141383317151,37.208599501094454,126.8324990217382,37.201772676760704,2024-10-24 09:05:07
330,21,33,9,,,126.81884679538301,37.195844083461,126.82856461396767,37.20076746569533,2024-10-24 09:05:23
331,27,67,9,,,126.82752031252544,37.19868626931837,126.83452066941915,37.20355555199483,2024-10-24 09:06:36
332,49,19,9,,,126.82702439252216,37.2140251399498,126.82982201054226,37.1959638662916,2024-10-24 09:06:51
333,27,23,9,,,126.82656248787411,37.199223290507575,126.82030927290057,37.19132806539098,2024-10-24 09:07:14
334,51,37,9,,,126.81936474897508,37.21127629882224,126.82154337148617,37.19733230186747,2024-10-24 09:07:19
335,1,53,9,,,126.8166686463572,37.197203484693105,126.82934932261199,37.20621225745213,2024-10-24 09:09:12
336,58,33,9,,,126.8360897460391,37.20899030996797,126.82915499725519,37.200957544500554,2024-10-24 09:09:14
337,33,56,9,,,126.82954040961955,37.200321714559635,126.83588996118324,37.2049679233847,2024-10-24 09:09:32
338,55,64,9,,,126.83085820023385,37.20906742467563,126.84228370551472,37.20226713859913,2024-10-24 09:09:35
339,36,72,9,,,126.82342942696211,37.19914765492832,126.81204290897199,37.20732114261686,2024-10-24 09:10:05
340,50,38,9,,,126.82324943836949,37.21131432857827,126.8241237453164,37.2020765116843,2024-10-24 09:10:46
341,11,58,9,,,126.8136114701888,37.209162712109226,126.83569570340873,37.20867380040877,2024-10-24 09:10:55
342,20,2,9,,,126.81492749510606,37.19298259951704,126.82266828663872,37.205875356333955,2024-10-24 09:12:25
343,58,33,9,,,126.83558312736106,37.20933347532439,126.8299332297445,37.19989147214189,2024-10-24 09:12:52
344,29,13,9,,,126.82685001706405,37.20292676031378,126.81656070094164,37.20373714203091,2024-10-24 09:12:57
345,37,28,9,,,126.82088813163402,37.196461478446174,126.82991934596488,37.20278418293775,2024-10-24 09:13:01
346,3,5,9,,,126.82556468826753,37.209338316427456,126.82738891190367,37.20431162478339,2024-10-24 09:13:02
347,54,24,9,,,126.83233325661821,37.210811102250325,126.81842619784366,37.19117478714116,2024-10-24 09:13:09
348,50,38,9,,,126.82195386424743,37.21201233579399,126.82328717344801,37.200890543123876,2024-10-24 09:13:36
349,18,41,9,,,126.8244268919228,37.194934267434334,126.8350331583885,37.19710004064927,2024-10-24 09:13:39
350,61,63,9,,,126.83267073792372,37.215652109553076,126.83554078346289,37.21138786644495,2024-10-24 09:15:05
351,47,47,9,,,126.82663041761649,37.21112302508115,126.8279601515153,37.21067373866643,2024-10-24 09:15:24
352,32,54,9,,,126.83170501594739,37.20117679356683,126.8326616768316,37.209294555303096,2024-10-24 09:16:26
353,66,1,9,,,126.83697126871915,37.20460662343287,126.81672781787766,37.19849243721402,2024-10-24 09:16:27
354,68,39,9,,,126.8394913720632,37.20168283571735,126.82138400596583,37.199397045934596,2024-10-24 09:16:34
355,5,29,9,,,126.82681348751719,37.20446496673138,126.82734010139096,37.20317949059753,2024-10-24 09:18:39
356,41,56,9,,,126.8336855344029,37.19731212858039,126.83450395883867,37.20658874054813,2024-10-24 09:19:02
357,71,20,9,,,126.84012271388738,37.204749980020274,126.81519255244524,37.19216555535343,2024-10-24 09:19:19
358,41,64,9,,,126.83461628015004,37.19760575715245,126.84247616357976,37.20323148451708,2024-10-24 09:19:43
359,23,38,9,,,126.82142281144395,37.19175901167842,126.82376371601838,37.20168969412366,2024-10-24 09:20:37
360,21,46,9,,,126.817763538014,37.19657172939965,126.83039429830706,37.2122101498075,2024-10-24 09:20:40
361,31,59,9,,,126.82827031946024,37.19784502618471,126.83236210884898,37.20716426196552,2024-10-24 09:21:03
362,10,26,9,,,126.816623168825,37.20966010078265,126.81820537637559,37.19373293383336,2024-10-24 09:22:23
363,70,17,9,,,126.83863672152056,37.20914590535,126.82578566684154,37.196193255785694,2024-10-24 09:22:43
364,33,56,9,,,126.82935293879808,37.201273714574754,126.83569499309228,37.204940800622104,2024-10-24 09:22:44
365,25,51,9,,,126.8206622459403,37.19482166322393,126.8201630642573,37.21085611490043,2024-10-24 09:23:13
366,63,47,9,,,126.8357001342679,37.2121576030284,126.82716290431743,37.21141874512629,2024-10-24 09:23:30
367,42,70,9,,,126.83186282795812,37.19696341241924,126.8372467068153,37.210034206298175,2024-10-24 09:23:38
368,18,58,9,,,126.8229639642522,37.195706504080874,126.83441083321333,37.20786061534448,2024-10-24 09:24:40
369,58,17,9,,,126.8352614169138,37.20761486004642,126.8265009179437,37.19589315633671,2024-10-24 09:24:41
370,56,31,9,,,126.83434698690999,37.20587217018924,126.82839659239954,37.19711742320301,2024-10-24 09:25:05
371,68,55,9,,,126.84028001550055,37.20135777241919,126.82952347263556,37.20849347971551,2024-10-24 09:25:19
372,58,33,9,,,126.8359673096226,37.20835572886745,126.82847477336269,37.20042077556362,2024-10-24 09:26:06
373,5,44,9,,,126.82645108360373,37.20489408997171,126.82032450309953,37.189362078737574,2024-10-24 09:26:23
374,58,33,9,,,126.83413911041242,37.207967569040264,126.82846033242924,37.20010158548171,2024-10-24 09:27:01
375,3,2,9,,,126.8249264726019,37.21074434004094,126.82243844522152,37.205376256291466,2024-10-24 09:27:11
376,37,34,9,,,126.82148370278692,37.19742724272038,126.82240489187522,37.20299745768314,2024-10-24 09:28:00
377,64,23,9,,,126.84211633372223,37.20306999671172,126.8208892916643,37.191160879999565,2024-10-24 09:28:25
378,58,33,9,,,126.83600555533002,37.208688501016546,126.82879560596571,37.20144386554828,2024-10-24 09:28:37
379,58,33,9,,,126.83426059929347,37.20814771233525,126.83018343897518,37.20165403018532,2024-10-24 09:28:55
380,55,34,9,,,126.82916002499954,37.20914307779657,126.82107770028762,37.20339275846222,2024-10-24 09:29:11
381,33,39,9,,,126.828843219177,37.19993365275235,126.8212909404584,37.19997046034736,2024-10-24 09:29:25
382,58,19,9,,,126.83454388244033,37.207691134646495,126.8280480724075,37.195201124114035,2024-10-24 09:30:09
383,14,18,9,,,126.81961887175996,37.208130174197706,126.82351730743395,37.195747912353596,2024-10-24 09:30:18
384,18,46,9,,,126.82434226577875,37.19668351739857,126.8311838307357,37.21286329742563,2024-10-24 09:30:23
385,18,31,9,,,126.82394499370756,37.195118133441376,126.83008747895718,37.198238246920695,2024-10-24 09:30:27
386,56,17,9,,,126.83581679935342,37.20615043259651,126.82685138450307,37.19637353192098,2024-10-24 09:30:29
387,56,31,9,,,126.83471956293405,37.20525653197696,126.8298804580098,37.19785532658109,2024-10-24 09:31:46
388,36,57,9,,,126.82420308432411,37.19784535646956,126.83290576093043,37.204801592613336,2024-10-24 09:32:47
389,33,58,9,,,126.8289138545069,37.20108326247723,126.83486979508898,37.209090152268615,2024-10-24 09:33:26
390,58,19,9,,,126.83520639978576,37.20786296816006,126.82957516113339,37.19436390307032,2024-10-24 09:34:30
391,58,19,9,,,126.8342443510809,37.2083496199865,126.82869703826628,37.194298717436794,2024-10-24 09:34:50
392,72,18,9,,,126.81157387528351,37.20794162597878,126.8241660664884,37.19629462583416,2024-10-24 09:35:00
393,19,69,9,,,126.8296221094219,37.194723858318554,126.83787384240027,37.207284241138126,2024-10-24 09:35:19
394,17,56,9,,,126.82652896486779,37.19654361500168,126.8344293092504,37.20516647264613,2024-10-24 09:35:20
395,54,6,9,,,126.83354900942804,37.21018129933452,126.82432872418377,37.20483725234045,2024-10-24 09:35:47
396,58,33,9,,,126.83459240760283,37.20821720753819,126.82862451612382,37.200587033421456,2024-10-24 09:36:18
397,39,26,9,,,126.82119300629145,37.19992355910317,126.81879499335247,37.1940716701462,2024-10-24 09:36:23
398,58,33,9,,,126.83438777364388,37.208244771865694,126.82998391660075,37.20162323161841,2024-10-24 09:36:40
399,19,10,9,,,126.82963468201227,37.19429437121658,126.81680649707437,37.20846975855027,2024-10-24 09:37:39
400,42,70,9,,,126.83214169456902,37.196982793905,126.83706248141061,37.20908644437225,2024-10-24 09:38:15
401,72,65,9,,,126.81212437190713,37.207904171756994,126.83456671326674,37.19904400942042,2024-10-24 09:38:24
402,58,19,9,,,126.83505783608072,37.20757412816399,126.82931274927824,37.19564865946226,2024-10-24 09:38:29
403,11,58,9,,,126.81363278757887,37.207321903964626,126.83487500848435,37.20835849973955,2024-10-24 09:38:43
404,21,53,9,,,126.818894146947,37.195651261376796,126.82997271528536,37.2067381638341,2024-10-24 09:39:38
405,72,70,9,,,126.81147702329682,37.20733428792613,126.83747846377109,37.20884435211911,2024-10-24 09:39:52
406,70,17,9,,,126.83793643415169,37.20998813977844,126.82714456714933,37.19672842865454,2024-10-24 09:40:06
407,8,6,9,,,126.8239774499271,37.207940789928955,126.82359787846133,37.2037226657013,2024-10-24 09:41:07
408,33,56,9,,,126.82931442918456,37.20068402789681,126.83418280245526,37.20473352599788,2024-10-24 09:41:07
409,70,18,9,,,126.83761199731869,37.20994706646409,126.82336446935969,37.19516765450845,2024-10-24 09:41:15
410,10,40,9,,,126.81655928783297,37.210334563535284,126.83222255160703,37.194259952453784,2024-10-24 09:41:58
411,45,39,9,,,126.82454286953433,37.213063417915016,126.82229480069607,37.19934043592772,2024-10-24 09:42:01
412,23,38,9,,,126.82080951125579,37.19207110442649,126.82374819158912,37.201574040461864,2024-10-24 09:42:11
413,33,56,9,,,126.82855189541687,37.2010265801446,126.83469653713358,37.206593084923774,2024-10-24 09:42:32
414,23,32,9,,,126.82034274695118,37.19233516677966,126.83214350017457,37.20116812148118,2024-10-24 09:43:47
415,39,41,9,,,126.82101315668073,37.200846210128034,126.8351504751193,37.19716431548217,2024-10-24 09:43:54
416,16,41,9,,,126.82441850487805,37.19243107272009,126.83360789642587,37.19624778196051,2024-10-24 09:44:20
417,58,33,9,,,126.83439905908192,37.20920776204551,126.828551539712,37.20138635602662,2024-10-24 09:45:10
418,39,17,9,,,126.82123808186654,37.20019564703449,126.82632494651031,37.19768301122599,2024-10-24 09:45:12
419,18,48,9,,,126.82285111749867,37.195383843180004,126.83121749670663,37.21482821642957,2024-10-24 09:45:35
420,68,67,9,,,126.83890994118435,37.2023827833189,126.83529370116818,37.20197279295085,2024-10-24 09:45:59
421,33,70,9,,,126.82914735391628,37.199884992043344,126.83861626740752,37.20915488496616,2024-10-24 09:45:59
422,42,70,9,,,126.8323424047801,37.19620177490943,126.83750900254947,37.20932859421002,2024-10-24 09:46:11
423,10,38,9,,,126.81690443643217,37.20922607910194,126.82499206273721,37.20177334123269,2024-10-24 09:47:05
424,56,31,9,,,126.83528931046295,37.206182601387866,126.82997149251766,37.198127708289014,2024-10-24 09:48:01
425,20,47,9,,,126.81656439546408,37.19189797681175,126.82709353202334,37.210884931521136,2024-10-24 09:48:25
426,19,21,9,,,126.82891758042825,37.19547256807693,126.81922335999926,37.19688120194378,2024-10-24 09:48:56
427,54,33,9,,,126.83314512421555,37.2095658726321,126.82944983582226,37.20124731819321,2024-10-24 09:49:03
428,37,51,9,,,126.82053691163871,37.196548166283186,126.81934476381655,37.209834072540154,2024-10-24 09:49:39
429,62,37,9,,,126.83829521813244,37.21317853894156,126.82125198824212,37.19727800487575,2024-10-24 09:50:11
430,33,56,9,,,126.82950172268868,37.20135098671909,126.83492815790962,37.205657549265354,2024-10-24 09:50:28
431,70,17,9,,,126.83881787721317,37.208774161697626,126.82589080580996,37.19672748199428,2024-10-24 09:50:37
432,56,32,9,,,126.8346559793921,37.20662059521674,126.83282481954625,37.20215038617549,2024-10-24 09:51:02
433,58,42,9,,,126.83424596753929,37.20918611508747,126.83112941075973,37.19612318485334,2024-10-24 09:51:29
434,56,33,9,,,126.83548347108777,37.20583454822401,126.82937061962556,37.200716796176806,2024-10-24 09:51:31
435,58,33,9,,,126.83472980544666,37.20750412525677,126.82940316405546,37.201012782579916,2024-10-24 09:51:37
436,55,4,9,,,126.83020845845917,37.20849883905409,126.82196658956148,37.208962502660114,2024-10-24 09:51:41
437,56,32,9,,,126.8352369185868,37.20571795466834,126.8314941566283,37.20118332796709,2024-10-24 09:51:42
438,72,56,9,,,126.8124705281475,37.20785546443719,126.83473659004927,37.20538432913581,2024-10-24 09:51:59
439,50,50,9,,,126.82252764087865,37.2106794351162,126.82282560952879,37.211570818228964,2024-10-24 09:52:28
440,42,70,9,,,126.831131789161,37.196724624823375,126.83824701577414,37.20911478998197,2024-10-24 09:52:46
441,1,47,9,,,126.81707790392937,37.19844664875186,126.82688999139964,37.210804198277565,2024-10-24 09:53:11
442,36,53,9,,,126.82410198250628,37.19944844607411,126.82886514779987,37.20575198474783,2024-10-24 09:53:26
443,18,60,9,,,126.82344303239093,37.19567703646542,126.83283096094162,37.21315376649333,2024-10-24 09:53:57
444,33,56,9,,,126.82942993705396,37.20163935819323,126.83419726442686,37.205374132039374,2024-10-24 09:54:15
445,5,45,9,,,126.82767974534336,37.205254568421964,126.82422215941455,37.21303579861033,2024-10-24 09:54:25
446,59,33,9,,,126.83259986823576,37.20821057166353,126.82985934980239,37.20082073249364,2024-10-24 09:55:41
447,59,34,9,,,126.83205117643489,37.207019107828074,126.82202856273314,37.202340767623724,2024-10-24 09:55:52
448,43,68,9,,,126.82413975800114,37.190135589997254,126.83910539198554,37.20256518702743,2024-10-24 09:56:31
449,20,30,9,,,126.81497546012409,37.1916953584836,126.83142036633171,37.198260242928335,2024-10-24 09:56:45
450,21,63,9,,,126.81765906980729,37.19719073229366,126.83451989492819,37.21200199259198,2024-10-24 09:57:31
451,33,28,9,,,126.82925544708415,37.20097430293814,126.83023269017383,37.20355470192009,2024-10-24 09:57:32
452,18,57,9,,,126.82414036692445,37.19500400308917,126.83157160870002,37.204962559514264,2024-10-24 09:58:07
453,26,37,9,,,126.81815057744417,37.19321843169931,126.8212907069353,37.19794493370075,2024-10-24 09:58:45
454,28,36,9,,,126.83016530113592,37.20428594207566,126.82438729069946,37.199371835416564,2024-10-24 09:59:04
455,35,32,9,,,126.81807710918213,37.20234944570658,126.83293336716203,37.20169568514994,2024-10-24 09:59:32
456,51,34,9,,,126.82044815108353,37.211271468526,126.82184406162285,37.20207278109236,2024-10-24 09:59:32
457,56,33,10,,,126.83476432830984,37.20662659577059,126.83013308780605,37.201657171001834,2024-10-24 10:00:02
458,56,31,10,,,126.83560306436014,37.206380734818694,126.83003452185405,37.19703656895479,2024-10-24 10:00:10
459,35,71,10,,,126.81868824930282,37.202871005328966,126.84066356655647,37.20522904090728,2024-10-24 10:00:27
460,11,17,10,,,126.81414858826852,37.20832155828669,126.82685000488952,37.195803092536806,2024-10-24 10:00:27
461,32,59,10,,,126.83177482488844,37.20133019942437,126.83324991965432,37.20654717663115,2024-10-24 10:00:50
462,70,17,10,,,126.83689838692301,37.209063899853064,126.82698419944427,37.195890577960775,2024-10-24 10:00:56
463,56,1,10,,,126.83460588366177,37.20554238397861,126.81599440536456,37.198710740789274,2024-10-24 10:02:12
464,10,38,10,,,126.81683496155765,37.20986694002688,126.82363171505968,37.20200480187492,2024-10-24 10:03:18
465,10,23,10,,,126.81768831410001,37.20938615117054,126.82144942695723,37.190941782864954,2024-10-24 10:04:00
466,70,33,10,,,126.83769370528525,37.20915986828553,126.82879154815379,37.201572638817794,2024-10-24 10:04:30
467,50,38,10,,,126.82299974604614,37.21110104184154,126.82486720829161,37.20054988297466,2024-10-24 10:04:35
468,17,58,10,,,126.82653353584553,37.19636819402076,126.83583196431982,37.20859204644191,2024-10-24 10:05:15
469,58,17,10,,,126.83413525207663,37.20886605068166,126.82567101903035,37.19672325365812,2024-10-24 10:06:13
470,56,17,10,,,126.8354089179811,37.20491409710581,126.82552419121933,37.19659283268781,2024-10-24 10:06:30
471,56,2,10,,,126.83438262181885,37.20619418259271,126.82210771117784,37.206491034194734,2024-10-24 10:08:00
472,58,33,10,,,126.83497770733679,37.20943496442106,126.82845592998822,37.199930133166546,2024-10-24 10:08:13
473,70,33,10,,,126.83714639846102,37.20994252852118,126.82936028410288,37.20157181526787,2024-10-24 10:09:22
474,56,19,10,,,126.83444616401229,37.20579777035156,126.8287701725637,37.194863278935884,2024-10-24 10:09:42
475,72,56,10,,,126.8123568375452,37.20803832222837,126.83573662504716,37.20574864886994,2024-10-24 10:12:13
476,12,41,10,,,126.81975192051874,37.204962733882645,126.83403239236772,37.19762137807868,2024-10-24 10:14:08
477,56,32,10,,,126.83555842500338,37.2065791764531,126.83164495606886,37.201735934616885,2024-10-24 10:14:52
478,53,66,10,,,126.82931214330618,37.20588107811635,126.83670621383644,37.20398315880476,2024-10-24 10:15:03
479,58,32,10,,,126.8350232132228,37.2084975431114,126.83168637406975,37.20076262985982,2024-10-24 10:15:26
480,51,34,10,,,126.81995418538544,37.211014900706815,126.82202275370784,37.20242702060597,2024-10-24 10:15:49
481,51,37,10,,,126.81906075378436,37.21003014913528,126.8212823964061,37.197810476794594,2024-10-24 10:16:17
482,69,30,10,,,126.83681974186675,37.20671349072033,126.83196290436568,37.1989300938511,2024-10-24 10:16:20
483,11,31,10,,,126.81437882322288,37.207640997430644,126.82862487074351,37.19848071442004,2024-10-24 10:16:27
484,50,38,10,,,126.82168766064122,37.21100587704504,126.8239228299116,37.2011659683515,2024-10-24 10:16:31
485,32,59,10,,,126.83133839161647,37.20189042558327,126.83172532768252,37.20713924164426,2024-10-24 10:16:34
486,70,33,10,,,126.83768770037635,37.20871195489552,126.82953193818628,37.20057252654896,2024-10-24 10:16:41
487,31,59,10,,,126.8282542972895,37.19827650270397,126.83287100187417,37.20668621952502,2024-10-24 10:16:49
488,56,17,10,,,126.83416250604535,37.206377014473816,126.82590497393015,37.19750179783158,2024-10-24 10:18:55
489,56,17,10,,,126.83424548443732,37.20583663466472,126.82599088884213,37.197727640554405,2024-10-24 10:19:11
490,56,32,10,,,126.83506459698864,37.20531842960329,126.8319699015777,37.20187878894361,2024-10-24 10:19:21
491,51,37,10,,,126.81987500147764,37.21125675428982,126.82088711815686,37.19776782387459,2024-10-24 10:20:18
492,58,33,10,,,126.83568000043654,37.20773291319161,126.82858056583979,37.201172098466344,2024-10-24 10:20:25
493,33,58,10,,,126.82846811610021,37.20063424549223,126.83462625960594,37.207962054077704,2024-10-24 10:20:27
494,33,54,10,,,126.82860614301872,37.20020259645866,126.83222381216775,37.20952788929536,2024-10-24 10:20:33
495,32,58,10,,,126.83252191875208,37.20163597645177,126.83430767393395,37.20766311743035,2024-10-24 10:21:02
496,70,33,10,,,126.83813483792028,37.20987168845646,126.82833960332054,37.20001707467165,2024-10-24 10:21:06
497,70,33,10,,,126.83866058291669,37.208697572422686,126.82862502763987,37.20161440963307,2024-10-24 10:21:09
498,45,34,10,,,126.82486078456752,37.21193691050428,126.8221778866164,37.202692522085044,2024-10-24 10:21:26
499,51,37,10,,,126.8189225746891,37.2098135376805,126.82123971462475,37.19776500656761,2024-10-24 10:22:15
500,70,33,10,,,126.83808732169385,37.209320992304676,126.82967638474683,37.20133483580273,2024-10-24 10:22:18
501,38,43,10,,,126.82403008071742,37.20120015828423,126.82357578385032,37.19070550463012,2024-10-24 10:22:29
502,2,12,10,,,126.82257504726327,37.20538428227633,126.81953080048784,37.20572167820898,2024-10-24 10:23:02
503,56,32,10,,,126.83543323775297,37.20643122860903,126.83225158481399,37.20083839057309,2024-10-24 10:23:27
504,56,12,10,,,126.83512925331335,37.20636501668549,126.81947971397861,37.20464499579698,2024-10-24 10:23:56
505,51,37,10,,,126.81992939010635,37.21111042473555,126.82167272338903,37.19805108021968,2024-10-24 10:24:01
506,32,59,10,,,126.83219307488025,37.201854944332574,126.83317508391914,37.207946655045795,2024-10-24 10:24:09
507,56,33,10,,,126.83465241724342,37.20514369785005,126.82864532353574,37.20147338340203,2024-10-24 10:24:36
508,1,56,10,,,126.81560772559055,37.19821686264445,126.83579565879822,37.205744204357984,2024-10-24 10:25:55
509,58,33,10,,,126.8357449931369,37.207637316764114,126.82904939675666,37.19987218593078,2024-10-24 10:26:09
510,69,30,10,,,126.8377310153191,37.20744534328832,126.8321409289274,37.19866175369425,2024-10-24 10:26:24
511,51,37,10,,,126.81912425695782,37.20942828921686,126.82166826615381,37.19698029337219,2024-10-24 10:26:32
512,51,37,10,,,126.81992287862244,37.20947777367889,126.82144515298386,37.19681825258272,2024-10-24 10:27:00
513,56,40,10,,,126.83536070643505,37.205894127841276,126.83118520473134,37.193810362209526,2024-10-24 10:27:03
514,11,32,10,,,126.81524450684039,37.20741517180429,126.83148564155806,37.20166450021288,2024-10-24 10:27:05
515,70,33,10,,,126.83789186283128,37.208704384922584,126.82886920884889,37.200897876975695,2024-10-24 10:27:27
516,51,37,10,,,126.81984427683743,37.210612240765094,126.82123408709852,37.1972696812753,2024-10-24 10:28:33
517,55,67,10,,,126.83064669089293,37.208317349356406,126.8342798178027,37.20332991528359,2024-10-24 10:29:01
518,50,38,10,,,126.82157658728946,37.21071240277839,126.82466255433079,37.20076371460037,2024-10-24 10:29:23
519,32,59,10,,,126.83210870577089,37.20164419207582,126.83150017137264,37.20719386594745,2024-10-24 10:29:25
520,11,70,10,,,126.81398845248607,37.20854694780055,126.83876641269042,37.21049418774532,2024-10-24 10:29:37
521,19,10,10,,,126.82801822561173,37.19449911676594,126.81723790758006,37.209548599826135,2024-10-24 10:29:50
522,59,15,10,,,126.83187375846745,37.207080153034944,126.81762645761421,37.20701949486853,2024-10-24 10:30:02
523,50,38,10,,,126.82233784357184,37.21248191490405,126.82418207356157,37.20112132263593,2024-10-24 10:30:39
524,21,51,10,,,126.81828830359565,37.19632407975526,126.81955836064016,37.21130167482015,2024-10-24 10:30:45
525,54,26,10,,,126.83321698370088,37.21032477541621,126.81837475619025,37.193518317263965,2024-10-24 10:31:13
526,11,67,10,,,126.81334481159739,37.20736936319492,126.8346841167187,37.20216999144455,2024-10-24 10:32:29
527,50,38,10,,,126.82221132502936,37.21070961239119,126.82340098695144,37.20224316817263,2024-10-24 10:32:57
528,50,38,10,,,126.82157462023456,37.21119711426845,126.82407374266204,37.20176370032783,2024-10-24 10:32:58
529,51,37,10,,,126.81906886190761,37.209997058678304,126.82149956662471,37.19810757413943,2024-10-24 10:33:25
530,2,21,10,,,126.82239740785793,37.20579128675795,126.8178565982574,37.1960472251797,2024-10-24 10:33:29
531,70,17,10,,,126.83824399135135,37.20911250489893,126.82625276991662,37.19730386024293,2024-10-24 10:34:35
532,50,38,10,,,126.82169964559473,37.210849420140825,126.82508577351899,37.20143941034625,2024-10-24 10:35:13
533,12,17,10,,,126.81870694457325,37.205626966105356,126.82679019487118,37.19757218615965,2024-10-24 10:36:03
534,69,30,10,,,126.83661838856632,37.20750116433662,126.83140799013051,37.19865312518264,2024-10-24 10:36:03
535,11,23,10,,,126.81336019644729,37.20921209201313,126.82116150103975,37.1924194364839,2024-10-24 10:36:34
536,51,37,10,,,126.81998518493785,37.21080625498327,126.8213705718188,37.19842340281628,2024-10-24 10:36:41
537,12,20,10,,,126.81831321513936,37.204915681402575,126.81529839857691,37.19330456896483,2024-10-24 10:37:04
538,50,37,10,,,126.82291460998779,37.21086036810039,126.82171517339475,37.19647743592851,2024-10-24 10:37:14
539,2,30,10,,,126.82276566216326,37.205846261403565,126.83205866375576,37.19901520247926,2024-10-24 10:37:18
540,50,38,10,,,126.82252984496884,37.21166155026622,126.82395111661288,37.20121126954428,2024-10-24 10:38:05
541,51,37,10,,,126.81968460444342,37.21043026516967,126.82109200753769,37.197792997052275,2024-10-24 10:38:20
542,12,18,10,,,126.81834053552052,37.20473966224977,126.8245724089622,37.19483768871038,2024-10-24 10:38:41
543,71,21,10,,,126.83937003359476,37.20432241931684,126.81936521804053,37.19688953074955,2024-10-24 10:38:41
544,56,17,10,,,126.83562476339802,37.205177605425504,126.82676421807813,37.19774061684612,2024-10-24 10:39:05
545,54,47,10,,,126.83322211448028,37.20942188779656,126.82725915894702,37.211493701550324,2024-10-24 10:39:05
546,41,56,10,,,126.83387713063767,37.19646820422194,126.83431043268553,37.20653747713698,2024-10-24 10:40:34
547,21,11,10,,,126.81912379103251,37.19613627894165,126.81387256530934,37.20731638463455,2024-10-24 10:40:39
548,62,26,10,,,126.83761307347716,37.21279774288804,126.81740679304211,37.1944102490681,2024-10-24 10:40:57
549,59,33,10,,,126.83316757261382,37.20775090993704,126.82851520360238,37.1998391589313,2024-10-24 10:42:03
550,35,69,10,,,126.81925715245627,37.20196496327762,126.8368652335929,37.20663943854626,2024-10-24 10:42:40
551,71,20,10,,,126.83996580918792,37.2041427965941,126.81566864920198,37.19216728403337,2024-10-24 10:42:50
552,47,29,10,,,126.82767719396605,37.210829150560116,126.82660559658457,37.201885366157065,2024-10-24 10:43:12
553,56,31,10,,,126.83544649817776,37.20623211655428,126.82958982603591,37.19765598718522,2024-10-24 10:43:15
554,32,54,10,,,126.83177846972048,37.20105505850298,126.83185492928195,37.20991487495007,2024-10-24 10:43:16
555,56,31,10,,,126.8346251751668,37.20597120693461,126.82915907019894,37.19697694701074,2024-10-24 10:43:20
556,10,56,10,,,126.81724321583499,37.20967177179884,126.83488443847612,37.20560932760019,2024-10-24 10:43:32
557,51,37,10,,,126.8194719432695,37.21004619735031,126.8204892108138,37.19720869172259,2024-10-24 10:43:37
558,50,38,10,,,126.82217860966475,37.2118554574669,126.82510028183094,37.20182507799673,2024-10-24 10:44:02
559,50,38,10,,,126.8229794744238,37.210719239038745,126.82464982724491,37.20217955733425,2024-10-24 10:44:14
560,56,33,10,,,126.83565757644665,37.2052466503017,126.82850095334648,37.20141897293884,2024-10-24 10:44:22
561,50,38,10,,,126.82171205115885,37.21182990144957,126.82429528885993,37.20154506824589,2024-10-24 10:44:53
562,71,57,10,,,126.83951222247886,37.20543421327818,126.83131150249504,37.204579770772156,2024-10-24 10:46:01
563,19,4,10,,,126.82852964879784,37.195827880291155,126.82143551000043,37.20919626960099,2024-10-24 10:46:13
564,58,33,10,,,126.83519409602233,37.207744360735795,126.82961431380373,37.19968273234827,2024-10-24 10:46:13
565,23,32,10,,,126.8205735805626,37.191964872284494,126.83158998473108,37.20229083953004,2024-10-24 10:46:24
566,19,10,10,,,126.82886777482187,37.19548315589734,126.81611756997671,37.210286908994604,2024-10-24 10:47:03
567,56,31,10,,,126.83464687205627,37.206515591521125,126.82874479983049,37.19875079379635,2024-10-24 10:47:25
568,11,40,10,,,126.81469399450303,37.20770884782192,126.83163421428894,37.19399563209946,2024-10-24 10:47:35
569,10,40,10,,,126.81644761645772,37.208640321632664,126.83044764308765,37.19321191721333,2024-10-24 10:48:16
570,50,38,10,,,126.82297474521437,37.2109198104679,126.8233071656194,37.201982276058686,2024-10-24 10:48:21
571,56,17,10,,,126.83440383918817,37.20528711271617,126.82619102094688,37.19745675155489,2024-10-24 10:48:33
572,50,38,10,,,126.8220031548601,37.21078386402884,126.82358258292794,37.20123037771172,2024-10-24 10:49:50
573,72,70,10,,,126.81109089777733,37.2074874086629,126.8386504427289,37.20903605566545,2024-10-24 10:50:33
574,69,30,10,,,126.83788659409082,37.20650721731224,126.83236260089285,37.199498531967706,2024-10-24 10:51:03
575,59,41,10,,,126.8329076658624,37.20662409204227,126.83409457780995,37.19689902655954,2024-10-24 10:51:22
576,70,17,10,,,126.83879346572881,37.209481558550706,126.82658034644012,37.19591562392293,2024-10-24 10:52:04
577,50,38,10,,,126.82276024878374,37.21185962465027,126.82516425372634,37.20062120230623,2024-10-24 10:52:43
578,70,42,10,,,126.83733722712219,37.21018454304418,126.83205043662521,37.19585913201724,2024-10-24 10:53:27
579,56,17,10,,,126.83432261514962,37.20505615860532,126.82610725040418,37.19588835590888,2024-10-24 10:53:34
580,61,56,10,,,126.83267436539658,37.2151046495178,126.83501552297169,37.204811416724944,2024-10-24 10:54:00
581,51,37,10,,,126.81889816884514,37.209544516633144,126.8206346663384,37.198167562371175,2024-10-24 10:54:20
582,11,26,10,,,126.81368444493411,37.20913655714225,126.81840191503227,37.19436378826682,2024-10-24 10:55:02
583,70,42,10,,,126.83786644162204,37.209398178437425,126.83250098503258,37.19564129245711,2024-10-24 10:55:05
584,50,38,10,,,126.82265573490632,37.21157432564723,126.82470675637136,37.200489676309374,2024-10-24 10:55:27
585,50,37,10,,,126.82210940524709,37.21207224673853,126.82066034676456,37.19828773801633,2024-10-24 10:55:44
586,55,36,10,,,126.83050655772163,37.209626088963525,126.82338211771184,37.19838706550552,2024-10-24 10:56:09
587,56,33,10,,,126.83415720406659,37.2055620828183,126.82919684527518,37.20138108606422,2024-10-24 10:57:07
588,53,56,10,,,126.8290969444445,37.20618460178285,126.83550049148732,37.205773714891436,2024-10-24 10:57:20
589,69,30,10,,,126.8371975532087,37.20704052602062,126.83179408996163,37.198966427024146,2024-10-24 10:57:49
590,50,38,10,,,126.82219765735279,37.212091827347166,126.82443552035483,37.20131831887185,2024-10-24 10:57:52
591,11,58,10,,,126.8133892802594,37.208556922220254,126.83488741860621,37.208269211198335,2024-10-24 10:58:35
592,72,13,10,,,126.81073383020949,37.206200578220134,126.81740363461536,37.20343564534511,2024-10-24 10:58:54
593,51,37,10,,,126.81871383162681,37.21013746747455,126.82189117854844,37.19669667314048,2024-10-24 10:59:05
594,50,38,10,,,126.82246666457908,37.21188393140697,126.82388790726155,37.20190115427537,2024-10-24 10:59:22
595,70,42,10,,,126.83859156271862,37.20907705827155,126.83060959635937,37.19665825373644,2024-10-24 10:59:37
596,71,63,11,,,126.8403087874899,37.20534215281488,126.83574449871274,37.21077207645449,2024-10-24 11:01:13
597,56,17,11,,,126.83549603382792,37.205318651455805,126.8270913125835,37.1963915388373,2024-10-24 11:01:22
598,58,33,11,,,126.8361280176684,37.20876945574305,126.82915140474958,37.200184635409784,2024-10-24 11:01:44
599,37,18,11,,,126.82089718049086,37.196787767223185,126.8239440016469,37.196306606442064,2024-10-24 11:02:12
600,1,40,11,,,126.81672494159672,37.19743597231959,126.83223490166475,37.194262725623275,2024-10-24 11:03:35
601,72,20,11,,,126.81123827165669,37.2078236897334,126.81612509301335,37.19202869182594,2024-10-24 11:04:27
602,1,64,11,,,126.81684833001775,37.19883126609541,126.84213795228145,37.20380053331707,2024-10-24 11:04:42
603,69,30,11,,,126.8369833421515,37.20666815464526,126.83213644035804,37.19817056064293,2024-10-24 11:04:51
604,2,64,11,,,126.820947801731,37.2059758115517,126.84264417021501,37.20265482066496,2024-10-24 11:05:53
605,56,17,11,,,126.83503409722708,37.206492775626465,126.82597780515438,37.19597162112725,2024-10-24 11:06:50
606,50,37,11,,,126.8217195845786,37.21064891447871,126.82172471683768,37.19717451947932,2024-10-24 11:07:08
607,55,60,11,,,126.82928294894243,37.208941401276185,126.83341290403875,37.21318507994565,2024-10-24 11:07:40
608,69,30,11,,,126.83832704128093,37.206664788415786,126.8326636467974,37.19909807800804,2024-10-24 11:08:02
609,17,54,11,,,126.82702081325564,37.19595048201769,126.83308129803245,37.20980190445961,2024-10-24 11:08:11
610,20,12,11,,,126.81633017385425,37.19147095008866,126.81850884205413,37.205753796149445,2024-10-24 11:08:17
611,56,32,11,,,126.83439260589729,37.20600526801383,126.83189143263489,37.20172407819991,2024-10-24 11:08:27
612,33,58,11,,,126.82977897742828,37.20161750420713,126.83541161145216,37.20833239136798,2024-10-24 11:09:18
613,70,42,11,,,126.83825007011136,37.209172296214035,126.83152604554851,37.19667327551033,2024-10-24 11:09:46
614,21,38,11,,,126.81881503429793,37.195412171730496,126.82375905860152,37.20081128199976,2024-10-24 11:10:08
615,10,17,11,,,126.81683024933196,37.20835101810524,126.82609846684176,37.196235635725316,2024-10-24 11:10:16
616,50,60,11,,,126.82138700531664,37.21060952337859,126.8335439438772,37.21218446839771,2024-10-24 11:10:29
617,17,54,11,,,126.82630475294175,37.1959809557418,126.8319133618987,37.209821541069466,2024-10-24 11:10:36
618,56,31,11,,,126.83532786850485,37.20477415322817,126.82965125412942,37.197657055920644,2024-10-24 11:10:51
619,56,41,11,,,126.8354683899784,37.20635056194612,126.83367850248095,37.196624592453404,2024-10-24 11:11:07
620,54,33,11,,,126.8332888098672,37.21113780425052,126.82916102317606,37.19991815486164,2024-10-24 11:11:24
621,21,33,11,,,126.81939328963199,37.19605075934838,126.82920629623871,37.200215746402414,2024-10-24 11:11:47
622,56,41,11,,,126.83392565716235,37.20584520319394,126.83484597146531,37.1967007361615,2024-10-24 11:11:49
623,51,26,11,,,126.81945755512189,37.21016143017989,126.8174423780792,37.19290085646022,2024-10-24 11:12:37
624,58,33,11,,,126.83566402824586,37.20775851319483,126.82992513302268,37.20146515695385,2024-10-24 11:12:51
625,56,32,11,,,126.83555574229149,37.2051908742899,126.83227004538783,37.20175675747165,2024-10-24 11:13:35
626,70,10,11,,,126.8387931163979,37.2092248690686,126.81798347562459,37.21012395258636,2024-10-24 11:13:40
627,33,56,11,,,126.82899579146596,37.201278673690986,126.8355135785973,37.204997839038256,2024-10-24 11:13:45
628,70,42,11,,,126.83715594471231,37.21006191586117,126.83153003803828,37.19664436062775,2024-10-24 11:14:17
629,33,54,11,,,126.83027960264894,37.2008171670816,126.83354230048874,37.209970319537064,2024-10-24 11:14:58
630,56,41,11,,,126.83444689686665,37.20599830978513,126.83327590504192,37.19701496967177,2024-10-24 11:15:22
631,17,54,11,,,126.82581104469884,37.195919015113205,126.83284130449617,37.21075334845878,2024-10-24 11:15:56
632,37,51,11,,,126.82089978402541,37.197117223960525,126.82062082399676,37.21069176267069,2024-10-24 11:16:14
633,11,17,11,,,126.81524828137385,37.20809676500067,126.82569036641668,37.19771475871353,2024-10-24 11:16:15
634,32,59,11,,,126.8326317960929,37.201279558723904,126.8315594648763,37.20821229656243,2024-10-24 11:16:27
635,18,36,11,,,126.8235137282674,37.19662579259888,126.82354271526376,37.19760223358124,2024-10-24 11:16:56
636,54,64,11,,,126.83312609444292,37.209832973471364,126.8416906116151,37.20386816569753,2024-10-24 11:17:36
637,56,40,11,,,126.83528643078336,37.20614084156192,126.83109987419131,37.192870036648266,2024-10-24 11:17:39
638,38,45,11,,,126.82455520042816,37.20073908101007,126.82563834541462,37.212282598285434,2024-10-24 11:18:06
639,11,58,11,,,126.81516846005803,37.20744318659338,126.83517259790622,37.209253229545986,2024-10-24 11:19:06
640,51,26,11,,,126.81964180604997,37.21137350452221,126.81892289737596,37.19275870842539,2024-10-24 11:19:55
641,50,38,11,,,126.82147864505838,37.21097561024507,126.82484855728521,37.20146325205698,2024-10-24 11:20:18
642,10,17,11,,,126.81649534509992,37.2098174143132,126.82734933493659,37.19650618749699,2024-10-24 11:20:44
643,58,17,11,,,126.83555181586215,37.20888413557834,126.82719658539642,37.19632039735803,2024-10-24 11:20:51
644,36,5,11,,,126.82353406837126,37.19897232229279,126.8260810449819,37.20457143329189,2024-10-24 11:20:56
645,1,11,11,,,126.81527203969773,37.19761979953506,126.8143299931372,37.20800274965014,2024-10-24 11:21:50
646,21,33,11,,,126.8194612425223,37.19558792816155,126.83016253682848,37.19976705826619,2024-10-24 11:22:38
647,58,33,11,,,126.8345778058572,37.208911754355285,126.82988406748801,37.200735053067454,2024-10-24 11:23:25
648,72,17,11,,,126.81084728359639,37.20680018659503,126.82601784963046,37.19677631319897,2024-10-24 11:23:30
649,17,54,11,,,126.8258208918975,37.197698909686096,126.83220190427839,37.209810089930265,2024-10-24 11:24:27
650,33,56,11,,,126.82837068651688,37.20149374287262,126.83580384717825,37.20604404089965,2024-10-24 11:24:29
651,71,46,11,,,126.84083942641695,37.20588879376249,126.83027274898755,37.212441870428854,2024-10-24 11:25:28
652,10,56,11,,,126.8174646071909,37.21003627431529,126.83496835868624,37.20485081733165,2024-10-24 11:25:41
653,32,58,11,,,126.83105135170521,37.201287376091315,126.83419168639031,37.20865288730764,2024-10-24 11:26:30
654,58,33,11,,,126.83529912687408,37.20893211879361,126.82994630277953,37.20165529032454,2024-10-24 11:26:30
655,72,56,11,,,126.81109050987635,37.2062142515403,126.83433111016645,37.20661267834193,2024-10-24 11:27:32
656,31,54,11,,,126.82904828313008,37.198615842786936,126.83243791897661,37.20936891759596,2024-10-24 11:28:07
657,51,37,11,,,126.8198741176323,37.21136080020456,126.821942341,37.19753080752347,2024-10-24 11:28:15
658,41,70,11,,,126.83399322547648,37.197182119265726,126.83702159031841,37.20963157723409,2024-10-24 11:28:15
659,32,11,11,,,126.83276853080213,37.20114542033511,126.81458742002974,37.20830876143317,2024-10-24 11:28:37
660,70,72,11,,,126.83758536603925,37.210470184978995,126.81104069565215,37.20625145271101,2024-10-24 11:29:17
661,21,33,11,,,126.81836667857668,37.196986243646094,126.82968069921093,37.19972474745036,2024-10-24 11:29:34
662,50,37,11,,,126.82158188979425,37.21081472122984,126.82064071518231,37.196834704664596,2024-10-24 11:29:38
663,12,17,11,,,126.81850882815192,37.205113549530786,126.82710744685785,37.19635299228971,2024-10-24 11:29:41
664,51,37,11,,,126.81914714930825,37.210349505042515,126.82038402540645,37.19696072769771,2024-10-24 11:30:01
665,50,37,11,,,126.82307089914035,37.2106479324543,126.82089818048306,37.19701342093739,2024-10-24 11:30:48
666,51,26,11,,,126.82001674485718,37.21039758275445,126.81844139628825,37.192709964333005,2024-10-24 11:32:08
667,50,26,11,,,126.82253548515416,37.21207797366413,126.81780430968485,37.19404417766502,2024-10-24 11:32:43
668,32,56,11,,,126.83196858474057,37.201835540333846,126.8349135162192,37.206468273326145,2024-10-24 11:32:44
669,50,37,11,,,126.82224202084059,37.21190952296836,126.82147538191845,37.19773087406169,2024-10-24 11:32:57
670,56,31,11,,,126.83564310764922,37.2061619058834,126.82912076067538,37.19849232042341,2024-10-24 11:33:04
671,33,58,11,,,126.82866267871933,37.20096414339565,126.83552020026583,37.209396140394794,2024-10-24 11:33:15
672,72,33,11,,,126.81101871921749,37.20689450384679,126.8301506841951,37.201561951571776,2024-10-24 11:33:27
673,33,56,11,,,126.82866538691275,37.200750032067404,126.83402106566172,37.20471884677535,2024-10-24 11:33:36
674,11,70,11,,,126.81496583703587,37.20752416101717,126.83795437465572,37.2086891902674,2024-10-24 11:34:30
675,56,31,11,,,126.83396662602676,37.20640158447567,126.82975608113632,37.19723581253228,2024-10-24 11:35:47
676,69,30,11,,,126.83670237848283,37.20632042678808,126.83104977534775,37.19963940830936,2024-10-24 11:36:10
677,56,17,11,,,126.8356645168335,37.2064031908622,126.82671519478771,37.19629791350194,2024-10-24 11:36:33
678,50,37,11,,,126.82333545721809,37.21238418196225,126.82223129886742,37.19709950487965,2024-10-24 11:37:20
679,54,67,11,,,126.83232414203529,37.209988184482555,126.83460071429472,37.20237962593392,2024-10-24 11:37:58
680,59,15,11,,,126.83164285369223,37.2067400493129,126.81630397306603,37.20577884547518,2024-10-24 11:38:06
681,33,56,11,,,126.83021101038952,37.199949987445194,126.83552953203434,37.206316312974415,2024-10-24 11:38:28
682,56,17,11,,,126.83398366104912,37.20586084359685,126.82569332478754,37.19632046852567,2024-10-24 11:39:03
683,53,48,11,,,126.8297149620318,37.20706020603607,126.8312403877446,37.21390178380666,2024-10-24 11:39:05
684,20,38,11,,,126.81629492337369,37.19196467754701,126.82329779234762,37.20036331280674,2024-10-24 11:40:00
685,72,28,11,,,126.81150919760978,37.207224237361395,126.82880592430331,37.20385488073085,2024-10-24 11:40:42
686,33,56,11,,,126.82936717040572,37.20010340074774,126.83574452207996,37.20464428628571,2024-10-24 11:41:04
687,17,58,11,,,126.82707746894825,37.19585029985782,126.83431550527683,37.208114241919894,2024-10-24 11:41:11
688,56,17,11,,,126.83471216950467,37.206004545019375,126.82716353470963,37.19656122573006,2024-10-24 11:41:33
689,35,69,11,,,126.81847028930015,37.202547341989366,126.83694495780152,37.20690161559201,2024-10-24 11:41:53
690,54,17,11,,,126.83357039805746,37.20948836980186,126.82730374241234,37.19666771971397,2024-10-24 11:42:20
691,50,60,11,,,126.82177872377382,37.211700944731206,126.83223781364642,37.21206068306456,2024-10-24 11:42:40
692,70,42,11,,,126.83744556134266,37.210512810044136,126.83145499031416,37.19523142033191,2024-10-24 11:43:04
693,37,30,11,,,126.82213412225424,37.1975547042034,126.8322657314856,37.19821221550485,2024-10-24 11:43:39
694,56,31,11,,,126.83479216290424,37.20482149299355,126.82890456199185,37.198677151249456,2024-10-24 11:44:04
695,21,28,11,,,126.81783426429824,37.196229735490704,126.83019705779748,37.20429147636227,2024-10-24 11:44:05
696,69,30,11,,,126.83730482133379,37.20590231492449,126.83138921537207,37.19941934862724,2024-10-24 11:44:40
697,58,33,11,,,126.83473346912635,37.20817564886546,126.82962950274677,37.20000575619249,2024-10-24 11:45:51
698,54,45,11,,,126.83366642687811,37.21006426098491,126.8257325216398,37.212836088386105,2024-10-24 11:46:38
699,58,33,11,,,126.83426075357704,37.2076748636633,126.82959546286865,37.201642504796006,2024-10-24 11:46:43
700,56,17,11,,,126.8354002293478,37.20511807788078,126.82719968217057,37.197611310207414,2024-10-24 11:47:08
701,50,38,11,,,126.82323052137292,37.21160873853981,126.82449004406095,37.20139996330448,2024-10-24 11:47:35
702,11,58,11,,,126.81424282730917,37.20904828919694,126.835294620724,37.208954453399805,2024-10-24 11:47:50
703,36,11,11,,,126.82372823669638,37.19940172866576,126.81525627913265,37.20924569957776,2024-10-24 11:47:55
704,33,56,11,,,126.82910546450213,37.2015496292913,126.83451226001557,37.20484498363331,2024-10-24 11:48:05
705,53,52,11,,,126.82990487734018,37.20536635528435,126.8308019760496,37.21759324752223,2024-10-24 11:48:45
706,38,47,11,,,126.82394072247142,37.20032227475626,126.82846363905301,37.211312304923325,2024-10-24 11:49:10
707,56,31,11,,,126.83556037637167,37.20552914051961,126.82892376672558,37.19738912560063,2024-10-24 11:50:46
708,20,3,11,,,126.81485887974445,37.192547278026325,126.82542803069215,37.208969909333675,2024-10-24 11:51:04
709,51,37,11,,,126.81888806998974,37.2108123310323,126.82187710698194,37.197759886058954,2024-10-24 11:51:21
710,70,42,11,,,126.83707754511428,37.21009903421135,126.83140970330304,37.19598281598404,2024-10-24 11:52:07
711,32,59,11,,,126.83146475002552,37.20191448256148,126.83194336167261,37.20669702721385,2024-10-24 11:52:20
712,10,17,11,,,126.8174751037863,37.20989003425164,126.82699756652863,37.196862758726816,2024-10-24 11:52:44
713,33,56,11,,,126.82936686313458,37.19988762404836,126.83405379292024,37.20537269899776,2024-10-24 11:52:51
714,56,41,11,,,126.83527312917118,37.2065771960044,126.83350042850849,37.19714414969184,2024-10-24 11:53:16
715,69,30,11,,,126.83733761940107,37.207497402379836,126.83170256608578,37.199102070158965,2024-10-24 11:53:48
716,17,54,11,,,126.82706941911565,37.196555545583415,126.83257740412918,37.2098459776314,2024-10-24 11:54:40
717,32,54,11,,,126.83103828573633,37.201833818087636,126.83309862976172,37.20995847066159,2024-10-24 11:54:45
718,58,33,11,,,126.83494127632176,37.20907871255155,126.82859413239457,37.20030495434074,2024-10-24 11:54:46
719,69,30,11,,,126.83841950406719,37.20684177859266,126.8325742271451,37.199824775528946,2024-10-24 11:55:10
720,32,59,11,,,126.83111640823023,37.20230358128443,126.83250651214854,37.20836084024415,2024-10-24 11:55:20
721,51,37,11,,,126.82062592015585,37.21046455367686,126.82213346953836,37.19779773957593,2024-10-24 11:55:52
722,19,11,11,,,126.82792835330531,37.19601618199797,126.81423031359088,37.20806591776956,2024-10-24 11:55:59
723,37,51,11,,,126.82153895204294,37.197841535337446,126.81958792461589,37.211192696160644,2024-10-24 11:56:05
724,20,26,11,,,126.81604199971453,37.192248199861666,126.81752122307827,37.19440284037398,2024-10-24 11:56:13
725,58,33,11,,,126.83530205378094,37.208705866794496,126.83031313213716,37.199680478009725,2024-10-24 11:56:16
726,56,31,11,,,126.83397487179714,37.204758174324674,126.82881097143373,37.196951404202,2024-10-24 11:57:08
727,10,17,11,,,126.81602936675297,37.209725183952315,126.8269234777527,37.196439674978016,2024-10-24 11:57:18
728,58,33,11,,,126.83525599370375,37.20913741144078,126.82887962713305,37.20085332794945,2024-10-24 11:57:34
729,33,56,11,,,126.8287873756429,37.200013206927096,126.83538493991036,37.205278928029536,2024-10-24 11:57:42
730,58,32,11,,,126.8346370768878,37.20815607300067,126.83235361808245,37.20167990075277,2024-10-24 11:58:08
731,56,19,11,,,126.83410516448866,37.2060352849823,126.82813496016054,37.19577262880735,2024-10-24 11:58:35
732,58,33,11,,,126.83544531867972,37.20801242446271,126.82961720631485,37.20157015846059,2024-10-24 11:58:48
733,33,56,11,,,126.8283580991699,37.200312960486976,126.83574317800309,37.20581613764313,2024-10-24 11:59:16
734,56,32,11,,,126.83501139714933,37.205592083871075,126.8326745333102,37.20143500272948,2024-10-24 11:59:25
735,55,26,11,,,126.83038737370302,37.2081372440733,126.81891651555166,37.19370284275337,2024-10-24 11:59:37
736,58,17,12,,,126.83570439969337,37.20808508416359,126.82668729653496,37.19719403849605,2024-10-24 12:00:19
737,56,17,12,,,126.8350188691994,37.205749967668474,126.82541567912442,37.19601611055946,2024-10-24 12:00:45
738,40,72,12,,,126.83073291729528,37.193787237827884,126.81236275662668,37.207913701996695,2024-10-24 12:00:53
739,58,33,12,,,126.83539633245816,37.20915782914794,126.82947207495197,37.20129106766402,2024-10-24 12:01:16
740,1,3,12,,,126.81545423504157,37.19825666928864,126.82514149196683,37.20949927753915,2024-10-24 12:01:29
741,1,27,12,,,126.81639690772835,37.19782766848439,126.82687581229466,37.20012755806145,2024-10-24 12:02:33
742,10,17,12,,,126.81783089036774,37.20943453986719,126.82636694733182,37.19714604807251,2024-10-24 12:02:41
743,51,26,12,,,126.8193365387687,37.21078449185175,126.81924311957069,37.1943595554385,2024-10-24 12:02:43
744,70,11,12,,,126.83800342851988,37.20879529952864,126.81435119688409,37.207526581412665,2024-10-24 12:02:56
745,19,10,12,,,126.82896718025806,37.195048687421526,126.81764438372426,37.209095537524774,2024-10-24 12:03:26
746,38,5,12,,,126.82375912940745,37.201700902141994,126.82614206193504,37.20572320461098,2024-10-24 12:04:14
747,14,23,12,,,126.81909950409305,37.20712723098857,126.82116929297756,37.192202258395035,2024-10-24 12:04:19
748,54,17,12,,,126.83197939757899,37.21068725614519,126.8260690501972,37.196688090712115,2024-10-24 12:04:55
749,54,33,12,,,126.83267756232638,37.20990887477134,126.82968603069553,37.200245456062035,2024-10-24 12:04:57
750,19,10,12,,,126.82946871169405,37.194953017946645,126.81772335556117,37.209234459511066,2024-10-24 12:05:22
751,54,24,12,,,126.83202787275167,37.20933997055216,126.81727051135071,37.19021636467552,2024-10-24 12:05:58
752,58,33,12,,,126.83513741400857,37.20825222491742,126.83001023705762,37.20099113984312,2024-10-24 12:06:10
753,10,56,12,,,126.81779076113591,37.21004075414109,126.83418551859346,37.2046622639484,2024-10-24 12:06:29
754,56,39,12,,,126.83506992101493,37.20503775447784,126.82119870903219,37.20114198488049,2024-10-24 12:06:42
755,37,39,12,,,126.8205514000904,37.19647414799367,126.82088423714869,37.20057941342534,2024-10-24 12:07:16
756,2,68,12,,,126.82192734151026,37.206439148893395,126.84038676390914,37.20239084804485,2024-10-24 12:07:46
757,56,31,12,,,126.83550804981533,37.205005635262495,126.82979299671501,37.19855478789415,2024-10-24 12:07:49
758,12,19,12,,,126.81922365713302,37.20475482098721,126.82874756487912,37.19581001661328,2024-10-24 12:08:55
759,33,58,12,,,126.82951932227677,37.199942142875656,126.83515766871425,37.20923152831294,2024-10-24 12:09:06
760,69,30,12,,,126.8370542360736,37.20660351268196,126.8313366638461,37.19896001131484,2024-10-24 12:09:29
761,23,38,12,,,126.82129845691627,37.19243679936191,126.82367742689802,37.2011381339557,2024-10-24 12:09:35
762,18,28,12,,,126.82383792781543,37.19636705863299,126.8286474776735,37.20445690367103,2024-10-24 12:10:08
763,69,30,12,,,126.83731870042998,37.206097526632064,126.83101170527505,37.19936553418546,2024-10-24 12:10:15
764,56,41,12,,,126.83463771657948,37.205774023308756,126.83409241511283,37.196828621597774,2024-10-24 12:10:24
765,58,33,12,,,126.83603050313248,37.20781694496994,126.8302497444971,37.20098460947827,2024-10-24 12:10:52
766,19,10,12,,,126.82884948504089,37.1941845592421,126.81795046721038,37.20882004597313,2024-10-24 12:11:17
767,72,20,12,,,126.81132720969882,37.207624375670214,126.81585062117233,37.1923539765326,2024-10-24 12:11:26
768,50,26,12,,,126.82161808179485,37.211970672647226,126.81791136872243,37.192608959043845,2024-10-24 12:11:51
769,50,37,12,,,126.82295189065097,37.21154172624984,126.8213469069773,37.19674234469619,2024-10-24 12:12:33
770,43,68,12,,,126.82262856193056,37.189646789593446,126.839204799239,37.20253816212954,2024-10-24 12:13:12
771,23,38,12,,,126.82167386765383,37.19116820884314,126.8240829402921,37.2011055054211,2024-10-24 12:13:22
772,22,4,12,,,126.81560311538264,37.194266533650264,126.82275543424323,37.208952373432886,2024-10-24 12:15:08
773,21,58,12,,,126.81824062645136,37.197031507722244,126.83533298177237,37.208993487401855,2024-10-24 12:15:13
774,38,64,12,,,126.8242913893811,37.20180453791301,126.8430851710791,37.20272866930319,2024-10-24 12:15:18
775,72,33,12,,,126.81090629354662,37.2069324247783,126.82935969606345,37.19969890811891,2024-10-24 12:15:41
776,69,30,12,,,126.83725470407202,37.20655294265064,126.83212550368204,37.19815760616368,2024-10-24 12:15:43
777,58,33,12,,,126.83487194984014,37.207584376924956,126.82872782152685,37.19975139974604,2024-10-24 12:15:49
778,10,17,12,,,126.81735344337775,37.20834373833785,126.8270760837768,37.19758340033014,2024-10-24 12:16:00
779,33,56,12,,,126.83024146045278,37.20021297462427,126.83481442112029,37.206583902592776,2024-10-24 12:16:56
780,50,26,12,,,126.82254734628766,37.21076064673541,126.8180142698073,37.193037722874166,2024-10-24 12:18:02
781,58,19,12,,,126.834401691134,37.209138874719685,126.82962196077762,37.19550077434865,2024-10-24 12:18:53
782,10,17,12,,,126.81611033750444,37.20886651238528,126.8271539003446,37.197395997069435,2024-10-24 12:20:12
783,56,41,12,,,126.83456542186455,37.2056146417535,126.83462271658561,37.197514799780535,2024-10-24 12:21:41
784,69,30,12,,,126.83755847472096,37.2066974384058,126.83177871879835,37.199139350729126,2024-10-24 12:23:33
785,50,38,12,,,126.82327999072503,37.21108766238952,126.824118562653,37.201556273643234,2024-10-24 12:24:37
786,69,30,12,,,126.83704005305061,37.20766906349715,126.83240951835987,37.19874261317366,2024-10-24 12:25:41
787,60,26,12,,,126.83320282235614,37.212739805235074,126.81838647002492,37.19419862871325,2024-10-24 12:25:50
788,51,26,12,,,126.82014261596443,37.20993257024352,126.81838687987496,37.19257710203734,2024-10-24 12:26:20
789,11,33,12,,,126.81386957743358,37.20918175317696,126.83001561653349,37.200437213843884,2024-10-24 12:27:19
790,50,38,12,,,126.82182177033451,37.21068440478305,126.82383261530532,37.20074642006164,2024-10-24 12:27:32
791,19,42,12,,,126.8289804511414,37.194859505852506,126.83073267495084,37.195115732586416,2024-10-24 12:27:32
792,71,1,12,,,126.84018262303722,37.20518737157712,126.8165553601568,37.19711452369032,2024-10-24 12:27:40
793,39,38,12,,,126.82243607775828,37.20115230900783,126.82427309747058,37.200945020403054,2024-10-24 12:28:26
794,2,52,12,,,126.82114169185768,37.206530934202,126.82989447437598,37.2179971451775,2024-10-24 12:28:35
795,54,33,12,,,126.83245089215904,37.20982628298568,126.82832607123234,37.199902394387614,2024-10-24 12:29:33
796,42,70,12,,,126.83237385661117,37.19677536011937,126.83811399797024,37.209948787436524,2024-10-24 12:30:14
797,50,50,12,,,126.82266390288395,37.21098120942804,126.82186702850004,37.21233772827355,2024-10-24 12:30:25
798,19,40,12,,,126.82982753059649,37.194666951811996,126.83036228110753,37.193790375824705,2024-10-24 12:30:31
799,58,19,12,,,126.8356826133923,37.20834937054926,126.8280838543912,37.195008771522026,2024-10-24 12:31:35
800,71,42,12,,,126.83939654720054,37.20572326132951,126.83175256128584,37.19677612030487,2024-10-24 12:32:10
801,70,10,12,,,126.83714122571887,37.20896093720084,126.81605506918913,37.21000499233253,2024-10-24 12:32:42
802,36,27,12,,,126.8248303811436,37.19866994488825,126.82697802971111,37.20000530599775,2024-10-24 12:32:47
803,33,56,12,,,126.82915160286909,37.201428563998384,126.83529376077887,37.205860906680066,2024-10-24 12:34:24
804,72,70,12,,,126.81229489552088,37.207544737736455,126.83717357756778,37.20975055133446,2024-10-24 12:34:25
805,33,56,12,,,126.8301346363503,37.20122794585853,126.83425603024848,37.2060265547182,2024-10-24 12:34:42
806,56,31,12,,,126.83427671515369,37.20492782952718,126.82859570482587,37.1980840554851,2024-10-24 12:34:59
807,58,33,12,,,126.83560016870334,37.207851518460814,126.82976912411182,37.20091902063451,2024-10-24 12:36:46
808,58,33,12,,,126.83568347394692,37.20840286250369,126.82876088667267,37.20039742012457,2024-10-24 12:36:50
809,36,25,12,,,126.82358979663665,37.19889295629352,126.82074155654674,37.19383915320285,2024-10-24 12:37:02
810,23,32,12,,,126.82121762724204,37.19183709221528,126.83132753650509,37.200838060941486,2024-10-24 12:37:23
811,56,32,12,,,126.83500805892747,37.20556544970033,126.83113395128449,37.20132781005682,2024-10-24 12:37:28
812,50,50,12,,,126.82334164056753,37.21214789047703,126.82271725110829,37.210518121067764,2024-10-24 12:38:19
813,70,33,12,,,126.83715141593176,37.20883325949891,126.82934755476269,37.20151067660567,2024-10-24 12:39:04
814,50,37,12,,,126.82152513576325,37.21160083403461,126.8213115368015,37.19783896683395,2024-10-24 12:39:05
815,11,70,12,,,126.81446379811422,37.20822248301774,126.83804137951573,37.20941585490874,2024-10-24 12:40:19
816,1,59,12,,,126.81644020538947,37.19906664408636,126.83148713109763,37.20768491283409,2024-10-24 12:40:32
817,56,17,12,,,126.8350037806085,37.20543108269469,126.82582572522766,37.1959398939551,2024-10-24 12:40:43
818,20,29,12,,,126.8159445054353,37.19337337873888,126.82697815112411,37.20318073936115,2024-10-24 12:41:14
819,54,33,12,,,126.8332024369066,37.209366484936716,126.82910449989387,37.2005411351633,2024-10-24 12:41:24
820,33,58,12,,,126.82873369876994,37.2001004679784,126.83550630206388,37.20888742367339,2024-10-24 12:43:11
821,23,50,12,,,126.82099105735132,37.19246805451704,126.82228038336622,37.21204480402245,2024-10-24 12:43:13
822,18,52,12,,,126.8237323744858,37.19655773543137,126.83065067510061,37.21749819060175,2024-10-24 12:43:55
823,58,33,12,,,126.83581666545992,37.20867190993427,126.82859427671485,37.2013832101751,2024-10-24 12:44:04
824,11,17,12,,,126.81404096606056,37.20759815786938,126.82664923351294,37.196645069275164,2024-10-24 12:44:10
825,59,15,12,,,126.8328551200703,37.20702591981742,126.8174459636762,37.20656570300405,2024-10-24 12:44:16
826,51,34,12,,,126.81972245414794,37.20980441390608,126.82104292750395,37.2039506703947,2024-10-24 12:44:28
827,21,33,12,,,126.81947739146023,37.196685821584595,126.82842282380403,37.200392467819505,2024-10-24 12:44:41
828,31,27,12,,,126.82909861642247,37.19802891797184,126.82563821799538,37.200512768247165,2024-10-24 12:44:57
829,55,14,12,,,126.82929919640814,37.20817415478136,126.8199645360265,37.20704373670503,2024-10-24 12:45:06
830,18,19,12,,,126.82368509869667,37.19614229652738,126.82914899802421,37.195362250044994,2024-10-24 12:45:10
831,2,41,12,,,126.82197248185226,37.20507158845542,126.83463725301932,37.19744155083238,2024-10-24 12:45:10
832,71,4,12,,,126.8409499213698,37.20563126315177,126.82236866060781,37.208118237907726,2024-10-24 12:45:10
833,10,17,12,,,126.81790906914428,37.20932647039745,126.82555571587353,37.19732869268677,2024-10-24 12:45:40
834,56,41,12,,,126.83410881982267,37.205953865254344,126.83503603750862,37.19743498683309,2024-10-24 12:45:49
835,33,58,12,,,126.82973506626477,37.199931126321545,126.83448870486777,37.209409013588356,2024-10-24 12:45:54
836,55,43,12,,,126.8309172802467,37.20988647271659,126.82356959135089,37.19079271209454,2024-10-24 12:46:14
837,2,35,12,,,126.82182049196177,37.20510120841374,126.81852929145833,37.201220548530166,2024-10-24 12:47:05
838,2,36,12,,,126.82232224744233,37.205175882957306,126.82354726675133,37.198764955026384,2024-10-24 12:47:54
839,50,37,12,,,126.82145925535094,37.212375502576116,126.82145450733117,37.19828086018808,2024-10-24 12:48:26
840,21,66,12,,,126.81900850820081,37.196657207255896,126.83788843578371,37.20313598828506,2024-10-24 12:48:55
841,54,33,12,,,126.83318380961795,37.21043017321166,126.82971603744019,37.20083699889099,2024-10-24 12:49:10
842,10,17,12,,,126.81652196131832,37.20854084329692,126.8273829513078,37.19623196081458,2024-10-24 12:49:23
843,11,58,12,,,126.81521084522808,37.207374426108,126.8349651349025,37.20777744539709,2024-10-24 12:49:35
844,58,33,12,,,126.83601142998579,37.208922663551576,126.8298372181331,37.199746622516464,2024-10-24 12:50:14
845,31,59,12,,,126.82996083783183,37.19694742884988,126.83241351149168,37.20805540981865,2024-10-24 12:50:15
846,56,19,12,,,126.83459643300782,37.2064500120449,126.82915805212572,37.1948601377492,2024-10-24 12:50:36
847,37,72,12,,,126.82222781145438,37.19799466809635,126.81093472392999,37.20754278273139,2024-10-24 12:51:12
848,42,70,12,,,126.83202778392202,37.19629216383581,126.83826856224057,37.20893246746226,2024-10-24 12:51:32
849,14,29,12,,,126.81991857528985,37.20809125287876,126.8277650088403,37.20184848740215,2024-10-24 12:52:23
850,58,33,12,,,126.83594568662404,37.208638727225804,126.82940121202526,37.20076897086142,2024-10-24 12:52:30
851,51,26,12,,,126.8203002982227,37.210169305214535,126.81744084755164,37.193418804373046,2024-10-24 12:52:35
852,58,33,12,,,126.8358474077775,37.20863785611168,126.82931651972018,37.19993354538325,2024-10-24 12:52:42
853,52,62,12,,,126.82967366641154,37.21763556239039,126.83838390210943,37.21148632725453,2024-10-24 12:52:47
854,50,37,12,,,126.8226105915245,37.21236527740632,126.82124184854945,37.19774738413309,2024-10-24 12:52:48
855,53,46,12,,,126.83013324783568,37.205723248560965,126.82962184055238,37.21259950510839,2024-10-24 12:52:48
856,12,17,12,,,126.81830504403818,37.20450585950413,126.82708269239937,37.197138568508365,2024-10-24 12:53:11
857,23,38,12,,,126.82048930223272,37.191174279570184,126.82326184899934,37.20183401112489,2024-10-24 12:53:20
858,58,33,12,,,126.83507242792726,37.208181157331246,126.82840714829243,37.20057506976395,2024-10-24 12:54:01
859,72,9,12,,,126.812176847375,37.20734129434931,126.81412414209795,37.2056883303878,2024-10-24 12:54:14
860,55,38,12,,,126.83007799839713,37.209707485704314,126.82345699935044,37.20223998097143,2024-10-24 12:54:23
861,39,24,12,,,126.8218703044646,37.200631162062166,126.81789279242244,37.18980650843609,2024-10-24 12:54:31
862,11,58,12,,,126.81509815902545,37.20810061295966,126.83439810262172,37.20779221206054,2024-10-24 12:54:36
863,58,33,12,,,126.83550140278292,37.20942236100034,126.82859501476274,37.20118019500691,2024-10-24 12:55:03
864,38,28,12,,,126.82440106594304,37.20122490145032,126.82966211540977,37.20383237244855,2024-10-24 12:55:34
865,33,56,12,,,126.82908908453587,37.19992254642847,126.83567412143523,37.20584401133656,2024-10-24 12:55:39
866,54,25,12,,,126.83218918434254,37.209648765763724,126.82129751547106,37.19438440790558,2024-10-24 12:56:05
867,53,50,12,,,126.83071488531232,37.20670238402977,126.82267249649094,37.2120509271561,2024-10-24 12:56:34
868,3,46,12,,,126.82424375758656,37.20981238685154,126.82980138381842,37.2123350484534,2024-10-24 12:56:45
869,59,33,12,,,126.83260491043444,37.207861597011416,126.82906759251651,37.200806103168006,2024-10-24 12:56:59
870,36,70,12,,,126.82469998831174,37.19857213795347,126.83684427422935,37.20938430203708,2024-10-24 12:57:26
871,33,58,12,,,126.83003568846968,37.201068771485176,126.83600410362416,37.20888240331492,2024-10-24 12:57:33
872,10,17,12,,,126.8176133693182,37.20891939669421,126.82688269983787,37.19639505445552,2024-10-24 12:58:10
873,14,38,12,,,126.81951723455374,37.20728060653765,126.82335933255243,37.201720872809865,2024-10-24 12:59:36
874,11,17,12,,,126.81407115555864,37.20872326920734,126.82563328344608,37.19645508568712,2024-10-24 12:59:58
875,19,10,13,,,126.82803987474375,37.19598612055904,126.81680904449274,37.20889013607999,2024-10-24 13:00:01
876,10,17,13,,,126.81758902207743,37.20975656001415,126.82564127665424,37.1969256145332,2024-10-24 13:00:22
877,10,17,13,,,126.81642101450515,37.20908832210314,126.82622330960062,37.19737821454731,2024-10-24 13:00:29
878,54,33,13,,,126.83265575173279,37.21056901442135,126.8289134944134,37.201176728266105,2024-10-24 13:00:34
879,56,33,13,,,126.83584816214338,37.20494721790318,126.8302589385874,37.199710044635594,2024-10-24 13:01:19
880,51,71,13,,,126.81974263033037,37.2109612565413,126.8392632704406,37.2059806839943,2024-10-24 13:01:47
881,37,51,13,,,126.8210031397379,37.19811962490267,126.82049090714847,37.21005022294215,2024-10-24 13:02:53
882,58,17,13,,,126.83456865596736,37.20918596993363,126.82667143737808,37.19599549716023,2024-10-24 13:03:33
883,70,10,13,,,126.83712657007001,37.209250564649366,126.81622496042559,37.20941096899129,2024-10-24 13:04:04
884,20,13,13,,,126.81576861449756,37.19328539108454,126.81668140925873,37.20415996977186,2024-10-24 13:04:41
885,17,54,13,,,126.82685460887313,37.19698769796401,126.83247317814113,37.211054844475974,2024-10-24 13:05:27
886,2,8,13,,,126.82119252106544,37.20583411063128,126.82527158051252,37.207157542900916,2024-10-24 13:06:21
887,56,41,13,,,126.83587296141093,37.205685197533064,126.83459868496703,37.19714160636876,2024-10-24 13:06:24
888,39,17,13,,,126.82209260747618,37.200680535986635,126.82711823692377,37.19688032033644,2024-10-24 13:06:49
889,10,38,13,,,126.81731332898238,37.20864781950086,126.82487880212805,37.20082697789373,2024-10-24 13:07:16
890,51,71,13,,,126.8200899105015,37.21135847365932,126.84025058203022,37.204342729811486,2024-10-24 13:09:13
891,56,33,13,,,126.83434310587849,37.204672368986714,126.82988572405493,37.20050626891866,2024-10-24 13:10:17
892,17,54,13,,,126.82667737268301,37.196547847602766,126.83331839935559,37.210802213215615,2024-10-24 13:10:58
893,51,71,13,,,126.82002176301829,37.20947653171625,126.83970581626586,37.205709394166355,2024-10-24 13:11:38
894,41,70,13,,,126.83350474369624,37.1970389966168,126.83808003716813,37.21032607011769,2024-10-24 13:12:03
895,70,21,13,,,126.83805820241228,37.2103053940438,126.81881707582589,37.19607102323724,2024-10-24 13:12:39
896,71,3,13,,,126.84019743799526,37.204186163704826,126.82515625372316,37.21043869368956,2024-10-24 13:13:04
897,31,59,13,,,126.82889813420958,37.197759803655934,126.83179771713823,37.20638708050042,2024-10-24 13:13:16
898,41,56,13,,,126.83515409616841,37.19648764274945,126.83552006643123,37.20494201540748,2024-10-24 13:13:23
899,11,33,13,,,126.81489348808601,37.208083589633254,126.82905469931518,37.20063071837838,2024-10-24 13:13:54
900,37,72,13,,,126.8217651381939,37.19726178959821,126.81144305234454,37.206906158046515,2024-10-24 13:14:22
901,33,56,13,,,126.8287741336546,37.201019608816495,126.83581962108236,37.205274380681004,2024-10-24 13:15:02
902,58,19,13,,,126.83421706620729,37.2074765143139,126.82881673047612,37.195601779237656,2024-10-24 13:16:35
903,51,71,13,,,126.81958098560132,37.210894575586714,126.84010889830842,37.2042414799459,2024-10-24 13:16:53
904,32,58,13,,,126.83293133668094,37.20213488844472,126.83567301385472,37.20858499180974,2024-10-24 13:17:04
905,42,70,13,,,126.83181060828174,37.196068472004164,126.83748804627618,37.209439238936866,2024-10-24 13:17:21
906,37,51,13,,,126.82148691475341,37.197366294440634,126.8196922047809,37.210151237432456,2024-10-24 13:18:23
907,37,51,13,,,126.82176108543872,37.1972193627069,126.81974613563534,37.209675881030506,2024-10-24 13:19:07
908,56,33,13,,,126.83533912159254,37.205181309558725,126.82877989437333,37.20111999700526,2024-10-24 13:19:15
909,70,21,13,,,126.83779891719078,37.20962499745235,126.8186639222888,37.19647627631097,2024-10-24 13:20:07
910,56,41,13,,,126.83422595258092,37.20651534978623,126.83472524948431,37.1976524294346,2024-10-24 13:21:18
911,37,51,13,,,126.82028438662435,37.19780202480928,126.81985668118564,37.209840893901614,2024-10-24 13:21:32
912,70,21,13,,,126.8381353120339,37.2099815364241,126.8183516628806,37.19642078588622,2024-10-24 13:21:53
913,70,21,13,,,126.83736938212486,37.210004334118985,126.8194056292042,37.197005572029816,2024-10-24 13:22:05
914,58,19,13,,,126.83572186026393,37.20748879001266,126.82865780571919,37.19520422247718,2024-10-24 13:22:09
915,50,37,13,,,126.82235436166091,37.21184689935547,126.8220400115654,37.19789665604068,2024-10-24 13:22:11
916,37,51,13,,,126.8219844307137,37.197146808362824,126.81922036281698,37.20979369401412,2024-10-24 13:22:12
917,42,70,13,,,126.83166586683352,37.195836006315595,126.83750701375206,37.21015956106172,2024-10-24 13:24:38
918,56,17,13,,,126.8356730538451,37.205020061251595,126.82590541168182,37.19664385297443,2024-10-24 13:25:30
919,50,37,13,,,126.82230687833378,37.21172784121996,126.82199726196812,37.19833679257314,2024-10-24 13:26:00
920,10,17,13,,,126.8176194191906,37.209039297967294,126.82708000047434,37.19758535799479,2024-10-24 13:26:01
921,51,71,13,,,126.81882224954687,37.209625407758324,126.8401522811202,37.20574603848443,2024-10-24 13:27:06
922,17,54,13,,,126.82711561729192,37.197241205102806,126.83316751681471,37.21051204019209,2024-10-24 13:27:10
923,33,56,13,,,126.82995642275641,37.20101317869793,126.83577152218778,37.20479497693402,2024-10-24 13:27:14
924,70,33,13,,,126.83703966146722,37.20982133715831,126.82844763306362,37.20071218394275,2024-10-24 13:27:58
925,42,70,13,,,126.83228562102497,37.19535786813389,126.83721664942041,37.210465762420576,2024-10-24 13:28:06
926,56,33,13,,,126.83404565761353,37.20501892054449,126.82853498607845,37.19993903093022,2024-10-24 13:28:11
927,72,67,13,,,126.81223036630398,37.20782005510659,126.83491826658333,37.201943824343,2024-10-24 13:28:23
928,56,21,13,,,126.83494194983183,37.20589356532146,126.81880311364004,37.196942790983655,2024-10-24 13:28:49
929,37,51,13,,,126.82134228255832,37.19738024386438,126.8194820985934,37.21042433955445,2024-10-24 13:28:53
930,10,40,13,,,126.81723393846684,37.20946760281502,126.83112165114622,37.19428349524374,2024-10-24 13:28:54
931,54,33,13,,,126.83249629603574,37.20980921086461,126.82833538501478,37.199977217942504,2024-10-24 13:30:09
932,56,41,13,,,126.83589780052644,37.20513724367516,126.83470644588533,37.19659431503139,2024-10-24 13:30:14
933,50,37,13,,,126.82325691384221,37.21206246174902,126.82130261805041,37.19791939470811,2024-10-24 13:30:22
934,17,54,13,,,126.82730410980311,37.19733585876229,126.83268857551079,37.20939403172894,2024-10-24 13:30:29
935,50,37,13,,,126.8217471465705,37.21132849179693,126.8217162915,37.19646980589579,2024-10-24 13:30:44
936,38,35,13,,,126.82343112660851,37.20067949089872,126.81848094837119,37.20212514386259,2024-10-24 13:30:46
937,56,33,13,,,126.83445299796902,37.20587837812075,126.82868985226251,37.20091129042491,2024-10-24 13:31:05
938,17,54,13,,,126.82627637431538,37.19762136381719,126.8321154289138,37.20932163540658,2024-10-24 13:32:11
939,51,71,13,,,126.82043646129398,37.21035377608355,126.8401525041815,37.20585837167486,2024-10-24 13:32:30
940,33,56,13,,,126.828751405645,37.20029352842348,126.8342742986134,37.20579034453127,2024-10-24 13:32:31
941,70,17,13,,,126.83878208462107,37.20900487856045,126.82691901449267,37.19734676389317,2024-10-24 13:33:18
942,56,33,13,,,126.83483609864253,37.20663884618528,126.8289747706715,37.201248632292895,2024-10-24 13:34:01
943,32,54,13,,,126.83114399771073,37.20095943463456,126.83356591935491,37.20978197814278,2024-10-24 13:34:33
944,33,56,13,,,126.82971591048205,37.200737086679155,126.83448330887389,37.20516961867573,2024-10-24 13:35:15
945,54,33,13,,,126.83336778140132,37.21082423407216,126.82925266928791,37.200353552698864,2024-10-24 13:35:43
946,70,21,13,,,126.83835020139016,37.20990597766385,126.8181429393673,37.1956511358709,2024-10-24 13:35:46
947,71,26,13,,,126.84023601545672,37.20523659749952,126.81779458979811,37.19262586183239,2024-10-24 13:35:53
948,72,70,13,,,126.81078264340893,37.2062573083786,126.83870794016316,37.20914733839648,2024-10-24 13:36:06
949,54,33,13,,,126.83236622502488,37.20981279715007,126.82992368890991,37.20074511910863,2024-10-24 13:36:26
950,42,70,13,,,126.8321215497304,37.19655651381451,126.83794301010329,37.20913959766305,2024-10-24 13:36:27
951,70,21,13,,,126.83682017285659,37.20927375471275,126.81833476833957,37.19661892496792,2024-10-24 13:36:58
952,56,41,13,,,126.83429311429397,37.20558321284614,126.83487030177493,37.19787903385466,2024-10-24 13:37:04
953,56,41,13,,,126.8344153551888,37.205684771798786,126.83363324759053,37.19747299530286,2024-10-24 13:37:31
954,70,21,13,,,126.83788100805981,37.20886021611693,126.81921551830324,37.19624164124262,2024-10-24 13:37:51
955,11,70,13,,,126.81530292778014,37.20822465363192,126.83836712216764,37.20969483160492,2024-10-24 13:37:52
956,42,70,13,,,126.8307488334556,37.19521081176362,126.83724966784905,37.20886621305932,2024-10-24 13:38:45
957,37,51,13,,,126.82124235737035,37.19816114138241,126.82052667840703,37.21138817849556,2024-10-24 13:39:13
958,50,37,13,,,126.82245625068111,37.2118002446414,126.8208299641308,37.19838234997723,2024-10-24 13:39:18
959,10,17,13,,,126.81627794332407,37.20853369615643,126.82587064522752,37.196723922715606,2024-10-24 13:39:19
960,26,37,13,,,126.81927971955994,37.193223881074395,126.82147347348312,37.19697661940855,2024-10-24 13:39:47
961,58,32,13,,,126.83567467346924,37.20776863848699,126.83199906418285,37.20124394923459,2024-10-24 13:40:42
962,1,40,13,,,126.81687177083329,37.19827691121279,126.8318315091519,37.19336275779574,2024-10-24 13:41:58
963,51,71,13,,,126.82000433009877,37.209729937854206,126.83967415493966,37.20575959916572,2024-10-24 13:42:11
964,54,4,13,,,126.83342647584485,37.21069129769699,126.8224351818299,37.20855500581479,2024-10-24 13:43:04
965,50,37,13,,,126.8220541507923,37.21211594796309,126.82140402181489,37.19768615052781,2024-10-24 13:43:43
966,50,37,13,,,126.82191431895404,37.211083226380765,126.82080324286984,37.19771289229747,2024-10-24 13:44:34
967,17,56,13,,,126.8268288311097,37.19681165132804,126.8358001614238,37.20583786442058,2024-10-24 13:44:47
968,51,34,13,,,126.82018241543739,37.20992268315021,126.82112928086846,37.20355372622923,2024-10-24 13:45:11
969,19,23,13,,,126.82903834944902,37.194825114991254,126.8212872862158,37.19182860744405,2024-10-24 13:45:42
970,37,25,13,,,126.82124607639368,37.198335163079285,126.82175125961635,37.1936215900506,2024-10-24 13:46:08
971,58,33,13,,,126.83599477703828,37.208695944319004,126.82956453803784,37.20165972907033,2024-10-24 13:46:49
972,37,51,13,,,126.82117513873577,37.197975411638865,126.81973107502667,37.209660125491034,2024-10-24 13:46:51
973,56,31,13,,,126.83447808341747,37.206012199873705,126.82970783856837,37.19833613942288,2024-10-24 13:47:22
974,2,50,13,,,126.82139083589664,37.205929261798936,126.8229584853426,37.21210511406719,2024-10-24 13:47:37
975,18,63,13,,,126.82306020512566,37.19515233453616,126.83483596246899,37.21034655247503,2024-10-24 13:47:40
976,56,19,13,,,126.83468817624782,37.20611715500115,126.8283921496695,37.1947915448777,2024-10-24 13:48:48
977,71,59,13,,,126.84091583570617,37.20413040445342,126.83243045856746,37.20679525378427,2024-10-24 13:49:00
978,70,21,13,,,126.83861605928769,37.20880899364626,126.81845168120857,37.196313477109356,2024-10-24 13:49:27
979,36,63,13,,,126.82347584458847,37.19798844538175,126.83602733017854,37.21073284527299,2024-10-24 13:50:12
980,35,53,13,,,126.81984366979017,37.20233957302122,126.82916177054783,37.20629489697796,2024-10-24 13:50:56
981,33,56,13,,,126.8298654709876,37.20034510439127,126.8357017773536,37.20600610863945,2024-10-24 13:51:42
982,56,1,13,,,126.83449457493413,37.20550378991949,126.8151307015278,37.19753971440608,2024-10-24 13:52:17
983,2,29,13,,,126.82179485703435,37.20622674748161,126.8276031345814,37.202241885603506,2024-10-24 13:52:53
984,17,54,13,,,126.82650677187547,37.19644651593422,126.83308546829163,37.21058758931129,2024-10-24 13:53:39
985,32,56,13,,,126.83151461254297,37.201773078096,126.83549550822332,37.205718726071815,2024-10-24 13:54:48
986,18,57,13,,,126.82311073233112,37.19572529915483,126.83224452238132,37.20513003989304,2024-10-24 13:54:52
987,70,18,13,,,126.83828511086266,37.21032312120157,126.82347677721492,37.19473169825589,2024-10-24 13:54:59
988,17,70,13,,,126.82639435620152,37.19612018249843,126.83851986847178,37.208560950093485,2024-10-24 13:55:59
989,56,41,13,,,126.83585792671387,37.20466815026872,126.83400539612535,37.197625320321364,2024-10-24 13:56:32
990,72,56,13,,,126.81224390704773,37.206335915680526,126.83502476948706,37.20476431966952,2024-10-24 13:56:48
991,70,33,13,,,126.83717601079921,37.210415128372055,126.8285283837144,37.199728330372274,2024-10-24 13:57:00
992,37,11,13,,,126.82057273780408,37.19766079750952,126.81516628751115,37.20747051189687,2024-10-24 13:57:05
993,56,33,13,,,126.83420090535955,37.206144058456196,126.82909911692762,37.20019879002085,2024-10-24 13:57:35
994,50,37,13,,,126.82153759802723,37.21231465977771,126.82088771079391,37.19711085468635,2024-10-24 13:57:57
995,10,17,13,,,126.81720676181253,37.20850589750166,126.82592122939892,37.19685710228549,2024-10-24 13:58:38
996,33,56,13,,,126.8285468099803,37.19972048425943,126.83517605330323,37.20477802781427,2024-10-24 13:58:50
997,55,54,14,,,126.8299163207286,37.20834893074762,126.8331468251758,37.2107869396003,2024-10-24 14:00:06
998,51,37,14,,,126.81920088669793,37.210664509786184,126.82197156877997,37.19734088902681,2024-10-24 14:00:14
999,56,17,14,,,126.83457529548907,37.20487059281884,126.82654346252787,37.19656173889379,2024-10-24 14:00:25
1000,32,54,14,,,126.83226361301043,37.20201427892784,126.83272065512759,37.209301730391374,2024-10-24 14:00:46
1001,36,20,14,,,126.82328354436984,37.19904369493019,126.816312597297,37.19214646904178,2024-10-24 14:01:39
1002,56,17,14,,,126.83429676086791,37.20630700483276,126.82725017897678,37.19743729084194,2024-10-24 14:01:59
1003,21,13,14,,,126.81872924859256,37.19680445156695,126.81567502694249,37.20286464714429,2024-10-24 14:02:33
1004,50,38,14,,,126.82228259335743,37.21154181185762,126.82325368010754,37.20197373264459,2024-10-24 14:02:37
1005,42,70,14,,,126.83160971458473,37.19561017743496,126.8376055328348,37.209206668568,2024-10-24 14:02:42
1006,39,17,14,,,126.82060465241332,37.19974981775693,126.82679867282322,37.1961710323556,2024-10-24 14:02:58
1007,33,54,14,,,126.83030900798346,37.2010130533491,126.83317756883058,37.21113555498332,2024-10-24 14:03:26
1008,50,38,14,,,126.8231867254656,37.21188041959218,126.82446105129138,37.20124687034741,2024-10-24 14:03:43
1009,20,25,14,,,126.8162552375791,37.19289419729581,126.82168849143058,37.19395414768,2024-10-24 14:05:16
1010,56,33,14,,,126.83438401420067,37.20563702816174,126.83021572687696,37.20056959552359,2024-10-24 14:05:55
1011,53,33,14,,,126.82959635131735,37.205394961022726,126.82965845436794,37.200022279647875,2024-10-24 14:05:59
1012,50,38,14,,,126.82160571734478,37.21194580725816,126.82504453319092,37.20187717472502,2024-10-24 14:06:10
1013,54,17,14,,,126.83363058831596,37.210336208644875,126.82558095892875,37.19682753348782,2024-10-24 14:07:27
1014,72,56,14,,,126.81156435051712,37.206878883715426,126.83544461273765,37.20498452238255,2024-10-24 14:07:42
1015,58,19,14,,,126.8353789693946,37.20748916803711,126.82827934387775,37.19506295008107,2024-10-24 14:07:48
1016,31,54,14,,,126.8285436566129,37.19858985866686,126.83287649169318,37.21049903286016,2024-10-24 14:08:13
1017,54,65,14,,,126.83266468227545,37.21042205445554,126.83445557236824,37.20046993910642,2024-10-24 14:08:51
1018,50,37,14,,,126.8216565272259,37.2109140282245,126.82186095678546,37.19750631136486,2024-10-24 14:08:59
1019,33,56,14,,,126.82926598268621,37.20033811922045,126.83500503451815,37.20613354936902,2024-10-24 14:09:01
1020,33,56,14,,,126.82871049043285,37.200627627868315,126.83505139107393,37.20543355690011,2024-10-24 14:09:12
1021,50,37,14,,,126.82200413970118,37.2113534436692,126.82115908503779,37.1976343414809,2024-10-24 14:10:25
1022,20,2,14,,,126.81540359497652,37.19172385262927,126.82139785168098,37.206033940173775,2024-10-24 14:10:39
1023,42,70,14,,,126.8319195065676,37.195152137606186,126.83742338562234,37.20925028556523,2024-10-24 14:10:43
1024,50,37,14,,,126.82249405476848,37.21113550609686,126.82049752124857,37.19832080683949,2024-10-24 14:10:47
1025,51,37,14,,,126.8194558787662,37.21017674639303,126.82208525222478,37.19796012435873,2024-10-24 14:10:54
1026,56,32,14,,,126.8346878622559,37.20578488257526,126.83272841315068,37.20193688845583,2024-10-24 14:11:19
1027,50,37,14,,,126.82335062945147,37.21235472008753,126.82124063246415,37.19815786171644,2024-10-24 14:12:05
1028,50,37,14,,,126.82335128535846,37.2105529101181,126.82147195568965,37.19765749672217,2024-10-24 14:12:36
1029,42,70,14,,,126.83248446660188,37.19551314355547,126.83824367158019,37.209660904381565,2024-10-24 14:12:43
1030,50,37,14,,,126.82219655249266,37.210953059795344,126.82211161683341,37.19836123387302,2024-10-24 14:13:11
1031,37,72,14,,,126.8205727291015,37.19779432216608,126.8108134960289,37.20763297557986,2024-10-24 14:13:37
1032,56,33,14,,,126.8347962778941,37.20646962698528,126.82927959975972,37.19971565241362,2024-10-24 14:13:47
1033,55,58,14,,,126.83098452347434,37.20971164518116,126.83480066398312,37.20828673688118,2024-10-24 14:14:09
1034,52,57,14,,,126.82995551757546,37.21665745032835,126.83129686878416,37.204868674758764,2024-10-24 14:14:10
1035,56,33,14,,,126.83425875519971,37.205693120132324,126.82838906344954,37.20041421424572,2024-10-24 14:14:45
1036,51,37,14,,,126.819250890623,37.2111837248601,126.82190098944974,37.19768087456226,2024-10-24 14:16:42
1037,50,38,14,,,126.82217059656557,37.21153791898035,126.82428425017514,37.201790052604366,2024-10-24 14:16:46
1038,51,34,14,,,126.81999181760825,37.210067538690474,126.82103612593966,37.20347718624662,2024-10-24 14:17:04
1039,56,7,14,,,126.83452427480661,37.20622331029864,126.82694927998742,37.20804493543033,2024-10-24 14:17:22
1040,71,44,14,,,126.83983956746927,37.20581437975288,126.8209201704827,37.18937717099751,2024-10-24 14:17:36
1041,33,56,14,,,126.82931791960863,37.1998359408393,126.83416948005791,37.20619056956606,2024-10-24 14:17:55
1042,40,72,14,,,126.83215248041051,37.193625861166836,126.81085765001588,37.2068964403587,2024-10-24 14:18:31
1043,39,29,14,,,126.8217939480578,37.19934507556512,126.8266307762744,37.201417185914,2024-10-24 14:18:31
1044,56,31,14,,,126.83458703454403,37.20632439760006,126.82915876762259,37.197600767193876,2024-10-24 14:19:08
1045,42,70,14,,,126.83184970614653,37.19685021404117,126.83758013560507,37.20900186653901,2024-10-24 14:19:58
1046,17,54,14,,,126.8273744082969,37.195782777899545,126.83230169777465,37.20962312011943,2024-10-24 14:20:36
1047,50,38,14,,,126.82195120334916,37.212047867700235,126.8237576877262,37.20065268564466,2024-10-24 14:20:47
1048,56,41,14,,,126.83419531980402,37.20619398571135,126.83488007736285,37.197939553249654,2024-10-24 14:21:11
1049,50,37,14,,,126.82167041983398,37.21217955869491,126.82089812155819,37.19648257040392,2024-10-24 14:21:40
1050,32,58,14,,,126.83129838580801,37.201826364180654,126.83457467381888,37.20846345782302,2024-10-24 14:21:47
1051,58,19,14,,,126.83547532755316,37.20900422879693,126.82818118114817,37.1945801371705,2024-10-24 14:21:47
1052,53,57,14,,,126.82952031617282,37.206034037148186,126.8320780743593,37.20369745435797,2024-10-24 14:22:02
1053,50,38,14,,,126.82315454800398,37.21223406348549,126.82472127771378,37.201174823807854,2024-10-24 14:22:10
1054,54,8,14,,,126.83272118084307,37.21024757996065,126.82484064444508,37.20734225259395,2024-10-24 14:22:28
1055,56,28,14,,,126.83568478864716,37.20624198995992,126.83047757202792,37.203188511502354,2024-10-24 14:22:38
1056,70,17,14,,,126.8382445305686,37.21017441325681,126.82647258930406,37.19711138077247,2024-10-24 14:22:41
1057,50,37,14,,,126.8226932376902,37.212294864305115,126.82102516091085,37.196599193745435,2024-10-24 14:23:19
1058,58,42,14,,,126.83467518367088,37.208557385916045,126.83215888953393,37.197001948792945,2024-10-24 14:23:54
1059,70,17,14,,,126.83767166468957,37.208647129050185,126.82659786217134,37.196127606228096,2024-10-24 14:26:11
1060,50,37,14,,,126.8227220523465,37.210945622099935,126.8206698708786,37.19682927086353,2024-10-24 14:28:11
1061,35,51,14,,,126.81872043058588,37.20182043960891,126.81988241904577,37.210060865855915,2024-10-24 14:28:14
1062,50,37,14,,,126.82198607038225,37.21242290604962,126.82190414369877,37.19791482317113,2024-10-24 14:28:15
1063,50,37,14,,,126.82333092799044,37.21249188527564,126.82212680655998,37.196713908500946,2024-10-24 14:29:21
1064,10,38,14,,,126.81781514705412,37.21020530227879,126.82516254890388,37.20141987512606,2024-10-24 14:30:14
1065,70,11,14,,,126.83687671857155,37.20864098166619,126.81342682327328,37.20906371813198,2024-10-24 14:30:17
1066,51,37,14,,,126.81905605680042,37.209996950205095,126.82218161442617,37.19822068753799,2024-10-24 14:30:27
1067,50,38,14,,,126.8228046429549,37.21168114462576,126.82407821469081,37.200723576450685,2024-10-24 14:30:58
1068,53,53,14,,,126.82948281476483,37.206795567915286,126.83029946143564,37.20536857838249,2024-10-24 14:31:05
1069,3,14,14,,,126.82469456118719,37.21017119546871,126.82005595139884,37.206812210047545,2024-10-24 14:31:18
1070,70,42,14,,,126.83871362973954,37.20948062104828,126.8323422855803,37.195402836523016,2024-10-24 14:31:46
1071,38,45,14,,,126.82358686735776,37.20036520867157,126.8244719081082,37.21265764687745,2024-10-24 14:32:09
1072,56,17,14,,,126.83550323847578,37.2064752453993,126.82636861049252,37.197060944682924,2024-10-24 14:32:42
1073,56,40,14,,,126.8345889615166,37.20495107484734,126.83207450103752,37.19326684178126,2024-10-24 14:34:08
1074,42,70,14,,,126.83067490325072,37.19566714971346,126.83759307437843,37.20905488802808,2024-10-24 14:34:13
1075,50,38,14,,,126.82330455879544,37.21203083341998,126.82404795602496,37.200699413121214,2024-10-24 14:35:14
1076,56,41,14,,,126.83417416402102,37.205996353870425,126.83415453714815,37.19764509654328,2024-10-24 14:35:14
1077,1,28,14,,,126.81656660942342,37.19727152211936,126.82891726626926,37.203544642524314,2024-10-24 14:35:27
1078,56,41,14,,,126.83539983915847,37.206175279662794,126.83475278796826,37.1962409158011,2024-10-24 14:35:32
1079,38,58,14,,,126.82426644838515,37.20182042273877,126.83611768372572,37.20870473858784,2024-10-24 14:35:43
1080,51,37,14,,,126.8201484124194,37.21083394736776,126.8214848917361,37.198373986562395,2024-10-24 14:35:45
1081,2,26,14,,,126.8220719187218,37.206183381788506,126.81846999118984,37.194422697267015,2024-10-24 14:35:55
1082,51,37,14,,,126.81991063260973,37.21103429825765,126.82069449435491,37.19741053730368,2024-10-24 14:37:06
1083,10,17,14,,,126.81668520285395,37.209141376686965,126.82740248659039,37.196085993153396,2024-10-24 14:37:32
1084,54,4,14,,,126.83261352211298,37.20932332622688,126.82287442469408,37.20792909753196,2024-10-24 14:37:34
1085,19,47,14,,,126.82900941277911,37.19517616516728,126.82744617501413,37.2100357101894,2024-10-24 14:37:58
1086,2,69,14,,,126.82114289174768,37.20569999796156,126.83731018127328,37.207000963880226,2024-10-24 14:38:06
1087,55,70,14,,,126.82941122532698,37.20972460351439,126.83819876732223,37.20982076592049,2024-10-24 14:38:15
1088,33,56,14,,,126.82978560888571,37.20089777653955,126.8340520176688,37.205135410973966,2024-10-24 14:38:18
1089,51,37,14,,,126.82042000970584,37.211161999937325,126.82054996141497,37.1967478519039,2024-10-24 14:38:36
1090,70,10,14,,,126.83696121894158,37.20902917944646,126.81668765489788,37.20956478810677,2024-10-24 14:39:11
1091,33,56,14,,,126.82875844463372,37.20067524155659,126.83469737451587,37.205222485351264,2024-10-24 14:39:16
1092,70,17,14,,,126.83819898299296,37.209798470678464,126.82611686807228,37.19666131277261,2024-10-24 14:40:27
1093,72,70,14,,,126.81165776648162,37.20732535859017,126.83824727937147,37.209350901263214,2024-10-24 14:41:15
1094,50,38,14,,,126.82214012250981,37.21197117723498,126.82439185802485,37.200945507424095,2024-10-24 14:41:30
1095,11,33,14,,,126.81441716373125,37.20773857842894,126.82941475078866,37.200415909014104,2024-10-24 14:41:32
1096,54,33,14,,,126.83219120850313,37.210889070433545,126.82956076167073,37.20081606824239,2024-10-24 14:41:33
1097,53,52,14,,,126.83016213110169,37.206618747519585,126.83078335963403,37.21770417790524,2024-10-24 14:41:43
1098,50,37,14,,,126.82184373924083,37.210962336372646,126.8209792693362,37.19779835948152,2024-10-24 14:41:48
1099,56,17,14,,,126.83563917840915,37.20556415516563,126.82633055959701,37.197561497444475,2024-10-24 14:42:49
1100,50,37,14,,,126.82192696650156,37.21236701373601,126.82047428953283,37.1979818194811,2024-10-24 14:43:28
1101,56,41,14,,,126.83455049044781,37.2064271904618,126.83378909940426,37.19658104655802,2024-10-24 14:43:36
1102,50,37,14,,,126.82308363303723,37.21124843247744,126.82053577211182,37.19740649490529,2024-10-24 14:44:20
1103,51,37,14,,,126.81951496747911,37.21037081310981,126.82146095087573,37.1965824135459,2024-10-24 14:45:01
1104,50,37,14,,,126.82263042337328,37.211725410461874,126.82074146828347,37.19687845966607,2024-10-24 14:46:17
1105,50,37,14,,,126.82164754742736,37.21206016617468,126.82119827366375,37.19811588018308,2024-10-24 14:46:58
1106,20,60,14,,,126.81630845972013,37.192852732032016,126.8331806585091,37.21219993978612,2024-10-24 14:47:04
1107,38,62,14,,,126.82320562530063,37.20171722290529,126.83837028854114,37.21252139349698,2024-10-24 14:47:27
1108,50,38,14,,,126.82216550760191,37.211593327884266,126.82321867250111,37.20096663430618,2024-10-24 14:47:31
1109,70,42,14,,,126.83772990154064,37.2094760811095,126.83197131566118,37.19648434910507,2024-10-24 14:47:41
1110,42,70,14,,,126.83118179579564,37.195314600579145,126.83788185448947,37.2102730747898,2024-10-24 14:48:26
1111,56,41,14,,,126.83414040168225,37.206372539697824,126.83332386025425,37.19681791791448,2024-10-24 14:48:43
1112,54,33,14,,,126.83353967177413,37.21057078305035,126.82888864798502,37.20163833974905,2024-10-24 14:49:25
1113,56,19,14,,,126.83501908412472,37.20599931454225,126.82902098440296,37.194072265618075,2024-10-24 14:49:29
1114,17,54,14,,,126.8259745837875,37.195838966046054,126.83194205984324,37.20922607938964,2024-10-24 14:49:34
1115,51,37,14,,,126.81892299462534,37.20966647756388,126.82098663344544,37.19732240054721,2024-10-24 14:50:03
1116,38,12,14,,,126.82506673010558,37.200428788467995,126.81998491628234,37.2056421210647,2024-10-24 14:50:29
1117,50,38,14,,,126.82245169294266,37.21164438257741,126.82457707337656,37.20160250009024,2024-10-24 14:50:41
1118,17,54,14,,,126.82732892299754,37.196277818495965,126.83246606954793,37.21008847407184,2024-10-24 14:50:49
1119,56,33,14,,,126.83562436866328,37.20525948213188,126.82885726821063,37.201085462893985,2024-10-24 14:51:18
1120,70,18,14,,,126.83795431180366,37.210068385866265,126.82432594033831,37.194874824939184,2024-10-24 14:51:35
1121,51,37,14,,,126.81953382813016,37.210843484105965,126.82179800751186,37.19704264032203,2024-10-24 14:52:30
1122,21,23,14,,,126.81933626620554,37.19601165213198,126.82167392730341,37.19166173083593,2024-10-24 14:52:37
1123,19,10,14,,,126.82924562748642,37.195678708602046,126.8171175034194,37.208890176613224,2024-10-24 14:52:40
1124,35,32,14,,,126.81939329081689,37.201833489866445,126.83122428551248,37.201898541196265,2024-10-24 14:53:01
1125,72,4,14,,,126.81129138932688,37.207897585259886,126.82128633920959,37.208660064537085,2024-10-24 14:53:50
1126,36,21,14,,,126.8232366707922,37.19838875255653,126.81921302504051,37.195432627944896,2024-10-24 14:54:48
1127,55,15,14,,,126.83020536097531,37.20847233094196,126.81774518468403,37.206940131330796,2024-10-24 14:55:09
1128,20,17,14,,,126.81581040350945,37.19204764110567,126.82584049400673,37.19690777011544,2024-10-24 14:55:22
1129,56,17,14,,,126.83539389900045,37.20547082542362,126.82600430693955,37.19743985171353,2024-10-24 14:55:34
1130,50,37,14,,,126.82326764756871,37.21248123684804,126.8207119120624,37.19832183654788,2024-10-24 14:55:37
1131,38,44,14,,,126.82385539102036,37.2008950826191,126.82020004534571,37.189586503302614,2024-10-24 14:55:59
1132,10,56,14,,,126.81753854584863,37.2090817013646,126.83536046507535,37.205504095438414,2024-10-24 14:57:40
1133,56,41,14,,,126.83408288149131,37.20583149445452,126.83332807986697,37.19712970708375,2024-10-24 14:57:53
1134,53,2,14,,,126.8299186229005,37.205361762480706,126.82159408555948,37.20607619968883,2024-10-24 14:58:17
1135,50,37,14,,,126.82275643835126,37.21077673295836,126.82207987209794,37.198220890050614,2024-10-24 14:58:53
1136,50,37,15,,,126.82325919631876,37.211531279681104,126.82113286200206,37.19740496261895,2024-10-24 15:00:15
1137,50,37,15,,,126.82167708272318,37.21229353846096,126.8221265341142,37.197704274249716,2024-10-24 15:01:16
1138,70,33,15,,,126.83875788241022,37.209125868182625,126.82857832811501,37.2007486527805,2024-10-24 15:01:32
1139,33,56,15,,,126.82847929371106,37.20023941417311,126.83561162022022,37.20565411151156,2024-10-24 15:01:51
1140,37,51,15,,,126.8213233333716,37.196618332352635,126.82038314331338,37.210127045319354,2024-10-24 15:02:48
1141,47,62,15,,,126.82783864643993,37.211724146869784,126.83894420977563,37.2130263018845,2024-10-24 15:03:52
1142,10,17,15,,,126.81764424429267,37.2085193283494,126.82721213145571,37.197544163314745,2024-10-24 15:04:11
1143,56,17,15,,,126.83419120331335,37.20488441027205,126.82679821101763,37.19659994889007,2024-10-24 15:04:18
1144,70,33,15,,,126.83858669116157,37.20891623646356,126.82909563838307,37.19984040036467,2024-10-24 15:04:28
1145,42,70,15,,,126.83074628137597,37.19513931597751,126.83771061760582,37.208747343868296,2024-10-24 15:04:38
1146,58,33,15,,,126.83551458074652,37.20822841313795,126.82890745333985,37.20072762351827,2024-10-24 15:04:49
1147,33,56,15,,,126.82953441459586,37.20071249645334,126.83517005540634,37.20513338190117,2024-10-24 15:05:20
1148,56,41,15,,,126.8356341918283,37.2058807611727,126.83425088184013,37.19816951952418,2024-10-24 15:06:31
1149,37,51,15,,,126.82142910033485,37.19693429154897,126.82004524698596,37.210341606317094,2024-10-24 15:06:42
1150,50,37,15,,,126.82152019882658,37.21057023546443,126.82181522099776,37.19787869401414,2024-10-24 15:07:03
1151,58,19,15,,,126.83598280216069,37.208939488371755,126.82943717315476,37.194386603973584,2024-10-24 15:07:07
1152,10,17,15,,,126.8173090799384,37.20899000179633,126.82647111057814,37.19735450212068,2024-10-24 15:07:18
1153,50,37,15,,,126.82188604565007,37.21189182094249,126.82213311078696,37.197357514865736,2024-10-24 15:07:34
1154,33,56,15,,,126.83023774887673,37.20082632042735,126.83536910064707,37.20480304550433,2024-10-24 15:07:43
1155,58,33,15,,,126.83452138931504,37.20837413498814,126.82885366243939,37.200382963235285,2024-10-24 15:09:18
1156,51,37,15,,,126.81874539395865,37.209490785707466,126.8207377169298,37.19841637083046,2024-10-24 15:09:33
1157,37,51,15,,,126.82190419420269,37.19761469189489,126.82020018734144,37.21109461756942,2024-10-24 15:09:54
1158,58,19,15,,,126.83421931067194,37.20879893987238,126.82843631815862,37.19532455043034,2024-10-24 15:10:54
1159,58,33,15,,,126.8358489236917,37.20886526357794,126.82836310032488,37.20116035625758,2024-10-24 15:11:02
1160,33,56,15,,,126.82962691315016,37.20081150285527,126.83538348986237,37.20522642571036,2024-10-24 15:11:32
1161,58,33,15,,,126.83523859074499,37.208614897493824,126.82913766566219,37.200125187453395,2024-10-24 15:11:36
1162,10,17,15,,,126.816165965918,37.209663486853586,126.8265539960279,37.19763136675975,2024-10-24 15:11:48
1163,70,33,15,,,126.83873198705898,37.20911627467411,126.82886615884983,37.199884512705545,2024-10-24 15:12:12
1164,37,51,15,,,126.82198477552319,37.198022347723985,126.81886346767911,37.210105085120894,2024-10-24 15:12:20
1165,58,19,15,,,126.83457440498584,37.208209719377884,126.82883500455041,37.19497680927682,2024-10-24 15:13:39
1166,37,51,15,,,126.82194441273761,37.19757911849881,126.81922345573952,37.209528040703304,2024-10-24 15:14:23
1167,42,70,15,,,126.8310546760713,37.196565894467525,126.8380575276465,37.2086076128238,2024-10-24 15:14:58
1168,70,33,15,,,126.83811680999982,37.209618796951275,126.82981882765776,37.20114054299351,2024-10-24 15:16:17
1169,56,32,15,,,126.83512980568538,37.206519098513844,126.83135922670364,37.20082174714573,2024-10-24 15:16:19
1170,42,70,15,,,126.83172833243923,37.19658402006698,126.8374935464053,37.208929380667996,2024-10-24 15:16:30
1171,33,58,15,,,126.82954586889781,37.200169884813285,126.83464699091043,37.208009088831766,2024-10-24 15:18:58
1172,58,33,15,,,126.83498930020241,37.20748766231607,126.82880993626522,37.20141097980655,2024-10-24 15:19:03
1173,11,17,15,,,126.81448177408187,37.20803709863713,126.82676865302226,37.19616097348195,2024-10-24 15:19:53
1174,58,33,15,,,126.83571217339929,37.20866592656782,126.82953732955828,37.20094178129212,2024-10-24 15:20:08
1175,58,33,15,,,126.83613098278781,37.20793677939422,126.82965234459414,37.199697643193275,2024-10-24 15:20:11
1176,33,56,15,,,126.829441685924,37.20111972629254,126.83485505077202,37.204765754819256,2024-10-24 15:20:45
1177,33,56,15,,,126.83012144392264,37.20089186109231,126.83393029650843,37.20571298581618,2024-10-24 15:21:19
1178,11,17,15,,,126.81491460457154,37.20785660398525,126.82724262269139,37.197128758096795,2024-10-24 15:21:36
1179,58,33,15,,,126.83551750052827,37.20771307813151,126.82858727637611,37.19978508630363,2024-10-24 15:22:55
1180,53,22,15,,,126.82884806653655,37.206872455361065,126.8165070448371,37.19449851397212,2024-10-24 15:23:03
1181,72,56,15,,,126.81211728563756,37.207016262020105,126.8342868510255,37.204685883889866,2024-10-24 15:23:40
1182,70,33,15,,,126.83782586514344,37.2103353953749,126.8284231933714,37.20051164111458,2024-10-24 15:24:04
1183,51,37,15,,,126.81930032090067,37.210086268555884,126.82225477825972,37.19653399305752,2024-10-24 15:24:30
1184,17,58,15,,,126.82597003793897,37.19598903687542,126.83499651047148,37.20752102408636,2024-10-24 15:24:31
1185,70,10,15,,,126.83690048186897,37.20947023504901,126.81730652242958,37.20907112833155,2024-10-24 15:24:57
1186,70,33,15,,,126.8387094638438,37.21013933703313,126.83019602515142,37.20128337461764,2024-10-24 15:25:07
1187,11,70,15,,,126.81526171028533,37.20905928470681,126.83793879371486,37.20854121592695,2024-10-24 15:25:12
1188,70,33,15,,,126.83779118700944,37.20922998246231,126.82855969224593,37.20071914806258,2024-10-24 15:25:27
1189,50,37,15,,,126.82317916860255,37.211813302932995,126.82219507768464,37.19755574131973,2024-10-24 15:25:39
1190,51,37,15,,,126.81929240543803,37.21074085730751,126.82047428270063,37.19720381316153,2024-10-24 15:26:13
1191,51,37,15,,,126.82033061806646,37.211327699822064,126.82139523443816,37.197387736394454,2024-10-24 15:26:14
1192,33,56,15,,,126.8286858554448,37.20037639732545,126.83506460670968,37.2058520658076,2024-10-24 15:26:15
1193,51,37,15,,,126.81977576884212,37.2095453743919,126.82132862676066,37.19703906547042,2024-10-24 15:26:32
1194,37,51,15,,,126.82055104632904,37.197372782872684,126.81871839082788,37.21115994460191,2024-10-24 15:26:37
1195,10,17,15,,,126.8164873276964,37.20951933425318,126.82572366002545,37.196257022363696,2024-10-24 15:27:21
1196,56,17,15,,,126.83586043624697,37.205291389174974,126.82568027825025,37.196921574262504,2024-10-24 15:27:26
1197,37,51,15,,,126.82073664154535,37.19796433928944,126.81996981408068,37.21029975914699,2024-10-24 15:28:11
1198,56,32,15,,,126.83438000772277,37.20465205937551,126.83205962381153,37.2009815203672,2024-10-24 15:28:35
1199,31,59,15,,,126.82899900998859,37.198096782601816,126.83308779041444,37.20722602696643,2024-10-24 15:29:03
1200,50,37,15,,,126.82266605050624,37.21093728667157,126.82169154730263,37.19824882215684,2024-10-24 15:29:26
1201,58,33,15,,,126.83591672472552,37.2086175886622,126.82861221278098,37.20084932612843,2024-10-24 15:29:38
1202,58,19,15,,,126.83536671817016,37.20796141816156,126.82877248437407,37.19581498794385,2024-10-24 15:29:40
1203,11,17,15,,,126.8151561470812,37.20869271576048,126.82657107340192,37.197750218754884,2024-10-24 15:29:40
1204,58,19,15,,,126.83598885370213,37.20774853714605,126.82864084972638,37.19494481050231,2024-10-24 15:29:45
1205,10,17,15,,,126.81792194400558,37.208690610344135,126.82562310871394,37.195908855511256,2024-10-24 15:30:23
1206,33,58,15,,,126.8286650721074,37.2004053165243,126.83460547123086,37.2090237100127,2024-10-24 15:30:29
1207,33,56,15,,,126.82925273816166,37.20069110908514,126.83475076192242,37.20611054838784,2024-10-24 15:30:59
1208,58,33,15,,,126.8344103272986,37.20838617588712,126.8286841648539,37.20107205264424,2024-10-24 15:31:03
1209,51,37,15,,,126.8192745820839,37.21094029529197,126.82136969761048,37.196829844653884,2024-10-24 15:31:22
1210,56,41,15,,,126.8352273840249,37.20618358185917,126.83362323831295,37.19674880844663,2024-10-24 15:31:41
1211,10,17,15,,,126.81669160542918,37.20910589525729,126.82658755984436,37.19739747165138,2024-10-24 15:32:55
1212,58,19,15,,,126.83427479846623,37.208488462037344,126.82875583090411,37.19450542841924,2024-10-24 15:33:06
1213,26,37,15,,,126.81930309428395,37.193843543971525,126.82053518720367,37.19669515520225,2024-10-24 15:33:13
1214,10,17,15,,,126.81720232809995,37.208566908060696,126.82560092726466,37.196420396430156,2024-10-24 15:33:13
1215,56,31,15,,,126.83392317769787,37.20480436450839,126.82950370376707,37.19870255955118,2024-10-24 15:33:14
1216,56,32,15,,,126.83408477209541,37.20586701892829,126.8316016253029,37.20239947191822,2024-10-24 15:34:07
1217,58,42,15,,,126.83548238540241,37.2093492990617,126.83077281694447,37.19689134896737,2024-10-24 15:35:08
1218,58,33,15,,,126.83612440814404,37.20843708139925,126.8299882514299,37.20084894460695,2024-10-24 15:35:37
1219,33,56,15,,,126.83028161013267,37.20163294106062,126.83483860236275,37.20620065892745,2024-10-24 15:35:56
1220,19,10,15,,,126.82821300933112,37.19445726090654,126.81712102027036,37.20861640007111,2024-10-24 15:37:12
1221,56,17,15,,,126.83439601892711,37.20497293154645,126.82567236120039,37.19693361184512,2024-10-24 15:37:46
1222,58,33,15,,,126.83496862317597,37.20925515819076,126.83029682038449,37.199754231255326,2024-10-24 15:39:09
1223,33,56,15,,,126.8302707402763,37.20039972291487,126.83531849479323,37.20577921844835,2024-10-24 15:39:20
1224,58,19,15,,,126.83453058226034,37.208110599230764,126.82851755903644,37.1953885338489,2024-10-24 15:39:34
1225,19,10,15,,,126.82850244373783,37.19482336540449,126.81677330720298,37.209103841569416,2024-10-24 15:40:17
1226,56,31,15,,,126.83474117419256,37.20641674957688,126.82963534668721,37.19846510924511,2024-10-24 15:40:31
1227,50,37,15,,,126.82267034052649,37.21128578256571,126.82134201098073,37.1966404646484,2024-10-24 15:41:39
1228,37,51,15,,,126.82197745801354,37.19825968774399,126.81922884037913,37.21008932394344,2024-10-24 15:41:40
1229,11,33,15,,,126.81413430608421,37.20922997661364,126.82890264270316,37.199920894258476,2024-10-24 15:41:44
1230,11,17,15,,,126.81484006668686,37.2088768120524,126.82631156828683,37.197091403029134,2024-10-24 15:43:25
1231,50,37,15,,,126.82329496484778,37.21074409393766,126.82147011823585,37.196596376459276,2024-10-24 15:43:33
1232,50,37,15,,,126.82336986891941,37.21140740120531,126.82164518965075,37.19796232197089,2024-10-24 15:43:36
1233,51,37,15,,,126.81976391734081,37.20960072307985,126.82042166023649,37.198345454755156,2024-10-24 15:44:10
1234,54,33,15,,,126.83201638644248,37.209454549960924,126.82892894804723,37.19976569885914,2024-10-24 15:44:17
1235,54,33,15,,,126.8334862461809,37.209231600507586,126.82879963848062,37.200902527030465,2024-10-24 15:44:38
1236,33,56,15,,,126.8284704372142,37.20158660495828,126.8355049261894,37.20591029462118,2024-10-24 15:45:18
1237,50,37,15,,,126.82168258912019,37.211281481317044,126.82104340739843,37.1970832654498,2024-10-24 15:45:22
1238,54,33,15,,,126.83355206800378,37.21023971377243,126.82938739616414,37.2014061829235,2024-10-24 15:45:33
1239,50,37,15,,,126.82202618242788,37.212040274693486,126.82040874078722,37.19674753577445,2024-10-24 15:45:34
1240,23,32,15,,,126.8198366406404,37.191044220349056,126.8312872175426,37.20204328320719,2024-10-24 15:45:44
1241,51,37,15,,,126.81886438971704,37.21013791137321,126.8217313950332,37.19768918624938,2024-10-24 15:47:01
1242,42,70,15,,,126.83117742351276,37.197101822849454,126.83683568553246,37.20856068527707,2024-10-24 15:47:07
1243,56,31,15,,,126.83419490543059,37.20489670413136,126.82899105953219,37.197392185133786,2024-10-24 15:47:15
1244,70,33,15,,,126.83711972933692,37.208835437384685,126.83021848291116,37.20007429518132,2024-10-24 15:47:35
1245,70,17,15,,,126.83823740747104,37.208673541127055,126.82736812269079,37.19617906542779,2024-10-24 15:48:07
1246,70,33,15,,,126.83846949123512,37.20960333825665,126.82921823014267,37.20146468526111,2024-10-24 15:48:27
1247,58,33,15,,,126.83420032057805,37.2089958673838,126.82927281205585,37.200728026316945,2024-10-24 15:50:04
1248,54,33,15,,,126.83352152004807,37.210352165918465,126.82859745432188,37.19973953819921,2024-10-24 15:50:35
1249,33,58,15,,,126.82866350107274,37.19988888167295,126.83443535069617,37.20864219485307,2024-10-24 15:50:36
1250,37,51,15,,,126.82210566516453,37.198320107260265,126.82006168466484,37.20988671175364,2024-10-24 15:50:56
1251,58,33,15,,,126.8360252704563,37.207998233363256,126.82990323088394,37.200750653077264,2024-10-24 15:51:23
1252,58,33,15,,,126.83559665203704,37.20748350058511,126.828579697381,37.20156565065557,2024-10-24 15:51:24
1253,50,37,15,,,126.82215655502776,37.210625288434926,126.82077722387878,37.19841552084539,2024-10-24 15:53:03
1254,58,19,15,,,126.83458864359707,37.2076789203382,126.82869138003332,37.194509065480005,2024-10-24 15:53:10
1255,10,17,15,,,126.8171445995013,37.21029867279215,126.8267938857599,37.19645404191087,2024-10-24 15:53:32
1256,58,33,15,,,126.83537398989326,37.20882798496482,126.83017875990866,37.20033717221668,2024-10-24 15:53:46
1257,56,17,15,,,126.83513361271875,37.206337652713444,126.82543688009882,37.19732496351689,2024-10-24 15:54:00
1258,54,33,15,,,126.83289434020337,37.2093880589746,126.82844218860808,37.201336487178345,2024-10-24 15:54:10
1259,56,41,15,,,126.83559629309718,37.20494135412691,126.83423083000253,37.198018924022136,2024-10-24 15:54:22
1260,37,51,15,,,126.82161773347764,37.1973212449584,126.82006041736952,37.21134291457582,2024-10-24 15:54:25
1261,58,33,15,,,126.83432907787643,37.20885196161476,126.82848045642528,37.200656352951206,2024-10-24 15:54:28
1262,33,56,15,,,126.82864928970307,37.200255018755605,126.8351040027461,37.206033021618666,2024-10-24 15:54:29
1263,54,33,15,,,126.83234657464502,37.209598756774085,126.82979013018344,37.20133757476032,2024-10-24 15:54:55
1264,31,54,15,,,126.82900227857893,37.19768199657117,126.83288074744995,37.210771331342904,2024-10-24 15:55:01
1265,50,37,15,,,126.82226052383785,37.21102984338008,126.8221179192636,37.19740704728397,2024-10-24 15:55:29
1266,10,17,15,,,126.81764990857033,37.209531073169785,126.82669559767717,37.196424456727456,2024-10-24 15:55:34
1267,54,33,15,,,126.83266617541763,37.20940613689436,126.8287554184259,37.20126413330903,2024-10-24 15:55:48
1268,37,51,15,,,126.82059594746065,37.19665559243999,126.8192973990076,37.2102168787357,2024-10-24 15:55:56
1269,51,37,15,,,126.82062781302741,37.21104294530379,126.8209393168789,37.19645644028304,2024-10-24 15:56:57
1270,56,17,15,,,126.83433519338308,37.20657230407278,126.82575251474368,37.19586081333303,2024-10-24 15:57:06
1271,20,25,15,,,126.81634935456391,37.193296000327905,126.82203199302782,37.193916877280074,2024-10-24 15:57:34
1272,51,34,15,,,126.82031921605562,37.21087492397253,126.82115983156943,37.20219444612668,2024-10-24 15:57:37
1273,33,56,15,,,126.82973853337535,37.201127609624486,126.83576185861142,37.205181420189206,2024-10-24 15:57:48
1274,58,33,15,,,126.83496952712795,37.208389723193285,126.82875398050592,37.201186462030435,2024-10-24 15:58:08
1275,70,33,15,,,126.83723832115034,37.210457736760915,126.82876514783001,37.20115581629364,2024-10-24 15:59:28
1276,58,33,15,,,126.83506167104403,37.20819949552333,126.83003503867941,37.200932587470106,2024-10-24 15:59:29
1277,45,53,16,,,126.8255789734712,37.21313102057772,126.82897807223337,37.205381932178845,2024-10-24 16:01:17
1278,70,33,16,,,126.83862919206202,37.20983032447546,126.82979317280659,37.19973540172785,2024-10-24 16:01:26
1279,6,7,16,,,126.82385733877278,37.20487872026483,126.8275907763711,37.208926453600114,2024-10-24 16:01:30
1280,11,17,16,,,126.8150076650845,37.208060393160515,126.82559058170888,37.196661585623914,2024-10-24 16:01:41
1281,69,30,16,,,126.83820133090745,37.206240508975384,126.83112701527318,37.199248270193834,2024-10-24 16:01:59
1282,56,33,16,,,126.83522755176209,37.204996657639,126.83008367383555,37.20122454780342,2024-10-24 16:02:14
1283,46,33,16,,,126.83054585426349,37.211060669675234,126.82987901500564,37.201174883407276,2024-10-24 16:02:57
1284,11,17,16,,,126.81371621074491,37.20847343573599,126.82696818615781,37.196822507925695,2024-10-24 16:03:45
1285,67,21,16,,,126.8344129492708,37.20287176346557,126.81787762650825,37.195638360220684,2024-10-24 16:04:05
1286,67,72,16,,,126.83537633389835,37.20309507927081,126.81121595634373,37.20670987159126,2024-10-24 16:04:23
1287,25,21,16,,,126.8207605999628,37.19480612534509,126.81844881822327,37.19630384465393,2024-10-24 16:04:33
1288,69,30,16,,,126.83719021289166,37.20635152482885,126.83268522178318,37.198058092162356,2024-10-24 16:05:43
1289,49,39,16,,,126.82824185447976,37.2129538699321,126.82164393501932,37.199793656388714,2024-10-24 16:06:11
1290,71,43,16,,,126.84045237800765,37.205637458263,126.82297742282674,37.19007110317768,2024-10-24 16:06:51
1291,56,33,16,,,126.83488983713173,37.20578062974018,126.82939305814976,37.20077335066175,2024-10-24 16:07:28
1292,72,33,16,,,126.8116745989318,37.20649164695295,126.82997551614037,37.20160511203804,2024-10-24 16:07:33
1293,70,33,16,,,126.83766629583222,37.20917250919161,126.83024090405735,37.20103125975943,2024-10-24 16:07:42
1294,54,17,16,,,126.83230044896946,37.21071629338681,126.8264450746088,37.19670144363363,2024-10-24 16:07:42
1295,38,8,16,,,126.82501566778087,37.20195740192937,126.82423968388692,37.206909630059016,2024-10-24 16:07:57
1296,56,33,16,,,126.83453784810376,37.205410179046446,126.82923358585506,37.20041845599027,2024-10-24 16:08:07
1297,42,68,16,,,126.83083560252977,37.196829023573855,126.83908153443821,37.20162599328748,2024-10-24 16:08:47
1298,43,19,16,,,126.82312332027882,37.19102065328499,126.82808963350708,37.19556087613271,2024-10-24 16:08:53
1299,7,42,16,,,126.82691442231801,37.20882812002185,126.83100444773324,37.196693928567115,2024-10-24 16:09:00
1300,72,20,16,,,126.81104201778597,37.2061821536817,126.81582104788099,37.192058131317836,2024-10-24 16:09:17
1301,33,70,16,,,126.82906030176763,37.200702124356916,126.83749935938171,37.20950932734825,2024-10-24 16:09:20
1302,19,1,16,,,126.82906206053264,37.19570585182181,126.8157227278349,37.19736456218492,2024-10-24 16:09:31
1303,10,22,16,,,126.81786579969229,37.210233840447835,126.8168331377521,37.19457424628958,2024-10-24 16:09:55
1304,31,58,16,,,126.829846855799,37.19748964786148,126.83445969717287,37.2077296493899,2024-10-24 16:09:58
1305,12,22,16,,,126.81910269253521,37.20522058921916,126.8149172190077,37.195034364991166,2024-10-24 16:10:05
1306,10,17,16,,,126.81624401178243,37.208660771766176,126.82655466978822,37.19775718631772,2024-10-24 16:10:28
1307,69,30,16,,,126.8377967190809,37.206236608550206,126.83100216198265,37.19874266064705,2024-10-24 16:10:57
1308,35,32,16,,,126.81833292470161,37.20117819412033,126.8313760593396,37.201188731725225,2024-10-24 16:11:07
1309,17,56,16,,,126.82734634079269,37.197380985811805,126.83570158736123,37.20549058368984,2024-10-24 16:11:10
1310,56,33,16,,,126.83417770619255,37.20562587851024,126.82928918323081,37.20109722924362,2024-10-24 16:11:12
1311,56,17,16,,,126.8358591446965,37.20477234011527,126.82659554110616,37.19644690353427,2024-10-24 16:11:31
1312,10,17,16,,,126.81768884046656,37.21028467451824,126.82673833137825,37.19715535877953,2024-10-24 16:12:26
1313,32,40,16,,,126.83219675074571,37.20227588348006,126.8309719565711,37.1926341697368,2024-10-24 16:12:30
1314,69,30,16,,,126.83818834406192,37.20577912362778,126.83174580953434,37.19855200990419,2024-10-24 16:13:06
1315,26,37,16,,,126.81830522565642,37.193783682672866,126.82049991403515,37.197812093908496,2024-10-24 16:17:36
1316,31,59,16,,,126.82936271554026,37.1975726125345,126.83154507736597,37.20828809031478,2024-10-24 16:18:36
1317,70,42,16,,,126.83846512875994,37.21027241847535,126.83149306642379,37.19699638399583,2024-10-24 16:18:42
1318,56,33,16,,,126.8339650236813,37.2052838848599,126.82998814168141,37.19975601976851,2024-10-24 16:19:25
1319,58,33,16,,,126.83472772000728,37.2079889648015,126.82992347941652,37.20081282425076,2024-10-24 16:19:37
1320,10,56,16,,,126.81751850042434,37.21027747345414,126.83524250517102,37.206631050765026,2024-10-24 16:19:47
1321,32,31,16,,,126.83287185980915,37.20180572938156,126.82962310614552,37.197878018624735,2024-10-24 16:19:54
1322,33,58,16,,,126.82968420767999,37.20131942685757,126.83550396690816,37.208060799220036,2024-10-24 16:21:35
1323,10,17,16,,,126.81630606554229,37.210294307465816,126.82735655080405,37.19666649843517,2024-10-24 16:21:38
1324,56,41,16,,,126.83522426528124,37.204717674536326,126.83426531997281,37.19704090135875,2024-10-24 16:22:15
1325,54,62,16,,,126.8324414506583,37.21018090009109,126.83851558070084,37.21226927514335,2024-10-24 16:22:23
1326,70,18,16,,,126.83829320590651,37.210204197629054,126.82420915729034,37.19630067580645,2024-10-24 16:22:28
1327,59,15,16,,,126.83258050415418,37.20692450746098,126.81664088114547,37.206585084509925,2024-10-24 16:22:59
1328,56,41,16,,,126.8345077715033,37.20497617372883,126.83363931758058,37.1981348107843,2024-10-24 16:23:10
1329,42,34,16,,,126.83116025237544,37.195459807474705,126.82094533166699,37.203543167187945,2024-10-24 16:23:21
1330,14,30,16,,,126.82042607545974,37.20730671532097,126.8309502420912,37.19967953224009,2024-10-24 16:23:32
1331,59,33,16,,,126.83275072119172,37.20796908109598,126.82992252680128,37.20026947689358,2024-10-24 16:23:42
1332,56,33,16,,,126.83507666366431,37.206262026148075,126.82956457937784,37.20119617090507,2024-10-24 16:23:48
1333,49,64,16,,,126.82775072728438,37.212983870648685,126.8420002017777,37.203710586536985,2024-10-24 16:24:02
1334,38,24,16,,,126.82405272409093,37.20059774040516,126.81817586938492,37.19168771214222,2024-10-24 16:24:45
1335,69,30,16,,,126.83836569324583,37.20706705942732,126.83245466577671,37.19872471886971,2024-10-24 16:24:48
1336,50,37,16,,,126.82174962573012,37.211896779488725,126.82047539567655,37.1977706551075,2024-10-24 16:25:01
1337,10,17,16,,,126.81754967658706,37.21027971043649,126.826111861237,37.1958642781146,2024-10-24 16:25:23
1338,19,10,16,,,126.82868511039611,37.19421172531446,126.8168392051407,37.210167083332344,2024-10-24 16:25:39
1339,56,41,16,,,126.83455357244563,37.20578362637436,126.83421251756207,37.19639140662494,2024-10-24 16:25:47
1340,56,41,16,,,126.8345990157632,37.204837619391405,126.83393833884786,37.19691068744012,2024-10-24 16:25:58
1341,70,33,16,,,126.83865458658589,37.21039454409944,126.83018691818664,37.20026755916757,2024-10-24 16:26:49
1342,56,17,16,,,126.83522582623469,37.20551903599376,126.8256923545696,37.19593965206178,2024-10-24 16:27:03
1343,56,31,16,,,126.83524208372829,37.2053551139067,126.83006526767365,37.19875056327414,2024-10-24 16:27:19
1344,56,17,16,,,126.83586387141789,37.20603299352503,126.8271904747074,37.197252504560765,2024-10-24 16:27:20
1345,56,31,16,,,126.8355849479708,37.20488844362835,126.82864725793472,37.19830068663928,2024-10-24 16:27:35
1346,70,33,16,,,126.83799769508794,37.20904814113968,126.82906368334656,37.20064650002467,2024-10-24 16:27:52
1347,6,20,16,,,126.8247042036491,37.204292542074434,126.81564172597369,37.19302068496816,2024-10-24 16:28:06
1348,70,42,16,,,126.83748417762862,37.210392523738356,126.83238797625394,37.19596012515505,2024-10-24 16:28:11
1349,56,41,16,,,126.8353006466607,37.205176157063455,126.83520732988994,37.19737193374598,2024-10-24 16:28:45
1350,70,19,16,,,126.83703236122561,37.208975546069105,126.82841528378722,37.19446304603363,2024-10-24 16:28:52
1351,59,36,16,,,126.83207435349722,37.20770469099192,126.82344756342756,37.198332960847395,2024-10-24 16:29:33
1352,69,30,16,,,126.83840556578706,37.206567753538145,126.83132046875636,37.19833490978601,2024-10-24 16:29:46
1353,10,17,16,,,126.81637917027899,37.208859076734235,126.82547499762359,37.196894614726446,2024-10-24 16:30:05
1354,72,56,16,,,126.81211221136732,37.20713273303397,126.83528366345149,37.20516427905212,2024-10-24 16:30:49
1355,10,17,16,,,126.81724743757255,37.21025069005072,126.82647625281723,37.19609122000656,2024-10-24 16:31:07
1356,56,33,16,,,126.83561743264721,37.205594741403395,126.82909704301666,37.200679152961875,2024-10-24 16:32:04
1357,24,6,16,,,126.81846145408993,37.1899609025222,126.82375142725947,37.20371051092985,2024-10-24 16:32:15
1358,56,33,16,,,126.83466432511824,37.20582500953025,126.8298472149122,37.201018758431836,2024-10-24 16:33:46
1359,54,31,16,,,126.83308135025494,37.210718021852614,126.82817143839645,37.197964549884276,2024-10-24 16:33:50
1360,70,17,16,,,126.83729488690962,37.21030865902339,126.82701899393751,37.1960141939085,2024-10-24 16:33:53
1361,56,31,16,,,126.83579353571727,37.20510456287894,126.82956581798199,37.196909732675294,2024-10-24 16:33:56
1362,56,31,16,,,126.83544472881927,37.20520070055933,126.82859160099088,37.19706635897465,2024-10-24 16:34:54
1363,29,3,16,,,126.82588857614097,37.20286643210462,126.82500372020044,37.209285169004275,2024-10-24 16:34:59
1364,59,41,16,,,126.83297453199447,37.20728423480794,126.83327300697115,37.19655715698055,2024-10-24 16:35:10
1365,70,17,16,,,126.83797957268153,37.20986796356979,126.82645613972109,37.197319871965554,2024-10-24 16:35:37
1366,10,17,16,,,126.8178510450647,37.20894138187878,126.82640445327796,37.19657876490405,2024-10-24 16:36:25
1367,56,33,16,,,126.83581389069793,37.205736159360576,126.82917508618868,37.199728979910745,2024-10-24 16:36:54
1368,10,40,16,,,126.81667273840498,37.21028946441205,126.83127456419719,37.193710800608564,2024-10-24 16:37:17
1369,37,72,16,,,126.82186590723302,37.197828133487675,126.81247392946976,37.2070106945889,2024-10-24 16:37:37
1370,70,33,16,,,126.83809663131642,37.209308909723795,126.83012058757478,37.20106701646836,2024-10-24 16:37:43
1371,19,10,16,,,126.82900202176741,37.19495906868632,126.81640869223574,37.21016800656155,2024-10-24 16:37:56
1372,36,65,16,,,126.82460786620555,37.198731189064866,126.83452428144697,37.20006287526779,2024-10-24 16:38:08
1373,50,14,16,,,126.82301854718196,37.21063718775297,126.81952870568412,37.20813049332004,2024-10-24 16:38:55
1374,46,50,16,,,126.83101303115072,37.21133897732601,126.82208244150524,37.21087007732433,2024-10-24 16:41:04
1375,71,50,16,,,126.84015086909635,37.20544711972073,126.82276979437115,37.21115405035929,2024-10-24 16:41:06
1376,12,19,16,,,126.82013421590725,37.20499881731817,126.82858831885689,37.195851722657586,2024-10-24 16:41:10
1377,62,72,16,,,126.83885690351211,37.2130609329066,126.81209509728673,37.20804527394202,2024-10-24 16:41:56
1378,58,33,16,,,126.83431699513973,37.208944430653375,126.82850374060774,37.20135415663237,2024-10-24 16:42:38
1379,70,42,16,,,126.83844322871686,37.20917389801461,126.83212951865605,37.196404252156356,2024-10-24 16:43:06
1380,58,17,16,,,126.83570737868664,37.20915332279043,126.8264772874932,37.19745040121902,2024-10-24 16:43:22
1381,56,32,16,,,126.83544387392531,37.20614613878598,126.83140308927858,37.20233196755223,2024-10-24 16:45:07
1382,56,41,16,,,126.83437797388498,37.2051313770658,126.8334056838003,37.19682015433529,2024-10-24 16:45:08
1383,56,32,16,,,126.8349183192202,37.20563871738141,126.83261818896446,37.2018313809513,2024-10-24 16:45:11
1384,6,33,16,,,126.82507649838654,37.20452886002473,126.82892243805395,37.20055629547173,2024-10-24 16:45:27
1385,11,33,16,,,126.81527759026594,37.2091723807136,126.82929520409796,37.200454630090185,2024-10-24 16:45:50
1386,56,17,16,,,126.83393430139711,37.20537780208249,126.826749810403,37.197117958065775,2024-10-24 16:46:21
1387,56,32,16,,,126.83451423493052,37.205296831064615,126.83251956865726,37.20199296995916,2024-10-24 16:46:22
1388,70,33,16,,,126.8385526390694,37.20878363683623,126.82909121540713,37.20138107714266,2024-10-24 16:46:46
1389,67,65,16,,,126.83537264392415,37.203358284457785,126.83518046203912,37.199832090143374,2024-10-24 16:46:47
1390,55,68,16,,,126.82987446120018,37.21006487457312,126.83941202472597,37.202280676208346,2024-10-24 16:46:54
1391,25,4,16,,,126.82009396611154,37.194897914389514,126.82214170926203,37.209214487783576,2024-10-24 16:46:57
1392,56,41,16,,,126.83451855462059,37.20477391976509,126.83327522430731,37.19687114379292,2024-10-24 16:46:58
1393,33,58,16,,,126.82938311402387,37.200390828218964,126.83442051449441,37.20816191333741,2024-10-24 16:46:59
1394,56,41,16,,,126.8345806646331,37.2059931418836,126.83476560812798,37.197201492323956,2024-10-24 16:47:09
1395,60,2,16,,,126.83226922714104,37.21304165990922,126.82225347581591,37.205868036023816,2024-10-24 16:48:00
1396,56,31,16,,,126.8350960296492,37.20617486362123,126.82969218973209,37.19836289152611,2024-10-24 16:48:42
1397,50,37,16,,,126.82194308775523,37.21088360871556,126.82133499964517,37.198226924294175,2024-10-24 16:48:51
1398,50,37,16,,,126.82180740494512,37.21069788511219,126.82167625884858,37.197431994254785,2024-10-24 16:49:31
1399,14,67,16,,,126.81995408355635,37.20837961500731,126.83456940865933,37.202658443845124,2024-10-24 16:49:41
1400,11,7,16,,,126.81340607307898,37.208215095783444,126.82653518450431,37.20838757285004,2024-10-24 16:49:56
1401,70,33,16,,,126.83723950618167,37.20901045020864,126.8301460549799,37.20144627631989,2024-10-24 16:51:39
1402,71,51,16,,,126.84033859865538,37.20409285417733,126.82027670338331,37.21067970181325,2024-10-24 16:52:01
1403,72,55,16,,,126.8118298993996,37.206436187984025,126.83086538590267,37.20893314888859,2024-10-24 16:52:05
1404,11,32,16,,,126.8133710085448,37.20781298765501,126.83189014193356,37.201823329310095,2024-10-24 16:52:22
1405,70,33,16,,,126.83754472922368,37.21041347388145,126.8299570041098,37.201097125322605,2024-10-24 16:53:32
1406,23,32,16,,,126.82033878918264,37.19079801539199,126.83266771191238,37.20265855791404,2024-10-24 16:54:00
1407,46,11,16,,,126.83039703375967,37.21224775263959,126.81514296984889,37.20819529799963,2024-10-24 16:54:08
1408,70,33,16,,,126.83820009810971,37.21042122585159,126.82879362503584,37.20124338828578,2024-10-24 16:54:32
1409,10,65,16,,,126.81782393868868,37.209468725369604,126.83483838410261,37.19989578068685,2024-10-24 16:54:35
1410,62,10,16,,,126.83797782248392,37.2128397996323,126.81707561578287,37.210212588190906,2024-10-24 16:56:14
1411,72,70,16,,,126.81120546180686,37.2068311629452,126.83755393232548,37.20870832720023,2024-10-24 16:56:26
1412,56,32,16,,,126.83526494458945,37.2047793766393,126.83176449173521,37.20269064982277,2024-10-24 16:56:40
1413,19,57,16,,,126.82897392297163,37.194798367822415,126.83287592329113,37.20364658683121,2024-10-24 16:56:49
1414,20,48,16,,,126.81565763016134,37.192617452750994,126.82988387378504,37.21522358575325,2024-10-24 16:56:58
1415,53,37,16,,,126.82952166758302,37.20600654298711,126.82071585509227,37.19685215171212,2024-10-24 16:56:59
1416,70,10,16,,,126.83704259792692,37.20882064960255,126.81787604800762,37.209807223153916,2024-10-24 16:57:31
1417,69,30,16,,,126.83803920253658,37.20580818002364,126.83088569937512,37.19949539625857,2024-10-24 16:58:11
1418,56,17,16,,,126.83562227720715,37.205498842620585,126.82701049224633,37.19755914953565,2024-10-24 16:58:23
1419,19,4,16,,,126.82853702260293,37.19508543085029,126.82233696659438,37.20955135706336,2024-10-24 16:59:13
1420,58,19,17,,,126.83609898059426,37.20836494892323,126.8298441892764,37.19564560388137,2024-10-24 17:00:21
1421,37,51,17,,,126.82121498641496,37.196767074413565,126.82043222578966,37.210803001590186,2024-10-24 17:00:54
1422,58,33,17,,,126.83600544308922,37.207699220955,126.8283522205445,37.200025269667215,2024-10-24 17:01:16
1423,53,8,17,,,126.82939413777011,37.20614090739231,126.82540229134749,37.206077614737154,2024-10-24 17:01:17
1424,33,56,17,,,126.82864015474517,37.20137047453085,126.83447860148611,37.20620190438324,2024-10-24 17:01:24
1425,1,69,17,,,126.8164104789364,37.19892350832281,126.83840794410257,37.20697696999548,2024-10-24 17:01:34
1426,54,33,17,,,126.83234735793378,37.21080710557935,126.82876765388943,37.1998937214511,2024-10-24 17:02:10
1427,58,33,17,,,126.83436856389604,37.208504209599944,126.82906319289874,37.20027563204898,2024-10-24 17:02:44
1428,56,17,17,,,126.83424282230473,37.20565753074734,126.82581639190266,37.196005758943755,2024-10-24 17:02:51
1429,55,47,17,,,126.83010059415993,37.20965270626457,126.82823225169894,37.211639771332706,2024-10-24 17:03:11
1430,58,19,17,,,126.83601576553475,37.20897177448821,126.82901105967902,37.19493230252899,2024-10-24 17:03:15
1431,58,33,17,,,126.83474340739684,37.209332295912674,126.8286804276431,37.200232747464085,2024-10-24 17:03:19
1432,42,70,17,,,126.8307562109004,37.195783093267444,126.8376823091044,37.210234788358896,2024-10-24 17:03:28
1433,58,33,17,,,126.83517658704805,37.20937324021589,126.82931955097975,37.20116690001151,2024-10-24 17:03:36
1434,20,29,17,,,126.8147411536868,37.191906757333456,126.82726541170507,37.20192096549067,2024-10-24 17:03:43
1435,70,17,17,,,126.83763372077863,37.20950787231865,126.82717793123834,37.19623712115312,2024-10-24 17:04:28
1436,59,41,17,,,126.8326613572069,37.20799161964554,126.83332576761487,37.19699955100928,2024-10-24 17:05:46
1437,40,72,17,,,126.83035449468586,37.19255007687526,126.81067363764274,37.20639982707899,2024-10-24 17:05:58
1438,58,33,17,,,126.83495031918754,37.208661855029604,126.82945780288627,37.19990751572054,2024-10-24 17:08:06
1439,56,17,17,,,126.83478694662995,37.20634010947638,126.82694368577394,37.19660113991904,2024-10-24 17:08:23
1440,37,51,17,,,126.8208615639726,37.19779223158575,126.81955012836119,37.209916696140546,2024-10-24 17:08:43
1441,58,33,17,,,126.8351594504396,37.209394718215194,126.8297032147878,37.200724065077544,2024-10-24 17:08:49
1442,58,19,17,,,126.83502540764333,37.2084111607452,126.8289187003249,37.19477341718977,2024-10-24 17:08:52
1443,17,58,17,,,126.82603215866239,37.19629045226304,126.83513150070421,37.209415687806086,2024-10-24 17:09:40
1444,21,21,17,,,126.81776383695666,37.195590181311104,126.81793799112846,37.197079219062275,2024-10-24 17:10:06
1445,56,31,17,,,126.83496803025628,37.20614933181028,126.82836620993541,37.19842471712099,2024-10-24 17:10:20
1446,42,70,17,,,126.83144141575403,37.196592955518945,126.83685798875649,37.20950962297327,2024-10-24 17:10:24
1447,37,2,17,,,126.82131530408938,37.19828493893649,126.82109980358759,37.20616407954366,2024-10-24 17:10:35
1448,19,19,17,,,126.82985531925037,37.19466591459608,126.82816871861091,37.195562179584456,2024-10-24 17:11:15
1449,70,18,17,,,126.83789380445877,37.21010357662407,126.8245442248057,37.19553649750376,2024-10-24 17:11:28
1450,69,30,17,,,126.83695959239401,37.206294418729456,126.83108349957104,37.199467538151325,2024-10-24 17:11:28
1451,21,33,17,,,126.81922182471321,37.19684274614604,126.82964054873482,37.20079227764292,2024-10-24 17:11:29
1452,42,70,17,,,126.8309693428177,37.19683341721599,126.83811821285121,37.20983677574215,2024-10-24 17:12:50
1453,54,33,17,,,126.83265625989449,37.20950610268266,126.83020038277414,37.201252747775825,2024-10-24 17:13:37
1454,54,33,17,,,126.83317039702823,37.20975838892438,126.82857246648547,37.20099989576907,2024-10-24 17:14:08
1455,21,42,17,,,126.81951993590954,37.196509967625,126.83169245947929,37.19616742396866,2024-10-24 17:14:29
1456,70,42,17,,,126.83783939004235,37.20970984763166,126.8320292497482,37.195206362616084,2024-10-24 17:14:31
1457,58,33,17,,,126.83481107523357,37.20925914343763,126.82965516105644,37.19975742229307,2024-10-24 17:15:53
1458,58,19,17,,,126.83470215045914,37.208159328872206,126.82929589805501,37.1956044072828,2024-10-24 17:15:57
1459,17,54,17,,,126.82611422281344,37.196711505088366,126.8330134715121,37.210406223422794,2024-10-24 17:16:01
1460,70,17,17,,,126.83799079135284,37.21004379677668,126.82691039940357,37.1967555991234,2024-10-24 17:16:21
1461,56,41,17,,,126.83451661388757,37.2063073772664,126.83424634950133,37.197041447045514,2024-10-24 17:16:28
1462,56,19,17,,,126.83485605637335,37.206312546032706,126.8282087127096,37.19460834535706,2024-10-24 17:16:44
1463,54,33,17,,,126.83198909935477,37.209907562243515,126.83010318831872,37.20132168024119,2024-10-24 17:17:48
1464,11,58,17,,,126.81422786463499,37.20772810456746,126.83529888562391,37.20795529052148,2024-10-24 17:17:52
1465,19,10,17,,,126.82938931695648,37.19526069189841,126.81663619774454,37.20886577822075,2024-10-24 17:17:58
1466,56,31,17,,,126.83541842013314,37.205387792007755,126.82942021177999,37.19757157245148,2024-10-24 17:18:09
1467,70,17,17,,,126.83799107859416,37.209647679825075,126.82693157604055,37.19597265907449,2024-10-24 17:18:22
1468,56,40,17,,,126.83493207292179,37.20507038832435,126.83100816060944,37.192924402722674,2024-10-24 17:19:22
1469,42,70,17,,,126.83135024460147,37.19518942758536,126.8382679615695,37.20956624074167,2024-10-24 17:19:51
1470,58,33,17,,,126.83571548687138,37.2084305056832,126.8294935218657,37.19995006247583,2024-10-24 17:20:04
1471,69,30,17,,,126.83847740957196,37.20623958386042,126.83087880106646,37.19972993177539,2024-10-24 17:22:07
1472,23,32,17,,,126.82117605982518,37.19084504637928,126.83178756537521,37.202107783540654,2024-10-24 17:22:26
1473,17,54,17,,,126.82566945851364,37.19752543374554,126.83273273602634,37.20982810926743,2024-10-24 17:23:09
1474,54,33,17,,,126.83268716031502,37.21006969587098,126.8296842215461,37.20084110028456,2024-10-24 17:23:28
1475,56,33,17,,,126.83446829119764,37.204658723759955,126.83015517456072,37.20072136633558,2024-10-24 17:23:29
1476,37,51,17,,,126.82042428579021,37.19693332411986,126.81892253572968,37.210426278265096,2024-10-24 17:24:15
1477,39,47,17,,,126.82241071553497,37.200620229652195,126.82813471687273,37.2111973405123,2024-10-24 17:24:37
1478,56,17,17,,,126.83449297568356,37.204956984387664,126.8264174126797,37.19665267606175,2024-10-24 17:24:41
1479,58,33,17,,,126.83557314646,37.208409109699005,126.82983817584042,37.200877202284794,2024-10-24 17:25:45
1480,70,17,17,,,126.83735730825326,37.21043824341071,126.8265118616173,37.19640631313275,2024-10-24 17:26:17
1481,33,56,17,,,126.82944038753129,37.20061866223762,126.83542171099509,37.20548906045383,2024-10-24 17:26:29
1482,56,33,17,,,126.83538883415274,37.20609311665762,126.8302981213165,37.19991779415635,2024-10-24 17:26:37
1483,1,61,17,,,126.81700577986749,37.198830063644905,126.83256940434966,37.21659367200107,2024-10-24 17:26:51
1484,33,56,17,,,126.82879443364305,37.200176110668124,126.83470656422502,37.20618467426686,2024-10-24 17:27:13
1485,56,33,17,,,126.83567067907298,37.2061937199621,126.82938914036272,37.19983434471093,2024-10-24 17:27:36
1486,69,30,17,,,126.83671208201086,37.20708093241601,126.83113796050962,37.199853175438164,2024-10-24 17:27:48
1487,42,70,17,,,126.83202504048376,37.19681262567747,126.83792734224964,37.209731208399894,2024-10-24 17:28:22
1488,37,51,17,,,126.82085604169872,37.19817711440543,126.819604661045,37.21059380590657,2024-10-24 17:28:24
1489,21,60,17,,,126.81806899607191,37.197183699236355,126.8320847597108,37.21300543323154,2024-10-24 17:28:25
1490,58,33,17,,,126.83442177183194,37.20910627826273,126.82973657451275,37.19992003082012,2024-10-24 17:28:27
1491,53,22,17,,,126.82899631895056,37.20707517948634,126.81618519705098,37.19550753313429,2024-10-24 17:28:28
1492,58,33,17,,,126.83475248322738,37.208421007467656,126.82898991987297,37.2005705317199,2024-10-24 17:28:30
1493,37,51,17,,,126.8211900596512,37.1972496425202,126.82032031426327,37.21086000912891,2024-10-24 17:29:00
1494,10,17,17,,,126.81630867951466,37.2095390478017,126.82574586521392,37.19768570596978,2024-10-24 17:29:16
1495,56,31,17,,,126.8347273483469,37.20546973813044,126.82979500222899,37.197767791766445,2024-10-24 17:29:16
1496,11,17,17,,,126.81452607682508,37.208969808771975,126.82597155393634,37.19776005514154,2024-10-24 17:29:26
1497,42,70,17,,,126.8322672625725,37.196799572575124,126.83699092029354,37.209616694368776,2024-10-24 17:29:44
1498,21,7,17,,,126.81936703163632,37.19557492093723,126.82718447168413,37.20802137772998,2024-10-24 17:29:47
1499,56,17,17,,,126.83583402392621,37.2062408930637,126.8273549389595,37.19728116891404,2024-10-24 17:29:53
1500,58,33,17,,,126.83542491252857,37.20893048019103,126.82972869062974,37.20139769001102,2024-10-24 17:30:14
1501,54,17,17,,,126.83171350227398,37.21058850337462,126.82579002204128,37.19634566180451,2024-10-24 17:30:36
1502,42,70,17,,,126.83095356069707,37.19628584569423,126.83848641026475,37.20967839022223,2024-10-24 17:30:41
1503,70,32,17,,,126.83844402063457,37.208623113458366,126.83224068560558,37.20266873360691,2024-10-24 17:30:50
1504,33,56,17,,,126.82977736381208,37.20031561380097,126.8358235352664,37.20611155841202,2024-10-24 17:30:55
1505,11,17,17,,,126.81431420931236,37.20891164822059,126.825811910174,37.19621860814118,2024-10-24 17:30:58
1506,58,33,17,,,126.83562607208133,37.2084053657256,126.82905293749668,37.20155392198647,2024-10-24 17:31:05
1507,31,58,17,,,126.82940929991646,37.19851168408976,126.8360434825312,37.20836676563241,2024-10-24 17:31:25
1508,10,17,17,,,126.81741269942123,37.20873479474508,126.8262076892685,37.196107152154326,2024-10-24 17:31:34
1509,37,51,17,,,126.82207516208923,37.19729831474902,126.818991877825,37.21037461186055,2024-10-24 17:31:57
1510,54,33,17,,,126.83209075430726,37.20980077828064,126.82835053456877,37.19975988153662,2024-10-24 17:33:42
1511,58,33,17,,,126.83565643703122,37.208731575128105,126.82861223855929,37.201000224354075,2024-10-24 17:34:27
1512,36,45,17,,,126.82387208359306,37.19818782204086,126.82543677847416,37.21203009638629,2024-10-24 17:35:02
1513,58,19,17,,,126.83577876491519,37.20862339269384,126.82806216478207,37.194757363822774,2024-10-24 17:35:15
1514,69,30,17,,,126.83710861012788,37.20635848015118,126.8309737120955,37.19816021801684,2024-10-24 17:36:02
1515,17,54,17,,,126.82576436389262,37.195851890219494,126.83265756807978,37.20953320749102,2024-10-24 17:38:11
1516,54,33,17,,,126.83218753270657,37.20964166577132,126.82902475533058,37.20034643129234,2024-10-24 17:38:21
1517,71,47,17,,,126.83923484384009,37.204128526971004,126.82818643161845,37.211243994553826,2024-10-24 17:38:26
1518,58,19,17,,,126.83600815832064,37.20888794884401,126.8295551806592,37.19536586984784,2024-10-24 17:38:36
1519,10,40,17,,,126.8174473439605,37.20857296337735,126.83216672094763,37.193170215366024,2024-10-24 17:38:43
1520,37,51,17,,,126.82041381170662,37.19651906025995,126.81890992909057,37.20950957893753,2024-10-24 17:38:48
1521,33,56,17,,,126.83004083106508,37.19992442326113,126.83447463772771,37.20624603521879,2024-10-24 17:38:51
1522,58,33,17,,,126.83567626975045,37.208718873025674,126.82960459273261,37.20028347902386,2024-10-24 17:39:02
1523,58,19,17,,,126.83569072890874,37.208576591504155,126.82903479667391,37.19577885834263,2024-10-24 17:40:09
1524,26,37,17,,,126.81756528407229,37.194385987463264,126.82031849567151,37.1970706803798,2024-10-24 17:40:18
1525,32,58,17,,,126.83165807961304,37.20206251732789,126.83537780918113,37.20754634860118,2024-10-24 17:40:33
1526,17,54,17,,,126.82559617829044,37.19628209142946,126.83233761350569,37.20931097912113,2024-10-24 17:40:46
1527,70,33,17,,,126.83817872879347,37.20904130721349,126.82999915072287,37.201664266601945,2024-10-24 17:40:48
1528,54,33,17,,,126.83310228674954,37.21090038207676,126.83008062016424,37.200602717426854,2024-10-24 17:41:06
1529,56,33,17,,,126.83530367163927,37.20594699346774,126.82987739956369,37.20144113265738,2024-10-24 17:42:12
1530,17,54,17,,,126.82736066719369,37.19653151559241,126.83193636493198,37.21053599853613,2024-10-24 17:42:18
1531,56,41,17,,,126.83396451215872,37.20496297397341,126.83442080753042,37.19778915267726,2024-10-24 17:43:23
1532,70,17,17,,,126.83838449637415,37.20954039404596,126.8264864989555,37.19605437430256,2024-10-24 17:43:24
1533,58,19,17,,,126.83501323937911,37.20830549899211,126.82884527125195,37.19589689997248,2024-10-24 17:43:26
1534,56,33,17,,,126.83505784422833,37.204944823493,126.83027436752702,37.201621248816394,2024-10-24 17:43:47
1535,58,33,17,,,126.83451793293592,37.2085773602486,126.82946798454377,37.200903190973996,2024-10-24 17:43:57
1536,12,17,17,,,126.81826805206357,37.204704989897316,126.82605211140559,37.19603605011365,2024-10-24 17:44:11
1537,70,17,17,,,126.83742795888307,37.21010995767204,126.82557343615744,37.196583132084434,2024-10-24 17:44:28
1538,70,33,17,,,126.83681981906255,37.210483692906806,126.82927864589718,37.20153279649645,2024-10-24 17:44:34
1539,37,51,17,,,126.82183310085246,37.19734936159881,126.81878518218042,37.21110520877682,2024-10-24 17:45:09
1540,33,56,17,,,126.82904918703224,37.199858005859404,126.83479961453796,37.20504266181414,2024-10-24 17:45:25
1541,37,51,17,,,126.82187641480398,37.1973234995226,126.82053088860138,37.21010205789013,2024-10-24 17:45:45
1542,58,19,17,,,126.83488841091875,37.207738597587216,126.82807664296159,37.195509853401404,2024-10-24 17:45:54
1543,11,17,17,,,126.81368665099592,37.20763585965628,126.82546316567877,37.19735456731093,2024-10-24 17:46:13
1544,52,57,17,,,126.8313942736306,37.218369759012816,126.83134483604498,37.20402593257444,2024-10-24 17:46:19
1545,56,33,17,,,126.8356558224365,37.206044500081944,126.82894166385015,37.20110888495208,2024-10-24 17:46:28
1546,17,54,17,,,126.82583005477443,37.196564749672845,126.8325184703267,37.209960465404436,2024-10-24 17:47:18
1547,56,33,17,,,126.83519648840428,37.205450795439475,126.82956299273867,37.201440942380465,2024-10-24 17:47:48
1548,21,19,17,,,126.81849220060901,37.19646458188411,126.82930571704544,37.19425981052478,2024-10-24 17:48:24
1549,58,19,17,,,126.83495718537397,37.20831003886678,126.82871596258353,37.194219325980384,2024-10-24 17:48:34
1550,69,30,17,,,126.837374133964,37.205840718844954,126.8316006904534,37.19857101169624,2024-10-24 17:48:41
1551,56,31,17,,,126.83579601538874,37.20625541302429,126.82871983041392,37.197019842067675,2024-10-24 17:48:59
1552,54,33,17,,,126.83359149516112,37.21061624486573,126.8296604879647,37.20133194435596,2024-10-24 17:49:21
1553,72,33,17,,,126.81120078374644,37.207288960237065,126.82953516399635,37.20052970772846,2024-10-24 17:49:29
1554,58,33,17,,,126.83573270271164,37.208109087175224,126.82913353003161,37.2009947874892,2024-10-24 17:49:41
1555,58,17,17,,,126.83487903720531,37.207578546079375,126.82611456613809,37.197023619306236,2024-10-24 17:49:58
1556,56,17,17,,,126.83421732117299,37.206383904717754,126.82704394101194,37.196497114056896,2024-10-24 17:50:00
1557,54,33,17,,,126.83261653811792,37.20991398562924,126.82863832488606,37.20160766614292,2024-10-24 17:50:08
1558,33,56,17,,,126.82893447599184,37.2012784892562,126.83417130304507,37.20601284317668,2024-10-24 17:50:14
1559,58,33,17,,,126.83437773528026,37.20843624191462,126.8300551264493,37.20036308075138,2024-10-24 17:50:29
1560,38,60,17,,,126.82414229326339,37.20152348732153,126.83384399304738,37.21324621042807,2024-10-24 17:50:48
1561,33,56,17,,,126.82862254270114,37.20157464777458,126.8355109305505,37.2052400126142,2024-10-24 17:51:22
1562,72,70,17,,,126.81118789342793,37.20759151026166,126.83746200970195,37.20986408335441,2024-10-24 17:51:23
1563,42,70,17,,,126.83149886203203,37.19604224426634,126.8371509441855,37.208583162955186,2024-10-24 17:52:32
1564,56,32,17,,,126.83403166636509,37.204971568656376,126.83231957811422,37.202264889491886,2024-10-24 17:52:43
1565,56,17,17,,,126.83547304222365,37.20586406438057,126.82705283990232,37.19766440722949,2024-10-24 17:53:21
1566,58,33,17,,,126.83579246057135,37.207870264598164,126.82947337887866,37.20134361774602,2024-10-24 17:53:42
1567,56,31,17,,,126.83579621022082,37.206007316570805,126.82963052499234,37.197735443017315,2024-10-24 17:54:14
1568,33,56,17,,,126.82845572155551,37.199776852912336,126.83467151156795,37.206546719670236,2024-10-24 17:54:29
1569,56,33,17,,,126.83494828643452,37.205963642556505,126.82911827901349,37.20025723171409,2024-10-24 17:54:32
1570,72,56,17,,,126.81200606914165,37.20681260995769,126.83443145077489,37.20532818980558,2024-10-24 17:54:45
1571,17,54,17,,,126.82690210312703,37.196966104373516,126.8321792021902,37.209284498237075,2024-10-24 17:54:46
1572,37,51,17,,,126.8206309214488,37.19679798717876,126.81990277049448,37.21091344776875,2024-10-24 17:55:17
1573,36,29,17,,,126.82331774550677,37.198240804410524,126.82603938090195,37.20266189007647,2024-10-24 17:55:21
1574,19,10,17,,,126.8285873735351,37.194596830056234,126.81781576246556,37.209198434377264,2024-10-24 17:56:59
1575,19,35,17,,,126.82913949350352,37.19588053436554,126.81840165478242,37.20185333759818,2024-10-24 17:58:14
1576,69,30,17,,,126.83727416765163,37.20759141284754,126.83082315870985,37.19829194478002,2024-10-24 17:58:50
1577,11,17,17,,,126.81385831694574,37.208883958169224,126.82616976647654,37.1972625263005,2024-10-24 17:58:50
1578,37,51,17,,,126.82112834450838,37.19777042123599,126.81948453243368,37.20945521956843,2024-10-24 17:59:30
1579,56,17,17,,,126.83524770148843,37.20567369417843,126.82725888364318,37.197182450076234,2024-10-24 17:59:38
1580,37,51,18,,,126.82040820898088,37.19714923800307,126.81892504333288,37.2094794243076,2024-10-24 18:00:27
1581,10,17,18,,,126.81604974045214,37.20878130386914,126.82724841682561,37.196331909209235,2024-10-24 18:00:38
1582,37,51,18,,,126.82082894843515,37.19682184945106,126.81921866245266,37.2098572792111,2024-10-24 18:02:01
1583,53,41,18,,,126.82906981994861,37.20714118667826,126.83389630138336,37.19810123037022,2024-10-24 18:02:11
1584,70,42,18,,,126.8382693500446,37.209015657235035,126.83143833626181,37.19709249591115,2024-10-24 18:02:35
1585,35,32,18,,,126.8198637220565,37.201965219750825,126.83238566688468,37.20202403882253,2024-10-24 18:02:52
1586,11,17,18,,,126.81377500766425,37.20902473819999,126.82624574358447,37.196325506303026,2024-10-24 18:02:58
1587,33,56,18,,,126.82893760709358,37.19978676523009,126.8358282124109,37.20551461554925,2024-10-24 18:03:00
1588,37,56,18,,,126.82143539841194,37.19794976846066,126.83449709520019,37.206351790158884,2024-10-24 18:03:09
1589,27,24,18,,,126.82688191316359,37.19918800088278,126.81848475608119,37.189844129191755,2024-10-24 18:03:44
1590,58,33,18,,,126.83589765158443,37.20789979030603,126.82997517471027,37.201259631194674,2024-10-24 18:04:18
1591,10,56,18,,,126.81750212398984,37.20951459150734,126.83577585650929,37.20489778111358,2024-10-24 18:04:27
1592,20,59,18,,,126.81590856230169,37.192998535185886,126.83269834507972,37.20790597473822,2024-10-24 18:04:58
1593,11,70,18,,,126.81371966488744,37.20909112376016,126.83694442144841,37.20919797856575,2024-10-24 18:05:04
1594,50,37,18,,,126.82154421119435,37.21121869954555,126.8212863286461,37.19810881048953,2024-10-24 18:05:10
1595,70,17,18,,,126.83878156498886,37.20973926358904,126.82676142049105,37.197162270973486,2024-10-24 18:06:28
1596,54,33,18,,,126.83359576471683,37.20985115721918,126.82892356430646,37.20094378947605,2024-10-24 18:07:24
1597,55,53,18,,,126.82982337586594,37.208370791816705,126.8295404232653,37.20678318380594,2024-10-24 18:07:33
1598,51,37,18,,,126.82017027486991,37.21003053300151,126.8215784429231,37.1974232041337,2024-10-24 18:08:45
1599,70,42,18,,,126.83741196265989,37.20928857655572,126.83095965451722,37.195418734326246,2024-10-24 18:09:23
1600,37,51,18,,,126.8205223360273,37.1981890499557,126.81975977417017,37.209798671384064,2024-10-24 18:09:51
1601,37,72,18,,,126.82036726461727,37.19707896492018,126.81238757013354,37.207767225914175,2024-10-24 18:10:08
1602,56,33,18,,,126.83394486196342,37.20498409748423,126.82890256268483,37.19986681310647,2024-10-24 18:11:00
1603,58,33,18,,,126.834221104494,37.20890667759603,126.82994552205012,37.200690783065646,2024-10-24 18:11:27
1604,54,33,18,,,126.83277770197517,37.2094021008487,126.82969232247692,37.19972990117259,2024-10-24 18:11:42
1605,2,61,18,,,126.82272239973831,37.20569595482665,126.8336453605657,37.21623158849029,2024-10-24 18:11:50
1606,37,51,18,,,126.82136975657745,37.197103238697196,126.8187376488038,37.20977647199181,2024-10-24 18:11:53
1607,50,37,18,,,126.82212713161498,37.21114415994093,126.82169204641251,37.19781262305864,2024-10-24 18:12:13
1608,33,56,18,,,126.828338850542,37.199881796044124,126.8350945027051,37.206069518081264,2024-10-24 18:13:08
1609,10,40,18,,,126.81714159120847,37.20965793918211,126.83145702331733,37.193664665098176,2024-10-24 18:13:13
1610,33,56,18,,,126.82899737722477,37.20123631047854,126.83529829286168,37.20597863957091,2024-10-24 18:13:44
1611,56,41,18,,,126.83465801911508,37.20650056039755,126.83341857318709,37.19667303592494,2024-10-24 18:13:46
1612,55,18,18,,,126.83030568924627,37.208578595330636,126.82283614570326,37.19482895145579,2024-10-24 18:14:03
1613,1,55,18,,,126.81631529289237,37.19799688230215,126.83037023958063,37.20814426571097,2024-10-24 18:14:22
1614,70,10,18,,,126.83835382346082,37.20936172297052,126.81799112569662,37.209337414388905,2024-10-24 18:14:55
1615,10,17,18,,,126.816997794456,37.20880677822729,126.82596713216229,37.19649563859908,2024-10-24 18:15:05
1616,51,37,18,,,126.81911441478957,37.2108660609104,126.82143475394561,37.196891050090755,2024-10-24 18:15:29
1617,72,33,18,,,126.8113044076949,37.20786987176514,126.82939289688167,37.200150280831814,2024-10-24 18:15:38
1618,56,33,18,,,126.83422459415598,37.206414002929094,126.82938974846357,37.20143089452872,2024-10-24 18:16:21
1619,37,51,18,,,126.82100544718331,37.19716288501995,126.81974851822935,37.20976210874384,2024-10-24 18:16:23
1620,56,33,18,,,126.83478417701326,37.20607008237158,126.8288725571511,37.20060735832927,2024-10-24 18:16:32
1621,56,31,18,,,126.8351442027409,37.20500207551261,126.82885955126375,37.19771443886669,2024-10-24 18:17:00
1622,56,33,18,,,126.83399800003852,37.20505766348391,126.82959200662432,37.19971921862321,2024-10-24 18:17:15
1623,50,37,18,,,126.82197832247638,37.21051758143198,126.82182700317531,37.19806822142286,2024-10-24 18:17:49
1624,56,41,18,,,126.83462490368743,37.20494991224757,126.83330469001775,37.19662930014533,2024-10-24 18:18:39
1625,11,17,18,,,126.8143625017905,37.20750056870964,126.82644013327382,37.19676078967249,2024-10-24 18:18:42
1626,56,31,18,,,126.83574652144091,37.205935517568506,126.82977550021799,37.19754384931897,2024-10-24 18:19:39
1627,37,51,18,,,126.82152341582193,37.19730441995019,126.81941448322121,37.21124480666023,2024-10-24 18:19:50
1628,50,37,18,,,126.82291633988049,37.2119909363683,126.8206420315404,37.198114500181624,2024-10-24 18:20:39
1629,56,41,18,,,126.83510514040887,37.2055308926619,126.83399059138951,37.196293284668414,2024-10-24 18:21:02
1630,70,33,18,,,126.83767572894202,37.20901232195006,126.8284730526567,37.20015287432548,2024-10-24 18:21:05
1631,51,37,18,,,126.81955225069595,37.21111099246576,126.82109612239648,37.19830746326655,2024-10-24 18:21:22
1632,50,37,18,,,126.82142881056538,37.21104655260652,126.82079199642344,37.19730698070043,2024-10-24 18:21:38
1633,70,17,18,,,126.83815147437745,37.21049557236112,126.82544091704285,37.195904667208154,2024-10-24 18:21:42
1634,58,33,18,,,126.83451217454116,37.20858276283657,126.82939767868429,37.20008002149511,2024-10-24 18:22:01
1635,37,26,18,,,126.8210125702743,37.19803814632568,126.81900531287611,37.193328315711184,2024-10-24 18:22:37
1636,50,37,18,,,126.82231447614977,37.21135271836234,126.82186975559772,37.19724150926187,2024-10-24 18:22:57
1637,19,72,18,,,126.8295094567104,37.195699863782245,126.81111535448133,37.2072153521634,2024-10-24 18:23:15
1638,51,37,18,,,126.81953295937932,37.210099033613915,126.82106748410145,37.19779512932293,2024-10-24 18:24:12
1639,10,17,18,,,126.81764273876091,37.208721285692505,126.82702244843503,37.197020113357986,2024-10-24 18:24:25
1640,50,37,18,,,126.82177998736601,37.210577076445574,126.82091922925224,37.1968168963569,2024-10-24 18:24:35
1641,10,17,18,,,126.81672610859374,37.20999319600992,126.82694155113501,37.19612401351544,2024-10-24 18:25:41
1642,53,57,18,,,126.82954370976273,37.20570530753433,126.8316001040368,37.204631102163845,2024-10-24 18:26:01
1643,33,54,18,,,126.8291704848591,37.2005942010506,126.83187444427976,37.21043389590254,2024-10-24 18:26:12
1644,50,37,18,,,126.82222941988144,37.21093770112788,126.82057516533969,37.19717776963731,2024-10-24 18:27:01
1645,10,24,18,,,126.8165648722209,37.20856015539502,126.817470581359,37.19071319995105,2024-10-24 18:27:02
1646,56,33,18,,,126.83440994117423,37.2047184686125,126.82858723452198,37.201083982074486,2024-10-24 18:27:04
1647,59,41,18,,,126.83147161032144,37.2076857631164,126.83367599271442,37.1966214911582,2024-10-24 18:27:27
1648,51,37,18,,,126.82033838737992,37.21131101914507,126.82028452810788,37.19793921586122,2024-10-24 18:27:34
1649,32,54,18,,,126.83219837747619,37.20121272868981,126.83169310151577,37.21051292255698,2024-10-24 18:28:03
1650,33,56,18,,,126.8295559751509,37.20062858147059,126.83418407511996,37.20501476610656,2024-10-24 18:28:44
1651,56,41,18,,,126.83393784963685,37.20469880763267,126.83459571937829,37.1978370083771,2024-10-24 18:28:47
1652,58,42,18,,,126.83456063944263,37.207700262524924,126.83089812697254,37.195828545807295,2024-10-24 18:29:12
1653,51,37,18,,,126.81981155838234,37.2103193330013,126.82141576356436,37.1971730040458,2024-10-24 18:29:56
1654,50,37,18,,,126.82183972932872,37.21153815511628,126.82128527084357,37.19650588955443,2024-10-24 18:30:20
1655,56,19,18,,,126.83470720353722,37.20477085937885,126.82891790212821,37.195649960422124,2024-10-24 18:30:25
1656,11,32,18,,,126.81410962902139,37.20788961724614,126.8327594226875,37.20141591635243,2024-10-24 18:30:38
1657,36,56,18,,,126.82342307192157,37.19875217238122,126.8358139061661,37.20611209164801,2024-10-24 18:31:50
1658,33,58,18,,,126.82897656424636,37.20086530747101,126.83605920924751,37.208615476099894,2024-10-24 18:31:54
1659,33,56,18,,,126.82900007400863,37.200283131693325,126.8339248933928,37.20538057928329,2024-10-24 18:32:03
1660,54,33,18,,,126.8320698858943,37.20924715150418,126.82908606160623,37.20148847348483,2024-10-24 18:33:21
1661,56,33,18,,,126.835432451307,37.205465475609685,126.82905173750848,37.19990824411352,2024-10-24 18:33:41
1662,50,37,18,,,126.82254174754225,37.21144802998641,126.82184199562978,37.19769981491213,2024-10-24 18:33:46
1663,56,17,18,,,126.83482664258287,37.20607646338758,126.8273877896726,37.196173045699446,2024-10-24 18:34:18
1664,55,19,18,,,126.8296400936006,37.20813461065643,126.82864839966469,37.19585445364919,2024-10-24 18:35:23
1665,72,21,18,,,126.81147165395176,37.20775956161662,126.81907778302225,37.19696829392434,2024-10-24 18:35:33
1666,56,41,18,,,126.83534155057453,37.20592494367146,126.83401703710499,37.197989975039015,2024-10-24 18:35:41
1667,56,40,18,,,126.83424563645531,37.20612581225908,126.83034916408583,37.19364268220722,2024-10-24 18:36:29
1668,2,65,18,,,126.82268530396736,37.205031926334556,126.83453738879622,37.200314102560675,2024-10-24 18:36:44
1669,51,37,18,,,126.82013968545039,37.21093463172869,126.82184457644387,37.19734640598569,2024-10-24 18:37:43
1670,29,28,18,,,126.82755334460637,37.2015049238502,126.82977294939569,37.20328468654757,2024-10-24 18:38:10
1671,33,56,18,,,126.82915839565825,37.20138318727542,126.83430947351509,37.20503373355225,2024-10-24 18:38:11
1672,56,31,18,,,126.83482913882818,37.20640139807588,126.82956480269195,37.1980025511432,2024-10-24 18:38:51
1673,23,32,18,,,126.82176248629307,37.19104277478669,126.83175401603573,37.20257993347767,2024-10-24 18:39:31
1674,70,33,18,,,126.83784078548184,37.20943735242956,126.8293211134662,37.2011494107087,2024-10-24 18:39:56
1675,33,56,18,,,126.82860347414615,37.20098113647664,126.83554709728405,37.20511769400389,2024-10-24 18:40:02
1676,50,37,18,,,126.82337618436797,37.21249650508606,126.821740388679,37.197928370424485,2024-10-24 18:41:14
1677,33,58,18,,,126.82897151147584,37.20026504604692,126.83588529042589,37.20766835039513,2024-10-24 18:42:03
1678,17,58,18,,,126.82636555228662,37.195963092436344,126.8353181410104,37.209074772750455,2024-10-24 18:42:41
1679,19,10,18,,,126.82954720428599,37.19590495036038,126.8169573301631,37.208832569471916,2024-10-24 18:42:45
1680,53,47,18,,,126.83058994186024,37.206895189852325,126.82730720718158,37.210994893402955,2024-10-24 18:42:59
1681,50,37,18,,,126.82193222407491,37.210656831695786,126.82049792243085,37.19687908689589,2024-10-24 18:43:56
1682,1,72,18,,,126.81633383905861,37.19892179918113,126.81066102437568,37.20618456056942,2024-10-24 18:44:07
1683,50,37,18,,,126.82181842673762,37.21057372265108,126.82198708319451,37.19682960470459,2024-10-24 18:44:21
1684,11,17,18,,,126.81520342991077,37.20736085891175,126.82739583239947,37.19663473658482,2024-10-24 18:44:22
1685,33,56,18,,,126.8298801316525,37.201540952568855,126.83456511704598,37.20555107281969,2024-10-24 18:44:26
1686,51,37,18,,,126.82021698582217,37.21044468307632,126.82105575723723,37.196722165997436,2024-10-24 18:44:39
1687,37,51,18,,,126.82048268468621,37.197998431872236,126.81930480950376,37.211291617338546,2024-10-24 18:44:42
1688,64,30,18,,,126.8428164467244,37.20388364814127,126.83090970736646,37.19866888869057,2024-10-24 18:44:55
1689,56,33,18,,,126.83504596023992,37.205009807930765,126.83020564810019,37.200452885499544,2024-10-24 18:44:59
1690,56,17,18,,,126.8351161486055,37.20559247934151,126.82658060335307,37.19764794875104,2024-10-24 18:45:22
1691,72,70,18,,,126.81224477076445,37.208152754627164,126.83726362130822,37.20993208539564,2024-10-24 18:45:23
1692,56,33,18,,,126.83530481769326,37.20647551196009,126.82874878311534,37.20111060164273,2024-10-24 18:45:30
1693,56,33,18,,,126.83487824818278,37.20614027134862,126.82941113045814,37.19980225720675,2024-10-24 18:45:45
1694,56,41,18,,,126.8347928459956,37.20570751690283,126.83450538115028,37.19629146732375,2024-10-24 18:46:04
1695,56,33,18,,,126.834671040844,37.206142391575206,126.83002581966726,37.201157697738665,2024-10-24 18:46:07
1696,11,13,18,,,126.81526553275563,37.20730336832657,126.81679209462719,37.2040631612743,2024-10-24 18:46:17
1697,11,17,18,,,126.81423376349947,37.20837736527117,126.8266875520189,37.197645420979406,2024-10-24 18:46:28
1698,37,53,18,,,126.82145984499235,37.19717211431503,126.8292515367475,37.20725086137782,2024-10-24 18:47:24
1699,10,17,18,,,126.81625970484231,37.21030585334244,126.82579160116167,37.196510601524096,2024-10-24 18:47:35
1700,10,17,18,,,126.81642834975551,37.20975219835281,126.82704786638759,37.19616181382964,2024-10-24 18:48:03
1701,70,33,18,,,126.83728394500814,37.21051629102746,126.83010783223015,37.20089848021354,2024-10-24 18:48:06
1702,70,17,18,,,126.83879979577416,37.20961189235932,126.82574853766721,37.19747057030904,2024-10-24 18:48:38
1703,47,33,18,,,126.82802770794179,37.211611980108195,126.82935205810976,37.20041431504781,2024-10-24 18:51:17
1704,33,56,18,,,126.82948160522028,37.20038127014055,126.83419997907492,37.205725206705466,2024-10-24 18:51:29
1705,56,33,18,,,126.83544180786869,37.20485336841491,126.82921614534422,37.20031780913633,2024-10-24 18:51:34
1706,70,17,18,,,126.83748282629384,37.20992697078684,126.82717355351066,37.19704034714496,2024-10-24 18:52:39
1707,51,37,18,,,126.81929393916434,37.210800426343674,126.82139590152217,37.1975975138823,2024-10-24 18:53:09
1708,46,9,18,,,126.83053768581355,37.2118695095401,126.81411975989181,37.204571652991916,2024-10-24 18:53:33
1709,56,31,18,,,126.83513478473154,37.20523781674779,126.82844047384508,37.198470255168274,2024-10-24 18:54:05
1710,37,51,18,,,126.82202407425727,37.19841899353959,126.81882541978652,37.211176164803106,2024-10-24 18:54:32
1711,11,33,18,,,126.81480079960998,37.20730787719441,126.82916191389117,37.20162197408658,2024-10-24 18:55:08
1712,10,17,18,,,126.81690053065348,37.20997037553825,126.82734969750149,37.19601647142552,2024-10-24 18:56:48
1713,33,56,18,,,126.82946069764301,37.20005301194791,126.83442130191251,37.205917646764256,2024-10-24 18:57:23
1714,50,37,18,,,126.82248047812013,37.21124872838575,126.82042880296585,37.19669226434221,2024-10-24 18:57:30
1715,37,51,18,,,126.82046312710112,37.19694718092311,126.81896915181662,37.211082280602746,2024-10-24 18:57:32
1716,26,37,18,,,126.81891843670932,37.19391441791194,126.8218655208657,37.19654760817827,2024-10-24 18:57:52
1717,39,32,18,,,126.8216525967594,37.200255444030056,126.8324538228566,37.201724485994255,2024-10-24 18:58:07
1718,11,7,18,,,126.81437207117112,37.2077130636671,126.82668513540408,37.2085960615934,2024-10-24 18:58:24
1719,56,17,18,,,126.83564962784351,37.20505587867682,126.82704141165264,37.19638915459416,2024-10-24 18:59:05
1720,71,12,18,,,126.83961166651918,37.20464603623526,126.81976839934363,37.20507586581769,2024-10-24 18:59:53
1721,19,10,19,,,126.82941367638789,37.19422857007976,126.81684386176072,37.20917394155083,2024-10-24 19:00:06
1722,33,56,19,,,126.82971088991681,37.20057962138308,126.83568467081069,37.20609335966749,2024-10-24 19:00:12
1723,72,56,19,,,126.81206831247226,37.20754931877204,126.8341940699931,37.205958045162554,2024-10-24 19:00:38
1724,11,58,19,,,126.81478664853599,37.208980443571186,126.83494218999041,37.208207170230274,2024-10-24 19:00:52
1725,69,16,19,,,126.8370892499132,37.2076517506828,126.82356040510447,37.19241394365462,2024-10-24 19:01:46
1726,10,38,19,,,126.8167293409836,37.21024028872439,126.8241102752447,37.2010751474188,2024-10-24 19:05:27
1727,64,2,19,,,126.84286960807431,37.204142959325196,126.82121835128413,37.20675002741741,2024-10-24 19:05:41
1728,58,33,19,,,126.83583597968155,37.208583647021264,126.83027413024706,37.19973579342339,2024-10-24 19:05:59
1729,56,31,19,,,126.83563852128704,37.20619838091518,126.82864065335067,37.19815090751149,2024-10-24 19:06:07
1730,53,62,19,,,126.83026697042956,37.20555869966409,126.83865337543004,37.21251615096985,2024-10-24 19:06:38
1731,69,30,19,,,126.83853180151331,37.20647802724406,126.83098505028833,37.19868819347135,2024-10-24 19:06:41
1732,56,33,19,,,126.83533626600062,37.20529337724234,126.82938929551138,37.20139020384093,2024-10-24 19:06:47
1733,54,33,19,,,126.83364885680028,37.21055011010588,126.83021506968628,37.199960993782796,2024-10-24 19:06:57
1734,29,1,19,,,126.82618573824513,37.20313724154733,126.8158717226331,37.19766353478976,2024-10-24 19:07:27
1735,56,41,19,,,126.8351069349213,37.20500424763941,126.83434524386402,37.19655583039163,2024-10-24 19:08:00
1736,56,31,19,,,126.83488598149565,37.20512463013515,126.82999933199766,37.19822625385045,2024-10-24 19:08:06
1737,37,59,19,,,126.82210621904072,37.19775455644694,126.83243156513011,37.20764487397855,2024-10-24 19:08:24
1738,69,30,19,,,126.83805090937146,37.20607517802502,126.83241773132767,37.198544027875535,2024-10-24 19:08:25
1739,12,19,19,,,126.81937862876315,37.204558313697376,126.82873878500932,37.194423285157825,2024-10-24 19:08:29
1740,33,56,19,,,126.82856006245633,37.1997171437189,126.835810853587,37.20570417797078,2024-10-24 19:09:28
1741,59,48,19,,,126.83311290317398,37.206977196056464,126.83063912211594,37.21565871956316,2024-10-24 19:09:40
1742,67,60,19,,,126.83399138275246,37.20266659723926,126.83276340352589,37.21399410966198,2024-10-24 19:11:11
1743,37,51,19,,,126.82158023687188,37.197930108752644,126.81956445156145,37.20959825276148,2024-10-24 19:11:38
1744,17,54,19,,,126.82573726666101,37.19752165257521,126.83305556202247,37.21004721743982,2024-10-24 19:12:53
1745,67,20,19,,,126.8348116842456,37.203256114229895,126.81569228407898,37.19274257846489,2024-10-24 19:13:09
1746,24,10,19,,,126.81813485467164,37.19068549119246,126.81714436138115,37.20855873883969,2024-10-24 19:13:31
1747,66,49,19,,,126.83783514567901,37.2030490576604,126.82814306432148,37.2146534745147,2024-10-24 19:13:54
1748,1,36,19,,,126.81546361720709,37.197328405618244,126.82453550002721,37.1986020265468,2024-10-24 19:13:56
1749,7,44,19,,,126.82645776133586,37.207504176432494,126.82021273518522,37.189427919964885,2024-10-24 19:13:57
1750,59,33,19,,,126.83277288155783,37.20775363821533,126.8283877412756,37.199755253969656,2024-10-24 19:14:19
1751,25,8,19,,,126.8201550450717,37.19397961878189,126.82513486632512,37.20631605239781,2024-10-24 19:14:30
1752,62,10,19,,,126.83759802329466,37.21253894988793,126.81685420713654,37.20979647114837,2024-10-24 19:14:44
1753,14,43,19,,,126.8199741830134,37.20814654601166,126.82369196706442,37.1897555915255,2024-10-24 19:17:25
1754,28,7,19,,,126.83028157653706,37.204447214672115,126.8281273751174,37.207913017075654,2024-10-24 19:17:42
1755,70,18,19,,,126.83861187368574,37.20975446318734,126.82461425995332,37.19503048742373,2024-10-24 19:18:30
1756,29,15,19,,,126.82591281928327,37.20152904243828,126.81675705807052,37.205992517453545,2024-10-24 19:18:53
1757,37,51,19,,,126.82077600375248,37.196864355781095,126.82048968651516,37.21037199376604,2024-10-24 19:19:08
1758,51,71,19,,,126.82054079232027,37.209984117296315,126.84015143369622,37.20539087387284,2024-10-24 19:19:19
1759,19,65,19,,,126.82820745763085,37.195500913228955,126.83486818453288,37.19976087239586,2024-10-24 19:19:41
1760,37,51,19,,,126.82168463061402,37.1976379513299,126.82044713276103,37.21115910657677,2024-10-24 19:20:03
1761,11,32,19,,,126.81363150866993,37.20844750003986,126.83151380921399,37.20219980119206,2024-10-24 19:20:29
1762,37,51,19,,,126.82225335614639,37.198088311933205,126.81962827083835,37.211393828346985,2024-10-24 19:20:34
1763,43,45,19,,,126.82334491621434,37.18918220402307,126.82602400439873,37.21327587315493,2024-10-24 19:21:13
1764,59,23,19,,,126.83341968660847,37.207423110117155,126.82088985410918,37.191497356293546,2024-10-24 19:21:21
1765,45,56,19,,,126.82565934168079,37.21312419776637,126.83416134443752,37.20651076962337,2024-10-24 19:21:49
1766,11,35,19,,,126.81426442821454,37.20753044601519,126.81840306650138,37.201282807315664,2024-10-24 19:22:44
1767,69,30,19,,,126.83688691380738,37.207279857182556,126.83132233840317,37.19952712350113,2024-10-24 19:22:46
1768,42,70,19,,,126.83242530515832,37.19659655559314,126.83705094564685,37.21002876480333,2024-10-24 19:23:13
1769,32,58,19,,,126.83263292015377,37.2027453949923,126.8354632360399,37.2093406366956,2024-10-24 19:23:25
1770,42,70,19,,,126.83117762843959,37.19537022808834,126.83829256898038,37.20929991951451,2024-10-24 19:25:06
1771,32,54,19,,,126.83297301945456,37.20195247446551,126.83353614518632,37.21071620243431,2024-10-24 19:25:38
1772,32,59,19,,,126.83294983589111,37.20196812283853,126.83306018797506,37.20812393246187,2024-10-24 19:25:50
1773,56,33,19,,,126.83519792300608,37.20561130224755,126.82945711957618,37.20053309582168,2024-10-24 19:26:12
1774,17,54,19,,,126.82657794030354,37.19656497408462,126.83270896251227,37.210995465793836,2024-10-24 19:26:14
1775,70,21,19,,,126.8384309031912,37.208900874267194,126.81915417599335,37.196698496609336,2024-10-24 19:26:35
1776,56,33,19,,,126.83394822248502,37.206268655167435,126.82938710695696,37.20077790319198,2024-10-24 19:27:40
1777,17,56,19,,,126.82725426062918,37.197274564745705,126.83412727785156,37.206381755210195,2024-10-24 19:28:05
1778,11,72,19,,,126.81526689652554,37.20913770328719,126.8116209693784,37.20692229186945,2024-10-24 19:28:23
1779,11,17,19,,,126.81479576746115,37.208267718425205,126.82704482706204,37.19729028917042,2024-10-24 19:28:51
1780,54,33,19,,,126.83200833426167,37.21055236502493,126.82902544108508,37.19977844588152,2024-10-24 19:29:09
1781,54,23,19,,,126.8322540515632,37.21058538554575,126.82024970808159,37.19108276780645,2024-10-24 19:30:09
1782,37,51,19,,,126.82122508375772,37.19833370615479,126.81918137674465,37.210500724946606,2024-10-24 19:30:27
1783,17,54,19,,,126.82570035422609,37.197658170684925,126.83282857201783,37.2096883040979,2024-10-24 19:31:05
1784,47,46,19,,,126.8281577313234,37.21047898838447,126.8296484898928,37.21152182205796,2024-10-24 19:31:26
1785,11,33,19,,,126.8138923627476,37.207868827882876,126.82927596204603,37.200790067066315,2024-10-24 19:31:39
1786,32,56,19,,,126.83220796887147,37.20226032799759,126.83527244970627,37.205316019695466,2024-10-24 19:32:18
1787,51,71,19,,,126.8202100931178,37.211400017730156,126.84011110250141,37.20477078272087,2024-10-24 19:32:19
1788,54,46,19,,,126.83177683265544,37.20955274025261,126.83051087702603,37.212888728472564,2024-10-24 19:32:20
1789,33,58,19,,,126.82963473019797,37.200695610867605,126.83540922598482,37.2074649128214,2024-10-24 19:32:26
1790,37,51,19,,,126.8219749466676,37.198397346638146,126.82016322023367,37.211229794654294,2024-10-24 19:32:30
1791,69,30,19,,,126.83729205496475,37.20591479639499,126.8313390382767,37.19907524491828,2024-10-24 19:33:25
1792,17,54,19,,,126.82672259156618,37.197705007103615,126.83228784615756,37.20995905171455,2024-10-24 19:34:10
1793,58,33,19,,,126.8360656318001,37.20805581044675,126.83026847957505,37.200008989261406,2024-10-24 19:34:33
1794,62,30,19,,,126.83780679648326,37.21186531835249,126.83157516358057,37.19973824863562,2024-10-24 19:37:32
1795,70,21,19,,,126.83851799323136,37.209728763255704,126.81783182560649,37.19629659658052,2024-10-24 19:37:39
1796,72,70,19,,,126.81074759640059,37.20764684682368,126.83876773289269,37.209990367844284,2024-10-24 19:38:44
1797,18,69,19,,,126.82341002496675,37.196242374820294,126.83809171468644,37.20600914224385,2024-10-24 19:39:05
1798,56,33,19,,,126.83529618141264,37.20560191602509,126.82950003138967,37.199854889340585,2024-10-24 19:39:05
1799,10,37,19,,,126.81728138465705,37.209234804724474,126.82182332451798,37.196967325280674,2024-10-24 19:39:21
1800,31,58,19,,,126.8281739399589,37.19842869997428,126.8357166525425,37.207880791319006,2024-10-24 19:39:45
1801,56,19,19,,,126.83420586635205,37.20551056217198,126.8283561911254,37.195479929592175,2024-10-24 19:40:30
1802,38,8,19,,,126.82385529983543,37.2004490464983,126.8251024725946,37.20777092785075,2024-10-24 19:41:00
1803,37,51,19,,,126.82095741458313,37.19801152446752,126.82057761996998,37.21129755863598,2024-10-24 19:41:49
1804,14,71,19,,,126.81986393902739,37.2079809840444,126.84090845114521,37.20529046920094,2024-10-24 19:43:20
1805,12,5,19,,,126.81838988029091,37.20576370579962,126.82806239410701,37.20598601587683,2024-10-24 19:43:45
1806,56,33,19,,,126.8349282267037,37.205980503712624,126.82946023719506,37.19971183638699,2024-10-24 19:43:47
1807,56,31,19,,,126.83546042932699,37.20613331976188,126.82943169305635,37.19883261355874,2024-10-24 19:44:33
1808,56,31,19,,,126.83393193454317,37.20553315585495,126.82833432439624,37.19708354090699,2024-10-24 19:44:35
1809,58,33,19,,,126.83473427942468,37.20745882573076,126.82935315952075,37.20155821209615,2024-10-24 19:44:55
1810,17,54,19,,,126.82543029422123,37.197452672041415,126.832960683206,37.21073541886489,2024-10-24 19:45:14
1811,46,69,19,,,126.82965496453089,37.2121314102303,126.8376708404282,37.20651434004812,2024-10-24 19:45:18
1812,50,29,19,,,126.82258230499949,37.21141208273627,126.82718418738844,37.20169225896069,2024-10-24 19:46:25
1813,69,30,19,,,126.8367261732599,37.20682045285012,126.83150068379878,37.199211283746536,2024-10-24 19:46:41
1814,50,57,19,,,126.82337307138117,37.21074744170056,126.83217999217432,37.20497516553806,2024-10-24 19:47:00
1815,17,54,19,,,126.82680056229117,37.197122491439146,126.8321945498215,37.21048414156798,2024-10-24 19:48:14
1816,37,51,19,,,126.82211875362027,37.19648204727474,126.81946164437896,37.21007239072032,2024-10-24 19:48:51
1817,10,17,19,,,126.81685821066286,37.20873333486316,126.82601182086083,37.19698134271132,2024-10-24 19:49:15
1818,38,58,19,,,126.82445305268084,37.20108301345101,126.83584536149263,37.2085824544919,2024-10-24 19:49:29
1819,37,51,19,,,126.82114935898568,37.197074654110075,126.81949499512936,37.21063291516284,2024-10-24 19:50:13
1820,17,12,19,,,126.82636107056275,37.196263223864804,126.81897024015547,37.20563159876865,2024-10-24 19:50:13
1821,19,9,19,,,126.8284823898042,37.19483076919654,126.81473531103724,37.20641595789627,2024-10-24 19:51:04
1822,54,33,19,,,126.83297436441356,37.20958478463039,126.83002655596911,37.20039023441708,2024-10-24 19:51:05
1823,33,56,19,,,126.82905113316768,37.201295886381665,126.83522648191847,37.205879622684115,2024-10-24 19:51:17
1824,31,54,19,,,126.82821233420395,37.19705190392274,126.83168634174126,37.210697071886806,2024-10-24 19:51:55
1825,58,33,19,,,126.83520128426623,37.20804544825816,126.82929515902757,37.19994549295716,2024-10-24 19:53:26
1826,37,51,19,,,126.82127001989863,37.198137208932025,126.82028830626854,37.209675111839175,2024-10-24 19:53:34
1827,11,18,19,,,126.81484976984969,37.208221134763924,126.82288770505302,37.195543787165114,2024-10-24 19:54:10
1828,37,72,19,,,126.82200462788116,37.19780717280768,126.8121745419231,37.20803956198436,2024-10-24 19:54:18
1829,56,41,19,,,126.83398701603001,37.20527151145811,126.83454108132767,37.19734611733794,2024-10-24 19:54:38
1830,50,31,19,,,126.82144806190331,37.212156016258305,126.82909497725873,37.197490564355135,2024-10-24 19:54:42
1831,41,56,19,,,126.83375398822406,37.19666269016828,126.83413149475282,37.20522487229826,2024-10-24 19:55:11
1832,51,71,19,,,126.82035043413632,37.21008567822359,126.84052072983779,37.204409882702905,2024-10-24 19:55:18
1833,51,71,19,,,126.82016611589685,37.209869532597104,126.84060749110743,37.205834972241256,2024-10-24 19:55:19
1834,56,40,19,,,126.83403659303357,37.205703094614776,126.83140470642128,37.193974185774636,2024-10-24 19:55:26
1835,37,51,19,,,126.82152830126857,37.19706797085492,126.82063385990092,37.2111662581138,2024-10-24 19:55:28
1836,56,41,19,,,126.83415690836532,37.20622305467792,126.83516716241434,37.19770193166079,2024-10-24 19:55:53
1837,50,58,19,,,126.82196236438212,37.21093192380149,126.83425070464587,37.2093916460081,2024-10-24 19:56:34
1838,51,71,19,,,126.81873779639045,37.209737775580486,126.83990028857602,37.204773227677556,2024-10-24 19:57:55
1839,54,17,19,,,126.83228003643995,37.21106262535161,126.82655993426432,37.19707890821198,2024-10-24 19:58:00
1840,51,71,19,,,126.8194782804754,37.210394398433415,126.84037391425436,37.20595743561584,2024-10-24 19:58:29
1841,1,34,19,,,126.81702358793763,37.19806056819781,126.82269216302326,37.20215846047945,2024-10-24 19:59:22
1842,1,3,19,,,126.81575953953995,37.197840255460164,126.82385249652613,37.20965081641662,2024-10-24 19:59:34
1843,17,56,20,,,126.82681080287382,37.19719796038758,126.83439718220218,37.20614225519804,2024-10-24 20:00:29
1844,32,56,20,,,126.83198331800818,37.20094918027937,126.8349373669072,37.20481240685169,2024-10-24 20:00:36
1845,56,17,20,,,126.83412140759732,37.20655815467514,126.8260823992805,37.197241903262146,2024-10-24 20:00:38
1846,55,30,20,,,126.83027551368572,37.20963940799078,126.83127173071831,37.198018408853635,2024-10-24 20:00:55
1847,34,50,20,,,126.82118114775575,37.20358901665829,126.82206365616864,37.211857134312204,2024-10-24 20:00:55
1848,50,37,20,,,126.82196306076308,37.211567645257645,126.8221448386685,37.197702834397404,2024-10-24 20:03:06
1849,34,50,20,,,126.82175808024942,37.20281495205369,126.82333962285468,37.21190083139823,2024-10-24 20:03:28
1850,50,37,20,,,126.82140019055542,37.21175242428442,126.82172170002146,37.19713457001837,2024-10-24 20:03:54
1851,59,15,20,,,126.83216936463687,37.2082005014531,126.81734396312,37.20722161543662,2024-10-24 20:04:04
1852,42,70,20,,,126.83159840938109,37.196081034392044,126.83840050354503,37.210444417757344,2024-10-24 20:04:37
1853,69,30,20,,,126.83825639052723,37.20574867068081,126.83230588023712,37.19876391850818,2024-10-24 20:05:15
1854,72,1,20,,,126.81157873934109,37.20780911974526,126.81640004722641,37.19770366293985,2024-10-24 20:05:16
1855,55,61,20,,,126.83086374624308,37.208647829431385,126.83370523095142,37.21602426350152,2024-10-24 20:05:42
1856,56,33,20,,,126.83511774247208,37.206434092274854,126.8293752346587,37.20002191841791,2024-10-24 20:05:47
1857,11,25,20,,,126.813479297677,37.20852648667778,126.82022434815833,37.19408841617926,2024-10-24 20:06:09
1858,56,41,20,,,126.83416380120183,37.20528902611715,126.83394101784214,37.19773102610616,2024-10-24 20:06:10
1859,37,51,20,,,126.82162666969262,37.197761498791806,126.818955280921,37.21096031641907,2024-10-24 20:06:36
1860,37,51,20,,,126.82174592154064,37.196684574521655,126.81986778765986,37.20966009782468,2024-10-24 20:07:15
1861,34,50,20,,,126.82229356379918,37.2039696039444,126.82206761527411,37.21075276083221,2024-10-24 20:07:29
1862,70,33,20,,,126.83858104748363,37.20885130397071,126.82981653923568,37.19973002107892,2024-10-24 20:07:35
1863,56,33,20,,,126.83589026581504,37.205626560443086,126.83022720635384,37.20011482777893,2024-10-24 20:07:40
1864,21,2,20,,,126.81893480754626,37.19601879003505,126.82263341748508,37.20653308157318,2024-10-24 20:07:43
1865,17,12,20,,,126.82643564242036,37.19672895213664,126.82002357264672,37.205784570526056,2024-10-24 20:09:18
1866,63,5,20,,,126.83464572970301,37.210863824784994,126.82802108837144,37.205922641126705,2024-10-24 20:09:30
1867,51,71,20,,,126.81888204687199,37.21122372541698,126.83942546967785,37.204351683619265,2024-10-24 20:10:07
1868,32,58,20,,,126.83282544399455,37.20156794282754,126.83567197468369,37.20747247550596,2024-10-24 20:10:29
1869,46,67,20,,,126.83060409387186,37.21212648227746,126.8337752903841,37.202085092767184,2024-10-24 20:11:23
1870,33,54,20,,,126.82885323672672,37.20073863763376,126.83298444771388,37.211172212987144,2024-10-24 20:12:26
1871,34,50,20,,,126.8215607438396,37.20391244341845,126.82156124503312,37.21173344839151,2024-10-24 20:13:07
1872,50,37,20,,,126.82169938028315,37.210868646355884,126.8216541901623,37.19685921915522,2024-10-24 20:14:07
1873,71,38,20,,,126.84070042356367,37.20477323844881,126.8243790150851,37.20227168722897,2024-10-24 20:14:56
1874,34,50,20,,,126.82166652836075,37.202726602458306,126.8226671204833,37.211520241060626,2024-10-24 20:15:08
1875,56,31,20,,,126.83476300057441,37.20469092103273,126.82940095046514,37.197145038658924,2024-10-24 20:15:18
1876,56,32,20,,,126.83527756465644,37.20648630112816,126.8324289281682,37.2021200372984,2024-10-24 20:15:25
1877,37,51,20,,,126.82035585945555,37.19706328548099,126.81879892602173,37.209501167388304,2024-10-24 20:16:51
1878,50,37,20,,,126.82179931894345,37.21247958621354,126.82155803766803,37.19665597338741,2024-10-24 20:16:59
1879,32,59,20,,,126.83178994342174,37.201198695187564,126.83230433050431,37.20697634750252,2024-10-24 20:17:04
1880,42,70,20,,,126.83206959417006,37.19689856646141,126.83793942530288,37.210231705371136,2024-10-24 20:17:14
1881,50,37,20,,,126.82192024388324,37.21235500958995,126.82154557291572,37.19800484634777,2024-10-24 20:18:57
1882,51,71,20,,,126.82063787415764,37.209772859608506,126.84101293840705,37.205063433920955,2024-10-24 20:19:05
1883,34,50,20,,,126.82243647149677,37.203587701965056,126.821874082914,37.21248902779607,2024-10-24 20:19:11
1884,56,33,20,,,126.83514012324406,37.20535753510102,126.83016091259225,37.199902484805264,2024-10-24 20:19:14
1885,54,33,20,,,126.83199772572208,37.209235569101644,126.82910266804743,37.20002125140303,2024-10-24 20:19:15
1886,35,32,20,,,126.81875096716433,37.20119346830306,126.83242239696831,37.2026325022161,2024-10-24 20:20:46
1887,56,33,20,,,126.83480212049359,37.20493847965872,126.83026695187125,37.201259484342984,2024-10-24 20:21:51
1888,58,17,20,,,126.83602114000405,37.20773509715675,126.8261719898682,37.197612850048365,2024-10-24 20:22:45
1889,42,70,20,,,126.83144784829722,37.19690521921132,126.83864043155833,37.20997418104783,2024-10-24 20:23:42
1890,31,58,20,,,126.82878966466843,37.197064613748914,126.83493721564646,37.2089035217837,2024-10-24 20:24:09
1891,37,51,20,,,126.82098351659427,37.19790618791658,126.81975238887493,37.21097700574534,2024-10-24 20:24:36
1892,69,30,20,,,126.83680627420355,37.20583188197064,126.83172869796883,37.19909414291674,2024-10-24 20:25:22
1893,37,51,20,,,126.82081264056016,37.19690010815102,126.81886912709423,37.210588043562865,2024-10-24 20:25:22
1894,70,42,20,,,126.8370689999112,37.21049538186616,126.83178897137786,37.19553912164236,2024-10-24 20:25:46
1895,58,19,20,,,126.83556292157508,37.20762589004484,126.82941937423426,37.195088720648066,2024-10-24 20:26:15
1896,33,58,20,,,126.83016139587887,37.20066950002945,126.83491077648303,37.20914478042934,2024-10-24 20:27:17
1897,70,18,20,,,126.83770668047212,37.20998464413986,126.82274765818123,37.19597868689522,2024-10-24 20:28:05
1898,33,56,20,,,126.83011626899803,37.201153630838235,126.8343067135564,37.204963544295126,2024-10-24 20:28:44
1899,63,47,20,,,126.8360130928339,37.21075942502568,126.82680103802838,37.20995886726608,2024-10-24 20:28:44
1900,10,51,20,,,126.81744711073281,37.2093794516667,126.81915219295595,37.21126701304192,2024-10-24 20:29:12
1901,37,51,20,,,126.82215740303866,37.19679328371725,126.81930337813779,37.210146551615544,2024-10-24 20:29:24
1902,10,38,20,,,126.81760711491032,37.210310754890855,126.82372049422429,37.20132417093258,2024-10-24 20:29:57
1903,33,56,20,,,126.82902174893158,37.19998945146558,126.83462720320044,37.20551083960234,2024-10-24 20:29:59
1904,51,71,20,,,126.81923225175264,37.209860667205255,126.84067087955458,37.205151984130545,2024-10-24 20:30:11
1905,70,33,20,,,126.83847776966053,37.20964784114129,126.82931801825241,37.20150408332452,2024-10-24 20:31:00
1906,70,17,20,,,126.83831494744778,37.21002664517571,126.8260046348382,37.19716676809268,2024-10-24 20:32:04
1907,33,56,20,,,126.83028013078287,37.20158518057113,126.8348868653766,37.20488050390504,2024-10-24 20:32:43
1908,56,41,20,,,126.83529557137739,37.205490583432834,126.83482280350785,37.19702384397023,2024-10-24 20:33:44
1909,50,37,20,,,126.82311988561224,37.21186990223363,126.82059178310723,37.19836668054636,2024-10-24 20:33:47
1910,33,56,20,,,126.82974291529464,37.20126542303532,126.8354375151273,37.205292694689994,2024-10-24 20:33:49
1911,70,33,20,,,126.83761151457945,37.208860226874705,126.83021075730353,37.20051302439538,2024-10-24 20:34:21
1912,19,5,20,,,126.82796800224753,37.19474141182422,126.82641841709751,37.205207032437926,2024-10-24 20:35:04
1913,42,70,20,,,126.8306385060693,37.19655693208769,126.83791972456314,37.2089229427539,2024-10-24 20:36:25
1914,56,19,20,,,126.83493181454064,37.2052363962754,126.8281498591715,37.195707795526715,2024-10-24 20:37:10
1915,40,72,20,,,126.83092969568368,37.1935379186335,126.81216384317662,37.20712439911427,2024-10-24 20:37:18
1916,50,37,20,,,126.82164659737262,37.211028590036626,126.82085053734404,37.198220275230014,2024-10-24 20:37:29
1917,58,19,20,,,126.83520062076293,37.208452859190935,126.82950899751468,37.19509977762197,2024-10-24 20:37:30
1918,50,37,20,,,126.82332432217044,37.21062210045683,126.82188981367679,37.19680398554478,2024-10-24 20:38:39
1919,11,33,20,,,126.81481273016598,37.20737195636127,126.8292999744438,37.200774102414066,2024-10-24 20:39:16
1920,69,30,20,,,126.83665462600226,37.20746466923488,126.83093303141438,37.198661417205095,2024-10-24 20:40:32
1921,34,50,20,,,126.82157679491539,37.20352910986749,126.82235123266007,37.21107944693327,2024-10-24 20:40:45
1922,56,33,20,,,126.8347592188052,37.20500565026809,126.82968859481284,37.20145201796838,2024-10-24 20:40:56
1923,54,36,20,,,126.83195893314449,37.20956917052811,126.82385508216136,37.19835712240737,2024-10-24 20:41:29
1924,56,33,20,,,126.83460550107465,37.206278044382934,126.83014674208825,37.19987362799002,2024-10-24 20:42:39
1925,50,37,20,,,126.82211759449629,37.21171083274677,126.8216716701017,37.196590096023506,2024-10-24 20:43:11
1926,34,50,20,,,126.82094906026401,37.2023516989553,126.82192709745055,37.21130307999545,2024-10-24 20:43:18
1927,11,17,20,,,126.8152208205491,37.20897297626532,126.8260310932711,37.196582669810546,2024-10-24 20:43:23
1928,21,48,20,,,126.81936351691594,37.19637393086877,126.8312198211584,37.215614702476664,2024-10-24 20:43:53
1929,55,20,20,,,126.82918701705715,37.21005328740873,126.81612295844035,37.19250059334228,2024-10-24 20:44:02
1930,51,71,20,,,126.81994712402988,37.209934079467835,126.83946773165088,37.20519733991128,2024-10-24 20:44:38
1931,37,51,20,,,126.82064660168183,37.1980584220146,126.81889193956782,37.21031092873257,2024-10-24 20:44:40
1932,56,33,20,,,126.83443953165718,37.205381144290065,126.82991164045663,37.20147975217416,2024-10-24 20:45:10
1933,18,63,20,,,126.82393598643489,37.19590737980749,126.83570649355524,37.21220372497625,2024-10-24 20:46:41
1934,56,17,20,,,126.83499595551964,37.205177832573966,126.82549467114148,37.1958120560516,2024-10-24 20:47:14
1935,63,57,20,,,126.83511237078486,37.211682355920956,126.83315325306566,37.20361481476714,2024-10-24 20:47:29
1936,17,54,20,,,126.82543341997075,37.196019023414074,126.83333468326408,37.209573842501726,2024-10-24 20:47:38
1937,10,17,20,,,126.81736660756303,37.20989331866209,126.82632119262873,37.19660612773909,2024-10-24 20:48:17
1938,56,17,20,,,126.83418718990498,37.20481284967953,126.82719040002972,37.19728898374535,2024-10-24 20:48:17
1939,70,33,20,,,126.8386816336672,37.20899415900941,126.82849814642766,37.200209438080655,2024-10-24 20:48:25
1940,34,50,20,,,126.82107051438453,37.203058914642654,126.82256176657026,37.21248561701197,2024-10-24 20:49:51
1941,21,48,20,,,126.8183639241525,37.196605225750226,126.83129305135517,37.215589986439774,2024-10-24 20:50:22
1942,17,70,20,,,126.82724653735875,37.197091988463,126.83870861596527,37.21053786513527,2024-10-24 20:50:26
1943,37,51,20,,,126.82083138060712,37.19706688292405,126.81990770839421,37.20997970783726,2024-10-24 20:50:50
1944,50,37,20,,,126.8225043713527,37.21151907040986,126.82147518342576,37.197204097513,2024-10-24 20:51:14
1945,51,71,20,,,126.8195867765592,37.210210315946604,126.83992322075814,37.20544828034107,2024-10-24 20:51:23
1946,34,50,20,,,126.82194336420604,37.20291215062705,126.82175309464311,37.211959010819626,2024-10-24 20:51:56
1947,18,69,20,,,126.82317137649791,37.19573602542219,126.83827307241177,37.20587396002855,2024-10-24 20:52:08
1948,51,71,20,,,126.81986118717766,37.21129742294375,126.84043164441455,37.20543386091981,2024-10-24 20:53:07
1949,56,33,20,,,126.83577491960486,37.204647276822556,126.8296259816213,37.199963068760574,2024-10-24 20:53:51
1950,50,37,20,,,126.82238700970176,37.211526105025605,126.82077841590235,37.197864762043466,2024-10-24 20:53:58
1951,55,22,20,,,126.82918600934607,37.208136093537014,126.81511290845553,37.19503012085209,2024-10-24 20:55:09
1952,58,19,20,,,126.8355392660959,37.20895522160137,126.82787192133011,37.19450521489514,2024-10-24 20:55:23
1953,56,40,20,,,126.83506441546712,37.204777546562354,126.83088369513477,37.194219068524276,2024-10-24 20:55:36
1954,56,17,20,,,126.8345722423475,37.20496920817644,126.82551737045942,37.196078666888866,2024-10-24 20:55:40
1955,34,50,20,,,126.82165592354177,37.20291256461038,126.8215855039572,37.21206594751727,2024-10-24 20:56:01
1956,72,59,20,,,126.8107512104669,37.20693694219614,126.83229609134388,37.20712073387273,2024-10-24 20:56:28
1957,21,48,20,,,126.81828816932804,37.19631940576509,126.83009193694448,37.21497493420399,2024-10-24 20:57:54
1958,58,42,20,,,126.83524982840532,37.207492963905324,126.83239269205855,37.19703062469825,2024-10-24 20:58:04
1959,50,37,20,,,126.82279588358108,37.21094118633052,126.82060296486091,37.197527905553,2024-10-24 20:58:11
1960,21,48,20,,,126.81817503718617,37.19557860364441,126.82986096523118,37.214330963786075,2024-10-24 20:58:33
1961,51,71,20,,,126.81983398071779,37.20977161023455,126.83941622691718,37.20587536664972,2024-10-24 20:58:52
1962,33,56,20,,,126.8285356046637,37.20108422173406,126.83417609037146,37.20521271882107,2024-10-24 20:59:25
1963,11,55,20,,,126.81522270462388,37.2072785226813,126.83085143229754,37.209466582604826,2024-10-24 20:59:41
1964,10,17,21,,,126.81662841733795,37.209851305220475,126.82668239736833,37.19687302299595,2024-10-24 21:00:44
1965,70,33,21,,,126.83818607607985,37.21044481931764,126.82958564796328,37.2002054790847,2024-10-24 21:01:33
1966,32,59,21,,,126.83176344923316,37.20192085574038,126.83315170175688,37.2075504940043,2024-10-24 21:01:37
1967,10,17,21,,,126.81633569791946,37.20881732217425,126.82582943933983,37.19598256932747,2024-10-24 21:01:54
1968,11,17,21,,,126.81349598996145,37.20773780362378,126.8254953685227,37.196909885791946,2024-10-24 21:02:12
1969,69,30,21,,,126.83849132190167,37.2068138777239,126.83120198511139,37.19822195636873,2024-10-24 21:02:36
1970,56,32,21,,,126.83448197984391,37.205369863513894,126.83223859277665,37.201564571182516,2024-10-24 21:02:42
1971,54,55,21,,,126.83239854495615,37.2097537091385,126.82934492196502,37.208290974961734,2024-10-24 21:04:39
1972,53,53,21,,,126.8296720531847,37.206294722818505,126.82935365382761,37.20563633357562,2024-10-24 21:05:57
1973,46,53,21,,,126.83119949047295,37.21206197667584,126.82879232097568,37.20549171038353,2024-10-24 21:10:24
1974,62,24,21,,,126.8387508902385,37.21249565106291,126.81887794493635,37.19015865125379,2024-10-24 21:10:48
1975,2,32,21,,,126.82108748053697,37.20508643052519,126.83269244431881,37.20195288505596,2024-10-24 21:18:25
1976,32,69,21,,,126.83236397373297,37.20106895072759,126.83784615998422,37.205881220999586,2024-10-24 21:19:48
1977,42,70,21,,,126.83226278896304,37.19583602586686,126.83860009306112,37.20940133219023,2024-10-24 21:19:51
1978,19,62,21,,,126.82978366716439,37.1955381876172,126.83767217674216,37.212355815776704,2024-10-24 21:24:20
1979,70,33,21,,,126.83877585484665,37.210118647556946,126.82873725915272,37.200092624526505,2024-10-24 21:24:40
1980,58,33,21,,,126.83495946794017,37.20762563569843,126.83006909062296,37.20056596741022,2024-10-24 21:25:30
1981,23,58,21,,,126.82176113662142,37.1922444982918,126.8343278391411,37.20886396822321,2024-10-24 21:26:40
1982,69,30,21,,,126.83699319654124,37.20726014858132,126.83140961455393,37.19858837004285,2024-10-24 21:27:05
1983,27,15,21,,,126.82663669954574,37.200378081095295,126.81733678973573,37.20652731143143,2024-10-24 21:27:48
1984,56,31,21,,,126.83418962419532,37.20594350345906,126.82922768817004,37.19709821808718,2024-10-24 21:30:10
1985,67,31,21,,,126.8340449466515,37.202045462395795,126.83000931756007,37.197066982302076,2024-10-24 21:31:44
1986,70,33,21,,,126.83802088802588,37.208602175806774,126.83018719271053,37.200426352512245,2024-10-24 21:38:47
1987,69,30,21,,,126.83799883621859,37.20669630531285,126.8313317949549,37.198883367705896,2024-10-24 21:41:15
1988,37,41,21,,,126.82179801909572,37.19747017788548,126.83349819547549,37.19709091569393,2024-10-24 21:44:28
1989,63,2,21,,,126.83528920441051,37.21046143644906,126.82273211641481,37.20615459772634,2024-10-24 21:45:40
1990,56,41,21,,,126.8346421942399,37.20490088776997,126.83513989024436,37.197885626566084,2024-10-24 21:46:27
1991,58,33,21,,,126.836087942744,37.207544005750684,126.82989545465394,37.19977990021466,2024-10-24 21:46:35
1992,58,33,21,,,126.83414896536108,37.20910112467226,126.82889559457779,37.20137190243309,2024-10-24 21:47:46
1993,33,58,21,,,126.82874556777107,37.20012892302248,126.83441480472344,37.20882157407658,2024-10-24 21:49:02
1994,36,21,21,,,126.82487236856025,37.19782642639899,126.81903412247966,37.19637547443784,2024-10-24 21:49:03
1995,53,48,21,,,126.82985670957456,37.20703781325758,126.83099772437663,37.21568176794412,2024-10-24 21:52:18
1996,55,58,21,,,126.8309588360787,37.20903399877729,126.83565937220871,37.20941562212367,2024-10-24 21:52:41
1997,42,70,21,,,126.83102910511269,37.19648114010638,126.83803248728795,37.210533548294656,2024-10-24 21:52:51
1998,15,52,21,,,126.81588276716674,37.206490571176644,126.83027621495685,37.216746034598806,2024-10-24 21:53:56
1999,71,31,22,,,126.83966934447636,37.20459254547378,126.8283397119738,37.19848838867472,2024-10-24 22:01:06
2000,38,22,22,,,126.82432582699619,37.20176515980673,126.81622096330445,37.194551374233804,2024-10-24 22:05:18
2001,1,17,22,,,126.81566407619285,37.19736075940652,126.8271531712259,37.19593305846454,2024-10-24 22:05:42
2002,56,9,22,,,126.83577636850688,37.206435921517794,126.81373534795668,37.205440798246656,2024-10-24 22:10:16
2003,70,33,22,,,126.83797240605755,37.21048301830906,126.82994183207613,37.199694524900146,2024-10-24 22:13:02
2004,33,56,22,,,126.82901282589563,37.19999484942699,126.83485972854392,37.2054811214488,2024-10-24 22:20:16
2005,58,33,22,,,126.83584761360478,37.209345302092274,126.82959210616818,37.20093436897021,2024-10-24 22:30:45
2006,1,72,22,,,126.8161658214438,37.19881986187845,126.81116076160133,37.20751529087342,2024-10-24 22:30:49
2007,72,18,22,,,126.81155386211975,37.20747382542864,126.82342566178357,37.1955097662122,2024-10-24 22:34:04
2008,72,40,22,,,126.81259000746937,37.207027700465545,126.83217944056761,37.1929715511231,2024-10-24 22:37:01
2009,58,33,22,,,126.83533496618837,37.209007423393174,126.82873379953648,37.20009805743465,2024-10-24 22:37:16
2010,36,32,22,,,126.82296489685963,37.198282608280266,126.83219348304691,37.20231264946972,2024-10-24 22:38:56
2011,58,33,22,,,126.83457032501323,37.20765354671111,126.82915462559522,37.20162384684213,2024-10-24 22:39:29
2012,36,10,22,,,126.82487621350978,37.19907204712902,126.81783537274858,37.20921183031363,2024-10-24 22:47:01
2013,56,31,22,,,126.83472150298444,37.20658287154239,126.82809757505264,37.19789166903504,2024-10-24 22:54:04
2014,54,58,22,,,126.83315756111938,37.21107141261144,126.83476611004795,37.20893209317401,2024-10-24 22:56:13
2015,17,54,22,,,126.8271955326223,37.19587712480716,126.83359861996263,37.21005054308231,2024-10-24 22:56:41
