idx,o,d,hour,o_h3,d_h3,o_x,o_y,d_x,d_y,time
0,20,61,7,,,126.81564664060652,37.192644925411244,126.83284639161707,37.21504872459082,2024-10-24 07:00:02
1,38,59,7,,,126.82516575715722,37.20123628348651,126.8315941690068,37.208369970492996,2024-10-24 07:00:38
2,17,54,7,,,126.82563472293225,37.19713020706211,126.83317364402374,37.2109630513941,2024-10-24 07:00:47
3,59,15,7,,,126.83189084036555,37.2065638842984,126.81639908142516,37.20690653150638,2024-10-24 07:01:10
4,4,67,7,,,126.82162093059874,37.20787244155167,126.83480689005836,37.2030312617522,2024-10-24 07:02:02
5,56,40,7,,,126.83430745107285,37.20654214275838,126.8306315075414,37.19234065793003,2024-10-24 07:02:07
6,37,51,7,,,126.82109919649781,37.19766236673182,126.81974023017875,37.210586733708794,2024-10-24 07:02:42
7,70,11,7,,,126.83792545113273,37.21048811916094,126.813578470238,37.20865196810249,2024-10-24 07:03:06
8,51,37,7,,,126.81964493743612,37.209909074218366,126.8204064031255,37.198123079100405,2024-10-24 07:03:09
9,33,70,7,,,126.82939866378017,37.20082414344599,126.83693306374495,37.2100354804195,2024-10-24 07:03:59
10,10,71,7,,,126.81646597366412,37.20842991110705,126.8392149975864,37.20456743245873,2024-10-24 07:04:44
11,50,50,7,,,126.82322091588473,37.21239826264712,126.82270614912483,37.211746824495066,2024-10-24 07:04:46
12,23,50,7,,,126.82037038966345,37.191821434281685,126.82245784203509,37.21147134267348,2024-10-24 07:04:50
13,72,56,7,,,126.81222712428217,37.206295278153085,126.83555721031075,37.20583300736759,2024-10-24 07:04:52
14,22,40,7,,,126.81586481835211,37.19443344665881,126.83184794718034,37.19243832293233,2024-10-24 07:05:22
15,70,33,7,,,126.8371663602958,37.2088536434855,126.82831962482263,37.19981591260216,2024-10-24 07:05:32
16,10,38,7,,,126.81669808855777,37.2090562211007,126.82325574916136,37.20084875417571,2024-10-24 07:06:36
17,31,59,7,,,126.83008878620699,37.19695146229767,126.83338564007917,37.20804983276745,2024-10-24 07:06:41
18,28,34,7,,,126.82999477261993,37.202602545769665,126.82092667595,37.20365543177712,2024-10-24 07:06:43
19,2,16,7,,,126.82271622251929,37.2062230277359,126.82334130841289,37.19204757085275,2024-10-24 07:06:59
20,19,49,7,,,126.8284630787015,37.19577586589683,126.82796739887664,37.213940654966365,2024-10-24 07:07:15
21,50,37,7,,,126.8231455869589,37.21065100139533,126.82135192724554,37.19823146085428,2024-10-24 07:07:38
22,56,41,7,,,126.83423626132846,37.2061985030653,126.83439316979194,37.19681803311798,2024-10-24 07:07:49
23,72,33,7,,,126.81193713659651,37.20726512683148,126.82996753569672,37.20148260575479,2024-10-24 07:07:50
24,46,21,7,,,126.83069551478438,37.21270760036691,126.81814019374316,37.19565376866258,2024-10-24 07:07:52
25,66,21,7,,,126.83700089176956,37.204350510231,126.81947843632103,37.19682863497031,2024-10-24 07:08:14
26,50,50,7,,,126.82198001870873,37.211940022201205,126.82219615998955,37.211119082999595,2024-10-24 07:08:30
27,56,41,7,,,126.83413750860034,37.205590041414844,126.8341658682938,37.19809146932321,2024-10-24 07:08:37
28,56,17,7,,,126.83467480029299,37.204944580608974,126.8258335252005,37.196075250774754,2024-10-24 07:09:26
29,17,54,7,,,126.82558743827063,37.19678869282895,126.83189118668525,37.20928770724469,2024-10-24 07:09:26
30,20,26,7,,,126.81499252726196,37.192194863947506,126.81919801239106,37.19443469007321,2024-10-24 07:10:26
31,11,32,7,,,126.81374492531363,37.2079974952509,126.8328725349451,37.20128046036587,2024-10-24 07:11:06
32,56,33,7,,,126.83574781294945,37.20632393061907,126.82938252063649,37.2016272268194,2024-10-24 07:11:16
33,50,37,7,,,126.82204374510819,37.21197364261869,126.82186521694501,37.198285235483254,2024-10-24 07:12:14
34,28,67,7,,,126.82943557253871,37.20286173823839,126.83424149022181,37.202670987573775,2024-10-24 07:13:04
35,56,41,7,,,126.83528995853999,37.20479491224864,126.83343960293782,37.19745044006998,2024-10-24 07:13:32
36,50,37,7,,,126.82271324099356,37.2118646470518,126.82138051370542,37.19713096098039,2024-10-24 07:14:20
37,46,44,7,,,126.82961787604107,37.21236339932718,126.82011777704886,37.18924641767312,2024-10-24 07:14:22
38,42,70,7,,,126.83081579699775,37.196127162543554,126.83695631582727,37.209237546968666,2024-10-24 07:14:33
39,70,33,7,,,126.83757948925144,37.210090916378135,126.82890897964245,37.20148279161961,2024-10-24 07:15:24
40,69,64,7,,,126.83719878971911,37.20644547741875,126.84176972265305,37.20366951532948,2024-10-24 07:15:31
41,11,17,7,,,126.81408616370216,37.208990100650176,126.82707384029956,37.196676460846334,2024-10-24 07:15:53
42,37,51,7,,,126.8221439389216,37.19723115481379,126.8198525028627,37.210558739950486,2024-10-24 07:16:03
43,58,33,7,,,126.83527277875861,37.20895960716578,126.8289870666172,37.201002159805256,2024-10-24 07:16:38
44,42,70,7,,,126.83086637752173,37.195854447332934,126.83822581304932,37.21020701920802,2024-10-24 07:16:40
45,70,33,7,,,126.83834762008979,37.20877643242316,126.82989575503711,37.20087841816685,2024-10-24 07:16:56
46,31,58,7,,,126.82824099104691,37.19859925754675,126.83584501325419,37.20907469909159,2024-10-24 07:17:03
47,50,50,7,,,126.82225148920321,37.210589286742604,126.8229923959117,37.21154035437231,2024-10-24 07:17:23
48,56,41,7,,,126.83424430799485,37.20617671548966,126.83473165163083,37.19741045026656,2024-10-24 07:17:29
49,37,72,7,,,126.82169313026871,37.19683212211,126.81143343884328,37.206653373979286,2024-10-24 07:17:48
50,48,45,7,,,126.83031850436565,37.21406703765966,126.82518611913198,37.21299297085516,2024-10-24 07:17:52
51,17,54,7,,,126.82626248710086,37.1972636678649,126.83239588131198,37.210360540343736,2024-10-24 07:17:56
52,50,50,7,,,126.82257251668227,37.210577028069885,126.82295223052871,37.211191887898536,2024-10-24 07:18:07
53,10,17,7,,,126.81792460325724,37.20864922133936,126.82559111113304,37.19644282933182,2024-10-24 07:18:58
54,50,38,7,,,126.82239818552335,37.21120280593334,126.82485617060206,37.20167874867799,2024-10-24 07:19:03
55,70,33,7,,,126.83772679585196,37.209945504414925,126.83016209546639,37.201040552704505,2024-10-24 07:19:18
56,51,37,7,,,126.81996054645921,37.21045029315004,126.8218975935962,37.19709398022198,2024-10-24 07:19:22
57,72,70,7,,,126.81157926309025,37.20705430897141,126.83762375023747,37.209147711679826,2024-10-24 07:19:42
58,56,41,7,,,126.83572478201022,37.205794512749776,126.835118741524,37.19694656919763,2024-10-24 07:21:17
59,54,33,7,,,126.83345474027618,37.211093553710725,126.82975282129998,37.20089108750989,2024-10-24 07:21:39
60,58,33,7,,,126.83579454150703,37.20916208092216,126.83007753574543,37.19983910866048,2024-10-24 07:22:00
61,56,33,7,,,126.83566800968012,37.2053179203891,126.83021668161715,37.20022229609564,2024-10-24 07:22:18
62,50,38,7,,,126.821610057676,37.21237898795582,126.82352598390787,37.20226051366331,2024-10-24 07:22:36
63,23,50,7,,,126.82092127818036,37.19083519056208,126.82139375585027,37.211677393904,2024-10-24 07:23:04
64,58,33,7,,,126.83532538948512,37.2080179715782,126.82942585543326,37.20142599755487,2024-10-24 07:23:14
65,56,33,7,,,126.83404596644903,37.20509136362439,126.8283947896525,37.20158035406992,2024-10-24 07:23:53
66,50,37,7,,,126.82297161878208,37.21229847665266,126.82205859594019,37.19814500887516,2024-10-24 07:24:53
67,23,50,7,,,126.82084858681759,37.1916693222099,126.82182876884636,37.210742522066916,2024-10-24 07:25:29
68,51,37,7,,,126.82050027583915,37.210774025020754,126.82086264641627,37.19765463354306,2024-10-24 07:25:52
69,50,38,7,,,126.82309656067497,37.21224484724099,126.82480202148672,37.20076457987636,2024-10-24 07:26:06
70,56,33,7,,,126.83581559038505,37.20634981519409,126.82980930471538,37.20050382542962,2024-10-24 07:26:37
71,56,33,7,,,126.8352347292218,37.205826704844206,126.82917149891674,37.19983367778869,2024-10-24 07:26:53
72,53,48,7,,,126.83007455349187,37.20578486717639,126.83093676229517,37.21375496334339,2024-10-24 07:27:16
73,32,59,7,,,126.83132850001248,37.2025513904528,126.83222849107979,37.20638208835399,2024-10-24 07:27:22
74,51,37,7,,,126.81980348970302,37.2108138059586,126.82159060553556,37.19680728389714,2024-10-24 07:27:28
75,28,33,7,,,126.82999649714196,37.203415369757586,126.83028260380016,37.20101251195895,2024-10-24 07:28:03
76,53,37,7,,,126.82991377926845,37.20706917211533,126.82102870360193,37.19786029554216,2024-10-24 07:28:17
77,56,17,7,,,126.83499395198912,37.20545811803228,126.8258192882253,37.196601188709806,2024-10-24 07:28:19
78,56,19,7,,,126.83544832125274,37.20542187291828,126.82790525303207,37.19592695282433,2024-10-24 07:28:40
79,56,33,7,,,126.83407254217364,37.205147462356514,126.82939311147327,37.199704549438465,2024-10-24 07:28:46
80,58,33,7,,,126.83540424968145,37.20938022973655,126.82972889066484,37.20132319748637,2024-10-24 07:29:35
81,58,33,7,,,126.83517657296312,37.207810928524296,126.82954609808553,37.200966697692394,2024-10-24 07:29:43
82,50,50,7,,,126.82240222029164,37.21171293138179,126.8225325502593,37.21127090454186,2024-10-24 07:29:47
83,70,33,7,,,126.83775855815716,37.20991827157031,126.82889048315661,37.199731062575125,2024-10-24 07:30:45
84,54,33,7,,,126.83260117489955,37.209460152704956,126.82943212395817,37.20072804663607,2024-10-24 07:31:09
85,10,40,7,,,126.81795640864078,37.20941071852264,126.83143082411237,37.19305696664981,2024-10-24 07:31:21
86,50,38,7,,,126.82302044693424,37.211199830524066,126.82361469536993,37.202062358513,2024-10-24 07:31:25
87,11,58,7,,,126.81530495795336,37.20801604420018,126.83524697895679,37.20873865412183,2024-10-24 07:31:33
88,51,37,7,,,126.82061432875506,37.21100685992842,126.82157844815713,37.19789552660304,2024-10-24 07:32:18
89,70,19,7,,,126.83694942006937,37.208767703580186,126.82902023143154,37.19501832187773,2024-10-24 07:32:36
90,70,17,7,,,126.83718746053992,37.20942046689501,126.82728774663981,37.19587239367596,2024-10-24 07:32:40
91,56,33,7,,,126.83458098879551,37.20470096893284,126.8291229067157,37.20102406663442,2024-10-24 07:33:09
92,46,49,7,,,126.83102699950885,37.211430417457045,126.82801802734838,37.21276435376396,2024-10-24 07:33:21
93,58,33,7,,,126.83449675918357,37.20916056027475,126.82990993809108,37.20009002256472,2024-10-24 07:33:44
94,54,33,7,,,126.83348559788547,37.21004695600756,126.82863258919251,37.20055761008852,2024-10-24 07:34:27
95,58,33,7,,,126.83415838376958,37.208753741110236,126.8292946767874,37.200505900346045,2024-10-24 07:34:32
96,37,51,7,,,126.82063239658909,37.19658382664164,126.8200450898549,37.21060945934311,2024-10-24 07:34:40
97,58,33,7,,,126.83430430539316,37.20935477975768,126.82929142907112,37.20110593219257,2024-10-24 07:35:16
98,23,50,7,,,126.82065971101592,37.19253798812424,126.82245796634986,37.21092411008606,2024-10-24 07:36:01
99,58,33,7,,,126.83506282701251,37.20900793750287,126.82949922261555,37.2013172520612,2024-10-24 07:36:44
100,56,33,7,,,126.83570435240291,37.20624265563483,126.82886014400094,37.200642241819466,2024-10-24 07:37:16
101,51,37,7,,,126.81930241464622,37.21108683946882,126.8218322643221,37.19684396908092,2024-10-24 07:37:24
102,63,49,7,,,126.83576315910278,37.21093601280313,126.82725226580617,37.213204588830585,2024-10-24 07:37:34
103,45,49,7,,,126.82539108283237,37.21218039346604,126.82701804068255,37.21454061598449,2024-10-24 07:37:51
104,58,19,7,,,126.83482748699986,37.20902392529485,126.82860733087104,37.19489158478362,2024-10-24 07:38:38
105,60,70,7,,,126.83300309517305,37.212747252580414,126.83881199612706,37.20922704408703,2024-10-24 07:39:42
106,34,51,7,,,126.82254691214719,37.20300782378962,126.81880842390714,37.21048164140075,2024-10-24 07:39:52
107,70,33,7,,,126.83742949368778,37.21051959181967,126.8295335352019,37.200907837506506,2024-10-24 07:40:10
108,17,54,7,,,126.82646384813647,37.19776188300208,126.83339344782902,37.21113563124907,2024-10-24 07:40:40
109,51,37,7,,,126.81962464112819,37.210728800377616,126.82068814946912,37.197307923309765,2024-10-24 07:41:24
110,44,27,7,,,126.82120400913213,37.18994564837585,126.82696526914746,37.19964294011997,2024-10-24 07:41:45
111,17,54,7,,,126.82676658187327,37.196089604245046,126.83244142304791,37.210386292555306,2024-10-24 07:42:50
112,1,6,7,,,126.81659936655731,37.197299945755375,126.82367175850281,37.2036249165709,2024-10-24 07:43:39
113,16,35,7,,,126.82302722510651,37.192791396892666,126.81914655114052,37.20146661341956,2024-10-24 07:43:53
114,11,33,7,,,126.81459586782847,37.20739993833582,126.82880389522772,37.20073406261842,2024-10-24 07:44:14
115,50,38,7,,,126.8220358980747,37.21088677325183,126.82510262648361,37.202048418325326,2024-10-24 07:45:03
116,38,31,7,,,126.82408329742066,37.20161071401894,126.82996168984505,37.198708322302025,2024-10-24 07:45:51
117,11,70,7,,,126.81486253840727,37.207905698785495,126.83846233838716,37.208651405193834,2024-10-24 07:46:44
118,70,33,7,,,126.83711712836809,37.208646747447325,126.8289219444011,37.20079146205853,2024-10-24 07:46:51
119,50,50,7,,,126.82286327432799,37.21193937367347,126.82210781711586,37.21184177068404,2024-10-24 07:46:53
120,69,30,7,,,126.8370270238213,37.20609401496532,126.83222421483158,37.19889932594298,2024-10-24 07:47:06
121,54,33,7,,,126.83177232519483,37.21022938999473,126.83001094607212,37.20016417942368,2024-10-24 07:47:30
122,23,50,7,,,126.82027131870315,37.19205532795661,126.8230986449728,37.21231135370119,2024-10-24 07:48:19
123,56,17,7,,,126.83445215992228,37.20521437559467,126.82648592389131,37.19640905937844,2024-10-24 07:48:42
124,9,58,7,,,126.81419241524225,37.20574167578553,126.835311610837,37.20789953584621,2024-10-24 07:48:52
125,19,10,7,,,126.8283929672201,37.19578653463791,126.81636748087388,37.209339434565834,2024-10-24 07:49:17
126,26,37,7,,,126.81849523041647,37.194398719059066,126.82182998551572,37.197368945763785,2024-10-24 07:49:22
127,23,50,7,,,126.82123933308115,37.19217285730627,126.82272274809158,37.21129849827517,2024-10-24 07:49:49
128,70,33,7,,,126.83834420740786,37.208737996448285,126.828843565628,37.20091681292518,2024-10-24 07:50:31
129,51,37,7,,,126.81931550367628,37.20988912632726,126.82055545459163,37.19803672950031,2024-10-24 07:51:16
130,32,14,7,,,126.83133184799088,37.2024438961906,126.81889852280169,37.207575287505016,2024-10-24 07:51:26
131,58,33,7,,,126.83508526569081,37.20793930247437,126.8292106224766,37.201089467677306,2024-10-24 07:51:45
132,69,30,7,,,126.83716025194809,37.20677298901867,126.83116327998557,37.19813198098473,2024-10-24 07:51:53
133,56,32,7,,,126.83486268917324,37.20579429998657,126.83159645107442,37.20263198803664,2024-10-24 07:52:15
134,56,17,7,,,126.83487792374225,37.20619826896362,126.82628536463281,37.19624813196923,2024-10-24 07:52:16
135,23,3,7,,,126.82113293678101,37.19104464306511,126.82417066512454,37.21065979199576,2024-10-24 07:52:16
136,18,45,7,,,126.82294434368923,37.19597091618768,126.82497175281509,37.21245116646298,2024-10-24 07:52:28
137,54,17,7,,,126.83322872923809,37.210964404904864,126.82701383915862,37.19620732251522,2024-10-24 07:52:34
138,56,41,7,,,126.83527724778645,37.205246084663926,126.83482825476013,37.19780701120607,2024-10-24 07:52:44
139,33,58,7,,,126.82975108992801,37.200777319511175,126.83472649512024,37.20776824825268,2024-10-24 07:53:28
140,33,54,7,,,126.82888477183532,37.20123604157795,126.8331328990594,37.21058665750104,2024-10-24 07:53:31
141,70,33,7,,,126.83799831237755,37.21012202478883,126.82870991180494,37.20127359422492,2024-10-24 07:53:46
142,12,19,7,,,126.81878289333099,37.20441956777059,126.82975200854727,37.19445679444432,2024-10-24 07:54:57
143,27,72,7,,,126.82581819433302,37.19939917865774,126.81135046228289,37.207493967573086,2024-10-24 07:55:07
144,10,9,7,,,126.81752779184708,37.21007686298132,126.81394776107734,37.204761225542725,2024-10-24 07:55:15
145,10,56,7,,,126.8177810806087,37.209595541938725,126.83429330688863,37.205366189345284,2024-10-24 07:56:37
146,47,22,7,,,126.82653252678098,37.21040049638228,126.81616706418008,37.19580437820071,2024-10-24 07:56:37
147,22,32,7,,,126.81537174204615,37.19587568936427,126.83213393965706,37.20122824790667,2024-10-24 07:56:46
148,50,37,7,,,126.8224844243658,37.2112389456442,126.82034440438348,37.19728317713692,2024-10-24 07:56:58
149,56,17,7,,,126.83442711280505,37.2055922681666,126.82668094231983,37.196264119716616,2024-10-24 07:58:48
150,50,38,7,,,126.82187570865453,37.21197062875283,126.8245714046518,37.20063810812723,2024-10-24 07:58:59
151,50,37,7,,,126.82297914823211,37.21082551720938,126.82108533548784,37.1967777084518,2024-10-24 07:59:01
152,56,33,7,,,126.83400929897509,37.20556631618105,126.82873759394585,37.20042399059274,2024-10-24 07:59:10
153,70,17,7,,,126.83702390849272,37.21004511365032,126.82597429810055,37.19579417104835,2024-10-24 07:59:17
154,50,37,7,,,126.8226206971926,37.21131326845484,126.82212050869852,37.19673271038782,2024-10-24 07:59:42
155,16,15,7,,,126.82292271786163,37.193309521728935,126.81755603567268,37.20652141971477,2024-10-24 07:59:49
156,11,58,8,,,126.81392302295163,37.20782281128323,126.8361308841357,37.208632530046955,2024-10-24 08:00:10
157,56,17,8,,,126.83406445493188,37.20556242779366,126.82626418801888,37.196395761502956,2024-10-24 08:01:16
158,33,58,8,,,126.82927223719942,37.199787433679354,126.83550527446137,37.20826188911115,2024-10-24 08:02:07
159,32,56,8,,,126.83198447500763,37.20135523389049,126.83568324832518,37.20483730329019,2024-10-24 08:02:32
160,19,51,8,,,126.82935653342686,37.19585606266459,126.82050053458458,37.211085066929556,2024-10-24 08:03:20
161,33,56,8,,,126.82880141117175,37.20123937204527,126.83503788565993,37.204894767063564,2024-10-24 08:03:27
162,54,33,8,,,126.83318076018281,37.20950463430065,126.82847743643248,37.199765307849226,2024-10-24 08:03:35
163,10,43,8,,,126.81673373583112,37.20871342742252,126.82352452761786,37.19057132045795,2024-10-24 08:03:42
164,58,19,8,,,126.83470723353444,37.2081961298011,126.82982092618367,37.195324161696306,2024-10-24 08:03:53
165,33,54,8,,,126.82869389050174,37.20046206214985,126.83336795480149,37.20943779393202,2024-10-24 08:04:08
166,58,33,8,,,126.83524900589408,37.20811803611236,126.82881826494736,37.20043891127381,2024-10-24 08:04:29
167,33,56,8,,,126.82942268895434,37.201325418538794,126.83553483567036,37.20581568546011,2024-10-24 08:04:41
168,10,38,8,,,126.81665672468537,37.20896729665407,126.82397719838951,37.202260081894885,2024-10-24 08:06:00
169,58,33,8,,,126.83514721510392,37.20868867137896,126.8294229061201,37.20059120618222,2024-10-24 08:06:09
170,17,54,8,,,126.82681340110493,37.19729037962759,126.83200461799801,37.20939448897449,2024-10-24 08:06:43
171,32,59,8,,,126.83223053019778,37.202413890888366,126.83200712784478,37.20825588372871,2024-10-24 08:06:45
172,32,59,8,,,126.83173389568667,37.202708360158425,126.83273730118411,37.20818117002214,2024-10-24 08:06:46
173,58,33,8,,,126.83580783382574,37.20908058822477,126.82848293164147,37.20163055402655,2024-10-24 08:07:03
174,33,56,8,,,126.828365833677,37.200987898149556,126.83548869903659,37.20467263994741,2024-10-24 08:07:30
175,14,64,8,,,126.81965138906192,37.207608587554375,126.84326493748146,37.203992878984785,2024-10-24 08:08:37
176,72,70,8,,,126.81173389464011,37.20626467345065,126.83716891145325,37.21016654702985,2024-10-24 08:09:06
177,32,58,8,,,126.83174124880065,37.20152379638407,126.83552604745252,37.20935741613895,2024-10-24 08:09:15
178,20,60,8,,,126.8164762365986,37.19270353244969,126.83251401503094,37.21330189289687,2024-10-24 08:09:20
179,33,58,8,,,126.82886430537654,37.199797147331005,126.83522979233734,37.208724808050725,2024-10-24 08:10:07
180,58,19,8,,,126.8350709216363,37.20833818023481,126.8294588484769,37.1952975989972,2024-10-24 08:10:18
181,67,68,8,,,126.8337717847884,37.203269590289715,126.84027001742352,37.2019014432544,2024-10-24 08:11:18
182,56,17,8,,,126.83497389440386,37.20490129069647,126.82652306658163,37.19622986167375,2024-10-24 08:11:59
183,17,54,8,,,126.8255635561476,37.19610960753973,126.83291130916163,37.21093515369113,2024-10-24 08:12:17
184,58,33,8,,,126.83508433752513,37.208101708127884,126.82843802077763,37.19996750501775,2024-10-24 08:12:51
185,19,10,8,,,126.82957286003592,37.19603357588815,126.81677290570813,37.208551568874576,2024-10-24 08:13:35
186,53,61,8,,,126.82946266545808,37.2069914479935,126.83235020070977,37.21593752009239,2024-10-24 08:15:18
187,33,56,8,,,126.82860938173731,37.20032290197123,126.83391440081108,37.20644398136421,2024-10-24 08:15:54
188,56,31,8,,,126.83442066615213,37.204848528348506,126.82839596084817,37.1971972836835,2024-10-24 08:16:07
189,70,33,8,,,126.83691423209238,37.20914183168791,126.8299020715947,37.20050543395187,2024-10-24 08:16:13
190,33,56,8,,,126.82834583554444,37.200843488708465,126.83416224679554,37.2051736543096,2024-10-24 08:16:14
191,69,30,8,,,126.83821150228373,37.20634265107357,126.83244527161484,37.19886895997862,2024-10-24 08:16:19
192,17,54,8,,,126.82657193370758,37.19676497474634,126.83294769768656,37.20965785138243,2024-10-24 08:16:26
193,1,40,8,,,126.81610385599649,37.19807822797328,126.83040646441819,37.192460781599195,2024-10-24 08:18:35
194,54,17,8,,,126.83328633116686,37.2103416745025,126.82735471265053,37.19745995056425,2024-10-24 08:19:01
195,70,17,8,,,126.83713935786763,37.20870727954948,126.82643232492214,37.196668278682345,2024-10-24 08:19:27
196,10,17,8,,,126.81681108162245,37.209663429413716,126.82547901370691,37.19729063978571,2024-10-24 08:19:40
197,18,63,8,,,126.82356985721896,37.195966869995246,126.8360480570687,37.21077462665755,2024-10-24 08:20:25
198,17,54,8,,,126.82549760138363,37.1975764883657,126.83225862397649,37.21078576142417,2024-10-24 08:20:26
199,54,33,8,,,126.83237393526603,37.211036549535905,126.8286007763581,37.20002859398079,2024-10-24 08:21:05
200,54,33,8,,,126.83322555966448,37.21063666642933,126.82848418745738,37.20080096997759,2024-10-24 08:21:16
201,50,50,8,,,126.82253521120909,37.21120380604656,126.82269284677828,37.21092599128652,2024-10-24 08:21:19
202,11,70,8,,,126.81473636701413,37.208746543619796,126.83759089070412,37.21016234710387,2024-10-24 08:21:43
203,10,17,8,,,126.81772564330161,37.209678529358776,126.82679296679424,37.19642924756876,2024-10-24 08:21:55
204,56,17,8,,,126.83580395832678,37.204986665654104,126.82678483952844,37.19668983404539,2024-10-24 08:22:10
205,36,34,8,,,126.82413981755222,37.1982661411437,126.8217192400345,37.2026440422473,2024-10-24 08:22:11
206,24,69,8,,,126.81748090730713,37.191207510403416,126.83767307005951,37.20598803487594,2024-10-24 08:22:18
207,17,54,8,,,126.82620058609405,37.19701615904264,126.83232901960253,37.209354105135,2024-10-24 08:23:06
208,70,33,8,,,126.83764852701078,37.21040047315299,126.82906219635278,37.2004586907953,2024-10-24 08:23:51
209,19,10,8,,,126.82985157320586,37.19518445261751,126.81796606608198,37.2089287238475,2024-10-24 08:24:30
210,56,17,8,,,126.83559769842775,37.20481917905555,126.82658336202289,37.196256273191246,2024-10-24 08:24:42
211,24,70,8,,,126.8189566011152,37.19077425342094,126.83733267336827,37.21020047453787,2024-10-24 08:24:58
212,69,30,8,,,126.83773509332828,37.20708032893058,126.83231392193335,37.19881212357557,2024-10-24 08:25:06
213,70,11,8,,,126.83702391266264,37.209648610789586,126.81502824334825,37.20894891787013,2024-10-24 08:25:20
214,72,33,8,,,126.81067435161192,37.2066833025962,126.82900387836375,37.20124282289692,2024-10-24 08:25:29
215,17,54,8,,,126.82589401431065,37.19663101381731,126.83303548916726,37.21001757799179,2024-10-24 08:25:35
216,62,15,8,,,126.83770018496566,37.21264237013705,126.81719233110921,37.20577854472399,2024-10-24 08:25:42
217,67,18,8,,,126.83404609186682,37.202135729816746,126.82397072030194,37.19607468387225,2024-10-24 08:25:43
218,70,33,8,,,126.83756855854598,37.21052858000122,126.83017592518692,37.19972215795542,2024-10-24 08:26:21
219,56,17,8,,,126.8347441176278,37.20606191721609,126.82544733256432,37.195999986986926,2024-10-24 08:27:36
220,37,56,8,,,126.82116774447294,37.19710146694883,126.83409890138667,37.20547489859347,2024-10-24 08:28:14
221,33,56,8,,,126.82980560392748,37.20071795391756,126.83546476378675,37.2055954112238,2024-10-24 08:28:44
222,37,72,8,,,126.8207705262601,37.19704865085344,126.81201550922064,37.208083187109295,2024-10-24 08:29:08
223,36,64,8,,,126.82434859267892,37.19770268926942,126.84281839006312,37.20395906383265,2024-10-24 08:29:22
224,6,6,8,,,126.82460010992766,37.204604200709866,126.8238505314772,37.20318686264807,2024-10-24 08:29:29
225,14,65,8,,,126.82029191155868,37.20680342864959,126.83374840097159,37.199042264814246,2024-10-24 08:30:03
226,24,7,8,,,126.8178593496323,37.18977927773603,126.82812068793328,37.207294379788976,2024-10-24 08:30:05
227,54,33,8,,,126.83264321183434,37.21051735187946,126.82886060706615,37.20054987123776,2024-10-24 08:30:14
228,68,1,8,,,126.84033562840617,37.20239403527039,126.81558427144647,37.19864488433791,2024-10-24 08:30:19
229,31,54,8,,,126.82958824447724,37.19758745695585,126.8324339394231,37.20971779731034,2024-10-24 08:31:02
230,33,56,8,,,126.82873848500827,37.199849129712,126.83585091633225,37.205921905130005,2024-10-24 08:31:02
231,70,33,8,,,126.83849210864035,37.20866514360076,126.82938638094605,37.200665441308836,2024-10-24 08:31:12
232,17,56,8,,,126.82542441430918,37.196280293657914,126.83571114855532,37.2062521854469,2024-10-24 08:31:22
233,32,54,8,,,126.83160360611873,37.20256527999863,126.83195144244957,37.210010066205434,2024-10-24 08:31:41
234,38,29,8,,,126.82483239205247,37.20045397905754,126.82604661484505,37.20158697776691,2024-10-24 08:32:22
235,11,17,8,,,126.81381337306424,37.20921762258187,126.82617279147277,37.19687217039536,2024-10-24 08:32:56
236,11,58,8,,,126.81421900603817,37.20898765450607,126.83479795938067,37.20842733737323,2024-10-24 08:33:25
237,33,58,8,,,126.82920139803615,37.20109058549416,126.83477730310874,37.20925718813237,2024-10-24 08:33:28
238,11,17,8,,,126.8139096343726,37.209122439436534,126.82623660013215,37.19718046350145,2024-10-24 08:34:01
239,71,61,8,,,126.83983632109768,37.205096960436364,126.83339177166563,37.2157652592965,2024-10-24 08:34:39
240,62,65,8,,,126.8377684271951,37.212079039803015,126.83388847546208,37.19937209546417,2024-10-24 08:34:42
241,33,56,8,,,126.82921828421723,37.2008531149001,126.83513894338068,37.20508601880579,2024-10-24 08:35:02
242,10,40,8,,,126.81601247924772,37.209988116746274,126.8312506955398,37.194038632864036,2024-10-24 08:35:07
243,10,17,8,,,126.81784232268868,37.2096412813186,126.82657627869683,37.19613261853605,2024-10-24 08:35:25
244,58,33,8,,,126.83486087538861,37.20867826541477,126.82908910649647,37.201501656442595,2024-10-24 08:35:41
245,70,42,8,,,126.83695409184496,37.21048883828064,126.83156553925018,37.1961675120461,2024-10-24 08:35:44
246,56,19,8,,,126.83564977854051,37.20480021346791,126.82830933323639,37.19552643841008,2024-10-24 08:35:46
247,66,69,8,,,126.83704332462548,37.20298343655307,126.8368563526244,37.207256330489344,2024-10-24 08:35:56
248,32,59,8,,,126.8324837637992,37.201584758228606,126.83227741661948,37.20668682340211,2024-10-24 08:36:52
249,70,33,8,,,126.83803649339737,37.21041998119742,126.8298666186427,37.20051229238226,2024-10-24 08:37:27
250,31,44,8,,,126.82967158520734,37.197581835737424,126.82066295386214,37.18800577906555,2024-10-24 08:38:02
251,32,11,8,,,126.8322193901614,37.20140251728541,126.81459671909684,37.208552438077945,2024-10-24 08:38:19
252,50,37,8,,,126.82162383674302,37.21115980563801,126.82159142770715,37.19713079987043,2024-10-24 08:38:20
253,58,33,8,,,126.83596657237936,37.20878587881414,126.82962638281349,37.200286246339466,2024-10-24 08:39:46
254,58,19,8,,,126.83514775323982,37.20757099884255,126.82877001684601,37.194655644458365,2024-10-24 08:40:22
255,54,54,8,,,126.83300615354203,37.210166740000574,126.83246241521674,37.20928430921905,2024-10-24 08:40:29
256,54,66,8,,,126.83208073467327,37.20930303841088,126.83790449493617,37.20479858974281,2024-10-24 08:40:54
257,11,33,8,,,126.81508456376238,37.20827361509985,126.82886676818306,37.20139383673322,2024-10-24 08:40:55
258,70,42,8,,,126.83796006063119,37.20924516137799,126.83188731366286,37.19549002097906,2024-10-24 08:41:58
259,70,33,8,,,126.83697718474168,37.208550031695346,126.82998419957599,37.200177630721235,2024-10-24 08:42:00
260,20,23,8,,,126.81618058383795,37.19194828984241,126.82117514532388,37.19232806359106,2024-10-24 08:42:23
261,70,33,8,,,126.83730260946798,37.20957028075916,126.82917275116363,37.199952936544854,2024-10-24 08:43:08
262,10,17,8,,,126.81794828758495,37.209966752228816,126.82622231563313,37.19670966103152,2024-10-24 08:43:20
263,31,59,8,,,126.82830691347456,37.19873086942218,126.8314976968639,37.20684542140171,2024-10-24 08:43:35
264,58,19,8,,,126.83538212302813,37.20872925124025,126.8291206239324,37.195763322506814,2024-10-24 08:43:53
265,58,33,8,,,126.83462856691644,37.207803772424995,126.82919311696095,37.20054129941298,2024-10-24 08:44:06
266,54,33,8,,,126.83195563773286,37.20999504318184,126.82837558757419,37.200932126889676,2024-10-24 08:44:52
267,54,33,8,,,126.83220678387487,37.21085239607376,126.82971967092315,37.200026615008284,2024-10-24 08:44:54
268,19,31,8,,,126.82788238505012,37.19482644023898,126.82964684450171,37.19858042043401,2024-10-24 08:44:56
269,58,42,8,,,126.83532316192554,37.208242570570796,126.83117004763186,37.19699139755459,2024-10-24 08:45:12
270,14,51,8,,,126.81977506620609,37.20818879257551,126.82062431362442,37.209723599770626,2024-10-24 08:45:18
271,56,17,8,,,126.83405288070131,37.206255319666084,126.8254902239694,37.19749316896564,2024-10-24 08:45:36
272,10,17,8,,,126.81716267108203,37.20998110483025,126.82575600090215,37.197295858249944,2024-10-24 08:45:53
273,10,17,8,,,126.81716057533126,37.21001017956755,126.82740476428003,37.19767121279721,2024-10-24 08:46:01
274,17,54,8,,,126.82616563824132,37.197488324609935,126.833109323275,37.20982679680171,2024-10-24 08:46:02
275,17,58,8,,,126.82555334324684,37.1968628365168,126.83610838285968,37.209349125871995,2024-10-24 08:46:15
276,17,54,8,,,126.8274004712922,37.19761149843916,126.83253983136841,37.21068700722732,2024-10-24 08:46:43
277,32,59,8,,,126.8318859919418,37.201487564639244,126.83315854795121,37.20827888793699,2024-10-24 08:47:07
278,11,64,8,,,126.81409185294994,37.207734744404995,126.84233810692446,37.203965504310034,2024-10-24 08:47:36
279,10,70,8,,,126.8160679159977,37.20930768593364,126.83841736066569,37.20979957385275,2024-10-24 08:47:40
280,11,17,8,,,126.81442758926609,37.20757388964427,126.82559203784884,37.1968741430597,2024-10-24 08:48:27
281,33,56,8,,,126.83004823519293,37.20123223685632,126.83482481475231,37.205685821722376,2024-10-24 08:49:38
282,72,56,8,,,126.8108491948847,37.20749021087408,126.835422087561,37.205806725936064,2024-10-24 08:50:02
283,62,22,8,,,126.83886812782806,37.21334971183625,126.81623374950564,37.194449045684806,2024-10-24 08:50:26
284,44,16,8,,,126.81985004015276,37.1887232354741,126.82441071402121,37.191993655143435,2024-10-24 08:50:26
285,54,33,8,,,126.83242427723596,37.21025443987116,126.82862909192912,37.20057307444571,2024-10-24 08:50:56
286,50,38,8,,,126.82321106151424,37.211346387386705,126.82374410709082,37.200422604601215,2024-10-24 08:51:13
287,58,17,8,,,126.83529201564866,37.2085861255687,126.82716971575947,37.19713190719823,2024-10-24 08:51:30
288,54,33,8,,,126.83236223413552,37.210218167105445,126.82967070916328,37.19988756240876,2024-10-24 08:51:32
289,56,33,8,,,126.83426302196601,37.205953937313986,126.82930250742746,37.20121147904286,2024-10-24 08:51:49
290,17,54,8,,,126.82648765147167,37.19674553521238,126.83214142891076,37.21042839341705,2024-10-24 08:51:50
291,10,56,8,,,126.81654428958936,37.208441485890106,126.8344847879981,37.20490494575085,2024-10-24 08:51:52
292,11,58,8,,,126.81423660048581,37.20834399344258,126.83451038421666,37.20810220930258,2024-10-24 08:52:04
293,55,39,8,,,126.82964279417172,37.20862355548669,126.82197846056103,37.19925436488094,2024-10-24 08:52:10
294,63,48,8,,,126.83481053531148,37.21124697205048,126.82958916351053,37.214019004413466,2024-10-24 08:52:18
295,37,51,8,,,126.82199173129854,37.197526274167934,126.82047084679166,37.21027952901354,2024-10-24 08:52:29
296,58,33,8,,,126.835328851194,37.20813538889581,126.82960888409136,37.20124423672749,2024-10-24 08:52:52
297,19,60,8,,,126.82908031911492,37.195632548996166,126.83316938501905,37.21271385359076,2024-10-24 08:52:57
298,56,31,8,,,126.83536348791947,37.205341669823895,126.82972029528166,37.198488182841665,2024-10-24 08:52:59
299,69,30,8,,,126.83764917411847,37.20648746014883,126.83240882730856,37.19986346507497,2024-10-24 08:53:07
300,56,31,8,,,126.8349296962772,37.20497918470904,126.8291101253948,37.197078338918296,2024-10-24 08:53:11
301,11,49,8,,,126.8140056617383,37.20896595807661,126.8272838037799,37.214238190788166,2024-10-24 08:53:55
302,58,33,8,,,126.83421512489696,37.20893649669309,126.82945758675032,37.20148388277751,2024-10-24 08:54:03
303,70,10,8,,,126.83856473703926,37.20974885619389,126.81697135842374,37.208442621946254,2024-10-24 08:54:41
304,29,6,8,,,126.82777927256566,37.201630856978404,126.82532568306469,37.2034166468933,2024-10-24 08:54:54
305,54,33,8,,,126.83302184184714,37.21043692210478,126.82953226320852,37.2007792623747,2024-10-24 08:55:52
306,28,21,8,,,126.83047311359537,37.2043696960537,126.8193174751189,37.19593315574138,2024-10-24 08:56:17
307,70,33,8,,,126.838480954171,37.20948443916483,126.82925249363173,37.20118346517389,2024-10-24 08:56:38
308,70,17,8,,,126.83871155972517,37.20941447441913,126.82630787542672,37.196213716255414,2024-10-24 08:56:43
309,70,33,8,,,126.83748931391098,37.20996893784378,126.82839087975965,37.19995788147801,2024-10-24 08:57:17
310,11,17,8,,,126.81424880704044,37.20908299307363,126.82706990579382,37.19600457253978,2024-10-24 08:57:26
311,66,64,8,,,126.837385175307,37.204484181915696,126.84299384473935,37.20333301987488,2024-10-24 08:57:38
312,58,33,8,,,126.83594576486357,37.208771782774946,126.82898099744955,37.20141234218848,2024-10-24 08:58:08
313,33,56,8,,,126.83028932798615,37.20163383912806,126.83550575735524,37.205723350206675,2024-10-24 08:58:36
314,31,37,8,,,126.82943903373076,37.198202933088055,126.82195223563058,37.19721842670157,2024-10-24 08:58:43
315,15,30,8,,,126.81609539180245,37.20683251984864,126.83271345209054,37.198869909970526,2024-10-24 08:59:27
316,56,17,9,,,126.83462783388924,37.20516602559458,126.82674119167588,37.19624224539644,2024-10-24 09:00:46
317,12,52,9,,,126.81871940233988,37.20404112172308,126.83038330640419,37.217849938479866,2024-10-24 09:02:22
318,51,37,9,,,126.81948865389624,37.21141373273639,126.82213396415669,37.1974143715058,2024-10-24 09:02:28
319,50,50,9,,,126.82172950372326,37.212326973126515,126.82173095158738,37.2122650036215,2024-10-24 09:02:32
320,3,1,9,,,126.82561199197784,37.21034831306281,126.81573641732366,37.19770847525914,2024-10-24 09:02:59
321,33,70,9,,,126.82945483666518,37.200466946106395,126.83792517905239,37.20892883990251,2024-10-24 09:03:05
322,59,15,9,,,126.83153612102471,37.20686724589972,126.81686618898271,37.20640088281876,2024-10-24 09:03:19
323,62,9,9,,,126.83897880423423,37.212480155509496,126.81337071778316,37.205556480426374,2024-10-24 09:03:56
324,58,42,9,,,126.83420023202075,37.207660448028314,126.83195745639075,37.19631096294892,2024-10-24 09:04:35
325,58,19,9,,,126.83507722187093,37.20943092909829,126.82822615177226,37.194609010170936,2024-10-24 09:04:42
326,25,2,9,,,126.82035324183583,37.194985569841634,126.82186074769943,37.20570087225349,2024-10-24 09:04:58
327,35,20,9,,,126.81892452363347,37.201746056054134,126.81632005182638,37.19254675042136,2024-10-24 09:05:01
328,18,62,9,,,126.82335529468295,37.19493964615504,126.83797489825639,37.211503713649854,2024-10-24 09:05:02
329,12,41,9,,,126.81905983204206,37.20513102945227,126.83473559629545,37.19722212731771,2024-10-24 09:05:07
330,20,41,9,,,126.81593954337323,37.191948246860285,126.83348614091717,37.197297638109745,2024-10-24 09:05:23
331,26,61,9,,,126.81924391401522,37.192628901161505,126.83295669956937,37.21655331684091,2024-10-24 09:06:36
332,50,38,9,,,126.8216543082407,37.21186289764834,126.82512466969918,37.202248749975716,2024-10-24 09:06:51
333,26,37,9,,,126.8182860893639,37.19316592235071,126.82075658443219,37.19695854706006,2024-10-24 09:07:14
334,53,25,9,,,126.82943252169703,37.207153807989265,126.82131970576084,37.1945170408546,2024-10-24 09:07:19
335,2,10,9,,,126.82248424418329,37.20499582983512,126.81659706225517,37.20925362149463,2024-10-24 09:09:12
336,58,19,9,,,126.8360897460391,37.20899030996797,126.82870691299637,37.19532659039334,2024-10-24 09:09:14
337,36,27,9,,,126.82417117008396,37.198160264041334,126.82761077421516,37.19891006282652,2024-10-24 09:09:32
338,56,9,9,,,126.83578038048212,37.20559782748993,126.8138696810624,37.20445556715105,2024-10-24 09:09:35
339,39,27,9,,,126.82096882543445,37.20088222765006,126.82703058456232,37.199730199277575,2024-10-24 09:10:05
340,50,38,9,,,126.82324943836949,37.21131432857827,126.8241237453164,37.2020765116843,2024-10-24 09:10:46
341,12,50,9,,,126.81853297051576,37.20569424046704,126.82294199811179,37.21171565948182,2024-10-24 09:10:55
342,19,10,9,,,126.8281242550342,37.19557039203187,126.81774660036766,37.20934398991263,2024-10-24 09:12:25
343,58,33,9,,,126.83558312736106,37.20933347532439,126.8299332297445,37.19989147214189,2024-10-24 09:12:52
344,27,58,9,,,126.82662607382416,37.200111301485045,126.83513059888604,37.20848810428059,2024-10-24 09:12:57
345,39,53,9,,,126.82111181728105,37.19927677980282,126.83014343799148,37.20559976081347,2024-10-24 09:13:01
346,10,17,9,,,126.81773445417376,37.20891048413084,126.82671708218139,37.19586524831009,2024-10-24 09:13:02
347,54,33,9,,,126.83233325661821,37.210811102250325,126.82961084405484,37.20112802133198,2024-10-24 09:13:09
348,50,38,9,,,126.82195386424743,37.21201233579399,126.82328717344801,37.200890543123876,2024-10-24 09:13:36
349,17,54,9,,,126.82711127202704,37.19601491508541,126.83346924648613,37.21009755986433,2024-10-24 09:13:39
350,59,60,9,,,126.83199795540563,37.20720489801018,126.83307948350752,37.213122647915306,2024-10-24 09:15:05
351,50,37,9,,,126.82148435638598,37.211776402822,126.82169546277963,37.19725020644326,2024-10-24 09:15:24
352,32,58,9,,,126.83170501594739,37.20117679356683,126.8351228678763,37.20755973541138,2024-10-24 09:16:26
353,62,2,9,,,126.83764470469474,37.21305406547484,126.82254341570375,37.206284782356036,2024-10-24 09:16:27
354,69,30,9,,,126.8372547805288,37.20623370657166,126.83167461848106,37.198089069635344,2024-10-24 09:16:34
355,10,17,9,,,126.81674621546145,37.20858721235622,126.82689223485731,37.19754861327562,2024-10-24 09:18:39
356,49,30,9,,,126.82719919252975,37.21377892927825,126.83137027395995,37.19987675002373,2024-10-24 09:19:02
357,70,33,9,,,126.83788603345397,37.209300852787486,126.8288373966322,37.20038430197547,2024-10-24 09:19:19
358,50,12,9,,,126.82275985399542,37.21191031554885,126.81920701842544,37.2047666678335,2024-10-24 09:19:43
359,24,25,9,,,126.81873900347468,37.19067843830989,126.82063194868466,37.19497832438068,2024-10-24 09:20:37
360,23,32,9,,,126.82000029194928,37.19202197859869,126.83218284266032,37.20202847957637,2024-10-24 09:20:40
361,32,54,9,,,126.83117932395976,37.20174124526787,126.83258634970893,37.20997995886207,2024-10-24 09:21:03
362,11,58,9,,,126.81393890296427,37.20857897175958,126.83498531161501,37.20866389785758,2024-10-24 09:22:23
363,70,33,9,,,126.83863672152056,37.20914590535,126.82869432077268,37.20008939840846,2024-10-24 09:22:43
364,36,24,9,,,126.82398369926248,37.19911226405645,126.8189158905504,37.190010430002694,2024-10-24 09:22:44
365,25,54,9,,,126.8206622459403,37.19482166322393,126.83314028793417,37.21063020026406,2024-10-24 09:23:13
366,60,37,9,,,126.83323883431252,37.213892384498756,126.82089821558176,37.197995212903116,2024-10-24 09:23:30
367,50,37,9,,,126.8226913182734,37.212348532938954,126.82068872028329,37.197918280710596,2024-10-24 09:23:38
368,17,70,9,,,126.82564834435644,37.19678715173195,126.83709648694322,37.20894149004109,2024-10-24 09:24:40
369,56,32,9,,,126.83503706715267,37.20479912473724,126.8320945242671,37.200870020816886,2024-10-24 09:24:41
370,56,31,9,,,126.83434698690999,37.20587217018924,126.82839659239954,37.19711742320301,2024-10-24 09:25:05
371,69,30,9,,,126.83804342396616,37.2059086432735,126.83131196800511,37.198311892005414,2024-10-24 09:25:19
372,58,19,9,,,126.8359673096226,37.20835572886745,126.82802668910387,37.19478982145641,2024-10-24 09:26:06
373,10,17,9,,,126.816383811548,37.20901633559655,126.8261403133002,37.197153777223825,2024-10-24 09:26:23
374,56,41,9,,,126.8339147606513,37.20515183373109,126.83338185937875,37.19663175789613,2024-10-24 09:27:01
375,10,17,9,,,126.81709623850813,37.210316507744324,126.82691220128392,37.19627626777201,2024-10-24 09:27:11
376,47,37,9,,,126.82774839152259,37.21085077494355,126.82195750065684,37.1973668146389,2024-10-24 09:28:00
377,61,41,9,,,126.83272020707157,37.21564150749384,126.8343116568557,37.19656371323627,2024-10-24 09:28:25
378,58,35,9,,,126.83600555533002,37.208688501016546,126.81850514746048,37.20275144108809,2024-10-24 09:28:37
379,58,19,9,,,126.83426059929347,37.20814771233525,126.82973535471636,37.196023076078106,2024-10-24 09:28:55
380,55,49,9,,,126.82916002499954,37.20914307779657,126.82711902085586,37.21400126768346,2024-10-24 09:29:11
381,33,58,9,,,126.828843219177,37.19993365275235,126.83493958761348,37.20819020988168,2024-10-24 09:29:25
382,56,33,9,,,126.8343195326792,37.20487539933732,126.82849615666632,37.20083207822125,2024-10-24 09:30:09
383,15,7,9,,,126.81693451292156,37.20704912613938,126.82709750040055,37.20809047593921,2024-10-24 09:30:18
384,17,54,9,,,126.827026645883,37.19776416504964,126.83364503774384,37.21112859696657,2024-10-24 09:30:23
385,17,54,9,,,126.8266293738118,37.19619878109245,126.83366914611157,37.21058143577592,2024-10-24 09:30:27
386,56,17,9,,,126.83581679935342,37.20615043259651,126.82685138450307,37.19637353192098,2024-10-24 09:30:29
387,56,17,9,,,126.83471956293405,37.20525653197696,126.82719585618591,37.196774681184074,2024-10-24 09:31:46
388,39,6,9,,,126.82174248279645,37.1995799291913,126.82507501689568,37.204374604474296,2024-10-24 09:32:47
389,37,51,9,,,126.82086032779661,37.19784108332403,126.81943138036742,37.2110508867967,2024-10-24 09:33:26
390,56,33,9,,,126.83498205002464,37.20504723285088,126.83002324539221,37.19999485717753,2024-10-24 09:34:30
391,56,33,9,,,126.83402000131977,37.20553388467732,126.8291451225251,37.199929671544005,2024-10-24 09:34:50
392,70,47,9,,,126.83775074133295,37.210305153203464,126.82797026254917,37.21145276917797,2024-10-24 09:35:00
393,19,6,9,,,126.8296221094219,37.194723858318554,126.8246722705045,37.20469565872097,2024-10-24 09:35:19
394,15,60,9,,,126.81691001478642,37.20629693195587,126.83241672880531,37.21253276503227,2024-10-24 09:35:20
395,54,17,9,,,126.83354900942804,37.21018129933452,126.82634166098428,37.19747175971875,2024-10-24 09:35:47
396,58,32,9,,,126.83459240760283,37.20821720753819,126.83130946851608,37.20166775527887,2024-10-24 09:36:18
397,48,52,9,,,126.83014340731921,37.21442852774248,126.83110085436175,37.218103592296764,2024-10-24 09:36:23
398,58,19,9,,,126.83438777364388,37.208244771865694,126.82953583234193,37.1959922775112,2024-10-24 09:36:40
399,18,38,9,,,126.8244897322357,37.19494853504995,126.82396516823707,37.200451208651806,2024-10-24 09:37:39
400,50,37,9,,,126.8229701848843,37.21236791442472,126.8205044948786,37.19697051878467,2024-10-24 09:38:15
401,72,52,9,,,126.81212437190713,37.207904171756994,126.83076562836618,37.216592052530466,2024-10-24 09:38:24
402,56,41,9,,,126.8348334863196,37.204758392854814,126.83468236048657,37.197809785983885,2024-10-24 09:38:29
403,12,59,9,,,126.81855428790583,37.20385343232244,126.83218957657971,37.207277622734715,2024-10-24 09:38:43
404,23,38,9,,,126.82113090088228,37.191101510575834,126.82437912609124,37.20176097797814,2024-10-24 09:39:38
405,72,70,9,,,126.81147702329682,37.20733428792613,126.83747846377109,37.20884435211911,2024-10-24 09:39:52
406,69,30,9,,,126.83771195549409,37.20717232576015,126.83251399253245,37.198889717181494,2024-10-24 09:40:06
407,11,58,9,,,126.81368682422396,37.20924732964635,126.83433827528481,37.20804618744013,2024-10-24 09:41:07
408,36,10,9,,,126.82394518964897,37.19852257737851,126.81628424985996,37.20842886904467,2024-10-24 09:41:07
409,70,33,9,,,126.83761199731869,37.20994706646409,126.82895750339507,37.20014444478229,2024-10-24 09:41:15
410,12,17,9,,,126.8187965222992,37.20578496287003,126.82730142820348,37.19772969479999,2024-10-24 09:41:58
411,50,37,9,,,126.82185793830419,37.21198229562855,126.82207111504904,37.196525134571075,2024-10-24 09:42:01
412,23,50,9,,,126.82080951125579,37.19207110442649,126.8219587174859,37.21175484169577,2024-10-24 09:42:11
413,35,32,9,,,126.81826143691164,37.20233415568441,126.83178703319514,37.2026966703526,2024-10-24 09:42:32
414,23,50,9,,,126.82034274695118,37.19233516677966,126.82252364857719,37.21092213043458,2024-10-24 09:43:47
415,49,24,9,,,126.82727818282034,37.21427006103686,126.81904430195863,37.19068090887693,2024-10-24 09:43:54
416,15,11,9,,,126.81770770946943,37.206080336728384,126.81369800735104,37.20730895999839,2024-10-24 09:44:20
417,58,19,9,,,126.83439905908192,37.20920776204551,126.82810345545317,37.195755401919406,2024-10-24 09:45:10
418,48,23,9,,,126.8301884828943,37.2147006156738,126.82073276219955,37.19270649302646,2024-10-24 09:45:12
419,17,54,9,,,126.82553549760291,37.196464490831076,126.83345455178926,37.210277817216294,2024-10-24 09:45:35
420,69,30,9,,,126.83667334964996,37.20693365417321,126.8323843460651,37.1980764974253,2024-10-24 09:45:59
421,37,51,9,,,126.821093827206,37.19664281289014,126.82049219895606,37.21003474479763,2024-10-24 09:45:59
422,50,37,9,,,126.82317089509539,37.21158689542915,126.82095101601746,37.19721266862244,2024-10-24 09:46:11
423,11,70,9,,,126.81422017057143,37.20814495007887,126.83864194766083,37.20999315809016,2024-10-24 09:47:05
424,56,19,9,,,126.83528931046295,37.206182601387866,126.8297474603661,37.19531225140755,2024-10-24 09:48:01
425,20,2,9,,,126.81656439546408,37.19189797681175,126.82149996000442,37.20590742434786,2024-10-24 09:48:25
426,18,44,9,,,126.82377263065169,37.196126731910304,126.82123648804462,37.189516270856096,2024-10-24 09:48:56
427,54,33,9,,,126.83314512421555,37.2095658726321,126.82944983582226,37.20124731819321,2024-10-24 09:49:03
428,47,43,9,,,126.82680160037438,37.20997169850636,126.82292380920244,37.189473117559785,2024-10-24 09:49:39
429,60,31,9,,,126.83314813553834,37.21383236701033,126.82908146284515,37.197704686803206,2024-10-24 09:50:11
430,36,30,9,,,126.82413248315308,37.19918953620079,126.8317944730309,37.19894555874096,2024-10-24 09:50:28
431,70,33,9,,,126.83881787721317,37.208774161697626,126.8287994597411,37.200623624617045,2024-10-24 09:50:37
432,56,31,9,,,126.8346559793921,37.20662059521674,126.82991581504673,37.19825416709233,2024-10-24 09:51:02
433,59,30,9,,,126.83156053563465,37.20810523808263,126.83135357173211,37.19893872046644,2024-10-24 09:51:29
434,56,31,9,,,126.83548347108777,37.20583454822401,126.82914656751831,37.19790129895106,2024-10-24 09:51:31
435,58,30,9,,,126.83472980544666,37.20750412525677,126.83186393550744,37.19927792848411,2024-10-24 09:51:37
436,54,33,9,,,126.83289379742388,37.20957979706928,126.82912525412695,37.20094323445253,2024-10-24 09:51:41
437,56,31,9,,,126.8352369185868,37.20571795466834,126.82858515212878,37.19728710888393,2024-10-24 09:51:42
438,72,12,9,,,126.8124705281475,37.20785546443719,126.8190752719202,37.20453007151734,2024-10-24 09:51:59
439,50,50,9,,,126.82252764087865,37.2106794351162,126.82282560952879,37.211570818228964,2024-10-24 09:52:28
440,50,37,9,,,126.82196027947629,37.21210974534309,126.82168902924214,37.19699886439439,2024-10-24 09:52:46
441,1,14,9,,,126.81707790392937,37.19844664875186,126.81883558420013,37.20756106759735,2024-10-24 09:53:11
442,37,72,9,,,126.82141769533159,37.198367717439204,126.81074457747994,37.20663108852465,2024-10-24 09:53:26
443,18,28,9,,,126.82344303239093,37.19567703646542,126.82947315712163,37.203625875235744,2024-10-24 09:53:57
444,35,52,9,,,126.81913947854873,37.202946933733045,126.82994753995784,37.21729082547489,2024-10-24 09:54:15
445,10,17,9,,,126.81761247328762,37.209376814046806,126.82556347345839,37.197223802890285,2024-10-24 09:54:25
446,59,33,9,,,126.83259986823576,37.20821057166353,126.82985934980239,37.20082073249364,2024-10-24 09:55:41
447,59,41,9,,,126.83205117643489,37.207019107828074,126.83455622517454,37.196482476147104,2024-10-24 09:55:52
448,50,37,9,,,126.82324542203986,37.21157766952259,126.82053529257674,37.19781594631245,2024-10-24 09:56:31
449,19,16,9,,,126.82817222005222,37.19428315099843,126.82314278627584,37.192203007347274,2024-10-24 09:56:45
450,23,38,9,,,126.81989582374257,37.1926409814927,126.8233312939853,37.20204727482451,2024-10-24 09:57:31
451,33,54,9,,,126.82925544708415,37.20097430293814,126.83336623315535,37.21026685599242,2024-10-24 09:57:32
452,17,54,9,,,126.8268247470287,37.19608465074024,126.83202007044406,37.21059391300577,2024-10-24 09:58:07
453,26,19,9,,,126.81815057744417,37.19321843169931,126.82889614938676,37.19555615874674,2024-10-24 09:58:45
454,26,68,9,,,126.8189800999227,37.19433231223205,126.84027310293358,37.20304034749664,2024-10-24 09:59:04
455,37,51,9,,,126.82031404097707,37.197799691013564,126.82062880614004,37.210368569558376,2024-10-24 09:59:32
456,51,37,9,,,126.82044815108353,37.211271468526,126.82139667040447,37.19644213804812,2024-10-24 09:59:32
457,56,41,10,,,126.83476432830984,37.20662659577059,126.83505461475555,37.19818734341625,2024-10-24 10:00:02
458,56,32,10,,,126.83560306436014,37.206380734818694,126.83294352635356,37.20093278803795,2024-10-24 10:00:10
459,33,56,10,,,126.82897870780805,37.201563429789154,126.83551688263204,37.2058833036687,2024-10-24 10:00:27
460,11,40,10,,,126.81414858826852,37.20832155828669,126.83177112829307,37.1923333501906,2024-10-24 10:00:27
461,33,56,10,,,126.82908987249618,37.200249477566956,126.83571100179783,37.20481231832681,2024-10-24 10:00:50
462,66,61,10,,,126.83644944960542,37.20343231212268,126.8336990100807,37.21494592685936,2024-10-24 10:00:56
463,51,37,10,,,126.81939181870133,37.21031885381587,126.8211388864739,37.19805706088139,2024-10-24 10:02:12
464,11,17,10,,,126.81415069569691,37.20878581100381,126.82586848623043,37.19745472967525,2024-10-24 10:03:18
465,11,12,10,,,126.81500404823927,37.20830502214747,126.81988340340075,37.20393732249736,2024-10-24 10:04:00
466,69,30,10,,,126.83746922662765,37.20634405426724,126.83125231960577,37.199837784721986,2024-10-24 10:04:30
467,50,37,10,,,126.82299974604614,37.21110104184154,126.82195910668322,37.19665377424455,2024-10-24 10:04:35
468,28,44,10,,,126.82966626184229,37.20307987420067,126.82128869409618,37.18911133359513,2024-10-24 10:05:15
469,58,19,10,,,126.83413525207663,37.20886605068166,126.82813158870268,37.194988442173674,2024-10-24 10:06:13
470,54,33,10,,,126.83317207669754,37.2094646523067,126.82843284515047,37.20048897531058,2024-10-24 10:06:30
471,51,37,10,,,126.81916855685841,37.21097065242997,126.82143659446109,37.198045009144835,2024-10-24 10:08:00
472,58,19,10,,,126.83497770733679,37.20943496442106,126.8280078457294,37.194299179059335,2024-10-24 10:08:13
473,70,17,10,,,126.83714639846102,37.20994252852118,126.82645163017173,37.197675672645104,2024-10-24 10:09:22
474,55,28,10,,,126.82952398376402,37.20926736753726,126.82944232888813,37.20330977060024,2024-10-24 10:09:42
475,72,56,10,,,126.8123568375452,37.20803832222837,126.83573662504716,37.20574864886994,2024-10-24 10:12:13
476,27,10,10,,,126.82713405167974,37.19975913094294,126.81680676915362,37.209763685139635,2024-10-24 10:14:08
477,56,33,10,,,126.83555842500338,37.2065791764531,126.8289600036766,37.20065521275947,2024-10-24 10:14:52
478,51,37,10,,,126.81924437058423,37.210003568949325,126.82059716462201,37.197498820947565,2024-10-24 10:15:03
479,58,19,10,,,126.8350232132228,37.2084975431114,126.82855333741867,37.19405095389519,2024-10-24 10:15:26
480,50,38,10,,,126.82263889481005,37.21209602525178,126.82448346409784,37.200692486291835,2024-10-24 10:15:49
481,50,38,10,,,126.82174546320897,37.211111273680245,126.82419049801449,37.201706585524704,2024-10-24 10:16:17
482,59,53,10,,,126.83167313488981,37.20736755303717,126.82995029700592,37.206296063379774,2024-10-24 10:16:20
483,12,17,10,,,126.81930032354984,37.20417252578846,126.82594026891962,37.197400069023026,2024-10-24 10:16:27
484,42,70,10,,,126.83085917032594,37.19562075652532,126.83757271483522,37.20938578520897,2024-10-24 10:16:31
485,33,56,10,,,126.82865343922421,37.20080970372586,126.83418640982603,37.205404383339925,2024-10-24 10:16:34
486,69,30,10,,,126.83746322171875,37.20589614087723,126.83199270963826,37.19883767245315,2024-10-24 10:16:41
487,32,59,10,,,126.83116330178902,37.20217272178713,126.83287100187417,37.20668621952502,2024-10-24 10:16:49
488,54,66,10,,,126.83192566476178,37.21092756967471,126.83686915036543,37.20464009915833,2024-10-24 10:18:55
489,51,37,10,,,126.81903141947689,37.21061310450198,126.82084601606299,37.198381604023965,2024-10-24 10:19:11
490,56,40,10,,,126.83506459698864,37.20531842960329,126.83129741865784,37.19343218211723,2024-10-24 10:19:21
491,50,38,10,,,126.82255971090225,37.21233787883479,126.82379521976524,37.2016639326047,2024-10-24 10:20:18
492,58,33,10,,,126.83568000043654,37.20773291319161,126.82858056583979,37.201172098466344,2024-10-24 10:20:25
493,33,56,10,,,126.82846811610021,37.20063424549223,126.83440190984481,37.20514631876853,2024-10-24 10:20:27
494,33,56,10,,,126.82860614301872,37.20020259645866,126.83446065345132,37.204977334094465,2024-10-24 10:20:33
495,33,56,10,,,126.82983696635982,37.200555254594356,126.83408332417282,37.20484738212117,2024-10-24 10:21:02
496,69,30,10,,,126.83791035926268,37.20705587443817,126.83080037477252,37.19828222057584,2024-10-24 10:21:06
497,68,29,10,,,126.84067269579349,37.201330887550085,126.82616424024238,37.203349144332215,2024-10-24 10:21:09
498,37,72,10,,,126.82105722583222,37.196778878253795,126.81211161588058,37.2068142774037,2024-10-24 10:21:26
499,50,38,10,,,126.82160728411371,37.21089466222547,126.82414781623314,37.20166111529772,2024-10-24 10:22:15
500,69,30,10,,,126.83786284303625,37.206505178286385,126.83213715619881,37.199599981706925,2024-10-24 10:22:18
501,33,58,10,,,126.82917550581932,37.200546228707324,126.83543515318598,37.2091057250824,2024-10-24 10:22:29
502,7,18,10,,,126.82794461618803,37.20754620969141,126.82400462825083,37.19662200912503,2024-10-24 10:23:02
503,56,41,10,,,126.83543323775297,37.20643122860903,126.83448815937123,37.19628784113009,2024-10-24 10:23:27
504,51,37,10,,,126.81991518835292,37.21114148652275,126.8214930490667,37.19727993783366,2024-10-24 10:23:56
505,50,38,10,,,126.82261409953097,37.21219154928052,126.82458082499741,37.20194718894979,2024-10-24 10:24:01
506,33,56,10,,,126.829508122488,37.20077422247516,126.83563616606266,37.20621179674146,2024-10-24 10:24:09
507,58,19,10,,,126.83487676700454,37.207959433159225,126.82819723927692,37.19584242929482,2024-10-24 10:24:36
508,6,61,10,,,126.82388414267852,37.2042747118887,126.8340073591728,37.215926274205216,2024-10-24 10:25:55
509,58,33,10,,,126.8357449931369,37.207637316764114,126.82904939675666,37.19987218593078,2024-10-24 10:26:09
510,62,25,10,,,126.83817999263469,37.213077011618196,126.82140296503981,37.19433916762399,2024-10-24 10:26:24
511,50,38,10,,,126.82180896638243,37.21050941376183,126.82457636776219,37.2008764021023,2024-10-24 10:26:32
512,50,38,10,,,126.82260758804705,37.21055889822386,126.82435325459224,37.20071436131283,2024-10-24 10:27:00
513,58,19,10,,,126.83558505619618,37.20870986315045,126.82872465100012,37.195545293071284,2024-10-24 10:27:03
514,17,56,10,,,126.82732421503458,37.19592767872923,126.8343951454965,37.20556091478405,2024-10-24 10:27:05
515,68,27,10,,,126.83990397570808,37.20133770004998,126.8261844782115,37.1998171528461,2024-10-24 10:27:27
516,50,38,10,,,126.82252898626204,37.21169336531006,126.8241421887069,37.20116579000541,2024-10-24 10:28:33
517,51,37,10,,,126.82035480618077,37.20962422200797,126.82085616453735,37.19792629470064,2024-10-24 10:29:01
518,47,39,10,,,126.82672264851996,37.210059025037545,126.82197813836943,37.19968290722691,2024-10-24 10:29:23
519,33,56,10,,,126.82942375337863,37.200563470218405,126.83396125351615,37.205459007643114,2024-10-24 10:29:25
520,21,7,10,,,126.81823922243423,37.19663268732692,126.82824911179992,37.20898621462272,2024-10-24 10:29:37
521,31,59,10,,,126.82824225776329,37.197314573647404,126.83267537803185,37.20758811508369,2024-10-24 10:29:50
522,58,33,10,,,126.83455919037209,37.20816103003978,126.83015406162673,37.20116232053711,2024-10-24 10:30:02
523,43,10,10,,,126.82323217953312,37.19103983537872,126.81702340239887,37.209139872534394,2024-10-24 10:30:39
524,32,54,10,,,126.83171084816509,37.201727711634,126.83253558431703,37.21107576018378,2024-10-24 10:30:45
525,51,37,10,,,126.82023976002401,37.21055069005258,126.82128235862757,37.19741423039722,2024-10-24 10:31:13
526,19,10,10,,,126.8278850894639,37.19414705863541,126.81700989389904,37.20868102949018,2024-10-24 10:32:29
527,50,37,10,,,126.82221132502936,37.21070961239119,126.82049288534306,37.19834705944252,2024-10-24 10:32:57
528,50,37,10,,,126.82157462023456,37.21119711426845,126.82116564105365,37.19786759159772,2024-10-24 10:32:58
529,51,8,10,,,126.81906886190761,37.209997058678304,126.82485535691279,37.207634564027536,2024-10-24 10:33:25
530,9,54,10,,,126.8145680767551,37.20536356490687,126.83195180548172,37.209897826830506,2024-10-24 10:33:29
531,66,66,10,,,126.83779505403376,37.20348091716855,126.8372169463519,37.20444216156969,2024-10-24 10:34:35
532,50,38,10,,,126.82169964559473,37.210849420140825,126.82508577351899,37.20143941034625,2024-10-24 10:35:13
533,23,68,10,,,126.82027296812973,37.19263142647295,126.84021542150084,37.202975390344186,2024-10-24 10:36:03
534,59,67,10,,,126.83147178158939,37.20815522665346,126.8343173452336,37.20254942070819,2024-10-24 10:36:03
535,11,58,10,,,126.81336019644729,37.20921209201313,126.83548114537348,37.20908496904396,2024-10-24 10:36:34
536,50,38,10,,,126.82266989436246,37.211887379528235,126.82427867342719,37.20231951154639,2024-10-24 10:36:41
537,26,72,10,,,126.81741894779013,37.193654710306,126.81127083653615,37.20803353479656,2024-10-24 10:37:04
538,42,38,10,,,126.83208611967251,37.195475247580674,126.82462327500313,37.20037354465862,2024-10-24 10:37:14
539,10,56,10,,,126.8178439758922,37.20931489498224,126.83519234863448,37.20572719300365,2024-10-24 10:37:18
540,48,68,10,,,126.83058530413847,37.21490491029816,126.8396131144133,37.20206440152915,2024-10-24 10:38:05
541,51,37,10,,,126.81968460444342,37.21043026516967,126.82109200753769,37.197792997052275,2024-10-24 10:38:20
542,24,46,10,,,126.81722275110772,37.19066354924883,126.83106185103658,37.211076871072756,2024-10-24 10:38:41
543,70,42,10,,,126.83713335316135,37.20887329208405,126.83233942069731,37.19666205106198,2024-10-24 10:38:41
544,54,17,10,,,126.83338792211445,37.2097281606264,126.82676421807813,37.19774061684612,2024-10-24 10:39:05
545,51,37,10,,,126.82024489080341,37.209647802432926,126.82099447021135,37.19807016932715,2024-10-24 10:39:05
546,36,12,10,,,126.82358636415258,37.19777658128922,126.81864911455645,37.20568321951851,2024-10-24 10:40:34
547,32,11,10,,,126.83254633560195,37.201539910820394,126.81387256530934,37.20731638463455,2024-10-24 10:40:39
548,58,65,10,,,126.83470292108926,37.208901013879846,126.83351373895195,37.200894128108615,2024-10-24 10:40:57
549,58,33,10,,,126.83585300451846,37.20883178694188,126.82851520360238,37.1998391589313,2024-10-24 10:42:03
550,33,56,10,,,126.8295476109615,37.200657387737806,126.83417970875948,37.20555864255876,2024-10-24 10:42:40
551,70,42,10,,,126.8377291287545,37.20869366936131,126.83155010386854,37.195835640946505,2024-10-24 10:42:50
552,38,54,10,,,126.82432060683877,37.201301727067055,126.8324239990292,37.2096783230874,2024-10-24 10:43:12
553,55,34,10,,,126.83052431792949,37.20970171373998,126.82220774265127,37.202859948302006,2024-10-24 10:43:15
554,33,7,10,,,126.82909351732822,37.19997433664557,126.82648447316603,37.20775295663237,2024-10-24 10:43:16
555,56,33,10,,,126.8346251751668,37.20597120693461,126.8293831223062,37.199792444236486,2024-10-24 10:43:20
556,11,36,10,,,126.81455894997426,37.20859064277577,126.82392074260983,37.198470740653306,2024-10-24 10:43:32
557,50,38,10,,,126.82215665269412,37.211127321895276,126.82339731242219,37.2011048004527,2024-10-24 10:43:37
558,47,20,10,,,126.82732467089525,37.21120207972606,126.81660086274589,37.19295240179778,2024-10-24 10:44:02
559,50,37,10,,,126.8229794744238,37.210719239038745,126.82174172563653,37.19828344860414,2024-10-24 10:44:14
560,56,41,10,,,126.83565757644665,37.2052466503017,126.83342248029598,37.197949145353256,2024-10-24 10:44:22
561,46,48,10,,,126.82954335840297,37.212257562727295,126.83056127392634,37.21496922951174,2024-10-24 10:44:53
562,71,70,10,,,126.83951222247886,37.20543421327818,126.83690680901367,37.20955717906856,2024-10-24 10:46:01
563,31,54,10,,,126.8287536809494,37.19864333717262,126.83195178961303,37.21070469302288,2024-10-24 10:46:13
564,58,33,10,,,126.83519409602233,37.207744360735795,126.82961431380373,37.19968273234827,2024-10-24 10:46:13
565,32,58,10,,,126.83175937119675,37.2019182549642,126.83472383843065,37.20900298941039,2024-10-24 10:46:24
566,31,58,10,,,126.82909180697344,37.19829861277881,126.83424047233314,37.209407301256995,2024-10-24 10:47:03
567,56,31,10,,,126.83464687205627,37.206515591521125,126.82874479983049,37.19875079379635,2024-10-24 10:47:25
568,18,39,10,,,126.82408932259298,37.19514070709578,126.82179190375328,37.20093463927187,2024-10-24 10:47:35
569,11,32,10,,,126.81376335059699,37.207559192609594,126.8311201260075,37.201658524039715,2024-10-24 10:48:16
570,42,70,10,,,126.83214625489909,37.19553468994818,126.83695705054302,37.210202092916155,2024-10-24 10:48:21
571,55,11,10,,,126.8294816589399,37.20875670990187,126.81411131275269,37.208944244629954,2024-10-24 10:48:33
572,50,37,10,,,126.8220031548601,37.21078386402884,126.82067448131956,37.197334268981606,2024-10-24 10:49:50
573,72,70,10,,,126.81109089777733,37.2074874086629,126.8386504427289,37.20903605566545,2024-10-24 10:50:33
574,59,41,10,,,126.83273998711388,37.207161279629084,126.83482335639037,37.19776355847793,2024-10-24 10:51:03
575,58,33,10,,,126.83559309776703,37.20770496904711,126.82917305086045,37.200368854145125,2024-10-24 10:51:22
576,62,39,10,,,126.83901796438681,37.21229741286229,126.82165915930801,37.19938488874914,2024-10-24 10:52:04
577,50,13,10,,,126.82276024878374,37.21185962465027,126.81755858697566,37.20300918221741,2024-10-24 10:52:43
578,70,33,10,,,126.83733722712219,37.21018454304418,126.82981382614561,37.200409521726144,2024-10-24 10:53:27
579,51,37,10,,,126.81910855018918,37.209832628442584,126.82096237762504,37.19654231937844,2024-10-24 10:53:34
580,58,42,10,,,126.83468701478313,37.20773831497974,126.83165767712059,37.195283890587454,2024-10-24 10:54:00
581,50,38,10,,,126.82158287826975,37.21062564117811,126.82354276794679,37.202063671101286,2024-10-24 10:54:20
582,11,61,10,,,126.81368444493411,37.20913655714225,126.83316920088515,37.2166610868291,2024-10-24 10:55:02
583,70,33,10,,,126.83786644162204,37.209398178437425,126.83026437455298,37.200191682166015,2024-10-24 10:55:05
584,46,39,10,,,126.83048704215044,37.21200198692495,126.82202234041,37.19940886893591,2024-10-24 10:55:27
585,41,70,10,,,126.83396583140171,37.19776768834213,126.83721833329656,37.21040366360391,2024-10-24 10:55:44
586,51,37,10,,,126.82021467300947,37.210932961615086,126.82069783053716,37.19730633687062,2024-10-24 10:56:09
587,56,41,10,,,126.83415720406659,37.2055620828183,126.83411837222468,37.197911258478634,2024-10-24 10:57:07
588,51,37,10,,,126.81902917172255,37.21030709261583,126.82185250844634,37.197554399309645,2024-10-24 10:57:20
589,59,33,10,,,126.83205094623176,37.20769458833746,126.82933331850965,37.200701281119954,2024-10-24 10:57:49
590,42,70,10,,,126.83136916703751,37.19670670682745,126.83808540527845,37.20953813572932,2024-10-24 10:57:52
591,19,10,10,,,126.82792955812592,37.19533461766074,126.81676451624979,37.209148818935944,2024-10-24 10:58:35
592,72,30,10,,,126.81073383020949,37.206200578220134,126.83261549791992,37.19865888176122,2024-10-24 10:58:54
593,51,37,10,,,126.81871383162681,37.21013746747455,126.82189117854844,37.19669667314048,2024-10-24 10:59:05
594,46,5,10,,,126.8302979718232,37.2123115926847,126.82679650815459,37.20579745854899,2024-10-24 10:59:22
595,70,33,10,,,126.83859156271862,37.20907705827155,126.82837298587977,37.20120864344534,2024-10-24 10:59:37
596,70,17,11,,,126.83807210705649,37.20989302558209,126.82679266894061,37.19626728648735,2024-10-24 11:01:13
597,54,33,11,,,126.83325919254436,37.2098692066567,126.82999996651465,37.20028768146006,2024-10-24 11:01:22
598,58,32,11,,,126.8361280176684,37.20876945574305,126.83183635714184,37.2012653572672,2024-10-24 11:01:44
599,37,23,11,,,126.82089718049086,37.196787767223185,126.82103619744038,37.19241073589361,2024-10-24 11:02:12
600,1,16,11,,,126.81672494159672,37.19743597231959,126.82440562358845,37.193836520915376,2024-10-24 11:03:35
601,70,42,11,,,126.83741513770613,37.21018721695808,126.83200654767991,37.19569704873908,2024-10-24 11:04:27
602,1,22,11,,,126.81684833001775,37.19883126609541,126.81551423297357,37.19580919471369,2024-10-24 11:04:42
603,64,55,11,,,126.84190564434331,37.20319791772287,126.83034794498849,37.20835214835302,2024-10-24 11:04:51
604,1,56,11,,,126.81513220390491,37.19818346640969,126.83503634318977,37.20504426159985,2024-10-24 11:05:53
605,51,37,11,,,126.81982003226665,37.211269245463725,126.82083293237524,37.19662558459681,2024-10-24 11:06:50
606,41,56,11,,,126.83357601073322,37.196344356082314,126.83537269987866,37.20539383506111,2024-10-24 11:07:08
607,51,34,11,,,126.81899106423027,37.210248273927746,126.82222489266124,37.20323011502196,2024-10-24 11:07:40
608,63,64,11,,,126.8360902359578,37.21121550334408,126.84340515870136,37.203420627597545,2024-10-24 11:08:02
609,11,33,11,,,126.81494110506145,37.20743797509276,126.82972368298532,37.20027421283013,2024-10-24 11:08:11
610,16,22,11,,,126.82415820943731,37.19189760703383,126.81515426790057,37.19622727422964,2024-10-24 11:08:17
611,56,17,11,,,126.83439260589729,37.20600526801383,126.82629782631149,37.19674721371973,2024-10-24 11:08:27
612,33,56,11,,,126.82977897742828,37.20161750420713,126.83518726169103,37.205516656058805,2024-10-24 11:09:18
613,68,72,11,,,126.84026218298816,37.201805611341435,126.8116170288412,37.207733884428926,2024-10-24 11:09:46
614,21,33,11,,,126.81881503429793,37.195412171730496,126.82890448370343,37.200157352422856,2024-10-24 11:10:08
615,5,21,11,,,126.82689752138769,37.2042287724804,126.81826952859572,37.19580886832675,2024-10-24 11:10:16
616,46,64,11,,,126.82921831256076,37.21103718465631,126.84316435134753,37.20242873507667,2024-10-24 11:10:29
617,11,17,11,,,126.81422504474756,37.20746844881687,126.82564709292042,37.19639770681722,2024-10-24 11:10:36
618,54,33,11,,,126.83309102722129,37.209324708429065,126.82987530623667,37.20047255314639,2024-10-24 11:10:51
619,56,33,11,,,126.8354683899784,37.20635056194612,126.82875697553145,37.20009442003899,2024-10-24 11:11:07
620,50,60,11,,,126.82299629561494,37.212444843431854,126.83274289906167,37.21226158367637,2024-10-24 11:11:24
621,21,33,11,,,126.81939328963199,37.19605075934838,126.82920629623871,37.200215746402414,2024-10-24 11:11:47
622,56,33,11,,,126.83392565716235,37.20584520319394,126.82992444451581,37.200170563747086,2024-10-24 11:11:49
623,50,7,11,,,126.8221422645465,37.211242554724855,126.82639066615803,37.207404722058456,2024-10-24 11:12:37
624,58,19,11,,,126.83566402824586,37.20775851319483,126.82947704876386,37.19583420284664,2024-10-24 11:12:51
625,56,17,11,,,126.83555574229149,37.2051908742899,126.82667643906443,37.19677989299147,2024-10-24 11:13:35
626,67,1,11,,,126.83565878313124,37.202512564063966,126.81708956406956,37.198862973865666,2024-10-24 11:13:40
627,32,58,11,,,126.83168074385821,37.2023593955484,126.83573792835843,37.20781357434743,2024-10-24 11:13:45
628,69,30,11,,,126.83693146605471,37.20724610184288,126.83175419901066,37.199459896240846,2024-10-24 11:14:17
629,26,69,11,,,126.81931847350134,37.19367907479514,126.83846466660573,37.20650056032367,2024-10-24 11:14:58
630,56,33,11,,,126.83444689686665,37.20599830978513,126.82835437809241,37.20048479725735,2024-10-24 11:15:22
631,10,40,11,,,126.81641560236538,37.20848763721134,126.83149615892144,37.19385977186033,2024-10-24 11:15:56
632,37,51,11,,,126.82089978402541,37.197117223960525,126.82062082399676,37.21069176267069,2024-10-24 11:16:14
633,7,3,11,,,126.82822380243041,37.20787118786014,126.824125158177,37.21071121310828,2024-10-24 11:16:15
634,25,45,11,,,126.82166965126503,37.19414139670042,126.82417612271414,37.21341615492678,2024-10-24 11:16:27
635,12,2,11,,,126.81903990050441,37.20572546168283,126.82152954480581,37.20496752999624,2024-10-24 11:16:56
636,50,60,11,,,126.82283358019066,37.2111400126527,126.83207020414478,37.213623899018565,2024-10-24 11:17:36
637,56,33,11,,,126.83528643078336,37.20614084156192,126.8290874047189,37.200235921617235,2024-10-24 11:17:39
638,39,50,11,,,126.82187078446681,37.19965827363661,126.82295341418448,37.21120147599897,2024-10-24 11:18:06
639,7,39,11,,,126.8281439811146,37.207217609452854,126.82152395075114,37.20103348001167,2024-10-24 11:19:06
640,49,16,11,,,126.82769659975605,37.214616871368634,126.82406721791966,37.19210471103498,2024-10-24 11:19:55
641,43,38,11,,,126.82237298101965,37.189533530719736,126.82484855728521,37.20146325205698,2024-10-24 11:20:18
642,2,32,11,,,126.82141703137098,37.20634878073452,126.83294294125999,37.20148305197717,2024-10-24 11:20:44
643,56,33,11,,,126.83532746610102,37.20606840026916,126.83010523932757,37.200216539980794,2024-10-24 11:20:51
644,35,32,11,,,126.81861284940163,37.2024413483509,126.83100282158303,37.20110192129877,2024-10-24 11:20:56
645,1,3,11,,,126.81527203969773,37.19761979953506,126.82484449309172,37.20951171096983,2024-10-24 11:21:50
646,19,39,11,,,126.82975075044065,37.19427988407567,126.82233269576523,37.19934018046963,2024-10-24 11:22:38
647,59,7,11,,,126.83189237395256,37.207830877350446,126.82787122641923,37.20810082637923,2024-10-24 11:23:25
648,70,18,11,,,126.83702414964583,37.20916371381971,126.82333346952622,37.195695665547895,2024-10-24 11:23:30
649,11,32,11,,,126.8137411837033,37.20918640276116,126.83152924162351,37.2013631201582,2024-10-24 11:24:27
650,29,21,11,,,126.82590989911938,37.20322847757176,126.81947179867038,37.19674399444973,2024-10-24 11:24:29
651,70,10,11,,,126.83860274598354,37.2104396665297,126.81707224468396,37.20985195781569,2024-10-24 11:25:28
652,6,2,11,,,126.82484711272384,37.20483314483885,126.821991492362,37.20507752679976,2024-10-24 11:25:41
653,23,38,11,,,126.81986556107105,37.19133399341161,126.82322745519659,37.201513945146786,2024-10-24 11:26:30
654,58,33,11,,,126.83529912687408,37.20893211879361,126.82994630277953,37.20165529032454,2024-10-24 11:26:30
655,72,70,11,,,126.81109050987635,37.2062142515403,126.83724111365747,37.21050928834772,2024-10-24 11:27:32
656,23,1,11,,,126.82077149699543,37.19255867919039,126.81588229610985,37.19725272672116,2024-10-24 11:28:07
657,50,37,11,,,126.82255882705691,37.21244192474953,126.821942341,37.19753080752347,2024-10-24 11:28:15
658,39,50,11,,,126.82124185746372,37.20022506905475,126.82158223129157,37.21159256161053,2024-10-24 11:28:15
659,23,32,11,,,126.82158274016797,37.191192037655405,126.83226073454733,37.201798132838285,2024-10-24 11:28:37
660,69,30,11,,,126.83736088738165,37.207654370960704,126.83117387333185,37.198006379405506,2024-10-24 11:29:17
661,20,69,11,,,126.8154594265669,37.19309040704538,126.83796068037505,37.205782679866445,2024-10-24 11:29:34
662,42,70,11,,,126.83075339947897,37.19542960071012,126.83719870171431,37.208950630252176,2024-10-24 11:29:38
663,10,17,11,,,126.8162715936857,37.20966315019604,126.82710744685785,37.19635299228971,2024-10-24 11:29:41
664,50,26,11,,,126.82183185873286,37.21143062958748,126.81747642296914,37.19306481456445,2024-10-24 11:30:01
665,41,17,11,,,126.83492732529497,37.1963433740579,126.8260430532622,37.19635945746783,2024-10-24 11:30:48
666,49,38,11,,,126.82807153856326,37.21364094960088,126.82425710033395,37.20050198619637,2024-10-24 11:32:08
667,40,72,11,,,126.83148285383169,37.19387735788435,126.81109303260473,37.207692489161175,2024-10-24 11:32:43
668,23,38,11,,,126.8207827941064,37.19188215765414,126.8241736347866,37.202145066474465,2024-10-24 11:32:44
669,42,70,11,,,126.83141353052531,37.196524402448645,126.83803336845045,37.20984679964927,2024-10-24 11:32:57
670,54,33,11,,,126.83340626636566,37.21071246108429,126.82934481278264,37.20130781764916,2024-10-24 11:33:04
671,33,56,11,,,126.82866267871933,37.20096414339565,126.8352958505047,37.20658040508562,2024-10-24 11:33:15
672,72,67,11,,,126.81101871921749,37.20689450384679,126.83552081075017,37.20372339300152,2024-10-24 11:33:27
673,31,63,11,,,126.82844133480549,37.19793453484166,126.834469785172,37.21035035769114,2024-10-24 11:33:36
674,10,17,11,,,126.81765010289661,37.20860529004024,126.82654126090286,37.19591930121026,2024-10-24 11:34:30
675,54,48,11,,,126.8317297847432,37.210952139676564,126.83110069320809,37.214129400600775,2024-10-24 11:35:47
676,64,59,11,,,126.84162468067464,37.20285018986569,126.83172237808296,37.20808625713809,2024-10-24 11:36:10
677,51,37,11,,,126.82045045187307,37.21117966069946,126.82157032200857,37.1969518769715,2024-10-24 11:36:33
678,42,28,11,,,126.83250696690281,37.19699906144253,126.83050889764333,37.203157221590004,2024-10-24 11:37:20
679,50,68,11,,,126.82203162778303,37.21129522366389,126.83974716043818,37.201725246065955,2024-10-24 11:37:58
680,59,33,11,,,126.83164285369223,37.2067400493129,126.82883157707855,37.199921671143755,2024-10-24 11:38:06
681,31,54,11,,,126.82998695828226,37.19713449021945,126.83329269075078,37.21086686817531,2024-10-24 11:38:28
682,51,47,11,,,126.81876959608869,37.21063731343411,126.82681314074406,37.2103979642184,2024-10-24 11:39:03
683,50,38,11,,,126.82233189873446,37.21226382141401,126.8249744026782,37.20047762254082,2024-10-24 11:39:05
684,19,10,11,,,126.82949168330182,37.19455247006184,126.81613912118492,37.20838186270521,2024-10-24 11:40:00
685,72,56,11,,,126.81150919760978,37.207224237361395,126.83417630856839,37.20601647960229,2024-10-24 11:40:42
686,32,54,11,,,126.83205212279798,37.201184122605156,126.8335076807964,37.20919484148661,2024-10-24 11:41:04
687,11,70,11,,,126.81499776075405,37.20733779293288,126.83700115900673,37.209195116616506,2024-10-24 11:41:11
688,53,36,11,,,126.82956587726619,37.20665852402366,126.82470294910517,37.19829591783452,2024-10-24 11:41:33
689,33,70,11,,,126.82876074780538,37.201239766449554,126.83716943645912,37.2097174296103,2024-10-24 11:41:53
690,50,50,11,,,126.8232778838052,37.210795408983195,126.82327749713836,37.21139859314755,2024-10-24 11:42:20
691,47,25,11,,,126.82692478500432,37.21104756699036,126.82037874532519,37.19365981408375,2024-10-24 11:42:40
692,69,10,11,,,126.83722108268506,37.207696996025845,126.81691428356996,37.20845428951618,2024-10-24 11:43:04
693,37,51,11,,,126.82213412225424,37.1975547042034,126.8201853514039,37.20970067586651,2024-10-24 11:43:39
694,54,33,11,,,126.83255532162067,37.209372048194446,126.8291286140991,37.2014926484752,2024-10-24 11:44:04
695,19,10,11,,,126.8281237722166,37.19492169140482,126.81766888946726,37.2101484182805,2024-10-24 11:44:05
696,60,1,11,,,126.83260671605528,37.21218781132313,126.81573043610047,37.198565703477726,2024-10-24 11:44:40
697,59,15,11,,,126.83204803722171,37.207094771860625,126.81710189873425,37.205862930523914,2024-10-24 11:45:51
698,50,60,11,,,126.82337391262585,37.21137130016624,126.8335643655004,37.21326366410356,2024-10-24 11:46:38
699,58,19,11,,,126.83426075357704,37.2076748636633,126.82914737860983,37.196011550688795,2024-10-24 11:46:43
700,54,28,11,,,126.83316338806424,37.20966863308168,126.83033240816734,37.204322990387325,2024-10-24 11:47:08
701,42,70,11,,,126.83240203105764,37.19622361802009,126.83813992898457,37.20961978016195,2024-10-24 11:47:35
702,7,53,11,,,126.82721834836573,37.20882271205642,126.8299239787244,37.20679269709491,2024-10-24 11:47:50
703,36,69,11,,,126.82372823669638,37.19940172866576,126.83852462242211,37.20771228154154,2024-10-24 11:47:55
704,33,54,11,,,126.82910546450213,37.2015496292913,126.83227541873201,37.2093955388342,2024-10-24 11:48:05
705,50,48,11,,,126.82252181404284,37.21056997066229,126.83057780415243,37.21477750850088,2024-10-24 11:48:45
706,39,50,11,,,126.82125630651007,37.1992414673828,126.82331757782251,37.21196568266417,2024-10-24 11:49:10
707,54,33,11,,,126.83332353508811,37.2100796957205,126.82914781883284,37.20020462282638,2024-10-24 11:50:46
708,15,72,11,,,126.81597611991889,37.20662319897979,126.81222948663526,37.20637981677138,2024-10-24 11:51:04
709,50,37,11,,,126.82157277941435,37.21189345557727,126.82187710698194,37.197759886058954,2024-10-24 11:51:21
710,69,30,11,,,126.83685306645668,37.20728322019306,126.83163386427542,37.198798351597134,2024-10-24 11:52:07
711,25,30,11,,,126.82050260519765,37.19477632053799,126.8312707589374,37.198250178385116,2024-10-24 11:52:20
712,4,52,11,,,126.82262053548543,37.209236822983854,126.83125095232145,37.21765273121368,2024-10-24 11:52:44
713,33,22,11,,,126.82936686313458,37.19988762404836,126.8150379006376,37.19499191945949,2024-10-24 11:52:51
714,56,33,11,,,126.83527312917118,37.2065771960044,126.82857890155898,37.20061397727742,2024-10-24 11:53:16
715,62,56,11,,,126.83778659671667,37.21312907070971,126.8348362509645,37.20581406068336,2024-10-24 11:53:48
716,10,38,11,,,126.81767397678219,37.20912416768155,126.82407436398015,37.20097221557883,2024-10-24 11:54:40
717,23,38,11,,,126.81985249510217,37.19188043540793,126.82459558961268,37.20108470860902,2024-10-24 11:54:45
718,58,19,11,,,126.83494127632176,37.20907871255155,126.82814604813575,37.194674000233526,2024-10-24 11:54:46
719,59,41,11,,,126.83327289709025,37.2074958409095,126.83503498264263,37.19808980203917,2024-10-24 11:55:10
720,24,54,11,,,126.8172468096268,37.191269625236195,126.83273075300849,37.2111765371407,2024-10-24 11:55:20
721,50,38,11,,,126.82331062958046,37.211545678221825,126.82504157114674,37.20169384830604,2024-10-24 11:55:52
722,12,17,11,,,126.81830957576575,37.205770014915295,126.82631002178508,37.19657842469449,2024-10-24 11:55:59
723,37,72,11,,,126.82153895204294,37.197841535337446,126.8115351270179,37.20794930910449,2024-10-24 11:56:05
724,19,4,11,,,126.82923875964266,37.1948359923765,126.82132368766041,37.209560200868026,2024-10-24 11:56:13
725,56,33,11,,,126.83507770401981,37.20589013148532,126.83031313213716,37.199680478009725,2024-10-24 11:56:16
726,55,42,11,,,126.82905269154887,37.20822777151037,126.83127163402058,37.19521651171884,2024-10-24 11:57:08
727,5,68,11,,,126.8260966388087,37.20560293832747,126.84034870438236,37.201842879162555,2024-10-24 11:57:18
728,58,17,11,,,126.83525599370375,37.20913741144078,126.8259709732019,37.19695718532669,2024-10-24 11:57:34
729,28,18,11,,,126.82901144770852,37.20282874448424,126.82419744954427,37.19532500132711,2024-10-24 11:57:42
730,56,33,11,,,126.83441272712668,37.205340337691496,126.82966866569019,37.20059917889536,2024-10-24 11:58:08
731,54,33,11,,,126.8318683232051,37.21058584018319,126.82858304441936,37.20140358291456,2024-10-24 11:58:35
732,58,19,11,,,126.83544531867972,37.20801242446271,126.82916912205603,37.19593920435338,2024-10-24 11:58:48
733,32,69,11,,,126.83104305156216,37.20139368234439,126.83842870283651,37.20689693363063,2024-10-24 11:59:16
734,56,19,11,,,126.83501139714933,37.205592083871075,126.82954149665912,37.19472332676486,2024-10-24 11:59:25
735,51,26,11,,,126.82009548899086,37.20944411672486,126.81891651555166,37.19370284275337,2024-10-24 11:59:37
736,58,33,12,,,126.83570439969337,37.20808508416359,126.8295959504661,37.201090181118815,2024-10-24 12:00:19
737,56,33,12,,,126.8350188691994,37.205749967668474,126.82832433305556,37.19991225318223,2024-10-24 12:00:45
738,43,17,12,,,126.82267988457903,37.19054577408233,126.82712650892326,37.197507340164236,2024-10-24 12:00:53
739,58,33,12,,,126.83539633245816,37.20915782914794,126.82947207495197,37.20129106766402,2024-10-24 12:01:16
740,1,11,12,,,126.81545423504157,37.19825666928864,126.81462699201232,37.207990316219465,2024-10-24 12:01:29
741,5,6,12,,,126.82735809133911,37.20496640158024,126.82463895220039,37.20467763218998,2024-10-24 12:02:33
742,10,17,12,,,126.81783089036774,37.20943453986719,126.82636694733182,37.19714604807251,2024-10-24 12:02:41
743,50,50,12,,,126.82202124819331,37.211865616396715,126.82326934951317,37.21233237853578,2024-10-24 12:02:43
744,70,33,12,,,126.83800342851988,37.20879529952864,126.82933955900943,37.199935230960364,2024-10-24 12:02:56
745,19,10,12,,,126.82896718025806,37.195048687421526,126.81764438372426,37.209095537524774,2024-10-24 12:03:26
746,38,17,12,,,126.82375912940745,37.201700902141994,126.82547023221277,37.19727682813769,2024-10-24 12:04:14
747,16,61,12,,,126.82312594066327,37.19239691892195,126.83347628792474,37.216234125493145,2024-10-24 12:04:19
748,54,33,12,,,126.83197939757899,37.21068725614519,126.82897770412835,37.20058423333488,2024-10-24 12:04:55
749,56,32,12,,,126.83491440360994,37.20535831957044,126.83237098308778,37.20132617791945,2024-10-24 12:04:57
750,19,10,12,,,126.82946871169405,37.194953017946645,126.81772335556117,37.209234459511066,2024-10-24 12:05:22
751,54,33,12,,,126.83202787275167,37.20933997055216,126.82845515756189,37.200169598866346,2024-10-24 12:05:58
752,59,17,12,,,126.83245198210393,37.207171347912585,126.82710158312648,37.197094997220354,2024-10-24 12:06:10
753,11,32,12,,,126.81510649527517,37.20895962511802,126.83127601465502,37.20076584937723,2024-10-24 12:06:29
754,58,33,12,,,126.83529427077606,37.20785348978702,126.82902855009544,37.20156886267705,2024-10-24 12:06:42
755,37,46,12,,,126.8205514000904,37.19647414799367,126.82961048625094,37.212268683310434,2024-10-24 12:07:16
756,10,17,12,,,126.8170056552392,37.20990778247207,126.82696153727947,37.19698764386031,2024-10-24 12:07:46
757,56,40,12,,,126.83550804981533,37.205005635262495,126.83202951829468,37.19400440015093,2024-10-24 12:07:49
758,15,23,12,,,126.81676291491888,37.20648911650852,126.82069481089604,37.1925683098982,2024-10-24 12:08:55
759,32,58,12,,,126.83220427466902,37.20102286473307,126.83515766871425,37.20923152831294,2024-10-24 12:09:06
760,70,18,12,,,126.8372787147312,37.20941932670025,126.82328285835874,37.19571807513681,2024-10-24 12:09:29
761,24,28,12,,,126.81861464894699,37.191356225993374,126.82904692406554,37.20329974193594,2024-10-24 12:09:35
762,17,54,12,,,126.82652230791967,37.19744770628406,126.83178102065501,37.21116905774336,2024-10-24 12:10:08
763,70,32,12,,,126.83754317908758,37.208913340650355,126.83123588621532,37.20218111013868,2024-10-24 12:10:15
764,58,33,12,,,126.8348620663406,37.20858975861793,126.82917088816333,37.20029844918336,2024-10-24 12:10:24
765,59,41,12,,,126.83334507122784,37.2067360679651,126.8351712714466,37.197514781892686,2024-10-24 12:10:52
766,18,56,12,,,126.82370453526433,37.19483872307548,126.83584901980568,37.20512470292634,2024-10-24 12:11:17
767,72,52,12,,,126.81132720969882,37.207624375670214,126.83084019722097,37.217466553018745,2024-10-24 12:11:26
768,50,18,12,,,126.82161808179485,37.211970672647226,126.82327946383465,37.19477026105647,2024-10-24 12:11:51
769,50,38,12,,,126.82295189065097,37.21154172624984,126.82425500858568,37.2006384534263,2024-10-24 12:12:33
770,45,69,12,,,126.82441915719942,37.21216999140525,126.8369682077046,37.20708903298385,2024-10-24 12:13:12
771,24,50,12,,,126.81899005968455,37.190087635474605,126.82229346618888,37.211286306655005,2024-10-24 12:13:22
772,23,50,12,,,126.82052371309268,37.19079751593766,126.82297919960358,37.21176783603612,2024-10-24 12:15:08
773,23,38,12,,,126.82047738038663,37.19248175692128,126.82436875057864,37.201854545241,2024-10-24 12:15:13
774,42,46,12,,,126.8316734249626,37.196600218627204,126.83077929576216,37.211403365898036,2024-10-24 12:15:18
775,72,56,12,,,126.81090629354662,37.2069324247783,126.83495415239415,37.2046760445475,2024-10-24 12:15:41
776,70,33,12,,,126.83747918272962,37.20936875666893,126.82966473223006,37.19989246025949,2024-10-24 12:15:43
777,63,67,12,,,126.8350963195893,37.21040015253157,126.83409794808192,37.20191284117578,2024-10-24 12:15:49
778,10,17,12,,,126.81735344337775,37.20834373833785,126.8270760837768,37.19758340033014,2024-10-24 12:16:00
779,32,56,12,,,126.83292641284504,37.201293696481684,126.83481442112029,37.206583902592776,2024-10-24 12:16:56
780,50,24,12,,,126.82254734628766,37.21076064673541,126.81779075274373,37.1902225809698,2024-10-24 12:18:02
781,58,33,12,,,126.834401691134,37.209138874719685,126.83007004503644,37.20113172845586,2024-10-24 12:18:53
782,10,71,12,,,126.81611033750444,37.20886651238528,126.84080369453088,37.20561501335936,2024-10-24 12:20:12
783,58,33,12,,,126.83478977162568,37.208430377062676,126.82970118963611,37.20098462736612,2024-10-24 12:21:41
784,70,17,12,,,126.83778295337856,37.20951325242409,126.82640929341522,37.19697806220217,2024-10-24 12:23:33
785,50,38,12,,,126.82327999072503,37.21108766238952,126.824118562653,37.201556273643234,2024-10-24 12:24:37
786,70,10,12,,,126.83726453170821,37.21048487751544,126.81764465064329,37.20914994674484,2024-10-24 12:25:41
787,69,30,12,,,126.83790092763465,37.20645430883643,126.8318083706245,37.199601866903905,2024-10-24 12:25:50
788,50,60,12,,,126.82282732538904,37.211013694788484,126.83292988490818,37.21205862313853,2024-10-24 12:26:20
789,11,58,12,,,126.81386957743358,37.20918175317696,126.83583442262531,37.20823008558165,2024-10-24 12:27:19
790,50,38,12,,,126.82182177033451,37.21068440478305,126.82383261530532,37.20074642006164,2024-10-24 12:27:32
791,21,33,12,,,126.81869094322305,37.19616754993839,126.82849606447124,37.19966612229532,2024-10-24 12:27:32
792,70,33,12,,,126.83794594260381,37.20973824434433,126.82975336797642,37.19970302293564,2024-10-24 12:27:40
793,42,70,12,,,126.83250252930114,37.197028797095484,126.8379229823942,37.20916483726052,2024-10-24 12:28:26
794,10,17,12,,,126.81622000558662,37.20999956778068,126.82564108858315,37.19720717269063,2024-10-24 12:28:35
795,55,36,12,,,126.82976555319433,37.20874532497049,126.82295683169674,37.19774094386931,2024-10-24 12:29:33
796,44,39,12,,,126.82141278199975,37.189637908719256,126.82177969708526,37.20064816320559,2024-10-24 12:30:14
797,50,50,12,,,126.82266390288395,37.21098120942804,126.82186702850004,37.21233772827355,2024-10-24 12:30:25
798,20,45,12,,,126.81663077066835,37.192079159297165,126.82409984366014,37.21307211389095,2024-10-24 12:30:31
799,58,33,12,,,126.8356826133923,37.20834937054926,126.82853193865002,37.20063972562924,2024-10-24 12:31:35
800,70,33,12,,,126.83715986676712,37.21027413409672,126.82951595080624,37.20132651001377,2024-10-24 12:32:10
801,70,33,12,,,126.83714122571887,37.20896093720084,126.82835916545373,37.20133251285716,2024-10-24 12:32:42
802,33,58,12,,,126.8301996206792,37.20083139540655,126.83548156644032,37.208878901865106,2024-10-24 12:32:47
803,31,59,12,,,126.82892755076183,37.19861306677264,126.83283267863536,37.207595764984404,2024-10-24 12:34:24
804,72,70,12,,,126.81229489552088,37.207544737736455,126.83717357756778,37.20975055133446,2024-10-24 12:34:25
805,31,54,12,,,126.82991058424304,37.19841244863278,126.83201918896492,37.21057710991909,2024-10-24 12:34:42
806,56,33,12,,,126.83427671515369,37.20492782952718,126.82881975693313,37.200899552710844,2024-10-24 12:34:59
807,58,33,12,,,126.83560016870334,37.207851518460814,126.82976912411182,37.20091902063451,2024-10-24 12:36:46
808,58,33,12,,,126.83568347394692,37.20840286250369,126.82876088667267,37.20039742012457,2024-10-24 12:36:50
809,33,58,12,,,126.82895903617225,37.20105440681182,126.83483755507417,37.20768946510669,2024-10-24 12:37:02
810,24,8,12,,,126.81853381927276,37.19075651884675,126.82394484769063,37.20604214981898,2024-10-24 12:37:23
811,57,31,12,,,126.83232275589987,37.204484651409715,126.82822494678497,37.19743159097366,2024-10-24 12:37:28
812,50,41,12,,,126.82334164056753,37.21214789047703,126.83457367726291,37.19621356267137,2024-10-24 12:38:19
813,70,33,12,,,126.83715141593176,37.20883325949891,126.82934755476269,37.20151067660567,2024-10-24 12:39:04
814,50,37,12,,,126.82152513576325,37.21160083403461,126.8213115368015,37.19783896683395,2024-10-24 12:39:05
815,13,38,12,,,126.81670106838698,37.20367304205352,126.8243914945921,37.20119603805127,2024-10-24 12:40:19
816,6,3,12,,,126.82471662247744,37.20512449333061,126.82387989473962,37.21007322987315,2024-10-24 12:40:32
817,56,33,12,,,126.8350037806085,37.20543108269469,126.8287343791588,37.199836036577864,2024-10-24 12:40:43
818,21,38,12,,,126.81885175744507,37.197269215339595,126.8242935134197,37.202099934238916,2024-10-24 12:41:14
819,56,33,12,,,126.83543927819017,37.20481592973582,126.82910449989387,37.2005411351633,2024-10-24 12:41:24
820,33,56,12,,,126.82873369876994,37.2001004679784,126.83528195230275,37.20607168836421,2024-10-24 12:43:11
821,28,22,12,,,126.82971596765884,37.20415625289648,126.8157938466194,37.195806430101946,2024-10-24 12:43:13
822,17,54,12,,,126.82641675459004,37.19763838308244,126.83266355828607,37.21013205236713,2024-10-24 12:43:55
823,58,33,12,,,126.83581666545992,37.20867190993427,126.82859427671485,37.2013832101751,2024-10-24 12:44:04
824,11,33,12,,,126.81404096606056,37.20759815786938,126.82955788744408,37.20054121189793,2024-10-24 12:44:10
825,64,9,12,,,126.84292402923906,37.20290162057819,126.81476182659235,37.20548465271824,2024-10-24 12:44:16
826,51,26,12,,,126.81972245414794,37.20980441390608,126.81768793384825,37.1944241142172,2024-10-24 12:44:28
827,21,38,12,,,126.81947739146023,37.196685821584595,126.82327739870213,37.20104639739641,2024-10-24 12:44:41
828,30,30,12,,,126.8317834399817,37.19910956110178,126.83078372008474,37.19985863828095,2024-10-24 12:44:57
829,56,33,12,,,126.83422137665642,37.20470455759566,126.82980778120063,37.20010551431528,2024-10-24 12:45:06
830,17,54,12,,,126.82636947880091,37.19722294417845,126.83295469733017,37.210520895781684,2024-10-24 12:45:10
831,8,45,12,,,126.8246571554236,37.20615255329363,126.82546575809484,37.21282723151524,2024-10-24 12:45:10
832,70,33,12,,,126.83871324093639,37.210182135918984,126.82952732517327,37.20009896970014,2024-10-24 12:45:10
833,10,40,12,,,126.81790906914428,37.20932647039745,126.83047683927708,37.19385895034056,2024-10-24 12:45:40
834,58,33,12,,,126.8343331695838,37.20876960056352,126.83011451055911,37.20090481441867,2024-10-24 12:45:49
835,33,56,12,,,126.82973506626477,37.199931126321545,126.83426435510664,37.20659327827918,2024-10-24 12:45:54
836,56,33,12,,,126.83583946049497,37.20641687553089,126.82961015459473,37.201400060809064,2024-10-24 12:46:14
837,8,37,12,,,126.82450516553311,37.206182173251946,126.82076622325327,37.19667079383715,2024-10-24 12:47:05
838,8,41,12,,,126.82500692101367,37.206256847795515,126.83383803323643,37.1974565779591,2024-10-24 12:47:54
839,50,26,12,,,126.82145925535094,37.212375502576116,126.81854690489385,37.19438494705482,2024-10-24 12:48:26
840,23,38,12,,,126.82124526213609,37.192107456454934,126.82468748817767,37.20054775915798,2024-10-24 12:48:55
841,56,19,12,,,126.83542065090151,37.20587961801077,126.82926795318137,37.19520604478378,2024-10-24 12:49:10
842,10,56,12,,,126.81652196131832,37.20854084329692,126.83588606156964,37.20510523986593,2024-10-24 12:49:23
843,11,70,12,,,126.81521084522808,37.207374426108,126.8376507886324,37.208858320093704,2024-10-24 12:49:35
844,60,72,12,,,126.83377449977958,37.21347322062854,126.81216481190538,37.20625684172616,2024-10-24 12:50:14
845,30,55,12,,,126.83264566139107,37.19802807197982,126.82995241338692,37.20979014870001,2024-10-24 12:50:15
846,56,33,12,,,126.83459643300782,37.2064500120449,126.82960613638454,37.200491091856414,2024-10-24 12:50:36
847,37,51,12,,,126.82222781145438,37.19799466809635,126.81898752152797,37.21078616978754,2024-10-24 12:51:12
848,45,65,12,,,126.82554120546743,37.21275840664199,126.83490991918109,37.19940450778194,2024-10-24 12:51:32
849,17,4,12,,,126.82685316653283,37.197256887866246,126.82306713167233,37.208133020910594,2024-10-24 12:52:23
850,58,33,12,,,126.83594568662404,37.208638727225804,126.82940121202526,37.20076897086142,2024-10-24 12:52:30
851,50,60,12,,,126.82298500764732,37.2112504297595,126.83198385258486,37.21290032547424,2024-10-24 12:52:35
852,59,15,12,,,126.83316197587287,37.20755697910684,126.81678891570766,37.20579071971468,2024-10-24 12:52:42
853,51,37,12,,,126.81870932592012,37.210495338792136,126.82160141691942,37.19655454735537,2024-10-24 12:52:47
854,50,26,12,,,126.8226105915245,37.21236527740632,126.81833424611213,37.19385147099983,2024-10-24 12:52:48
855,53,69,12,,,126.83013324783568,37.205723248560965,126.8370054136775,37.20739504543594,2024-10-24 12:52:48
856,14,38,12,,,126.81852866066244,37.207321203083765,126.82484592122861,37.201688640708035,2024-10-24 12:53:11
857,25,56,12,,,126.820712948039,37.1939895002264,126.83400173043194,37.20615721797657,2024-10-24 12:53:20
858,63,72,12,,,126.83529679767642,37.21099693293786,126.81073474206471,37.207085288973644,2024-10-24 12:54:01
859,72,33,12,,,126.812176847375,37.20734129434931,126.82933588319433,37.20091220634219,2024-10-24 12:54:14
860,56,33,12,,,126.8350001786454,37.206237888518615,126.82860242445234,37.20158605139452,2024-10-24 12:54:23
861,42,59,12,,,126.83193675600745,37.19650765014982,126.8322108128208,37.20647173735984,2024-10-24 12:54:31
862,11,58,12,,,126.81509815902545,37.20810061295966,126.83439810262172,37.20779221206054,2024-10-24 12:54:36
863,59,33,12,,,126.83281597087829,37.208341483995504,126.82859501476274,37.20118019500691,2024-10-24 12:55:03
864,40,33,12,,,126.83155896051734,37.19320508690444,126.82943804334415,37.201016834891405,2024-10-24 12:55:34
865,31,58,12,,,126.82886503242861,37.19710704920272,126.83589847119636,37.208659746645736,2024-10-24 12:55:39
866,54,33,12,,,126.83218918434254,37.209648765763724,126.82957470790667,37.200441848071655,2024-10-24 12:56:05
867,54,17,12,,,126.83362433626723,37.21059896022638,126.82669874176491,37.19732005372252,2024-10-24 12:56:34
868,10,17,12,,,126.81641352349278,37.20938455455492,126.82599632184828,37.19717651374209,2024-10-24 12:56:45
869,65,57,12,,,126.83461735300949,37.20049538903255,126.8319767458196,37.204702441305976,2024-10-24 12:56:59
870,36,52,12,,,126.82469998831174,37.19857213795347,126.8296845462693,37.21740438546681,2024-10-24 12:57:26
871,32,59,12,,,126.83272064086194,37.20214949334259,126.83331867171952,37.20780152631008,2024-10-24 12:57:33
872,11,17,12,,,126.81492910345746,37.20783826767114,126.82688269983787,37.19639505445552,2024-10-24 12:58:10
873,17,7,12,,,126.82645182579672,37.19644624152514,126.82649191658555,37.208432716544735,2024-10-24 12:59:36
874,11,36,12,,,126.81407115555864,37.20872326920734,126.82317269784163,37.19818977779158,2024-10-24 12:59:58
875,17,70,13,,,126.82557930507143,37.19772093204349,126.83761760057907,37.20909140303899,2024-10-24 13:00:01
876,10,38,13,,,126.81758902207743,37.20975656001415,126.82340450548348,37.20147568673287,2024-10-24 13:00:22
877,10,40,13,,,126.81642101450515,37.20908832210314,126.83114443300417,37.1939084722011,2024-10-24 13:00:29
878,55,36,13,,,126.82997041276808,37.20948805640616,126.8235442548778,37.199015277747804,2024-10-24 13:00:34
879,56,33,13,,,126.83584816214338,37.20494721790318,126.8302589385874,37.199710044635594,2024-10-24 13:01:19
880,52,7,13,,,126.83070697082178,37.21810148013956,126.82650928911669,37.20902358363891,2024-10-24 13:01:47
881,36,50,13,,,126.82368742691258,37.19920035353757,126.82317561657308,37.21113134748712,2024-10-24 13:02:53
882,58,33,13,,,126.83456865596736,37.20918596993363,126.82958009130923,37.199891639783,2024-10-24 13:03:33
883,59,19,13,,,126.83175548443548,37.207088812947916,126.82808097243137,37.19510753540871,2024-10-24 13:04:04
884,22,41,13,,,126.81599202273257,37.19610049459689,126.83435402806082,37.19764823269819,2024-10-24 13:04:41
885,17,54,13,,,126.82685460887313,37.19698769796401,126.83247317814113,37.211054844475974,2024-10-24 13:05:27
886,4,60,13,,,126.82141626649351,37.20864953294217,126.83355119282034,37.21321616098074,2024-10-24 13:06:21
887,58,19,13,,,126.83609731117205,37.20850093284224,126.82922907375871,37.19498047984713,2024-10-24 13:06:24
888,41,56,13,,,126.83484397548894,37.19763758619761,126.83562134718561,37.20575359938779,2024-10-24 13:06:49
889,10,56,13,,,126.81731332898238,37.20864781950086,126.83561868356065,37.20515018474541,2024-10-24 13:07:16
890,54,33,13,,,126.83306713417836,37.21113255902295,126.82950944177509,37.20001985614432,2024-10-24 13:09:13
891,56,33,13,,,126.83434310587849,37.204672368986714,126.82988572405493,37.20050626891866,2024-10-24 13:10:17
892,17,54,13,,,126.82667737268301,37.196547847602766,126.83331839935559,37.210802213215615,2024-10-24 13:10:58
893,54,9,13,,,126.83299898669516,37.20925061707988,126.81375293491435,37.206162644544804,2024-10-24 13:11:38
894,42,70,13,,,126.83081982722634,37.19595843449348,126.83808003716813,37.21032607011769,2024-10-24 13:12:03
895,69,30,13,,,126.83783372375468,37.20748958002551,126.83201543945505,37.19865907916276,2024-10-24 13:12:39
896,70,33,13,,,126.83796075756185,37.20873703647204,126.82963011589399,37.20133838191757,2024-10-24 13:13:04
897,23,32,13,,,126.82062134807494,37.19170264005939,126.8313492953433,37.20075580762491,2024-10-24 13:13:16
898,42,2,13,,,126.8324691796985,37.19540708062613,126.82254320010699,37.20516872487559,2024-10-24 13:13:23
899,11,17,13,,,126.81489348808601,37.208083589633254,126.82614604538404,37.19673457575561,2024-10-24 13:13:54
900,38,35,13,,,126.82467323980228,37.20115789832832,126.81882500006704,37.20170351437663,2024-10-24 13:14:22
901,32,11,13,,,126.83145908604686,37.20210033067391,126.81523680262633,37.20788859470472,2024-10-24 13:15:02
902,58,33,13,,,126.83421706620729,37.2074765143139,126.82926481473494,37.20123273334487,2024-10-24 13:16:35
903,53,48,13,,,126.82964875832327,37.20677208475374,126.83048831801779,37.21399669712149,2024-10-24 13:16:53
904,30,31,13,,,126.83270715574066,37.1993193124915,126.82963015565564,37.19797662284623,2024-10-24 13:17:04
905,43,9,13,,,126.8235334345583,37.190011512998545,126.81377184535808,37.205341616548104,2024-10-24 13:17:21
906,38,4,13,,,126.82439501636179,37.201262403170745,126.82215314884517,37.20841689937419,2024-10-24 13:18:23
907,37,31,13,,,126.82176108543872,37.1972193627069,126.82914169215782,37.19710677753891,2024-10-24 13:19:07
908,56,33,13,,,126.83533912159254,37.205181309558725,126.82877989437333,37.20111999700526,2024-10-24 13:19:15
909,65,65,13,,,126.8344402741313,37.20009703777203,126.83454733122822,37.20014497308635,2024-10-24 13:20:07
910,58,19,13,,,126.83445030234205,37.20933108509541,126.82935563827598,37.19549130291297,2024-10-24 13:21:18
911,37,51,13,,,126.82028438662435,37.19780202480928,126.81985668118564,37.209840893901614,2024-10-24 13:21:32
912,70,10,13,,,126.8381353120339,37.2099815364241,126.81678515879318,37.20941617538292,2024-10-24 13:21:53
913,69,21,13,,,126.83714490346726,37.20718852010069,126.8194056292042,37.197005572029816,2024-10-24 13:22:05
914,58,33,13,,,126.83572186026393,37.20748879001266,126.82910588997801,37.20083517658439,2024-10-24 13:22:09
915,49,72,13,,,126.82772444594238,37.21400914165693,126.81242113204797,37.20764905440358,2024-10-24 13:22:11
916,37,51,13,,,126.8219844307137,37.197146808362824,126.81922036281698,37.20979369401412,2024-10-24 13:22:12
917,46,50,13,,,126.83032566439292,37.21164878811304,126.82206765472522,37.21212054543816,2024-10-24 13:24:38
918,56,31,13,,,126.8356730538451,37.205020061251595,126.8285900135057,37.19772449837145,2024-10-24 13:25:30
919,50,37,13,,,126.82230687833378,37.21172784121996,126.82199726196812,37.19833679257314,2024-10-24 13:26:00
920,8,22,13,,,126.825225779033,37.206651629226826,126.81656721845354,37.196077857507866,2024-10-24 13:26:01
921,51,71,13,,,126.81882224954687,37.209625407758324,126.8401522811202,37.20574603848443,2024-10-24 13:27:06
922,15,16,13,,,126.81749666721055,37.206994522056995,126.82399309316368,37.193192258885745,2024-10-24 13:27:10
923,32,58,13,,,126.83264137514867,37.20209390055534,126.83599587194891,37.207610712243195,2024-10-24 13:27:14
924,70,17,13,,,126.83703966146722,37.20982133715831,126.82553897913247,37.196816041319984,2024-10-24 13:27:58
925,47,4,13,,,126.82826017257075,37.21008961091276,126.82155352503322,37.209611284193784,2024-10-24 13:28:06
926,56,33,13,,,126.83404565761353,37.20501892054449,126.82853498607845,37.19993903093022,2024-10-24 13:28:11
927,72,56,13,,,126.81223036630398,37.20782005510659,126.83514259635896,37.20475951934184,2024-10-24 13:28:23
928,56,33,13,,,126.83494194983183,37.20589356532146,126.82954070581722,37.201265701004985,2024-10-24 13:28:49
929,37,48,13,,,126.82134228255832,37.19738024386438,126.83022226718764,37.214748824131355,2024-10-24 13:28:53
930,11,7,13,,,126.8145496726061,37.20838647379195,126.82709634060504,37.20901515352448,2024-10-24 13:28:54
931,54,33,13,,,126.83249629603574,37.20980921086461,126.82833538501478,37.199977217942504,2024-10-24 13:30:09
932,58,17,13,,,126.83612215028757,37.20795297898434,126.82687626500469,37.19616799999421,2024-10-24 13:30:14
933,50,37,13,,,126.82325691384221,37.21206246174902,126.82130261805041,37.19791939470811,2024-10-24 13:30:22
934,15,40,13,,,126.81768515972173,37.207089175716476,126.83134342993606,37.19250045513049,2024-10-24 13:30:29
935,50,46,13,,,126.8217471465705,37.21132849179693,126.83066622624928,37.21097437713753,2024-10-24 13:30:44
936,40,58,13,,,126.83058902118282,37.19265967635285,126.83459021296824,37.20861044006054,2024-10-24 13:30:46
937,56,33,13,,,126.83445299796902,37.20587837812075,126.82868985226251,37.20091129042491,2024-10-24 13:31:05
938,17,54,13,,,126.82627637431538,37.19762136381719,126.8321154289138,37.20932163540658,2024-10-24 13:32:11
939,54,17,13,,,126.83341368497085,37.210127861447184,126.82650270999522,37.19763935538493,2024-10-24 13:32:30
940,32,59,13,,,126.83143635803725,37.20137425028089,126.83181321646988,37.20752520283561,2024-10-24 13:32:31
941,59,28,13,,,126.83341099898654,37.206843126859,126.83005174048944,37.204058444073084,2024-10-24 13:33:18
942,56,40,13,,,126.83483609864253,37.20663884618528,126.8309872401439,37.193882747323926,2024-10-24 13:34:01
943,24,46,13,,,126.81727439910729,37.189925478586325,126.83110471234677,37.21151667860184,2024-10-24 13:34:33
944,32,34,13,,,126.83240086287431,37.20181780853657,126.82128271705129,37.202580946138184,2024-10-24 13:35:15
945,54,35,13,,,126.83336778140132,37.21082423407216,126.81896221078269,37.201661128238676,2024-10-24 13:35:43
946,70,11,13,,,126.83835020139016,37.20990597766385,126.81389216941915,37.20756539634453,2024-10-24 13:35:46
947,71,60,13,,,126.84023601545672,37.20523659749952,126.83233759483133,37.21210738293358,2024-10-24 13:35:53
948,72,70,13,,,126.81078264340893,37.2062573083786,126.83870794016316,37.20914733839648,2024-10-24 13:36:06
949,54,33,13,,,126.83236622502488,37.20981279715007,126.82992368890991,37.20074511910863,2024-10-24 13:36:26
950,42,70,13,,,126.8321215497304,37.19655651381451,126.83794301010329,37.20913959766305,2024-10-24 13:36:27
951,69,30,13,,,126.83659569419899,37.206457940694456,126.83153313196873,37.19920698089344,2024-10-24 13:36:58
952,56,41,13,,,126.83429311429397,37.20558321284614,126.83487030177493,37.19787903385466,2024-10-24 13:37:04
953,58,19,13,,,126.83463970494992,37.20850050710796,126.8282636363822,37.19531186878123,2024-10-24 13:37:31
954,69,30,13,,,126.83765652940221,37.20604440209864,126.8324138819324,37.198829697168144,2024-10-24 13:37:51
955,11,33,13,,,126.81530292778014,37.20822465363192,126.82986266234592,37.200821085170546,2024-10-24 13:37:52
956,43,7,13,,,126.82247165973216,37.189153852758004,126.82673236695855,37.207358239936724,2024-10-24 13:38:45
957,37,11,13,,,126.82124235737035,37.19816114138241,126.81515792491143,37.209225922682016,2024-10-24 13:39:13
958,48,58,13,,,126.83051170985074,37.21504360467334,126.8347022969329,37.2094174008682,2024-10-24 13:39:18
959,10,17,13,,,126.81627794332407,37.20853369615643,126.82587064522752,37.196723922715606,2024-10-24 13:39:19
960,23,5,13,,,126.82174001046565,37.191489312538565,126.82729017598454,37.20476903241229,2024-10-24 13:39:47
961,58,33,13,,,126.83567467346924,37.20776863848699,126.8293141117906,37.200163227377175,2024-10-24 13:40:42
962,1,14,13,,,126.81687177083329,37.19827691121279,126.81997579450537,37.20766686515446,2024-10-24 13:41:58
963,52,18,13,,,126.83096867059018,37.21687016145246,126.82333998064914,37.196459935224716,2024-10-24 13:42:11
964,54,33,13,,,126.83342647584485,37.21069129769699,126.82959384639537,37.200535737607204,2024-10-24 13:43:04
965,50,37,13,,,126.8220541507923,37.21211594796309,126.82140402181489,37.19768615052781,2024-10-24 13:43:43
966,50,37,13,,,126.82191431895404,37.211083226380765,126.82080324286984,37.19771289229747,2024-10-24 13:44:34
967,17,54,13,,,126.8268288311097,37.19681165132804,126.83356332014024,37.210388419621474,2024-10-24 13:44:47
968,51,71,13,,,126.82018241543739,37.20992268315021,126.8394765566155,37.20548813600536,2024-10-24 13:45:11
969,19,10,13,,,126.82903834944902,37.194825114991254,126.8174840281931,37.209373747741715,2024-10-24 13:45:42
970,36,41,13,,,126.82393036356837,37.19941589171419,126.83494997900146,37.19620920263109,2024-10-24 13:46:08
971,58,33,13,,,126.83599477703828,37.208695944319004,126.82956453803784,37.20165972907033,2024-10-24 13:46:49
972,37,51,13,,,126.82117513873577,37.197975411638865,126.81973107502667,37.209660125491034,2024-10-24 13:46:51
973,56,33,13,,,126.83447808341747,37.206012199873705,126.82993189067562,37.201151636648625,2024-10-24 13:47:22
974,6,68,13,,,126.82385165515852,37.20419476590117,126.84040995724624,37.20277744481815,2024-10-24 13:47:37
975,17,58,13,,,126.8257445852299,37.19623298218723,126.83461159271982,37.20753077686842,2024-10-24 13:47:40
976,56,31,13,,,126.83468817624782,37.20611715500115,126.82861618182106,37.19760700175917,2024-10-24 13:48:48
977,72,10,13,,,126.81250228922332,37.206317749995954,126.81699298811567,37.20875573852672,2024-10-24 13:49:00
978,59,41,13,,,126.83324497365315,37.20664724194481,126.83411080033525,37.1971665595451,2024-10-24 13:49:27
979,33,70,13,,,126.82884508412407,37.200149895900054,126.83848861415927,37.20899794436299,2024-10-24 13:50:12
980,32,61,13,,,126.83281908068766,37.20211271933882,126.83251976316089,37.21582298782091,2024-10-24 13:50:56
981,31,54,13,,,126.82964141888034,37.19752960716552,126.83346493607004,37.21055666384034,2024-10-24 13:51:42
982,56,31,13,,,126.83449457493413,37.20550378991949,126.82810465724017,37.19731271642566,2024-10-24 13:52:17
983,6,25,13,,,126.82425567629623,37.204492251583844,126.82178672954328,37.19444971073829,2024-10-24 13:52:53
984,17,12,13,,,126.82650677187547,37.19644651593422,126.81966099144611,37.205182776491924,2024-10-24 13:53:39
985,24,54,13,,,126.81764501393954,37.19073912204776,126.83325866693976,37.21026928127271,2024-10-24 13:54:48
986,17,56,13,,,126.82579511243536,37.1968059468059,126.83492982540892,37.20621083818366,2024-10-24 13:54:52
987,59,33,13,,,126.83291402522812,37.20816136950012,126.8290698112503,37.19970848852973,2024-10-24 13:54:59
988,17,54,13,,,126.82639435620152,37.19612018249843,126.83337302369719,37.20921489528859,2024-10-24 13:55:59
989,56,41,13,,,126.83585792671387,37.20466815026872,126.83400539612535,37.197625320321364,2024-10-24 13:56:32
990,72,53,13,,,126.81224390704773,37.206335915680526,126.82987847724858,37.205418298673806,2024-10-24 13:56:48
991,70,21,13,,,126.83717601079921,37.210415128372055,126.81779079153722,37.195405420350944,2024-10-24 13:57:00
992,33,72,13,,,126.82862626451437,37.200902976662725,126.81248224340877,37.206389380654265,2024-10-24 13:57:05
993,56,41,13,,,126.83420090535955,37.206144058456196,126.83402064387712,37.196728962435266,2024-10-24 13:57:35
994,50,37,13,,,126.82153759802723,37.21231465977771,126.82088771079391,37.19711085468635,2024-10-24 13:57:57
995,10,17,13,,,126.81720676181253,37.20850589750166,126.82592122939892,37.19685710228549,2024-10-24 13:58:38
996,31,59,13,,,126.82832275787304,37.19690498703368,126.83271497115972,37.20651288611861,2024-10-24 13:58:50
997,56,32,14,,,126.83483850097687,37.20487933356192,126.83247416252092,37.20233996982823,2024-10-24 14:00:06
998,54,18,14,,,126.8321781103748,37.21043859514982,126.82443206145487,37.19560627790618,2024-10-24 14:00:14
999,56,33,14,,,126.83457529548907,37.20487059281884,126.82945211645901,37.200457881516556,2024-10-24 14:00:25
1000,18,60,14,,,126.82398562658278,37.19595676679659,126.83294491596607,37.212117467576626,2024-10-24 14:00:46
1001,24,11,14,,,126.81746813769426,37.191251911257666,126.81496907935862,37.207956566116124,2024-10-24 14:01:39
1002,56,33,14,,,126.83429676086791,37.20630700483276,126.83015883290793,37.201333433464704,2024-10-24 14:01:59
1003,15,43,14,,,126.81693923675722,37.2069845359197,126.82238555555122,37.18921538894168,2024-10-24 14:02:33
1004,50,38,14,,,126.82228259335743,37.21154181185762,126.82325368010754,37.20197373264459,2024-10-24 14:02:37
1005,33,58,14,,,126.82937310410513,37.20016056714386,126.8349198791049,37.20812579387139,2024-10-24 14:02:42
1006,32,18,14,,,126.83111944586884,37.2012574174109,126.82411429271897,37.19509038470453,2024-10-24 14:02:58
1007,19,10,14,,,126.82986092372464,37.19538209924189,126.81751585751884,37.210280342829215,2024-10-24 14:03:26
1008,50,38,14,,,126.8231867254656,37.21188041959218,126.82446105129138,37.20124687034741,2024-10-24 14:03:43
1009,11,64,14,,,126.81491171964072,37.20870429437015,126.84316796722213,37.20259928333977,2024-10-24 14:05:16
1010,58,33,14,,,126.83460836396179,37.208452763470916,126.83021572687696,37.20056959552359,2024-10-24 14:05:55
1011,54,33,14,,,126.83250580227227,37.209291537219336,126.82965845436794,37.200022279647875,2024-10-24 14:05:59
1012,50,38,14,,,126.82160571734478,37.21194580725816,126.82504453319092,37.20187717472502,2024-10-24 14:06:10
1013,56,17,14,,,126.83586742959952,37.20578565344398,126.82558095892875,37.19682753348782,2024-10-24 14:07:27
1014,72,48,14,,,126.81156435051712,37.206878883715426,126.83097071637145,37.21408547679672,2024-10-24 14:07:42
1015,69,30,14,,,126.8378401444669,37.20575422871543,126.83118819958855,37.198959050092476,2024-10-24 14:07:48
1016,18,46,14,,,126.82317467468476,37.19642856561877,126.83041528468505,37.21223373331922,2024-10-24 14:08:13
1017,56,32,14,,,126.83490152355901,37.20587149925465,126.83199470799826,37.20220487420978,2024-10-24 14:08:51
1018,37,64,14,,,126.82053789972073,37.19683711826048,126.84311676685168,37.20333618601176,2024-10-24 14:08:59
1019,20,16,14,,,126.81562113849925,37.192119372598405,126.82359376958355,37.193364323263566,2024-10-24 14:09:01
1020,23,56,14,,,126.82020965219095,37.19175496704602,126.83505139107393,37.20543355690011,2024-10-24 14:09:12
1021,37,27,14,,,126.82088551219601,37.197276533705185,126.82652788111069,37.19979579650451,2024-10-24 14:10:25
1022,11,58,14,,,126.81406007703814,37.20753394970362,126.83459906776635,37.20862296601484,2024-10-24 14:10:39
1023,33,70,14,,,126.829682896088,37.19970252731509,126.83742338562234,37.20925028556523,2024-10-24 14:10:43
1024,38,26,14,,,126.8242835288717,37.20095470486295,126.81758991881125,37.194424893706234,2024-10-24 14:10:47
1025,51,37,14,,,126.8194558787662,37.21017674639303,126.82208525222478,37.19796012435873,2024-10-24 14:10:54
1026,58,19,14,,,126.83491221201703,37.208600617884436,126.8295953764996,37.19522521249121,2024-10-24 14:11:19
1027,47,15,14,,,126.82849669068197,37.211701342346686,126.81676655516192,37.20725721520107,2024-10-24 14:12:05
1028,42,70,14,,,126.83252279504318,37.195167789598386,126.83802994222165,37.20977342230975,2024-10-24 14:12:36
1029,33,58,14,,,126.83024785612228,37.20006353326438,126.83555801785029,37.20858002968495,2024-10-24 14:12:43
1030,45,70,14,,,126.82488148372279,37.21203418208181,126.83866960336542,37.2104771594606,2024-10-24 14:13:11
1031,31,42,14,,,126.82840220370453,37.19822100409354,126.83072251273622,37.196572366661265,2024-10-24 14:13:37
1032,58,33,14,,,126.83502062765523,37.20928536229446,126.82927959975972,37.19971565241362,2024-10-24 14:13:47
1033,56,33,14,,,126.83590670372261,37.20624204799546,126.82898185789129,37.200493865143414,2024-10-24 14:14:09
1034,54,33,14,,,126.83196840076091,37.209291312093725,126.82838771548107,37.200972336620794,2024-10-24 14:14:10
1035,58,33,14,,,126.83448310496084,37.2085088554415,126.82838906344954,37.20041421424572,2024-10-24 14:14:45
1036,54,33,14,,,126.83222811429987,37.21095781022373,126.82995451616003,37.200923053715464,2024-10-24 14:16:42
1037,50,38,14,,,126.82217059656557,37.21153791898035,126.82428425017514,37.201790052604366,2024-10-24 14:16:46
1038,50,66,14,,,126.82267652703287,37.21114866323544,126.83669778393569,37.204330881059576,2024-10-24 14:17:04
1039,56,33,14,,,126.83452427480661,37.20622331029864,126.8289621210562,37.200679162118554,2024-10-24 14:17:22
1040,72,33,14,,,126.81142602098642,37.20800172529541,126.82964463461451,37.201065012106525,2024-10-24 14:17:36
1041,20,50,14,,,126.81567307542167,37.19161719421726,126.82164012452209,37.21204816394829,2024-10-24 14:17:55
1042,32,59,14,,,126.83282496333037,37.20207246799322,126.83166343043078,37.20709821588193,2024-10-24 14:18:31
1043,32,56,14,,,126.83230874151332,37.20085267521909,126.8346860200026,37.20465958764345,2024-10-24 14:18:31
1044,58,19,14,,,126.83481138430516,37.20914013290924,126.82893473547102,37.19478531031241,2024-10-24 14:19:08
1045,33,54,14,,,126.82961309566693,37.20140060375007,126.83243329083048,37.209655811734116,2024-10-24 14:19:58
1046,10,61,14,,,126.81797896596345,37.20835139999768,126.8327502394328,37.21525463476577,2024-10-24 14:20:36
1047,50,38,14,,,126.82195120334916,37.212047867700235,126.8237576877262,37.20065268564466,2024-10-24 14:20:47
1048,59,15,14,,,126.83173423766051,37.20792884401569,126.81743094640083,37.20726655516666,2024-10-24 14:21:11
1049,42,13,14,,,126.8308419295187,37.196794438175196,126.8162005564159,37.20276665904521,2024-10-24 14:21:40
1050,18,67,14,,,126.82302039938037,37.195768852049405,126.83412599428212,37.202832027515,2024-10-24 14:21:47
1051,69,30,14,,,126.83793650262545,37.20726928947525,126.83109003685897,37.1984762371819,2024-10-24 14:21:47
1052,56,17,14,,,126.8346666084113,37.2053800581439,126.82626026712506,37.19590497359724,2024-10-24 14:22:02
1053,49,55,14,,,126.82852463228545,37.21439630578695,126.8305389788981,37.20896762784523,2024-10-24 14:22:10
1054,56,17,14,,,126.83495802212663,37.20569702475976,126.82662972693613,37.197161299236285,2024-10-24 14:22:28
1055,58,19,14,,,126.83590913840828,37.2090577252691,126.82980541570348,37.194742019837996,2024-10-24 14:22:38
1056,70,33,14,,,126.8382445305686,37.21017441325681,126.8293812432352,37.20100752339523,2024-10-24 14:22:41
1057,37,2,14,,,126.82157461018504,37.1982179543411,126.8216962776276,37.205045218795334,2024-10-24 14:23:19
1058,70,18,14,,,126.83736083740078,37.20963826061266,126.82432924501894,37.19657554822801,2024-10-24 14:23:54
1059,70,33,14,,,126.83767166468957,37.208647129050185,126.82950651610248,37.20002374885086,2024-10-24 14:26:11
1060,46,28,14,,,126.83055335959062,37.21137328337766,126.82894746965451,37.20288698757388,2024-10-24 14:28:11
1061,24,6,14,,,126.81782624287993,37.19055962987827,126.82458043694385,37.203776609589,2024-10-24 14:28:14
1062,42,58,14,,,126.83115758006697,37.1970377855299,126.83577647650088,37.2089498740621,2024-10-24 14:28:15
1063,38,21,14,,,126.82512040209366,37.20231108404173,126.81944274109308,37.19563317763282,2024-10-24 14:29:21
1064,10,17,14,,,126.81781514705412,37.21020530227879,126.82739932007463,37.196869802926386,2024-10-24 14:30:14
1065,70,33,14,,,126.83687671857155,37.20864098166619,126.82841518539861,37.20147236767968,2024-10-24 14:30:17
1066,54,17,14,,,126.83203328047729,37.20977103556873,126.82732648720531,37.19756672406843,2024-10-24 14:30:27
1067,50,58,14,,,126.8228046429549,37.21168114462576,126.83504244588454,37.20786251861154,2024-10-24 14:30:58
1068,55,33,14,,,126.82970692675504,37.2096111860967,126.82985129734342,37.19973746294962,2024-10-24 14:31:05
1069,10,14,14,,,126.81686432709341,37.209743363172095,126.82005595139884,37.206812210047545,2024-10-24 14:31:18
1070,70,42,14,,,126.83871362973954,37.20948062104828,126.8323422855803,37.195402836523016,2024-10-24 14:31:46
1071,31,59,14,,,126.8285082403524,37.19689578186892,126.83185525027037,37.2074537885131,2024-10-24 14:32:09
1072,58,19,14,,,126.8357275882369,37.209290980708474,126.82882918016485,37.19532613319848,2024-10-24 14:32:42
1073,58,42,14,,,126.83481331127773,37.207766810156514,126.83229864204472,37.196082337041325,2024-10-24 14:34:08
1074,36,48,14,,,126.82306905323553,37.19805608890406,126.83020917452122,37.214259232436454,2024-10-24 14:34:13
1075,50,38,14,,,126.82330455879544,37.21203083341998,126.82404795602496,37.200699413121214,2024-10-24 14:35:14
1076,59,41,14,,,126.83171308187751,37.207731212174764,126.83415453714815,37.19764509654328,2024-10-24 14:35:14
1077,2,1,14,,,126.8223822072495,37.20506386726137,126.81549518638401,37.198140605721846,2024-10-24 14:35:27
1078,62,53,14,,,126.8385343413075,37.21288774398017,126.83027942511097,37.20534185881955,2024-10-24 14:35:32
1079,32,11,14,,,126.8320968258793,37.20224721501928,126.81531051550856,37.20850321730238,2024-10-24 14:35:43
1080,51,37,14,,,126.8201484124194,37.21083394736776,126.8214848917361,37.198373986562395,2024-10-24 14:35:45
1081,2,27,14,,,126.8220719187218,37.206183381788506,126.82674638970006,37.20048006542388,2024-10-24 14:35:55
1082,54,33,14,,,126.8328878562866,37.210808383621284,126.8287480210652,37.20065271645689,2024-10-24 14:37:06
1083,10,17,14,,,126.81668520285395,37.209141376686965,126.82740248659039,37.196085993153396,2024-10-24 14:37:32
1084,56,17,14,,,126.83485036339654,37.204772771025986,126.8271244353284,37.19601368670161,2024-10-24 14:37:34
1085,11,17,14,,,126.8144691349126,37.208398469726795,126.8263263590576,37.19595821449667,2024-10-24 14:37:58
1086,7,12,14,,,126.82651246067245,37.20786192537664,126.81896333831078,37.20506591027426,2024-10-24 14:38:06
1087,56,33,14,,,126.83433340557525,37.20625500632869,126.8296943075005,37.200947019486115,2024-10-24 14:38:15
1088,23,57,14,,,126.82128477064381,37.19202511571726,126.83136671464119,37.20405461268335,2024-10-24 14:38:18
1089,53,37,14,,,126.8304877824278,37.20703950910435,126.82054996141497,37.1967478519039,2024-10-24 14:38:36
1090,70,32,14,,,126.83696121894158,37.20902917944646,126.83167670355473,37.20197303048881,2024-10-24 14:39:11
1091,19,37,14,,,126.8283103603749,37.19504428744938,126.82104939147489,37.197003169769474,2024-10-24 14:39:16
1092,70,33,14,,,126.83819898299296,37.209798470678464,126.82902552200342,37.200557455395376,2024-10-24 14:40:27
1093,72,56,14,,,126.81165776648162,37.20732535859017,126.83533727588045,37.205454291257425,2024-10-24 14:41:15
1094,50,3,14,,,126.82214012250981,37.21197117723498,126.82506342095593,37.20939188961918,2024-10-24 14:41:30
1095,10,38,14,,,126.81710142959199,37.20881970745201,126.82426932568676,37.20106983859101,2024-10-24 14:41:32
1096,56,31,14,,,126.8344280497867,37.20633851523265,126.82933670956348,37.19800057101664,2024-10-24 14:41:33
1097,54,68,14,,,126.8330715820566,37.210515323716194,126.83995520047087,37.20231740960291,2024-10-24 14:41:43
1098,42,70,14,,,126.83101524892555,37.19557721585293,126.83753725586821,37.2099142850691,2024-10-24 14:41:48
1099,58,19,14,,,126.83586352817028,37.20837989047481,126.82879112926933,37.19582668596003,2024-10-24 14:42:49
1100,42,70,14,,,126.83109847618628,37.19698189321629,126.83703227606483,37.21009774506868,2024-10-24 14:43:28
1101,66,67,14,,,126.83701155662125,37.20469221273721,126.83423769900982,37.20221231557335,2024-10-24 14:43:36
1102,43,17,14,,,126.8239779689985,37.189806352952104,126.82568064489097,37.19675253143573,2024-10-24 14:44:20
1103,54,33,14,,,126.83249219115598,37.210144898473445,126.82951447758602,37.1998245926991,2024-10-24 14:45:01
1104,37,8,14,,,126.82151179586812,37.197648500497856,126.82409725857156,37.206405449554175,2024-10-24 14:46:17
1105,42,70,14,,,126.83081905711208,37.19667504565496,126.83775626019576,37.21023180577066,2024-10-24 14:46:58
1106,12,19,14,,,126.81988644210871,37.20519435746417,126.82915069836466,37.194225556864176,2024-10-24 14:47:04
1107,32,15,14,,,126.83103600279479,37.202144015185795,126.8171137260489,37.20668896708244,2024-10-24 14:47:27
1108,50,38,14,,,126.82216550760191,37.211593327884266,126.82321867250111,37.20096663430618,2024-10-24 14:47:31
1109,70,33,14,,,126.83772990154064,37.2094760811095,126.82973470518158,37.20103473881397,2024-10-24 14:47:41
1110,33,56,14,,,126.82894518531604,37.19986499028805,126.83497185099844,37.20637646478401,2024-10-24 14:48:26
1111,62,29,14,,,126.83727490383127,37.2130850040152,126.82594154590726,37.202022480199204,2024-10-24 14:48:43
1112,56,31,14,,,126.8357765130577,37.20602022784946,126.82866459587777,37.198822842523306,2024-10-24 14:49:25
1113,58,19,14,,,126.83524343388585,37.208815049851424,126.82902098440296,37.194072265618075,2024-10-24 14:49:29
1114,10,56,14,,,126.81657914145404,37.20840758814419,126.8341789011268,37.204675524188744,2024-10-24 14:49:34
1115,51,37,14,,,126.81892299462534,37.20966647756388,126.82098663344544,37.19732240054721,2024-10-24 14:50:03
1116,31,54,14,,,126.82998810310022,37.19695936166534,126.83340939312785,37.21104693388406,2024-10-24 14:50:29
1117,50,21,14,,,126.82245169294266,37.21164438257741,126.81898490630128,37.196625660492,2024-10-24 14:50:41
1118,10,47,14,,,126.81793348066408,37.2088464405941,126.82731961652618,37.21074213551233,2024-10-24 14:50:49
1119,58,33,14,,,126.8358487184244,37.208075217441056,126.82885726821063,37.201085462893985,2024-10-24 14:51:18
1120,70,33,14,,,126.83795431180366,37.210068385866265,126.8299189743737,37.19985161521302,2024-10-24 14:51:35
1121,53,67,14,,,126.82960160085211,37.20672099327299,126.83522166077721,37.20244626090498,2024-10-24 14:52:30
1122,17,54,14,,,126.82716520445157,37.196438419530544,126.83353238059244,37.2100620832877,2024-10-24 14:52:37
1123,11,17,14,,,126.8147053496199,37.20890101316156,126.82651294575285,37.19632155451509,2024-10-24 14:52:40
1124,23,71,14,,,126.82118291108021,37.19165325350434,126.83928047337535,37.205140693006015,2024-10-24 14:53:01
1125,72,47,14,,,126.81129138932688,37.207897585259886,126.82665616580044,37.21082214939947,2024-10-24 14:53:50
1126,28,47,14,,,126.82882998239342,37.20336574063198,126.82816177924308,37.20993689103619,2024-10-24 14:54:48
1127,56,32,14,,,126.83512754122359,37.20500273375626,126.8329577410888,37.202163678856785,2024-10-24 14:55:09
1128,11,58,14,,,126.81446688557106,37.20785773818001,126.8345679540297,37.208596784475965,2024-10-24 14:55:22
1129,58,19,14,,,126.83561824876158,37.208286560732795,126.82846487661187,37.195705040229086,2024-10-24 14:55:34
1130,36,60,14,,,126.82483330723824,37.19948505551893,126.83234731465829,37.21390744451582,2024-10-24 14:55:37
1131,31,58,14,,,126.828776764015,37.197425655816446,126.83474331556936,37.20906721614939,2024-10-24 14:55:59
1132,10,17,14,,,126.81753854584863,37.2090817013646,126.82685735481351,37.196630816387064,2024-10-24 14:57:40
1133,62,31,14,,,126.83721738364034,37.212543958771896,126.82818250081021,37.19778403744358,2024-10-24 14:57:53
1134,54,33,14,,,126.83282807385541,37.209258338677316,126.82897649555302,37.200872353792136,2024-10-24 14:58:17
1135,37,72,14,,,126.8216378108461,37.19669982299434,126.81246099258051,37.20797328841351,2024-10-24 14:58:53
1136,42,70,15,,,126.83243070600348,37.19614615916139,126.83769084853407,37.20952088820653,2024-10-24 15:00:15
1137,42,70,15,,,126.8308485924079,37.196908417941245,126.83868452064621,37.209820199837296,2024-10-24 15:01:16
1138,71,55,15,,,126.84099456284363,37.20457499541541,126.82925060419744,37.20919538639478,2024-10-24 15:01:32
1139,27,35,15,,,126.82579456307367,37.19915869004352,126.8197267053843,37.20198455062279,2024-10-24 15:01:51
1140,33,56,15,,,126.82937686008188,37.19986051150584,126.83559720827381,37.20535057548209,2024-10-24 15:02:48
1141,37,51,15,,,126.82157395770426,37.19830061464661,126.82059564266618,37.21109030740438,2024-10-24 15:03:52
1142,10,17,15,,,126.81764424429267,37.2085193283494,126.82721213145571,37.197544163314745,2024-10-24 15:04:11
1143,54,60,15,,,126.83195436202979,37.209434965472944,126.83328874083439,37.21283952032756,2024-10-24 15:04:18
1144,70,33,15,,,126.83858669116157,37.20891623646356,126.82909563838307,37.19984040036467,2024-10-24 15:04:28
1145,33,56,15,,,126.82850967089637,37.19968970568641,126.8348006141148,37.20485073386251,2024-10-24 15:04:38
1146,63,9,15,,,126.83573895049568,37.211044188744566,126.81369571224347,37.20550374756388,2024-10-24 15:04:49
1147,19,10,15,,,126.82908633033703,37.19508154234613,126.81727150281104,37.208828724947956,2024-10-24 15:05:20
1148,56,33,15,,,126.8356341918283,37.2058807611727,126.82932935489063,37.20163934710976,2024-10-24 15:06:31
1149,33,56,15,,,126.82948262704514,37.200176470702175,126.83525931194639,37.205565136479834,2024-10-24 15:06:42
1150,41,70,15,,,126.8333766249812,37.196265677068034,126.83837320752977,37.20999461960172,2024-10-24 15:07:03
1151,56,33,15,,,126.83575845239956,37.20612375306258,126.82988525741358,37.200017558080795,2024-10-24 15:07:07
1152,1,18,15,,,126.81641516838337,37.19772902307564,126.8237867304739,37.19627385446961,2024-10-24 15:07:18
1153,37,51,15,,,126.82076741814491,37.19781491097847,126.82056702886752,37.21035330028479,2024-10-24 15:07:34
1154,17,70,15,,,126.82732909494558,37.19693017780459,126.8382791041381,37.20869965551012,2024-10-24 15:07:43
1155,58,19,15,,,126.83452138931504,37.20837413498814,126.82840557818056,37.194752009128074,2024-10-24 15:09:18
1156,50,37,15,,,126.82143010338326,37.21057191025243,126.8207377169298,37.19841637083046,2024-10-24 15:09:33
1157,32,56,15,,,126.83264267330523,37.20193759290551,126.83541425230187,37.20631814773216,2024-10-24 15:09:54
1158,56,33,15,,,126.83399496091081,37.2059832045632,126.82888440241744,37.20095550453755,2024-10-24 15:10:54
1159,59,41,15,,,126.83316349178706,37.2077843865731,126.83328462727438,37.197690528672,2024-10-24 15:11:02
1160,25,2,15,,,126.82134972071455,37.19475406268919,126.82240662353813,37.205453135178466,2024-10-24 15:11:32
1161,58,33,15,,,126.83523859074499,37.208614897493824,126.82913766566219,37.200125187453395,2024-10-24 15:11:36
1162,7,19,15,,,126.82645722111383,37.20835678068999,126.82901456570022,37.195896555275304,2024-10-24 15:11:48
1163,70,33,15,,,126.83873198705898,37.20911627467411,126.82886615884983,37.199884512705545,2024-10-24 15:12:12
1164,32,54,15,,,126.83272325462573,37.2023452487346,126.83184069135598,37.20987917048453,2024-10-24 15:12:20
1165,58,19,15,,,126.83457440498584,37.208209719377884,126.82883500455041,37.19497680927682,2024-10-24 15:13:39
1166,32,59,15,,,126.83268289184015,37.201902019509426,126.83197643855644,37.20648642917038,2024-10-24 15:14:23
1167,37,7,15,,,126.82076453888142,37.197874105023224,126.827540226756,37.2070996397012,2024-10-24 15:14:58
1168,69,30,15,,,126.83789233134222,37.206802982932984,126.83227959910974,37.1994056888977,2024-10-24 15:16:17
1169,56,17,15,,,126.83512980568538,37.206519098513844,126.82576562038024,37.195844882665554,2024-10-24 15:16:19
1170,33,56,15,,,126.82949172195963,37.20113440977588,126.83458354291427,37.20503277066221,2024-10-24 15:16:30
1171,27,37,15,,,126.82686113826043,37.19908916068369,126.82077465810832,37.1969740379408,2024-10-24 15:18:58
1172,58,33,15,,,126.83498930020241,37.20748766231607,126.82880993626522,37.20141097980655,2024-10-24 15:19:03
1173,10,17,15,,,126.8171660399426,37.2091182276602,126.82676865302226,37.19616097348195,2024-10-24 15:19:53
1174,58,33,15,,,126.83571217339929,37.20866592656782,126.82953732955828,37.20094178129212,2024-10-24 15:20:08
1175,58,33,15,,,126.83613098278781,37.20793677939422,126.82965234459414,37.199697643193275,2024-10-24 15:20:11
1176,24,34,15,,,126.81825703971282,37.191166492101715,126.82165445894942,37.20217708228171,2024-10-24 15:20:45
1177,19,69,15,,,126.82967335966381,37.1952609069851,126.83661582134185,37.206793781803675,2024-10-24 15:21:19
1178,10,17,15,,,126.81759887043228,37.20893773300832,126.82724262269139,37.197128758096795,2024-10-24 15:21:36
1179,58,19,15,,,126.83551750052827,37.20771307813151,126.82813919211729,37.19415413219642,2024-10-24 15:22:55
1180,51,37,15,,,126.8187802938146,37.21099494619404,126.82187495407875,37.196659977928604,2024-10-24 15:23:03
1181,72,56,15,,,126.81211728563756,37.207016262020105,126.8342868510255,37.204685883889866,2024-10-24 15:23:40
1182,70,33,15,,,126.83782586514344,37.2103353953749,126.8284231933714,37.20051164111458,2024-10-24 15:24:04
1183,46,40,15,,,126.8298163375694,37.21159505437858,126.83232077444241,37.192410287241756,2024-10-24 15:24:30
1184,11,17,15,,,126.81389032974478,37.20747652995048,126.82626905044852,37.195832009725834,2024-10-24 15:24:31
1185,69,30,15,,,126.83667600321137,37.20665442103072,126.83207139014615,37.19866379476037,2024-10-24 15:24:57
1186,70,33,15,,,126.8387094638438,37.21013933703313,126.83019602515142,37.20128337461764,2024-10-24 15:25:07
1187,10,40,15,,,126.81794597614606,37.21014041372988,126.83144680336554,37.192301584523605,2024-10-24 15:25:12
1188,70,33,15,,,126.83779118700944,37.20922998246231,126.82855969224593,37.20071914806258,2024-10-24 15:25:27
1189,37,51,15,,,126.82206054109739,37.19773639296898,126.82062899576519,37.21055152673878,2024-10-24 15:25:39
1190,50,37,15,,,126.82197711486265,37.21182198185248,126.82047428270063,37.19720381316153,2024-10-24 15:26:13
1191,42,70,15,,,126.8321868371758,37.197023703847314,126.83795322097016,37.20950366198203,2024-10-24 15:26:14
1192,17,54,15,,,126.82577720151366,37.196480254702685,126.83282776542612,37.21040262100849,2024-10-24 15:26:15
1193,50,40,15,,,126.82246047826673,37.21062649893687,126.83139462294335,37.192915359654656,2024-10-24 15:26:32
1194,33,56,15,,,126.82860457303933,37.20061496202589,126.83393245578831,37.20638347476465,2024-10-24 15:26:37
1195,1,31,15,,,126.81559341614137,37.19825835553249,126.82840826184933,37.19733766776071,2024-10-24 15:27:21
1196,54,48,15,,,126.83362359496341,37.20984194437587,126.8297094921459,37.21489580772802,2024-10-24 15:27:26
1197,32,59,15,,,126.8314751206479,37.20228724030006,126.8327227968976,37.20725814761407,2024-10-24 15:28:11
1198,56,32,15,,,126.83438000772277,37.20465205937551,126.83205962381153,37.2009815203672,2024-10-24 15:28:35
1199,17,54,15,,,126.8263144081647,37.1970161372048,126.83331203127439,37.210041723862986,2024-10-24 15:29:03
1200,38,57,15,,,126.82445552460946,37.200756485437665,126.83265422731601,37.205387339448016,2024-10-24 15:29:26
1201,58,33,15,,,126.83591672472552,37.2086175886622,126.82861221278098,37.20084932612843,2024-10-24 15:29:38
1202,56,33,15,,,126.83514236840904,37.20514568285238,126.82922056863289,37.20144594205106,2024-10-24 15:29:40
1203,10,27,15,,,126.81784041294193,37.20977384478355,126.82679499669568,37.200565637248054,2024-10-24 15:29:40
1204,58,19,15,,,126.83598885370213,37.20774853714605,126.82864084972638,37.19494481050231,2024-10-24 15:29:45
1205,10,17,15,,,126.81792194400558,37.208690610344135,126.82562310871394,37.195908855511256,2024-10-24 15:30:23
1206,31,59,15,,,126.82844102000014,37.19758981929855,126.83192003932622,37.20794283300786,2024-10-24 15:30:29
1207,21,19,15,,,126.81851514598448,37.19636819906381,126.8287082213329,37.195502457852044,2024-10-24 15:30:59
1208,59,46,15,,,126.83172489539396,37.20730529888228,126.8295805728929,37.21233444473278,2024-10-24 15:31:03
1209,50,37,15,,,126.82195929150852,37.21202141983694,126.82136969761048,37.196829844653884,2024-10-24 15:31:22
1210,56,33,15,,,126.8352273840249,37.20618358185917,126.82870171136345,37.20021863603221,2024-10-24 15:31:41
1211,2,36,15,,,126.82161329170025,37.20563726167861,126.8241269742399,37.19913216375584,2024-10-24 15:32:55
1212,56,33,15,,,126.8340504487051,37.20567272672817,126.82920391516294,37.20013638252645,2024-10-24 15:33:06
1213,12,17,15,,,126.82019736163318,37.2051045150681,126.82568005998282,37.19604119173269,2024-10-24 15:33:13
1214,10,17,15,,,126.81720232809995,37.208566908060696,126.82560092726466,37.196420396430156,2024-10-24 15:33:13
1215,55,46,15,,,126.8290009974496,37.20827396169409,126.83062416391333,37.212780448865466,2024-10-24 15:33:14
1216,56,17,15,,,126.83408477209541,37.20586701892829,126.8260080189795,37.19742260743804,2024-10-24 15:34:07
1217,69,30,15,,,126.83794356047471,37.20761435974002,126.83099697791685,37.199706884580465,2024-10-24 15:35:08
1218,58,33,15,,,126.83612440814404,37.20843708139925,126.8299882514299,37.20084894460695,2024-10-24 15:35:37
1219,18,43,15,,,126.82468857609729,37.19665615078679,126.82320358278821,37.19061617378434,2024-10-24 15:35:56
1220,11,33,15,,,126.8136727314646,37.20767956546605,126.82942511653496,37.199943920595736,2024-10-24 15:37:12
1221,55,7,15,,,126.82947383867884,37.20844252873215,126.82656817406276,37.20819552777966,2024-10-24 15:37:46
1222,58,33,15,,,126.83496862317597,37.20925515819076,126.83029682038449,37.199754231255326,2024-10-24 15:39:09
1223,17,54,15,,,126.82736208634516,37.1965035802921,126.83308165350967,37.21032977364924,2024-10-24 15:39:20
1224,56,41,15,,,126.83430623249922,37.20529486392159,126.83388717024476,37.19754966037053,2024-10-24 15:39:34
1225,11,32,15,,,126.81396216587132,37.208045669964,126.83176235585984,37.20151208395146,2024-10-24 15:40:17
1226,55,71,15,,,126.82981899394429,37.20988634676258,126.8406005390496,37.20560348013802,2024-10-24 15:40:31
1227,37,51,15,,,126.82155171302132,37.19720887260169,126.81977592906128,37.20963625006745,2024-10-24 15:41:39
1228,33,56,15,,,126.83003098472382,37.201501866897196,126.83444290533956,37.20531285410618,2024-10-24 15:41:40
1229,10,38,15,,,126.81681857194495,37.21031110563671,126.82375721760125,37.20057482383538,2024-10-24 15:41:44
1230,10,17,15,,,126.81752433254759,37.20995794107547,126.82631156828683,37.197091403029134,2024-10-24 15:43:25
1231,37,51,15,,,126.82217633734261,37.196667183973645,126.8199040363164,37.20959216187833,2024-10-24 15:43:33
1232,37,51,15,,,126.82225124141425,37.19733049124129,126.8200791077313,37.21095810738994,2024-10-24 15:43:36
1233,46,42,15,,,126.83027993400954,37.211109508902545,126.83071179742637,37.19703724419946,2024-10-24 15:44:10
1234,53,51,15,,,126.82910693548756,37.205557973764314,126.8193093394175,37.209519305124985,2024-10-24 15:44:17
1235,51,37,15,,,126.82050902250403,37.20945751514395,126.82074611177033,37.19766034787726,2024-10-24 15:44:38
1236,19,62,15,,,126.82802235295537,37.19595565085107,126.83863942833842,37.21262275893855,2024-10-24 15:45:18
1237,42,70,15,,,126.8308540988049,37.19589636079733,126.83760139393044,37.20919919103738,2024-10-24 15:45:22
1238,51,37,15,,,126.82057484432691,37.2104656284088,126.82133386945385,37.198164003770295,2024-10-24 15:45:33
1239,37,51,15,,,126.82090755492271,37.19796336472947,126.81884265886777,37.2097433211935,2024-10-24 15:45:34
1240,11,70,15,,,126.81334911675697,37.20750823162365,126.83710672497206,37.20983630778415,2024-10-24 15:45:44
1241,50,37,15,,,126.82154909914165,37.21121903591818,126.8217313950332,37.19768918624938,2024-10-24 15:47:01
1242,33,56,15,,,126.82894081303316,37.20165221255836,126.83392568204144,37.20466407527128,2024-10-24 15:47:07
1243,56,17,15,,,126.83419490543059,37.20489670413136,126.8263064577083,37.19631153973677,2024-10-24 15:47:15
1244,70,33,15,,,126.83711972933692,37.208835437384685,126.83021848291116,37.20007429518132,2024-10-24 15:47:35
1245,69,30,15,,,126.83801292881344,37.205857727108764,126.83273754807391,37.19834035395475,2024-10-24 15:48:07
1246,70,33,15,,,126.83846949123512,37.20960333825665,126.82921823014267,37.20146468526111,2024-10-24 15:48:27
1247,58,33,15,,,126.83420032057805,37.2089958673838,126.82927281205585,37.200728026316945,2024-10-24 15:50:04
1248,51,37,15,,,126.8205442963712,37.21057808055483,126.8205439276116,37.196497359046006,2024-10-24 15:50:35
1249,31,58,15,,,126.82843944896548,37.1970733844472,126.83443535069617,37.20864219485307,2024-10-24 15:50:36
1250,33,56,15,,,126.83015919187481,37.20156228641347,126.83527574962527,37.20511024191638,2024-10-24 15:50:56
1251,66,50,15,,,126.83826198686862,37.20344752032948,126.82296833167882,37.21158538388808,2024-10-24 15:51:23
1252,58,33,15,,,126.83559665203704,37.20748350058511,126.828579697381,37.20156565065557,2024-10-24 15:51:24
1253,37,51,15,,,126.8210379275226,37.19654837847091,126.81921114195933,37.21141130626444,2024-10-24 15:53:03
1254,58,19,15,,,126.83458864359707,37.2076789203382,126.82869138003332,37.194509065480005,2024-10-24 15:53:10
1255,6,52,15,,,126.82452710503425,37.20509554331571,126.83104727155272,37.217244014397735,2024-10-24 15:53:32
1256,67,44,15,,,126.8349253103565,37.2031965546568,126.82145429577685,37.18864933110766,2024-10-24 15:53:46
1257,55,21,15,,,126.83021143247048,37.20980724989914,126.81760794185278,37.196898196118326,2024-10-24 15:54:00
1258,53,62,15,,,126.82998488924845,37.205491482777994,126.8371711470878,37.213026087924305,2024-10-24 15:54:10
1259,56,33,15,,,126.83559629309718,37.20494135412691,126.82930930305302,37.20148875160772,2024-10-24 15:54:22
1260,33,56,15,,,126.82967126018792,37.20056342411161,126.83527448232995,37.20656644473856,2024-10-24 15:54:25
1261,58,33,15,,,126.83432907787643,37.20885196161476,126.82848045642528,37.200656352951206,2024-10-24 15:54:28
1262,23,55,15,,,126.82014845146116,37.191382357933314,126.83018182249783,37.209502618804365,2024-10-24 15:54:29
1263,54,17,15,,,126.83234657464502,37.209598756774085,126.8268814762523,37.19744143213756,2024-10-24 15:54:55
1264,15,9,15,,,126.81669872667366,37.20635466812834,126.81431139130643,37.20601976375904,2024-10-24 15:55:01
1265,37,51,15,,,126.82114189633269,37.196952933416064,126.82055183734415,37.21040283270302,2024-10-24 15:55:29
1266,10,17,15,,,126.81764990857033,37.209531073169785,126.82669559767717,37.196424456727456,2024-10-24 15:55:34
1267,54,9,15,,,126.83266617541763,37.20940613689436,126.81354367732952,37.206040257354644,2024-10-24 15:55:48
1268,33,56,15,,,126.82864947417093,37.19989777159319,126.83451146396803,37.20544040889844,2024-10-24 15:55:56
1269,50,55,15,,,126.82331252245203,37.212124069848755,126.82966511967162,37.20814535305053,2024-10-24 15:56:57
1270,54,49,15,,,126.83209835209952,37.21112285927367,126.82709635375117,37.212753929068064,2024-10-24 15:57:06
1271,11,58,15,,,126.81500583662553,37.20910609740225,126.83612799155526,37.20776718918391,2024-10-24 15:57:34
1272,42,70,15,,,126.83217543516496,37.19657092799778,126.83727042688305,37.20867972867002,2024-10-24 15:57:37
1273,17,54,15,,,126.8268298794442,37.19723146700172,126.83352501732786,37.2097319753901,2024-10-24 15:57:48
1274,58,33,15,,,126.83496952712795,37.208389723193285,126.82875398050592,37.201186462030435,2024-10-24 15:58:08
1275,69,30,15,,,126.83701384249274,37.207641922742624,126.83122591928199,37.199420962197834,2024-10-24 15:59:28
1276,62,33,15,,,126.83797182343193,37.21209622453153,126.83003503867941,37.200932587470106,2024-10-24 15:59:29
1277,33,56,16,,,126.82982894144618,37.20121516748044,126.83412436447185,37.20472795317456,2024-10-24 16:01:17
1278,70,17,16,,,126.83862919206202,37.20983032447546,126.82688451887545,37.195839259105085,2024-10-24 16:01:26
1279,1,6,16,,,126.81558092168481,37.19882087102058,126.82468202670822,37.20503003028727,2024-10-24 16:01:30
1280,11,17,16,,,126.8150076650845,37.208060393160515,126.82559058170888,37.196661585623914,2024-10-24 16:01:41
1281,59,15,16,,,126.83305472393052,37.206894571292224,126.81613863980868,37.20684029862107,2024-10-24 16:01:59
1282,56,31,16,,,126.83522755176209,37.204996657639,126.82985962172829,37.19840905057767,2024-10-24 16:02:14
1283,33,70,16,,,126.8296494462245,37.199798277586694,126.83838347482737,37.21004862984165,2024-10-24 16:02:57
1284,11,32,16,,,126.81371621074491,37.20847343573599,126.83256179248121,37.20179937240587,2024-10-24 16:03:45
1285,58,33,16,,,126.83486162880756,37.208503193773595,126.82861521868543,37.199961270242014,2024-10-24 16:04:05
1286,58,33,16,,,126.83582501343511,37.20872650957883,126.82888836257145,37.20019965238156,2024-10-24 16:04:23
1287,24,54,16,,,126.81785314618723,37.19091033132034,126.83254402544759,37.21015444630474,2024-10-24 16:04:33
1288,59,41,16,,,126.83204360591472,37.20700558714569,126.8351459772807,37.19632311867258,2024-10-24 16:05:43
1289,36,38,16,,,126.82443742986781,37.19779544630153,126.82432835098068,37.200874463762176,2024-10-24 16:06:11
1290,70,42,16,,,126.83821569757424,37.21018833103021,126.83125459655018,37.1961280621833,2024-10-24 16:06:51
1291,56,32,16,,,126.83488983713173,37.20578062974018,126.83207801054202,37.20185407251916,2024-10-24 16:07:28
1292,72,36,16,,,126.8116745989318,37.20649164695295,126.82460627660477,37.19944366151974,2024-10-24 16:07:33
1293,69,30,16,,,126.83744181717462,37.20635669517332,126.83270167550933,37.199296405663624,2024-10-24 16:07:42
1294,42,70,16,,,126.83117944440193,37.19663821204843,126.83785818836166,37.20947133269077,2024-10-24 16:07:42
1295,32,54,16,,,126.83284604527503,37.20238419420988,126.83229503535625,37.21015251095359,2024-10-24 16:07:57
1296,56,31,16,,,126.83453784810376,37.205410179046446,126.82900953374781,37.19760295876452,2024-10-24 16:08:07
1297,33,56,16,,,126.82859899205017,37.20137941328276,126.83415941807039,37.20509606815429,2024-10-24 16:08:47
1298,33,56,16,,,126.82916388352267,37.20162800199951,126.8341321740966,37.20616896666851,2024-10-24 16:08:53
1299,4,41,16,,,126.82176859882132,37.20948161491766,126.83368936420314,37.197774490690435,2024-10-24 16:09:00
1300,72,33,16,,,126.81104201778597,37.2061821536817,126.82946589206794,37.20027687793988,2024-10-24 16:09:17
1301,31,55,16,,,126.82883624966037,37.19788662713117,126.82966717564241,37.20908231452816,2024-10-24 16:09:20
1302,15,37,16,,,126.81698254077894,37.20719398026045,126.82086720894424,37.19671088227704,2024-10-24 16:09:31
1303,10,17,16,,,126.81786579969229,37.210233840447835,126.8273459197729,37.1960817467765,2024-10-24 16:09:55
1304,27,41,16,,,126.82738617726888,37.199224420957634,126.83356241803055,37.19646695006655,2024-10-24 16:09:58
1305,11,58,16,,,126.81418119220825,37.208689060861346,126.83415746105146,37.20823087983862,2024-10-24 16:10:05
1306,10,17,16,,,126.81624401178243,37.208660771766176,126.82655466978822,37.19775718631772,2024-10-24 16:10:28
1307,58,42,16,,,126.8353355440086,37.207971547871885,126.83077800101027,37.195927125033954,2024-10-24 16:10:57
1308,32,7,16,,,126.83130833559909,37.20095134043793,126.82667826587857,37.20747378317959,2024-10-24 16:11:07
1309,14,52,16,,,126.8204117495497,37.20821535082432,126.83145186289221,37.21740727712535,2024-10-24 16:11:10
1310,56,31,16,,,126.83417770619255,37.20562587851024,126.82906513112356,37.198281732017875,2024-10-24 16:11:12
1311,50,37,16,,,126.82332978916068,37.2106299344975,126.82145066832702,37.19710086700383,2024-10-24 16:11:31
1312,10,17,16,,,126.81768884046656,37.21028467451824,126.82673833137825,37.19715535877953,2024-10-24 16:12:26
1313,28,6,16,,,126.82973587041907,37.2040106991798,126.82403789636705,37.2034694047047,2024-10-24 16:12:30
1314,58,56,16,,,126.83572716898962,37.20751406294946,126.83487949441306,37.205264000428585,2024-10-24 16:13:06
1315,26,14,16,,,126.81830522565642,37.193783682672866,126.81871019557131,37.20799249545145,2024-10-24 16:17:36
1316,27,52,16,,,126.82690203701013,37.199307385630654,126.82975643504047,37.21846992544596,2024-10-24 16:18:36
1317,70,33,16,,,126.83846512875994,37.21027241847535,126.82925645594419,37.201546773704735,2024-10-24 16:18:42
1318,56,33,16,,,126.8339650236813,37.2052838848599,126.82998814168141,37.19975601976851,2024-10-24 16:19:25
1319,58,17,16,,,126.83472772000728,37.2079889648015,126.82701482548538,37.196916681628,2024-10-24 16:19:37
1320,10,38,16,,,126.81751850042434,37.21027747345414,126.82450262373843,37.202307843913346,2024-10-24 16:19:47
1321,28,3,16,,,126.83041097948251,37.203540545081296,126.82537329608195,37.20979382762247,2024-10-24 16:19:54
1322,28,64,16,,,126.82990827974561,37.20413496441472,126.84288744417228,37.20285562297597,2024-10-24 16:21:35
1323,10,17,16,,,126.81630606554229,37.210294307465816,126.82735655080405,37.19666649843517,2024-10-24 16:21:38
1324,56,33,16,,,126.83522426528124,37.204717674536326,126.82934379302331,37.20051072894433,2024-10-24 16:22:15
1325,46,5,16,,,126.82998024365016,37.21191560055015,126.82754979801226,37.20512990824792,2024-10-24 16:22:23
1326,68,19,16,,,126.84030531878331,37.20283751275645,126.8293541070669,37.195646511973074,2024-10-24 16:22:28
1327,58,19,16,,,126.83526593605882,37.20800538446582,126.82872040089917,37.19509695607129,2024-10-24 16:22:59
1328,56,33,16,,,126.8345077715033,37.20497617372883,126.82871779063107,37.201604638369886,2024-10-24 16:23:10
1329,32,59,16,,,126.8316085942881,37.20109091904102,126.83168484134607,37.20786669802983,2024-10-24 16:23:21
1330,11,70,16,,,126.81528095850852,37.20795984338352,126.83699393046095,37.21028813277027,2024-10-24 16:23:32
1331,58,33,16,,,126.83543615309635,37.20904995810082,126.82992252680128,37.20026947689358,2024-10-24 16:23:42
1332,56,33,16,,,126.83507666366431,37.206262026148075,126.82956457937784,37.20119617090507,2024-10-24 16:23:48
1333,36,62,16,,,126.82394630267244,37.19782544701811,126.83752687690148,37.21281249178925,2024-10-24 16:24:02
1334,32,56,16,,,126.83188310158509,37.201024532685665,126.83495497192679,37.20661808276163,2024-10-24 16:24:45
1335,59,43,16,,,126.8332190862689,37.20772112174416,126.82395333108089,37.189852224251,2024-10-24 16:24:48
1336,41,11,16,,,126.83360605188474,37.19759222109233,126.8135405602615,37.208604184713,2024-10-24 16:25:01
1337,5,60,16,,,126.8276169486428,37.206157464811646,126.83260239105375,37.21210384955209,2024-10-24 16:25:23
1338,17,56,16,,,126.82622454072379,37.19594653679891,126.834737757736,37.20647174028556,2024-10-24 16:25:39
1339,56,33,16,,,126.83455357244563,37.20578362637436,126.82929099061256,37.19986123421052,2024-10-24 16:25:47
1340,56,33,16,,,126.8345990157632,37.204837619391405,126.82901681189836,37.20038051502571,2024-10-24 16:25:58
1341,70,33,16,,,126.83865458658589,37.21039454409944,126.83018691818664,37.20026755916757,2024-10-24 16:26:49
1342,50,4,16,,,126.82269647069887,37.21137663037599,126.82144234393527,37.20785506289213,2024-10-24 16:27:03
1343,54,17,16,,,126.83300524244473,37.20990566910759,126.82738066584976,37.19766991787712,2024-10-24 16:27:19
1344,50,5,16,,,126.82333451588207,37.211890587907256,126.82786230442967,37.20569888103406,2024-10-24 16:27:20
1345,50,51,16,,,126.82305559243498,37.210746038010576,126.81925170141224,37.21086979013087,2024-10-24 16:27:35
1346,69,30,16,,,126.83777321643034,37.20623232712139,126.83152445479854,37.19891164592886,2024-10-24 16:27:52
1347,1,10,16,,,126.81642778656114,37.198234692830184,126.81698247389605,37.209911911065575,2024-10-24 16:28:06
1348,70,42,16,,,126.83748417762862,37.210392523738356,126.83238797625394,37.19596012515505,2024-10-24 16:28:11
1349,56,33,16,,,126.8353006466607,37.205176157063455,126.83028580294044,37.20084176133156,2024-10-24 16:28:45
1350,69,30,16,,,126.83680788256801,37.206159732050814,126.83132413949802,37.198359146045036,2024-10-24 16:28:52
1351,58,33,16,,,126.83475978540186,37.208785567996756,126.82881680296316,37.200494411365696,2024-10-24 16:29:33
1352,58,62,16,,,126.83594439071476,37.208302692859824,126.8375886557841,37.21175936462778,2024-10-24 16:29:46
1353,10,17,16,,,126.81637917027899,37.208859076734235,126.82547499762359,37.196894614726446,2024-10-24 16:30:05
1354,72,59,16,,,126.81211221136732,37.20713273303397,126.83282258130798,37.20689913735646,2024-10-24 16:30:49
1355,6,70,16,,,126.82462994310549,37.20504756057428,126.8378893665701,37.2088611090637,2024-10-24 16:31:07
1356,56,32,16,,,126.83561743264721,37.205594741403395,126.83178199540892,37.20175987481929,2024-10-24 16:32:04
1357,23,32,16,,,126.8211452620592,37.191041475890735,126.83135797038338,37.201321882788335,2024-10-24 16:32:15
1358,56,32,16,,,126.83466432511824,37.20582500953025,126.83253216730446,37.20209948028925,2024-10-24 16:33:46
1359,42,70,16,,,126.8319603456874,37.19663994051423,126.83689995032543,37.2096537935444,2024-10-24 16:33:50
1360,68,11,16,,,126.83930699978642,37.20294197415079,126.81493928574332,37.20750168698357,2024-10-24 16:33:53
1361,56,17,16,,,126.83579353571727,37.20510456287894,126.8268812161581,37.19582908727828,2024-10-24 16:33:56
1362,54,29,16,,,126.8332078875357,37.209751255760224,126.82635486570064,37.20161659089954,2024-10-24 16:34:54
1363,26,37,16,,,126.81738823439086,37.19399360511902,126.82142405566098,37.19694267807908,2024-10-24 16:34:59
1364,58,33,16,,,126.8356599638991,37.20836511181278,126.82835148002165,37.200026984566136,2024-10-24 16:35:10
1365,67,32,16,,,126.83484523941488,37.20315565856516,126.83204974604449,37.20229673644573,2024-10-24 16:35:37
1366,10,17,16,,,126.8178510450647,37.20894138187878,126.82640445327796,37.19657876490405,2024-10-24 16:36:25
1367,56,19,16,,,126.83581389069793,37.205736159360576,126.82872700192986,37.194098025803534,2024-10-24 16:36:54
1368,10,23,16,,,126.81667273840498,37.21028946441205,126.82076125648288,37.19220402475524,2024-10-24 16:37:17
1369,32,30,16,,,126.83260438633556,37.20215103449829,126.83260710714946,37.1987656212834,2024-10-24 16:37:37
1370,70,33,16,,,126.83809663131642,37.209308909723795,126.83012058757478,37.20106701646836,2024-10-24 16:37:43
1371,18,28,16,,,126.82385707199084,37.1956132325197,126.82893686056596,37.20431106464333,2024-10-24 16:37:56
1372,32,11,16,,,126.83266205813341,37.20197336144058,126.8143901025594,37.208308438966036,2024-10-24 16:38:08
1373,37,63,16,,,126.8218999196768,37.196560277788954,126.83541512669923,37.21180091827467,2024-10-24 16:38:55
1374,35,32,16,,,126.8198261646065,37.20138416077728,126.83170229310262,37.20111606837093,2024-10-24 16:41:04
1375,71,56,16,,,126.84015086909635,37.20544711972073,126.83529914990697,37.20529645597706,2024-10-24 16:41:06
1376,11,58,16,,,126.81521271558029,37.20846728896036,126.83485520920753,37.20927554850256,2024-10-24 16:41:10
1377,58,33,16,,,126.83594675112421,37.2091642038984,126.82976750351445,37.201535054732325,2024-10-24 16:41:56
1378,58,19,16,,,126.83431699513973,37.208944430653375,126.82805565634892,37.19572320252516,2024-10-24 16:42:38
1379,70,33,16,,,126.83844322871686,37.20917389801461,126.82989290817645,37.20095464186526,2024-10-24 16:43:06
1380,56,40,16,,,126.83548302892551,37.20633758748125,126.83139841089675,37.19398065887282,2024-10-24 16:43:22
1381,56,17,16,,,126.83544387392531,37.20614613878598,126.82580948295518,37.197355103072056,2024-10-24 16:45:07
1382,56,33,16,,,126.83437797388498,37.2051313770658,126.82848415685079,37.200289981920875,2024-10-24 16:45:08
1383,56,17,16,,,126.8349183192202,37.20563871738141,126.82702458264106,37.19685451647112,2024-10-24 16:45:11
1384,2,20,16,,,126.82261567912465,37.206263355922495,126.815277593867,37.192337548849686,2024-10-24 16:45:27
1385,11,40,16,,,126.81527759026594,37.2091723807136,126.83130767357036,37.193088745121216,2024-10-24 16:45:50
1386,47,47,16,,,126.8265510070918,37.21058201872387,126.82786962635953,37.211195453758506,2024-10-24 16:46:21
1387,56,17,16,,,126.83451423493052,37.205296831064615,126.82692596233386,37.19701610547898,2024-10-24 16:46:22
1388,70,33,16,,,126.8385526390694,37.20878363683623,126.82909121540713,37.20138107714266,2024-10-24 16:46:46
1389,58,33,16,,,126.8358213234609,37.208989714765806,126.83003464527688,37.20048630338932,2024-10-24 16:46:47
1390,46,22,16,,,126.83009859315675,37.212880533047375,126.81547401607551,37.195369971536884,2024-10-24 16:46:54
1391,23,56,16,,,126.81987032030526,37.1920826937333,126.83489483015819,37.20617235600458,2024-10-24 16:46:57
1392,56,33,16,,,126.83451855462059,37.20477391976509,126.82835369735781,37.2003409713785,2024-10-24 16:46:58
1393,31,54,16,,,126.82915906191661,37.19757533099322,126.83195932344972,37.20989673322913,2024-10-24 16:46:59
1394,56,33,16,,,126.8345806646331,37.2059931418836,126.82984408117848,37.20067131990954,2024-10-24 16:47:09
1395,58,33,16,,,126.83450615734725,37.208491102832255,126.82963588580945,37.20066419012712,2024-10-24 16:48:00
1396,51,34,16,,,126.81988196468876,37.21095133345849,126.82231010634744,37.20356685264289,2024-10-24 16:48:42
1397,37,72,16,,,126.82082446025007,37.196806698751544,126.81171612012774,37.207979322657074,2024-10-24 16:48:51
1398,40,72,16,,,126.83075477362264,37.19249726933241,126.81205737933115,37.207184392617684,2024-10-24 16:49:31
1399,14,38,16,,,126.81995408355635,37.20837961500731,126.82405385700237,37.20115093199229,2024-10-24 16:49:41
1400,10,56,16,,,126.81609033893972,37.209296224806515,126.83414248190378,37.20599893596685,2024-10-24 16:49:56
1401,70,33,16,,,126.83723950618167,37.20901045020864,126.8301460549799,37.20144627631989,2024-10-24 16:51:39
1402,72,15,16,,,126.81192505217253,37.20628019971986,126.81736870800053,37.20678326987883,2024-10-24 16:52:01
1403,72,56,16,,,126.8118298993996,37.206436187984025,126.83578756615094,37.20546355170289,2024-10-24 16:52:05
1404,11,33,16,,,126.8133710085448,37.20781298765501,126.8292051895413,37.20074260745268,2024-10-24 16:52:22
1405,69,30,16,,,126.83732025056608,37.20759765986316,126.83241777556178,37.199362271226796,2024-10-24 16:53:32
1406,20,17,16,,,126.81519478323759,37.19145192959224,126.82707410558898,37.197681693433864,2024-10-24 16:54:00
1407,33,58,16,,,126.82950062572067,37.20098536055105,126.83595013806605,37.20839681928509,2024-10-24 16:54:08
1408,70,19,16,,,126.83820009810971,37.21042122585159,126.82834554077702,37.19561243417857,2024-10-24 16:54:32
1409,10,40,16,,,126.81782393868868,37.209468725369604,126.83170503681278,37.19318410896383,2024-10-24 16:54:35
1410,58,33,16,,,126.83506767009602,37.2089430706241,126.82937971204747,37.201540108715534,2024-10-24 16:56:14
1411,72,70,16,,,126.81120546180686,37.2068311629452,126.83755393232548,37.20870832720023,2024-10-24 16:56:26
1412,56,17,16,,,126.83526494458945,37.2047793766393,126.82617088541181,37.19771378534259,2024-10-24 16:56:40
1413,19,10,16,,,126.82897392297163,37.194798367822415,126.81766267372343,37.208422728168614,2024-10-24 16:56:49
1414,20,7,16,,,126.81565763016134,37.192617452750994,126.82675047275175,37.208511268222274,2024-10-24 16:56:58
1415,42,37,16,,,126.8313101139704,37.19582503784534,126.82071585509227,37.19685215171212,2024-10-24 16:56:59
1416,63,51,16,,,126.83458131394619,37.21055555051255,126.82056053564249,37.21088834994439,2024-10-24 16:57:31
1417,59,33,16,,,126.83289259555964,37.20646224234048,126.82842492792314,37.20123025035438,2024-10-24 16:58:11
1418,46,56,16,,,126.83092422891545,37.21178409828054,126.83551360250817,37.206432428587,2024-10-24 16:58:23
1419,15,40,16,,,126.81645750284923,37.20657355928893,126.83150810063225,37.19416620388681,2024-10-24 16:59:13
1420,56,41,17,,,126.83587463083313,37.205549213614056,126.83521380048472,37.197806730402995,2024-10-24 17:00:21
1421,37,51,17,,,126.82121498641496,37.196767074413565,126.82043222578966,37.210803001590186,2024-10-24 17:00:54
1422,59,46,17,,,126.83332001118458,37.20661834395016,126.8292486285835,37.211287661755755,2024-10-24 17:01:16
1423,42,70,17,,,126.83118258415749,37.19595940225054,126.83860448759141,37.208666550436625,2024-10-24 17:01:17
1424,32,57,17,,,126.83132510713743,37.20245119638826,126.8317932984585,37.205121106092626,2024-10-24 17:01:24
1425,4,1,17,,,126.82244982219056,37.20953127577571,126.81692995511882,37.198330538334076,2024-10-24 17:01:34
1426,47,27,17,,,126.82720090491203,37.21146076701984,126.82608292325205,37.198812997321504,2024-10-24 17:02:10
1427,58,33,17,,,126.83436856389604,37.208504209599944,126.82906319289874,37.20027563204898,2024-10-24 17:02:44
1428,54,17,17,,,126.83200598102117,37.21020808594823,126.82581639190266,37.196005758943755,2024-10-24 17:02:51
1429,48,66,17,,,126.83054887804201,37.21528406349304,126.83807661217769,37.20470057696673,2024-10-24 17:03:11
1430,56,41,17,,,126.83579141577363,37.206156039179035,126.83438067088734,37.19709342905062,2024-10-24 17:03:15
1431,58,33,17,,,126.83474340739684,37.209332295912674,126.8286804276431,37.200232747464085,2024-10-24 17:03:19
1432,41,70,17,,,126.8334411273703,37.196863655390764,126.8376823091044,37.210234788358896,2024-10-24 17:03:28
1433,59,33,17,,,126.83249115514342,37.20829236321105,126.82931955097975,37.20116690001151,2024-10-24 17:03:36
1434,17,70,17,,,126.82547734394261,37.19622936133273,126.83823065892429,37.209059977225905,2024-10-24 17:03:43
1435,70,11,17,,,126.83763372077863,37.20950787231865,126.81509822304415,37.207724614228184,2024-10-24 17:04:28
1436,61,14,17,,,126.833334139725,37.216438831188434,126.81856099549124,37.20740760098461,2024-10-24 17:05:46
1437,37,51,17,,,126.82028849850317,37.19667378269102,126.81872643524072,37.20964321413514,2024-10-24 17:05:58
1438,58,33,17,,,126.83495031918754,37.208661855029604,126.82945780288627,37.19990751572054,2024-10-24 17:08:06
1439,55,12,17,,,126.82986476638168,37.20980970666208,126.8197854779067,37.20462016135192,2024-10-24 17:08:23
1440,33,56,17,,,126.82891509068288,37.201034410738956,126.83476419332162,37.205140226303286,2024-10-24 17:08:43
1441,58,33,17,,,126.8351594504396,37.209394718215194,126.8297032147878,37.200724065077544,2024-10-24 17:08:49
1442,58,33,17,,,126.83502540764333,37.2084111607452,126.82936678458373,37.20040437129698,2024-10-24 17:08:52
1443,11,67,17,,,126.8139524504682,37.20777794533811,126.83468282116745,37.203784257498064,2024-10-24 17:09:40
1444,20,4,17,,,126.81485658494688,37.19169434471039,126.82151691874017,37.20942139729119,2024-10-24 17:10:06
1445,56,17,17,,,126.83496803025628,37.20614933181028,126.82568160811152,37.197344071723975,2024-10-24 17:10:20
1446,37,72,17,,,126.82115127856414,37.197901166074644,126.81068112270705,37.20714609574859,2024-10-24 17:10:24
1447,33,56,17,,,126.82936883079967,37.20152711808969,126.83407666991182,37.20593737007555,2024-10-24 17:10:35
1448,15,6,17,,,126.81777579949667,37.206154043034715,126.82369521213808,37.2046624836906,2024-10-24 17:11:15
1449,70,33,17,,,126.83789380445877,37.21010357662407,126.83013725884109,37.200513287777596,2024-10-24 17:11:28
1450,67,10,17,,,126.83404973778495,37.202397927743114,126.81631863185446,37.209874871722505,2024-10-24 17:11:28
1451,20,45,17,,,126.81631457270343,37.19294690954533,126.82539058075983,37.2127081307402,2024-10-24 17:11:29
1452,37,51,17,,,126.82067920562781,37.19814162777169,126.81999414439976,37.21071663557362,2024-10-24 17:12:50
1453,45,64,17,,,126.82504867687237,37.21189426415046,126.84340266613007,37.20384044326952,2024-10-24 17:13:37
1454,44,17,17,,,126.82108831784927,37.18854285618588,126.82566381255432,37.19710375314631,2024-10-24 17:14:08
1455,22,48,17,,,126.81683609213478,37.19542923453664,126.83057640896419,37.214795904520315,2024-10-24 17:14:29
1456,70,42,17,,,126.83783939004235,37.20970984763166,126.8320292497482,37.195206362616084,2024-10-24 17:14:31
1457,58,33,17,,,126.83481107523357,37.20925914343763,126.82965516105644,37.19975742229307,2024-10-24 17:15:53
1458,56,41,17,,,126.83447780069801,37.20534359356303,126.83466550926333,37.19776553380443,2024-10-24 17:15:57
1459,11,17,17,,,126.81403451461925,37.20819899816343,126.82674720253382,37.19698238917055,2024-10-24 17:16:01
1460,69,30,17,,,126.83776631269524,37.20722798275839,126.8322798247867,37.198916887650356,2024-10-24 17:16:21
1461,56,40,17,,,126.83451661388757,37.2063073772664,126.83133729202423,37.19314538966213,2024-10-24 17:16:28
1462,56,17,17,,,126.83485605637335,37.206312546032706,126.82574814303727,37.19634315684151,2024-10-24 17:16:44
1463,47,1,17,,,126.82684264633302,37.210561223684,126.81690518049909,37.19873318099587,2024-10-24 17:17:48
1464,10,17,17,,,126.81691213049572,37.20880923359053,126.82657142560095,37.196266276160955,2024-10-24 17:17:52
1465,13,26,17,,,126.81708630936272,37.203933555493705,126.81797916486154,37.193055206458915,2024-10-24 17:17:58
1466,56,17,17,,,126.83541842013314,37.205387792007755,126.8267356099561,37.19649092705446,2024-10-24 17:18:09
1467,70,17,17,,,126.83799107859416,37.209647679825075,126.82693157604055,37.19597265907449,2024-10-24 17:18:22
1468,56,33,17,,,126.83493207292179,37.20507038832435,126.82899569113704,37.200290287691644,2024-10-24 17:19:22
1469,42,41,17,,,126.83135024460147,37.19518942758536,126.83468502869728,37.197222666721714,2024-10-24 17:19:51
1470,58,33,17,,,126.83571548687138,37.2084305056832,126.8294935218657,37.19995006247583,2024-10-24 17:20:04
1471,69,22,17,,,126.83847740957196,37.20623958386042,126.81499659366254,37.19606114276151,2024-10-24 17:22:07
1472,27,36,17,,,126.8269921674297,37.19863698307198,126.82373337344735,37.19886561116494,2024-10-24 17:22:26
1473,11,58,17,,,126.81358975031945,37.209012926820606,126.83519392707103,37.20809328937571,2024-10-24 17:23:09
1474,42,70,17,,,126.83156615574748,37.195991614532595,126.83818868136782,37.20971484671894,2024-10-24 17:23:28
1475,56,31,17,,,126.83446829119764,37.204658723759955,126.82993112245346,37.19790586910983,2024-10-24 17:23:29
1476,33,56,17,,,126.8284778125005,37.200175503273066,126.83413660069012,37.205649808427836,2024-10-24 17:24:15
1477,37,51,17,,,126.82218702988794,37.19780492829555,126.8203039462176,37.21076959370818,2024-10-24 17:24:37
1478,54,33,17,,,126.8322561344,37.20950753958856,126.82932606661085,37.20054881868452,2024-10-24 17:24:41
1479,58,33,17,,,126.83557314646,37.208409109699005,126.82983817584042,37.200877202284794,2024-10-24 17:25:45
1480,69,72,17,,,126.83713282959566,37.207622429392416,126.81174810932073,37.20681267496521,2024-10-24 17:26:17
1481,32,59,17,,,126.83212533992355,37.201699384095036,126.83296062885158,37.20722391875817,2024-10-24 17:26:29
1482,56,32,17,,,126.83538883415274,37.20609311665762,126.83298307370876,37.20099851601376,2024-10-24 17:26:37
1483,1,8,17,,,126.81700577986749,37.198830063644905,126.82406551122217,37.20771927646015,2024-10-24 17:26:51
1484,32,56,17,,,126.83147938603531,37.20125683252554,126.83470656422502,37.20618467426686,2024-10-24 17:27:13
1485,56,32,17,,,126.83567067907298,37.2061937199621,126.83207409275498,37.20091506656834,2024-10-24 17:27:36
1486,67,13,17,,,126.8338022274018,37.20318444142967,126.81592609720506,37.204629939022055,2024-10-24 17:27:48
1487,42,27,17,,,126.83202504048376,37.19681262567747,126.82673815179054,37.199776737835926,2024-10-24 17:28:22
1488,33,56,17,,,126.828909568409,37.20141929355864,126.83481872600544,37.20581733606931,2024-10-24 17:28:24
1489,24,32,17,,,126.81762194203792,37.19155337506686,126.83118783621744,37.20174272627422,2024-10-24 17:28:25
1490,58,33,17,,,126.83442177183194,37.20910627826273,126.82973657451275,37.19992003082012,2024-10-24 17:28:27
1491,42,70,17,,,126.83078476533794,37.196893674344565,126.83811109282465,37.20978492267835,2024-10-24 17:28:28
1492,58,33,17,,,126.83475248322738,37.208421007467656,126.82898991987297,37.2005705317199,2024-10-24 17:28:30
1493,33,56,17,,,126.82924358636149,37.2004918216734,126.8355343792237,37.20608353929165,2024-10-24 17:29:00
1494,4,41,17,,,126.8214541112138,37.20888583653391,126.83357604609456,37.19811202100696,2024-10-24 17:29:16
1495,56,17,17,,,126.8347273483469,37.20546973813044,126.8271104004051,37.19668714636943,2024-10-24 17:29:16
1496,7,13,17,,,126.82750159788164,37.20874423163145,126.8161291160149,37.20469810725239,2024-10-24 17:29:26
1497,37,51,17,,,126.82197712538262,37.19810778313082,126.81886685184209,37.21049655420025,2024-10-24 17:29:44
1498,19,10,17,,,126.82965653955468,37.19426687685135,126.81689321648831,37.209328083893574,2024-10-24 17:29:47
1499,50,49,17,,,126.82330466839039,37.21209848744593,126.82869877796699,37.214174284649076,2024-10-24 17:29:53
1500,58,33,17,,,126.83542491252857,37.20893048019103,126.82972869062974,37.20139769001102,2024-10-24 17:30:14
1501,42,70,17,,,126.83059249770645,37.19651042203624,126.83720313579414,37.20911555086165,2024-10-24 17:30:36
1502,40,72,17,,,126.83072941968987,37.19347035043416,126.81230954421531,37.20731486299755,2024-10-24 17:30:41
1503,70,33,17,,,126.83844402063457,37.208623113458366,126.82955573321333,37.2015880117495,2024-10-24 17:30:50
1504,31,58,17,,,126.82955331170483,37.19750011657522,126.83604788502753,37.208927293721196,2024-10-24 17:30:55
1505,5,3,17,,,126.82706574722883,37.20587053161882,126.82424670193431,37.20921506253593,2024-10-24 17:30:58
1506,58,33,17,,,126.83562607208133,37.2084053657256,126.82905293749668,37.20155392198647,2024-10-24 17:31:05
1507,30,60,17,,,126.8320941234757,37.1995923272197,126.83380655232499,37.21291732270938,2024-10-24 17:31:25
1508,4,9,17,,,126.82255813112036,37.20808158347729,126.81390460210326,37.2047794188227,2024-10-24 17:31:34
1509,33,56,17,,,126.83012868879952,37.200540493902224,126.83420594278543,37.20559814202329,2024-10-24 17:31:57
1510,46,63,17,,,126.82962954729912,37.2115354787397,126.83439371040976,37.210368528881,2024-10-24 17:33:42
1511,58,33,17,,,126.83565643703122,37.208731575128105,126.82861223855929,37.201000224354075,2024-10-24 17:34:27
1512,33,56,17,,,126.82924132312866,37.20034927255916,126.83528120277984,37.2050913797176,2024-10-24 17:35:02
1513,58,19,17,,,126.83577876491519,37.20862339269384,126.82806216478207,37.194757363822774,2024-10-24 17:35:15
1514,63,31,17,,,126.83487180480475,37.21090919507947,126.82828888853626,37.1970795748869,2024-10-24 17:36:02
1515,11,38,17,,,126.81368465569842,37.20733938329456,126.82415452793074,37.20065944543845,2024-10-24 17:38:11
1516,47,41,17,,,126.82704107968482,37.21029532721181,126.83394628228008,37.196876603706755,2024-10-24 17:38:21
1517,70,61,17,,,126.83699816340668,37.208679399738216,126.83378142629834,37.21622184775968,2024-10-24 17:38:26
1518,56,41,17,,,126.83578380855951,37.20607221353483,126.83492479186752,37.19752699636947,2024-10-24 17:38:36
1519,4,58,17,,,126.82259277565963,37.20791975210956,126.83597305756705,37.208328972072756,2024-10-24 17:38:43
1520,33,56,17,,,126.8284673384169,37.19976123941316,126.834123994051,37.20473310910027,2024-10-24 17:38:48
1521,32,11,17,,,126.83272578345733,37.20100514511854,126.81389181927167,37.208860249242505,2024-10-24 17:38:51
1522,59,12,17,,,126.83299083784581,37.207637996020836,126.81953773093423,37.204406357833975,2024-10-24 17:39:02
1523,58,33,17,,,126.83569072890874,37.208576591504155,126.82948288093273,37.20140981244984,2024-10-24 17:40:09
1524,29,67,17,,,126.8260656258224,37.203258814448866,126.83374214893686,37.20247430096275,2024-10-24 17:40:18
1525,31,48,17,,,126.82874907511352,37.19816629824473,126.8306795630538,37.213831567706166,2024-10-24 17:40:33
1526,10,38,17,,,126.81620073595698,37.208850713527596,126.82383457335665,37.200437217068554,2024-10-24 17:40:46
1527,70,33,17,,,126.83817872879347,37.20904130721349,126.82999915072287,37.201664266601945,2024-10-24 17:40:48
1528,42,70,17,,,126.831981282182,37.196822300738376,126.83858507998596,37.20947646386123,2024-10-24 17:41:06
1529,56,32,17,,,126.83530367163927,37.20594699346774,126.83256235195594,37.20252185451479,2024-10-24 17:42:12
1530,11,32,17,,,126.8152809589995,37.20801900866748,126.8312637022771,37.202089028764064,2024-10-24 17:42:18
1531,56,33,17,,,126.83396451215872,37.20496297397341,126.82949928058092,37.20125898026284,2024-10-24 17:43:23
1532,70,33,17,,,126.83838449637415,37.20954039404596,126.82939515288665,37.19995051692533,2024-10-24 17:43:24
1533,58,33,17,,,126.83501323937911,37.20830549899211,126.82929335551077,37.20152785407969,2024-10-24 17:43:26
1534,56,17,17,,,126.83505784422833,37.204944823493,126.82736571359588,37.19772510619363,2024-10-24 17:43:47
1535,59,15,17,,,126.83183250103129,37.20749648324376,126.81694038053125,37.20676036530542,2024-10-24 17:43:57
1536,10,17,17,,,126.81603081759735,37.20925459056257,126.82605211140559,37.19603605011365,2024-10-24 17:44:11
1537,70,18,17,,,126.83742795888307,37.21010995767204,126.8228890560532,37.19550248443336,2024-10-24 17:44:28
1538,70,33,17,,,126.83681981906255,37.210483692906806,126.82927864589718,37.20153279649645,2024-10-24 17:44:34
1539,33,56,17,,,126.82988662756274,37.200591540752015,126.83399924714085,37.20632873893956,2024-10-24 17:45:09
1540,32,59,17,,,126.8317341394245,37.20093872771682,126.83233853239444,37.20677752011848,2024-10-24 17:45:25
1541,33,58,17,,,126.82992994151427,37.2005656786758,126.83596930332294,37.20814132336205,2024-10-24 17:45:45
1542,57,66,17,,,126.83197875813002,37.20384206398742,126.83658024972455,37.204382966212606,2024-10-24 17:45:54
1543,8,45,17,,,126.82397727669905,37.20632931993888,126.82412185163493,37.213166563030974,2024-10-24 17:46:13
1544,42,60,17,,,126.83228615224851,37.19692553943981,126.8320175586275,37.2124730232512,2024-10-24 17:46:19
1545,56,31,17,,,126.8356558224365,37.206044500081944,126.82871761174289,37.19829338772633,2024-10-24 17:46:28
1546,10,19,17,,,126.81643461244097,37.20913337177098,126.82871277102075,37.194801819667745,2024-10-24 17:47:18
1547,56,32,17,,,126.83519648840428,37.205450795439475,126.83224794513093,37.20252166423788,2024-10-24 17:47:48
1548,19,10,17,,,126.82878170852737,37.195156537798226,126.81744970503966,37.20856324410736,2024-10-24 17:48:24
1549,58,33,17,,,126.83495718537397,37.20831003886678,126.82916404684235,37.199850280087595,2024-10-24 17:48:34
1550,67,66,17,,,126.83446427935495,37.20194422785861,126.83719544150556,37.20354802449604,2024-10-24 17:48:41
1551,56,17,17,,,126.83579601538874,37.20625541302429,126.82603522859003,37.19593919667066,2024-10-24 17:48:59
1552,42,70,17,,,126.83247049059358,37.19653816352735,126.83816494778642,37.21020569079033,2024-10-24 17:49:21
1553,71,60,17,,,126.8396143302293,37.205101614694534,126.83311703988197,37.21287313654319,2024-10-24 17:49:29
1554,58,33,17,,,126.83573270271164,37.208109087175224,126.82913353003161,37.2009947874892,2024-10-24 17:49:41
1555,56,41,17,,,126.83465468744419,37.2047628107702,126.83394474701873,37.19744993434342,2024-10-24 17:49:58
1556,55,6,17,,,126.82929514092471,37.20985350190345,126.82503100421143,37.20386260667859,2024-10-24 17:50:00
1557,43,13,17,,,126.82321835982694,37.18977894528524,126.81588723303348,37.204649575631,2024-10-24 17:50:08
1558,32,59,17,,,126.8316194283841,37.20235921111361,126.83171022090156,37.20774770148102,2024-10-24 17:50:14
1559,58,33,17,,,126.83437773528026,37.20843624191462,126.8300551264493,37.20036308075138,2024-10-24 17:50:29
1560,37,51,17,,,126.82123419165501,37.19762737859142,126.82064250853203,37.21065638787918,2024-10-24 17:50:48
1561,32,58,17,,,126.8313074950934,37.20265536963199,126.83573528031162,37.208055747923375,2024-10-24 17:51:22
1562,72,56,17,,,126.81118789342793,37.20759151026166,126.83455200621093,37.20596747334862,2024-10-24 17:51:23
1563,37,69,17,,,126.82120872484215,37.197350454822036,126.8369264655279,37.205767348936895,2024-10-24 17:52:32
1564,56,17,17,,,126.83403166636509,37.204971568656376,126.82672597179082,37.19728802501171,2024-10-24 17:52:43
1565,53,50,17,,,126.83032674998518,37.206518043384854,126.82302659462835,37.21239528066307,2024-10-24 17:53:21
1566,61,5,17,,,126.83377981118481,37.21523659913622,126.8272365546698,37.20589385159655,2024-10-24 17:53:42
1567,56,17,17,,,126.83579621022082,37.206007316570805,126.82694592316845,37.1966547976203,2024-10-24 17:54:14
1568,32,48,17,,,126.83114067394777,37.20085757476975,126.83019761520175,37.2156476740844,2024-10-24 17:54:29
1569,56,31,17,,,126.83494828643452,37.205963642556505,126.82889422690623,37.19744173448834,2024-10-24 17:54:32
1570,72,41,17,,,126.81200606914165,37.20681260995769,126.83375852139369,37.19688122579141,2024-10-24 17:54:45
1571,11,17,17,,,126.81482239493283,37.20845359744858,126.82591293321192,37.19586066398483,2024-10-24 17:54:46
1572,33,58,17,,,126.82868444815908,37.200040166331966,126.83534118521604,37.20895271324067,2024-10-24 17:55:17
1573,32,59,17,,,126.83137193743462,37.20148297678624,126.83163354248663,37.20763915011025,2024-10-24 17:55:21
1574,11,70,17,,,126.81404709566858,37.20781913461575,126.83862431855188,37.20939970133627,2024-10-24 17:56:59
1575,17,12,17,,,126.8266789238312,37.19761534584999,126.81862525148927,37.20466864086848,2024-10-24 17:58:14
1576,61,22,17,,,126.83280034319279,37.216692686707276,126.81494095130593,37.19462315576614,2024-10-24 17:58:50
1577,6,59,17,,,126.82392508833942,37.20476195771585,126.83221179459487,37.20787066365619,2024-10-24 17:58:50
1578,35,32,17,,,126.81889141271344,37.202320175929,126.83178909345567,37.20078233516,2024-10-24 17:59:30
1579,50,37,17,,,126.82271834595261,37.21153128856066,126.82211401086404,37.197836413545794,2024-10-24 17:59:38
1580,38,48,18,,,126.82331631058926,37.20104534673318,126.82966521192712,37.21380390888451,2024-10-24 18:00:27
1581,10,51,18,,,126.81604974045214,37.20878130386914,126.82053746212702,37.209981658097846,2024-10-24 18:00:38
1582,40,18,18,,,126.83089494461784,37.1926981436353,126.823245237047,37.19512688267142,2024-10-24 18:02:01
1583,55,37,18,,,126.82929393193882,37.20995680485967,126.82092124772358,37.1983288788026,2024-10-24 18:02:11
1584,70,33,18,,,126.8382693500446,37.209015657235035,126.82920172578221,37.20164288562005,2024-10-24 18:02:35
1585,37,51,18,,,126.82210065385144,37.19741546505781,126.82008110586268,37.21069692323096,2024-10-24 18:02:52
1586,17,54,18,,,126.82585471585844,37.19753724512493,126.83251201256274,37.20974934055527,2024-10-24 18:02:58
1587,33,56,18,,,126.82893760709358,37.19978676523009,126.8358282124109,37.20551461554925,2024-10-24 18:03:00
1588,42,70,18,,,126.83172553560182,37.19664155790496,126.83740709869122,37.21024840016467,2024-10-24 18:03:09
1589,30,29,18,,,126.83202741525295,37.19853387091656,126.82720861489487,37.20153209808172,2024-10-24 18:03:44
1590,58,33,18,,,126.83589765158443,37.20789979030603,126.82997517471027,37.201259631194674,2024-10-24 18:04:18
1591,13,5,18,,,126.81705512840186,37.203884021520054,126.82794457596972,37.204470878535524,2024-10-24 18:04:27
1592,19,21,18,,,126.82910532222982,37.19558632770072,126.81882737871535,37.19687106998396,2024-10-24 18:04:58
1593,17,54,18,,,126.82579937308164,37.197603630685094,126.83179757667382,37.20985192376085,2024-10-24 18:05:04
1594,50,47,18,,,126.82154421119435,37.21121869954555,126.82755101738177,37.2115323427127,2024-10-24 18:05:10
1595,69,30,18,,,126.83855708633126,37.20692344957075,126.83213084587418,37.19932355950044,2024-10-24 18:06:28
1596,56,31,18,,,126.8358326060004,37.20530060201828,126.82869951219921,37.1981282922503,2024-10-24 18:07:24
1597,56,33,18,,,126.83474555611421,37.204901194631006,126.82909225917308,37.20115206837307,2024-10-24 18:07:33
1598,54,33,18,,,126.83314749854678,37.20980461836514,126.82963196963338,37.2006653832869,2024-10-24 18:08:45
1599,70,33,18,,,126.83741196265989,37.20928857655572,126.82872304403762,37.19996912403515,2024-10-24 18:09:23
1600,42,33,18,,,126.83081247321718,37.1968808394,126.8293793827999,37.20004506511822,2024-10-24 18:09:51
1601,42,70,18,,,126.83065740180716,37.19577075436448,126.83856443618298,37.210130753138856,2024-10-24 18:10:08
1602,58,19,18,,,126.83416921172454,37.207799832793405,126.82845447842601,37.19423585899926,2024-10-24 18:11:00
1603,58,33,18,,,126.834221104494,37.20890667759603,126.82994552205012,37.200690783065646,2024-10-24 18:11:27
1604,56,33,18,,,126.83501454325874,37.204851545647806,126.82969232247692,37.19972990117259,2024-10-24 18:11:42
1605,8,50,18,,,126.82540707330965,37.20677691966486,126.8229043046553,37.21190711302528,2024-10-24 18:11:50
1606,40,28,18,,,126.83143575276014,37.19297953288143,126.82858132949916,37.20283840328311,2024-10-24 18:11:53
1607,46,70,18,,,126.8299584388591,37.211571821218655,126.83825003294452,37.20992854864622,2024-10-24 18:12:13
1608,32,54,18,,,126.83102380293425,37.20096251790154,126.83285766142154,37.21062007328216,2024-10-24 18:13:08
1609,11,70,18,,,126.81445732534773,37.20857681015904,126.83794901366664,37.20990429650152,2024-10-24 18:13:13
1610,33,70,18,,,126.82899737722477,37.20123631047854,126.8382082963527,37.2098752495767,2024-10-24 18:13:44
1611,58,33,18,,,126.83488236887621,37.20931629570673,126.82849704623759,37.20014286351052,2024-10-24 18:13:46
1612,56,33,18,,,126.83522786949455,37.20510899814494,126.82842917973865,37.19980574172963,2024-10-24 18:14:03
1613,4,54,18,,,126.82235463614653,37.20860464975505,126.83305557854534,37.209225223726165,2024-10-24 18:14:22
1614,68,3,18,,,126.84036593633762,37.20199503809792,126.8258213597904,37.20976524668552,2024-10-24 18:14:55
1615,11,32,18,,,126.81431352859526,37.20772564920422,126.83156073848569,37.20147250307926,2024-10-24 18:15:05
1616,53,69,18,,,126.82918218751152,37.20674357007742,126.83776826182002,37.206191161660044,2024-10-24 18:15:29
1617,72,33,18,,,126.8113044076949,37.20786987176514,126.82939289688167,37.200150280831814,2024-10-24 18:15:38
1618,56,41,18,,,126.83422459415598,37.206414002929094,126.83431127541307,37.19796106694314,2024-10-24 18:16:21
1619,41,56,18,,,126.8339805008431,37.19693523658757,126.83496258318978,37.20498563890658,2024-10-24 18:16:23
1620,58,19,18,,,126.83500852677439,37.20888581768076,126.82842447289228,37.19497640422206,2024-10-24 18:16:32
1621,56,41,18,,,126.8351442027409,37.20500207551261,126.8340051303205,37.197060108506854,2024-10-24 18:17:00
1622,58,17,18,,,126.83422234979965,37.20787339879309,126.82668335269318,37.195823076000444,2024-10-24 18:17:15
1623,51,37,18,,,126.81929361305177,37.20943645688701,126.82182700317531,37.19806822142286,2024-10-24 18:17:49
1624,58,19,18,,,126.83484925344855,37.20776564755675,126.82793507880943,37.194468173623704,2024-10-24 18:18:39
1625,17,54,18,,,126.82644220998469,37.196013075634575,126.8327064022521,37.21018462392473,2024-10-24 18:18:42
1626,56,33,18,,,126.83574652144091,37.205935517568506,126.82999955232525,37.200359346544715,2024-10-24 18:19:39
1627,40,14,18,,,126.83158941200462,37.19318071413443,126.81919084667682,37.208429422784135,2024-10-24 18:19:50
1628,51,37,18,,,126.82023163045588,37.210909811823335,126.8206420315404,37.198114500181624,2024-10-24 18:20:39
1629,58,33,18,,,126.83532949017,37.208346627971075,126.82906906444,37.199763112254,2024-10-24 18:21:02
1630,70,11,18,,,126.83767572894202,37.20901232195006,126.81348469053137,37.207744224777784,2024-10-24 18:21:05
1631,54,33,18,,,126.83252947437282,37.210885077829396,126.82914964910677,37.20154964241976,2024-10-24 18:21:22
1632,50,37,18,,,126.82142881056538,37.21104655260652,126.82079199642344,37.19730698070043,2024-10-24 18:21:38
1633,69,30,18,,,126.83792699571985,37.20767975834283,126.83081034242598,37.19806595573511,2024-10-24 18:21:42
1634,60,56,18,,,126.83227524433495,37.21313331991354,126.83499213501499,37.2050571579237,2024-10-24 18:22:01
1635,37,72,18,,,126.8210125702743,37.19803814632568,126.812294035796,37.20697662720734,2024-10-24 18:22:37
1636,50,37,18,,,126.82231447614977,37.21135271836234,126.82186975559772,37.19724150926187,2024-10-24 18:22:57
1637,19,10,18,,,126.8295094567104,37.195699863782245,126.81648366444445,37.20937761242908,2024-10-24 18:23:15
1638,54,33,18,,,126.83251018305619,37.20987311897755,126.82912101081173,37.20103730847613,2024-10-24 18:24:12
1639,11,17,18,,,126.81495847290017,37.207640156669434,126.82702244843503,37.197020113357986,2024-10-24 18:24:25
1640,51,34,18,,,126.8190952779414,37.20949595190061,126.82136662047063,37.20244753940114,2024-10-24 18:24:35
1641,10,38,18,,,126.81672610859374,37.20999319600992,126.82470477996425,37.20067408571511,2024-10-24 18:25:41
1642,56,31,18,,,126.83469000200121,37.20505132853005,126.82846689862644,37.19791926680013,2024-10-24 18:26:01
1643,31,58,18,,,126.82894643275185,37.19777870382485,126.83433563532445,37.208699076010824,2024-10-24 18:26:12
1644,49,64,18,,,126.8275995041629,37.21309994342934,126.84183097540591,37.203007644284206,2024-10-24 18:27:01
1645,11,58,18,,,126.81388060636016,37.20747902637195,126.834474033662,37.208459305879636,2024-10-24 18:27:02
1646,58,19,18,,,126.83463429093536,37.207534203921675,126.82813915026315,37.195453027967275,2024-10-24 18:27:04
1647,62,72,18,,,126.83706719461398,37.21266336912944,126.8110820595372,37.206601537953475,2024-10-24 18:27:27
1648,51,55,18,,,126.82033838737992,37.21131101914507,126.82901033090059,37.20962812862871,2024-10-24 18:27:34
1649,31,57,18,,,126.82928937297667,37.19731650960665,126.83124463977173,37.20488156906547,2024-10-24 18:28:03
1650,32,59,18,,,126.83224092754315,37.201709303328,126.83172299297645,37.2067496244109,2024-10-24 18:28:44
1651,58,33,18,,,126.83416219939798,37.207514542941844,126.82967419242878,37.20130683596268,2024-10-24 18:28:47
1652,62,47,18,,,126.83747079183053,37.21159699153312,126.82687267851833,37.210560288586166,2024-10-24 18:29:12
1653,54,33,18,,,126.83278878205921,37.210093418364934,126.82946929027464,37.200415183199006,2024-10-24 18:29:56
1654,50,37,18,,,126.82183972932872,37.21153815511628,126.82128527084357,37.19650588955443,2024-10-24 18:30:20
1655,56,33,18,,,126.83470720353722,37.20477085937885,126.82936598638703,37.201280914529335,2024-10-24 18:30:25
1656,17,54,18,,,126.82618933721558,37.19640212417107,126.83343208534238,37.2098628861245,2024-10-24 18:30:38
1657,37,51,18,,,126.82073878474688,37.197671443746316,126.82059984120566,37.21088856148527,2024-10-24 18:31:50
1658,34,40,18,,,126.82137042875446,37.20325377136205,126.83225287262809,37.19345671939316,2024-10-24 18:31:54
1659,33,56,18,,,126.82900007400863,37.200283131693325,126.8339248933928,37.20538057928329,2024-10-24 18:32:03
1660,56,33,18,,,126.83430672717786,37.204696596303286,126.82908606160623,37.20148847348483,2024-10-24 18:33:21
1661,56,41,18,,,126.835432451307,37.205465475609685,126.83397326445798,37.19643841652794,2024-10-24 18:33:41
1662,47,3,18,,,126.82768780877275,37.21079465224556,126.82542166016924,37.21004230583732,2024-10-24 18:33:46
1663,56,33,18,,,126.83482664258287,37.20607646338758,126.83029644360374,37.20006918832221,2024-10-24 18:34:18
1664,56,33,18,,,126.83456227384887,37.20466501347073,126.82909648392351,37.2014854077564,2024-10-24 18:35:23
1665,70,42,18,,,126.8376485200012,37.2101230888413,126.83205198567903,37.19674081423677,2024-10-24 18:35:33
1666,58,33,18,,,126.83556590033565,37.20874067898064,126.82909551015548,37.2014598026246,2024-10-24 18:35:41
1667,58,19,18,,,126.83446998621643,37.20894154756826,126.8278886103546,37.19537761306898,2024-10-24 18:36:29
1668,10,17,18,,,126.8177636176963,37.20850055991323,126.82648291810284,37.197072173183855,2024-10-24 18:36:44
1669,54,17,18,,,126.83311690912726,37.210708717092324,126.826989449223,37.19669244251613,2024-10-24 18:37:43
1670,31,54,18,,,126.82979007989661,37.19695469192531,126.8329064923772,37.2099968406199,2024-10-24 18:38:10
1671,33,58,18,,,126.82915839565825,37.20138318727542,126.83453382327622,37.207849468861426,2024-10-24 18:38:11
1672,56,33,18,,,126.83482913882818,37.20640139807588,126.8297888547992,37.200818048368944,2024-10-24 18:38:51
1673,20,5,18,,,126.81661848034801,37.19169668898694,126.82683223943461,37.20604944547079,2024-10-24 18:39:31
1674,69,63,18,,,126.83761630682424,37.20662153841127,126.83536428930718,37.21175805805308,2024-10-24 18:39:56
1675,33,58,18,,,126.82860347414615,37.20098113647664,126.83577144704518,37.207933429313066,2024-10-24 18:40:02
1676,51,37,18,,,126.82069147494336,37.21141538054109,126.821740388679,37.197928370424485,2024-10-24 18:41:14
1677,35,10,18,,,126.81868105297062,37.201572621586735,126.81776238806947,37.20854795813274,2024-10-24 18:42:03
1678,17,56,18,,,126.82636555228662,37.195963092436344,126.83509379124928,37.20625903744128,2024-10-24 18:42:41
1679,18,72,18,,,126.82440225450942,37.196559114193754,126.81158902019999,37.20667030920624,2024-10-24 18:42:45
1680,56,31,18,,,126.83573623409872,37.20624121084804,126.82887199304893,37.19799804310724,2024-10-24 18:42:59
1681,50,65,18,,,126.82193222407491,37.210656831695786,126.83369726590337,37.19946705280315,2024-10-24 18:43:56
1682,6,27,18,,,126.82461025614658,37.20497964842538,126.82564869996601,37.19859361723013,2024-10-24 18:44:07
1683,47,22,18,,,126.82696448796813,37.20992034491023,126.81661917395286,37.19466814074811,2024-10-24 18:44:21
1684,17,54,18,,,126.82728313810496,37.19587336583668,126.83366210137775,37.21005857083706,2024-10-24 18:44:22
1685,31,59,18,,,126.82965607954525,37.19872545534311,126.83210403490247,37.20728593112403,2024-10-24 18:44:26
1686,52,27,18,,,126.83118132631358,37.217584906674574,126.82642455331013,37.19888362102105,2024-10-24 18:44:39
1687,40,63,18,,,126.8305486808689,37.19387472605647,126.83496759397448,37.212146658417076,2024-10-24 18:44:42
1688,63,37,18,,,126.83565733920945,37.21190459999195,126.8203954092042,37.19716156363317,2024-10-24 18:44:55
1689,56,41,18,,,126.83504596023992,37.205009807930765,126.83512717504969,37.19698305791396,2024-10-24 18:44:59
1690,56,33,18,,,126.8351161486055,37.20559247934151,126.82948925728421,37.201544091373805,2024-10-24 18:45:22
1691,72,70,18,,,126.81224477076445,37.208152754627164,126.83726362130822,37.20993208539564,2024-10-24 18:45:23
1692,56,41,18,,,126.83530481769326,37.20647551196009,126.83367031006485,37.19764077405715,2024-10-24 18:45:30
1693,58,19,18,,,126.8351025979439,37.2089560066578,126.82896304619932,37.19417130309954,2024-10-24 18:45:45
1694,58,33,18,,,126.83501719575672,37.208523252212004,126.82958385420078,37.19976129490934,2024-10-24 18:46:04
1695,58,19,18,,,126.83489539060513,37.20895812688438,126.82957773540844,37.195526743631454,2024-10-24 18:46:07
1696,17,12,18,,,126.82734524094982,37.195815875251505,126.81947632468139,37.20514413059633,2024-10-24 18:46:17
1697,17,54,18,,,126.82631347169367,37.1968898721961,126.83295382099718,37.21106925523165,2024-10-24 18:46:28
1698,42,68,18,,,126.83174998218223,37.19586390375933,126.83931994535381,37.20312680750673,2024-10-24 18:47:24
1699,10,40,18,,,126.81625970484231,37.21030585334244,126.83071272456522,37.19304085917789,2024-10-24 18:47:35
1700,11,33,18,,,126.81374408389478,37.20867106932974,126.82995652031873,37.200057956452405,2024-10-24 18:48:03
1701,70,10,18,,,126.83728394500814,37.21051629102746,126.81780373596555,37.20957095968891,2024-10-24 18:48:06
1702,69,30,18,,,126.83857531711656,37.20679607834103,126.83111796305033,37.19963185883599,2024-10-24 18:48:38
1703,46,26,18,,,126.8307129539554,37.21269301912677,126.81839092896216,37.19327622276135,2024-10-24 18:51:17
1704,33,56,18,,,126.82948160522028,37.20038127014055,126.83419997907492,37.205725206705466,2024-10-24 18:51:29
1705,57,36,18,,,126.83275650484109,37.20377257012429,126.82384690580862,37.19815635861803,2024-10-24 18:51:34
1706,69,30,18,,,126.83725834763624,37.20711115676855,126.83254297889378,37.19920163567192,2024-10-24 18:52:39
1707,54,33,18,,,126.83227116284121,37.21057451170731,126.82944942823245,37.200839693035505,2024-10-24 18:53:09
1708,44,31,18,,,126.82091681364274,37.188919276342546,126.82910744888093,37.19698003172056,2024-10-24 18:53:33
1709,56,41,18,,,126.83513478473154,37.20523781674779,126.83358605290184,37.19781592480844,2024-10-24 18:54:05
1710,41,70,18,,,126.83499912791706,37.19819134510721,126.83694948823798,37.210296304971635,2024-10-24 18:54:32
1711,17,54,18,,,126.82688050780418,37.195820384119344,126.8325195289383,37.21114966571606,2024-10-24 18:55:08
1712,10,18,18,,,126.81690053065348,37.20997037553825,126.82466531739725,37.19493582377445,2024-10-24 18:56:48
1713,32,58,18,,,126.83214565003527,37.20113373380532,126.83464565167364,37.20873338207343,2024-10-24 18:57:23
1714,50,37,18,,,126.82248047812013,37.21124872838575,126.82042880296585,37.19669226434221,2024-10-24 18:57:30
1715,40,45,18,,,126.83052912328381,37.192823475107346,126.82433879247137,37.21324452743418,2024-10-24 18:57:32
1716,23,32,18,,,126.82137872761503,37.19217984937611,126.83260399996824,37.20087050918889,2024-10-24 18:57:52
1717,42,70,18,,,126.83171904830226,37.19613193211771,126.83827333028607,37.20951751057122,2024-10-24 18:58:07
1718,15,6,18,,,126.81683282928394,37.20597888754622,126.8237763857412,37.20469963828055,2024-10-24 18:58:24
1719,56,33,18,,,126.83564962784351,37.20505587867682,126.82995006558379,37.20028529721692,2024-10-24 18:59:05
1720,70,33,18,,,126.83737498608576,37.20919690900247,126.82983526114201,37.200952987007575,2024-10-24 18:59:53
1721,19,28,19,,,126.82941367638789,37.19422857007976,126.82937203009094,37.203316999632605,2024-10-24 19:00:06
1722,31,24,19,,,126.82948683780955,37.19776412415733,126.81890556826882,37.19116298904808,2024-10-24 19:00:12
1723,72,67,19,,,126.81206831247226,37.20754931877204,126.83396974021747,37.20314235016371,2024-10-24 19:00:38
1724,11,32,19,,,126.81478664853599,37.208980443571186,126.83180833629085,37.201495020349924,2024-10-24 19:00:52
1725,70,33,19,,,126.8373137285708,37.21046756470109,126.82937721370837,37.20020603333149,2024-10-24 19:01:46
1726,10,17,19,,,126.8167293409836,37.21024028872439,126.82634704641546,37.19652507521913,2024-10-24 19:05:27
1727,69,30,19,,,126.8379473058825,37.207613196247586,126.83106153272965,37.199811327424904,2024-10-24 19:05:41
1728,58,33,19,,,126.83583597968155,37.208583647021264,126.83027413024706,37.19973579342339,2024-10-24 19:05:59
1729,56,40,19,,,126.83563852128704,37.20619838091518,126.83087717493034,37.19360051976827,2024-10-24 19:06:07
1730,54,33,19,,,126.83317642138448,37.2094552758607,126.82992441695032,37.20082655022389,2024-10-24 19:06:38
1731,70,33,19,,,126.83875628017091,37.20929384126235,126.82852427883635,37.200423047567156,2024-10-24 19:06:41
1732,56,41,19,,,126.83533626600062,37.20529337724234,126.83431082246088,37.19792037625535,2024-10-24 19:06:47
1733,56,19,19,,,126.83588569808384,37.205999554904984,126.82976698542745,37.194330039675584,2024-10-24 19:06:57
1734,20,47,19,,,126.81500168145567,37.19318376022615,126.82728089247811,37.21043338710505,2024-10-24 19:07:27
1735,58,32,19,,,126.83533128468243,37.207819982948585,126.83210866930678,37.20110637983463,2024-10-24 19:08:00
1736,56,33,19,,,126.83488598149565,37.20512463013515,126.83022338410491,37.2010417510762,2024-10-24 19:08:06
1737,41,28,19,,,126.8350812727005,37.19752690801456,126.82952226300854,37.203748416802775,2024-10-24 19:08:24
1738,70,42,19,,,126.83827538802906,37.20889099204331,126.83219357035529,37.19572849226244,2024-10-24 19:08:25
1739,12,17,19,,,126.81937862876315,37.204558313697376,126.826278215337,37.19615809664227,2024-10-24 19:08:29
1740,32,56,19,,,126.83124501484859,37.20079786557631,126.835810853587,37.20570417797078,2024-10-24 19:09:28
1741,68,52,19,,,126.84049610168532,37.201772262885314,126.83086329401311,37.21847445858451,2024-10-24 19:09:40
1742,70,21,19,,,126.83712571601912,37.20937890224389,126.8184439354631,37.19732777082592,2024-10-24 19:11:11
1743,38,44,19,,,126.82448833848026,37.201826217482754,126.82045959605937,37.18815680538662,2024-10-24 19:11:38
1744,17,54,19,,,126.82573726666101,37.19752165257521,126.83305556202247,37.21004721743982,2024-10-24 19:12:53
1745,69,30,19,,,126.83772153885465,37.20715260521624,126.83179789971791,37.19922647099112,2024-10-24 19:13:09
1746,19,34,19,,,126.828871416624,37.195007771276074,126.82184232215386,37.20227472325536,2024-10-24 19:13:31
1747,69,30,19,,,126.838059604339,37.205864831372494,126.83216865069711,37.19992164730662,2024-10-24 19:13:54
1748,5,14,19,,,126.82642480081785,37.204467138714094,126.82006149438868,37.20770169945485,2024-10-24 19:13:56
1749,5,45,19,,,126.82623377819577,37.20468863697125,126.82468723134205,37.21303161417118,2024-10-24 19:13:57
1750,65,61,19,,,126.83478532413288,37.20038743023646,126.83219389798089,37.214914460245474,2024-10-24 19:14:19
1751,20,15,19,,,126.81478739332036,37.19181831232592,126.8173049987348,37.20588841599433,2024-10-24 19:14:30
1752,68,54,19,,,126.83938563751346,37.20235641070374,126.83251591844828,37.21065168330248,2024-10-24 19:14:44
1753,12,19,19,,,126.81975056638915,37.20533120243203,126.82928444604944,37.19473198613281,2024-10-24 19:17:25
1754,20,18,19,,,126.81641266028448,37.193412930492926,126.8245471821508,37.19557045349004,2024-10-24 19:17:42
1755,72,33,19,,,126.8124350076363,37.20739093596266,126.8302072939887,37.200007277697566,2024-10-24 19:18:30
1756,21,17,19,,,126.81763601450359,37.19547139771781,126.8263760081519,37.196239200499356,2024-10-24 19:18:53
1757,40,72,19,,,126.83084199993517,37.19274064996533,126.81243688891718,37.20712860670989,2024-10-24 19:19:08
1758,54,33,19,,,126.83351801599714,37.20975820265995,126.82941029344109,37.20106800020567,2024-10-24 19:19:19
1759,19,30,19,,,126.82820745763085,37.195500913228955,126.83218313922262,37.198680231546,2024-10-24 19:19:41
1760,33,70,19,,,126.8297381573243,37.20088013048311,126.83857120121249,37.2102792467453,2024-10-24 19:20:03
1761,10,40,19,,,126.81631577453066,37.20952862906293,126.83084132629413,37.19375319436568,2024-10-24 19:20:29
1762,36,1,19,,,126.82493764332108,37.19916904056811,126.81604987164846,37.19905172283582,2024-10-24 19:20:34
1763,48,68,19,,,126.83050603942269,37.21386764358034,126.84079054507224,37.202867081619424,2024-10-24 19:21:13
1764,59,33,19,,,126.83341968660847,37.207423110117155,126.82939069235108,37.20037001711584,2024-10-24 19:21:21
1765,49,29,19,,,126.82834449473212,37.214205317781364,126.82610610070932,37.203268367893926,2024-10-24 19:21:49
1766,11,17,19,,,126.81426442821454,37.20753044601519,126.82578487107546,37.19607908915309,2024-10-24 19:22:44
1767,70,33,19,,,126.83711139246498,37.21009567120085,126.82886156695119,37.201261977596936,2024-10-24 19:22:46
1768,45,51,19,,,126.82593872670374,37.21306279839932,126.8189268771954,37.210908624634804,2024-10-24 19:23:13
1769,28,17,19,,,126.83017203982713,37.20448021069203,126.82673577601693,37.19765162233507,2024-10-24 19:23:25
1770,47,35,19,,,126.82715217998538,37.210101970867214,126.81949765065343,37.201733748619944,2024-10-24 19:25:06
1771,23,32,19,,,126.8217872288204,37.1919990917858,126.83286348253144,37.202269232662246,2024-10-24 19:25:38
1772,30,49,19,,,126.83272565495083,37.19915254688531,126.82836199886422,37.21440891084122,2024-10-24 19:25:50
1773,56,41,19,,,126.83519792300608,37.20561130224755,126.83437864652568,37.1970632682361,2024-10-24 19:26:12
1774,17,54,19,,,126.82657794030354,37.19656497408462,126.83270896251227,37.210995465793836,2024-10-24 19:26:14
1775,72,57,19,,,126.81225403714176,37.20653734704251,126.83280092147362,37.204917744768636,2024-10-24 19:26:35
1776,58,19,19,,,126.83417257224615,37.20908439047661,126.82893902269814,37.195146949084766,2024-10-24 19:27:40
1777,18,61,19,,,126.82456988052493,37.19619391709463,126.83233897822615,37.21656382505743,2024-10-24 19:28:05
1778,11,58,19,,,126.81526689652554,37.20913770328719,126.83511218169794,37.20820494439752,2024-10-24 19:28:23
1779,10,17,19,,,126.81748003332189,37.209348847448275,126.82704482706204,37.19729028917042,2024-10-24 19:28:51
1780,56,31,19,,,126.83424517554523,37.20600180982404,126.82880138897782,37.196962948655774,2024-10-24 19:29:09
1781,55,72,19,,,126.82956871259849,37.209504427530554,126.81107814009577,37.206465647838435,2024-10-24 19:30:09
1782,36,12,19,,,126.82390937093241,37.199414434789695,126.81873412357601,37.204869997490874,2024-10-24 19:30:27
1783,17,54,19,,,126.82570035422609,37.197658170684925,126.83282857201783,37.2096883040979,2024-10-24 19:31:05
1784,50,37,19,,,126.8230116700929,37.21113236612532,126.82069855514352,37.19701725081622,2024-10-24 19:31:26
1785,10,62,19,,,126.81657662860833,37.20894995690595,126.83800492052575,37.212479667812275,2024-10-24 19:31:39
1786,26,37,19,,,126.81856188733161,37.19404151385372,126.82162446666528,37.197096704113676,2024-10-24 19:32:18
1787,54,24,19,,,126.83318731679466,37.21117410309379,126.8181853160351,37.19049467486288,2024-10-24 19:32:19
1788,56,32,19,,,126.834013673939,37.20500218505172,126.83229942137929,37.20270705824144,2024-10-24 19:32:20
1789,33,52,19,,,126.82963473019797,37.200695610867605,126.83093515175467,37.21656587094774,2024-10-24 19:32:26
1790,33,56,19,,,126.83002847337788,37.20163952579135,126.8353772851941,37.20645332481703,2024-10-24 19:32:30
1791,72,30,19,,,126.81133966757291,37.2063670831886,126.8313390382767,37.19907524491828,2024-10-24 19:33:25
1792,17,58,19,,,126.82672259156618,37.197705007103615,126.83474903720224,37.20822423182283,2024-10-24 19:34:10
1793,58,33,19,,,126.8360656318001,37.20805581044675,126.83026847957505,37.200008989261406,2024-10-24 19:34:33
1794,68,60,19,,,126.83959441070206,37.2016827791683,126.8326962680142,37.21381653154616,2024-10-24 19:37:32
1795,72,60,19,,,126.81234112718192,37.20736523603102,126.83215129366928,37.21296293541658,2024-10-24 19:37:39
1796,72,70,19,,,126.81074759640059,37.20764684682368,126.83876773289269,37.209990367844284,2024-10-24 19:38:44
1797,19,15,19,,,126.82855497474331,37.19558821098692,126.8172841295098,37.20580838415919,2024-10-24 19:39:05
1798,56,41,19,,,126.83529618141264,37.20560191602509,126.83442155833917,37.196385061755,2024-10-24 19:39:05
1799,10,17,19,,,126.81728138465705,37.209234804724474,126.82696819729712,37.196313361811114,2024-10-24 19:39:21
1800,23,7,19,,,126.81989715382426,37.192371536377735,126.8278850053819,37.20745369289302,2024-10-24 19:39:45
1801,56,33,19,,,126.83420586635205,37.20551056217198,126.82880427538421,37.201110883699386,2024-10-24 19:40:30
1802,42,70,19,,,126.83123733541693,37.19524472721249,126.83830466883852,37.210359863550224,2024-10-24 19:41:00
1803,33,56,19,,,126.82901094129342,37.20125370362072,126.83579168493041,37.206521088798716,2024-10-24 19:41:49
1804,12,26,19,,,126.81964032240313,37.20516564046476,126.81920618174247,37.193829503247315,2024-10-24 19:43:20
1805,11,70,19,,,126.81346837996395,37.209232177441805,126.8388036781376,37.21030952846068,2024-10-24 19:43:45
1806,56,41,19,,,126.8349282267037,37.205980503712624,126.83438176414457,37.196242008801406,2024-10-24 19:43:47
1807,56,33,19,,,126.83546042932699,37.20613331976188,126.8296557451636,37.20164811078449,2024-10-24 19:44:33
1808,56,41,19,,,126.83393193454317,37.20553315585495,126.833479903453,37.19642921054715,2024-10-24 19:44:35
1809,58,33,19,,,126.83473427942468,37.20745882573076,126.82935315952075,37.20155821209615,2024-10-24 19:44:55
1810,17,54,19,,,126.82543029422123,37.197452672041415,126.832960683206,37.21073541886489,2024-10-24 19:45:14
1811,50,37,19,,,126.82182365728677,37.21170374895257,126.8213373325538,37.197214228478835,2024-10-24 19:45:18
1812,50,37,19,,,126.82258230499949,37.21141208273627,126.82159144807565,37.196715345108345,2024-10-24 19:46:25
1813,70,33,19,,,126.8369506519175,37.20963626686841,126.8290399123468,37.200946137842344,2024-10-24 19:46:41
1814,51,9,19,,,126.82068836195656,37.209666317155595,126.81405909777484,37.2058549514457,2024-10-24 19:47:00
1815,17,12,19,,,126.82680056229117,37.197122491439146,126.81877007297598,37.20507932874862,2024-10-24 19:48:14
1816,38,56,19,,,126.82502685522866,37.20037815600485,126.8346757093394,37.20529592088306,2024-10-24 19:48:51
1817,10,4,19,,,126.81685821066286,37.20873333486316,126.8217618102265,37.208896753541666,2024-10-24 19:49:15
1818,42,70,19,,,126.83183508826234,37.1958786941652,126.83853101522253,37.209663329188515,2024-10-24 19:49:29
1819,33,56,19,,,126.82920288569596,37.20031683326328,126.83470906008979,37.20585644532558,2024-10-24 19:50:13
1820,16,47,19,,,126.82345291589,37.1923672768107,126.82724826397923,37.2116900730285,2024-10-24 19:50:13
1821,19,26,19,,,126.8284823898042,37.19483076919654,126.81898592298602,37.194501741564196,2024-10-24 19:51:04
1822,56,17,19,,,126.83521120569712,37.205034229429494,126.82711790203797,37.196494091794314,2024-10-24 19:51:05
1823,33,45,19,,,126.82905113316768,37.201295886381665,126.82538205761279,37.21281833935281,2024-10-24 19:51:17
1824,22,61,19,,,126.81501495035927,37.1944637580388,126.8321348833994,37.216328586533145,2024-10-24 19:51:55
1825,58,42,19,,,126.83520128426623,37.20804544825816,126.83153176950717,37.19539510324826,2024-10-24 19:53:26
1826,35,32,19,,,126.8190330881037,37.20268696362504,126.83259286729053,37.20100222743074,2024-10-24 19:53:34
1827,10,28,19,,,126.81753403571042,37.209302263786995,126.82870481115403,37.2033361149961,2024-10-24 19:54:10
1828,42,70,19,,,126.83229476507104,37.19649896225198,126.83835140797254,37.21040308920904,2024-10-24 19:54:18
1829,58,33,19,,,126.83421136579113,37.208087246767285,126.82961955437817,37.20081594492353,2024-10-24 19:54:38
1830,50,37,19,,,126.82144806190331,37.212156016258305,126.8212655026557,37.19706388242768,2024-10-24 19:54:42
1831,42,70,19,,,126.83106907175416,37.19558212804496,126.83704149824385,37.20912148230405,2024-10-24 19:55:11
1832,51,71,19,,,126.82035043413632,37.21008567822359,126.84052072983779,37.204409882702905,2024-10-24 19:55:18
1833,51,71,19,,,126.82016611589685,37.209869532597104,126.84060749110743,37.205834972241256,2024-10-24 19:55:19
1834,58,19,19,,,126.8342609427947,37.20851882992395,126.82894415269006,37.195709116636394,2024-10-24 19:55:26
1835,33,54,19,,,126.82958182797886,37.20031015000812,126.8336110835778,37.21094034347743,2024-10-24 19:55:28
1836,58,23,19,,,126.83438125812644,37.2090387899871,126.82174479722293,37.19229909842408,2024-10-24 19:55:53
1837,51,34,19,,,126.8192776549575,37.20985079925652,126.82082576306215,37.203987238161375,2024-10-24 19:56:34
1838,54,17,19,,,126.83171502006732,37.20951186094412,126.82625049438974,37.19655421138763,2024-10-24 19:57:55
1839,54,33,19,,,126.83228003643995,37.21106262535161,126.82946858819547,37.20097505083474,2024-10-24 19:58:00
1840,53,18,19,,,126.82954605319735,37.20627190760044,126.82403973996384,37.196657771674836,2024-10-24 19:58:29
1841,4,43,19,,,126.82306293119179,37.208668335650714,126.82425773527132,37.18916264787389,2024-10-24 19:59:22
1842,2,23,19,,,126.82157513736604,37.20563260060218,126.81982552045505,37.19167784382234,2024-10-24 19:59:34
1843,10,40,20,,,126.81741536054037,37.20976658248571,126.83081519534389,37.19379923380048,2024-10-24 20:00:29
1844,14,67,20,,,126.8194551204418,37.20680668081171,126.83471303713156,37.20199671185284,2024-10-24 20:00:36
1845,54,33,20,,,126.83188456631376,37.21110870987604,126.82899105321164,37.20113804588491,2024-10-24 20:00:38
1846,54,17,20,,,126.83296085265043,37.21072036600597,126.82590230533519,37.19585712032668,2024-10-24 20:00:55
1847,26,26,20,,,126.81782615410005,37.194062460480794,126.81803742622616,37.19388431121493,2024-10-24 20:00:55
1848,42,17,20,,,126.8311345704478,37.19618252473793,126.82728971144765,37.197048870927844,2024-10-24 20:03:06
1849,31,59,20,,,126.82914016363407,37.19761099093691,126.83340789624698,37.20777809532034,2024-10-24 20:03:28
1850,46,37,20,,,126.82923149779954,37.212180085562146,126.82172170002146,37.19713457001837,2024-10-24 20:03:54
1851,67,34,20,,,126.83440611700475,37.203649948149916,126.82226543164062,37.203752904996236,2024-10-24 20:04:04
1852,37,51,20,,,126.8213082721912,37.19738924494774,126.82027643509358,37.211324277588815,2024-10-24 20:04:37
1853,70,33,20,,,126.83848086918483,37.2085644846991,126.82984510878514,37.200498772603986,2024-10-24 20:05:15
1854,72,66,20,,,126.81157873934109,37.20780911974526,126.83765357755017,37.20353432088916,2024-10-24 20:05:16
1855,54,20,20,,,126.83354908520779,37.20972878744658,126.81625423005919,37.192646310603656,2024-10-24 20:05:42
1856,56,41,20,,,126.83511774247208,37.206434092274854,126.8342967616082,37.19655209083233,2024-10-24 20:05:47
1857,6,57,20,,,126.82354606907069,37.20440448622441,126.83141069389704,37.20404219448331,2024-10-24 20:06:09
1858,59,33,20,,,126.83170271905831,37.20702388442149,126.82901949089263,37.201200853691745,2024-10-24 20:06:10
1859,33,56,20,,,126.8296801964029,37.20100367794501,126.83416934588143,37.20618384658181,2024-10-24 20:06:36
1860,34,50,20,,,126.82219331275903,37.202315217565896,126.82255249708447,37.21074122236965,2024-10-24 20:07:15
1861,24,19,20,,,126.8187150530799,37.19162790586254,126.82855443022041,37.19428707591418,2024-10-24 20:07:29
1862,70,42,20,,,126.83858104748363,37.20885130397071,126.83205314971528,37.19517963137002,2024-10-24 20:07:35
1863,56,32,20,,,126.83589026581504,37.205626560443086,126.8329121587461,37.201195549636346,2024-10-24 20:07:40
1864,11,70,20,,,126.8146840375981,37.20793305050868,126.83852028730034,37.21020298211086,2024-10-24 20:07:43
1865,10,17,20,,,126.81704020008691,37.209297574234775,126.82718178051395,37.19776554909318,2024-10-24 20:09:18
1866,69,30,20,,,126.83688253502615,37.2063131098567,126.83271868403229,37.19963755318037,2024-10-24 20:09:30
1867,50,37,20,,,126.8215667562966,37.212304849961946,126.82063080271243,37.1967866307989,2024-10-24 20:10:07
1868,17,56,20,,,126.82723183767115,37.19659107834736,126.83544762492257,37.20465674019678,2024-10-24 20:10:29
1869,37,51,20,,,126.82165415912257,37.19762191103572,126.8187855551993,37.20967725760329,2024-10-24 20:11:23
1870,18,55,20,,,126.82326020269133,37.195761847359925,126.83029910874917,37.21009125497195,2024-10-24 20:12:26
1871,31,58,20,,,126.82894282722424,37.19870848230167,126.83431495033007,37.20869158931846,2024-10-24 20:13:07
1872,40,72,20,,,126.83064674896067,37.1926680305761,126.81203531064487,37.20661161751812,2024-10-24 20:14:07
1873,72,56,20,,,126.81228687708082,37.20696058399134,126.8351188965177,37.20659489408065,2024-10-24 20:14:56
1874,32,1,20,,,126.8319576162449,37.20141886042468,126.8164040118688,37.19809701100449,2024-10-24 20:15:08
1875,56,31,20,,,126.83476300057441,37.20469092103273,126.82940095046514,37.197145038658924,2024-10-24 20:15:18
1876,56,31,20,,,126.83527756465644,37.20648630112816,126.82951992366868,37.19822381821524,2024-10-24 20:15:25
1877,32,54,20,,,126.83109433855809,37.20138618649161,126.8317761496986,37.20927525275194,2024-10-24 20:16:51
1878,42,70,20,,,126.83097082862817,37.19709446569382,126.83811602420003,37.20877189897499,2024-10-24 20:16:59
1879,17,70,20,,,126.82619633709834,37.19622183070739,126.83767541613885,37.20913809920397,2024-10-24 20:17:04
1880,37,51,20,,,126.82177945698018,37.198206777017106,126.81981535685142,37.21111156520261,2024-10-24 20:17:14
1881,42,41,20,,,126.83109175356796,37.19696988907023,126.83452062657551,37.19777719791539,2024-10-24 20:18:57
1882,46,70,20,,,126.83115389082637,37.2112816454312,126.83877625797363,37.20961430668817,2024-10-24 20:19:05
1883,28,59,20,,,126.83026667905429,37.204014775631165,126.8319423563063,37.20836629171818,2024-10-24 20:19:11
1884,56,40,20,,,126.83514012324406,37.20535753510102,126.83217338206465,37.192536599836295,2024-10-24 20:19:14
1885,51,71,20,,,126.8190205020452,37.20946148373801,126.83984380830256,37.20434412507019,2024-10-24 20:19:15
1886,32,11,20,,,126.83172637806182,37.20096661462066,126.81474908245072,37.209143130810986,2024-10-24 20:20:46
1887,59,15,20,,,126.83234103835008,37.20667333796306,126.81773934785873,37.20711665867441,2024-10-24 20:21:51
1888,59,41,20,,,126.83333570809941,37.20665422015191,126.83400217074885,37.19803916508555,2024-10-24 20:22:45
1889,37,51,20,,,126.82115771110733,37.198213429767016,126.82051636310688,37.210854040879305,2024-10-24 20:23:42
1890,14,66,20,,,126.81917047160157,37.20681833336441,126.83717393205877,37.204352808749924,2024-10-24 20:24:09
1891,33,56,20,,,126.82903704330455,37.201148367069784,126.83496645383536,37.20620053590808,2024-10-24 20:24:36
1892,70,33,20,,,126.83703075286115,37.20864769598893,126.82926792651685,37.20082899701255,2024-10-24 20:25:22
1893,34,50,20,,,126.82126003177855,37.20253075119526,126.82155383651885,37.21166916810783,2024-10-24 20:25:22
1894,72,42,20,,,126.81089213386176,37.20813185464148,126.83178897137786,37.19553912164236,2024-10-24 20:25:46
1895,62,49,20,,,126.83847307396297,37.211522619053035,126.82830264356943,37.21371664786755,2024-10-24 20:26:15
1896,22,46,20,,,126.81673995992693,37.19526585691976,126.8299883784302,37.21261430078012,2024-10-24 20:27:17
1897,70,33,20,,,126.83770668047212,37.20998464413986,126.82834069221661,37.20095547716905,2024-10-24 20:28:05
1898,20,45,20,,,126.81647142481107,37.19293488421619,126.82446228925072,37.21190226096382,2024-10-24 20:28:44
1899,69,30,20,,,126.83824989815703,37.206208710097386,126.83105064745497,37.198042660100306,2024-10-24 20:28:44
1900,4,71,20,,,126.82259254243195,37.20872624039891,126.83951294184082,37.205836280443236,2024-10-24 20:29:12
1901,33,56,20,,,126.83021092974894,37.20003546287045,126.83451744309822,37.205370081778284,2024-10-24 20:29:24
1902,1,53,20,,,126.81671320335529,37.19904977617016,126.82931408341841,37.20630135678854,2024-10-24 20:29:57
1903,19,10,20,,,126.82857366467276,37.194358497358365,126.81672865060514,37.209206182649126,2024-10-24 20:29:59
1904,50,19,20,,,126.82191696117725,37.21094179175022,126.82948165504062,37.19519815635617,2024-10-24 20:30:11
1905,72,7,20,,,126.81230090361109,37.20728431391661,126.82730517718363,37.2088698566363,2024-10-24 20:31:00
1906,70,33,20,,,126.83831494744778,37.21002664517571,126.82891328876934,37.20106291071544,2024-10-24 20:32:04
1907,21,48,20,,,126.81954253860569,37.1972622705498,126.83041296901041,37.2139814583192,2024-10-24 20:32:43
1908,59,36,20,,,126.83283448923387,37.20722544173717,126.82453203702275,37.19833222103751,2024-10-24 20:33:44
1909,37,72,20,,,126.82200125810708,37.19779299226961,126.8109729035898,37.208119078909256,2024-10-24 20:33:47
1910,21,68,20,,,126.81900532311747,37.196942513013994,126.84035963149512,37.20182261982318,2024-10-24 20:33:49
1911,71,71,20,,,126.83984819501286,37.204309354107494,126.84095189755867,37.20483589806254,2024-10-24 20:34:21
1912,11,58,20,,,126.81342772438101,37.20796371638373,126.8344740473982,37.20844967032516,2024-10-24 20:35:04
1913,37,51,20,,,126.82034836887942,37.19786514264339,126.81979565611168,37.20980280258537,2024-10-24 20:36:25
1914,56,31,20,,,126.83493181454064,37.2052363962754,126.82837389132307,37.19852325240818,2024-10-24 20:37:10
1915,36,30,20,,,126.82354798667568,37.19874235308417,126.83229702085632,37.19887932580877,2024-10-24 20:37:18
1916,44,52,20,,,126.81985703244592,37.1885060181168,126.830248795916,37.21835628424732,2024-10-24 20:37:29
1917,59,53,20,,,126.8325151888583,37.207371982186096,126.83040524586572,37.20636184716205,2024-10-24 20:37:30
1918,37,51,20,,,126.82220569466527,37.19654519049281,126.82032373175734,37.20979977096383,2024-10-24 20:38:39
1919,6,60,20,,,126.82487950155966,37.2032499559079,126.83288185032941,37.2131175312288,2024-10-24 20:39:16
1920,70,33,20,,,126.83687910465986,37.21028048325317,126.8284722599624,37.2003962713009,2024-10-24 20:40:32
1921,26,37,20,,,126.81822180125968,37.19400255368999,126.8212326051549,37.19700253696925,2024-10-24 20:40:45
1922,56,41,20,,,126.8347592188052,37.20500565026809,126.83461012176234,37.197982190382795,2024-10-24 20:40:56
1923,51,71,20,,,126.81898170946762,37.20979508516448,126.83996546195209,37.20484144659284,2024-10-24 20:41:29
1924,58,32,20,,,126.83482985083577,37.20909377969211,126.8328316944805,37.200954349847436,2024-10-24 20:42:39
1925,43,43,20,,,126.82301193045757,37.19026875322143,126.82368463356813,37.18922492646219,2024-10-24 20:43:11
1926,31,54,20,,,126.82833114364865,37.19714773783851,126.83221961170281,37.20999604081412,2024-10-24 20:43:18
1927,6,56,20,,,126.82528759194278,37.20485097581195,126.83453420353294,37.205455948861896,2024-10-24 20:43:23
1928,14,32,20,,,126.820257863919,37.20763506327985,126.83278421358615,37.202617333491325,2024-10-24 20:43:53
1929,51,71,20,,,126.81889513234499,37.211360160060295,126.84050894288244,37.20504221363149,2024-10-24 20:44:02
1930,49,66,20,,,126.82800191773596,37.21317744631426,126.83678211389989,37.20411662494811,2024-10-24 20:44:38
1931,35,32,20,,,126.81840966988689,37.20260817670761,126.83119650058981,37.201638044324135,2024-10-24 20:44:40
1932,58,33,20,,,126.83466388141831,37.20819687959924,126.82991164045663,37.20147975217416,2024-10-24 20:45:10
1933,11,32,20,,,126.81454065834494,37.208475520533625,126.83234827010651,37.202675799489285,2024-10-24 20:46:41
1934,54,64,20,,,126.83275911423608,37.20972838777486,126.84160560842857,37.20229589416806,2024-10-24 20:47:14
1935,70,32,20,,,126.83757365476559,37.209947455010955,126.83292905215482,37.200799198486585,2024-10-24 20:47:29
1936,10,38,20,,,126.8160379776373,37.20858764551221,126.82483164311505,37.20070008044915,2024-10-24 20:47:38
1937,1,27,20,,,126.816472696008,37.1986323399414,126.82654511592249,37.19942154623226,2024-10-24 20:48:17
1938,54,33,20,,,126.83195034862142,37.20936340488042,126.83009905396086,37.20118512636812,2024-10-24 20:48:17
1939,72,33,20,,,126.81250476761777,37.206630631784726,126.82849814642766,37.200209438080655,2024-10-24 20:48:25
1940,31,51,20,,,126.82845259776917,37.19785495352587,126.81987705714565,37.211404492467004,2024-10-24 20:49:51
1941,13,57,20,,,126.8163504244771,37.20397004525964,126.83308164469376,37.20540823373499,2024-10-24 20:50:22
1942,10,64,20,,,126.81785109502529,37.20966061056114,126.84340643949949,37.20425181419459,2024-10-24 20:50:26
1943,33,56,20,,,126.8288849073174,37.20030906207725,126.83512177335464,37.205203238,2024-10-24 20:50:50
1944,38,47,20,,,126.82429384545591,37.20133826917595,126.82773987216143,37.21062762973617,2024-10-24 20:51:14
1945,50,21,20,,,126.82227148598382,37.21129144049157,126.81844448832582,37.19680249665258,2024-10-24 20:51:23
1946,28,9,20,,,126.82977357176355,37.20333922429316,126.81347625275185,37.205900404054425,2024-10-24 20:51:56
1947,11,33,20,,,126.81377604840796,37.20830416614833,126.82999309124764,37.199816027612464,2024-10-24 20:52:08
1948,48,21,20,,,126.8306013557719,37.21562190752066,126.81895291198224,37.19678807723132,2024-10-24 20:53:07
1949,58,33,20,,,126.83599926936598,37.20746301213173,126.8296259816213,37.199963068760574,2024-10-24 20:53:51
1950,41,56,20,,,126.83424343585638,37.19722154662921,126.83442639894334,37.206084077625256,2024-10-24 20:53:58
1951,51,71,20,,,126.81889412463391,37.209442966188575,126.83927548466261,37.20475663762894,2024-10-24 20:55:09
1952,63,13,20,,,126.83576363584507,37.211770997207985,126.81556891373636,37.20317807849043,2024-10-24 20:55:23
1953,59,16,20,,,126.8326033333236,37.20651240486669,126.82305441705847,37.19379286381638,2024-10-24 20:55:36
1954,54,33,20,,,126.83233540106394,37.20951976337734,126.82842602439057,37.19997480951163,2024-10-24 20:55:40
1955,29,61,20,,,126.82680127163617,37.20225883541848,126.8323265598676,37.21639042298227,2024-10-24 20:56:01
1956,72,70,20,,,126.8107512104669,37.20693694219614,126.83766717697841,37.20928248557418,2024-10-24 20:56:28
1957,14,46,20,,,126.8191825163311,37.20758053817617,126.82986778501898,37.212159235449775,2024-10-24 20:57:54
1958,67,18,20,,,126.83480114886856,37.2018615335973,126.82456304754356,37.19660422413332,2024-10-24 20:58:04
1959,41,70,20,,,126.8346523097357,37.196636627934126,126.83716095139292,37.20964383114058,2024-10-24 20:58:11
1960,12,61,20,,,126.81884576756497,37.20402439247585,126.83254656197195,37.21541207921914,2024-10-24 20:58:33
1961,51,71,20,,,126.81983398071779,37.20977161023455,126.83941622691718,37.20587536664972,2024-10-24 20:58:52
1962,19,26,20,,,126.82808752040488,37.195453267626846,126.81762050489316,37.19309749010603,2024-10-24 20:59:25
1963,8,67,20,,,126.82551333032701,37.2059719829639,126.83554928277017,37.20318129042028,2024-10-24 20:59:41
1964,10,17,21,,,126.81662841733795,37.209851305220475,126.82668239736833,37.19687302299595,2024-10-24 21:00:44
1965,72,61,21,,,126.81200921003041,37.208081292092956,126.83339180466857,37.21536468536052,2024-10-24 21:01:33
1966,19,71,21,,,126.82863041258209,37.19520917977576,126.84075946782482,37.20516137293854,2024-10-24 21:01:37
1967,10,17,21,,,126.81633569791946,37.20881732217425,126.82582943933983,37.19598256932747,2024-10-24 21:01:54
1968,10,17,21,,,126.81618025582219,37.20881893264685,126.8254953685227,37.196909885791946,2024-10-24 21:02:12
1969,69,30,21,,,126.83849132190167,37.2068138777239,126.83120198511139,37.19822195636873,2024-10-24 21:02:36
1970,54,41,21,,,126.83224513856035,37.20992041871479,126.83447516733389,37.19701402173952,2024-10-24 21:02:42
1971,37,30,21,,,126.82098740319873,37.19698383835582,126.83113341733457,37.19810938725164,2024-10-24 21:04:39
1972,36,17,21,,,126.82385464955688,37.198502156867335,126.82599683580425,37.196109075519985,2024-10-24 21:05:57
1973,33,56,21,,,126.83030308243396,37.2007995845873,126.83393861321416,37.20483773137924,2024-10-24 21:10:24
1974,58,53,21,,,126.8358407378506,37.20859892205471,126.83051075523974,37.20574300087748,2024-10-24 21:10:48
1975,9,66,21,,,126.81325814943413,37.20465870867411,126.83806301443069,37.20411432190254,2024-10-24 21:18:25
1976,20,65,21,,,126.81603417715375,37.191769482248134,126.83471199558234,37.19916907533756,2024-10-24 21:19:48
1977,33,56,21,,,126.83002617848344,37.200386415575764,126.8356900895701,37.20550472218444,2024-10-24 21:19:51
1978,15,36,21,,,126.8177041474107,37.20702631605584,126.82357397872684,37.19850476451244,2024-10-24 21:24:20
1979,69,30,21,,,126.83855137618905,37.207302833538655,126.8311980306047,37.1983577704307,2024-10-24 21:24:40
1980,56,33,21,,,126.83473511817904,37.20480990038925,126.83006909062296,37.20056596741022,2024-10-24 21:25:30
1981,15,50,21,,,126.8177343708508,37.206974333445515,126.82157413384415,37.21190582729626,2024-10-24 21:26:40
1982,62,30,21,,,126.83744217385684,37.212891816911196,126.83140961455393,37.19858837004285,2024-10-24 21:27:05
1983,19,10,21,,,126.82887334592431,37.19582785111768,126.81756029748365,37.20934261657538,2024-10-24 21:27:48
1984,53,39,21,,,126.82904333195684,37.206597482463344,126.82162189921404,37.19948683751637,2024-10-24 21:30:10
1985,60,6,21,,,126.83225669598205,37.212227449780784,126.82531177893567,37.20335182952675,2024-10-24 21:31:44
1986,69,30,21,,,126.83779640936828,37.20578636178848,126.8326479641625,37.19869149841644,2024-10-24 21:38:47
1987,63,27,21,,,126.83576203089545,37.211247020241146,126.82618629286554,37.19953749767211,2024-10-24 21:41:15
1988,33,56,21,,,126.82985154580601,37.20071235703868,126.83417112485668,37.205537879708096,2024-10-24 21:44:28
1989,59,56,21,,,126.83237940275671,37.20656478383761,126.83570898273905,37.20592788825823,2024-10-24 21:45:40
1990,56,32,21,,,126.8346421942399,37.20490088776997,126.83290331568712,37.20243617600908,2024-10-24 21:46:27
1991,58,33,21,,,126.836087942744,37.207544005750684,126.82989545465394,37.19977990021466,2024-10-24 21:46:35
1992,58,33,21,,,126.83414896536108,37.20910112467226,126.82889559457779,37.20137190243309,2024-10-24 21:47:46
1993,28,3,21,,,126.82896963983669,37.20294446057963,126.82412213646079,37.210129014110805,2024-10-24 21:49:02
1994,32,21,21,,,126.8329265604881,37.201068598774704,126.81903412247966,37.19637547443784,2024-10-24 21:49:03
1995,33,58,21,,,126.82940854548234,37.20140669782471,126.83569597050395,37.20939654883913,2024-10-24 21:52:18
1996,41,50,21,,,126.83520808694577,37.19711743757742,126.82290566691177,37.21245748119672,2024-10-24 21:52:41
1997,33,56,21,,,126.82879249463309,37.20103152981528,126.83512248379692,37.20663693828887,2024-10-24 21:52:51
1998,14,10,21,,,126.81856712600514,37.20757161923497,126.81662738683058,37.208524684210076,2024-10-24 21:53:56
1999,63,71,22,,,126.83497138006221,37.21087831915099,126.83930490433619,37.20562675956763,2024-10-24 22:01:06
2000,38,6,22,,,126.82432582699619,37.20176515980673,126.82472080852473,37.20342436734242,2024-10-24 22:05:18
2001,3,54,22,,,126.82438822184164,37.20904957042383,126.83341944020418,37.209356892716784,2024-10-24 22:05:42
2002,44,25,22,,,126.82145744804437,37.18977094398019,126.82066989661745,37.19460723403497,2024-10-24 22:10:16
2003,59,12,22,,,126.83260132042301,37.20832126660761,126.81987497027775,37.20381740371026,2024-10-24 22:13:02
2004,25,39,22,,,126.82073563346002,37.19393740926092,126.82143543114996,37.200077107223656,2024-10-24 22:20:16
2005,56,33,22,,,126.83562326384366,37.2065295667831,126.82959210616818,37.20093436897021,2024-10-24 22:30:45
2006,10,8,22,,,126.81705973299883,37.21008084059914,126.82413543140684,37.207289882398626,2024-10-24 22:30:49
2007,72,23,22,,,126.81155386211975,37.20747382542864,126.82051785757706,37.19161389566374,2024-10-24 22:34:04
2008,72,27,22,,,126.81259000746937,37.207027700465545,126.82748224045783,37.19925671196248,2024-10-24 22:37:01
2009,58,19,22,,,126.83533496618837,37.209007423393174,126.82828571527766,37.19446710332744,2024-10-24 22:37:16
2010,33,56,22,,,126.82833413639523,37.20044405879857,126.83510298698535,37.20620906404089,2024-10-24 22:38:56
2011,56,41,22,,,126.8343459752521,37.20483781140193,126.83407615254472,37.19815401925655,2024-10-24 22:39:29
2012,33,56,22,,,126.83024545304538,37.20123349764732,126.83573392534387,37.20551648726684,2024-10-24 22:47:01
2013,45,64,22,,,126.82487707867875,37.21352158821108,126.84152391051583,37.20329486175448,2024-10-24 22:54:04
2014,42,70,22,,,126.83203655655184,37.196993331273056,126.83745176377785,37.210012967870625,2024-10-24 22:56:13
2015,10,17,22,,,126.81780009028884,37.2084457469053,126.82733235098435,37.19662670883007,2024-10-24 22:56:41
