idx,o,d,hour,o_h3,d_h3,o_x,o_y,d_x,d_y,time
0,17,54,7,,,126.82638283086233,37.19696752941052,126.83239784995892,37.20941720994448,2024-10-24 07:00:02
1,58,33,7,,,126.83473019116879,37.20802433256869,126.83031207804387,37.20083965830919,2024-10-24 07:00:10
2,36,57,7,,,126.82494194272353,37.1984209033913,126.83136994812271,37.20555431389804,2024-10-24 07:00:38
3,11,58,7,,,126.81355501473806,37.208617700137175,126.83563483506843,37.20922823150239,2024-10-24 07:00:47
4,55,46,7,,,126.82942974226079,37.20829862317976,126.82982309347668,37.21231174926349,2024-10-24 07:01:10
5,2,22,7,,,126.82139718517067,37.20505701924078,126.81601532755136,37.19546617721277,2024-10-24 07:02:02
6,53,33,7,,,126.82916115883437,37.207196121762664,126.828619038069,37.199706542899,2024-10-24 07:02:07
7,36,19,7,,,126.8237834836725,37.19874309536672,126.82891175454967,37.19520217333574,2024-10-24 07:02:42
8,56,32,7,,,126.83501544764171,37.20659150915515,126.8312517847556,37.2021413395076,2024-10-24 07:03:06
9,50,50,7,,,126.82232964686074,37.210990198763334,126.82152503063067,37.21219998906442,2024-10-24 07:03:09
10,70,17,7,,,126.8383090775074,37.210360763206175,126.82721148928317,37.197435318040945,2024-10-24 07:03:20
11,58,33,7,,,126.83485663818755,37.207833819684915,126.8295650908617,37.20117866917247,2024-10-24 07:03:42
12,32,52,7,,,126.83208361617243,37.201904865303405,126.8297733357849,37.21805556384923,2024-10-24 07:03:59
13,10,17,7,,,126.81646597366412,37.20842991110705,126.82556520340012,37.1963484161688,2024-10-24 07:04:44
14,46,59,7,,,126.83105222312885,37.21282592392485,126.83277442251713,37.20762408841718,2024-10-24 07:04:46
15,19,10,7,,,126.82842314364653,37.195063140996766,126.81708864497561,37.209309091338035,2024-10-24 07:04:50
16,56,41,7,,,126.83549398684059,37.20476219537198,126.83488428092956,37.19738604335342,2024-10-24 07:04:52
17,17,54,7,,,126.82637760037291,37.195940947145736,126.83319309275507,37.20933189953078,2024-10-24 07:05:22
18,56,33,7,,,126.83425635680477,37.20495703347971,126.82831962482263,37.19981591260216,2024-10-24 07:05:32
19,58,33,7,,,126.8347796270418,37.208087688916464,126.82912262349141,37.20160615231798,2024-10-24 07:06:00
20,10,17,7,,,126.81669808855777,37.2090562211007,126.82549252033212,37.19629868197604,2024-10-24 07:06:36
21,20,11,7,,,126.81666799412729,37.191548212901374,126.81526390376665,37.20892918848683,2024-10-24 07:06:41
22,69,30,7,,,126.8380020362002,37.20724445466644,126.83110777440285,37.1981319432492,2024-10-24 07:06:43
23,19,10,7,,,126.82932261629549,37.19415605410531,126.8162287151773,37.20993944736146,2024-10-24 07:06:43
24,1,47,7,,,126.8169006246932,37.19843068259389,126.82736927904217,37.21002101359959,2024-10-24 07:06:59
25,11,58,7,,,126.81392280083499,37.20899817045634,126.83535101989212,37.208736553591855,2024-10-24 07:07:15
26,37,51,7,,,126.82202695945374,37.19657409143131,126.8197858453261,37.21122724627333,2024-10-24 07:07:38
27,54,33,7,,,126.8319994200449,37.210749058266195,126.82947164284244,37.20028786070356,2024-10-24 07:07:49
28,56,41,7,,,126.83520399915493,37.20573204405037,126.83488906264623,37.19801277816921,2024-10-24 07:07:50
29,37,47,7,,,126.8217455800351,37.19820302912517,126.82708894794573,37.21015803175388,2024-10-24 07:07:52
30,56,21,7,,,126.83453982559612,37.2060854879556,126.81947843632103,37.19682863497031,2024-10-24 07:08:14
31,50,38,7,,,126.82198001870873,37.211940022201205,126.82398563409276,37.20093828176569,2024-10-24 07:08:30
32,54,33,7,,,126.83190066731677,37.21014059661574,126.82924434134429,37.20156129690879,2024-10-24 07:08:37
33,58,33,7,,,126.83531344032787,37.20846323690239,126.83006265412553,37.20140518349109,2024-10-24 07:08:37
34,70,17,7,,,126.83862554060728,37.20979602550611,126.82602348521418,37.19706232145938,2024-10-24 07:09:20
35,11,33,7,,,126.81350773007644,37.20827618590402,126.82853357163812,37.19976001561521,2024-10-24 07:09:26
36,51,37,7,,,126.81946073533256,37.209721050446234,126.82068865242135,37.196729214244314,2024-10-24 07:09:26
37,17,54,7,,,126.82572871751778,37.196517467946784,126.8335167565858,37.21110047398915,2024-10-24 07:10:26
38,10,17,7,,,126.81642919117436,37.20907862427397,126.8272789286217,37.196303595885695,2024-10-24 07:11:06
39,51,37,7,,,126.82053374798902,37.21110040045633,126.8213289939262,37.19838504766619,2024-10-24 07:11:16
40,38,33,7,,,126.82383321921141,37.20179284138478,126.8299187436553,37.20152741463646,2024-10-24 07:12:14
41,69,30,7,,,126.83675219124287,37.20606368257858,126.83201446556647,37.199672607965844,2024-10-24 07:12:17
42,19,38,7,,,126.82876341621427,37.19441524657403,126.82372593856485,37.20116347572094,2024-10-24 07:13:04
43,54,33,7,,,126.83305311725643,37.20934546744953,126.82851807598831,37.20092026765556,2024-10-24 07:13:32
44,70,11,7,,,126.83852540411647,37.21053827642974,126.8140886398474,37.207470439851505,2024-10-24 07:13:35
45,37,56,7,,,126.8215946134884,37.19778773708778,126.8350284967464,37.20535027656218,2024-10-24 07:14:20
46,37,51,7,,,126.82066794129179,37.19785882808544,126.81922263255095,37.21068786504798,2024-10-24 07:14:22
47,36,67,7,,,126.82320994698256,37.19851610173416,126.83382198256061,37.20252524196403,2024-10-24 07:14:33
48,56,33,7,,,126.83466948576041,37.206194306372346,126.82890897964245,37.20148279161961,2024-10-24 07:15:24
49,56,32,7,,,126.83451326488569,37.20536468143125,126.83125239168938,37.2021625416932,2024-10-24 07:15:31
50,10,17,7,,,126.8167704295629,37.21007122967325,126.82707384029956,37.196676460846334,2024-10-24 07:15:53
51,32,59,7,,,126.83288241802414,37.20155405582441,126.83260548567962,37.207517128417564,2024-10-24 07:16:03
52,69,30,7,,,126.83776056880285,37.206719049785185,126.8320508540914,37.198395305657144,2024-10-24 07:16:26
53,54,33,7,,,126.83281158771392,37.2106944270575,126.8289870666172,37.201002159805256,2024-10-24 07:16:38
54,37,28,7,,,126.82057624033185,37.19716265788863,126.82994542529322,37.20414881033079,2024-10-24 07:16:40
55,56,33,7,,,126.83543761659877,37.20487982241737,126.82989575503711,37.20087841816685,2024-10-24 07:16:56
56,19,41,7,,,126.82801695889535,37.19578380066529,126.83494773411186,37.19781199976824,2024-10-24 07:17:03
57,42,70,7,,,126.83142299888793,37.19520416622289,126.83843175493854,37.20957936999587,2024-10-24 07:17:23
58,54,33,7,,,126.83200746671129,37.210727270690555,126.82981012468133,37.20088027785214,2024-10-24 07:17:29
59,36,43,7,,,126.8243774174434,37.197912850744906,126.82306528182716,37.18953580605507,2024-10-24 07:17:48
60,37,51,7,,,126.82114441769086,37.196746767663704,126.81981647847724,37.21083072402373,2024-10-24 07:17:52
61,11,32,7,,,126.81418277890667,37.20875116093997,126.8317232186571,37.20191357057167,2024-10-24 07:17:56
62,42,70,7,,,126.83174402636699,37.19519190755017,126.83839158955556,37.2092309035221,2024-10-24 07:18:07
63,56,41,7,,,126.83489632014681,37.20564386364718,126.83331552189529,37.19635683898258,2024-10-24 07:18:35
64,10,17,7,,,126.81792460325724,37.20864922133936,126.82559111113304,37.19644282933182,2024-10-24 07:18:58
65,42,70,7,,,126.83156969520807,37.19581768541362,126.83850605552568,37.20989856553546,2024-10-24 07:19:03
66,56,33,7,,,126.83481679236094,37.206048894409136,126.83016209546639,37.201040552704505,2024-10-24 07:19:18
67,50,38,7,,,126.82264525588383,37.21153141769501,126.82480569520459,37.20099008895209,2024-10-24 07:19:22
68,58,33,7,,,126.83493398397887,37.20878382167611,126.82838766763805,37.20118678240848,2024-10-24 07:19:40
69,56,41,7,,,126.83484612564867,37.2055212261903,126.83404081736525,37.19680413765987,2024-10-24 07:19:42
70,69,30,7,,,126.83744287241846,37.20700159268517,126.83246565267969,37.19843112521737,2024-10-24 07:20:25
71,69,30,7,,,126.8366862364789,37.207530563404546,126.83136178038133,37.19952321569888,2024-10-24 07:20:26
72,54,33,7,,,126.83348794072666,37.21034506795067,126.8301972145745,37.20041639678321,2024-10-24 07:21:17
73,50,50,7,,,126.82316222602392,37.21240059289206,126.82281792209486,37.2117258183207,2024-10-24 07:21:39
74,58,33,7,,,126.8355435352313,37.20894806490526,126.8290864308824,37.20128860066949,2024-10-24 07:21:43
75,58,33,7,,,126.83584854565804,37.20879892162117,126.82970162072539,37.20032539019152,2024-10-24 07:21:55
76,54,33,7,,,126.83333335046234,37.21089690081388,126.83007753574543,37.19983910866048,2024-10-24 07:22:00
77,70,32,7,,,126.83717001334003,37.210034491028615,126.83207804128764,37.20101082431727,2024-10-24 07:22:18
78,51,37,7,,,126.82045394471969,37.21009439022636,126.82216315490686,37.196980116942434,2024-10-24 07:22:18
79,42,70,7,,,126.83078156736072,37.196993867436106,126.8371758688315,37.21048033052078,2024-10-24 07:22:36
80,17,56,7,,,126.82651346249112,37.19581170876161,126.83392311138608,37.20581979952177,2024-10-24 07:23:04
81,69,30,7,,,126.83738922118931,37.20697023408149,126.83143217600737,37.19809155940971,2024-10-24 07:23:06
82,54,33,7,,,126.83286419844043,37.20975279146992,126.82942585543326,37.20142599755487,2024-10-24 07:23:14
83,53,10,7,,,126.82889967421055,37.205745342628674,126.8160906933879,37.21025283354529,2024-10-24 07:23:53
84,70,11,7,,,126.8388041172864,37.2096891531591,126.81528180022124,37.20784759482443,2024-10-24 07:24:30
85,37,51,7,,,126.82185299127691,37.198221566688645,126.82049251402074,37.21114079429421,2024-10-24 07:24:53
86,70,42,7,,,126.8386457071481,37.20960123404614,126.83106482402614,37.19677633839459,2024-10-24 07:24:58
87,17,54,7,,,126.82644077112835,37.196645840409424,126.83212128309862,37.20943548288558,2024-10-24 07:25:29
88,69,30,7,,,126.83708264940591,37.20658508885616,126.8321386455721,37.198755032266504,2024-10-24 07:25:35
89,50,38,7,,,126.82318498526377,37.21185514956572,126.82377074802466,37.20155074227317,2024-10-24 07:25:52
90,40,72,7,,,126.8320439293525,37.194044231461206,126.8122750403609,37.20662086950915,2024-10-24 07:26:06
91,51,37,7,,,126.82060152542462,37.21112628503135,126.8217557780051,37.19726164627642,2024-10-24 07:26:37
92,51,37,7,,,126.82002066426136,37.21060317468147,126.82111797220645,37.196591498635485,2024-10-24 07:26:53
93,50,50,7,,,126.82269149019453,37.210988482554335,126.82288130312554,37.21051160331145,2024-10-24 07:27:16
94,20,69,7,,,126.81499870343326,37.19325192197334,126.83737509805673,37.20572802603715,2024-10-24 07:27:22
95,50,38,7,,,126.82248819912763,37.21189493050357,126.82449870714395,37.20070339262725,2024-10-24 07:27:28
96,19,10,7,,,126.82932434081752,37.19496887809323,126.81797850753556,37.20968499143432,2024-10-24 07:28:03
97,50,50,7,,,126.82253071597111,37.212272787493276,126.82214733110709,37.211937205506175,2024-10-24 07:28:17
98,51,37,7,,,126.81977988702869,37.21023458786954,126.82067441544616,37.197255152179366,2024-10-24 07:28:19
99,51,37,7,,,126.82023425629231,37.21019834275554,126.82029981058061,37.198315727778336,2024-10-24 07:28:40
100,52,60,7,,,126.82982281770462,37.21706415579203,126.83297498735888,37.212047978253196,2024-10-24 07:28:46
101,56,41,7,,,126.83511615699001,37.20611198713952,126.83369364915836,37.196247685063554,2024-10-24 07:29:29
102,54,33,7,,,126.83294305863676,37.21111504962827,126.82972889066484,37.20132319748637,2024-10-24 07:29:35
103,54,33,7,,,126.83271538191843,37.20954574841601,126.82954609808553,37.200966697692394,2024-10-24 07:29:43
104,42,70,7,,,126.83157372997636,37.19632781086207,126.83797190928614,37.209309920165424,2024-10-24 07:29:47
105,58,42,7,,,126.83595396282463,37.20765807799761,126.83083919468895,37.19514608835129,2024-10-24 07:30:03
106,70,18,7,,,126.8375484556652,37.20860625836123,126.82454049496667,37.194951816203364,2024-10-24 07:30:05
107,56,33,7,,,126.83484855466614,37.20602166156452,126.82889048315661,37.199731062575125,2024-10-24 07:30:45
108,72,49,7,,,126.81213989035678,37.20691317339129,126.82751150945231,37.21318707879313,2024-10-24 07:31:02
109,50,50,7,,,126.8223086606473,37.21076719188629,126.82249722475305,37.211562777446886,2024-10-24 07:31:09
110,10,17,7,,,126.81795640864078,37.20941071852264,126.82650970070883,37.19652670899602,2024-10-24 07:31:21
111,69,30,7,,,126.83661304940445,37.20623436869676,126.8325774636766,37.199540194922506,2024-10-24 07:31:22
112,40,72,7,,,126.83196781561176,37.19299921474428,126.81108771424411,37.207918648145785,2024-10-24 07:31:25
113,10,17,7,,,126.8179892238141,37.20909717322325,126.82651951893382,37.1970496397613,2024-10-24 07:31:33
114,50,38,7,,,126.82329903817967,37.212087984473385,126.82448654976551,37.20179163533315,2024-10-24 07:32:18
115,56,33,7,,,126.83403941657835,37.2048710935744,126.82946831569036,37.200649275984944,2024-10-24 07:32:36
116,56,32,7,,,126.8342774570489,37.20552385688922,126.83288135296321,37.20084925815614,2024-10-24 07:32:40
117,58,33,7,,,126.8346205412814,37.20941914386733,126.82908144540392,37.20076831301812,2024-10-24 07:32:56
118,51,37,7,,,126.81936692383508,37.2094774387701,126.82106938000541,37.19778188748121,2024-10-24 07:33:09
119,37,51,7,,,126.82207706475957,37.1969258462153,126.8199632336423,37.20952098691753,2024-10-24 07:33:21
120,58,33,7,,,126.83502617425533,37.20918917579153,126.82897915328884,37.20063446563547,2024-10-24 07:33:25
121,54,33,7,,,126.83203556813888,37.21089538016647,126.82990993809108,37.20009002256472,2024-10-24 07:33:44
122,58,33,7,,,126.83471680258977,37.209323960721996,126.82914525406329,37.20107660612421,2024-10-24 07:34:01
123,50,50,7,,,126.82319308363321,37.211353995188894,126.82169768998739,37.21139234089933,2024-10-24 07:34:27
124,54,33,7,,,126.83169719272489,37.21048856100195,126.8292946767874,37.200505900346045,2024-10-24 07:34:32
125,32,54,7,,,126.83137087569163,37.20090672765226,126.83302231353177,37.210383544706744,2024-10-24 07:34:40
126,58,33,7,,,126.83413538160414,37.209108509008665,126.82923822606739,37.201404517833005,2024-10-24 07:35:07
127,54,33,7,,,126.83184311434847,37.2110895996494,126.82929142907112,37.20110593219257,2024-10-24 07:35:16
128,56,41,7,,,126.83574087528397,37.20594593827182,126.83440645957748,37.19655893357323,2024-10-24 07:35:25
129,17,54,7,,,126.82625189532668,37.19751450632377,126.83275048060212,37.20961707090473,2024-10-24 07:36:01
130,54,33,7,,,126.83260163596782,37.210742757394584,126.82949922261555,37.2013172520612,2024-10-24 07:36:44
131,51,37,7,,,126.82049028744248,37.21101912547209,126.82080661729066,37.19740006266626,2024-10-24 07:37:16
132,50,38,7,,,126.82198712407083,37.21216796401379,126.82474036593048,37.200740077811034,2024-10-24 07:37:24
133,56,12,7,,,126.8353144395925,37.20530450188734,126.81875021893144,37.20433049452843,2024-10-24 07:37:34
134,37,39,7,,,126.82158752409707,37.19702236121556,126.82075301454294,37.20111676507566,2024-10-24 07:37:51
135,72,20,7,,,126.81222323108688,37.206907552172865,126.815742573807,37.19147487355252,2024-10-24 07:38:02
136,54,33,7,,,126.83236629595517,37.21075874518657,126.82905541512986,37.20052253889083,2024-10-24 07:38:38
137,56,11,7,,,126.83501567561814,37.20538096019427,126.81531917418,37.207944648104956,2024-10-24 07:39:42
138,32,54,7,,,126.83283800003134,37.201700081755995,126.83178564758401,37.21025572676438,2024-10-24 07:39:52
139,56,33,7,,,126.83451949019675,37.20662298181388,126.8295335352019,37.200907837506506,2024-10-24 07:40:10
140,11,58,7,,,126.81438413994228,37.209249376077146,126.83585463887371,37.209400811357355,2024-10-24 07:40:40
141,58,33,7,,,126.83589173197954,37.20847513638531,126.82886676818306,37.20139383673322,2024-10-24 07:40:55
142,50,38,7,,,126.8223093505528,37.21180992492258,126.8235962510775,37.201204032039875,2024-10-24 07:41:24
143,37,33,7,,,126.82187494655366,37.19839131033166,126.82964999978485,37.200723664249566,2024-10-24 07:41:45
144,70,17,7,,,126.83832988784663,37.209040782898825,126.82676732963463,37.19730458179059,2024-10-24 07:42:23
145,11,33,7,,,126.81468687367908,37.20757709732011,126.82908380800077,37.20085860092583,2024-10-24 07:42:50
146,58,19,7,,,126.83607118994138,37.20908714449121,126.82868288530545,37.19497484954707,2024-10-24 07:43:20
147,1,12,7,,,126.81659936655731,37.197299945755375,126.81852648743609,37.20427844538209,2024-10-24 07:43:39
148,11,17,7,,,126.81385567158507,37.208174837021836,126.8265283557146,37.196262895256986,2024-10-24 07:43:53
149,10,17,7,,,126.81728013368921,37.20848106735889,126.82589524129658,37.19683791999566,2024-10-24 07:44:14
150,70,17,7,,,126.83683492913066,37.20933114078056,126.82696224267782,37.197499775036995,2024-10-24 07:44:56
151,41,70,7,,,126.83389232422932,37.19658221485543,126.83875251140724,37.210268235182795,2024-10-24 07:45:03
152,58,33,7,,,126.83543711747204,37.20904344192353,126.83024392225416,37.19996999350478,2024-10-24 07:45:18
153,36,47,7,,,126.82385948298696,37.198795333923734,126.82839690397769,37.21170517259774,2024-10-24 07:45:51
154,56,41,7,,,126.83506122367733,37.20628576178346,126.83358618178279,37.197722173287126,2024-10-24 07:45:53
155,56,41,7,,,126.83505912792656,37.20631483652076,126.83523494516068,37.19809752783439,2024-10-24 07:46:01
156,69,30,7,,,126.83735427333659,37.207442399648784,126.83221247967984,37.19856425107642,2024-10-24 07:46:02
157,69,30,7,,,126.8367419783421,37.20681691155565,126.83275034821983,37.199821400038424,2024-10-24 07:46:15
158,69,30,7,,,126.83858910638746,37.20756557347801,126.83164298777325,37.19942446150203,2024-10-24 07:46:43
159,10,40,7,,,126.817546804268,37.208986827808566,126.83197034803784,37.19241177379049,2024-10-24 07:46:44
160,56,33,7,,,126.83420712487707,37.204750137441536,126.8289219444011,37.20079146205853,2024-10-24 07:46:51
161,42,70,7,,,126.8320347840127,37.19655425315375,126.8375471761427,37.2098807863076,2024-10-24 07:46:53
162,56,31,7,,,126.83434149898788,37.205013218977825,126.82953939127235,37.19781868281304,2024-10-24 07:47:06
163,50,50,7,,,126.82147981094258,37.211536429176064,126.823076046867,37.210998910234494,2024-10-24 07:47:30
164,58,33,7,,,126.8348990211671,37.207936265690456,126.82913582356852,37.20137780881634,2024-10-24 07:47:36
165,58,33,7,,,126.83419081835413,37.20842807819603,126.82991290084396,37.200925827418374,2024-10-24 07:47:40
166,17,58,7,,,126.8258635030139,37.197031846156136,126.83585235026975,37.20926949462814,2024-10-24 07:48:19
167,58,33,7,,,126.83523475748325,37.207775410929735,126.82850069177998,37.20077028568247,2024-10-24 07:48:27
168,51,37,7,,,126.81923809496185,37.20999084543193,126.82134105111217,37.197063022848,2024-10-24 07:48:42
169,2,31,7,,,126.82202174634509,37.206169397636614,126.82926875263792,37.1972911668827,2024-10-24 07:48:52
170,11,58,7,,,126.81385268935358,37.20900883919742,126.8344903832303,37.208459826828225,2024-10-24 07:49:17
171,19,10,7,,,126.82900827530526,37.195905857238316,126.8175794159614,37.20928360439236,2024-10-24 07:49:22
172,17,54,7,,,126.82683151739191,37.197149375505795,126.83301526234384,37.209991459093835,2024-10-24 07:49:49
173,56,33,7,,,126.83543420391683,37.204841386442496,126.828843565628,37.20091681292518,2024-10-24 07:50:31
174,50,38,7,,,126.82200021310089,37.21097025087223,126.82346355620001,37.20193283823042,2024-10-24 07:51:16
175,20,43,7,,,126.81500205141167,37.19314442771115,126.82270120473197,37.190029716400744,2024-10-24 07:51:26
176,54,43,7,,,126.83262407464612,37.20967412236609,126.82317005923275,37.190482118962784,2024-10-24 07:51:45
177,69,30,7,,,126.83767628656693,37.20669961025123,126.8312445853156,37.19916584769176,2024-10-24 07:51:50
178,58,33,7,,,126.83466719194578,37.2075618781525,126.8288903316674,37.19992780932226,2024-10-24 07:51:52
179,56,32,7,,,126.83447472711467,37.20569219303117,126.83138746092585,37.200947556937955,2024-10-24 07:51:53
180,58,33,7,,,126.83504376870297,37.208545514728044,126.82869157812483,37.20030933756482,2024-10-24 07:52:04
181,51,37,7,,,126.8196486242128,37.21057076982383,126.82085797197188,37.198309087026026,2024-10-24 07:52:15
182,51,37,7,,,126.81966385878182,37.21097473880088,126.82114049185367,37.19690209543879,2024-10-24 07:52:16
183,17,54,7,,,126.82672512109177,37.19602116126464,126.8320021423425,37.21108717185325,2024-10-24 07:52:16
184,11,58,7,,,126.81354901559928,37.20853905691382,126.8350405268819,37.20832818510346,2024-10-24 07:52:28
185,50,50,7,,,126.82293621498583,37.2122714440862,126.82298759388465,37.2109381959488,2024-10-24 07:52:34
186,54,33,7,,,126.83304040650289,37.20979663986482,126.82990672781062,37.20127683879166,2024-10-24 07:52:44
187,70,17,7,,,126.83803286319547,37.21013724953775,126.82667885520229,37.19647428215327,2024-10-24 07:52:57
188,31,59,7,,,126.82952703782075,37.19796182228543,126.8320410632156,37.20668737124784,2024-10-24 07:53:28
189,21,56,7,,,126.81814717965814,37.19691313155662,126.83536974034295,37.206036102300146,2024-10-24 07:53:31
190,56,40,7,,,126.83508830888653,37.20622541478304,126.83072238127734,37.19390770925595,2024-10-24 07:53:46
191,58,33,7,,,126.83481282995547,37.20916747936207,126.82884861870356,37.20124121767589,2024-10-24 07:53:55
192,71,17,7,,,126.8409812002183,37.20421899594643,126.8273386198652,37.19605115427161,2024-10-24 07:54:54
193,10,40,7,,,126.81654565886477,37.20896916843585,126.8322125622785,37.19272186358256,2024-10-24 07:54:57
194,19,10,7,,,126.82805484071159,37.194848948680125,126.816718772246,37.209656227838764,2024-10-24 07:55:07
195,3,14,7,,,126.82535802594086,37.21050469527793,126.8193162569996,37.20692332388686,2024-10-24 07:55:15
196,70,69,7,,,126.83875350135148,37.21042790493093,126.8383350484602,37.20631399817879,2024-10-24 07:56:17
197,37,51,7,,,126.82026783804531,37.196976964159106,126.81996889150228,37.210961627576246,2024-10-24 07:56:37
198,10,17,7,,,126.8177810806087,37.209595541938725,126.82579019662678,37.196492910293934,2024-10-24 07:56:37
199,17,54,7,,,126.82588452406695,37.197383189851195,126.83280660231193,37.209675217678736,2024-10-24 07:56:46
200,37,51,7,,,126.82136579686063,37.19716203568018,126.81877832246403,37.21027896255597,2024-10-24 07:56:58
201,58,33,7,,,126.8350559752576,37.20928451435909,126.82997855972496,37.19990071516254,2024-10-24 07:57:26
202,71,54,7,,,126.84040422609316,37.205341303980966,126.833363377388,37.20998829748425,2024-10-24 07:58:43
203,51,37,7,,,126.81921304784461,37.21036873800386,126.82153606954068,37.196918083186176,2024-10-24 07:58:48
204,38,54,7,,,126.82366518275775,37.20178982751892,126.83307444480084,37.2095118701798,2024-10-24 07:58:59
205,37,72,7,,,126.82186052072694,37.19674860724536,126.8114664559704,37.2065301068147,2024-10-24 07:59:01
206,51,37,7,,,126.81879523401466,37.21034278601831,126.82068406723556,37.197181811439535,2024-10-24 07:59:10
207,56,32,7,,,126.8341139050017,37.20614850364453,126.83156790442395,37.200771035528525,2024-10-24 07:59:17
208,66,61,7,,,126.8366785183191,37.204217504221205,126.83405883734385,37.21576397034215,2024-10-24 07:59:27
209,37,72,7,,,126.82150206968744,37.19723635849082,126.81250162918109,37.20648510875072,2024-10-24 07:59:42
210,10,56,7,,,126.81643543020093,37.209774090881176,126.8356780960159,37.20564138181193,2024-10-24 07:59:49
211,70,42,8,,,126.83753783738027,37.20906263560037,126.83188645608662,37.1955879983103,2024-10-24 08:00:46
212,33,7,8,,,126.82846999860118,37.20058529136507,126.82716000088125,37.207657677437496,2024-10-24 08:01:16
213,12,19,8,,,126.81920537540104,37.20391031248947,126.82923838411072,37.194838063266175,2024-10-24 08:02:07
214,56,17,8,,,126.83438072046896,37.20489537934155,126.82612992061136,37.197059965993,2024-10-24 08:02:22
215,70,17,8,,,126.8376127223477,37.21053387290492,126.82727883693583,37.19676040803624,2024-10-24 08:02:28
216,1,52,8,,,126.81610151479575,37.197686012787756,126.83143352385616,37.21675399672571,2024-10-24 08:02:32
217,70,17,8,,,126.8371688627501,37.21036598875008,126.82575719686136,37.197534130187925,2024-10-24 08:02:32
218,54,33,8,,,126.8334434691958,37.2107756929203,126.82893442514329,37.20029697450446,2024-10-24 08:02:59
219,58,33,8,,,126.835273642757,37.20825981784416,126.82942071923067,37.20005509346814,2024-10-24 08:03:05
220,10,38,8,,,126.81649731490715,37.209911851520644,126.82429800422733,37.200571560211884,2024-10-24 08:03:27
221,32,11,8,,,126.83250809752793,37.201057664528584,126.81348907430714,37.20735665830153,2024-10-24 08:03:35
222,33,70,8,,,126.82888842744262,37.20040325806334,126.83877347026421,37.20982886223789,2024-10-24 08:03:53
223,10,17,8,,,126.81638979423714,37.209134541625225,126.82710168582321,37.196013959679775,2024-10-24 08:04:08
224,41,70,8,,,126.83435172675176,37.196855336789014,126.83732272476908,37.20931265770818,2024-10-24 08:04:29
225,10,38,8,,,126.81711859268974,37.209997898014166,126.82479495423776,37.20149247860843,2024-10-24 08:04:41
226,58,33,8,,,126.83444924036327,37.20883588174547,126.82924315769297,37.20049702635679,2024-10-24 08:04:58
227,58,51,8,,,126.83503378823052,37.208231352252085,126.8203452873836,37.210519103309245,2024-10-24 08:05:01
228,56,41,8,,,126.83454278504904,37.204893572857465,126.83416746672617,37.19634428531831,2024-10-24 08:05:02
229,55,38,8,,,126.82979896992286,37.20945488425644,126.82466864424404,37.2013458844802,2024-10-24 08:05:07
230,58,33,8,,,126.83540319365201,37.20795986522009,126.82856461396767,37.20076746569533,2024-10-24 08:05:23
231,34,61,8,,,126.8217222735202,37.20328426353223,126.83322906282538,37.215750412458036,2024-10-24 08:06:09
232,58,33,8,,,126.83602384925464,37.20755986518573,126.82915054286408,37.20139411056509,2024-10-24 08:06:36
233,6,58,8,,,126.82462398707386,37.20480251902988,126.83469255974941,37.20933676073355,2024-10-24 08:06:45
234,7,48,8,,,126.82703610222563,37.20899341161279,126.83072448696143,37.21554726613196,2024-10-24 08:06:46
235,69,30,8,,,126.83686918860994,37.20708609925361,126.83273086625306,37.199859966303,2024-10-24 08:06:51
236,36,27,8,,,126.82461978819832,37.19912626596871,126.82579820100409,37.20054982989696,2024-10-24 08:07:03
237,58,33,8,,,126.83506602460332,37.20809688637493,126.82881011114247,37.20020072621327,2024-10-24 08:07:14
238,70,17,8,,,126.83748881742653,37.21039643899077,126.82668824426531,37.19667833839791,2024-10-24 08:07:19
239,11,17,8,,,126.81337747155166,37.20857924860186,126.82698558877475,37.19579936089606,2024-10-24 08:07:30
240,54,31,8,,,126.83276391591497,37.20928214587043,126.82844039952427,37.19847730336973,2024-10-24 08:09:06
241,54,33,8,,,126.83322426922396,37.209319675567905,126.82890115851977,37.20058114201926,2024-10-24 08:09:12
242,2,15,8,,,126.82167388641486,37.205646920423355,126.81717963734818,37.20742171873261,2024-10-24 08:09:15
243,59,15,8,,,126.83267378380674,37.20703370929256,126.81776790084002,37.20584796128754,2024-10-24 08:09:32
244,70,32,8,,,126.83869038397314,37.20949443749572,126.83176637455104,37.20076016496285,2024-10-24 08:09:35
245,62,47,8,,,126.83752762497743,37.21299870619258,126.82792647722509,37.210992276477135,2024-10-24 08:10:05
246,14,38,8,,,126.81902106020242,37.206735369720754,126.82426556114362,37.20158586588987,2024-10-24 08:10:07
247,33,58,8,,,126.82925211554448,37.20054530849705,126.83572573882755,37.208721424842174,2024-10-24 08:10:18
248,69,30,8,,,126.83846431873873,37.20653753018354,126.83172994187028,37.19968772801158,2024-10-24 08:10:46
249,56,6,8,,,126.83419428864484,37.20654849808551,126.82495530658525,37.204350278669935,2024-10-24 08:10:55
250,42,70,8,,,126.83063826871293,37.19655775915107,126.83825790454672,37.209268128127,2024-10-24 08:11:18
251,32,59,8,,,126.83206439046542,37.201004876125296,126.83256509469996,37.20683799902944,2024-10-24 08:11:59
252,58,19,8,,,126.83439114538484,37.20899421787684,126.82960261237344,37.19504055633005,2024-10-24 08:12:25
253,36,21,8,,,126.82389629189771,37.19814738587182,126.81770042860045,37.19564459499642,2024-10-24 08:12:51
254,58,33,8,,,126.83512961055337,37.2089848973524,126.82931179279421,37.20069523254283,2024-10-24 08:12:57
255,62,56,8,,,126.83767061682403,37.21139325834534,126.83528973022996,37.20494578180919,2024-10-24 08:13:01
256,54,33,8,,,126.8333961654855,37.20976569628495,126.82962573611253,37.199761390932856,2024-10-24 08:13:02
257,70,17,8,,,126.8374801013928,37.21015715705522,126.8267021901237,37.19723187870922,2024-10-24 08:13:09
258,70,11,8,,,126.83739322327428,37.210051351417555,126.81344423642457,37.20782796399927,2024-10-24 08:13:36
259,56,31,8,,,126.83561438228888,37.20488819413676,126.82988757933174,37.197754371009104,2024-10-24 08:13:39
260,27,60,8,,,126.82632977072848,37.20027960843104,126.8321259198901,37.2131217426313,2024-10-24 08:15:18
261,69,30,8,,,126.83669923675522,37.20699960442727,126.8322097609419,37.198757531500654,2024-10-24 08:15:24
262,11,17,8,,,126.81362101961197,37.20791425242353,126.82541129054924,37.19757070231286,2024-10-24 08:15:54
263,33,58,8,,,126.82882620982143,37.19987139191992,126.83443881904725,37.20780565264701,2024-10-24 08:16:07
264,50,26,8,,,126.82147487306554,37.21110281606435,126.8189409424471,37.19336734166541,2024-10-24 08:16:13
265,11,58,8,,,126.8133574734191,37.208434839160766,126.83438659655667,37.207989389618774,2024-10-24 08:16:14
266,42,70,8,,,126.8321681315992,37.19573432894858,126.83848895998459,37.2094775605088,2024-10-24 08:16:19
267,58,33,8,,,126.83483886964696,37.20788894344718,126.82930406178447,37.19976686367362,2024-10-24 08:16:26
268,54,33,8,,,126.83240792677319,37.20944242451033,126.82980088878845,37.201444755898386,2024-10-24 08:18:39
269,27,64,8,,,126.82724398548234,37.19973325874343,126.84346564993761,37.20394378868071,2024-10-24 08:19:01
270,66,56,8,,,126.83681952995754,37.204024114869966,126.83450395883867,37.20658874054813,2024-10-24 08:19:02
271,44,49,8,,,126.81991043391409,37.18814569200609,126.82777616392963,37.21356139441738,2024-10-24 08:19:27
272,66,59,8,,,126.83775027570468,37.204317743442026,126.83240725441101,37.20735578375631,2024-10-24 08:19:43
273,58,33,8,,,126.83574245577768,37.208424544238476,126.82890914112028,37.20103576454675,2024-10-24 08:20:37
274,58,33,8,,,126.83431993628301,37.20868751115874,126.82949789026806,37.20094775771896,2024-10-24 08:20:40
275,58,33,8,,,126.83431317765933,37.20845339514822,126.8292287346618,37.20045226723259,2024-10-24 08:21:03
276,29,4,8,,,126.8265555328214,37.20324359260557,126.82144211179263,37.20804786218837,2024-10-24 08:21:05
277,31,68,8,,,126.82964389251009,37.198293477574104,126.8390007601559,37.20230803153937,2024-10-24 08:21:16
278,27,30,8,,,126.82678537977682,37.199288351106155,126.83208851743538,37.1983564063799,2024-10-24 08:21:19
279,33,54,8,,,126.83020950199608,37.20000952922552,126.83305110850672,37.21011366829763,2024-10-24 08:22:10
280,14,70,8,,,126.8196658119137,37.20736581405175,126.83782983534812,37.20912932479064,2024-10-24 08:22:11
281,54,33,8,,,126.83228488013674,37.21051531293676,126.82916650552319,37.20087102611982,2024-10-24 08:22:23
282,59,15,8,,,126.83248631298527,37.20798570930768,126.81757293274906,37.20582083852494,2024-10-24 08:22:44
283,58,33,8,,,126.83475824446774,37.208671975127764,126.82978267288703,37.201102508634584,2024-10-24 08:23:13
284,69,30,8,,,126.83790619864264,37.207571734544224,126.83120301844555,37.19942560576799,2024-10-24 08:23:38
285,46,19,8,,,126.83004047522806,37.21278911880715,126.82861411209396,37.19482773668809,2024-10-24 08:23:51
286,56,31,8,,,126.83415145461828,37.2056604307833,126.82836797501425,37.19725224638097,2024-10-24 08:24:40
287,71,47,8,,,126.8401837510771,37.20414486197582,126.82762073390023,37.20997065202944,2024-10-24 08:24:41
288,33,56,8,,,126.83000324209705,37.19984204262696,126.83508647228473,37.205129552242596,2024-10-24 08:24:42
289,70,42,8,,,126.83725699040102,37.20976878019503,126.8308572549864,37.195382530719854,2024-10-24 08:25:05
290,42,70,8,,,126.83169172264375,37.19647200680559,126.83835761030309,37.209420724105755,2024-10-24 08:25:06
291,42,70,8,,,126.83075606332052,37.19622447464631,126.83852106529531,37.210231313852205,2024-10-24 08:25:20
292,53,54,8,,,126.82879492193186,37.20580419881937,126.83236149341089,37.2107705145264,2024-10-24 08:25:29
293,42,70,8,,,126.83120783696553,37.19640237968218,126.83822439494345,37.20879511682694,2024-10-24 08:25:42
294,42,70,8,,,126.83091257579136,37.1954238986781,126.83806821415905,37.20992522058046,2024-10-24 08:25:43
295,46,29,8,,,126.82996050676326,37.21291722565538,126.82771513778943,37.20145689265456,2024-10-24 08:26:21
296,54,33,8,,,126.83204552285973,37.20987154775066,126.82904896723134,37.20104991984659,2024-10-24 08:26:23
297,54,33,8,,,126.83275794981986,37.21117171989843,126.82982085521506,37.20017241039477,2024-10-24 08:27:11
298,33,54,8,,,126.82914966129711,37.201084780787504,126.8317136015426,37.20942382123917,2024-10-24 08:27:36
299,63,9,8,,,126.83558040533819,37.21127806921796,126.81479928627074,37.205385117837714,2024-10-24 08:28:00
300,17,58,8,,,126.82631261725209,37.19644750347927,126.8343232511478,37.20829063390265,2024-10-24 08:28:14
301,11,58,8,,,126.81481724180215,37.20830930436986,126.83568911354787,37.208411146532974,2024-10-24 08:28:44
302,17,70,8,,,126.82591539903925,37.19639468738388,126.83819237527008,37.210446714333976,2024-10-24 08:29:08
303,70,32,8,,,126.83699220873883,37.20957009061666,126.83136878817177,37.2020850164286,2024-10-24 08:29:11
304,17,12,8,,,126.82680917828337,37.195967997164956,126.8195492449088,37.20549424714907,2024-10-24 08:29:22
305,58,33,8,,,126.83466202526883,37.20772652449011,126.82912078152165,37.200397338143915,2024-10-24 08:29:25
306,72,31,8,,,126.81105267012079,37.20640848211843,126.82827210455906,37.1980165809955,2024-10-24 08:30:09
307,32,11,8,,,126.83197054917946,37.202070382107394,126.81387224494081,37.20814122169006,2024-10-24 08:30:14
308,56,17,8,,,126.83505657326478,37.20616908823654,126.82620168753819,37.19682856000467,2024-10-24 08:30:18
309,42,70,8,,,126.83205566618724,37.19633658399971,126.83728673908782,37.210107130017605,2024-10-24 08:30:19
310,56,31,8,,,126.83552975614484,37.20663744410099,126.83006337058944,37.19878540811134,2024-10-24 08:30:23
311,56,31,8,,,126.83513248407364,37.2050720601438,126.83008747895718,37.198238246920695,2024-10-24 08:30:27
312,70,42,8,,,126.83872680284445,37.2100470426023,126.83199664891382,37.195719284834844,2024-10-24 08:30:29
313,10,17,8,,,126.81643438874367,37.20852160918737,126.8273478060704,37.197048626078654,2024-10-24 08:31:02
314,50,37,8,,,126.82305274961351,37.2106261279772,126.82133285423576,37.19742326215563,2024-10-24 08:31:12
315,1,45,8,,,126.81572064590685,37.1988960588959,126.82434385942744,37.21239822767323,2024-10-24 08:31:41
316,70,42,8,,,126.83762956642508,37.209153141982746,126.83234112059665,37.196120434097935,2024-10-24 08:31:46
317,21,17,8,,,126.8192402249772,37.19547713945931,126.8255987483114,37.195956100445,2024-10-24 08:32:22
318,62,19,8,,,126.83830128233943,37.21169640773382,126.82954852336852,37.195274300368155,2024-10-24 08:32:47
319,59,33,8,,,126.83204722869408,37.20779525721016,126.82905098899715,37.20129728053085,2024-10-24 08:33:26
320,12,19,8,,,126.81913453623777,37.20521346430427,126.82851041275809,37.195833362287395,2024-10-24 08:33:28
321,72,18,8,,,126.81171518746622,37.20658031563199,126.82443021135683,37.19501806690369,2024-10-24 08:34:30
322,53,15,8,,,126.82954334493476,37.20640520220207,126.81705801094783,37.2064632273521,2024-10-24 08:34:39
323,42,70,8,,,126.83127607919498,37.19583904934815,126.83724711852156,37.20890005514449,2024-10-24 08:34:42
324,72,32,8,,,126.81075313876136,37.20706696745843,126.83183007491736,37.20101039340142,2024-10-24 08:34:50
325,11,64,8,,,126.8142299220919,37.2084444653524,126.84274677040592,37.202696577870896,2024-10-24 08:35:02
326,58,17,8,,,126.83588899977255,37.20814768416353,126.826685207305,37.19733016609928,2024-10-24 08:35:19
327,56,31,8,,,126.83503207512963,37.20541689405303,126.82861080081244,37.197373838991794,2024-10-24 08:35:20
328,39,20,8,,,126.82121222823353,37.20045851588045,126.81544426230951,37.19328290982055,2024-10-24 08:35:41
329,51,34,8,,,126.8188300233935,37.21136869811211,126.82172279327868,37.20310636564604,2024-10-24 08:35:44
330,33,58,8,,,126.83005532220982,37.199823077039326,126.83457622358704,37.20895026425505,2024-10-24 08:35:46
331,70,17,8,,,126.83869585420263,37.20952735413942,126.82634166098428,37.19747175971875,2024-10-24 08:35:47
332,42,70,8,,,126.83122441260095,37.195190888140175,126.837080831282,37.210072144507635,2024-10-24 08:35:56
333,64,25,8,,,126.84222513071064,37.20293813239342,126.82147893006446,37.19515232226659,2024-10-24 08:36:23
334,4,25,8,,,126.82264014684148,37.208523304578776,126.82086684999668,37.19391738850311,2024-10-24 08:36:52
335,49,69,8,,,126.82796721865199,37.214543207875316,126.83814659980682,37.20657022479834,2024-10-24 08:37:27
336,56,41,8,,,126.83567722260179,37.204902461752376,126.83403212028847,37.19632745148932,2024-10-24 08:37:39
337,67,45,8,,,126.83527521064448,37.203694625043646,126.8243080536139,37.21212855103515,2024-10-24 08:38:15
338,1,34,8,,,126.81633642994952,37.197733296182676,126.82197894573028,37.20334955151668,2024-10-24 08:38:19
339,22,62,8,,,126.8151372999962,37.19492143171751,126.83837391289715,37.212062579769594,2024-10-24 08:38:20
340,56,17,8,,,126.8342156060349,37.20470768994091,126.82614754846138,37.196669485379026,2024-10-24 08:38:43
341,58,33,8,,,126.835450545216,37.20776704313589,126.82952455119315,37.201107048401234,2024-10-24 08:39:38
342,42,70,8,,,126.83238437676714,37.196442617367474,126.83813084263521,37.20915999277384,2024-10-24 08:39:46
343,33,70,8,,,126.829328947148,37.199778127104786,126.83772256092655,37.20916034499995,2024-10-24 08:40:22
344,32,59,8,,,126.83233349088715,37.20171977022851,126.83223817435679,37.206468612322496,2024-10-24 08:40:29
345,32,59,8,,,126.83140807201839,37.200856068638814,126.83298234661922,37.20826842577174,2024-10-24 08:40:54
346,54,33,8,,,126.83203280139644,37.21118367082353,126.82851946919298,37.20025331570237,2024-10-24 08:41:07
347,59,12,8,,,126.83244780337175,37.20739602262974,126.81852148432618,37.20387926837941,2024-10-24 08:41:07
348,55,13,8,,,126.82953566018,37.2101088176742,126.81745899028205,37.204667746910836,2024-10-24 08:41:58
349,50,37,8,,,126.82252070160435,37.21120614575443,126.82159717647298,37.19679823153476,2024-10-24 08:41:58
350,49,35,8,,,126.82690790999631,37.21267325837324,126.81969374107076,37.20148520626105,2024-10-24 08:42:00
351,69,30,8,,,126.83707281867343,37.20720549723382,126.8325854132113,37.19803245962847,2024-10-24 08:42:01
352,58,33,8,,,126.83512915558951,37.20873663698654,126.82889361669102,37.20092011088496,2024-10-24 08:42:11
353,58,69,8,,,126.83437070150869,37.20881945188236,126.837382061967,37.20767388091127,2024-10-24 08:42:32
354,50,37,8,,,126.82186325044114,37.2115312651356,126.82111922445334,37.19671075739165,2024-10-24 08:43:08
355,1,29,8,,,126.8153329577622,37.198957867402605,126.82590353527922,37.201868161367926,2024-10-24 08:43:35
356,58,33,8,,,126.83466239128491,37.20900069933971,126.82945854778231,37.20008739962377,2024-10-24 08:43:47
357,33,58,8,,,126.8295633169363,37.20093637950249,126.83538751428304,37.20918714835179,2024-10-24 08:43:53
358,66,27,8,,,126.83689852024813,37.20451524662858,126.82754421753242,37.19955341893816,2024-10-24 08:43:54
359,37,30,8,,,126.82075623411433,37.19676872153403,126.83165388841293,37.198806445317175,2024-10-24 08:44:06
360,56,17,8,,,126.83582976981265,37.205200298825545,126.82577771554523,37.19582146692333,2024-10-24 08:44:20
361,31,35,8,,,126.82837397057847,37.197651854326615,126.81808512906896,37.20223970242949,2024-10-24 08:44:52
362,28,64,8,,,126.82907324089335,37.20414024200143,126.84292195427909,37.20261431050198,2024-10-24 08:44:54
363,64,10,8,,,126.84227020628573,37.20321022032474,126.81692950417685,37.21025163332413,2024-10-24 08:45:12
364,42,70,8,,,126.83174096631332,37.19589930912413,126.83743789697398,37.21041553369787,2024-10-24 08:45:12
365,56,31,8,,,126.83403860786476,37.205337769882426,126.82987288463487,37.19793462836107,2024-10-24 08:45:35
366,32,59,8,,,126.83114337676287,37.20235890509491,126.83153225208773,37.20810130632133,2024-10-24 08:45:36
367,59,33,8,,,126.83228072810347,37.20659698677627,126.8301118075858,37.200281138531786,2024-10-24 08:45:59
368,69,30,8,,,126.83838577546463,37.20681009703442,126.83146531417972,37.19871999367984,2024-10-24 08:46:11
369,54,33,8,,,126.8325661477439,37.210081291256046,126.83013748783911,37.20111941165578,2024-10-24 08:47:05
370,7,45,8,,,126.82718819848077,37.20777261609361,126.82577520578904,37.213482746301345,2024-10-24 08:47:07
371,70,42,8,,,126.83819931395398,37.210079211393655,126.83243215510451,37.19639281580586,2024-10-24 08:48:01
372,58,32,8,,,126.83602804574286,37.20790959517156,126.83156732239021,37.20178430030858,2024-10-24 08:48:25
373,56,41,8,,,126.83496012101777,37.20608065861273,126.83488247912594,37.19773428437953,2024-10-24 08:48:56
374,70,18,8,,,126.83829196899013,37.20891192743699,126.82385680178687,37.196270527919374,2024-10-24 08:49:03
375,11,70,8,,,126.8150598730676,37.20882358730862,126.83773481824333,37.209582431728165,2024-10-24 08:49:38
376,63,27,8,,,126.83463361418998,37.21039899278077,126.8262796418089,37.198999742144714,2024-10-24 08:49:39
377,53,72,8,,,126.82896976520463,37.20661110709725,126.81215522500258,37.20733980871717,2024-10-24 08:50:02
378,22,58,8,,,126.81515306833263,37.19500743347343,126.83604632871693,37.20757861655807,2024-10-24 08:50:26
379,42,70,8,,,126.83237577982794,37.19710972138139,126.8381596452793,37.20872643522887,2024-10-24 08:50:26
380,59,24,8,,,126.83263509687586,37.20806298145202,126.81814905536774,37.19072717864594,2024-10-24 08:50:28
381,31,36,8,,,126.82884261008157,37.19791125101593,126.82325985239352,37.198411623927406,2024-10-24 08:50:56
382,70,42,8,,,126.83756598288312,37.21051720522253,126.83237647763359,37.19651927460917,2024-10-24 08:51:02
383,24,49,8,,,126.81896131450819,37.19055842238507,126.82732471726906,37.21276564813658,2024-10-24 08:51:13
384,33,58,8,,,126.82947320955684,37.20079325383094,126.83589717578243,37.208820921558754,2024-10-24 08:51:30
385,71,7,8,,,126.8406301550122,37.20518028546259,126.82735777855679,37.20808256948858,2024-10-24 08:51:31
386,32,25,8,,,126.83168957148064,37.20177119733338,126.82139351672767,37.19383012224269,2024-10-24 08:51:32
387,70,19,8,,,126.83804064219846,37.20892585187418,126.82867716986813,37.19531228034532,2024-10-24 08:51:41
388,71,2,8,,,126.84038360251124,37.205063691906915,126.8214267942425,37.20530645200637,2024-10-24 08:51:42
389,33,58,8,,,126.82866856563531,37.2009768008854,126.83512131351928,37.209004350780624,2024-10-24 08:51:49
390,32,59,8,,,126.83165547048155,37.20125754372982,126.83294167581147,37.206393237410424,2024-10-24 08:52:10
391,42,70,8,,,126.83100396995009,37.1960879349972,126.83697306336775,37.20881466000509,2024-10-24 08:52:18
392,70,11,8,,,126.83796699990549,37.20871845073976,126.81477214660858,37.20832743787045,2024-10-24 08:52:28
393,17,58,8,,,126.82713660407768,37.196872310698375,126.83590926151322,37.20831879448546,2024-10-24 08:52:29
394,69,30,8,,,126.83717515984553,37.20733294694836,126.8322033274044,37.198506189451784,2024-10-24 08:52:46
395,40,43,8,,,126.83152251457459,37.19297663218908,126.82356832084751,37.19063688801297,2024-10-24 08:52:52
396,33,58,8,,,126.82976903158877,37.20036453339531,126.83576315348074,37.209096551805175,2024-10-24 08:52:59
397,42,70,8,,,126.83160580343394,37.19587913802384,126.8384525156783,37.21047206560515,2024-10-24 08:53:07
398,54,33,8,,,126.83363352679613,37.21056283962666,126.82867882937425,37.2006228452076,2024-10-24 08:53:11
399,33,58,8,,,126.8293352399465,37.20000204828045,126.83515298359389,37.207686707881805,2024-10-24 08:53:11
400,59,59,8,,,126.83260459622906,37.20832189132533,126.83155035789484,37.20683286404788,2024-10-24 08:53:26
401,56,31,8,,,126.83463052275701,37.20563096316784,126.82902503294875,37.19799484045285,2024-10-24 08:53:57
402,35,32,8,,,126.81810586029991,37.20245120049514,126.83214253914258,37.20256460463492,2024-10-24 08:54:03
403,59,8,8,,,126.83256331124115,37.20835135292616,126.82390507167396,37.20668180634569,2024-10-24 08:54:15
404,54,33,8,,,126.83327418459936,37.21023202620091,126.82847212738953,37.20111994551305,2024-10-24 08:54:25
405,42,70,8,,,126.83229688769714,37.19632472005061,126.83777991451007,37.20864388890526,2024-10-24 08:54:41
406,28,39,8,,,126.82988829886563,37.20372476803245,126.82170242214526,37.200352384578146,2024-10-24 08:55:52
407,69,30,8,,,126.8384603024091,37.20680087112786,126.831049590739,37.19932327136985,2024-10-24 08:56:31
408,47,51,8,,,126.82818765637467,37.210792045800424,126.819632885002,37.21093707143974,2024-10-24 08:56:38
409,45,72,8,,,126.82595713192846,37.21245658108203,126.81154412313015,37.20662007808787,2024-10-24 08:56:43
410,58,32,8,,,126.83443911040287,37.207706976843404,126.83164454727199,37.201075818881556,2024-10-24 08:56:45
411,47,39,8,,,126.82719601611464,37.211276544479375,126.8205610386964,37.19953100368145,2024-10-24 08:57:17
412,58,33,8,,,126.8342154680763,37.209306514052756,126.8284767190872,37.2013933452476,2024-10-24 08:57:31
413,58,33,8,,,126.83507425317597,37.208767174675906,126.83000861810821,37.20073916436294,2024-10-24 08:57:32
414,42,70,8,,,126.83156626328247,37.1966916335028,126.83829602120514,37.20961907081556,2024-10-24 08:57:38
415,56,31,8,,,126.83532785729054,37.20495792979159,126.82843840328967,37.19825072415055,2024-10-24 08:58:07
416,41,70,8,,,126.83504848572125,37.1975090834516,126.83748545727127,37.21028608862286,2024-10-24 08:58:08
417,11,17,8,,,126.81530096586081,37.20922518958036,126.8270026470934,37.196850071155325,2024-10-24 08:58:36
418,58,33,8,,,126.8349305126836,37.20814939572353,126.82934423364559,37.20118711285395,2024-10-24 08:58:45
419,58,33,8,,,126.83576003516212,37.20926327625627,126.82975653023506,37.201533285934865,2024-10-24 08:59:04
420,59,47,8,,,126.83150094187454,37.20775386489969,126.82845957679515,37.2107963163625,2024-10-24 08:59:32
421,70,17,8,,,126.83857221953498,37.21039160869453,126.82654154318361,37.19578817457856,2024-10-24 08:59:32
422,56,33,9,,,126.83476432830984,37.20662659577059,126.83013308780605,37.201657171001834,2024-10-24 09:00:02
423,56,33,9,,,126.83560306436014,37.206380734818694,126.8302585739613,37.19985206618054,2024-10-24 09:00:10
424,33,56,9,,,126.82913695039386,37.20073020783439,126.83535311515136,37.20467637158816,2024-10-24 09:00:27
425,41,70,9,,,126.83390023475755,37.19809360220357,126.83842688612306,37.20977991367449,2024-10-24 09:00:27
426,39,35,9,,,126.82126003143293,37.1998225997704,126.81982608696191,37.201142757438035,2024-10-24 09:00:50
427,58,33,9,,,126.83421273319311,37.20798302515645,126.82989285337541,37.19978672058354,2024-10-24 09:00:56
428,56,17,9,,,126.83460588366177,37.20554238397861,126.82628375925304,37.19740309741183,2024-10-24 09:02:12
429,33,56,9,,,126.82913905782225,37.201194460551505,126.83437159649228,37.2063280087266,2024-10-24 09:03:18
430,11,58,9,,,126.81341438471219,37.2077466016191,126.83521259908706,37.2083365802251,2024-10-24 09:03:19
431,70,33,9,,,126.83842740923807,37.208898217999284,126.83022243219234,37.201628610592245,2024-10-24 09:03:35
432,23,50,9,,,126.82174900751261,37.191917893941245,126.82164755967442,37.211615087191575,2024-10-24 09:03:56
433,32,59,9,,,126.83267736275687,37.20179439355258,126.83308363938632,37.20652643842017,2024-10-24 09:04:00
434,58,33,9,,,126.83500805155535,37.20807899358892,126.82879154815379,37.201572638817794,2024-10-24 09:04:30
435,50,38,9,,,126.82299974604614,37.21110104184154,126.82486720829161,37.20054988297466,2024-10-24 09:04:35
436,11,33,9,,,126.81339306380359,37.20745892674285,126.82972084591115,37.200861352657824,2024-10-24 09:04:35
437,70,33,9,,,126.8385507976591,37.210293511775106,126.82893566892551,37.20121283782338,2024-10-24 09:04:42
438,2,15,9,,,126.82187600578557,37.20684190325722,126.81614663201856,37.20609713860957,2024-10-24 09:04:42
439,33,56,9,,,126.82944218977667,37.20026433664352,126.8356076145587,37.20577631113273,2024-10-24 09:05:15
440,70,42,9,,,126.83683467154626,37.20964571208938,126.83167849733867,37.19551673546236,2024-10-24 09:05:53
441,56,33,9,,,126.83391090231551,37.20605031537248,126.8285796729615,37.200619396280885,2024-10-24 09:06:13
442,56,31,9,,,126.8354089179811,37.20491409710581,126.82820879304322,37.19767347808483,2024-10-24 09:06:30
443,56,17,9,,,126.83438262181885,37.20619418259271,126.82658146724023,37.197391045675275,2024-10-24 09:08:00
444,56,40,9,,,126.83475335757566,37.20661922911188,126.83046839946063,37.19256424819758,2024-10-24 09:08:13
445,2,62,9,,,126.82288852995373,37.206401284126905,126.83788395573491,37.212647145246514,2024-10-24 09:09:14
446,58,33,9,,,126.83446074473112,37.20886165382457,126.82936028410288,37.20157181526787,2024-10-24 09:09:22
447,56,31,9,,,126.83444616401229,37.20579777035156,126.82899420471526,37.19767873581735,2024-10-24 09:09:42
448,70,42,9,,,126.83763880541828,37.20855228506424,126.8312437312525,37.19558138863918,2024-10-24 09:10:16
449,72,72,9,,,126.81154100064518,37.20638731757426,126.81088334062385,37.20680406864968,2024-10-24 09:10:36
450,70,11,9,,,126.83853370359463,37.21040184945305,126.81515380659113,37.20836286289366,2024-10-24 09:12:13
451,11,32,9,,,126.8147759591439,37.20913195403893,126.83261818213676,37.200972193999306,2024-10-24 09:12:52
452,33,56,9,,,126.82981878231712,37.20083985507253,126.83470532174891,37.20606834209285,2024-10-24 09:14:08
453,56,33,9,,,126.83555842500338,37.2065791764531,126.8289600036766,37.20065521275947,2024-10-24 09:14:52
454,51,37,9,,,126.81924437058423,37.210003568949325,126.82059716462201,37.197498820947565,2024-10-24 09:15:03
455,17,12,9,,,126.8259559272873,37.196596760654494,126.81943074582352,37.20490209791069,2024-10-24 09:15:05
456,56,33,9,,,126.83479886346167,37.20568180780222,126.82900142167749,37.199681908002404,2024-10-24 09:15:26
457,50,47,9,,,126.82263889481005,37.21209602525178,126.82784005122512,37.2102199097849,2024-10-24 09:15:49
458,72,56,9,,,126.81104729240226,37.206325376945664,126.83507814577973,37.20620279325789,2024-10-24 09:15:56
459,70,54,9,,,126.83874110332091,37.20937916098274,126.83195663539496,37.211138592965774,2024-10-24 09:16:15
460,50,50,9,,,126.82174546320897,37.211111273680245,126.82240102391127,37.21188738675861,2024-10-24 09:16:17
461,58,33,9,,,126.83435856679445,37.20844843004201,126.8295021329137,37.200664947946905,2024-10-24 09:16:20
462,33,56,9,,,126.82936718534822,37.20004964697834,126.83444337918147,37.206273348074376,2024-10-24 09:16:27
463,23,49,9,,,126.82041490797312,37.19249180390659,126.82836101077363,37.214077909571614,2024-10-24 09:16:27
464,42,70,9,,,126.83085917032594,37.19562075652532,126.83757271483522,37.20938578520897,2024-10-24 09:16:31
465,39,57,9,,,126.82082359816096,37.2003828259293,126.83150110679843,37.20432358504931,2024-10-24 09:16:34
466,23,50,9,,,126.82047396112277,37.191303113333284,126.82227894782396,37.210658654541966,2024-10-24 09:16:34
467,58,33,9,,,126.83500204664645,37.20763108019891,126.82953193818628,37.20057252654896,2024-10-24 09:16:41
468,37,51,9,,,126.82042482268648,37.19784982077651,126.82011801905725,37.20972783105794,2024-10-24 09:16:49
469,56,31,9,,,126.83416250604535,37.206377014473816,126.82858957575404,37.198582443228595,2024-10-24 09:18:55
470,71,64,9,,,126.8408979624385,37.20417470980824,126.84255607517034,37.20404805330192,2024-10-24 09:19:06
471,56,17,9,,,126.83424548443732,37.20583663466472,126.82599088884213,37.197727640554405,2024-10-24 09:19:11
472,23,50,9,,,126.82088073539035,37.19155444553082,126.82190249742708,37.21121903278628,2024-10-24 09:19:19
473,56,33,9,,,126.83506459698864,37.20531842960329,126.82928494918544,37.2007980670862,2024-10-24 09:19:21
474,50,50,9,,,126.82255971090225,37.21233787883479,126.82200574566203,37.21184473383861,2024-10-24 09:20:18
475,58,19,9,,,126.83568000043654,37.20773291319161,126.82813248158097,37.19554114435913,2024-10-24 09:20:25
476,41,56,9,,,126.83338964304971,37.19716441790665,126.83440190984481,37.20514631876853,2024-10-24 09:20:27
477,40,72,9,,,126.83061861249112,37.19283671148969,126.8111937908929,37.206510416875574,2024-10-24 09:20:33
478,70,42,9,,,126.83730390118625,37.2100186812722,126.83249459934733,37.195851940410854,2024-10-24 09:20:44
479,37,51,9,,,126.82178343964954,37.19731307544115,126.81886925921239,37.20962385195843,2024-10-24 09:21:02
480,58,33,9,,,126.83544918419038,37.20879081375985,126.82833960332054,37.20001707467165,2024-10-24 09:21:06
481,58,33,9,,,126.83597492918679,37.207616697726074,126.82862502763987,37.20161440963307,2024-10-24 09:21:09
482,42,70,9,,,126.8313473630221,37.195470667698096,126.83828848193002,37.20917780462838,2024-10-24 09:21:26
483,70,17,9,,,126.83697450733908,37.20908204521476,126.8264097013314,37.196515256575076,2024-10-24 09:21:50
484,50,50,9,,,126.82160728411371,37.21089466222547,126.82235834212992,37.211841916531625,2024-10-24 09:22:15
485,58,33,9,,,126.83540166796395,37.208240117608064,126.82967638474683,37.20133483580273,2024-10-24 09:22:18
486,41,70,9,,,126.83409703276882,37.19707640112174,126.83812080691588,37.210186599779014,2024-10-24 09:22:29
487,23,50,9,,,126.82163142345694,37.19139949809333,126.82175942156756,37.21092412921927,2024-10-24 09:22:43
488,32,59,9,,,126.83264240964907,37.201261158237045,126.8327310364734,37.20831079413179,2024-10-24 09:23:02
489,56,33,9,,,126.83543323775297,37.20643122860903,126.82956663242173,37.19975766871568,2024-10-24 09:23:27
490,17,58,9,,,126.82674830449577,37.19765281306126,126.83477054838387,37.209030263794084,2024-10-24 09:23:30
491,56,17,9,,,126.83512925331335,37.20636501668549,126.82663792184584,37.1966259743641,2024-10-24 09:23:56
492,50,50,9,,,126.82261409953097,37.21219154928052,126.82279135089419,37.212127990183696,2024-10-24 09:24:01
493,37,72,9,,,126.82145459577771,37.19753204332196,126.81236930350424,37.207744879522565,2024-10-24 09:24:09
494,56,33,9,,,126.83465241724342,37.20514369785005,126.82864532353574,37.20147338340203,2024-10-24 09:24:36
495,23,50,9,,,126.82126260456013,37.19097805003513,126.82191629734801,37.210881476912036,2024-10-24 09:25:19
496,70,42,9,,,126.83827316327722,37.210237541274296,126.83161051283514,37.195323291194164,2024-10-24 09:25:41
497,32,56,9,,,126.83149068580244,37.20188608374718,126.83579565879822,37.205744204357984,2024-10-24 09:25:55
498,10,17,9,,,126.81784440726618,37.20923533660506,126.82556611943154,37.19652463294086,2024-10-24 09:26:06
499,56,40,9,,,126.83552064337577,37.20482158145494,126.83106186622906,37.19250630096181,2024-10-24 09:26:09
500,58,33,9,,,126.8352698402468,37.20918028261,126.82968015747542,37.20039660779006,2024-10-24 09:26:24
501,50,50,9,,,126.82180896638243,37.21050941376183,126.82278689365897,37.21105720333621,2024-10-24 09:26:32
502,50,50,9,,,126.82260758804705,37.21055889822386,126.82256378048902,37.21089516254674,2024-10-24 09:27:00
503,1,51,9,,,126.81512229650097,37.19758619805718,126.81884072379951,37.20985519174756,2024-10-24 09:27:01
504,56,33,9,,,126.83536070643505,37.205894127841276,126.82917273525894,37.201176247178495,2024-10-24 09:27:03
505,33,56,9,,,126.83023286896572,37.19982382135199,126.8343951454965,37.20556091478405,2024-10-24 09:27:05
506,58,33,9,,,126.83520620910139,37.20762351022597,126.82886920884889,37.200897876975695,2024-10-24 09:27:27
507,23,28,9,,,126.8204132121244,37.19160964039573,126.82961420197182,37.202849078379,2024-10-24 09:28:25
508,50,69,9,,,126.82252898626204,37.21169336531006,126.83756759497292,37.20656979284459,2024-10-24 09:28:33
509,11,33,9,,,126.81519838711286,37.208486979731084,126.82879560596571,37.20144386554828,2024-10-24 09:28:37
510,1,66,9,,,126.81524378538202,37.197766341352164,126.83823896147932,37.20489618888931,2024-10-24 09:28:55
511,55,24,9,,,126.83064669089293,37.208317349356406,126.81772504503645,37.19121523966302,2024-10-24 09:29:01
512,50,38,9,,,126.82157658728946,37.21071240277839,126.82466255433079,37.20076371460037,2024-10-24 09:29:23
513,37,51,9,,,126.82137022666835,37.1973212910652,126.81874718855572,37.210235477480374,2024-10-24 09:29:25
514,33,56,9,,,126.82897681461141,37.20095559734825,126.8358564091994,37.20659757773953,2024-10-24 09:29:37
515,72,33,9,,,126.81090328372258,37.207500889930365,126.830016100789,37.200249134912475,2024-10-24 09:29:41
516,33,58,9,,,126.82846630987055,37.20013007087315,126.83536080993649,37.208668992088526,2024-10-24 09:29:50
517,58,19,9,,,126.83455919037209,37.20816103003978,126.82970597736791,37.1955313664299,2024-10-24 09:30:02
518,49,2,9,,,126.82770792785331,37.21464415720551,126.82194508866993,37.205671238955716,2024-10-24 09:30:39
519,37,51,9,,,126.82097236906255,37.19740481062338,126.81955836064016,37.21130167482015,2024-10-24 09:30:45
520,51,37,9,,,126.82023976002401,37.21055069005258,126.82128235862757,37.19741423039722,2024-10-24 09:31:13
521,33,56,9,,,126.82833317372273,37.19977801274262,126.83490844649434,37.20498568644339,2024-10-24 09:32:29
522,50,38,9,,,126.82221132502936,37.21070961239119,126.82340098695144,37.20224316817263,2024-10-24 09:32:57
523,50,38,9,,,126.82157462023456,37.21119711426845,126.82407374266204,37.20176370032783,2024-10-24 09:32:58
524,51,16,9,,,126.81906886190761,37.209997058678304,126.8237362847311,37.19355766361576,2024-10-24 09:33:25
525,32,59,9,,,126.83246477024373,37.20166816271867,126.83172756462177,37.20708212993395,2024-10-24 09:33:29
526,72,33,9,,,126.81228179293349,37.20644302977456,126.829449914834,37.199815443833025,2024-10-24 09:34:30
527,58,33,9,,,126.83555833762145,37.20803163020232,126.82916142384776,37.2012000028657,2024-10-24 09:34:35
528,25,1,9,,,126.82096908907562,37.195373966603015,126.81656109270416,37.19868291686268,2024-10-24 09:35:00
529,50,46,9,,,126.82169964559473,37.210849420140825,126.83112760665989,37.21204787285788,2024-10-24 09:35:13
530,33,56,9,,,126.82877380637163,37.20150408729524,126.83529330513302,37.206445465211,2024-10-24 09:36:03
531,58,33,9,,,126.83415721349402,37.2092361036583,126.82894721867854,37.200387979278446,2024-10-24 09:36:03
532,11,17,9,,,126.81378523938567,37.20801568625273,126.82571586219268,37.19669089079869,2024-10-24 09:36:18
533,33,56,9,,,126.82834855857263,37.20162074156083,126.83525679561235,37.20626923373478,2024-10-24 09:36:34
534,11,17,9,,,126.81358060542672,37.20804325058023,126.82707526266961,37.19772708899565,2024-10-24 09:36:40
535,51,1,9,,,126.81998518493785,37.21080625498327,126.81622609070946,37.199077082724166,2024-10-24 09:36:41
536,33,56,9,,,126.82838007693773,37.20079280259246,126.83453769909457,37.206500452015455,2024-10-24 09:37:04
537,42,70,9,,,126.83208611967251,37.195475247580674,126.83827315992676,37.20859336151609,2024-10-24 09:37:14
538,32,59,9,,,126.83283302454906,37.20172313736428,126.83273126649097,37.20746205130799,2024-10-24 09:37:18
539,50,38,9,,,126.82252984496884,37.21166155026622,126.82395111661288,37.20121126954428,2024-10-24 09:38:05
540,51,37,9,,,126.81968460444342,37.21043026516967,126.82109200753769,37.197792997052275,2024-10-24 09:38:20
541,27,9,9,,,126.82711204749747,37.200313228417706,126.81420915540812,37.204474346711976,2024-10-24 09:38:24
542,1,19,9,,,126.81604102216927,37.19719275718091,126.82931274927824,37.19564865946226,2024-10-24 09:38:29
543,33,56,9,,,126.8284073973189,37.200616783439656,126.83575989932828,37.2047916154128,2024-10-24 09:38:41
544,69,30,9,,,126.83690887450375,37.20605747806576,126.83256358166969,37.19947758667507,2024-10-24 09:38:41
545,56,19,9,,,126.83562476339802,37.205177605425504,126.82922478775045,37.19600580536167,2024-10-24 09:39:05
546,54,33,9,,,126.83322211448028,37.20942188779656,126.82904799692163,37.20131234848036,2024-10-24 09:39:05
547,31,58,9,,,126.82892537741728,37.19800857149069,126.8347928100412,37.207763477422496,2024-10-24 09:39:52
548,23,50,9,,,126.82093113608806,37.19224173252177,126.82311832187536,37.211459302088116,2024-10-24 09:40:06
549,42,70,9,,,126.83119221416777,37.195387642098616,126.83722043617655,37.21043408714277,2024-10-24 09:40:34
550,37,51,9,,,126.8218078564994,37.197217009809776,126.81924131880494,37.2094786404481,2024-10-24 09:40:39
551,58,33,9,,,126.83470292108926,37.208901013879846,126.82836792218971,37.20154834135456,2024-10-24 09:40:57
552,23,50,9,,,126.82060669925507,37.19220065920742,126.82202260418995,37.2109791755931,2024-10-24 09:41:15
553,58,19,9,,,126.83585300451846,37.20883178694188,126.82806711934356,37.194208204824086,2024-10-24 09:42:03
554,41,56,9,,,126.834469137911,37.19718756015222,126.83417970875948,37.20555864255876,2024-10-24 09:42:40
555,59,33,9,,,126.83235804311997,37.20653191765986,126.82931349338894,37.20038603065541,2024-10-24 09:42:50
556,42,70,9,,,126.83170264242027,37.196097407781245,126.83757084380379,37.2090243778923,2024-10-24 09:43:12
557,56,31,9,,,126.83544649817776,37.20623211655428,126.82958982603591,37.19765598718522,2024-10-24 09:43:15
558,37,51,9,,,126.82103999061793,37.19673215749236,126.81887770560508,37.21014078958644,2024-10-24 09:43:16
559,56,33,9,,,126.8346251751668,37.20597120693461,126.8293831223062,37.199792444236486,2024-10-24 09:43:20
560,33,56,9,,,126.82954731209959,37.200999292323466,126.83488443847612,37.20560932760019,2024-10-24 09:43:32
561,50,50,9,,,126.82215665269412,37.211127321895276,126.82160783831897,37.211285601686605,2024-10-24 09:43:37
562,50,38,9,,,126.82217860966475,37.2118554574669,126.82510028183094,37.20182507799673,2024-10-24 09:44:02
563,50,38,9,,,126.8229794744238,37.210719239038745,126.82464982724491,37.20217955733425,2024-10-24 09:44:14
564,56,33,9,,,126.83565757644665,37.2052466503017,126.82850095334648,37.20141897293884,2024-10-24 09:44:22
565,50,11,9,,,126.82171205115885,37.21182990144957,126.8144523518365,37.20848248912129,2024-10-24 09:44:53
566,10,17,9,,,126.8162761567255,37.21008736978312,126.82564288578085,37.19749021340385,2024-10-24 09:45:10
567,23,50,9,,,126.81989253024393,37.19200306093484,126.822988675408,37.21064608233192,2024-10-24 09:45:59
568,69,30,9,,,126.83705106338785,37.2071692720271,126.83086312064393,37.19894857853838,2024-10-24 09:46:01
569,33,56,9,,,126.82897773305666,37.201458834398366,126.83418863089659,37.20615413782199,2024-10-24 09:46:13
570,58,19,9,,,126.83519409602233,37.207744360735795,126.82916622954491,37.19405177824106,2024-10-24 09:46:13
571,37,51,9,,,126.82102089209421,37.19759535395358,126.81928542370909,37.21096372393848,2024-10-24 09:46:24
572,33,56,9,,,126.8293158590807,37.20111411000455,126.83401612257201,37.20659156594782,2024-10-24 09:47:03
573,56,31,9,,,126.83464687205627,37.206515591521125,126.82874479983049,37.19875079379635,2024-10-24 09:47:25
574,33,56,9,,,126.82968235662837,37.20011749736962,126.83521620114723,37.20633865349701,2024-10-24 09:47:35
575,72,15,9,,,126.81155878320679,37.207967157954336,126.81694821061966,37.20701875599347,2024-10-24 09:47:50
576,33,56,9,,,126.82875171272232,37.19996784215729,126.83402962994595,37.20555493861089,2024-10-24 09:48:16
577,42,70,9,,,126.83214625489909,37.19553468994818,126.83695705054302,37.210202092916155,2024-10-24 09:48:21
578,56,31,9,,,126.83440383918817,37.20528711271617,126.82887562277077,37.198537396951906,2024-10-24 09:48:33
579,50,38,9,,,126.8220031548601,37.21078386402884,126.82358258292794,37.20123037771172,2024-10-24 09:49:50
580,17,12,9,,,126.82665760572158,37.19759279557284,126.81923865315403,37.20464306283907,2024-10-24 09:50:11
581,70,17,9,,,126.83726776382677,37.20985093588758,126.82723732897604,37.19626616660831,2024-10-24 09:50:33
582,23,50,9,,,126.82181257914955,37.19102775444096,126.82186456053599,37.21145835542786,2024-10-24 09:50:37
583,58,33,9,,,126.83542541901852,37.20824215663392,126.82990182944087,37.201233386063514,2024-10-24 09:51:03
584,58,19,9,,,126.83559309776703,37.20770496904711,126.82872496660163,37.194737900037914,2024-10-24 09:51:22
585,11,70,9,,,126.81343879932213,37.20898459380201,126.83739726010185,37.20954732099662,2024-10-24 09:51:29
586,11,17,9,,,126.8139226372295,37.20730260397131,126.82649451012432,37.19711663995715,2024-10-24 09:51:37
587,26,47,9,,,126.81918180522761,37.19420715294103,126.82735329574396,37.21058854577719,2024-10-24 09:51:59
588,58,33,9,,,126.83610781199891,37.208400683854094,126.82948900037127,37.19981176654569,2024-10-24 09:52:04
589,50,38,9,,,126.82276024878374,37.21185962465027,126.82516425372634,37.20062120230623,2024-10-24 09:52:43
590,70,42,9,,,126.83828365987262,37.210091301210646,126.83214283093938,37.19620851164068,2024-10-24 09:52:44
591,58,33,9,,,126.83465157339229,37.209103668347566,126.82981382614561,37.200409521726144,2024-10-24 09:53:27
592,56,17,9,,,126.83432261514962,37.20505615860532,126.82610725040418,37.19588835590888,2024-10-24 09:53:34
593,58,19,9,,,126.83468701478313,37.20773831497974,126.82897298238217,37.19420332618915,2024-10-24 09:54:00
594,50,50,9,,,126.82158287826975,37.21062564117811,126.82175329384357,37.21224447233519,2024-10-24 09:54:20
595,72,56,9,,,126.81230566681907,37.206961907415874,126.83481424541274,37.20529542243051,2024-10-24 09:54:40
596,33,56,9,,,126.82867280705945,37.20154520668995,126.83495750051057,37.206479016981866,2024-10-24 09:55:02
597,58,33,9,,,126.83518078789214,37.20831730374081,126.83026437455298,37.200191682166015,2024-10-24 09:55:05
598,50,2,9,,,126.82265573490632,37.21157432564723,126.82246977147972,37.20503959262916,2024-10-24 09:55:27
599,12,19,9,,,126.8193996322502,37.20562145574072,126.82941126554357,37.19518977838643,2024-10-24 09:55:41
600,42,70,9,,,126.83128091493181,37.19668712621881,126.83721833329656,37.21040366360391,2024-10-24 09:55:44
601,12,19,9,,,126.81885094044932,37.204429991905265,126.82918661396621,37.194321349625476,2024-10-24 09:55:52
602,54,33,9,,,126.83319189668634,37.21070704697872,126.82875135724744,37.20054851602382,2024-10-24 09:56:09
603,56,33,9,,,126.83415720406659,37.2055620828183,126.82919684527518,37.20138108606422,2024-10-24 09:57:07
604,70,42,9,,,126.8368379228393,37.20992645091132,126.83206874216344,37.19578542789188,2024-10-24 09:57:18
605,51,37,9,,,126.81902917172255,37.21030709261583,126.82185250844634,37.197554399309645,2024-10-24 09:57:20
606,58,33,9,,,126.8347363781364,37.2087754653423,126.82933331850965,37.200701281119954,2024-10-24 09:57:49
607,42,70,9,,,126.83136916703751,37.19670670682745,126.83808540527845,37.20953813572932,2024-10-24 09:57:52
608,33,56,9,,,126.82837764238474,37.20096557176795,126.83466306884509,37.20545347588916,2024-10-24 09:58:35
609,70,11,9,,,126.83691069625893,37.208564105444815,126.8151663643426,37.20798508630933,2024-10-24 09:58:54
610,51,37,9,,,126.81871383162681,37.21013746747455,126.82189117854844,37.19669667314048,2024-10-24 09:59:05
611,49,14,9,,,126.82783674886055,37.21404617370843,126.81919008718933,37.20818544708821,2024-10-24 09:59:22
612,58,33,9,,,126.83590590898872,37.20799618357494,126.82837298587977,37.20120864344534,2024-10-24 09:59:37
613,51,37,10,,,126.81994803860503,37.21077288541356,126.82164779616147,37.19692124995691,2024-10-24 10:01:13
614,50,37,10,,,126.8229666782921,37.21117624583803,126.82194643980436,37.19704550230686,2024-10-24 10:01:22
615,51,37,10,,,126.81903263423146,37.210598774799806,126.82156182742737,37.19715678661396,2024-10-24 10:01:29
616,50,38,10,,,126.82337431237146,37.2118113148161,126.82400597964768,37.20083856498669,2024-10-24 10:01:44
617,26,37,10,,,126.81798957805354,37.19289185408993,126.821483508972,37.1980412175627,2024-10-24 10:02:12
618,51,37,10,,,126.81997530691824,37.21016977399556,126.82150701622176,37.19796610303784,2024-10-24 10:02:33
619,51,37,10,,,126.82051537800261,37.21051566665766,126.82122207455268,37.19780001154207,2024-10-24 10:02:41
620,56,33,10,,,126.83500972084758,37.20565677795732,126.82994847998886,37.2004230580494,2024-10-24 10:03:26
621,70,17,10,,,126.83740901433107,37.20992071899946,126.82547023221277,37.19727682813769,2024-10-24 10:04:14
622,56,32,10,,,126.83453720559787,37.205166145027405,126.83235508361172,37.20215564107474,2024-10-24 10:04:19
623,51,37,10,,,126.81929106925467,37.211067076789554,126.82171641049003,37.19700525929478,2024-10-24 10:04:27
624,50,38,10,,,126.82176846178226,37.21144495303999,126.82453024380416,37.20055934431564,2024-10-24 10:04:51
625,56,33,10,,,126.83551125228357,37.20556110848244,126.83002745182577,37.200561980035694,2024-10-24 10:05:22
626,51,37,10,,,126.82047524877078,37.211121880931564,126.82053753555248,37.19644294836661,2024-10-24 10:06:29
627,50,37,10,,,126.82250474169126,37.21235037000869,126.82083293237524,37.19662558459681,2024-10-24 10:06:50
628,33,56,10,,,126.82865448378372,37.1998141836679,126.83537269987866,37.20539383506111,2024-10-24 10:07:08
629,70,17,10,,,126.8371093866224,37.20859007358125,126.8258054242808,37.19711014859913,2024-10-24 10:07:16
630,50,37,10,,,126.82167577365489,37.211329398472714,126.82177750144285,37.19759947197772,2024-10-24 10:07:40
631,51,37,10,,,126.81969014287407,37.21098890926255,126.82181666450033,37.19764160732987,2024-10-24 10:07:46
632,50,38,10,,,126.82311216091169,37.211441586810516,126.82505745024352,37.201486861680756,2024-10-24 10:08:02
633,10,17,10,,,126.81762537092219,37.20851910411583,126.82681502905417,37.196378070207366,2024-10-24 10:08:11
634,10,17,10,,,126.81767092177661,37.20836217618607,126.82566704992136,37.197734774716565,2024-10-24 10:08:17
635,50,37,10,,,126.82186325036147,37.21186286239606,126.82115295353235,37.19740117718929,2024-10-24 10:08:27
636,56,31,10,,,126.8348849752621,37.20560907860568,126.82897159703069,37.198625473494744,2024-10-24 10:08:55
637,60,49,10,,,126.83310119816238,37.21228557169039,126.82777404769877,37.21443562968745,2024-10-24 10:09:06
638,25,2,10,,,126.82150178499266,37.195560064041054,126.8222103953668,37.205743365526914,2024-10-24 10:09:18
639,56,41,10,,,126.83539375148887,37.206286596612784,126.83374437894942,37.19701437679321,2024-10-24 10:09:35
640,50,38,10,,,126.82281071108451,37.211133280590474,126.82414400996701,37.20187759479614,2024-10-24 10:09:46
641,56,33,10,,,126.83502541818152,37.20632098533541,126.82842340560788,37.20164136611388,2024-10-24 10:10:08
642,11,32,10,,,126.81456426434977,37.20732643220413,126.83158943609568,37.20123807428027,2024-10-24 10:10:08
643,36,62,10,,,126.82295266498616,37.19761334204947,126.83869102647131,37.21153064032894,2024-10-24 10:10:29
644,50,37,10,,,126.82279851296903,37.2106317476104,126.82182177952639,37.197230373993186,2024-10-24 10:10:51
645,50,38,10,,,126.82293903444258,37.212208156328344,126.82361155042955,37.20074834961589,2024-10-24 10:11:07
646,56,33,10,,,126.83489202563041,37.2047926497779,126.83025456347498,37.200147566497755,2024-10-24 10:11:17
647,50,37,10,,,126.82299629561494,37.212444843431854,126.82110749646577,37.19667597570844,2024-10-24 10:11:24
648,11,17,10,,,126.81514251968383,37.20796501982201,126.82629764230757,37.19631960377965,2024-10-24 10:11:47
649,50,38,10,,,126.82139630162654,37.211702797576166,126.82477901941391,37.20082449332399,2024-10-24 10:11:49
650,49,2,10,,,126.82751234882797,37.213404797026314,126.82102109723327,37.205242794643375,2024-10-24 10:12:37
651,50,38,10,,,126.82291032294891,37.21080037226788,126.82477970792078,37.20211908653076,2024-10-24 10:12:51
652,56,41,10,,,126.83576916222643,37.205018006094015,126.8341498923435,37.19698174825861,2024-10-24 10:13:22
653,50,37,10,,,126.82302638675567,37.211048468672125,126.82153156628529,37.19743385646103,2024-10-24 10:13:35
654,50,38,10,,,126.82335375737105,37.21118585344504,126.82514214678729,37.20210540268789,2024-10-24 10:13:40
655,19,10,10,,,126.82854770720714,37.195647719583775,126.817615026002,37.20869318208504,2024-10-24 10:13:45
656,51,34,10,,,126.81903187626085,37.21094177569264,126.82168729206678,37.20358321422769,2024-10-24 10:14:17
657,15,21,10,,,126.81775199863642,37.20667434141303,126.81944709326443,37.196119717886255,2024-10-24 10:14:58
658,56,41,10,,,126.83461900766528,37.20464731318854,126.8348356257582,37.19746327763972,2024-10-24 10:15:08
659,56,33,10,,,126.83457267495923,37.20633155417216,126.82951417568054,37.20120061566409,2024-10-24 10:15:13
660,70,17,10,,,126.83794127430473,37.21002435477048,126.82697423379201,37.19624483118673,2024-10-24 10:15:18
661,50,38,10,,,126.82191754133083,37.21185590416736,126.82320895299051,37.20113872683426,2024-10-24 10:15:22
662,51,37,10,,,126.82003793101262,37.20942486512833,126.82193121099766,37.1982373637997,2024-10-24 10:16:00
663,26,67,10,,,126.8179921815881,37.19322131082727,126.83561055918156,37.20309959783459,2024-10-24 10:16:14
664,14,23,10,,,126.82010359852652,37.20713705925624,126.81992525244722,37.19262764100721,2024-10-24 10:16:27
665,10,17,10,,,126.81680266603819,37.21027506234809,126.82600330086821,37.19586754147678,2024-10-24 10:16:56
666,59,11,10,,,126.83337483463997,37.206924969357196,126.81423160266425,37.20919811661649,2024-10-24 10:16:56
667,50,37,10,,,126.82283358019066,37.2111400126527,126.82043480154888,37.19803829105063,2024-10-24 10:17:36
668,50,37,10,,,126.82275707524754,37.211998435944146,126.82103387800862,37.19699374246403,2024-10-24 10:17:39
669,28,25,10,,,126.82992469759569,37.20290068899031,126.82161112095399,37.19430930502208,2024-10-24 10:18:06
670,47,44,10,,,126.82747257670509,37.21180125132633,126.82115956239174,37.18820895960283,2024-10-24 10:19:55
671,51,37,10,,,126.8187948251393,37.20994763917575,126.82200902756546,37.198049960538995,2024-10-24 10:20:12
672,33,56,10,,,126.8284135442635,37.20014087943426,126.8355884387178,37.20578645890866,2024-10-24 10:20:18
673,50,38,10,,,126.8227981105652,37.21192599465139,126.82495981422566,37.2008704695577,2024-10-24 10:20:51
674,26,19,10,,,126.81794217875925,37.19399568052463,126.82786978493195,37.19439024533415,2024-10-24 10:20:56
675,11,17,10,,,126.81521047257414,37.20750218863518,126.82725388289734,37.195870915643425,2024-10-24 10:22:38
676,50,38,10,,,126.82182410056025,37.211953613428335,126.82473864238611,37.20138898264436,2024-10-24 10:23:25
677,51,37,10,,,126.81890008119437,37.210043573651184,126.82087297685132,37.19743027666853,2024-10-24 10:23:30
678,2,30,10,,,126.8213471358351,37.206798898205555,126.83130506068323,37.19854754420498,2024-10-24 10:24:27
679,15,56,10,,,126.81584308250436,37.207350917204046,126.83580384717825,37.20604404089965,2024-10-24 10:24:29
680,51,37,10,,,126.82047867753208,37.21131952636117,126.82132281423827,37.19793729918711,2024-10-24 10:25:28
681,50,38,10,,,126.82254542157713,37.21197397786666,126.82480087767763,37.202309219901444,2024-10-24 10:26:30
682,12,19,10,,,126.81829953751458,37.20432953304402,126.82792479603967,37.19522906146267,2024-10-24 10:26:30
683,54,33,10,,,126.83221555460605,37.21111809435414,126.83001561653349,37.200437213843884,2024-10-24 10:27:19
684,51,37,10,,,126.81914330747433,37.209457638596454,126.82068312712546,37.19839336276014,2024-10-24 10:27:32
685,56,33,10,,,126.83502299173092,37.2054675963883,126.82849606447124,37.19966612229532,2024-10-24 10:27:32
686,11,58,10,,,126.814283973112,37.209022690464984,126.8348991100213,37.20763409770424,2024-10-24 10:28:07
687,50,37,10,,,126.82255882705691,37.21244192474953,126.821942341,37.19753080752347,2024-10-24 10:28:15
688,31,58,10,,,126.82884764641972,37.19783644962556,126.83433593658852,37.20855070253748,2024-10-24 10:28:15
689,72,15,10,,,126.81259351259382,37.20808940601408,126.81689091855996,37.20614826515757,2024-10-24 10:28:26
690,51,37,10,,,126.81890449322148,37.21108069457115,126.82049621580401,37.19786113616019,2024-10-24 10:28:35
691,11,58,10,,,126.81509521628453,37.20765604893,126.8353945882469,37.208510282718635,2024-10-24 10:28:37
692,51,37,10,,,126.8194612975878,37.211350044810466,126.82065957516959,37.19649905434811,2024-10-24 10:29:17
693,11,17,10,,,126.81411590862852,37.208900504119725,126.82677204527978,37.1958286048276,2024-10-24 10:29:34
694,33,56,10,,,126.82851678899937,37.199979990419024,126.83428869822329,37.205054020246386,2024-10-24 10:29:38
695,49,37,10,,,126.82720194301433,37.21359287188894,126.82038402540645,37.19696072769771,2024-10-24 10:30:01
696,56,33,10,,,126.83587007118601,37.20527504234779,126.82834981163512,37.201156260793674,2024-10-24 10:30:31
697,33,56,10,,,126.83000579834547,37.19981320164349,126.83454616352404,37.20523273651918,2024-10-24 10:30:48
698,48,68,10,,,126.83075691345142,37.21472206733136,126.83991909813437,37.20135511818124,2024-10-24 10:32:08
699,32,58,10,,,126.83215533675154,37.20232396471073,126.83458424492427,37.208975141689244,2024-10-24 10:32:43
700,12,9,10,,,126.81921677054993,37.20487769728655,126.81410731879213,37.20626726094317,2024-10-24 10:32:44
701,70,10,10,,,126.83870408050092,37.20970514184093,126.8173586640839,37.209758509602715,2024-10-24 10:32:47
702,33,56,10,,,126.82917692004571,37.20107479215755,126.83512336495943,37.20595018964348,2024-10-24 10:32:57
703,50,37,10,,,126.8231137521134,37.212019500265626,126.82129128607235,37.198065638495954,2024-10-24 10:33:04
704,25,25,10,,,126.82038548628371,37.19490670322958,126.8214242017384,37.19554582849096,2024-10-24 10:33:15
705,51,37,10,,,126.81907151681547,37.21013789090294,126.82209715748482,37.19831977241857,2024-10-24 10:33:27
706,19,10,10,,,126.82821730265393,37.19511907796019,126.81612251306642,37.208414189822136,2024-10-24 10:33:36
707,59,6,10,,,126.83228497705628,37.20814055873131,126.82477771371651,37.20435312025041,2024-10-24 10:34:24
708,58,33,10,,,126.83595344244212,37.20902081759629,126.82866157391778,37.201049418289614,2024-10-24 10:34:42
709,50,37,10,,,126.82143727049095,37.2122591788579,126.8219266065333,37.19680913060482,2024-10-24 10:35:47
710,50,38,10,,,126.82148749811358,37.21109722518281,126.82344357879387,37.20202819198207,2024-10-24 10:36:10
711,50,37,10,,,126.82313516129769,37.212260785244425,126.82157032200857,37.1969518769715,2024-10-24 10:36:33
712,69,30,10,,,126.83723901733637,37.207112339227905,126.83147952043433,37.19816173927312,2024-10-24 10:37:02
713,33,56,10,,,126.83027035642321,37.201549451151436,126.8358792819084,37.20531882046144,2024-10-24 10:37:20
714,56,41,10,,,126.83531292181463,37.20568688946616,126.83356411106233,37.19628751149849,2024-10-24 10:37:23
715,50,37,10,,,126.82203162778303,37.21129522366389,126.82117706102937,37.196976005350976,2024-10-24 10:37:58
716,50,38,10,,,126.82157458029992,37.21086278539079,126.82368615197664,37.20057560072066,2024-10-24 10:38:06
717,17,70,10,,,126.82730235645838,37.19605384482243,126.83843953552537,37.210212922980205,2024-10-24 10:38:28
718,50,37,10,,,126.8214543055133,37.21171843797908,126.8205484520084,37.19697443199523,2024-10-24 10:39:03
719,50,37,10,,,126.82233189873446,37.21226382141401,126.82206630106981,37.196581513810706,2024-10-24 10:39:05
720,11,17,10,,,126.81495140543531,37.207774774621356,126.82553456351837,37.19581324060707,2024-10-24 10:40:00
721,56,31,10,,,126.83504661657025,37.20560826899403,126.82931286758675,37.19772661124862,2024-10-24 10:40:19
722,51,37,10,,,126.82001860457936,37.211408749597524,126.82030023020016,37.19773073894796,2024-10-24 10:40:32
723,51,37,10,,,126.81956199520776,37.21046762441755,126.8205283255274,37.1977971640205,2024-10-24 10:40:42
724,19,10,10,,,126.8289190861469,37.19447244664053,126.81784596948467,37.2083396293325,2024-10-24 10:41:04
725,10,17,10,,,126.81768202661479,37.20841892195595,126.82558804525387,37.19642522755937,2024-10-24 10:41:11
726,56,33,10,,,126.83518380595295,37.20656926178951,126.8294389385216,37.20144600466201,2024-10-24 10:41:14
727,50,37,10,,,126.82218281396885,37.2118621394016,126.82201866193049,37.19721518919962,2024-10-24 10:41:33
728,25,29,10,,,126.82048355536976,37.19518232628348,126.8262041892399,37.20257841787507,2024-10-24 10:41:53
729,50,37,10,,,126.8232778838052,37.210795408983195,126.8221588696332,37.19732168318353,2024-10-24 10:42:20
730,47,18,10,,,126.82692478500432,37.21104756699036,126.82306290372541,37.19474046397599,2024-10-24 10:42:40
731,50,42,10,,,126.82200620231582,37.212473794420575,126.83145499031416,37.19523142033191,2024-10-24 10:43:04
732,61,45,10,,,126.83253985547522,37.21525967425422,126.82543752799707,37.213010405032904,2024-10-24 10:43:11
733,58,17,10,,,126.83531070168505,37.2091335870771,126.8263066286402,37.19731393058887,2024-10-24 10:43:13
734,26,43,10,,,126.81922651981692,37.19365879107014,126.82376439678978,37.18933972088614,2024-10-24 10:43:39
735,56,33,10,,,126.83491986485188,37.20651166213379,126.82930594323894,37.20060436073765,2024-10-24 10:43:55
736,50,37,10,,,126.82226280736842,37.21067908737578,126.82107508738882,37.198250469322,2024-10-24 10:44:04
737,11,17,10,,,126.81358349435008,37.208143995964335,126.82706433180071,37.19757979618236,2024-10-24 10:44:05
738,54,17,10,,,126.83238694323303,37.209534499046555,126.82664923351294,37.196645069275164,2024-10-24 10:44:10
739,50,38,10,,,126.82208994096455,37.210679113319216,126.82378301881819,37.20180813229995,2024-10-24 10:44:40
740,56,33,10,,,126.8358094399681,37.20598586803451,126.82842282380403,37.200392467819505,2024-10-24 10:44:41
741,58,33,10,,,126.83514147462155,37.20863728693535,126.82832294863276,37.20159349237676,2024-10-24 10:44:57
742,56,32,10,,,126.83487258906275,37.2060962232298,126.83228203467529,37.20207392600962,2024-10-24 10:45:10
743,51,37,10,,,126.81973528321606,37.20962134882457,126.82166219935954,37.19766919926476,2024-10-24 10:45:10
744,51,37,10,,,126.82059355677914,37.210407597187924,126.8204108430944,37.19798265615633,2024-10-24 10:45:40
745,50,38,10,,,126.8219797638294,37.211217507938514,126.82448407764487,37.200659685769395,2024-10-24 10:45:51
746,63,5,10,,,126.83577824210576,37.21053977366592,126.82643307456708,37.20616637570112,2024-10-24 10:45:54
747,50,37,10,,,126.82337391262585,37.21137130016624,126.8219289629045,37.19767805613562,2024-10-24 10:46:38
748,50,38,10,,,126.8215070482801,37.21071672273635,126.82445003776675,37.20229643437291,2024-10-24 10:46:43
749,51,37,10,,,126.81958329332558,37.20965096878289,126.82076622325327,37.19667079383715,2024-10-24 10:47:05
750,50,37,10,,,126.82287087381198,37.21097567226301,126.82205480939143,37.198265273676974,2024-10-24 10:47:08
751,33,56,10,,,126.83016542057804,37.200774007728995,126.83522992549355,37.20572317015616,2024-10-24 10:47:35
752,51,37,10,,,126.82008504880613,37.20972564332646,126.82086297957665,37.19768422639148,2024-10-24 10:47:54
753,26,26,10,,,126.81813634708438,37.1944250868976,126.81928351211039,37.194516256838995,2024-10-24 10:47:55
754,24,69,10,,,126.81792081829096,37.191596395100476,126.837197784849,37.205925779620806,2024-10-24 10:48:05
755,50,37,10,,,126.82252181404284,37.21056997066229,126.82140371747764,37.197457238504924,2024-10-24 10:48:45
756,56,33,10,,,126.83534055670869,37.20595725370581,126.82983291327957,37.19989382958107,2024-10-24 10:48:55
757,28,55,10,,,126.82931021963894,37.2024838827365,126.83092475311005,37.20957768546764,2024-10-24 10:49:10
758,51,37,10,,,126.81920644895318,37.2096219700874,126.82223807852866,37.19688592428414,2024-10-24 10:49:23
759,54,33,10,,,126.83355682240055,37.209310767285174,126.82914632881068,37.19998457365933,2024-10-24 10:49:35
760,58,33,10,,,126.83600369603091,37.20755579781339,126.8292801373045,37.201343415085724,2024-10-24 10:50:15
761,50,37,10,,,126.82303102083586,37.211386734901836,126.82109429212255,37.19696244367317,2024-10-24 10:50:46
762,10,17,10,,,126.8161996276668,37.20943850412374,126.82699323893183,37.19597345493892,2024-10-24 10:51:04
763,70,17,10,,,126.83878579798639,37.21011059368393,126.82569847622656,37.19713642089893,2024-10-24 10:51:12
764,50,37,10,,,126.82157277941435,37.21189345557727,126.82187710698194,37.197759886058954,2024-10-24 10:51:21
765,51,37,10,,,126.81895347666283,37.210978894042825,126.82111956611315,37.19729102653974,2024-10-24 10:52:07
766,13,52,10,,,126.81602870578068,37.20387567019215,126.8301547193471,37.21687886234503,2024-10-24 10:52:20
767,56,32,10,,,126.83535627679467,37.206130166917596,126.83291074863006,37.201194474560424,2024-10-24 10:52:23
768,19,10,10,,,126.82891877887576,37.19425666994115,126.81615524032495,37.20906804204455,2024-10-24 10:52:51
769,56,31,10,,,126.83396636216726,37.2053601171226,126.82976729422326,37.19821921390538,2024-10-24 10:53:11
770,50,38,10,,,126.82274377363537,37.21243479038663,126.82343347645708,37.201267906854326,2024-10-24 10:53:16
771,58,17,10,,,126.83480894656644,37.20783981213024,126.8254986201701,37.19728393892522,2024-10-24 10:53:20
772,50,38,10,,,126.82212273903183,37.212274200774566,126.8240963695319,37.20149085383168,2024-10-24 10:53:48
773,70,33,10,,,126.83820460534957,37.2099317862931,126.82907743863362,37.19975974262692,2024-10-24 10:54:31
774,54,33,10,,,126.83344413619793,37.21003695413684,126.8285792965299,37.199999340322776,2024-10-24 10:54:36
775,11,58,10,,,126.81336497121873,37.208344446682524,126.83555982080641,37.208223650769874,2024-10-24 10:54:45
776,50,38,10,,,126.82218757102481,37.2121205716246,126.82344870729267,37.20095888391764,2024-10-24 10:54:46
777,50,38,10,,,126.82320462369795,37.21161857698739,126.82496803059122,37.20221355920166,2024-10-24 10:55:10
778,13,9,10,,,126.8156803639854,37.2042647689151,126.81416139686498,37.206424969556835,2024-10-24 10:55:20
779,70,17,10,,,126.83805095086666,37.209444718307786,126.82652938941301,37.19712069226864,2024-10-24 10:55:34
780,58,33,10,,,126.83490789062769,37.20771541816623,126.83007966510453,37.20086687490797,2024-10-24 10:55:39
781,50,37,10,,,126.82331062958046,37.211545678221825,126.82213346953836,37.19779773957593,2024-10-24 10:55:52
782,10,17,10,,,126.81607234129953,37.21031961558055,126.82631002178508,37.19657842469449,2024-10-24 10:55:59
783,27,56,10,,,126.82690774811584,37.20000299036106,126.83480198957632,37.206416226323384,2024-10-24 10:56:05
784,10,72,10,,,126.81738274763688,37.20913942595908,126.81080994599816,37.20805115187014,2024-10-24 10:56:13
785,50,38,10,,,126.82254834848399,37.211747725867546,126.82516770703526,37.20033440758663,2024-10-24 10:56:16
786,51,37,10,,,126.81909801112765,37.2104656813454,126.82085144906914,37.19783047721165,2024-10-24 10:56:45
787,50,37,10,,,126.82144551626132,37.2106157687069,126.8209814968307,37.19652472227454,2024-10-24 10:57:08
788,70,10,10,,,126.83857368766905,37.209607334906146,126.81603571814303,37.20918303507808,2024-10-24 10:57:26
789,61,14,10,,,126.83384184517496,37.216227977760994,126.82034205235821,37.2080277539669,2024-10-24 10:57:33
790,50,38,10,,,126.82250228840681,37.21217927051383,126.82373420203115,37.20150725752636,2024-10-24 10:57:34
791,15,46,10,,,126.81625977163038,37.20587038125852,126.83068689161865,37.21156418368949,2024-10-24 10:57:42
792,50,38,10,,,126.82188337159086,37.21119793207372,126.82452324058829,37.201253108472265,2024-10-24 10:58:08
793,51,37,10,,,126.82029785695306,37.21000052348469,126.82173782705873,37.19704901792508,2024-10-24 10:58:10
794,50,37,10,,,126.82157580895284,37.21189287936453,126.82052951770908,37.198161403761354,2024-10-24 10:58:35
795,50,38,10,,,126.82269161338277,37.21105428353576,126.82447178121295,37.2022240880375,2024-10-24 10:58:48
796,19,10,10,,,126.82791001491108,37.194682006379765,126.81784462540779,37.20951148068992,2024-10-24 10:59:16
797,50,37,10,,,126.82248204161351,37.2114496782533,126.82193605420765,37.197112101718865,2024-10-24 10:59:25
798,56,32,10,,,126.83495493605857,37.20531952057649,126.83118971004659,37.20214766509037,2024-10-24 10:59:36
799,50,37,10,,,126.82278019841547,37.21052524126983,126.82182411798898,37.197598755886624,2024-10-24 10:59:37
800,54,17,10,,,126.83241713273111,37.21065961038452,126.82563328344608,37.19645508568712,2024-10-24 10:59:58
801,51,26,11,,,126.81886835037284,37.2113706809321,126.81815201160974,37.193079564318154,2024-10-24 11:00:01
802,27,62,11,,,126.82720086296416,37.199211488296235,126.83832490894582,37.212779781864775,2024-10-24 11:00:19
803,41,18,11,,,126.83481464529153,37.197614252953194,126.82295689655,37.19584496688213,2024-10-24 11:00:22
804,43,34,11,,,126.82268454752591,37.18980849391325,126.82152582803987,37.20366282106111,2024-10-24 11:00:29
805,56,41,11,,,126.83489259301635,37.20601845922046,126.8338350213629,37.19770690068052,2024-10-24 11:00:34
806,20,40,11,,,126.81577956868175,37.192554084617846,126.83033680252797,37.19254636821326,2024-10-24 11:00:45
807,2,37,11,,,126.82133803782934,37.20635696869355,126.82198163614412,37.198161303633796,2024-10-24 11:00:53
808,31,58,11,,,126.82935347425908,37.19854946018443,126.83529088104379,37.209083939401786,2024-10-24 11:01:16
809,59,31,11,,,126.83338707999987,37.20668207620752,126.83003488648015,37.19689454740985,2024-10-24 11:01:19
810,56,33,11,,,126.8349566952908,37.20618478670404,126.82852213018546,37.201657810327134,2024-10-24 11:01:47
811,11,17,11,,,126.81396778527309,37.2086222360382,126.82729559478715,37.1976015051022,2024-10-24 11:02:43
812,54,33,11,,,126.83241428149532,37.21088949568535,126.8301105157782,37.200296616676304,2024-10-24 11:02:53
813,37,51,11,,,126.82144544198788,37.19667937394106,126.81971995037969,37.20968883722621,2024-10-24 11:02:56
814,69,30,11,,,126.83702983103966,37.20745103061195,126.8320408627612,37.19815678568719,2024-10-24 11:03:33
815,70,11,11,,,126.83712657007001,37.209250564649366,126.81354069456485,37.20832983996822,2024-10-24 11:04:04
816,51,26,11,,,126.81979385005478,37.211257743972425,126.81847137196371,37.193979967997315,2024-10-24 11:04:41
817,11,70,11,,,126.81363342040652,37.208750914968014,126.83748216395007,37.209457979769255,2024-10-24 11:04:55
818,17,54,11,,,126.8264112933481,37.19648504051909,126.83304364574266,37.209773147691514,2024-10-24 11:04:57
819,50,38,11,,,126.82282836359916,37.21171857139759,126.82397013799209,37.2021810824234,2024-10-24 11:05:27
820,14,51,11,,,126.8188270125304,37.20675050131243,126.81883554893216,37.20992320513219,2024-10-24 11:05:58
821,32,11,11,,,126.832003560309,37.20154007503707,126.81502187493228,37.20858249029542,2024-10-24 11:06:10
822,39,50,11,,,126.82074508999573,37.20020338693803,126.8230344177296,37.211707462976825,2024-10-24 11:06:21
823,67,65,11,,,126.8356486316353,37.20286950253422,126.83482297477977,37.1999572207084,2024-10-24 11:06:24
824,24,10,11,,,126.81829081847306,37.19010738385843,126.81672445383084,37.21024134215242,2024-10-24 11:06:42
825,56,17,11,,,126.83551690487013,37.20608455021178,126.82711823692377,37.19688032033644,2024-10-24 11:06:49
826,46,45,11,,,126.83051383328598,37.21123773211403,126.82577425925497,37.212088901414106,2024-10-24 11:07:16
827,23,38,11,,,126.82141275524273,37.19115583801162,126.82487162372037,37.202024214696806,2024-10-24 11:07:49
828,56,33,11,,,126.83530397546193,37.20658200382206,126.82950944177509,37.20001985614432,2024-10-24 11:09:13
829,33,58,11,,,126.82877425490948,37.200545580265874,126.83469469848595,37.20848773714841,2024-10-24 11:09:29
830,36,6,11,,,126.82366947973026,37.19787814369768,126.82362934309141,37.2045697382802,2024-10-24 11:10:15
831,59,41,11,,,126.83188202373498,37.20640722729105,126.83480725100443,37.197036441333076,2024-10-24 11:10:17
832,27,6,11,,,126.8263585296114,37.199716162750576,126.82424929743168,37.20376779918229,2024-10-24 11:10:24
833,32,59,11,,,126.83289664943291,37.20110479508959,126.83338311868428,37.20769660421119,2024-10-24 11:10:52
834,50,37,11,,,126.82265112740903,37.211278721036344,126.82190725759817,37.19803234243293,2024-10-24 11:10:58
835,38,66,11,,,126.82385419082463,37.201768086037426,126.83755098786342,37.203814881858634,2024-10-24 11:11:26
836,56,33,11,,,126.83523582797872,37.20470006187899,126.82896467601073,37.20138652049919,2024-10-24 11:11:38
837,7,46,11,,,126.8265401399312,37.20850171514819,126.82976890590903,37.211009443418845,2024-10-24 11:11:51
838,56,31,11,,,126.83417767307743,37.205485960630966,126.82935152523915,37.198636826457566,2024-10-24 11:12:03
839,10,40,11,,,126.81758269359149,37.2093794749144,126.83141290315999,37.192618638880425,2024-10-24 11:12:33
840,70,33,11,,,126.83805820241228,37.2103053940438,126.82955466800307,37.20039393325857,2024-10-24 11:12:39
841,7,17,11,,,126.82665628410562,37.207619911619744,126.82577957260933,37.197134957945,2024-10-24 11:13:12
842,51,37,11,,,126.8195025776871,37.21032890714753,126.82061081624076,37.19643290661429,2024-10-24 11:13:16
843,56,19,11,,,126.8358270255496,37.20493460676362,126.82947752584171,37.194333924871685,2024-10-24 11:13:23
844,47,46,11,,,126.82809301223674,37.21067359225092,126.82995110735418,37.21189311046692,2024-10-24 11:13:54
845,56,17,11,,,126.83541312123488,37.20548110518,126.82620680464112,37.196499796214056,2024-10-24 11:14:22
846,54,22,11,,,126.83213174870174,37.210547300445974,126.81680372879973,37.19489360114273,2024-10-24 11:15:02
847,39,16,11,,,126.82074885871108,37.19999532777205,126.82354288745955,37.19190681844204,2024-10-24 11:15:41
848,37,29,11,,,126.82092119619762,37.19725283108135,126.82720394483256,37.20162719495863,2024-10-24 11:15:43
849,32,59,11,,,126.83173809614057,37.200872227044606,126.83186119571404,37.206463394478966,2024-10-24 11:15:49
850,69,30,11,,,126.83667824127959,37.205741574992224,126.83172558618692,37.19949787924906,2024-10-24 11:16:35
851,56,33,11,,,126.83479505056175,37.206118105749454,126.82936775805328,37.199918606278736,2024-10-24 11:16:53
852,53,41,11,,,126.8306945483809,37.206685282020175,126.8347757347124,37.19732229248639,2024-10-24 11:17:04
853,56,31,11,,,126.83516845413284,37.20559599814165,126.8287595343472,37.197749995276745,2024-10-24 11:17:21
854,10,2,11,,,126.81717814922818,37.20859839539997,126.82159298896137,37.20537966105732,2024-10-24 11:18:02
855,56,17,11,,,126.83513489779439,37.205585610022425,126.8264031594795,37.196501488543845,2024-10-24 11:18:23
856,28,22,11,,,126.8288069571078,37.20416154053907,126.8166486090845,37.195728085346175,2024-10-24 11:18:53
857,54,33,11,,,126.83317222719614,37.20998923348959,126.82936574426508,37.19992227476466,2024-10-24 11:19:07
858,59,41,11,,,126.83287803944903,37.20691616786306,126.83370142132283,37.197650169419674,2024-10-24 11:19:15
859,70,33,11,,,126.83779891719078,37.20962499745235,126.82940151446599,37.2007991863323,2024-10-24 11:20:07
860,69,30,11,,,126.83691147741435,37.20759614577373,126.83226449398678,37.19938740292437,2024-10-24 11:21:18
861,56,17,11,,,126.83393236966533,37.20602134039107,126.82656763588423,37.196191145013,2024-10-24 11:21:32
862,25,4,11,,,126.82069377309824,37.19458006515884,126.82254252507065,37.2090038955737,2024-10-24 11:21:41
863,70,33,11,,,126.8381353120339,37.2099815364241,126.82908925505778,37.20074369590755,2024-10-24 11:21:53
864,70,33,11,,,126.83736938212486,37.210004334118985,126.83014322138138,37.201328482051146,2024-10-24 11:22:05
865,69,30,11,,,126.83818303533623,37.20575385069098,126.83156666142999,37.19910032248858,2024-10-24 11:22:09
866,56,32,11,,,126.83488371719673,37.205989304973244,126.83277849066795,37.2022195570513,2024-10-24 11:22:11
867,56,17,11,,,126.83563241375468,37.205366123944614,126.82593131751557,37.196143945125506,2024-10-24 11:22:12
868,33,58,11,,,126.82927849355684,37.20063950598971,126.83513675343819,37.2086670765627,2024-10-24 11:23:33
869,11,9,11,,,126.81522652780481,37.207844282031004,126.81405224665852,37.20567846811194,2024-10-24 11:24:37
870,56,31,11,,,126.83502371268462,37.205363532453084,126.82877850182308,37.1984703174016,2024-10-24 11:24:38
871,56,41,11,,,126.8356730538451,37.205020061251595,126.83373559256246,37.197070168011614,2024-10-24 11:25:30
872,33,58,11,,,126.82876007188649,37.201611131081066,126.83576755299971,37.20827033900723,2024-10-24 11:25:41
873,33,58,11,,,126.82962094647053,37.20039637642034,126.83516640526435,37.209129592737476,2024-10-24 11:25:50
874,56,32,11,,,126.8348362338696,37.20587024683773,126.83273574107066,37.202659693583755,2024-10-24 11:26:00
875,39,50,11,,,126.82209367439195,37.199939940695366,126.82305375520036,37.21231623142837,2024-10-24 11:26:01
876,11,17,11,,,126.81477386246883,37.20777031442997,126.82643935509142,37.19581905170104,2024-10-24 11:26:20
877,56,33,11,,,126.8340363145073,37.204848937921064,126.82941114086506,37.201423164817264,2024-10-24 11:27:06
878,50,37,11,,,126.82308937201795,37.211972078536384,126.82175637505729,37.19774216940941,2024-10-24 11:27:10
879,54,33,11,,,126.83331403780355,37.21054087032741,126.83017706585709,37.19981784050543,2024-10-24 11:27:14
880,10,62,11,,,126.81645257327503,37.20852215344761,126.83770699888694,37.211782091230695,2024-10-24 11:27:32
881,37,72,11,,,126.8213879560718,37.19762231875675,126.8120809617487,37.20621324214533,2024-10-24 11:27:40
882,72,33,11,,,126.81086279541778,37.20745780993363,126.82844763306362,37.20071218394275,2024-10-24 11:27:58
883,56,31,11,,,126.83564346687606,37.20488539427138,126.82848813749143,37.198776518760454,2024-10-24 11:28:06
884,58,42,11,,,126.83427000737466,37.20783465585367,126.83077159655805,37.195388641221314,2024-10-24 11:28:11
885,58,17,11,,,126.83516629959296,37.20870930063064,126.82663205188608,37.19736955838222,2024-10-24 11:28:49
886,54,33,11,,,126.83275342431574,37.210150114647064,126.82910170722313,37.200670733288604,2024-10-24 11:28:53
887,46,64,11,,,126.83043444277044,37.212057515428185,126.84231146502975,37.2042370757064,2024-10-24 11:28:54
888,17,54,11,,,126.82618462318077,37.19640244873344,126.83168368627948,37.20943008601709,2024-10-24 11:29:33
889,56,41,11,,,126.8347331373193,37.20525865566372,126.83325691196428,37.19650739035692,2024-10-24 11:30:09
890,67,38,11,,,126.8356734707508,37.202321548676316,126.82463949383393,37.20071807219388,2024-10-24 11:30:14
891,2,43,11,,,126.82275483613803,37.206529595724966,126.82356897490467,37.190467692287626,2024-10-24 11:30:14
892,56,33,11,,,126.83578626937803,37.20620486736679,126.8293561447607,37.20116157386131,2024-10-24 11:30:22
893,11,17,11,,,126.81461043996373,37.20773782906953,126.82589327377401,37.197606854839975,2024-10-24 11:30:25
894,50,37,11,,,126.82327786452913,37.212066732195865,126.82127743375337,37.19662416094626,2024-10-24 11:30:29
895,56,33,11,,,126.83427650210632,37.2054708974147,126.82976981821028,37.19971198504899,2024-10-24 11:30:44
896,56,17,11,,,126.83417100804111,37.2050026977504,126.82586275294527,37.19692142570001,2024-10-24 11:30:46
897,59,15,11,,,126.83199191582551,37.20761323642509,126.81616224825,37.20676846475634,2024-10-24 11:31:05
898,29,19,11,,,126.82740301990297,37.202291233510635,126.8280838543912,37.195008771522026,2024-10-24 11:31:35
899,38,6,11,,,126.8235099818435,37.20205431723925,126.82459436007458,37.2047958600127,2024-10-24 11:32:10
900,50,37,11,,,126.82225012904141,37.21235223725077,126.82070428715637,37.1965517646239,2024-10-24 11:32:11
901,56,33,11,,,126.83565052625441,37.20557730624629,126.82941136392637,37.20153549800769,2024-10-24 11:32:30
902,54,33,11,,,126.83210902069213,37.20982122005296,126.8286798422827,37.20081320810269,2024-10-24 11:32:31
903,37,51,11,,,126.82058323918686,37.19684501161326,126.818739556824,37.211086119123,2024-10-24 11:32:42
904,70,33,11,,,126.83878208462107,37.20900487856045,126.82982766842382,37.20124290651594,2024-10-24 11:33:18
905,59,68,11,,,126.83237501649901,37.20837370448962,126.83949134337001,37.20275569385467,2024-10-24 11:34:01
906,39,20,11,,,126.82213746068534,37.200607640730205,126.8150242735591,37.19265805827804,2024-10-24 11:34:25
907,51,37,11,,,126.81883943668873,37.209632319042996,126.82215477759749,37.197012107360095,2024-10-24 11:34:33
908,23,38,11,,,126.8201814205811,37.1910780322763,126.82367433183123,37.20155348228775,2024-10-24 11:34:59
909,54,33,11,,,126.83307352552919,37.210264778308634,126.82888885254319,37.20019248224715,2024-10-24 11:35:15
910,56,41,11,,,126.83560462268488,37.20627367887127,126.83417419623741,37.19688372511328,2024-10-24 11:35:43
911,71,42,11,,,126.84058688182357,37.20535510489664,126.83111714202408,37.19542365618332,2024-10-24 11:35:46
912,56,41,11,,,126.83460306630845,37.20526224194918,126.83484521585942,37.19727529152305,2024-10-24 11:36:26
913,56,31,11,,,126.8354793955815,37.206084039951996,126.82921449817431,37.197450354002925,2024-10-24 11:36:27
914,31,54,11,,,126.82955731050426,37.197243149497304,126.83312673915896,37.21044671226399,2024-10-24 11:36:46
915,32,1,11,,,126.83254962024735,37.20169071262334,126.81556287885304,37.19780892087925,2024-10-24 11:36:50
916,70,33,11,,,126.83682017285659,37.20927375471275,126.82907236051675,37.20094183498925,2024-10-24 11:36:58
917,63,45,11,,,126.83474183380426,37.211214723761934,126.82569880685044,37.21326471453752,2024-10-24 11:37:04
918,23,38,11,,,126.82091276435487,37.19171565244945,126.82330357379033,37.20090101777631,2024-10-24 11:37:28
919,69,30,11,,,126.83710088002222,37.206765567786285,126.831172492093,37.199207968792635,2024-10-24 11:37:31
920,70,33,11,,,126.83788100805981,37.20886021611693,126.82995311048042,37.20056455126395,2024-10-24 11:37:51
921,49,54,11,,,126.82872647498182,37.213630276291894,126.83322027739305,37.210348776800025,2024-10-24 11:37:52
922,11,12,11,,,126.81528817764732,37.208904510118515,126.81958528851503,37.203806269067066,2024-10-24 11:38:19
923,56,31,11,,,126.8341066793067,37.20473833790111,126.82852115592007,37.1971769693992,2024-10-24 11:38:45
924,37,60,11,,,126.82059342939975,37.19671733391133,126.8329294306483,37.2138541054204,2024-10-24 11:39:04
925,10,40,11,,,126.81615593870377,37.20943858269917,126.83137753298419,37.193715261018184,2024-10-24 11:39:05
926,54,33,11,,,126.83265349912777,37.21093101216509,126.83014628703677,37.201634572229715,2024-10-24 11:39:13
927,56,32,11,,,126.83498560621693,37.205942650259175,126.83156844323334,37.20270525098785,2024-10-24 11:39:18
928,40,72,11,,,126.83059450906107,37.19249533171209,126.81110689293095,37.207130284548064,2024-10-24 11:39:19
929,51,26,11,,,126.82062124007781,37.2101155796267,126.8185658710458,37.193080706275296,2024-10-24 11:39:47
930,69,30,11,,,126.83813584854154,37.20603369916531,126.83177488324257,37.19842837328137,2024-10-24 11:40:42
931,21,33,11,,,126.81867173210063,37.19613103624477,126.8287343791588,37.199836036577864,2024-10-24 11:40:43
932,17,54,11,,,126.82693616792832,37.19594265068447,126.83246211494101,37.21006882679278,2024-10-24 11:41:24
933,39,50,11,,,126.82223993758966,37.20043853266155,126.82288414047437,37.21156337357552,2024-10-24 11:41:58
934,56,33,11,,,126.8352183950592,37.204953468016946,126.82893301468452,37.20143672549855,2024-10-24 11:42:11
935,56,41,11,,,126.83566331712841,37.206140742496096,126.83451537334487,37.19706591002162,2024-10-24 11:43:04
936,56,32,11,,,126.83458350632812,37.206258353580864,126.83214250091743,37.202009051538425,2024-10-24 11:43:43
937,31,54,11,,,126.82977380726084,37.19806354097076,126.83195189176199,37.21091090180458,2024-10-24 11:44:04
938,33,58,11,,,126.82972174588312,37.200313925084494,126.83579237378055,37.20850140041039,2024-10-24 11:44:16
939,11,33,11,,,126.81435370065233,37.20764215809253,126.82864906299585,37.20156220650366,2024-10-24 11:44:28
940,56,33,11,,,126.83444367448986,37.20522563199854,126.82885676958013,37.20095507145067,2024-10-24 11:44:34
941,50,38,11,,,126.82280258583572,37.21154252476162,126.8250602799912,37.2015146575689,2024-10-24 11:44:47
942,17,70,11,,,126.82571826639457,37.19583127854431,126.83831224102235,37.20897926074966,2024-10-24 11:45:06
943,37,72,11,,,126.82215525440438,37.198066210331405,126.81185491894556,37.20660918890984,2024-10-24 11:45:10
944,56,33,11,,,126.83539648039782,37.20514621331295,126.82873541636036,37.20116526233819,2024-10-24 11:45:11
945,51,26,11,,,126.81986682507811,37.21020967536431,126.8188269953101,37.19356317597988,2024-10-24 11:45:42
946,24,30,11,,,126.8173297172808,37.19102349463493,126.83257528201109,37.19916996032286,2024-10-24 11:45:49
947,54,33,11,,,126.8326572181511,37.21110503386197,126.83002845205196,37.19967903021667,2024-10-24 11:46:08
948,18,66,11,,,126.82465197012888,37.19646294882847,126.83766567709887,37.204642219513055,2024-10-24 11:46:14
949,69,30,11,,,126.83845595211058,37.206961004997325,126.83202530948982,37.19992487497452,2024-10-24 11:46:49
950,55,64,11,,,126.82990094152848,37.209664324406354,126.84255296701234,37.20249421471888,2024-10-24 11:46:51
951,58,42,11,,,126.83470243317859,37.20882793518288,126.83216850115522,37.19660124693972,2024-10-24 11:47:22
952,39,50,11,,,126.82094340482692,37.200298538105685,126.8229584853426,37.21210511406719,2024-10-24 11:47:37
953,50,38,11,,,126.82171833995592,37.21096385562081,126.8236473615261,37.20039183470756,2024-10-24 11:47:40
954,10,4,11,,,126.81609005829146,37.210213251240674,126.82234936947599,37.209542307548865,2024-10-24 11:48:26
955,58,17,11,,,126.83491252600895,37.20893289031033,126.82593157999717,37.19652635636215,2024-10-24 11:48:48
956,17,54,11,,,126.82691754063967,37.19700633895942,126.83307365248733,37.21036469052047,2024-10-24 11:49:10
957,70,33,11,,,126.83861605928769,37.20880899364626,126.82918927338575,37.200636387130686,2024-10-24 11:49:27
958,54,33,11,,,126.8322026991712,37.209677587529534,126.82998415433755,37.200124197928616,2024-10-24 11:50:12
959,32,59,11,,,126.83287757628622,37.202210513671226,126.83297059232028,37.20645861724939,2024-10-24 11:50:14
960,21,40,11,,,126.81826438449994,37.19714996559498,126.83161860585695,37.193125206887444,2024-10-24 11:50:36
961,54,33,11,,,126.83349174334253,37.21055968911089,126.82871360645561,37.20066378154509,2024-10-24 11:50:56
962,6,19,11,,,126.82486958271076,37.20431190354364,126.82931601816003,37.194427766920676,2024-10-24 11:51:32
963,54,4,11,,,126.83322308603474,37.20987279602075,126.82294865645744,37.20904824041845,2024-10-24 11:51:42
964,56,41,11,,,126.83449457493413,37.20550378991949,126.83325023629693,37.19665838606582,2024-10-24 11:52:17
965,31,58,11,,,126.82990282842496,37.198030358262294,126.83522001811708,37.20856184259918,2024-10-24 11:52:30
966,11,17,11,,,126.8149315447271,37.20800704940099,126.8254933227681,37.19666075403674,2024-10-24 11:52:35
967,32,4,11,,,126.83271355407794,37.20192570623133,126.82215785515471,37.207952813590836,2024-10-24 11:52:42
968,11,58,11,,,126.81334057242452,37.20833308297859,126.83547374972153,37.20758959824634,2024-10-24 11:52:47
969,11,58,11,,,126.81469672161812,37.2076834835804,126.8345442386052,37.20912998475762,2024-10-24 11:52:48
970,10,38,11,,,126.81724139446501,37.21020302607088,126.82414995015783,37.2016434928632,2024-10-24 11:52:48
971,39,50,11,,,126.82134742596463,37.20059602378836,126.82312902277377,37.21134188171518,2024-10-24 11:52:53
972,50,37,11,,,126.8224805266015,37.2111773893678,126.82167432653421,37.197817718528604,2024-10-24 11:53:39
973,32,59,11,,,126.83193857422769,37.201469007450896,126.83154052247961,37.207287064496875,2024-10-24 11:54:01
974,38,28,11,,,126.82470382850082,37.201485004716524,126.82955995525995,37.203727743899336,2024-10-24 11:54:14
975,17,70,11,,,126.82649706838356,37.197364609467265,126.83710688427406,37.2104597978289,2024-10-24 11:54:23
976,51,37,11,,,126.81921005152098,37.21044596250443,126.82184752518233,37.197499410490025,2024-10-24 11:54:48
977,50,38,11,,,126.82176886716138,37.21153682023948,126.82418994397632,37.20188763133198,2024-10-24 11:54:52
978,70,33,11,,,126.83828511086266,37.21032312120157,126.8290698112503,37.19970848852973,2024-10-24 11:54:59
979,32,37,11,,,126.83236754908336,37.20271021111999,126.82054148805246,37.19793801585371,2024-10-24 11:55:03
980,50,38,11,,,126.82236811092754,37.21085105593201,126.82486998354815,37.200341133236016,2024-10-24 11:55:59
981,15,10,11,,,126.81630396528288,37.20597824846567,126.81727061164207,37.20911432754703,2024-10-24 11:56:05
982,67,21,11,,,126.83563359693824,37.20185245526988,126.81834627699867,37.19677223788562,2024-10-24 11:56:32
983,11,70,11,,,126.81527835909476,37.2086626190492,126.83811185551778,37.21008994277966,2024-10-24 11:56:34
984,33,58,11,,,126.82947153624725,37.20114960227849,126.83488639860833,37.20859897490577,2024-10-24 11:56:59
985,54,33,11,,,126.8319838795615,37.210430668292204,126.83015464963648,37.19987916144457,2024-10-24 11:57:05
986,59,71,11,,,126.83173982321604,37.207878916760535,126.83984025718276,37.20452166368801,2024-10-24 11:57:35
987,56,32,11,,,126.83406695356305,37.20645706539548,126.83162618989645,37.20143375569697,2024-10-24 11:57:57
988,40,72,11,,,126.83152332754953,37.19246753305732,126.81115747710234,37.20726346411795,2024-10-24 11:58:38
989,54,17,11,,,126.83190442502743,37.20924817588891,126.82667294304139,37.19590474876292,2024-10-24 11:58:50
990,51,37,12,,,126.81962443601644,37.20965580339918,126.82173568341838,37.19801706881761,2024-10-24 12:00:06
991,50,37,12,,,126.82188559612254,37.21174563433115,126.82197156877997,37.19734088902681,2024-10-24 12:00:14
992,53,36,12,,,126.8294290032506,37.205524571823126,126.82408287692341,37.198296430998255,2024-10-24 12:00:25
993,21,33,12,,,126.81884106844099,37.1966106470491,126.82936304008045,37.199774038761895,2024-10-24 12:00:46
994,23,38,12,,,126.82015194566354,37.1923324846262,126.82481201638205,37.20101914524073,2024-10-24 12:01:39
995,71,42,12,,,126.83922043396619,37.204562287840275,126.83225377436912,37.196126585374074,2024-10-24 12:01:51
996,53,43,12,,,126.82915046862944,37.20696098383704,126.82411826966408,37.19072608475018,2024-10-24 12:01:59
997,19,45,12,,,126.82901875651092,37.195496407481066,126.82417615082008,37.211738590753484,2024-10-24 12:02:33
998,38,33,12,,,126.82407206746065,37.201361010623714,126.82839910520944,37.20131980306768,2024-10-24 12:02:37
999,27,39,12,,,126.82668837346775,37.19907984301427,126.82127123194982,37.19990604433707,2024-10-24 12:02:42
1000,23,50,12,,,126.81993365523468,37.191304034731196,126.82277242754924,37.21090190578918,2024-10-24 12:02:58
1001,21,33,12,,,126.81957141580628,37.19669014332777,126.82981995378344,37.20160786335384,2024-10-24 12:03:26
1002,41,56,12,,,126.83504315162023,37.19757586119578,126.83520093272398,37.20557007719909,2024-10-24 12:03:43
1003,58,19,12,,,126.83576714664909,37.20763972061179,126.82967270112803,37.1958093518303,2024-10-24 12:04:11
1004,17,56,12,,,126.82699142783491,37.197216801295085,126.83556014019689,37.20498872427466,2024-10-24 12:05:16
1005,64,41,12,,,126.84273669795179,37.20330019194704,126.83449712602514,37.196686417887,2024-10-24 12:05:20
1006,54,33,12,,,126.8321471729171,37.21018758336263,126.83021572687696,37.20056959552359,2024-10-24 12:05:55
1007,50,50,12,,,126.82221328802001,37.21059857640067,126.82272355516282,37.21085701045869,2024-10-24 12:05:59
1008,41,70,12,,,126.8334621434994,37.197641248861764,126.83869441811454,37.21009699158249,2024-10-24 12:06:10
1009,56,41,12,,,126.8352076325337,37.205294658749544,126.83430129145879,37.19778081715786,2024-10-24 12:07:18
1010,50,60,12,,,126.8233380740637,37.21164324782621,126.83207148874551,37.213067104925315,2024-10-24 12:07:27
1011,56,41,12,,,126.83483121307553,37.20534580093432,126.83477168335645,37.196537558368384,2024-10-24 12:07:42
1012,63,43,12,,,126.83628092471771,37.21143496777173,126.82373408107253,37.18921856036122,2024-10-24 12:07:43
1013,56,19,12,,,126.83515461963347,37.20467343272793,126.82827934387775,37.19506295008107,2024-10-24 12:07:48
1014,20,53,12,,,126.8151228645332,37.19318660927056,126.82996704073827,37.20660245666355,2024-10-24 12:08:13
1015,51,34,12,,,126.81968745859858,37.21064796909191,126.8217036201141,37.2035126162434,2024-10-24 12:08:51
1016,29,28,12,,,126.82613063903352,37.20181403211283,126.83013855556136,37.20356402807521,2024-10-24 12:08:59
1017,21,33,12,,,126.81852839050903,37.19601520919912,126.82941057818745,37.201156412940435,2024-10-24 12:09:01
1018,21,55,12,,,126.81797289825568,37.196304717846985,126.83012921082566,37.20890315408581,2024-10-24 12:09:12
1019,29,19,12,,,126.8264782515088,37.20225344755753,126.82876452748926,37.19524556652689,2024-10-24 12:10:25
1020,17,12,12,,,126.82613978523233,37.19604645662855,126.81871339987615,37.204952973087195,2024-10-24 12:10:39
1021,27,45,12,,,126.82699816545062,37.198621803185496,126.82466895782564,37.212292392228136,2024-10-24 12:10:43
1022,31,59,12,,,126.82920490186635,37.1974852780603,126.83168442214604,37.20827498072562,2024-10-24 12:10:47
1023,47,7,12,,,126.82728664942132,37.21060449319715,126.82812593786629,37.20856807682371,2024-10-24 12:10:54
1024,54,33,12,,,126.83245102097234,37.21033543777615,126.83004346075842,37.20085616659842,2024-10-24 12:11:19
1025,71,1,12,,,126.8403680534053,37.20513437652243,126.81659102571204,37.19766079003645,2024-10-24 12:11:32
1026,58,19,12,,,126.83428886827443,37.20878387911598,126.82901456570022,37.195896555275304,2024-10-24 12:11:48
1027,33,58,12,,,126.83028552865659,37.20151998927672,126.83511296526626,37.209192912607406,2024-10-24 12:12:05
1028,32,59,12,,,126.83297113695583,37.2007989011647,126.83265885658712,37.2076116706083,2024-10-24 12:12:36
1029,27,26,12,,,126.8275631254849,37.19898280913478,126.81877808261086,37.19364906566073,2024-10-24 12:12:43
1030,1,21,12,,,126.8162582899205,37.19727479079234,126.81889252371681,37.19701547189624,2024-10-24 12:13:04
1031,33,58,12,,,126.82913145169778,37.20011832898453,126.83598394963552,37.20939628476399,2024-10-24 12:13:11
1032,23,38,12,,,126.82012541756988,37.192163840496995,126.82334047715472,37.201776685947074,2024-10-24 12:13:37
1033,54,33,12,,,126.83255943661054,37.211020182186175,126.82927959975972,37.19971565241362,2024-10-24 12:13:47
1034,51,37,12,,,126.82069263876218,37.21101851783272,126.82092833118101,37.19725168599021,2024-10-24 12:14:09
1035,50,50,12,,,126.82167588650866,37.21059835127506,126.82145281627595,37.21180706743161,2024-10-24 12:14:10
1036,54,33,12,,,126.83202191391615,37.21024367533322,126.82838906344954,37.20041421424572,2024-10-24 12:14:45
1037,50,38,12,,,126.82193560004761,37.21226484940507,126.82480909105813,37.20157698329237,2024-10-24 12:16:42
1038,38,51,12,,,126.82396007066879,37.20135711774644,126.8198100666473,37.21088972929331,2024-10-24 12:16:46
1039,42,70,12,,,126.83184803671759,37.195763542715724,126.83714672125328,37.20996246878996,2024-10-24 12:17:04
1040,53,26,12,,,126.82937798256813,37.20687728930292,126.81800099190859,37.193541069832094,2024-10-24 12:17:22
1041,56,33,12,,,126.83469288354483,37.2064686425143,126.82964463461451,37.201065012106525,2024-10-24 12:17:36
1042,21,38,12,,,126.81858032743145,37.19551303081797,126.82342959862531,37.20186736271438,2024-10-24 12:17:55
1043,23,50,12,,,126.82163917269621,37.192119085313514,126.82159515703847,37.21122095195982,2024-10-24 12:18:31
1044,23,50,12,,,126.82112295087916,37.190899292539385,126.82215666446677,37.210517182025676,2024-10-24 12:18:31
1045,72,5,12,,,126.81187346267009,37.20668010402298,126.82659136060974,37.20476645094453,2024-10-24 12:18:58
1046,54,33,12,,,126.83235019326047,37.21087495280096,126.82938281972984,37.20041626441962,2024-10-24 12:19:08
1047,58,32,12,,,126.83528894229903,37.20823861992259,126.83236225934566,37.20113783796213,2024-10-24 12:19:53
1048,26,37,12,,,126.81865196651933,37.19426251146361,126.82102214907306,37.19688594095143,2024-10-24 12:19:58
1049,12,17,12,,,126.82021620042967,37.203801799332425,126.82603542879637,37.19619928586719,2024-10-24 12:20:36
1050,70,33,12,,,126.83794614574572,37.209993472726914,126.82926059444132,37.19978861839067,2024-10-24 12:20:45
1051,39,50,12,,,126.82105626149102,37.200786259092865,126.82196821362298,37.21083348687857,2024-10-24 12:20:47
1052,54,33,12,,,126.83195847852046,37.210744540912245,126.82995855041335,37.20140938083524,2024-10-24 12:21:11
1053,70,10,12,,,126.83862590374436,37.209765607526684,126.81603174391313,37.20940832886296,2024-10-24 12:21:19
1054,58,33,12,,,126.8357217727887,37.20805812527071,126.83015127662253,37.20102490071956,2024-10-24 12:21:36
1055,31,59,12,,,126.82838126693184,37.19852933065835,126.83208502245566,37.20643674429005,2024-10-24 12:21:40
1056,56,17,12,,,126.83525097779203,37.20618849348775,126.82572061147584,37.196314948654944,2024-10-24 12:21:47
1057,21,33,12,,,126.81787584123857,37.19642273230191,126.82875586772705,37.20067058608526,2024-10-24 12:21:47
1058,50,60,12,,,126.82213725287548,37.21123765252613,126.83275079694182,37.21214454503473,2024-10-24 12:22:02
1059,36,17,12,,,126.82472020767351,37.199237882156375,126.82695804888453,37.196624751608184,2024-10-24 12:22:10
1060,50,60,12,,,126.82242866659081,37.211554619141985,126.83312025675289,37.21340087067378,2024-10-24 12:22:28
1061,54,33,12,,,126.8334479473636,37.210792545160814,126.8302534999623,37.20037297394521,2024-10-24 12:22:38
1062,56,31,12,,,126.83533452707758,37.20627780325102,126.82915719112795,37.19819202616949,2024-10-24 12:22:41
1063,28,57,12,,,126.82985220896094,37.20427567105145,126.83198784092423,37.20373771103661,2024-10-24 12:23:19
1064,56,21,12,,,126.83445083390976,37.20574165060687,126.81918468687715,37.19722942848052,2024-10-24 12:23:54
1065,58,33,12,,,126.83469749796194,37.207678051235945,126.82917770437966,37.1997281523486,2024-10-24 12:24:31
1066,58,33,12,,,126.83606887850249,37.20926080599227,126.82943433389313,37.199667469492574,2024-10-24 12:25:12
1067,56,31,12,,,126.83476166119854,37.204750519044396,126.82928246399523,37.19720825162511,2024-10-24 12:26:11
1068,62,32,12,,,126.83741481392452,37.21206599807141,126.83215510277124,37.201955651236425,2024-10-24 12:26:15
1069,56,41,12,,,126.83438588029169,37.205823991206394,126.83355384090609,37.19668333740088,2024-10-24 12:27:21
1070,33,58,12,,,126.82965695155163,37.20011089128912,126.83454220368071,37.2078643217545,2024-10-24 12:28:11
1071,23,32,12,,,126.82051005084921,37.191640203246806,126.83218698006776,37.20138798144748,2024-10-24 12:28:14
1072,32,54,12,,,126.83160592197963,37.20266889709622,126.8333152854562,37.210684693953816,2024-10-24 12:28:15
1073,10,40,12,,,126.8175986762671,37.209982315372265,126.83156060950067,37.192416497944286,2024-10-24 12:28:23
1074,62,21,12,,,126.83795202057557,37.21260188057352,126.81921682405007,37.19619112221218,2024-10-24 12:29:03
1075,31,58,12,,,126.8300417750883,37.19884165723908,126.83599913936209,37.207748959391914,2024-10-24 12:29:21
1076,58,33,12,,,126.83596331529836,37.20889423704594,126.82947972733307,37.20164636137765,2024-10-24 12:29:40
1077,11,17,12,,,126.81513088119338,37.20912417325572,126.82739932007463,37.196869802926386,2024-10-24 12:30:14
1078,56,31,12,,,126.83396671508052,37.204744371660404,126.82819113329136,37.19865687045393,2024-10-24 12:30:17
1079,58,19,12,,,126.836044846362,37.207811002606526,126.82808367838626,37.19417404402681,2024-10-24 12:30:23
1080,50,37,12,,,126.82174076622503,37.21107807475006,126.82218161442617,37.19822068753799,2024-10-24 12:30:27
1081,72,70,12,,,126.81099266587968,37.20691553573399,126.83729112496076,37.21010458470931,2024-10-24 12:30:29
1082,42,70,12,,,126.83197615263963,37.19629602410604,126.83772809961444,37.208943393308154,2024-10-24 12:30:58
1083,70,11,12,,,126.83775719798338,37.20956485551952,126.81416794346639,37.208724762411556,2024-10-24 12:30:59
1084,50,60,12,,,126.82209975146749,37.21199918329323,126.83343317322904,37.21208089176435,2024-10-24 12:31:05
1085,11,17,12,,,126.81418006123268,37.208662234149024,126.82699054264182,37.19597784503503,2024-10-24 12:31:18
1086,56,33,12,,,126.83580362624852,37.20558401104249,126.8301056751007,37.19995322623192,2024-10-24 12:31:46
1087,23,50,12,,,126.82023145421776,37.19083861827237,126.82178697687806,37.21157652459099,2024-10-24 12:32:09
1088,53,61,12,,,126.8303569462373,37.20712922440358,126.83308342112895,37.21611629358151,2024-10-24 12:32:42
1089,56,41,12,,,126.83459015802448,37.2054105522105,126.834417740725,37.19782378668856,2024-10-24 12:32:55
1090,59,33,12,,,126.83339759761874,37.20769363099091,126.82858871391396,37.199937334355454,2024-10-24 12:33:13
1091,58,19,12,,,126.83532523045638,37.20768730032309,126.82806149693698,37.19468558494571,2024-10-24 12:33:13
1092,54,33,12,,,126.83235212023304,37.20950163004823,126.83006203156512,37.20063272675023,2024-10-24 12:34:08
1093,27,61,12,,,126.82575356213374,37.19913681529277,126.83289477126199,37.21534034786952,2024-10-24 12:34:13
1094,39,33,12,,,126.8224096169373,37.20076922481261,126.82919338112686,37.20004548354431,2024-10-24 12:35:14
1095,56,9,12,,,126.83417416402102,37.205996353870425,126.81402126910227,37.20589104817448,2024-10-24 12:35:14
1096,10,70,12,,,126.81746052097844,37.20853250084005,126.83719765402536,37.20960285140154,2024-10-24 12:35:27
1097,56,17,12,,,126.83539983915847,37.206175279662794,126.82692260708761,37.19581460076392,2024-10-24 12:35:32
1098,23,50,12,,,126.82091103524515,37.19229383233957,126.82336397842877,37.21174659766089,2024-10-24 12:35:43
1099,46,32,12,,,126.83066442908813,37.212342733190454,126.83222337083865,37.20269688757301,2024-10-24 12:35:45
1100,1,44,12,,,126.81629686738196,37.19832522458704,126.8200312548139,37.188076113009835,2024-10-24 12:35:53
1101,11,17,12,,,126.81446596659,37.20857088634411,126.8265224664063,37.19766464693071,2024-10-24 12:35:55
1102,64,1,12,,,126.84348389348861,37.20422063655432,126.81604613821243,37.198635023253544,2024-10-24 12:35:56
1103,10,60,12,,,126.81615095337204,37.20841956864428,126.83378535622705,37.21261702077683,2024-10-24 12:36:06
1104,50,37,12,,,126.82259534203435,37.21211542280262,126.82069449435491,37.19741053730368,2024-10-24 12:37:06
1105,58,33,12,,,126.83447989968177,37.20788108675151,126.82942511653496,37.199943920595736,2024-10-24 12:37:12
1106,11,17,12,,,126.81400093699321,37.208060247663894,126.82740248659039,37.196085993153396,2024-10-24 12:37:32
1107,50,60,12,,,126.82232100786072,37.210630365408214,126.83361496514516,37.21225325813911,2024-10-24 12:37:34
1108,12,32,12,,,126.81939063523956,37.20492999808461,126.831919965381,37.20093507897685,2024-10-24 12:37:58
1109,11,17,12,,,126.81353693961589,37.20808750251717,126.82612154617802,37.19704688884138,2024-10-24 12:38:06
1110,51,37,12,,,126.81911934061482,37.21103147616595,126.82164078079022,37.19770484033291,2024-10-24 12:38:15
1111,21,69,12,,,126.81904801670854,37.19657486651822,126.83673754250222,37.206216206961464,2024-10-24 12:38:18
1112,47,10,12,,,126.82825078036096,37.211589746741446,126.81629939186065,37.20866251053248,2024-10-24 12:38:36
1113,56,31,12,,,126.83405121545056,37.20513256944067,126.82876769905522,37.19807681140565,2024-10-24 12:39:11
1114,21,33,12,,,126.81802085245654,37.19635233153526,126.82910291818517,37.20024534892268,2024-10-24 12:39:16
1115,63,41,12,,,126.83631391611729,37.21100837025924,126.83464556541203,37.19733225443418,2024-10-24 12:39:20
1116,58,33,12,,,126.83476933408848,37.20824719124946,126.82907740346758,37.200431362094044,2024-10-24 12:40:17
1117,56,31,12,,,126.83528897950194,37.205901860672675,126.82880146989616,37.19774195816963,2024-10-24 12:40:27
1118,56,41,12,,,126.83492462904003,37.20579227580906,126.83466434649925,37.197007327243256,2024-10-24 12:41:15
1119,37,51,12,,,126.82102149500464,37.19789426727096,126.81991767449702,37.210045184113035,2024-10-24 12:41:30
1120,11,18,12,,,126.81441716373125,37.20773857842894,126.82382171675327,37.19543911874027,2024-10-24 12:41:32
1121,51,26,12,,,126.81921398482626,37.21111498506991,126.81859963252313,37.19367797595593,2024-10-24 12:41:33
1122,50,50,12,,,126.82277906780435,37.21182236289753,126.82250372856723,37.21164507885195,2024-10-24 12:41:43
1123,58,33,12,,,126.83494147430137,37.209431497899104,126.82890264270316,37.199920894258476,2024-10-24 12:41:44
1124,32,59,12,,,126.83146359083821,37.201208327419245,126.83216617023368,37.207752533367646,2024-10-24 12:41:48
1125,54,17,12,,,126.83340233712559,37.210114710366526,126.82633055959701,37.197561497444475,2024-10-24 12:42:49
1126,58,19,12,,,126.83564723490402,37.209078333337864,126.82877213795915,37.19535659154469,2024-10-24 12:43:25
1127,32,59,12,,,126.83154681809894,37.202613004782606,126.8316611904303,37.20793599336723,2024-10-24 12:43:28
1128,56,17,12,,,126.83455049044781,37.2064271904618,126.82595891852361,37.19615473152084,2024-10-24 12:43:36
1129,32,59,12,,,126.8327034846346,37.20149442352404,126.8317226730093,37.20736066879142,2024-10-24 12:44:20
1130,50,37,12,,,126.82219967690372,37.21145193765478,126.82146095087573,37.1965824135459,2024-10-24 12:45:01
1131,69,30,12,,,126.83675041837832,37.207644537374364,126.83237124131068,37.19919830409678,2024-10-24 12:45:18
1132,59,15,12,,,126.83147085306949,37.20662887590427,126.81607466113782,37.2068197356812,2024-10-24 12:45:44
1133,29,12,12,,,126.82710453518091,37.2026254143502,126.81872813319538,37.204243517629386,2024-10-24 12:46:17
1134,32,59,12,,,126.83126739902474,37.20230615722128,126.83238517456122,37.20807005406921,2024-10-24 12:46:58
1135,18,60,12,,,126.8243602698717,37.19609468838022,126.8331806585091,37.21219993978612,2024-10-24 12:47:04
1136,23,50,12,,,126.81985021216063,37.19219063250609,126.8227064308563,37.21166652356183,2024-10-24 12:47:27
1137,41,70,12,,,126.83402193375653,37.19728876948787,126.83686855742474,37.209186451163646,2024-10-24 12:47:31
1138,56,33,12,,,126.83481989804962,37.20557947110371,126.82973470518158,37.20103473881397,2024-10-24 12:47:41
1139,26,37,12,,,126.81798405616844,37.19272689800159,126.82132386795746,37.19815714920222,2024-10-24 12:48:26
1140,56,17,12,,,126.83414040168225,37.206372539697824,126.82549367937361,37.1963916028773,2024-10-24 12:48:43
1141,3,15,12,,,126.82570083328021,37.20890784255825,126.81676948036775,37.20594043338277,2024-10-24 12:49:00
1142,51,26,12,,,126.82056244809726,37.21079669768672,126.81792751883742,37.19450024746259,2024-10-24 12:49:25
1143,54,33,12,,,126.83278224284116,37.21054986974314,126.82946906866178,37.199703219725286,2024-10-24 12:49:29
1144,12,17,12,,,126.81881637592026,37.20385798747893,126.82567579086496,37.19580224513739,2024-10-24 12:49:34
1145,46,4,12,,,126.82943901129407,37.21117526338657,126.82188149559026,37.208583847907995,2024-10-24 12:50:03
1146,23,38,12,,,126.82171131696558,37.1909021980688,126.82490635297881,37.20217317183149,2024-10-24 12:50:29
1147,72,46,12,,,126.81099109484502,37.20639910088264,126.82951295264334,37.21211171520385,2024-10-24 12:50:36
1148,37,51,12,,,126.8213330654375,37.19756747261339,126.82010288984873,37.21070217677918,2024-10-24 12:50:41
1149,11,58,12,,,126.81524921480334,37.20776531157103,126.83492726059262,37.20835365418012,2024-10-24 12:50:49
1150,54,33,12,,,126.83338752737971,37.20981003733277,126.82885726821063,37.201085462893985,2024-10-24 12:51:18
1151,56,32,12,,,126.83504430831263,37.206171775860476,126.83260392676596,37.200932337070434,2024-10-24 12:51:35
1152,47,52,12,,,126.82736459878528,37.211271230910086,126.83119626608382,37.21717864933934,2024-10-24 12:52:30
1153,20,23,12,,,126.81642901419576,37.19211581553127,126.82167392730341,37.19166173083593,2024-10-24 12:52:37
1154,12,28,12,,,126.81962684994686,37.20543254151937,126.82964567174962,37.203033234695,2024-10-24 12:52:40
1155,21,72,12,,,126.81894615714494,37.1962030043053,126.8108669268925,37.207328038548546,2024-10-24 12:53:01
1156,58,19,12,,,126.83526750185773,37.20941906505454,126.82925445543222,37.19471923042642,2024-10-24 12:53:32
1157,56,41,12,,,126.8345582518853,37.20636450247878,126.83336653072456,37.19717096874392,2024-10-24 12:53:50
1158,70,11,12,,,126.83715374952479,37.20912876518998,126.81452118429007,37.20864723564238,2024-10-24 12:54:29
1159,23,38,12,,,126.8201050720859,37.19167754225254,126.82480519211579,37.20040946754313,2024-10-24 12:54:48
1160,62,12,12,,,126.8379552891659,37.21218709454288,126.81945627060443,37.20536651852354,2024-10-24 12:55:01
1161,51,37,12,,,126.81991347626315,37.20977920359352,126.82221926198626,37.19784077784617,2024-10-24 12:55:09
1162,17,12,12,,,126.82654659376526,37.196370245104944,126.81868228613949,37.20492679154832,2024-10-24 12:55:22
1163,54,17,12,,,126.83315705771689,37.21002138062451,126.82600430693955,37.19743985171353,2024-10-24 12:55:34
1164,58,19,12,,,126.83577281092676,37.208651465432176,126.8291561673495,37.19468964524301,2024-10-24 12:55:34
1165,28,17,12,,,126.83042661883945,37.204462043594376,126.82585678484153,37.19766787307832,2024-10-24 12:55:37
1166,23,38,12,,,126.82049997788036,37.1913684922199,126.82377908437563,37.201928273988536,2024-10-24 12:55:59
1167,3,21,12,,,126.82544245110462,37.20892600824282,126.81869272097919,37.195464273219606,2024-10-24 12:56:48
1168,1,11,12,,,126.81547354315786,37.19895288269236,126.81354002158906,37.207319680824575,2024-10-24 12:57:00
1169,59,15,12,,,126.83312757293805,37.20822674168287,126.81778158145092,37.20583149177757,2024-10-24 12:57:34
1170,11,17,12,,,126.8148542799879,37.20800057234153,126.82685735481351,37.196630816387064,2024-10-24 12:57:40
1171,62,46,12,,,126.83846749185507,37.212817210370446,126.83106381031972,37.21146667584916,2024-10-24 12:57:48
1172,56,17,12,,,126.83408288149131,37.20583149445452,126.82549789898633,37.196703392046565,2024-10-24 12:57:53
1173,50,50,12,,,126.82253555960315,37.21056537785865,126.8220415963479,37.21170708460295,2024-10-24 12:58:17
1174,31,58,12,,,126.82946728544913,37.1971265049218,126.83595220490005,37.20925594094158,2024-10-24 12:58:53
1175,33,56,13,,,126.83019409552388,37.20069654887029,126.83478084504304,37.20562427820074,2024-10-24 13:00:15
1176,33,56,13,,,126.8286119819283,37.20145880765015,126.83577451715519,37.20592358983151,2024-10-24 13:01:16
1177,72,29,13,,,126.81215653521846,37.207725386690136,126.82606912074365,37.20148555144512,2024-10-24 13:01:17
1178,58,19,13,,,126.83459773559626,37.20920224200366,126.82915553318105,37.19592972618113,2024-10-24 13:01:30
1179,58,19,13,,,126.83607222868032,37.20804499348601,126.8281302438562,37.195117698673286,2024-10-24 13:01:32
1180,58,33,13,,,126.83581483330165,37.20826191444598,126.82849923564002,37.20055772824668,2024-10-24 13:01:41
1181,11,70,13,,,126.81438849795654,37.20745186195814,126.83850721176483,37.20924718548788,2024-10-24 13:02:48
1182,72,33,13,,,126.81197703999678,37.20630849679639,126.82987901500564,37.201174883407276,2024-10-24 13:02:57
1183,58,33,13,,,126.83452337896207,37.20867495702145,126.82987684008896,37.20071865054846,2024-10-24 13:03:45
1184,32,56,13,,,126.8323124368068,37.20262351565723,126.83580970762661,37.20631383756712,2024-10-24 13:03:52
1185,42,70,13,,,126.83083335746225,37.19535688413456,126.8382113247705,37.20936983794721,2024-10-24 13:04:18
1186,56,41,13,,,126.83567668767054,37.20501962645777,126.83401716533257,37.19637057277909,2024-10-24 13:04:28
1187,70,17,13,,,126.83754225222013,37.20973731194554,126.82627775646931,37.1967306120525,2024-10-24 13:04:33
1188,32,54,13,,,126.83119462328862,37.20077042754382,126.83256377283124,37.2094012890634,2024-10-24 13:04:38
1189,56,33,13,,,126.8352902309854,37.205412677828775,126.82890745333985,37.20072762351827,2024-10-24 13:04:49
1190,51,71,13,,,126.82042012686787,37.21065723100996,126.84007049514577,37.205962220776925,2024-10-24 13:06:31
1191,17,12,13,,,126.826573973114,37.19628032807941,126.81959799381731,37.20471087886136,2024-10-24 13:06:42
1192,33,56,13,,,126.8284550980317,37.19973550465362,126.83546320403875,37.206098009595934,2024-10-24 13:07:03
1193,54,33,13,,,126.833521611116,37.21067430826347,126.82988525741358,37.200017558080795,2024-10-24 13:07:07
1194,33,54,13,,,126.8288209448552,37.20105709013168,126.83354425254439,37.21012738564842,2024-10-24 13:07:34
1195,70,33,13,,,126.8386655527045,37.21017721878684,126.82893742030912,37.20062481932411,2024-10-24 13:07:57
1196,70,59,13,,,126.8371034518719,37.21025315971713,126.83169833592687,37.20683092645863,2024-10-24 13:08:47
1197,72,28,13,,,126.81149147729495,37.208138221209204,126.82876178983152,37.20400736779707,2024-10-24 13:08:53
1198,58,19,13,,,126.83474606947861,37.20925521844784,126.82831975299482,37.19561336416881,2024-10-24 13:09:00
1199,54,33,13,,,126.83206019827036,37.21010895487986,126.82885366243939,37.200382963235285,2024-10-24 13:09:18
1200,70,21,13,,,126.83756476158935,37.20957587079129,126.81825730738281,37.196312670892546,2024-10-24 13:09:20
1201,69,30,13,,,126.83779012595558,37.20739473834511,126.8313815071065,37.198218207334435,2024-10-24 13:09:31
1202,37,3,13,,,126.8203114758781,37.196495000288415,126.82431738146926,37.21075886175565,2024-10-24 13:09:33
1203,3,21,13,,,126.82548385874215,37.209957182820084,126.819082203794,37.19701810128225,2024-10-24 13:09:54
1204,58,33,13,,,126.83598870204871,37.209354232710226,126.83025457370404,37.199977889399264,2024-10-24 13:09:55
1205,70,21,13,,,126.83857536772798,37.2091788915216,126.81790329890387,37.195613867630804,2024-10-24 13:09:58
1206,62,35,13,,,126.83789851281331,37.212787311155004,126.81804819645441,37.201745583640665,2024-10-24 13:10:05
1207,58,19,13,,,126.83436691413885,37.20778116402857,126.82901523946055,37.19602237483328,2024-10-24 13:10:28
1208,51,71,13,,,126.81878089595038,37.210759674400464,126.83962554267258,37.20527837820472,2024-10-24 13:10:54
1209,56,31,13,,,126.83562457393057,37.206049528268764,126.82813904821762,37.198344859031835,2024-10-24 13:11:02
1210,70,32,13,,,126.83712784302855,37.208744365014894,126.8313760593396,37.201188731725225,2024-10-24 13:11:07
1211,69,30,13,,,126.83853497588795,37.20733506085065,126.83256790248251,37.19877859316544,2024-10-24 13:11:10
1212,54,33,13,,,126.8327773997003,37.21034971738554,126.82913766566219,37.200125187453395,2024-10-24 13:11:36
1213,56,41,13,,,126.83582198356795,37.20521966466832,126.83378768579934,37.19641468511996,2024-10-24 13:12:12
1214,1,62,13,,,126.81684029441385,37.19867602763187,126.83721203478856,37.21204107960101,2024-10-24 13:12:20
1215,58,19,13,,,126.83581174282298,37.20940506678063,126.82919890105057,37.195420547295086,2024-10-24 13:12:26
1216,70,21,13,,,126.83801625817517,37.210068908057025,126.81822189492152,37.19567714468444,2024-10-24 13:12:30
1217,54,33,13,,,126.83211321394116,37.2099445392696,126.82928308880923,37.20060776338403,2024-10-24 13:13:39
1218,10,17,13,,,126.81769384318329,37.209493777127385,126.82593441043811,37.195878291814694,2024-10-24 13:14:23
1219,32,56,13,,,126.83150301798396,37.20219700603384,126.83514752415547,37.20471100281801,2024-10-24 13:14:58
1220,56,41,13,,,126.8352068065088,37.205722186945486,126.83474035460726,37.197670715407924,2024-10-24 13:16:17
1221,47,5,13,,,126.82774651138007,37.211723315155226,126.82643745010252,37.20429125913885,2024-10-24 13:16:19
1222,29,10,13,,,126.82703093456213,37.202869144475024,126.81668499031898,37.20872811370899,2024-10-24 13:16:30
1223,70,19,13,,,126.83777081462574,37.2097955213937,126.82810535648662,37.19542331895449,2024-10-24 13:17:36
1224,70,21,13,,,126.83809122746923,37.20926185619462,126.81767411100161,37.19725318556053,2024-10-24 13:18:36
1225,56,17,13,,,126.83476495044128,37.20467192700689,126.82590128233407,37.19751483718379,2024-10-24 13:19:03
1226,58,33,13,,,126.83564140278077,37.20939786571653,126.82964804884033,37.20165391433644,2024-10-24 13:19:47
1227,70,21,13,,,126.83869136723861,37.209598753958524,126.8191095660756,37.19637060582915,2024-10-24 13:19:54
1228,54,33,13,,,126.8332509823546,37.210400746459534,126.82953732955828,37.20094178129212,2024-10-24 13:20:08
1229,56,31,13,,,126.83590663302668,37.20512104408504,126.82942829248688,37.19688214596753,2024-10-24 13:20:11
1230,70,21,13,,,126.83818866750171,37.21019317329195,126.81894756863916,37.19594501746094,2024-10-24 13:21:35
1231,58,19,13,,,126.83442896789872,37.20941469972821,126.82981712047638,37.194931686950724,2024-10-24 13:21:38
1232,54,33,13,,,126.83305630948358,37.20944789802323,126.82858727637611,37.19978508630363,2024-10-24 13:22:55
1233,37,51,13,,,126.82034637573405,37.19799916077499,126.8203088721593,37.209655763347655,2024-10-24 13:23:03
1234,70,33,13,,,126.83742810171756,37.208883943617984,126.82855146715889,37.20115470329691,2024-10-24 13:23:21
1235,63,45,13,,,126.83631249647485,37.210977140275595,126.82423950266424,37.213330239433176,2024-10-24 13:23:32
1236,58,19,13,,,126.8356084979571,37.20829891454817,126.82824431043598,37.19407779335407,2024-10-24 13:23:40
1237,56,41,13,,,126.83491586165242,37.20643878536911,126.83334472032091,37.197041813529,2024-10-24 13:24:04
1238,33,56,13,,,126.8289199295304,37.20033266229004,126.8359027613007,37.20475330863931,2024-10-24 13:24:30
1239,70,33,13,,,126.83770260901456,37.20881755726263,126.8293605155961,37.20164094633304,2024-10-24 13:24:45
1240,56,40,13,,,126.83399047837794,37.20557362504322,126.83162308816658,37.19303276388721,2024-10-24 13:24:57
1241,56,41,13,,,126.83579946035277,37.20624272702734,126.83511755210093,37.197813547032055,2024-10-24 13:25:07
1242,58,19,13,,,126.83567257894349,37.20940010269888,126.82857243090932,37.19412946663015,2024-10-24 13:25:23
1243,56,41,13,,,126.83488118351842,37.20533337245652,126.83348121919543,37.197249320477,2024-10-24 13:25:27
1244,32,59,13,,,126.83279902019993,37.202059293979595,126.83338197858211,37.20750991520586,2024-10-24 13:25:39
1245,69,30,13,,,126.83741317581905,37.205900611837755,126.83160407285727,37.199759749761164,2024-10-24 13:25:39
1246,34,50,13,,,126.82130587857587,37.203375714932704,126.8215929102058,37.21128072312555,2024-10-24 13:26:13
1247,33,56,13,,,126.8299502266962,37.20157409355622,126.83504321747914,37.205607051976244,2024-10-24 13:26:14
1248,37,51,13,,,126.82134185076157,37.19654958897285,126.81976254484121,37.21003485088947,2024-10-24 13:26:32
1249,10,56,13,,,126.81630047677473,37.20928744150126,126.83393245578831,37.20638347476465,2024-10-24 13:26:37
1250,40,72,13,,,126.83227844938868,37.19294836777742,126.81091652595367,37.20732793609496,2024-10-24 13:27:26
1251,58,19,13,,,126.83544460047258,37.20861606381327,126.82883848590183,37.19560847748299,2024-10-24 13:28:06
1252,10,17,13,,,126.81648607199104,37.20987899791802,126.82668076877927,37.19665001025838,2024-10-24 13:28:11
1253,51,34,13,,,126.81916594276234,37.20942852921277,126.82176853592738,37.202289262400825,2024-10-24 13:28:35
1254,33,56,13,,,126.82960094971136,37.20010255586076,126.83533953034362,37.20646813773863,2024-10-24 13:29:26
1255,56,17,13,,,126.8356923749644,37.20580185335302,126.82570355884984,37.19695318350566,2024-10-24 13:29:38
1256,54,17,13,,,126.83290552712548,37.209696238053276,126.82631191470175,37.197549799428295,2024-10-24 13:29:40
1257,54,33,13,,,126.83352766265745,37.20948335703777,126.8290889339852,37.20057576460952,2024-10-24 13:29:45
1258,58,19,13,,,126.83450207263542,37.207979468996626,126.82793556729591,37.195159803242,2024-10-24 13:30:05
1259,56,31,13,,,126.83418597753747,37.205570440577944,126.82846011274664,37.198256555418496,2024-10-24 13:31:03
1260,58,19,13,,,126.83537033992897,37.20937108231311,126.82893682248955,37.19435640852211,2024-10-24 13:31:07
1261,33,58,13,,,126.82889419071364,37.20118668902612,126.83524203041259,37.20786489554485,2024-10-24 13:31:22
1262,51,71,13,,,126.82001331906447,37.21096005169643,126.83944285161859,37.204541509699375,2024-10-24 13:31:41
1263,70,11,13,,,126.83815056012283,37.2087878831474,126.81368465586579,37.207832511383224,2024-10-24 13:32:15
1264,54,33,13,,,126.83181360742154,37.21022328192906,126.82920391516294,37.20013638252645,2024-10-24 13:33:06
1265,45,64,13,,,126.82407875339219,37.21174308117708,126.84293003923027,37.20410575227062,2024-10-24 13:33:14
1266,51,34,13,,,126.81887070713498,37.21064348876555,126.82131053741874,37.203707213951844,2024-10-24 13:34:07
1267,70,21,13,,,126.83685382336019,37.210005443839854,126.81873999019409,37.19586194721096,2024-10-24 13:34:59
1268,56,40,13,,,126.83525803564129,37.20653356375252,126.83054867593728,37.194075853707304,2024-10-24 13:35:08
1269,55,11,13,,,126.83097787813465,37.209090943275775,126.81499988930456,37.208440295059255,2024-10-24 13:35:37
1270,58,33,13,,,126.83597394742112,37.20806177414117,126.8293131072091,37.20047490752681,2024-10-24 13:36:25
1271,58,33,13,,,126.8347956407614,37.20940985667444,126.82926209472478,37.20107668557753,2024-10-24 13:37:17
1272,70,33,13,,,126.83842389376503,37.209944059075255,126.83014633569748,37.20050047537921,2024-10-24 13:37:37
1273,42,70,13,,,126.83103817307601,37.19544540540896,126.83708547495326,37.20970350090226,2024-10-24 13:37:46
1274,69,30,13,,,126.83773008719035,37.20664795520962,126.83117355995232,37.19976067299037,2024-10-24 13:37:56
1275,70,33,13,,,126.83848156556287,37.20976638601754,126.82937846468474,37.200717088513734,2024-10-24 13:38:08
1276,56,19,13,,,126.83474427341484,37.20643942288158,126.82984873612567,37.194123277148115,2024-10-24 13:39:09
1277,54,33,13,,,126.83206939121565,37.20984541912248,126.82896564329526,37.20101948795611,2024-10-24 13:39:34
1278,45,67,13,,,126.82489674988688,37.213355466245574,126.83522952534953,37.2034420479006,2024-10-24 13:40:31
1279,59,15,13,,,126.83333445189281,37.20758793324098,126.81650879910319,37.20733985109622,2024-10-24 13:41:10
1280,33,56,13,,,126.8296052397316,37.2004510517549,126.83498999402171,37.20485978023019,2024-10-24 13:41:39
1281,12,17,13,,,126.81996412292544,37.20562474570731,126.82593979507772,37.19643957505483,2024-10-24 13:41:40
1282,32,59,13,,,126.83291481644515,37.20099008498426,126.83265701913332,37.206550550345405,2024-10-24 13:43:33
1283,33,54,13,,,126.83030476812453,37.20057267039449,126.83305633140817,37.210732192753575,2024-10-24 13:43:36
1284,33,56,13,,,126.82938352597054,37.199847116814006,126.83406964327747,37.206564770336946,2024-10-24 13:44:10
1285,37,51,13,,,126.82060524468505,37.19668467917824,126.8193093394175,37.209519305124985,2024-10-24 13:44:17
1286,37,51,13,,,126.82207510442348,37.1964617297249,126.81918002985088,37.21065613329631,2024-10-24 13:44:38
1287,33,56,13,,,126.8286174883253,37.20044675050623,126.83469139043942,37.20530258103159,2024-10-24 13:45:22
1288,58,19,13,,,126.83581689521002,37.20885238176356,126.82847435379513,37.19492534136452,2024-10-24 13:45:27
1289,37,51,13,,,126.82214092624636,37.19746984298975,126.8197677875344,37.211159789189345,2024-10-24 13:45:33
1290,33,56,13,,,126.828961081633,37.20120554388267,126.8340567238282,37.20496685135624,2024-10-24 13:45:34
1291,58,33,13,,,126.8360847584831,37.209373901999065,126.82929520409796,37.200454630090185,2024-10-24 13:45:50
1292,70,17,13,,,126.83687561836888,37.209829100989964,126.82639171989635,37.19729907695323,2024-10-24 13:46:57
1293,70,21,13,,,126.83788757384559,37.20926457465334,126.81786411622541,37.19604613157832,2024-10-24 13:46:59
1294,34,50,13,,,126.82087786285487,37.2027727689984,126.82285002253836,37.211766096213395,2024-10-24 13:47:01
1295,32,54,13,,,126.83162576542541,37.20273293441577,126.83168884075788,37.209214630472175,2024-10-24 13:47:07
1296,46,72,13,,,126.82949685713889,37.21118195979131,126.81154270541172,37.20671790156923,2024-10-24 13:47:15
1297,58,19,13,,,126.83443407560702,37.20775456268807,126.82977039865234,37.194443341074106,2024-10-24 13:47:35
1298,56,41,13,,,126.83532740398002,37.204776931121266,126.83519830357143,37.19660538046497,2024-10-24 13:48:07
1299,56,41,13,,,126.83555948774409,37.20570672825086,126.83413975709217,37.197994857675525,2024-10-24 13:48:27
1300,69,30,13,,,126.8380773098946,37.207499325033645,126.83166005355625,37.198762148319574,2024-10-24 13:49:41
1301,58,33,13,,,126.83421324129614,37.208416617068906,126.82854802557308,37.20102179953827,2024-10-24 13:49:56
1302,56,23,13,,,126.83397597081692,37.20618013207462,126.82077197381395,37.19185536549465,2024-10-24 13:50:04
1303,37,51,13,,,126.82211037829065,37.19758229513578,126.81897784569215,37.20949314446506,2024-10-24 13:50:35
1304,10,17,13,,,126.81785509561021,37.21023476588884,126.82677263936343,37.19623696286503,2024-10-24 13:50:56
1305,56,33,13,,,126.83580092069518,37.20518249805408,126.82990323088394,37.200750653077264,2024-10-24 13:51:23
1306,56,31,13,,,126.83537230227591,37.204667765275936,126.82835564527375,37.19875015342982,2024-10-24 13:51:24
1307,58,33,13,,,126.83417817676197,37.20801450894047,126.8292051895413,37.20074260745268,2024-10-24 13:52:22
1308,33,56,13,,,126.82909145423288,37.19979055762411,126.83442520691976,37.20663483642718,2024-10-24 13:53:03
1309,54,33,13,,,126.83212745255238,37.20941374022992,126.82913946429214,37.20014001958722,2024-10-24 13:53:10
1310,56,33,13,,,126.83514964013213,37.20601224965564,126.83017875990866,37.20033717221668,2024-10-24 13:53:46
1311,70,11,13,,,126.83734408724627,37.20854442264866,126.81499439739478,37.20916918650893,2024-10-24 13:54:00
1312,42,70,13,,,126.83177576686765,37.196810126575954,126.83684999385169,37.21009485257403,2024-10-24 13:54:00
1313,72,33,13,,,126.81182821949295,37.207495579760746,126.83013133197423,37.20060394754733,2024-10-24 13:54:08
1314,37,51,13,,,126.82148319844595,37.19661818819192,126.81882257997835,37.21109009344419,2024-10-24 13:54:10
1315,51,71,13,,,126.82038222813675,37.20971782396417,126.84005044330816,37.20581162527488,2024-10-24 13:54:22
1316,10,56,13,,,126.81736716392332,37.20923590358698,126.83527448232995,37.20656644473856,2024-10-24 13:54:25
1317,56,31,13,,,126.8341047281153,37.206036226305585,126.82825640431803,37.19784085572546,2024-10-24 13:54:28
1318,58,33,13,,,126.8359468410451,37.208589117631995,126.82969256734037,37.200549993932796,2024-10-24 13:54:35
1319,39,48,13,,,126.82115911853462,37.19964418734805,126.83091069014795,37.215415665603075,2024-10-24 13:54:55
1320,33,56,13,,,126.82919542304298,37.20019511256927,126.83576590230459,37.20562636286576,2024-10-24 13:55:29
1321,37,51,13,,,126.82125503366021,37.196636266111675,126.81913580979617,37.21101773957488,2024-10-24 13:55:48
1322,10,17,13,,,126.81634537790633,37.208570251068565,126.82600835370619,37.19656712984709,2024-10-24 13:55:56
1323,69,30,13,,,126.83770198839457,37.20648725434571,126.83242754144001,37.198015394597434,2024-10-24 13:56:49
1324,37,51,13,,,126.82219389494686,37.19804715988474,126.81937323495946,37.209452225702094,2024-10-24 13:56:57
1325,69,30,13,,,126.83758245551242,37.20689413178912,126.83122408527251,37.19941064081469,2024-10-24 13:56:58
1326,40,72,13,,,126.83075320652479,37.194229282675224,126.81098876244711,37.206267175165486,2024-10-24 13:57:06
1327,33,56,13,,,126.82993882468536,37.201121317706686,126.83436042339203,37.20478311866423,2024-10-24 13:57:37
1328,54,33,13,,,126.83250833608327,37.210124543085,126.82875398050592,37.201186462030435,2024-10-24 13:58:08
1329,69,30,13,,,126.83726508802587,37.206774317373586,126.83195640261182,37.19979723475997,2024-10-24 13:59:13
1330,56,41,13,,,126.83432831765931,37.206561126755126,126.83368667477951,37.19768598870806,2024-10-24 13:59:28
1331,56,31,13,,,126.8348373212829,37.205383760214154,126.82981098657216,37.19811709024436,2024-10-24 13:59:29
1332,58,19,14,,,126.83508731921707,37.20780212530453,126.82960375016057,37.19541844121713,2024-10-24 14:00:54
1333,58,33,14,,,126.83476477976971,37.208302663697204,126.83010002776969,37.19979280400225,2024-10-24 14:01:17
1334,56,32,14,,,126.83423461107587,37.20634761095943,126.83156909754767,37.20230548981207,2024-10-24 14:01:24
1335,41,56,14,,,126.8350462591898,37.197486750455504,126.83538762913729,37.204712538156436,2024-10-24 14:01:26
1336,50,38,14,,,126.82267358755091,37.21234673837894,126.82498253783655,37.2015729671563,2024-10-24 14:01:34
1337,33,70,14,,,126.82992134974333,37.2001825765593,126.83717070364293,37.20985687072402,2024-10-24 14:01:59
1338,70,17,14,,,126.83749420270837,37.210153160384245,126.82585899995829,37.19599757882833,2024-10-24 14:02:10
1339,18,70,14,,,126.824040061396,37.19504273093658,126.83858813365727,37.210098294237795,2024-10-24 14:02:14
1340,70,33,14,,,126.83715282579576,37.20955414075313,126.8287250458338,37.19990190156652,2024-10-24 14:02:51
1341,70,19,14,,,126.83793277789923,37.21007971908466,126.82957300541473,37.19582746415553,2024-10-24 14:03:11
1342,58,33,14,,,126.83433840651263,37.20812635471411,126.82917784928267,37.20136104192452,2024-10-24 14:03:28
1343,50,38,14,,,126.82145109866863,37.21096023476631,126.82458077400067,37.200840160368436,2024-10-24 14:03:43
1344,33,56,14,,,126.82904282271573,37.20071032203583,126.83420967501613,37.2049384066706,2024-10-24 14:04:05
1345,33,56,14,,,126.83000620734329,37.20093363784107,126.83448281890215,37.20517678881015,2024-10-24 14:04:23
1346,35,32,14,,,126.81861977322231,37.201601167952575,126.83290940272346,37.20087366811558,2024-10-24 14:05:43
1347,58,19,14,,,126.83416083130528,37.20770883358199,126.82789795961163,37.194258653762084,2024-10-24 14:05:58
1348,1,48,14,,,126.81660866158379,37.19736839757451,126.83059433604708,37.21429862502802,2024-10-24 14:06:11
1349,42,70,14,,,126.83194784823212,37.19676419488693,126.8375224458923,37.20955219832658,2024-10-24 14:06:51
1350,19,10,14,,,126.82884729654221,37.195172539204385,126.81708896188516,37.20944583013712,2024-10-24 14:07:28
1351,50,37,14,,,126.8224121059544,37.21081615855407,126.82192198943008,37.198362932884834,2024-10-24 14:07:33
1352,10,17,14,,,126.81663873765773,37.2098610812327,126.8264450746088,37.19670144363363,2024-10-24 14:07:42
1353,38,47,14,,,126.8240164109086,37.20095269233414,126.82845206608273,37.2112126128294,2024-10-24 14:07:42
1354,18,25,14,,,126.82335035773768,37.19545625234402,126.82095639341945,37.19436101582419,2024-10-24 14:08:07
1355,70,33,14,,,126.83769695012097,37.21023671948217,126.82985233970508,37.200497282541804,2024-10-24 14:08:23
1356,56,33,14,,,126.83450954701358,37.20601154716754,126.82916973699092,37.2001630898747,2024-10-24 14:08:43
1357,50,37,14,,,126.82177952480856,37.21050666528282,126.82141236535766,37.19703469878667,2024-10-24 14:09:17
1358,50,38,14,,,126.82200591338841,37.21102132569662,126.82416726951048,37.20227674564523,2024-10-24 14:09:40
1359,53,39,14,,,126.82894959322606,37.2055442067653,126.82084574224238,37.20097525128705,2024-10-24 14:10:06
1360,70,33,14,,,126.8378780337473,37.21004594181607,126.82859026204267,37.20124021434674,2024-10-24 14:10:20
1361,58,19,14,,,126.83502361136625,37.20893621696561,126.82790544467595,37.195004922431686,2024-10-24 14:10:24
1362,56,33,14,,,126.83496328713036,37.20650425451828,126.82848221358113,37.20096023364697,2024-10-24 14:10:35
1363,33,56,14,,,126.82951673791678,37.20017867613412,126.83413584686137,37.20545465117144,2024-10-24 14:10:57
1364,19,10,14,,,126.82813516560303,37.19501778797444,126.81698508696621,37.209769708718994,2024-10-24 14:11:12
1365,50,38,14,,,126.82336850430407,37.211131599514104,126.82347137776783,37.20184706326857,2024-10-24 14:11:15
1366,54,12,14,,,126.83331703193753,37.21069334779685,126.81957368693644,37.20491515645303,2024-10-24 14:11:29
1367,10,17,14,,,126.8179605921012,37.208467683162056,126.82659554110616,37.19644690353427,2024-10-24 14:11:31
1368,58,19,14,,,126.83455153842992,37.20917667866266,126.82916566877067,37.19533207520056,2024-10-24 14:12:50
1369,33,56,14,,,126.8299083628978,37.199721191211694,126.83487949441306,37.205264000428585,2024-10-24 14:13:06
1370,70,11,14,,,126.83780310466908,37.208852157487556,126.8152120206488,37.20884409822813,2024-10-24 14:13:37
1371,70,10,14,,,126.83831724180281,37.209104443729274,126.81626837022087,37.209672375244445,2024-10-24 14:14:08
1372,54,17,14,,,126.83361514313385,37.21036056927581,126.82654719506854,37.1968216710548,2024-10-24 14:14:29
1373,50,38,14,,,126.82208797753947,37.211442378521944,126.82451043136307,37.20153246137022,2024-10-24 14:16:01
1374,70,33,14,,,126.83776605986438,37.210209156038495,126.82865679696842,37.20023929946427,2024-10-24 14:16:44
1375,70,17,14,,,126.83713594412936,37.20925361704841,126.82719453438757,37.19742553761843,2024-10-24 14:17:48
1376,50,38,14,,,126.8222813275552,37.21097148492597,126.82433465443019,37.200816348360625,2024-10-24 14:17:52
1377,50,38,14,,,126.82290250201018,37.211726376816436,126.82379486890724,37.20084722832228,2024-10-24 14:17:58
1378,70,33,14,,,126.83832842362416,37.209284402013544,126.82964426388725,37.20038706967723,2024-10-24 14:18:09
1379,42,70,14,,,126.83219727941781,37.19684828233207,126.83776091576591,37.21042052013911,2024-10-24 14:18:42
1380,19,25,14,,,126.82792248309178,37.194675794324105,126.8217109492458,37.19369857960243,2024-10-24 14:19:25
1381,33,56,14,,,126.82890891391546,37.20019609306374,126.83551793574722,37.20578996067935,2024-10-24 14:19:37
1382,58,33,14,,,126.83493244021369,37.20753268903203,126.82976350174778,37.2006924943073,2024-10-24 14:19:51
1383,32,58,14,,,126.8323147613428,37.20082125996515,126.83516259911514,37.20830360068209,2024-10-24 14:22:15
1384,10,17,14,,,126.81677973934656,37.20932568793698,126.82687796828998,37.196683531774624,2024-10-24 14:22:23
1385,54,33,14,,,126.83303451311421,37.20924539883105,126.82910261298295,37.20102706168324,2024-10-24 14:22:26
1386,36,70,14,,,126.82441950654919,37.19916900067638,126.83830665114745,37.21015121251466,2024-10-24 14:22:28
1387,33,56,14,,,126.829447129967,37.20021251272806,126.83476294148869,37.205705046607086,2024-10-24 14:22:59
1388,50,38,14,,,126.82164321323967,37.21225630717912,126.8242296958773,37.200954347214854,2024-10-24 14:23:09
1389,33,56,14,,,126.8289133151726,37.199999037300245,126.83431224696177,37.20658177479847,2024-10-24 14:23:10
1390,58,42,14,,,126.8351483513597,37.20833487597926,126.8319208320257,37.19629071057566,2024-10-24 14:23:28
1391,33,56,14,,,126.82961734700453,37.20125708636306,126.83551698313198,37.20524661332217,2024-10-24 14:23:42
1392,31,58,14,,,126.82925815522636,37.19846939249374,126.83538338546967,37.208989042642834,2024-10-24 14:23:48
1393,1,54,14,,,126.81611753438841,37.19739839829109,126.83215553346889,37.21065058267277,2024-10-24 14:24:02
1394,56,41,14,,,126.83407226883119,37.20515263970165,126.83346367130892,37.19720284441367,2024-10-24 14:24:15
1395,58,19,14,,,126.83605936269005,37.208839979186514,126.82947547058852,37.19538503333512,2024-10-24 14:24:37
1396,70,33,14,,,126.83740297917458,37.20885359439345,126.82932606661085,37.20054881868452,2024-10-24 14:24:41
1397,35,47,14,,,126.81979525357649,37.202316702551045,126.82820505635011,37.21064092603549,2024-10-24 14:24:48
1398,2,48,14,,,126.8213021149417,37.20626589457461,126.82964948235134,37.21509092510345,2024-10-24 14:25:01
1399,32,59,14,,,126.83164406850719,37.20188721180319,126.83242436479975,37.20657322894345,2024-10-24 14:25:47
1400,31,59,14,,,126.82878050732525,37.19704498573707,126.83215018608554,37.20709250975863,2024-10-24 14:25:58
1401,56,33,14,,,126.83503484386199,37.20559579866621,126.8298272546644,37.20051192402524,2024-10-24 14:26:29
1402,42,70,14,,,126.83238673724377,37.19697040795616,126.83869137800836,37.209141305601946,2024-10-24 14:26:49
1403,50,37,14,,,126.82326888848199,37.21225329370104,126.82070972093409,37.198192286572045,2024-10-24 14:26:51
1404,10,17,14,,,126.81732727363939,37.209214379040546,126.8256923545696,37.19593965206178,2024-10-24 14:27:03
1405,56,32,14,,,126.83438888997375,37.20515324709671,126.83179706028658,37.202288259695685,2024-10-24 14:27:13
1406,10,56,14,,,126.81734353113299,37.209050456953484,126.8358837761116,37.20654319692847,2024-10-24 14:27:19
1407,10,17,14,,,126.81796531882259,37.209728336571814,126.8271904747074,37.197252504560765,2024-10-24 14:27:20
1408,10,17,14,,,126.8176863953755,37.208583786675135,126.82596265611083,37.19722004124226,2024-10-24 14:27:35
1409,37,72,14,,,126.82143970855593,37.1969322155521,126.81139127711884,37.20715671923436,2024-10-24 14:27:52
1410,42,70,14,,,126.8312163282865,37.19696838759508,126.83865582559606,37.209384261298325,2024-10-24 14:28:11
1411,58,33,14,,,126.83560723609598,37.20915588712413,126.82942288242792,37.20085746196552,2024-10-24 14:28:22
1412,56,41,14,,,126.8345040247397,37.20639642998722,126.83414579662424,37.19737037205514,2024-10-24 14:28:24
1413,54,17,14,,,126.83216420329623,37.211034300887164,126.82559422989404,37.19676586179404,2024-10-24 14:28:25
1414,58,33,14,,,126.83436696095016,37.20923693579123,126.82960663300292,37.20091117624398,2024-10-24 14:28:28
1415,32,59,14,,,126.83239114272226,37.20127974249228,126.83341917712762,37.207553756064485,2024-10-24 14:28:45
1416,37,16,14,,,126.8204743746936,37.196859620481526,126.82304655944215,37.192301910463975,2024-10-24 14:28:52
1417,56,40,14,,,126.83483804269218,37.20546895810199,126.83195239236541,37.19374051789409,2024-10-24 14:29:00
1418,70,33,14,,,126.83763735183793,37.20936634813623,126.83001905433625,37.20058328899219,2024-10-24 14:29:16
1419,50,38,14,,,126.82167787657414,37.21170129913714,126.82350909404316,37.20223577816945,2024-10-24 14:29:16
1420,50,38,14,,,126.82257953974529,37.21221318913049,126.82373478276558,37.202310127341214,2024-10-24 14:29:26
1421,33,56,14,,,126.82894097931003,37.20099269625899,126.83441125929386,37.20547154779428,2024-10-24 14:29:33
1422,58,19,14,,,126.83584945818473,37.20914283402179,126.828038376213,37.19511199382719,2024-10-24 14:29:44
1423,33,56,14,,,126.83012558462293,37.20050982112206,126.83445415363508,37.20504690031041,2024-10-24 14:29:46
1424,50,38,14,,,126.82316972460838,37.210732561769376,126.82405188765101,37.20130953399511,2024-10-24 14:29:47
1425,70,33,14,,,126.83874402741723,37.21013750306949,126.83026359289065,37.2011773115368,2024-10-24 14:29:53
1426,58,42,14,,,126.83417469331867,37.20885368348291,126.83093528645202,37.19569141471837,2024-10-24 14:30:36
1427,58,32,14,,,126.8345357563093,37.208629107140894,126.83266690283529,37.20188536564527,2024-10-24 14:30:41
1428,50,37,14,,,126.82284971838992,37.21145724463509,126.82163568041051,37.19694496347033,2024-10-24 14:30:49
1429,54,33,14,,,126.83313497885922,37.20984330543045,126.8302290789357,37.20113442198343,2024-10-24 14:30:55
1430,50,38,14,,,126.82236767223257,37.212155028579105,126.82357513900324,37.20076868034085,2024-10-24 14:30:58
1431,54,33,14,,,126.83299096707086,37.210854872944985,126.83022467643937,37.20057389389465,2024-10-24 14:31:25
1432,50,38,14,,,126.8227818964807,37.21089704608052,126.82397091809774,37.200657224353996,2024-10-24 14:31:34
1433,56,33,14,,,126.83572314513022,37.20551763033081,126.82861148645473,37.200621005594705,2024-10-24 14:31:57
1434,19,10,14,,,126.82957489205769,37.1949866508676,126.81679294675206,37.20935163243725,2024-10-24 14:32:04
1435,70,17,14,,,126.83723759908185,37.20914683308553,126.82544188063763,37.19586373891386,2024-10-24 14:33:42
1436,19,10,14,,,126.82862178452872,37.195216918994454,126.8175431186476,37.20969123790721,2024-10-24 14:33:46
1437,10,17,14,,,126.8174196389432,37.20986280969851,126.82548683657257,37.19688390448726,2024-10-24 14:33:50
1438,36,62,14,,,126.8234211875523,37.199273462070714,126.83865660634838,37.21159993727723,2024-10-24 14:33:53
1439,11,32,14,,,126.81521071726124,37.20771877690265,126.8324748224815,37.200805951758454,2024-10-24 14:33:56
1440,10,56,14,,,126.81754617622397,37.20889604360612,126.83441010942883,37.204858992628985,2024-10-24 14:34:54
1441,56,33,14,,,126.83483577945935,37.205326408987744,126.82968674644914,37.200114243289015,2024-10-24 14:35:02
1442,33,56,14,,,126.82984115780728,37.20057224007502,126.83394593635235,37.20500412099472,2024-10-24 14:35:10
1443,35,66,14,,,126.81918465435459,37.20230179267523,126.83742031615637,37.20445817329231,2024-10-24 14:35:37
1444,17,58,14,,,126.8273107804361,37.196862880309226,126.83499389228051,37.20752185164851,2024-10-24 14:36:54
1445,42,70,14,,,126.8318287819743,37.19588477358052,126.8386250473965,37.20994076290273,2024-10-24 14:37:43
1446,50,38,14,,,126.82173811861864,37.21058276365307,126.82415452793074,37.20065944543845,2024-10-24 14:38:11
1447,70,17,14,,,126.83733437748116,37.20898772057622,126.82611610139944,37.196450288669574,2024-10-24 14:38:21
1448,50,38,14,,,126.82281654101998,37.21073521471279,126.82500882637332,37.2011900299119,2024-10-24 14:38:43
1449,56,40,14,,,126.8340617947476,37.20473837584174,126.8305420071927,37.19239008770271,2024-10-24 14:38:48
1450,55,30,14,,,126.8307131071475,37.208371156875415,126.83134095284899,37.199534044694396,2024-10-24 14:38:51
1451,1,69,14,,,126.81675543856745,37.19721395769684,126.83765193202237,37.207250203346376,2024-10-24 14:38:55
1452,54,33,14,,,126.83188402826703,37.2110517713792,126.8283720223818,37.20031285953301,2024-10-24 14:40:18
1453,54,33,14,,,126.83233074226791,37.210509487099955,126.8295590030893,37.199753476863414,2024-10-24 14:40:33
1454,50,38,14,,,126.82156993301646,37.21101296486304,126.82383457335665,37.200437217068554,2024-10-24 14:40:46
1455,1,47,14,,,126.8169186152921,37.19748808599215,126.82722850273575,37.21021669958348,2024-10-24 14:41:04
1456,69,30,14,,,126.83802465286652,37.20743062286336,126.83254139161622,37.198867863331046,2024-10-24 14:41:06
1457,50,37,14,,,126.82247482963609,37.21195897686438,126.82165116686599,37.19707714039527,2024-10-24 14:41:06
1458,33,56,14,,,126.83012794503239,37.20137133216064,126.83536195984514,37.20651219116091,2024-10-24 14:41:56
1459,50,38,14,,,126.82333442191971,37.21126238902599,126.82343332478294,37.20166223648356,2024-10-24 14:42:18
1460,33,56,14,,,126.8284981890479,37.20115155891561,126.83409819693844,37.206331293060956,2024-10-24 14:42:38
1461,42,70,14,,,126.83217537937473,37.19574976187133,126.83839736799817,37.209828388299634,2024-10-24 14:43:06
1462,33,56,14,,,126.82988857259481,37.201360451052665,126.83498039775505,37.20632368027037,2024-10-24 14:43:22
1463,50,38,14,,,126.82140001465683,37.211416841898014,126.82381534023483,37.20058612231332,2024-10-24 14:44:11
1464,11,58,14,,,126.81486105546928,37.2087603528097,126.83453694297815,37.20904411743258,2024-10-24 14:45:07
1465,32,11,14,,,126.83146846994654,37.201234962494624,126.81349579472545,37.20788133237318,2024-10-24 14:45:08
1466,56,41,14,,,126.83548108389344,37.2055686771806,126.83332631775966,37.19788177492539,2024-10-24 14:45:09
1467,12,17,14,,,126.81925700109112,37.20478445976294,126.82702458264106,37.19685451647112,2024-10-24 14:45:11
1468,56,33,14,,,126.83464364336294,37.20483514228799,126.82920515820726,37.200065525385554,2024-10-24 14:45:25
1469,56,41,14,,,126.83552439784496,37.20554281510439,126.83507202418062,37.1968786240387,2024-10-24 14:45:45
1470,50,38,14,,,126.82174011391614,37.21087924001479,126.82322639450801,37.2019046395106,2024-10-24 14:46:13
1471,58,33,14,,,126.83586834786074,37.20926880088648,126.82843568274188,37.20012959443647,2024-10-24 14:46:19
1472,10,17,14,,,126.81603574880181,37.209073145129274,126.826749810403,37.197117958065775,2024-10-24 14:46:21
1473,11,58,14,,,126.81393141647449,37.20791104508833,126.83565342235683,37.20870511983951,2024-10-24 14:46:22
1474,42,70,14,,,126.83228478972728,37.19535950069295,126.83759567522885,37.21025482357704,2024-10-24 14:46:46
1475,33,56,14,,,126.83000251736908,37.20119684302804,126.83562910160758,37.205463439817905,2024-10-24 14:46:47
1476,10,17,14,,,126.81689808885315,37.21029062043421,126.82598679809631,37.19687747202381,2024-10-24 14:46:54
1477,32,58,14,,,126.83160905068215,37.200877505193915,126.83417250344964,37.208133843116265,2024-10-24 14:46:58
1478,33,56,14,,,126.8289862083024,37.20101600545502,126.83543853750918,37.205648456338125,2024-10-24 14:47:09
1479,50,38,14,,,126.82180380950045,37.21129562310642,126.82401543017767,37.20108670335186,2024-10-24 14:47:18
1480,33,56,14,,,126.82868735125543,37.20069823109449,126.83523034214015,37.20564132655571,2024-10-24 14:48:00
1481,53,37,14,,,126.82967795687841,37.20641860733831,126.82170027459398,37.19664858547878,2024-10-24 14:48:24
1482,10,38,14,,,126.8171974770539,37.209870206668015,126.82477081673744,37.20183231832876,2024-10-24 14:48:42
1483,2,31,14,,,126.82149557696681,37.20525272380144,126.8291644742482,37.19865360622163,2024-10-24 14:48:51
1484,72,68,14,,,126.81252915283032,37.207788495805396,126.8394604552197,37.2013424008552,2024-10-24 14:48:59
1485,69,30,14,,,126.8385138612781,37.20714648565234,126.83212125941668,37.19959709026015,2024-10-24 14:49:21
1486,2,39,14,,,126.8213598941567,37.20506700019807,126.82189994449561,37.20024729561143,2024-10-24 14:49:31
1487,70,33,14,,,126.83712732466401,37.21028051472354,126.82995259494308,37.20039325667966,2024-10-24 14:50:00
1488,70,10,14,,,126.8377633828925,37.20926004043414,126.81633422862146,37.21028014561829,2024-10-24 14:50:08
1489,56,33,14,,,126.83452893232254,37.20625562568478,126.82857684671437,37.201035706748094,2024-10-24 14:50:14
1490,58,19,14,,,126.83510652445712,37.20866242948239,126.82981403290295,37.195271827506126,2024-10-24 14:50:48
1491,56,32,14,,,126.83421699903184,37.206551784203164,126.83260142661206,37.201343598043024,2024-10-24 14:51:22
1492,42,70,14,,,126.83097165683955,37.19558631406536,126.83865051480163,37.21032002275427,2024-10-24 14:51:39
1493,50,37,14,,,126.82266255919512,37.21060471132098,126.82184278530276,37.1976839163942,2024-10-24 14:52:01
1494,50,37,14,,,126.8225674064222,37.210760699585144,126.82213958310996,37.1972442361211,2024-10-24 14:52:05
1495,58,19,14,,,126.83508105764426,37.208385505713004,126.82819840010495,37.1940784624136,2024-10-24 14:52:32
1496,70,33,14,,,126.83838304571468,37.20976067438636,126.82996149383347,37.20156054985225,2024-10-24 14:53:21
1497,40,72,14,,,126.83105273887436,37.19417384247811,126.81228459788208,37.2076073445323,2024-10-24 14:53:32
1498,72,33,14,,,126.8125293476624,37.20754039935191,126.8298545770996,37.20055094024306,2024-10-24 14:54:14
1499,56,32,14,,,126.83405017788621,37.20475398934092,126.83176200762951,37.20265030509906,2024-10-24 14:54:29
1500,42,70,14,,,126.83193224876759,37.19699708970831,126.83729808485757,37.21011713472016,2024-10-24 14:54:32
1501,50,38,14,,,126.82287585785305,37.211696977807094,126.82367616204117,37.2004107361845,2024-10-24 14:54:46
1502,58,19,14,,,126.8345032542509,37.20783303806973,126.82907429486539,37.195528887395696,2024-10-24 14:55:17
1503,56,33,14,,,126.83428144137307,37.20537939135741,126.82850016829944,37.20092715537733,2024-10-24 14:55:21
1504,33,56,14,,,126.8292488640042,37.20115019888634,126.83497416837817,37.20651724514412,2024-10-24 14:56:14
1505,50,37,14,,,126.82194296882946,37.21115567454632,126.82099594579347,37.19659240161265,2024-10-24 14:56:26
1506,11,33,14,,,126.81468212613342,37.20739359066302,126.82907953934296,37.20160992796536,2024-10-24 14:56:40
1507,3,23,14,,,126.82459964131998,37.20947573932623,126.82026854356066,37.191221670043035,2024-10-24 14:56:59
1508,50,38,14,,,126.8221005585888,37.21106251497426,126.82497443362826,37.2011798844788,2024-10-24 14:56:59
1509,35,61,14,,,126.81824767959998,37.20125447870799,126.8339863009775,37.21629394995436,2024-10-24 14:57:31
1510,35,32,14,,,126.81946876286723,37.201057823147366,126.8311098803154,37.20231097221179,2024-10-24 14:58:11
1511,50,38,14,,,126.82265267855722,37.21234621928357,126.82354668818574,37.201199691635274,2024-10-24 14:58:14
1512,10,17,14,,,126.81772372461185,37.20919418566737,126.82701049224633,37.19755914953565,2024-10-24 14:58:23
1513,50,38,14,,,126.82191177986596,37.212127338527736,126.82393299530578,37.20181259850017,2024-10-24 14:58:50
1514,58,19,14,,,126.83500067731049,37.208805472126954,126.82865605680459,37.194070659195376,2024-10-24 14:59:30
1515,70,19,14,,,126.83815770497945,37.20957030418422,126.8297194533155,37.19544763859179,2024-10-24 14:59:38
1516,17,12,15,,,126.82737152057129,37.196675934562705,126.82022541173684,37.20539943679869,2024-10-24 15:00:21
1517,56,17,15,,,126.83405619202186,37.20536855358486,126.82563599803147,37.19582967541899,2024-10-24 15:00:27
1518,42,70,15,,,126.83059044719634,37.19555843468486,126.83866153057848,37.209101798266374,2024-10-24 15:00:38
1519,33,56,15,,,126.8301866369974,37.19990634921724,126.8339466768752,37.2050024060958,2024-10-24 15:01:16
1520,56,17,15,,,126.83447693147613,37.20504116503285,126.82592961715125,37.19620753032249,2024-10-24 15:02:01
1521,58,33,15,,,126.83444046194822,37.20930294298315,126.82897477443386,37.2015710579558,2024-10-24 15:02:11
1522,33,56,15,,,126.82854975780421,37.20071133786218,126.83465764922944,37.205252768477564,2024-10-24 15:02:44
1523,56,17,15,,,126.83574863689242,37.2056347806396,126.82679206056127,37.19704717434235,2024-10-24 15:02:52
1524,50,37,15,,,126.82182847058446,37.212268118558505,126.82110087080532,37.196979469772586,2024-10-24 15:02:58
1525,54,33,15,,,126.83229522214071,37.209314456859566,126.8302337560802,37.20053747912066,2024-10-24 15:03:00
1526,56,32,15,,,126.83508338145292,37.20616908404245,126.83158759126175,37.20245537558771,2024-10-24 15:03:09
1527,12,19,15,,,126.82013009764455,37.205301781560564,126.82901105967902,37.19493230252899,2024-10-24 15:03:15
1528,33,56,15,,,126.82892460130502,37.20153942417491,126.8342748839738,37.20520988389267,2024-10-24 15:03:19
1529,33,56,15,,,126.82935778095623,37.201580368478126,126.83491400731045,37.206144036440094,2024-10-24 15:03:36
1530,54,33,15,,,126.83292425884811,37.20979641664185,126.82966940229237,37.19979736338258,2024-10-24 15:03:44
1531,72,2,15,,,126.81240643926489,37.20661713777796,126.82259276471673,37.20646347709137,2024-10-24 15:04:18
1532,50,37,15,,,126.82287132104932,37.211676842842785,126.8221278734683,37.19667846553179,2024-10-24 15:04:27
1533,33,58,15,,,126.8291292609569,37.20063412588428,126.8359053912613,37.207926135513645,2024-10-24 15:04:28
1534,52,55,15,,,126.83089813835032,37.21811111167203,126.83023724697496,37.20964071361958,2024-10-24 15:04:58
1535,50,37,15,,,126.82177312780766,37.21233450411867,126.8203864349164,37.19708205297817,2024-10-24 15:05:04
1536,58,19,15,,,126.8342979164913,37.2081768404725,126.82889177109756,37.19572003553552,2024-10-24 15:05:10
1537,33,56,15,,,126.82952798301972,37.201279624912615,126.83399869699606,37.205446515023446,2024-10-24 15:05:46
1538,58,33,15,,,126.83605695576152,37.20811633732746,126.82892356430646,37.20094378947605,2024-10-24 15:07:24
1539,69,30,15,,,126.83743108094764,37.205981990618504,126.83155303062506,37.19941721427726,2024-10-24 15:07:33
1540,32,59,15,,,126.83181646548798,37.201949705149254,126.83259117707345,37.206619510453464,2024-10-24 15:08:06
1541,58,19,15,,,126.83560868959147,37.208069798473424,126.82918388537456,37.19503442917969,2024-10-24 15:08:45
1542,32,58,15,,,126.83202559674004,37.20268256833484,126.83552202087962,37.20851693681531,2024-10-24 15:08:49
1543,21,63,15,,,126.81846900937433,37.19629537898611,126.83540996042471,37.21101301864136,2024-10-24 15:08:52
1544,56,17,15,,,126.83417031906828,37.20640836553749,126.82647072886876,37.19614892249545,2024-10-24 15:09:51
1545,56,33,15,,,126.83401524765826,37.20529828050197,126.83005997636126,37.20125700670448,2024-10-24 15:10:08
1546,70,33,15,,,126.83685486545444,37.20888070749002,126.82890256268483,37.19986681310647,2024-10-24 15:11:00
1547,72,56,15,,,126.81072989217446,37.207624025067965,126.83553997838082,37.20566791949423,2024-10-24 15:11:27
1548,33,56,15,,,126.82867961122989,37.20023648631337,126.83421718444976,37.20617952867572,2024-10-24 15:11:28
1549,33,70,15,,,126.82938934463705,37.201229830189696,126.83864171866281,37.20938703421197,2024-10-24 15:11:28
1550,59,33,15,,,126.83255346111522,37.206586403952144,126.82969232247692,37.19972990117259,2024-10-24 15:11:42
1551,42,70,15,,,126.83234142021145,37.195941719221054,126.83834366368214,37.209946128648845,2024-10-24 15:11:50
1552,56,17,15,,,126.83501773961844,37.205322554278986,126.8254486035024,37.1961267231032,2024-10-24 15:11:53
1553,56,40,15,,,126.8346564871508,37.2052865655587,126.8317580425952,37.19368891724287,2024-10-24 15:12:13
1554,54,33,15,,,126.83169646558913,37.209409487673604,126.8295000463744,37.20109238165268,2024-10-24 15:13:08
1555,50,37,15,,,126.82251078826795,37.21182019051755,126.82139102713464,37.19778837091394,2024-10-24 15:13:13
1556,55,12,15,,,126.82966965330719,37.20968304409283,126.8196369747326,37.20512438195244,2024-10-24 15:13:44
1557,71,32,15,,,126.83980470303952,37.20584629763613,126.83118199862984,37.201223585367934,2024-10-24 15:13:46
1558,59,41,15,,,126.83276678735103,37.206843856449275,126.83335070668815,37.19633591414404,2024-10-24 15:14:03
1559,42,70,15,,,126.8317499111916,37.196034991838566,126.83820242331993,37.20857127853106,2024-10-24 15:14:22
1560,37,51,15,,,126.82128140351034,37.19759392204408,126.82017303063887,37.20951035859083,2024-10-24 15:14:31
1561,42,70,15,,,126.8315385012002,37.195583909043016,126.83738024591516,37.20926552765622,2024-10-24 15:15:05
1562,58,19,15,,,126.83455282951113,37.208905326382315,126.82904019639707,37.19450227513675,2024-10-24 15:15:29
1563,33,56,15,,,126.82899226914175,37.201466271699864,126.83524961738713,37.204734558721654,2024-10-24 15:15:53
1564,17,56,15,,,126.82597469043617,37.19647031451168,126.83533843864453,37.2062124978186,2024-10-24 15:15:57
1565,33,56,15,,,126.82948633153111,37.201170050342306,126.83541350966541,37.20562887817475,2024-10-24 15:16:21
1566,70,17,15,,,126.83713459764701,37.21031061293488,126.82648109453243,37.197534751905955,2024-10-24 15:16:21
1567,56,17,15,,,126.8346534302243,37.20538220060174,126.82645947292794,37.19611235985523,2024-10-24 15:16:23
1568,11,70,15,,,126.81393379543154,37.208921591290114,126.83782928237355,37.20938502106547,2024-10-24 15:16:28
1569,70,33,15,,,126.83769418050429,37.20996669237737,126.8288725571511,37.20060735832927,2024-10-24 15:16:32
1570,70,17,15,,,126.83805420623193,37.2088986855184,126.82617494943986,37.19663379346967,2024-10-24 15:17:00
1571,70,33,15,,,126.83690800352954,37.2089542734897,126.82959200662432,37.19971921862321,2024-10-24 15:17:15
1572,58,19,15,,,126.83473202777333,37.20747572235893,126.82943244562678,37.19567944646885,2024-10-24 15:17:49
1573,33,58,15,,,126.82948661877244,37.2007739333907,126.83565903606352,37.20766167343502,2024-10-24 15:18:22
1574,70,33,15,,,126.83753490717845,37.20884652225336,126.82838316306825,37.200099127730915,2024-10-24 15:18:39
1575,50,37,15,,,126.82241596471071,37.21074394906815,126.82129526049468,37.19741475314205,2024-10-24 15:18:42
1576,11,33,15,,,126.81434925446575,37.20768460234807,126.82899569113704,37.200290287691644,2024-10-24 15:19:22
1577,69,30,15,,,126.83843204627433,37.207016313556004,126.83246032377723,37.19862449244891,2024-10-24 15:19:39
1578,56,17,15,,,126.83517139886291,37.20552373553198,126.8261254379198,37.19759505777162,2024-10-24 15:19:50
1579,33,56,15,,,126.82989668077956,37.20063763394543,126.8350879781964,37.204927198904414,2024-10-24 15:20:04
1580,58,19,15,,,126.83567004517744,37.20894907729525,126.82824747399187,37.19572572522762,2024-10-24 15:20:39
1581,70,42,15,,,126.8380151438999,37.20942750266769,126.8313056749196,37.195212722545094,2024-10-24 15:21:02
1582,58,19,15,,,126.83499066541751,37.20915025793768,126.82870156484795,37.195918688312545,2024-10-24 15:21:22
1583,56,41,15,,,126.8339581661012,37.20518895822429,126.83376705008322,37.19707933226805,2024-10-24 15:21:38
1584,72,70,15,,,126.81102096222162,37.2073001103085,126.83790213850601,37.208953767929486,2024-10-24 15:22:01
1585,33,56,15,,,126.83019742840784,37.20018165144434,126.83401248594518,37.20644192229978,2024-10-24 15:22:07
1586,56,17,15,,,126.83466055331529,37.20625746190747,126.82705778809257,37.19657026537488,2024-10-24 15:22:37
1587,56,41,15,,,126.83484383168559,37.205495123980114,126.8348448092575,37.19701386082949,2024-10-24 15:22:57
1588,50,37,15,,,126.8230226417641,37.21216554870027,126.82073423399876,37.1974629538005,2024-10-24 15:23:15
1589,10,17,15,,,126.81656973860234,37.20835406680674,126.82724652062957,37.196825223712814,2024-10-24 15:23:29
1590,58,19,15,,,126.83497137410087,37.20813829908583,126.82867292655291,37.19540635436892,2024-10-24 15:24:12
1591,42,70,15,,,126.83218344550511,37.19549841650823,126.8384355621879,37.209790002415126,2024-10-24 15:24:25
1592,58,19,15,,,126.83453369266296,37.207535217372524,126.8285246717037,37.19442812140289,2024-10-24 15:24:35
1593,42,70,15,,,126.83126681533794,37.19677032682564,126.83835466488787,37.20889390257258,2024-10-24 15:25:41
1594,33,56,15,,,126.82975434036818,37.20061623796124,126.83543263217112,37.20585433871338,2024-10-24 15:25:45
1595,58,33,15,,,126.83491435176234,37.207867063839224,126.8286909507337,37.200734764025874,2024-10-24 15:26:01
1596,54,33,15,,,126.83252809990624,37.21012189268008,126.82851682923263,37.20090620427306,2024-10-24 15:26:12
1597,33,56,15,,,126.82885284843154,37.20156449697633,126.83501497187915,37.2052795921841,2024-10-24 15:26:17
1598,10,38,15,,,126.81749028155744,37.209788459704406,126.8251526962146,37.200571723733255,2024-10-24 15:26:37
1599,56,41,15,,,126.83475877541726,37.205080106745655,126.83355021899948,37.19695012120493,2024-10-24 15:27:01
1600,42,70,15,,,126.8311055789651,37.195337286210744,126.8371596873919,37.20954018057625,2024-10-24 15:27:02
1601,70,33,15,,,126.83731994466525,37.20861507861829,126.82858723452198,37.201083982074486,2024-10-24 15:27:04
1602,58,19,15,,,126.83577680210148,37.20935028461699,126.82788997055934,37.19555044090721,2024-10-24 15:27:34
1603,10,38,15,,,126.81777212647768,37.20988906300889,126.82424371526082,37.200488274287835,2024-10-24 15:27:36
1604,33,56,15,,,126.82843210084674,37.20102299999993,126.83427164538834,37.20656516596256,2024-10-24 15:27:48
1605,54,33,15,,,126.83287104013107,37.20965969846188,126.82833548646863,37.2009852309275,2024-10-24 15:28:03
1606,32,58,15,,,126.83128791813238,37.20239412838238,126.83555538060457,37.20771290255788,2024-10-24 15:28:27
1607,33,56,15,,,126.82893367713555,37.20062813572989,126.83458437620367,37.20554766814848,2024-10-24 15:28:30
1608,54,33,15,,,126.83291359019803,37.21015627310007,126.82858961878927,37.20003762967797,2024-10-24 15:28:44
1609,71,54,15,,,126.83908453356129,37.204044544871245,126.83303180747592,37.21083452759216,2024-10-24 15:28:47
1610,72,70,15,,,126.81106942712309,37.206417609996855,126.83716597631467,37.209252681950574,2024-10-24 15:29:12
1611,58,19,15,,,126.8352499731039,37.20835859847322,126.82902120601582,37.194784229091795,2024-10-24 15:29:56
1612,33,56,15,,,126.82960610643674,37.201137608453266,126.83532314696043,37.20637482643961,2024-10-24 15:30:14
1613,56,41,15,,,126.83436908486453,37.20568056073405,126.83426032450336,37.19627824112205,2024-10-24 15:30:20
1614,69,30,15,,,126.83739272837065,37.205851655366345,126.83182675783901,37.199546060433526,2024-10-24 15:30:25
1615,50,37,15,,,126.8221630919416,37.21113299760465,126.82202094358496,37.197093015341814,2024-10-24 15:30:38
1616,35,32,15,,,126.81964910230762,37.2010569425638,126.83224068560558,37.20266873360691,2024-10-24 15:30:50
1617,32,59,15,,,126.83249221838176,37.20169321584525,126.83218631168387,37.2082659167194,2024-10-24 15:31:05
1618,56,17,15,,,126.83438676778786,37.205890759328106,126.82731079590425,37.19723881259666,2024-10-24 15:31:50
1619,55,62,15,,,126.82964884032879,37.2093120410853,126.8389693616354,37.21251220510809,2024-10-24 15:31:54
1620,54,33,15,,,126.83235768905577,37.209810823322805,126.8283304370621,37.20040344285471,2024-10-24 15:32:03
1621,59,33,15,,,126.83184564503435,37.206431454607625,126.82908606160623,37.20148847348483,2024-10-24 15:33:21
1622,70,33,15,,,126.83834245479802,37.209362085615474,126.82905173750848,37.19990824411352,2024-10-24 15:33:41
1623,56,40,15,,,126.83507110307806,37.20559043560418,126.83190799181247,37.19357610909636,2024-10-24 15:33:46
1624,69,30,15,,,126.83751216741629,37.20715725937508,126.83275721505572,37.1983343342264,2024-10-24 15:34:18
1625,33,56,15,,,126.8298376309394,37.20093870339034,126.83420669488999,37.20597736078266,2024-10-24 15:34:27
1626,19,26,15,,,126.82951187456455,37.19519956684886,126.81754911989329,37.193250225643524,2024-10-24 15:35:15
1627,69,30,15,,,126.8372477986823,37.20574580945823,126.83155725537549,37.19975055366059,2024-10-24 15:35:23
1628,70,42,15,,,126.83825155406555,37.20982155367725,126.83133212063508,37.196909412915694,2024-10-24 15:35:41
1629,33,56,15,,,126.82882862896376,37.2003005477351,126.83410739697422,37.20487220854123,2024-10-24 15:36:02
1630,70,33,15,,,126.83715563994633,37.21002242226487,126.82833669461343,37.20100856717619,2024-10-24 15:36:29
1631,42,70,15,,,126.8323043244405,37.19527769072896,126.8378960318557,37.209842062240995,2024-10-24 15:36:44
1632,58,19,15,,,126.83557810017194,37.20897389720061,126.82945001889533,37.194957631031684,2024-10-24 15:37:43
1633,54,33,15,,,126.833371747051,37.20929788078054,126.82954887733007,37.20046914899042,2024-10-24 15:38:10
1634,54,33,15,,,126.83251601070539,37.2109108789049,126.8287150171844,37.20005659712366,2024-10-24 15:38:11
1635,40,72,15,,,126.83050617305736,37.19243976833487,126.81230286336535,37.20757286069355,2024-10-24 15:38:26
1636,17,12,15,,,126.82728069829767,37.19719893448348,126.81993640311964,37.20511970276517,2024-10-24 15:38:36
1637,69,30,15,,,126.83751466366161,37.20748219406338,126.83224962625118,37.199083194273136,2024-10-24 15:38:51
1638,33,56,15,,,126.82985746365863,37.20092600128791,126.8351990490633,37.205260615452445,2024-10-24 15:39:02
1639,54,33,15,,,126.8336209395821,37.20944312723846,126.82906906364347,37.20149921162026,2024-10-24 15:39:31
1640,54,33,15,,,126.83196108919329,37.21050882810612,126.82995264095335,37.2001405575753,2024-10-24 15:40:02
1641,31,59,15,,,126.82964787070966,37.197968222540645,126.83261625511992,37.20812180718276,2024-10-24 15:40:09
1642,37,51,15,,,126.82162074226146,37.19692538162591,126.82037954209314,37.21141787286779,2024-10-24 15:40:48
1643,58,19,15,,,126.83612988966492,37.20945464601301,126.82934583113047,37.19553959547048,2024-10-24 15:41:14
1644,56,17,15,,,126.83456596780654,37.20524218247551,126.82715783040292,37.195979336034604,2024-10-24 15:42:03
1645,10,17,15,,,126.81740511904397,37.20964233651453,126.82696874563254,37.197544990034615,2024-10-24 15:42:12
1646,50,37,15,,,126.82233930701264,37.21069396586992,126.8214458082083,37.19803972185949,2024-10-24 15:42:41
1647,50,37,15,,,126.82306038933969,37.212370635278404,126.82120789971742,37.19691791084334,2024-10-24 15:42:45
1648,58,33,15,,,126.83596058385984,37.20905694615722,126.82909604515619,37.20081354033299,2024-10-24 15:42:59
1649,11,70,15,,,126.81338169370268,37.207577187997124,126.83800374040264,37.21013272669722,2024-10-24 15:43:23
1650,33,58,15,,,126.82988003655242,37.200666647611584,126.83521395897847,37.20774338866309,2024-10-24 15:43:24
1651,32,54,15,,,126.83187938567954,37.20159334911176,126.8326509705579,37.21105554570917,2024-10-24 15:43:26
1652,2,24,15,,,126.8220809779041,37.20517153296111,126.81908972131585,37.19166801462557,2024-10-24 15:43:47
1653,58,19,15,,,126.83468592937186,37.207614972622736,126.82810336488231,37.194490311941884,2024-10-24 15:43:56
1654,33,56,15,,,126.8286991268441,37.200784488510834,126.83506244087447,37.20588032740258,2024-10-24 15:43:57
1655,42,70,15,,,126.83176845735784,37.196959908717545,126.83683789042512,37.2085480877941,2024-10-24 15:44:07
1656,56,41,15,,,126.83434778227344,37.20471612826885,126.8349621368543,37.19660195627221,2024-10-24 15:44:21
1657,50,37,15,,,126.82325689283098,37.21060423927026,126.82225095962033,37.19728870005438,2024-10-24 15:44:22
1658,54,33,15,,,126.83323774669964,37.211068644198335,126.82897066071529,37.2005739363911,2024-10-24 15:44:26
1659,33,58,15,,,126.82892349906135,37.201236211237664,126.83430089618041,37.20827214644496,2024-10-24 15:44:28
1660,36,43,15,,,126.82294611970524,37.19944849595413,126.82323808265333,37.19092544778193,2024-10-24 15:44:34
1661,58,19,15,,,126.83565540054373,37.208483948548235,126.8286611996887,37.19433339104343,2024-10-24 15:44:39
1662,56,17,15,,,126.8341306677272,37.206217747454026,126.82601576420235,37.197641868449935,2024-10-24 15:44:42
1663,70,17,15,,,126.83795596373095,37.208906417936554,126.82729699416905,37.19655674287678,2024-10-24 15:44:59
1664,69,30,15,,,126.83780167343892,37.20667327532901,126.83195002873619,37.199809237278,2024-10-24 15:45:22
1665,70,17,15,,,126.83821482118428,37.21037212196588,126.8258401291842,37.19721445901997,2024-10-24 15:45:30
1666,70,33,15,,,126.8377882516738,37.21003688135441,126.82941113045814,37.19980225720675,2024-10-24 15:45:45
1667,19,15,15,,,126.8286215205681,37.19431477174224,126.8159971232079,37.20699798184004,2024-10-24 15:45:54
1668,70,33,15,,,126.83770284948662,37.209604126908616,126.82958385420078,37.19976129490934,2024-10-24 15:46:04
1669,70,33,15,,,126.83758104433502,37.210039001580995,126.83002581966726,37.201157697738665,2024-10-24 15:46:07
1670,50,37,15,,,126.82331899567585,37.21054674868508,126.82148965976948,37.19777907263301,2024-10-24 15:46:17
1671,10,17,15,,,126.8177572698412,37.20973984312873,126.826033009919,37.19721274232931,2024-10-24 15:46:28
1672,50,37,15,,,126.82228722641969,37.21162074562968,126.82154267923976,37.198299384448966,2024-10-24 15:46:28
1673,56,19,15,,,126.83510782803333,37.20539142989682,126.82835528839647,37.19598879183774,2024-10-24 15:47:24
1674,42,70,15,,,126.83080041158651,37.197082984158165,126.83720471491453,37.209280490581236,2024-10-24 15:47:35
1675,10,17,15,,,126.81729793580898,37.20914613848626,126.82665433880753,37.1975447997577,2024-10-24 15:47:48
1676,42,70,15,,,126.83096905649971,37.196529329168534,126.83846098014045,37.20893170288678,2024-10-24 15:48:03
1677,20,46,15,,,126.81549353509519,37.19229842050697,126.83006045488135,37.211112672176135,2024-10-24 15:48:34
1678,33,56,15,,,126.82909415279988,37.19978278642887,126.83473437533212,37.20528300222063,2024-10-24 15:48:41
1679,41,70,15,,,126.83379471692366,37.19730891344179,126.83803962381808,37.20940345416283,2024-10-24 15:49:29
1680,33,56,15,,,126.82991389661981,37.20031621543746,126.83472798636231,37.20597192391779,2024-10-24 15:49:41
1681,12,17,15,,,126.81899336931511,37.20390855315173,126.82611456613809,37.197023619306236,2024-10-24 15:49:58
1682,33,56,15,,,126.82855892918843,37.200643370176856,126.83564958278,37.205340217179966,2024-10-24 15:50:29
1683,56,33,15,,,126.8354110022471,37.206407763466814,126.82935205810976,37.20041431504781,2024-10-24 15:51:17
1684,42,70,15,,,126.83109691013524,37.19653090134306,126.83746200970195,37.20986408335441,2024-10-24 15:51:23
1685,54,33,15,,,126.83283922026742,37.209908961770026,126.82860552274423,37.20074807027688,2024-10-24 15:51:29
1686,70,33,15,,,126.83835181135971,37.2087499784207,126.82921614534422,37.20031780913633,2024-10-24 15:51:34
1687,2,12,15,,,126.82105480004086,37.205198278124485,126.81956776392359,37.20530704644459,2024-10-24 15:52:43
1688,58,19,15,,,126.8347323538859,37.20883969181559,126.82900134397363,37.195208738928294,2024-10-24 15:53:09
1689,56,33,15,,,126.83523573410525,37.20558425388015,126.82933150098819,37.199795528946304,2024-10-24 15:53:33
1690,33,56,15,,,126.82997365447953,37.2000773928604,126.83506783520936,37.206320754174605,2024-10-24 15:53:42
1691,70,17,15,,,126.83804478822256,37.20913442675358,126.82575587202119,37.19738960977126,2024-10-24 15:54:05
1692,10,17,15,,,126.81704973383923,37.20965898560329,126.82620962508234,37.196361089091326,2024-10-24 15:54:32
1693,56,17,15,,,126.83567205729825,37.20663830912138,126.82553637448511,37.197526415914496,2024-10-24 15:54:32
1694,41,70,15,,,126.83460000231887,37.19683256316241,126.83734145426591,37.209224799811366,2024-10-24 15:54:45
1695,50,37,15,,,126.8228542625302,37.21055125755292,126.82110838718089,37.19837979493337,2024-10-24 15:55:08
1696,42,70,15,,,126.83144123739768,37.19674750635397,126.83876281125436,37.20878636048266,2024-10-24 15:56:48
1697,54,33,15,,,126.83281831269015,37.20958070357739,126.82882684558182,37.20094051033567,2024-10-24 15:57:23
1698,56,41,15,,,126.83500983365595,37.20539113400352,126.83340385662564,37.19646461590983,2024-10-24 15:57:30
1699,56,17,15,,,126.8341111101421,37.2051664965049,126.82568010651521,37.197432531714135,2024-10-24 15:57:32
1700,54,33,15,,,126.83323718090406,37.21058020182788,126.82991904757598,37.199789787331476,2024-10-24 15:57:52
1701,56,33,15,,,126.83507689415336,37.2056594582552,126.82976887046435,37.20064376413684,2024-10-24 15:58:07
1702,50,37,15,,,126.82242553409134,37.21095644402561,126.82064444976257,37.19798810912842,2024-10-24 15:58:24
1703,33,56,15,,,126.8289941864875,37.20153348043146,126.83395684358857,37.20500393530441,2024-10-24 15:58:50
1704,69,30,15,,,126.83833515267693,37.20613667466432,126.83241083703577,37.198550443121114,2024-10-24 15:59:05
1705,32,54,16,,,126.83254671303897,37.20094024604438,126.83250557307245,37.21002915370494,2024-10-24 16:00:06
1706,33,56,16,,,126.82971088991681,37.20057962138308,126.83568467081069,37.20609335966749,2024-10-24 16:00:12
1707,58,33,16,,,126.83553826289679,37.208886974748104,126.82880272587148,37.20116511876945,2024-10-24 16:00:29
1708,63,44,16,,,126.83534154145691,37.21047710576634,126.82061844644468,37.188147429314085,2024-10-24 16:00:36
1709,58,19,16,,,126.8355595247918,37.20883197130011,126.82815152940358,37.19534995462676,2024-10-24 16:00:38
1710,17,56,16,,,126.82686635673018,37.19749295049612,126.83471784022929,37.2053914349211,2024-10-24 16:00:52
1711,70,33,16,,,126.83729174306937,37.21007429920163,126.82899855537376,37.20102240350139,2024-10-24 16:00:55
1712,58,19,16,,,126.83462807484091,37.20938669000448,126.82892912944955,37.19457507922428,2024-10-24 16:01:46
1713,11,19,16,,,126.81477652809754,37.20773326125296,126.82875364152339,37.19601193151284,2024-10-24 16:02:35
1714,70,33,16,,,126.83786867556304,37.20930023459703,126.8302745220598,37.20106610058742,2024-10-24 16:03:28
1715,12,17,16,,,126.81896657544982,37.205690688059136,126.82634704641546,37.19652507521913,2024-10-24 16:05:27
1716,56,31,16,,,126.83526178104907,37.20653240026009,126.82837670917041,37.198730684294965,2024-10-24 16:05:41
1717,55,14,16,,,126.83068944967215,37.209237508897786,126.82043088507294,37.20667401581314,2024-10-24 16:05:59
1718,50,37,16,,,126.82310916575122,37.21205597529741,126.82081117874765,37.19772422558403,2024-10-24 16:06:07
1719,58,33,16,,,126.83428646589417,37.208728007963245,126.82850154059395,37.20014585634534,2024-10-24 16:06:09
1720,10,3,16,,,126.81797300890254,37.20953799663004,126.82519621225137,37.21015872536824,2024-10-24 16:06:28
1721,70,42,16,,,126.83818465622463,37.209877424379386,126.83081150003034,37.19665632044432,2024-10-24 16:06:36
1722,47,10,16,,,126.82802996836273,37.210108937301186,126.81762032068572,37.20949902969926,2024-10-24 16:06:38
1723,58,19,16,,,126.83607062644101,37.20821296656574,126.82807619457753,37.194792093459945,2024-10-24 16:06:41
1724,53,44,16,,,126.83018997376215,37.205947356246625,126.82066483137956,37.189702362731914,2024-10-24 16:06:47
1725,47,65,16,,,126.82850240377853,37.211203771546366,126.83536088644851,37.19930678053685,2024-10-24 16:06:57
1726,71,61,16,,,126.84054058850606,37.20424962734202,126.83329355299487,37.21506569783465,2024-10-24 16:07:15
1727,32,59,16,,,126.83133147803488,37.2024832287056,126.83220310463992,37.206964028768006,2024-10-24 16:07:27
1728,70,33,16,,,126.8384041591128,37.21045488648774,126.82900251447923,37.199918030021394,2024-10-24 16:07:29
1729,59,33,16,,,126.83280577391062,37.2070536947893,126.83001582747862,37.20132923567648,2024-10-24 16:07:43
1730,54,33,16,,,126.83287009363774,37.2095548028403,126.82942371691452,37.200025657977214,2024-10-24 16:08:00
1731,50,37,16,,,126.82235662595983,37.21098222451738,126.82216985739463,37.19779957192299,2024-10-24 16:08:06
1732,33,56,16,,,126.830159745751,37.20099673560014,126.83489264727362,37.20591001567421,2024-10-24 16:08:24
1733,58,19,16,,,126.83558973429916,37.207810117346696,126.82950887561687,37.19464792786413,2024-10-24 16:08:25
1734,18,72,16,,,126.82385245652614,37.195458644613424,126.81151446304042,37.20656445847473,2024-10-24 16:08:29
1735,58,33,16,,,126.83516310244333,37.208417966497166,126.8300904344451,37.20166169171594,2024-10-24 16:09:18
1736,11,17,16,,,126.81391914071283,37.20800618057365,126.82581439010647,37.196072981412385,2024-10-24 16:09:23
1737,33,56,16,,,126.82856006245633,37.1997171437189,126.835810853587,37.20570417797078,2024-10-24 16:09:28
1738,56,19,16,,,126.8355739853175,37.205242337752125,126.82907047789261,37.195949674613196,2024-10-24 16:09:40
1739,63,46,16,,,126.83618366744328,37.2110958683145,126.83074957663086,37.210941995856736,2024-10-24 16:10:29
1740,58,19,16,,,126.83444006228922,37.20829802754728,126.82873344338145,37.19601972674004,2024-10-24 16:11:11
1741,33,56,16,,,126.82963376358217,37.20117228790585,126.83477851652188,37.20482178292422,2024-10-24 16:11:38
1742,70,17,16,,,126.83735769654844,37.20961238406814,126.8267181787356,37.1977483787349,2024-10-24 16:12:26
1743,27,39,16,,,126.82596118995477,37.20033707106838,126.82186810591207,37.200092648013786,2024-10-24 16:12:53
1744,70,33,16,,,126.83767133915322,37.21039772596179,126.82849614423824,37.2008987175807,2024-10-24 16:13:07
1745,58,17,16,,,126.83526036378235,37.208887544537916,126.82642847433479,37.197065182464165,2024-10-24 16:13:09
1746,32,59,16,,,126.83200445327508,37.2017194472407,126.83258183183294,37.206598254097244,2024-10-24 16:13:31
1747,56,31,16,,,126.83537407950557,37.204784035384996,126.82948382713788,37.19884100417668,2024-10-24 16:13:54
1748,11,58,16,,,126.81367326290137,37.207508255315865,126.83572354565463,37.208556348802865,2024-10-24 16:13:56
1749,11,58,16,,,126.8134822402793,37.20772975357302,126.83475600540886,37.208908632811664,2024-10-24 16:13:57
1750,56,19,16,,,126.83523396370134,37.20601877991099,126.82793965701678,37.194124299862445,2024-10-24 16:14:19
1751,32,59,16,,,126.83111718989957,37.201117780805376,126.8329659769345,37.20674323639583,2024-10-24 16:14:30
1752,56,31,16,,,126.83446352114564,37.205826485570554,126.82893425129389,37.198308494447254,2024-10-24 16:14:44
1753,2,49,16,,,126.82246695364556,37.20569182243284,126.82873040703757,37.213661908025806,2024-10-24 16:14:55
1754,70,33,16,,,126.83777712367437,37.20921188500164,126.82960201968842,37.20068551024981,2024-10-24 16:15:08
1755,11,58,16,,,126.81398845179729,37.20895100300775,126.8352117029735,37.20794315256958,2024-10-24 16:15:38
1756,70,33,16,,,126.83691384598755,37.20917921106857,126.82841853465146,37.19974756112246,2024-10-24 16:16:51
1757,70,11,16,,,126.8376094508512,37.208991719764526,126.81418259419179,37.207855703221895,2024-10-24 16:17:04
1758,72,33,16,,,126.81216057746275,37.207959175380005,126.82943496548116,37.20135795893676,2024-10-24 16:17:14
1759,19,23,16,,,126.8293693439287,37.1955773695147,126.82123169206636,37.19149027941773,2024-10-24 16:17:25
1760,32,59,16,,,126.8327424568637,37.20271239897238,126.83327359037337,37.2072592384968,2024-10-24 16:17:42
1761,58,19,16,,,126.83592621995584,37.208673588490726,126.82975920972989,37.194376323590355,2024-10-24 16:18:30
1762,32,59,16,,,126.83105855907303,37.20087502959655,126.83241803627023,37.206847337855045,2024-10-24 16:18:53
1763,33,56,16,,,126.82882953046277,37.2001065349343,126.83570375147559,37.20559552392878,2024-10-24 16:19:08
1764,70,33,16,,,126.83854706681039,37.21007298450839,126.82880898211911,37.201654296985254,2024-10-24 16:19:11
1765,46,72,16,,,126.831056808989,37.21149290311901,126.81173788721337,37.20757821941537,2024-10-24 16:19:19
1766,32,54,16,,,126.83134049428193,37.20221258919358,126.83307998281778,37.20994277727129,2024-10-24 16:19:41
1767,33,56,16,,,126.8297381573243,37.20088013048311,126.83566119772146,37.20638263673951,2024-10-24 16:20:03
1768,12,53,16,,,126.81855300899689,37.20497902839767,126.82927702091395,37.206750194767515,2024-10-24 16:20:29
1769,33,56,16,,,126.83030688285668,37.20133049108641,126.83484233579878,37.206617358509725,2024-10-24 16:20:34
1770,70,33,16,,,126.83754588549128,37.20875963919762,126.82973744457605,37.201551780358685,2024-10-24 16:20:46
1771,10,63,16,,,126.8168671728557,37.20881105499106,126.83451622849769,37.21076152166986,2024-10-24 16:21:05
1772,36,68,16,,,126.82401623992259,37.19762810221929,126.84079054507224,37.202867081619424,2024-10-24 16:21:13
1773,56,17,16,,,126.83588076875198,37.205688251812816,126.82648203841994,37.19647387449307,2024-10-24 16:21:21
1774,10,42,16,,,126.81734291829113,37.210294305402115,126.8305861814536,37.195250420122015,2024-10-24 16:21:42
1775,37,2,16,,,126.82185578294549,37.197966165515886,126.82118447811328,37.20673747909148,2024-10-24 16:21:49
1776,17,56,16,,,126.82634413640874,37.196042952940125,126.8342879813373,37.20495236820444,2024-10-24 16:22:44
1777,58,19,16,,,126.83442573873508,37.209014796504235,126.82841348269237,37.195631023489724,2024-10-24 16:22:46
1778,36,29,16,,,126.82481945514313,37.19898549478374,126.82608569842763,37.2028897530681,2024-10-24 16:23:13
1779,33,56,16,,,126.82994796776151,37.201664673134886,126.83523888627877,37.20652490138642,2024-10-24 16:23:25
1780,72,66,16,,,126.8115388315899,37.207965828129915,126.83819149424075,37.20434259331745,2024-10-24 16:23:42
1781,63,9,16,,,126.83505689261668,37.21048875831904,126.81390666845826,37.205886774091546,2024-10-24 16:24:09
1782,70,42,16,,,126.83754150312627,37.21002211350416,126.83160860798426,37.19667300977059,2024-10-24 16:24:36
1783,36,54,16,,,126.8235717784244,37.197759167278946,126.83314572420579,37.20995386470961,2024-10-24 16:25:06
1784,70,42,16,,,126.83737062709217,37.2090160337386,126.83072534620356,37.196284047588115,2024-10-24 16:25:22
1785,33,56,16,,,126.8302880670623,37.200871752608094,126.83577298646988,37.20616564723342,2024-10-24 16:25:38
1786,33,56,16,,,126.83026488349886,37.20088740098112,126.83552127011858,37.206389074157535,2024-10-24 16:25:50
1787,53,14,16,,,126.8300516307676,37.20626528125183,126.81961387440205,37.20747131821143,2024-10-24 16:26:12
1788,27,18,16,,,126.8268018635973,37.199380392577794,126.82375831342975,37.19649098389052,2024-10-24 16:26:14
1789,58,19,16,,,126.8357452494613,37.20781999957058,126.8294436839117,37.195390452523455,2024-10-24 16:26:35
1790,70,33,16,,,126.8386658557006,37.209543246463824,126.8290919703912,37.20135190869158,2024-10-24 16:27:17
1791,1,21,16,,,126.81514022831463,37.19838526913816,126.81801687358774,37.19576840872245,2024-10-24 16:27:27
1792,54,12,16,,,126.83171138120146,37.21081921036833,126.81932024515858,37.20490078200209,2024-10-24 16:27:40
1793,28,32,16,,,126.83038698662594,37.203986244925616,126.83121777391312,37.20248534063902,2024-10-24 16:28:05
1794,17,58,16,,,126.82734660471974,37.197650210212124,126.83511218169794,37.20820494439752,2024-10-24 16:28:23
1795,70,17,16,,,126.83862072881975,37.21002737727261,126.82580360329456,37.196090265243775,2024-10-24 16:28:44
1796,12,19,16,,,126.8197172677881,37.20479924678302,126.82950539673436,37.19555547768597,2024-10-24 16:28:51
1797,50,37,16,,,126.82171582000942,37.211859404206265,126.8209719143748,37.196536266728316,2024-10-24 16:29:09
1798,58,33,16,,,126.83557001308924,37.20849984392909,126.82877180158569,37.20151340677607,2024-10-24 16:29:12
1799,70,42,16,,,126.83871538957067,37.20890920930483,126.83115959724712,37.195842555640795,2024-10-24 16:29:24
1800,58,32,16,,,126.83573001726674,37.209431147153246,126.83155087171845,37.20175096321309,2024-10-24 16:29:57
1801,70,17,16,,,126.8375262087533,37.20886319789995,126.8261240929386,37.19663756055099,2024-10-24 16:29:59
1802,47,45,16,,,126.82710759854145,37.211239046986236,126.8245005783485,37.21187128172602,2024-10-24 16:30:09
1803,33,56,16,,,126.82927861046801,37.201575885307996,126.83439544170508,37.205724255109345,2024-10-24 16:30:27
1804,21,6,16,,,126.81787141598005,37.19723140328636,126.82454936623904,37.20362996246735,2024-10-24 16:31:05
1805,37,19,16,,,126.82189304258773,37.1970554561613,126.82830399759499,37.19462847586221,2024-10-24 16:31:26
1806,17,12,16,,,126.82597207094179,37.19638133480781,126.81920910024765,37.20491294587643,2024-10-24 16:31:39
1807,33,56,16,,,126.82952301647921,37.20117960614018,126.83527244970627,37.205316019695466,2024-10-24 16:32:18
1808,46,44,16,,,126.83072610978653,37.21290880355285,126.82064549811446,37.18876006794469,2024-10-24 16:32:19
1809,50,37,16,,,126.82148431840318,37.210859779433946,126.82156094227675,37.19838415723082,2024-10-24 16:32:20
1810,33,56,16,,,126.82963473019797,37.200695610867605,126.83518487622369,37.20464917751222,2024-10-24 16:32:26
1811,33,56,16,,,126.83002847337788,37.20163952579135,126.8353772851941,37.20645332481703,2024-10-24 16:32:30
1812,70,33,16,,,126.83878459060459,37.210458927005504,126.8292924090459,37.19990336747645,2024-10-24 16:32:43
1813,58,19,16,,,126.83483087989245,37.20764973571667,126.8284301825659,37.19517914490688,2024-10-24 16:33:25
1814,70,33,16,,,126.83824737511637,37.2101391694697,126.8298430587966,37.20031555826141,2024-10-24 16:33:49
1815,27,54,16,,,126.82694651485994,37.200520425596785,126.83228784615756,37.20995905171455,2024-10-24 16:34:10
1816,56,17,16,,,126.83584128203897,37.205240075137574,126.82735982564391,37.19611284663864,2024-10-24 16:34:33
1817,59,33,16,,,126.83154946069354,37.20708436066435,126.82865524130638,37.200656798587396,2024-10-24 16:35:04
1818,11,54,16,,,126.81415569805414,37.208840692859226,126.83317299024657,37.21081889557515,2024-10-24 16:35:33
1819,72,33,16,,,126.81072948936199,37.207617541006286,126.82941526474141,37.200049196319526,2024-10-24 16:36:25
1820,72,14,16,,,126.81124481998356,37.207414022812166,126.81999300423021,37.207552402294326,2024-10-24 16:37:18
1821,56,31,16,,,126.83467229433424,37.20515285403511,126.82889034002133,37.19865760550568,2024-10-24 16:37:32
1822,58,19,16,,,126.83583233950147,37.20864788855909,126.82812133352485,37.194988552494635,2024-10-24 16:37:39
1823,58,19,16,,,126.83423880872013,37.20892949935175,126.82981518881215,37.1954856673027,2024-10-24 16:38:44
1824,28,52,16,,,126.82922713106775,37.20403470265128,126.831156465384,37.21684503969187,2024-10-24 16:39:05
1825,50,37,16,,,126.82276682587683,37.211459510407316,126.82144650467939,37.19661271018738,2024-10-24 16:39:05
1826,58,33,16,,,126.83561989838314,37.20757347764673,126.8292999744438,37.200774102414066,2024-10-24 16:39:16
1827,12,2,16,,,126.81951861912327,37.20468520405922,126.82249444123472,37.20541335033057,2024-10-24 16:39:21
1828,33,56,16,,,126.82839799206616,37.201244197200026,126.83549230278138,37.20506505600983,2024-10-24 16:39:45
1829,10,49,16,,,126.81703222939552,37.20923608547056,126.82775629854254,37.214146383820975,2024-10-24 16:39:56
1830,50,37,16,,,126.82167651081623,37.21136815655421,126.82075074867393,37.19786870454618,2024-10-24 16:40:30
1831,70,33,16,,,126.83768739022901,37.21001439241083,126.82928613186519,37.200244716122455,2024-10-24 16:40:45
1832,33,58,16,,,126.82900072493733,37.19979511692139,126.83561901510862,37.20927898885361,2024-10-24 16:41:00
1833,33,56,16,,,126.82901094129342,37.20125370362072,126.83579168493041,37.206521088798716,2024-10-24 16:41:49
1834,70,33,16,,,126.83705965557763,37.208836981498635,126.82886199665568,37.20046834918464,2024-10-24 16:43:18
1835,19,39,16,,,126.82925909994269,37.19541180754744,126.82233746982682,37.20054071773722,2024-10-24 16:43:20
1836,58,33,16,,,126.83602798876626,37.209174497550784,126.82893974720224,37.20047881243331,2024-10-24 16:43:23
1837,17,58,16,,,126.82554808815814,37.19774468436674,126.8361180244077,37.209228653764065,2024-10-24 16:43:45
1838,50,37,16,,,126.82239887116788,37.21183809809485,126.82140671048478,37.196469657233784,2024-10-24 16:43:47
1839,62,45,16,,,126.83883006757284,37.21238644163606,126.82584929321891,37.21345246473119,2024-10-24 16:43:53
1840,50,37,16,,,126.82293107379117,37.21199091414411,126.82160221845332,37.198405931631285,2024-10-24 16:44:33
1841,50,37,16,,,126.82140257900735,37.21139075023718,126.82050484979321,37.19665685897953,2024-10-24 16:44:35
1842,72,7,16,,,126.8110277221644,37.207810820377496,126.82649870712878,37.2079230957785,2024-10-24 16:44:40
1843,2,9,16,,,126.82223175337492,37.20649979854427,126.8132371948181,37.20517986683199,2024-10-24 16:44:55
1844,56,17,16,,,126.83450992966355,37.204643090421584,126.8264445055896,37.19766206947339,2024-10-24 16:44:55
1845,21,20,16,,,126.8176013559752,37.19702590464285,126.8159582239719,37.19298898061337,2024-10-24 16:45:14
1846,37,15,16,,,126.8207050297816,37.197626838988555,126.81686325525156,37.206313581963464,2024-10-24 16:45:18
1847,11,58,16,,,126.81492881486683,37.20923388586977,126.83457796757833,37.20885121069903,2024-10-24 16:45:23
1848,37,72,16,,,126.82146367749432,37.19733517277225,126.81197256855822,37.206467743471244,2024-10-24 16:46:25
1849,58,19,16,,,126.8342649981876,37.208555392171796,126.82859182808798,37.19531518373513,2024-10-24 16:46:41
1850,58,33,16,,,126.8353478265621,37.20867704181909,126.82966331771425,37.20159507763187,2024-10-24 16:46:41
1851,38,55,16,,,126.82516254548439,37.200566640466654,126.82994311495365,37.209525561014374,2024-10-24 16:47:00
1852,58,33,16,,,126.83416087999372,37.2077080377746,126.82997706821695,37.20004615087225,2024-10-24 16:47:38
1853,10,62,16,,,126.81647538892182,37.21031502406846,126.83883679070988,37.2125880809595,2024-10-24 16:48:06
1854,20,38,16,,,126.81606437203536,37.19279988743987,126.82369150967246,37.20161037951541,2024-10-24 16:48:14
1855,58,19,16,,,126.83548950991946,37.20901371092448,126.82878176230105,37.19487131625464,2024-10-24 16:48:17
1856,2,72,16,,,126.8229129259589,37.20594199182164,126.81098478537064,37.207876932141495,2024-10-24 16:48:38
1857,33,56,16,,,126.83017228033056,37.199724226427946,126.8346757093394,37.20529592088306,2024-10-24 16:48:51
1858,11,67,16,,,126.81417394480212,37.20765220584009,126.83429060134704,37.203038926763824,2024-10-24 16:49:15
1859,35,66,16,,,126.81930801927751,37.20173665941392,126.83808207790494,37.20403174145813,2024-10-24 16:49:29
1860,70,33,16,,,126.83718110969815,37.20954419718599,126.82949666577538,37.20165088620116,2024-10-24 16:49:51
1861,19,59,16,,,126.82882164023508,37.19452841238036,126.83217047614103,37.20822071469146,2024-10-24 16:50:13
1862,33,56,16,,,126.82920288569596,37.20031683326328,126.83470906008979,37.20585644532558,2024-10-24 16:50:13
1863,62,40,16,,,126.8378304748094,37.212617736517515,126.83218496086307,37.19414601062805,2024-10-24 16:50:22
1864,58,33,16,,,126.83597399738171,37.20878100282353,126.83020415614355,37.2016641187009,2024-10-24 16:50:26
1865,70,33,16,,,126.83738936713912,37.20918280851163,126.82952731702395,37.20022610157142,2024-10-24 16:50:50
1866,29,31,16,,,126.82646968666552,37.202196458002895,126.82972300002636,37.19882433662491,2024-10-24 16:51:04
1867,47,59,16,,,126.82782791139181,37.210238446070875,126.8331599301563,37.20710222915,2024-10-24 16:51:05
1868,33,56,16,,,126.82905113316768,37.201295886381665,126.83522648191847,37.205879622684115,2024-10-24 16:51:17
1869,32,59,16,,,126.83112133870347,37.2009481230059,126.83146210088131,37.20788137499025,2024-10-24 16:51:55
1870,70,33,16,,,126.83805395951966,37.20939743317039,126.82868799384823,37.20112428000881,2024-10-24 16:51:56
1871,58,33,16,,,126.83458321662512,37.20850568743379,126.82999309124764,37.199816027612464,2024-10-24 16:52:08
1872,10,8,16,,,126.81667427020751,37.209725703827836,126.8253844710196,37.20722130050263,2024-10-24 16:52:39
1873,56,17,16,,,126.83497693450511,37.205229712948984,126.82638650509642,37.1960493503344,2024-10-24 16:53:26
1874,33,56,16,,,126.82932354660892,37.20137938808523,126.83550237122897,37.204898642001915,2024-10-24 16:53:34
1875,12,45,16,,,126.81977127017664,37.20475266312174,126.82423077111342,37.21243643053623,2024-10-24 16:54:10
1876,33,58,16,,,126.83005815459144,37.20104935196088,126.83566575424264,37.209322214512426,2024-10-24 16:54:18
1877,54,47,16,,,126.83175017474645,37.209822066659,126.82783071640355,37.210997297993494,2024-10-24 16:54:38
1878,37,72,16,,,126.82032943439815,37.19807910629429,126.81164662313827,37.20681628079058,2024-10-24 16:54:42
1879,36,25,16,,,126.82346322173896,37.197971067235564,126.82025984598651,37.1941902957036,2024-10-24 16:55:11
1880,39,34,16,,,126.8221402017028,37.19990519416119,126.82217345409076,37.20247547292678,2024-10-24 16:55:18
1881,41,70,16,,,126.83470725147609,37.196646098745674,126.83837081067402,37.21038584500847,2024-10-24 16:55:19
1882,54,17,16,,,126.83179975175001,37.21025364981567,126.82648358301773,37.19744392812084,2024-10-24 16:55:26
1883,33,56,16,,,126.82958182797886,37.20031015000812,126.83584792486135,37.20638978827654,2024-10-24 16:55:28
1884,54,33,16,,,126.83192006708175,37.210773609878814,126.83024563546483,37.20117175924637,2024-10-24 16:55:53
1885,70,33,16,,,126.83776651885539,37.20939784715372,126.82852040316232,37.201231216706454,2024-10-24 16:56:01
1886,38,66,16,,,126.82375183848534,37.20075112256758,126.83648742105818,37.20484093297433,2024-10-24 16:56:34
1887,62,71,16,,,126.83775471998494,37.21233191653238,126.83971251723511,37.2052197170284,2024-10-24 16:57:54
1888,46,29,16,,,126.82925381305918,37.21124656140318,126.82669836092339,37.202185088709534,2024-10-24 16:57:55
1889,47,11,16,,,126.8271335834182,37.2117162867921,126.81448022607013,37.208566401287044,2024-10-24 16:58:00
1890,46,27,16,,,126.82999429714413,37.21190318425611,126.82694804336184,37.20055383781908,2024-10-24 16:58:29
1891,62,17,16,,,126.83764158784307,37.211591114411696,126.82583175133553,37.19635673032056,2024-10-24 16:58:33
1892,11,58,16,,,126.81523323363191,37.20824041789543,126.83611710460698,37.20756286832618,2024-10-24 16:59:22
1893,70,17,16,,,126.83704006448542,37.20995796816843,126.82567298010962,37.19633943976972,2024-10-24 16:59:25
1894,11,58,16,,,126.81396918523424,37.208020105157786,126.83414516478878,37.208343376382395,2024-10-24 16:59:34
1895,58,33,16,,,126.83602987284104,37.20748004396676,126.83017915621511,37.20101984899054,2024-10-24 16:59:41
1896,11,32,16,,,126.8138821641387,37.2079145130204,126.83252021353427,37.20203370886499,2024-10-24 16:59:53
1897,11,17,17,,,126.81353858914129,37.20917236869886,126.8260823992805,37.197241903262146,2024-10-24 17:00:38
1898,72,32,17,,,126.81258095021143,37.207364012384474,126.83197584045166,37.20191282243803,2024-10-24 17:00:39
1899,26,31,17,,,126.81797138445495,37.19404073345864,126.82936699919222,37.19795366839297,2024-10-24 17:00:44
1900,50,37,17,,,126.82256595055591,37.21175830192756,126.82167589849482,37.19647924037963,2024-10-24 17:00:47
1901,10,56,17,,,126.8172991413387,37.209865153851865,126.83440541559703,37.20473039937803,2024-10-24 17:00:55
1902,42,56,17,,,126.83116481470083,37.19571928209771,126.83415822041175,37.20628102232905,2024-10-24 17:01:06
1903,56,66,17,,,126.83409896934367,37.20478182752227,126.83781630322075,37.20451296813258,2024-10-24 17:01:06
1904,35,68,17,,,126.8193911577529,37.202878648423074,126.8401022206618,37.201712540646476,2024-10-24 17:01:33
1905,28,48,17,,,126.82930256890653,37.20365567144012,126.8311388875342,37.21491659011413,2024-10-24 17:01:37
1906,24,39,17,,,126.81745514797288,37.19019160850805,126.82090825220772,37.19945183415368,2024-10-24 17:01:54
1907,70,19,17,,,126.83788050401756,37.209492010146306,126.82810284150668,37.194738742405065,2024-10-24 17:01:57
1908,54,33,17,,,126.83211141064749,37.20984855395009,126.83019396958457,37.20112127066239,2024-10-24 17:02:00
1909,26,58,17,,,126.81752322293919,37.19300836088502,126.83422282854566,37.208598900152474,2024-10-24 17:02:12
1910,70,42,17,,,126.83729626746445,37.20968999030589,126.83110180281203,37.19617965660508,2024-10-24 17:02:26
1911,35,33,17,,,126.81992088223232,37.20206352084763,126.82874121365941,37.199956810464535,2024-10-24 17:02:36
1912,32,37,17,,,126.83157247590547,37.20147344894272,126.8215001136741,37.1972416701719,2024-10-24 17:02:42
1913,5,27,17,,,126.82666113575934,37.20528314829736,126.82751363474141,37.199864289421015,2024-10-24 17:03:06
1914,70,42,17,,,126.83873667663373,37.2098322190133,126.83065715939902,37.1955545526846,2024-10-24 17:03:24
1915,7,56,17,,,126.82632224869177,37.20828346678538,126.83536968306244,37.20535388560016,2024-10-24 17:03:54
1916,19,10,17,,,126.82858790619086,37.195857552612964,126.81756747086791,37.21003692058057,2024-10-24 17:04:04
1917,56,33,17,,,126.83511233353029,37.2054141010594,126.82852011376478,37.20072030758732,2024-10-24 17:04:31
1918,1,6,17,,,126.81616379108186,37.19804292485563,126.82497445299165,37.2050400213219,2024-10-24 17:04:37
1919,32,21,17,,,126.83172588230127,37.20130673936644,126.81793505370541,37.19552133132612,2024-10-24 17:04:39
1920,20,70,17,,,126.81633156517616,37.191471991642686,126.83834956860686,37.20937251903836,2024-10-24 17:05:15
1921,54,23,17,,,126.83239468306034,37.2101819645962,126.82059503555273,37.192469753808744,2024-10-24 17:05:16
1922,23,56,17,,,126.8207503073269,37.19242623971327,126.83519251137673,37.20526929861376,2024-10-24 17:05:16
1923,38,64,17,,,126.82432582699619,37.20176515980673,126.84284468261232,37.202542712837186,2024-10-24 17:05:18
1924,65,72,17,,,126.83444930164025,37.199161858423366,126.81198286505746,37.20660095301665,2024-10-24 17:05:19
1925,50,39,17,,,126.82142995392496,37.211644101344646,126.82245126069698,37.20070724339537,2024-10-24 17:05:22
1926,10,56,17,,,126.81788737389606,37.20887357529247,126.83549353057684,37.205842193654284,2024-10-24 17:05:42
1927,36,21,17,,,126.82349284447687,37.19778780813354,126.81932423297987,37.195506291065975,2024-10-24 17:05:42
1928,13,18,17,,,126.8167721942888,37.20449886533435,126.82378220062331,37.19504512814407,2024-10-24 17:05:47
1929,31,70,17,,,126.82899983698522,37.19784811015989,126.83740994955711,37.208878964577124,2024-10-24 17:05:57
1930,17,56,17,,,126.82566069093998,37.1964157470658,126.83461394722333,37.20617799012033,2024-10-24 17:06:10
1931,72,70,17,,,126.81224965238559,37.2063759870016,126.83780005689931,37.209210884001635,2024-10-24 17:06:24
1932,58,42,17,,,126.83422874794644,37.207517230965806,126.83076115524521,37.19513618520968,2024-10-24 17:07:00
1933,46,14,17,,,126.83071413493373,37.21192098481107,126.81867043234809,37.20845846307275,2024-10-24 17:07:04
1934,69,67,17,,,126.83707537946442,37.20721376726688,126.83405845946457,37.203615420402755,2024-10-24 17:07:18
1935,22,67,17,,,126.81665515170997,37.19457391442665,126.83518666579074,37.20189146250866,2024-10-24 17:07:35
1936,12,19,17,,,126.82022894768596,37.204772302824615,126.82977912209502,37.19448387367172,2024-10-24 17:07:40
1937,19,10,17,,,126.8281544696032,37.194624223333406,126.81795381631571,37.21004488675155,2024-10-24 17:09:30
1938,56,33,17,,,126.83415333691842,37.20620194839996,126.82833607542605,37.200302961146626,2024-10-24 17:09:54
1939,10,32,17,,,126.81619755923712,37.210142598626504,126.83136928181497,37.201109531809514,2024-10-24 17:10:07
1940,39,51,17,,,126.82235207111293,37.20103190729265,126.81932748042333,37.21041828046689,2024-10-24 17:10:16
1941,31,58,17,,,126.8300790303267,37.197984087361554,126.83416296297528,37.20765346668842,2024-10-24 17:10:24
1942,33,58,17,,,126.83002193175878,37.20080605031695,126.83588139723935,37.207904757182376,2024-10-24 17:10:48
1943,1,60,17,,,126.81650967801323,37.1982755909436,126.83198703971465,37.21226708015217,2024-10-24 17:11:23
1944,71,70,17,,,126.84081792868686,37.20593739823968,126.83833925470363,37.208880979523244,2024-10-24 17:12:07
1945,70,42,17,,,126.83821967565322,37.20954600960375,126.83116153223355,37.19606890981369,2024-10-24 17:12:38
1946,42,55,17,,,126.83170455671542,37.197058882165784,126.83061410815856,37.20814125851443,2024-10-24 17:13:02
1947,68,6,17,,,126.83920675302124,37.202732886545164,126.82372107529575,37.203690809732194,2024-10-24 17:13:51
1948,3,66,17,,,126.82416041731744,37.20913422731706,126.83776323937673,37.20334355701242,2024-10-24 17:14:07
1949,54,33,17,,,126.83242239716346,37.2105681473153,126.83013087817721,37.20029295273619,2024-10-24 17:14:21
1950,48,43,17,,,126.83034409310159,37.214189632448864,126.82266483060995,37.189820593812,2024-10-24 17:14:27
1951,67,16,17,,,126.83445555143007,37.20366061878225,126.82373842087901,37.1927785569752,2024-10-24 17:14:56
1952,23,55,17,,,126.82145844506664,37.191577703959354,126.83019671626943,37.21006449126635,2024-10-24 17:14:56
1953,11,70,17,,,126.81418018211838,37.207305135056444,126.83812946239412,37.208834282319046,2024-10-24 17:15:18
1954,64,60,17,,,126.8430489606986,37.20243707710388,126.83260216865801,37.213431974431906,2024-10-24 17:15:25
1955,12,7,17,,,126.81961624652736,37.20563204350969,126.82773113470716,37.20840508875276,2024-10-24 17:15:25
1956,72,56,17,,,126.8107322201889,37.207121138563174,126.83526882222868,37.20467770093621,2024-10-24 17:16:53
1957,5,67,17,,,126.8264973939397,37.20619508925326,126.83498169093338,37.202059593970354,2024-10-24 17:16:59
1958,54,33,17,,,126.83205757894386,37.21104664085234,126.8283603497276,37.19972489334992,2024-10-24 17:17:22
1959,54,33,17,,,126.83207036348969,37.2097408074584,126.82973044052565,37.19984972255001,2024-10-24 17:18:16
1960,61,30,17,,,126.83397014689713,37.21622231880099,126.83101484766865,37.199097835176936,2024-10-24 17:18:25
1961,23,63,17,,,126.81996905228861,37.191009923806206,126.83605066776754,37.21148081054292,2024-10-24 17:18:25
1962,56,41,17,,,126.83415691506636,37.20548539378513,126.83388954984638,37.19653823473685,2024-10-24 17:18:44
1963,57,16,17,,,126.83191507561679,37.204196500325956,126.82404669164336,37.19203322760543,2024-10-24 17:18:45
1964,5,35,17,,,126.8266183188795,37.206070512629665,126.81930864112078,37.20255460104079,2024-10-24 17:18:57
1965,56,33,17,,,126.83580127183018,37.20607545053961,126.82965696330993,37.20128063585695,2024-10-24 17:18:58
1966,8,19,17,,,126.82555974636517,37.206304064077564,126.82982371389309,37.19510960614658,2024-10-24 17:19:05
1967,12,19,17,,,126.81947880511498,37.20450327748255,126.82971282833343,37.19427153069805,2024-10-24 17:19:14
1968,10,38,17,,,126.81633601441034,37.208380356947536,126.82395724294553,37.200675180979935,2024-10-24 17:19:15
1969,29,4,17,,,126.82721823394321,37.20172296356932,126.82240751425464,37.207842556791086,2024-10-24 17:19:48
1970,72,56,17,,,126.81169240551827,37.2078467201364,126.83420189562693,37.20497752876801,2024-10-24 17:19:50
1971,31,54,17,,,126.82980212637618,37.19757091835002,126.83345324828653,37.21005527738534,2024-10-24 17:19:51
1972,53,35,17,,,126.83044335105573,37.205684556126386,126.8196380096645,37.20242598364575,2024-10-24 17:20:16
1973,37,58,17,,,126.82095929918535,37.19675267027379,126.83508407830504,37.208296856757975,2024-10-24 17:20:16
1974,60,18,17,,,126.83255480721152,37.212159296029554,126.82434621039474,37.19591449385652,2024-10-24 17:20:46
1975,68,55,17,,,126.83998533064073,37.203075833617994,126.82990845770249,37.20831664517836,2024-10-24 17:20:58
1976,56,26,17,,,126.83432039331419,37.204974225523884,126.81822008757254,37.1939718112754,2024-10-24 17:21:16
1977,61,37,17,,,126.8336264997367,37.216548778938616,126.82219241919397,37.198199200536195,2024-10-24 17:21:47
1978,56,41,17,,,126.83400804919299,37.20503922011838,126.83332938401492,37.19718382380385,2024-10-24 17:21:51
1979,15,72,17,,,126.81668006015038,37.20581851756156,126.81259454564353,37.20776970355268,2024-10-24 17:21:51
1980,59,50,17,,,126.83289615428401,37.20810055513808,126.8215554076124,37.21095319618773,2024-10-24 17:22:02
1981,56,33,17,,,126.83504366821334,37.20507046414701,126.82877957086124,37.200308905342176,2024-10-24 17:22:27
1982,17,60,17,,,126.82729367998108,37.19604608279622,126.83266251968496,37.21385242148586,2024-10-24 17:22:45
1983,70,42,17,,,126.83823043989405,37.209813327724056,126.83055709759793,37.19569135041997,2024-10-24 17:23:43
1984,72,70,17,,,126.81115654617427,37.208155588310916,126.83754731186289,37.20951251592616,2024-10-24 17:23:56
1985,27,47,17,,,126.82754702078583,37.20008841759482,126.82715438028782,37.21084756810071,2024-10-24 17:24:20
1986,35,46,17,,,126.8199809365197,37.20255247666238,126.82963366719171,37.211355016615045,2024-10-24 17:24:40
1987,19,35,17,,,126.82807820878061,37.19414299544734,126.81897746801162,37.20213657255236,2024-10-24 17:25:22
1988,33,35,17,,,126.82914066184834,37.199832763960664,126.81977863211773,37.20187354295003,2024-10-24 17:25:30
1989,23,32,17,,,126.82006370184757,37.19274897460949,126.83223731329052,37.20117023320868,2024-10-24 17:25:46
1990,53,36,17,,,126.83008095286057,37.206837681468,126.82481498562858,37.198054261995935,2024-10-24 17:25:48
1991,45,32,17,,,126.82538351661258,37.21215169183154,126.83226744023808,37.20210706839392,2024-10-24 17:26:02
1992,70,33,17,,,126.83766390994352,37.21000353251787,126.82911965758385,37.20025379465353,2024-10-24 17:26:06
1993,56,41,17,,,126.83395126710356,37.20511576312735,126.83480241159985,37.196231627878504,2024-10-24 17:26:08
1994,18,11,17,,,126.82415108144787,37.19485622803324,126.81487909636775,37.20831102520758,2024-10-24 17:26:15
1995,50,37,17,,,126.82172680871393,37.212455224944435,126.82129530082318,37.19823194645584,2024-10-24 17:26:39
1996,27,53,17,,,126.82757724422594,37.2000364349845,126.82895719714149,37.20670221191832,2024-10-24 17:26:40
1997,35,32,17,,,126.8184227568719,37.20250979170505,126.83163379549421,37.20140394599607,2024-10-24 17:27:05
1998,54,33,17,,,126.83217207472146,37.21103817069065,126.83000634493278,37.200061535751594,2024-10-24 17:27:18
1999,56,51,17,,,126.83497566372623,37.20471693568363,126.81936944448535,37.210474416496474,2024-10-24 17:27:29
2000,27,58,17,,,126.82663669954574,37.200378081095295,126.83568319984008,37.20846300883777,2024-10-24 17:27:48
2001,22,66,17,,,126.81578078469846,37.195707254595796,126.83639621472075,37.204197635873044,2024-10-24 17:28:05
2002,62,6,17,,,126.8383797023586,37.212629190904195,126.82387372953963,37.20417866026569,2024-10-24 17:28:12
2003,50,37,17,,,126.82143186780642,37.21056586289664,126.8219422859168,37.198004623967655,2024-10-24 17:28:18
2004,19,10,17,,,126.82952183273409,37.19451982357409,126.8162857797384,37.208449993671486,2024-10-24 17:28:44
2005,50,37,17,,,126.82332635481842,37.21098417590131,126.82154961538339,37.1968089245179,2024-10-24 17:29:21
2006,50,37,17,,,126.8227994238963,37.2109624526837,126.82049749212347,37.1966762642763,2024-10-24 17:29:51
2007,32,34,17,,,126.83128012025688,37.20204708888789,126.8218456047854,37.20230217920396,2024-10-24 17:30:10
2008,9,56,17,,,126.81364011928599,37.20488318498502,126.83552419563014,37.20580624689197,2024-10-24 17:30:11
2009,48,27,17,,,126.83104657463191,37.21475059674718,126.82733295325255,37.19992047900488,2024-10-24 17:30:19
2010,56,32,17,,,126.83540288824837,37.20549039393648,126.8322450476943,37.20237828912091,2024-10-24 17:30:27
2011,40,36,17,,,126.83204127698536,37.19418654538554,126.82422286663258,37.19877291845191,2024-10-24 17:30:45
2012,37,21,17,,,126.82131030255314,37.198166181970564,126.81809557565187,37.19668216164239,2024-10-24 17:30:49
2013,23,26,17,,,126.8214724715969,37.191901433884624,126.8183568891048,37.19436599103806,2024-10-24 17:31:00
2014,71,35,17,,,126.83908088328833,37.204272323842034,126.81869192317188,37.2019225597858,2024-10-24 17:31:04
2015,44,36,17,,,126.81994359956684,37.188834708983194,126.82403055959944,37.19869411596634,2024-10-24 17:31:19
2016,33,58,17,,,126.82867482009644,37.19988402096605,126.83605217575915,37.207675351265586,2024-10-24 17:31:44
2017,66,38,17,,,126.83674563074128,37.204544964456794,126.82358617119152,37.20052878187717,2024-10-24 17:31:57
2018,48,45,17,,,126.83013606070837,37.21564497669888,126.82499219965814,37.21316913839521,2024-10-24 17:32:03
2019,22,1,17,,,126.81638905167412,37.19574925563165,126.81571528094972,37.19847441147012,2024-10-24 17:32:04
2020,63,70,17,,,126.83631014812389,37.21159696815976,126.83828046236033,37.20918335202494,2024-10-24 17:32:37
2021,54,33,17,,,126.83287187416036,37.211183306591344,126.82935777048894,37.19967581197405,2024-10-24 17:33:02
2022,54,33,17,,,126.8324993786809,37.210784357406446,126.82956563889117,37.20063881745424,2024-10-24 17:33:31
2023,57,71,17,,,126.83201008166395,37.20478676229632,126.83996457711494,37.20538157040925,2024-10-24 17:33:42
2024,17,58,17,,,126.82679246111555,37.19661730438148,126.83572008265017,37.208286543293575,2024-10-24 17:33:44
2025,2,48,17,,,126.82267237482382,37.20623901731951,126.82976586978202,37.21568695054231,2024-10-24 17:33:47
2026,43,61,17,,,126.82318570510363,37.190356257504426,126.83282485252424,37.21564576276185,2024-10-24 17:34:04
2027,22,70,17,,,126.81568561880579,37.19458283733064,126.83871521712526,37.20938677082975,2024-10-24 17:34:21
2028,70,33,17,,,126.83770141439418,37.20920700830796,126.82841254217912,37.20040534421497,2024-10-24 17:34:40
2029,54,33,17,,,126.83210450148245,37.21071539644371,126.83011141812148,37.200395564151,2024-10-24 17:34:56
2030,50,37,17,,,126.82257926552074,37.212140582455675,126.82217906785303,37.197093783587405,2024-10-24 17:35:25
2031,56,33,17,,,126.83396860960885,37.205347425964355,126.82895963570138,37.2000255913363,2024-10-24 17:36:12
2032,44,29,17,,,126.82153794956527,37.188829640146835,126.82770618369771,37.20207217079121,2024-10-24 17:37:01
2033,11,17,17,,,126.8143489960846,37.20785061029912,126.82568928949918,37.19744260701116,2024-10-24 17:37:10
2034,42,37,17,,,126.83175277057614,37.19666416194651,126.8206802728262,37.19685587828145,2024-10-24 17:37:16
2035,6,54,17,,,126.82365990584609,37.20366320922474,126.83226167910146,37.2109901460127,2024-10-24 17:37:29
2036,18,8,17,,,126.82378878063572,37.195683197179335,126.8252593453513,37.207015542464084,2024-10-24 17:37:30
2037,70,30,17,,,126.83768168047257,37.20870766283106,126.83177942561329,37.198232168861026,2024-10-24 17:37:34
2038,50,37,17,,,126.8220241834363,37.210818620012795,126.82031202712746,37.196610112561814,2024-10-24 17:37:44
2039,2,43,17,,,126.82287681138202,37.20499121554271,126.82390277714323,37.189438815983465,2024-10-24 17:38:39
2040,35,38,17,,,126.81922596969893,37.20103600491221,126.82504176760862,37.20108028208915,2024-10-24 17:38:47
2041,38,58,17,,,126.82318871129333,37.20109798837547,126.83532733674647,37.20902479935007,2024-10-24 17:38:56
2042,56,33,17,,,126.83475222998972,37.206428247333164,126.82894983996685,37.201178185271225,2024-10-24 17:39:10
2043,56,49,17,,,126.83573201599503,37.20661882882413,126.82843274418137,37.213231487614394,2024-10-24 17:39:18
2044,50,37,17,,,126.82306543562555,37.212069076263155,126.8207812069127,37.197678240474445,2024-10-24 17:39:23
2045,42,32,17,,,126.830988129401,37.19531028526444,126.83183957798748,37.202704568699545,2024-10-24 17:39:29
2046,56,33,17,,,126.83511649389895,37.205462535823685,126.83021502954229,37.201420287047966,2024-10-24 17:40:03
2047,66,57,17,,,126.83739765051575,37.204431146633,126.83311218939764,37.20418883905795,2024-10-24 17:40:18
2048,20,4,17,,,126.81472980065118,37.193187990196755,126.82131359539693,37.208415539508486,2024-10-24 17:40:32
2049,70,33,17,,,126.83803362946819,37.20909138069842,126.82853264249898,37.20070301978486,2024-10-24 17:40:33
2050,54,21,17,,,126.83195555919691,37.209438843140035,126.81793793659405,37.19586686219107,2024-10-24 17:40:40
2051,13,20,17,,,126.81641367062193,37.20307042332759,126.81604375062588,37.19323327134634,2024-10-24 17:40:56
2052,35,32,17,,,126.81942839654924,37.20194594843658,126.83155597589518,37.20169894365912,2024-10-24 17:41:15
2053,56,33,17,,,126.83430817125681,37.20540901098882,126.83011006273294,37.20037161387611,2024-10-24 17:41:27
2054,10,40,17,,,126.81629722183276,37.208713958374005,126.83123679116936,37.193152687956704,2024-10-24 17:41:29
2055,70,42,17,,,126.8376278519974,37.20993855385555,126.83099066045246,37.19590116400536,2024-10-24 17:42:20
2056,13,24,17,,,126.81625995289137,37.20434281744243,126.81896209587707,37.1899203937992,2024-10-24 17:42:39
2057,53,38,17,,,126.83073203314898,37.2053431799425,126.82339071131375,37.20205359053379,2024-10-24 17:42:49
2058,54,33,17,,,126.83173478937185,37.210406784211834,126.83030175253289,37.201617614612594,2024-10-24 17:43:05
2059,6,53,17,,,126.82413090296976,37.204345451934884,126.8301733609042,37.20546339060958,2024-10-24 17:43:11
2060,52,63,17,,,126.8303752479427,37.21782261631287,126.83615326769959,37.21075387397719,2024-10-24 17:43:18
2061,10,40,17,,,126.81621064471013,37.21027903326982,126.8317802720997,37.19335345499535,2024-10-24 17:44:02
2062,31,53,17,,,126.82962749369875,37.197896859812936,126.8290248326182,37.20619185871238,2024-10-24 17:44:28
2063,54,33,17,,,126.83316227733665,37.20978211624863,126.82933958647088,37.20065738627515,2024-10-24 17:44:30
2064,9,1,17,,,126.81435499156323,37.2049565972476,126.81552858357612,37.198285966998796,2024-10-24 17:44:38
2065,14,21,17,,,126.81900183015236,37.20734223025123,126.81917404827945,37.19715684215283,2024-10-24 17:45:10
2066,33,58,17,,,126.82924602856953,37.19985278910468,126.83593333250018,37.20874362356741,2024-10-24 17:45:40
2067,32,45,17,,,126.83173269030146,37.2010044731988,126.82596839531988,37.213271307248945,2024-10-24 17:46:27
2068,33,51,17,,,126.83026913665218,37.19975113401292,126.8202758460242,37.209533506480504,2024-10-24 17:46:35
2069,71,3,17,,,126.83968563863057,37.204465895502075,126.8242151000306,37.208905003904235,2024-10-24 17:46:57
2070,59,71,17,,,126.83196702294673,37.208113807342215,126.83927702082663,37.2055585446024,2024-10-24 17:46:59
2071,37,59,17,,,126.8221919263351,37.19799131849412,126.83327284320036,37.20725134557118,2024-10-24 17:47:01
2072,11,17,17,,,126.81441313706361,37.20779204659768,126.82549467114148,37.1958120560516,2024-10-24 17:47:14
2073,19,10,17,,,126.82862111068505,37.19544275446937,126.81794000349797,37.208390956104545,2024-10-24 17:47:29
2074,33,58,17,,,126.82833015926926,37.201308252934496,126.83471440066961,37.20916477417085,2024-10-24 17:47:46
2075,45,34,17,,,126.8259145765962,37.21282238894083,126.82269886432798,37.2037682412897,2024-10-24 17:47:55
2076,11,17,17,,,126.81360437144895,37.20742706370324,126.82719040002972,37.19728898374535,2024-10-24 17:48:17
2077,66,68,17,,,126.83667779373185,37.20381598549911,126.84065909660526,37.202181867244725,2024-10-24 17:48:22
2078,23,32,17,,,126.82167633560358,37.19124775175274,126.83118309881992,37.20129015993807,2024-10-24 17:48:25
2079,54,34,17,,,126.83245754027381,37.20975564002181,126.82224103561998,37.20322154326623,2024-10-24 17:48:58
2080,29,7,17,,,126.82628478037357,37.201863657721624,126.82658315756284,37.20839447565059,2024-10-24 17:49:02
2081,29,54,17,,,126.82778082069835,37.20172261161643,126.83312932970398,37.21022607608865,2024-10-24 17:49:03
2082,59,58,17,,,126.83218540663047,37.20818233056681,126.83611220952879,37.2092644157686,2024-10-24 17:49:25
2083,3,39,17,,,126.82496540838699,37.20978465137103,126.82169886907279,37.20001939886965,2024-10-24 17:51:14
2084,10,5,17,,,126.81690228892434,37.20912918915613,126.82694525629414,37.20567564052444,2024-10-24 17:51:23
2085,31,58,17,,,126.82918449337508,37.19859120059896,126.83569597050395,37.20939654883913,2024-10-24 17:52:18
2086,32,31,17,,,126.83297151238853,37.201667987020414,126.82961651400963,37.19880725316016,2024-10-24 17:52:41
2087,31,54,17,,,126.82856844252584,37.198216032589535,126.83288564251336,37.21118749348976,2024-10-24 17:52:51
2088,8,35,17,,,126.8247830593852,37.20782862741281,126.81940004565419,37.20241856279246,2024-10-24 17:53:07
2089,49,62,17,,,126.8273166672992,37.213110629174246,126.83757222999824,37.21311459793198,2024-10-24 17:53:23
2090,15,27,17,,,126.81765285926164,37.205527314725394,126.82694125098392,37.19888234463098,2024-10-24 17:53:51
2091,27,39,17,,,126.82572564054188,37.199552672715626,126.82110164203192,37.19942532693815,2024-10-24 17:53:56
2092,4,29,17,,,126.82216324434141,37.208710642422375,126.82637115521514,37.20284167589581,2024-10-24 17:53:58
2093,56,33,17,,,126.83439936599832,37.205014749076234,126.82905759396726,37.20009615119331,2024-10-24 17:53:59
2094,39,66,17,,,126.82129720559048,37.201178857317245,126.83637714966403,37.203949324964775,2024-10-24 17:54:04
2095,45,53,17,,,126.82424358128245,37.21325610498713,126.8306274309735,37.20532975128393,2024-10-24 17:55:01
2096,10,51,17,,,126.81620963699905,37.2083618393981,126.81891473577774,37.21018737022762,2024-10-24 17:55:09
2097,54,33,17,,,126.83226939839001,37.20951568178347,126.82963360616432,37.20147305920536,2024-10-24 17:55:11
2098,18,51,17,,,126.8241274259687,37.19618555958977,126.8187003969592,37.209889775268195,2024-10-24 17:55:23
2099,16,59,17,,,126.82365315053252,37.1920083204569,126.83200459984955,37.20829694822617,2024-10-24 17:55:36
2100,11,17,17,,,126.81398942389147,37.20758342220016,126.82551737045942,37.196078666888866,2024-10-24 17:55:40
2101,56,33,17,,,126.8342432278139,37.20477145179872,126.82933698699769,37.19973330288613,2024-10-24 17:55:56
2102,48,51,17,,,126.83100410368066,37.21503359253925,126.82057389836687,37.21021100624069,2024-10-24 17:56:00
2103,39,37,17,,,126.82197010500899,37.2011168431854,126.82089377724584,37.197897042283046,2024-10-24 17:56:13
2104,70,42,17,,,126.83735526709867,37.21029858464039,126.83212233915991,37.195526803906965,2024-10-24 17:56:15
2105,23,61,17,,,126.81992277845272,37.19155406216415,126.83296887386197,37.21556794541562,2024-10-24 17:56:28
2106,50,37,17,,,126.82324325490463,37.21060367566286,126.82213953009635,37.19728180859939,2024-10-24 17:56:33
2107,37,42,17,,,126.82205065984316,37.19653108827672,126.83247761539509,37.19597246174393,2024-10-24 17:56:41
2108,65,20,17,,,126.83477905169512,37.20075731428253,126.81508121165925,37.19291757279999,2024-10-24 17:57:02
2109,50,2,17,,,126.82319804959221,37.21230585980345,126.82094017849856,37.206216230384975,2024-10-24 17:57:14
2110,58,34,17,,,126.83595402310974,37.20874084887332,126.82258354539678,37.20374039804197,2024-10-24 17:57:56
2111,19,10,17,,,126.82898293805468,37.19406913806035,126.81785198531435,37.210253493882526,2024-10-24 17:58:04
2112,5,2,17,,,126.82749395857734,37.20465668937024,126.82127408157766,37.2059739306029,2024-10-24 17:58:11
2113,10,38,17,,,126.81714949308292,37.20869048344407,126.82352966156014,37.20220642255946,2024-10-24 17:58:52
2114,17,54,18,,,126.8269316104819,37.19669525587722,126.83335028450134,37.21022949105434,2024-10-24 18:00:24
2115,19,10,18,,,126.82911351696322,37.19564606244582,126.8161444612366,37.20873966208798,2024-10-24 18:00:26
2116,58,42,18,,,126.8357778758858,37.20843538639172,126.83111455890212,37.19585447427302,2024-10-24 18:00:27
2117,33,56,18,,,126.82838244046255,37.20082685901226,126.83522311259829,37.2059437639458,2024-10-24 18:00:45
2118,10,17,18,,,126.81661244517848,37.209993761296666,126.82644128155754,37.196437117981816,2024-10-24 18:00:55
2119,54,33,18,,,126.83217173322618,37.21093998611293,126.82842758255408,37.19977955017648,2024-10-24 18:01:01
2120,56,33,18,,,126.83562371032303,37.20599969493208,126.82975091197176,37.20037245294807,2024-10-24 18:01:06
2121,56,31,18,,,126.83484160870957,37.20552273785177,126.82905063709002,37.19878205662432,2024-10-24 18:01:10
2122,56,17,18,,,126.83541768585575,37.20646302729848,126.82706193457787,37.19644207683541,2024-10-24 18:01:46
2123,37,51,18,,,126.82040651005603,37.19811720741677,126.8199077313499,37.210946093029925,2024-10-24 18:02:33
2124,69,30,18,,,126.83845899054282,37.20659047052906,126.83141009922684,37.19951932356721,2024-10-24 18:02:37
2125,58,33,18,,,126.8359745268875,37.20760615968787,126.83013562182714,37.2015656209759,2024-10-24 18:03:05
2126,72,70,18,,,126.81209824084452,37.20671263654138,126.83845578236817,37.20921921241238,2024-10-24 18:03:43
2127,51,34,18,,,126.82047828150077,37.21051127236783,126.82258199165717,37.20321979177894,2024-10-24 18:03:52
2128,54,33,18,,,126.83185587004566,37.20966981491039,126.82914040434497,37.199685882164914,2024-10-24 18:03:57
2129,33,56,18,,,126.8286170788064,37.20001477662256,126.83503502523503,37.20595478606392,2024-10-24 18:04:17
2130,50,37,18,,,126.82169510021362,37.212245398745374,126.82132959428725,37.19699974170203,2024-10-24 18:04:38
2131,51,37,18,,,126.81989096000518,37.2113192046958,126.82042193364369,37.19764846901255,2024-10-24 18:04:49
2132,69,30,18,,,126.83760837488688,37.20637794671188,126.83203629271367,37.19848314482832,2024-10-24 18:05:04
2133,56,33,18,,,126.83456030780025,37.20511687671539,126.82995965926386,37.200408501588214,2024-10-24 18:05:17
2134,17,54,18,,,126.82706540802482,37.19587902575094,126.83233885533365,37.21049323437514,2024-10-24 18:05:46
2135,54,33,18,,,126.83338103690024,37.209312914576735,126.82835197033296,37.20043365538408,2024-10-24 18:05:46
2136,70,33,18,,,126.83874457110159,37.20897739035555,126.82984214661467,37.20145941965957,2024-10-24 18:06:35
2137,17,54,18,,,126.82653650624658,37.197413520508896,126.83340051667344,37.21057466029862,2024-10-24 18:06:38
2138,17,54,18,,,126.8272460077041,37.19755570752268,126.83201849236296,37.21038755207964,2024-10-24 18:06:41
2139,59,33,18,,,126.83328601490524,37.20781027941562,126.83009203289116,37.19990566404376,2024-10-24 18:07:28
2140,69,30,18,,,126.83820153670443,37.20766059442884,126.8312199283805,37.199419483839215,2024-10-24 18:07:57
2141,50,37,18,,,126.82148233218992,37.21149793816191,126.82030583162378,37.19750467975695,2024-10-24 18:08:03
2142,58,33,18,,,126.83510635092023,37.20803434092687,126.82865291492094,37.20011304959034,2024-10-24 18:08:05
2143,17,56,18,,,126.82675444544505,37.19725058612059,126.83401477024103,37.20612164613769,2024-10-24 18:08:17
2144,11,17,18,,,126.81423596659987,37.20812405256291,126.82699030047064,37.197705946312766,2024-10-24 18:08:23
2145,33,56,18,,,126.82958666770705,37.200530490261976,126.83554582990914,37.20501253499888,2024-10-24 18:08:24
2146,54,33,18,,,126.83252555558765,37.210052911791145,126.82919017908665,37.199941323724595,2024-10-24 18:08:32
2147,58,33,18,,,126.83524696103102,37.20826328961572,126.82855233266474,37.20108974988746,2024-10-24 18:08:42
2148,70,33,18,,,126.8377862106674,37.210086892861355,126.82929262213327,37.201275225483805,2024-10-24 18:08:44
2149,58,33,18,,,126.83519169883313,37.2084884487865,126.82915899075118,37.20044201112691,2024-10-24 18:09:02
2150,37,51,18,,,126.82140830599039,37.198401345438945,126.81919965463234,37.209818857987194,2024-10-24 18:09:05
2151,58,33,18,,,126.83558049440039,37.208925540871924,126.82995448551,37.2008448991271,2024-10-24 18:09:11
2152,58,33,18,,,126.83523740635576,37.20765060662514,126.82865197821515,37.20068317920644,2024-10-24 18:09:37
2153,56,33,18,,,126.83522068601019,37.206385397657925,126.82962347503576,37.20013112777192,2024-10-24 18:10:01
2154,19,10,18,,,126.8281082579535,37.195242410081725,126.8164187644211,37.208531989613185,2024-10-24 18:10:26
2155,12,19,18,,,126.81967380577744,37.205696032183475,126.82933229538732,37.1943201172698,2024-10-24 18:10:35
2156,70,33,18,,,126.83850011690177,37.21029530859937,126.82965022498115,37.2014158610104,2024-10-24 18:12:17
2157,56,33,18,,,126.83562987026326,37.20601180206091,126.82839818455126,37.20082556429528,2024-10-24 18:12:34
2158,58,33,18,,,126.8358858908632,37.20925839953865,126.82855585106854,37.19969680736757,2024-10-24 18:13:31
2159,17,54,18,,,126.82623824405387,37.19626968113241,126.83228188061703,37.20959252084487,2024-10-24 18:13:37
2160,54,33,18,,,126.8333547391278,37.21101757291901,126.8289241517795,37.200707772760516,2024-10-24 18:13:53
2161,17,56,18,,,126.82652971795196,37.19680216830144,126.8341815352085,37.20657747621669,2024-10-24 18:13:59
2162,50,37,18,,,126.82232683991246,37.21164125381388,126.8214977043945,37.19712781581578,2024-10-24 18:14:09
2163,11,58,18,,,126.81451205448829,37.2078231679142,126.83474472247076,37.207565041166625,2024-10-24 18:14:50
2164,10,38,18,,,126.81629344336446,37.209656996165926,126.82365758388543,37.201315376904176,2024-10-24 18:15:02
2165,58,19,18,,,126.83612870540586,37.20858945937187,126.82933409162129,37.19529547750764,2024-10-24 18:15:19
2166,54,33,18,,,126.83297170459734,37.21059015837215,126.82854275064714,37.200573308835196,2024-10-24 18:16:02
2167,51,34,18,,,126.82055828284754,37.21112577956349,126.82150657720375,37.20305434077148,2024-10-24 18:16:28
2168,17,54,18,,,126.82615184175049,37.1969302850785,126.83347171325195,37.21043525397834,2024-10-24 18:16:33
2169,54,33,18,,,126.83193132091333,37.21118965211193,126.82962943901816,37.20046142016614,2024-10-24 18:16:40
2170,56,17,18,,,126.83552924870203,37.20620777186821,126.82565423227196,37.196985638593354,2024-10-24 18:17:06
2171,58,33,18,,,126.83564001707894,37.209436265750576,126.82964714060162,37.2015148145695,2024-10-24 18:17:42
2172,56,17,18,,,126.8350906469615,37.206263406666324,126.82608750821623,37.19728414467468,2024-10-24 18:17:55
2173,51,37,18,,,126.81875921419883,37.21072585313219,126.82066176918086,37.1972664151058,2024-10-24 18:17:57
2174,58,33,18,,,126.83555584321816,37.2089896737169,126.82851626411781,37.20060550340177,2024-10-24 18:17:58
2175,58,33,18,,,126.83536403446372,37.20860893024797,126.82888385529085,37.199864715934474,2024-10-24 18:18:59
2176,58,33,18,,,126.83432687667363,37.209348190800696,126.82899650779952,37.200260479929916,2024-10-24 18:19:04
2177,58,33,18,,,126.83477023607135,37.208104254747944,126.82860066649893,37.20002261448877,2024-10-24 18:19:28
2178,11,17,18,,,126.81334258100973,37.20747751447182,126.82569988162402,37.197624106302676,2024-10-24 18:19:41
2179,56,33,18,,,126.83573247502723,37.20650353632187,126.82953234966928,37.19971685343689,2024-10-24 18:19:51
2180,17,54,18,,,126.82666225710089,37.19690297042175,126.83242382031216,37.21028513584551,2024-10-24 18:20:17
2181,31,58,18,,,126.83005561380287,37.19765940031062,126.83581652107613,37.20909919651675,2024-10-24 18:20:28
2182,54,33,18,,,126.83323230523554,37.21107632846924,126.82962156111878,37.20025114969264,2024-10-24 18:20:39
2183,33,58,18,,,126.82845069359631,37.2015127367391,126.83510056879192,37.209137305586964,2024-10-24 18:20:40
2184,11,33,18,,,126.81345514423685,37.20823078291217,126.8292219897417,37.20025523632338,2024-10-24 18:20:43
2185,72,70,18,,,126.81108448724193,37.207071274767245,126.83789075939536,37.21029077325016,2024-10-24 18:21:03
2186,11,17,18,,,126.81448494491596,37.20763827864556,126.82707396258218,37.197173311511364,2024-10-24 18:21:06
2187,70,33,18,,,126.83843679428631,37.209361987467474,126.82883567214394,37.2005161814257,2024-10-24 18:21:40
2188,56,17,18,,,126.83398594212548,37.205785084557355,126.82594311414533,37.19631818000472,2024-10-24 18:23:02
2189,54,33,18,,,126.83308289177504,37.21099432524898,126.82887384106849,37.20090952642536,2024-10-24 18:23:39
2190,33,70,18,,,126.82997404591363,37.20083476931327,126.8368777768875,37.208674669241574,2024-10-24 18:23:45
2191,11,17,18,,,126.8141079637033,37.20903312312229,126.8273935068627,37.196604228813165,2024-10-24 18:23:48
2192,17,12,18,,,126.82676262000044,37.19626709725133,126.81904563878442,37.20456114334579,2024-10-24 18:24:12
2193,58,19,18,,,126.8347627122216,37.20792043600638,126.82925233538448,37.195979622460044,2024-10-24 18:24:42
2194,11,17,18,,,126.81525681737313,37.20853460082242,126.82676322249772,37.197523928313394,2024-10-24 18:25:47
2195,70,33,18,,,126.83728816477286,37.209801582066966,126.82937519565226,37.20036319041524,2024-10-24 18:25:57
2196,56,17,18,,,126.83399756080836,37.20541224579271,126.82577447304004,37.19618110048297,2024-10-24 18:26:07
2197,70,33,18,,,126.83687665829368,37.2099139731611,126.82874448572449,37.20020163059541,2024-10-24 18:28:07
2198,56,33,18,,,126.83476168036864,37.20478570564144,126.82836366258071,37.20023195166649,2024-10-24 18:28:23
2199,70,33,18,,,126.83746952729167,37.2104782535848,126.8285459117371,37.200990619244024,2024-10-24 18:28:38
2200,17,54,18,,,126.82632818741028,37.19769253408481,126.83172473266518,37.211018591076936,2024-10-24 18:28:42
2201,58,33,18,,,126.83442987661925,37.208468706478186,126.83007715586002,37.20065418333308,2024-10-24 18:28:44
2202,11,58,18,,,126.81499413135488,37.20796164435801,126.83440851703813,37.20755845869434,2024-10-24 18:29:22
2203,56,17,18,,,126.83522953462153,37.20570790316829,126.82693161206846,37.19583225244051,2024-10-24 18:29:25
2204,17,12,18,,,126.82556705532292,37.19694008991451,126.81919376711463,37.20422637720535,2024-10-24 18:29:29
2205,17,54,18,,,126.82605057925076,37.19712748666373,126.83303853079191,37.21034980932823,2024-10-24 18:29:45
2206,41,56,18,,,126.83368679340589,37.197553653321265,126.83477685572518,37.20612722710603,2024-10-24 18:29:52
2207,54,33,18,,,126.83175932728084,37.20955466144945,126.82962469128124,37.20036511779279,2024-10-24 18:29:56
2208,33,56,18,,,126.8301283902481,37.199751046457976,126.8348445439231,37.20656851234336,2024-10-24 18:30:20
2209,58,32,18,,,126.83589353302736,37.20892425126247,126.83170319498842,37.20147026704146,2024-10-24 18:30:22
2210,11,17,18,,,126.81507809693245,37.20923179664815,126.82722627411685,37.196119544738046,2024-10-24 18:30:40
2211,33,56,18,,,126.82988766711182,37.20109614753063,126.83543394488176,37.20519959958163,2024-10-24 18:31:22
2212,70,33,18,,,126.8381399589185,37.21045216035324,126.82911045199705,37.200360940015244,2024-10-24 18:31:43
2213,56,33,18,,,126.83449685578073,37.20652787839423,126.82905087720437,37.19972809767512,2024-10-24 18:32:07
2214,33,58,18,,,126.82867502245188,37.20087746646042,126.83514703991679,37.20887565496928,2024-10-24 18:32:12
2215,58,19,18,,,126.83517375146513,37.208777050120254,126.82825623630873,37.19466870746905,2024-10-24 18:32:14
2216,19,10,18,,,126.82887779812816,37.194084141525025,126.81786226599816,37.209119690126315,2024-10-24 18:32:20
2217,35,32,18,,,126.81848688401283,37.20162067716612,126.83283376230322,37.20228999135878,2024-10-24 18:32:31
2218,33,56,18,,,126.82964934443599,37.200245855241825,126.83489465798083,37.2065611021218,2024-10-24 18:32:47
2219,70,33,18,,,126.83760315331088,37.21013302165215,126.82927619148253,37.20038003860774,2024-10-24 18:33:27
2220,69,30,18,,,126.83832326004426,37.20624982834484,126.83223831231473,37.199917083269376,2024-10-24 18:33:40
2221,51,37,18,,,126.81999533868475,37.21043459766101,126.82086758337029,37.19728663483738,2024-10-24 18:33:54
2222,70,10,18,,,126.83721587913556,37.209104728646054,126.81791184262926,37.210089990235005,2024-10-24 18:33:54
2223,54,33,18,,,126.83221248556949,37.21086612490607,126.82891509907203,37.20084226317826,2024-10-24 18:34:03
2224,17,54,18,,,126.82683081645688,37.19763939987104,126.83252722676654,37.21013023224248,2024-10-24 18:34:23
2225,58,32,18,,,126.83485767346109,37.20761154213893,126.83145992543893,37.20171481376073,2024-10-24 18:34:31
2226,58,33,18,,,126.8359242778124,37.20762623358472,126.82905402119485,37.20085288943784,2024-10-24 18:34:46
2227,69,30,18,,,126.83674243154998,37.207067878233005,126.83255958984755,37.19930680391844,2024-10-24 18:35:00
2228,54,33,18,,,126.83230960632271,37.21097943144682,126.82852302972076,37.20074862121346,2024-10-24 18:35:57
2229,41,56,18,,,126.83362039195235,37.19781329971468,126.83516696103446,37.205807135185864,2024-10-24 18:36:04
2230,58,33,18,,,126.83595161094382,37.20794854246219,126.82964607868317,37.201013993118444,2024-10-24 18:36:42
2231,58,19,18,,,126.8358282696289,37.20892474592385,126.82796905212649,37.19509034155496,2024-10-24 18:36:47
2232,32,59,18,,,126.832224745884,37.201267047772866,126.83276396620498,37.207256037298706,2024-10-24 18:37:19
2233,51,37,18,,,126.81895359390003,37.21037693210019,126.8204688690999,37.19787026326185,2024-10-24 18:37:38
2234,54,33,18,,,126.83241666839469,37.209615013757606,126.82859819584161,37.20129854228327,2024-10-24 18:37:44
2235,50,37,18,,,126.82298256595136,37.21220735687458,126.8215116880685,37.1973013598363,2024-10-24 18:38:08
2236,51,37,18,,,126.82010084640851,37.21122803686131,126.82033147081687,37.197954752156875,2024-10-24 18:38:29
2237,58,33,18,,,126.83518346675608,37.208494009885406,126.83017036051707,37.20068223864648,2024-10-24 18:38:30
2238,56,31,18,,,126.83558072930067,37.205964472244894,126.82897783864159,37.19854547097477,2024-10-24 18:38:48
2239,59,15,18,,,126.83233729691884,37.207230782719414,126.8166943681198,37.205775314601674,2024-10-24 18:38:59
2240,58,19,18,,,126.83462113746005,37.20804478521985,126.82940147594714,37.194520975442614,2024-10-24 18:39:16
2241,58,33,18,,,126.83605279287536,37.20926373720701,126.82991225738137,37.20074544236416,2024-10-24 18:40:51
2242,56,33,18,,,126.83412705666531,37.20511231301342,126.82854063850425,37.20067965874287,2024-10-24 18:40:59
2243,58,33,18,,,126.83470684984839,37.20797921250929,126.82847728529204,37.20029347154224,2024-10-24 18:41:20
2244,56,33,18,,,126.83457870127812,37.206219248216655,126.82961822980224,37.20048205796771,2024-10-24 18:41:26
2245,56,31,18,,,126.8358153162816,37.20574581503432,126.82860623518698,37.19773116467093,2024-10-24 18:41:39
2246,70,17,18,,,126.83717496325005,37.208956623241946,126.82593176707431,37.196605958938456,2024-10-24 18:41:43
2247,54,33,18,,,126.83240730576603,37.21115854360757,126.82918732303771,37.20005307412209,2024-10-24 18:42:01
2248,69,30,18,,,126.83686800388688,37.20573965645695,126.83266136956618,37.19868334688238,2024-10-24 18:42:49
2249,58,33,18,,,126.83580268881379,37.20835816203144,126.82926848547227,37.20024436514758,2024-10-24 18:43:03
2250,58,33,18,,,126.83477395322086,37.20836570891286,126.8297593397488,37.2000192273886,2024-10-24 18:44:19
2251,54,33,18,,,126.83217228613563,37.20934708216147,126.82930413188114,37.20075307525551,2024-10-24 18:44:49
2252,33,56,18,,,126.82933730337152,37.200147146655155,126.83430943178938,37.20604217661828,2024-10-24 18:44:52
2253,33,58,18,,,126.8285731173164,37.20071665067907,126.83604346866285,37.208106807826546,2024-10-24 18:44:58
2254,10,17,18,,,126.81781451076752,37.210052174660845,126.82563114158103,37.196961127322716,2024-10-24 18:45:19
2255,33,56,18,,,126.82908591495517,37.20021614556148,126.83483665710408,37.20624262968452,2024-10-24 18:45:34
2256,50,37,18,,,126.821445852556,37.210692925905605,126.82027121923838,37.196704728897444,2024-10-24 18:45:38
2257,69,30,18,,,126.83753448536041,37.206115071886714,126.83114925454234,37.19889994311238,2024-10-24 18:45:58
2258,17,70,18,,,126.82571517043645,37.197048976498166,126.83825701728318,37.20979600822395,2024-10-24 18:46:07
2259,56,17,18,,,126.83589051202435,37.20521775624532,126.82625328948838,37.19683916300186,2024-10-24 18:46:16
2260,11,33,18,,,126.81525925419005,37.20755758882017,126.82964291401963,37.2009133731314,2024-10-24 18:46:29
2261,56,17,18,,,126.83407980344286,37.206544853756846,126.8264912285589,37.19626950547209,2024-10-24 18:46:35
2262,10,17,18,,,126.8172897777334,37.20937688014033,126.82622625734079,37.19606544101657,2024-10-24 18:46:48
2263,58,19,18,,,126.83456281690869,37.20814676009501,126.82793138817571,37.195696282296026,2024-10-24 18:48:39
2264,56,33,18,,,126.83581213729246,37.20509882413528,126.83026483803394,37.2016497251385,2024-10-24 18:48:58
2265,56,17,18,,,126.83494655543052,37.20577952540163,126.82616820151692,37.1960947379807,2024-10-24 18:49:05
2266,33,56,18,,,126.82833251350114,37.20058248321675,126.83491000646727,37.204959548350445,2024-10-24 18:49:21
2267,58,19,18,,,126.8356583031416,37.207758803974066,126.82977654781693,37.19533325291284,2024-10-24 18:49:34
2268,50,37,18,,,126.822835941216,37.21241600090367,126.82064102046871,37.19747991271821,2024-10-24 18:49:49
2269,33,70,18,,,126.82850735425963,37.19998414221301,126.83868720101704,37.20875197016943,2024-10-24 18:50:01
2270,54,33,18,,,126.83346716877553,37.2108203241654,126.82920135705258,37.20138330317912,2024-10-24 18:50:11
2271,51,37,18,,,126.81965901142553,37.209455578858474,126.8210152022886,37.19719785329115,2024-10-24 18:50:22
2272,11,8,18,,,126.81418735227363,37.20864874548839,126.82379508492161,37.20636320864136,2024-10-24 18:50:35
2273,56,17,18,,,126.83438518352101,37.20662814544615,126.82596701970779,37.19758506542917,2024-10-24 18:50:54
2274,56,17,18,,,126.83412715011758,37.204757156479374,126.82684821349663,37.196545861367206,2024-10-24 18:51:21
2275,54,33,18,,,126.833258250109,37.21097014517043,126.83029615085044,37.20080188008761,2024-10-24 18:51:22
2276,37,51,18,,,126.82210549826455,37.19837024316582,126.8191956324457,37.209543242420466,2024-10-24 18:51:35
2277,51,37,18,,,126.82045120510668,37.210746061384896,126.82040657047077,37.19689483811461,2024-10-24 18:51:42
2278,51,37,18,,,126.81910313136316,37.20953817306819,126.82091996500712,37.198057128467795,2024-10-24 18:52:12
2279,17,54,18,,,126.82691733235711,37.19661147748516,126.832276668395,37.21042389159503,2024-10-24 18:52:20
2280,50,37,18,,,126.82247253585754,37.21131656841525,126.8206313553796,37.1965675339428,2024-10-24 18:52:51
2281,51,37,18,,,126.81976303646991,37.211042115469255,126.82162462909977,37.19814419265421,2024-10-24 18:53:22
2282,58,33,18,,,126.83527176397786,37.20829635506193,126.82856483589515,37.201319350699855,2024-10-24 18:53:40
2283,56,33,18,,,126.8356468404515,37.205195207978086,126.8295749497342,37.19992022782453,2024-10-24 18:53:42
2284,37,51,18,,,126.82206033528603,37.19689683808308,126.82047961045001,37.209767385048124,2024-10-24 18:54:18
2285,58,17,18,,,126.83556461541032,37.208084866133746,126.8269725537425,37.19725372707561,2024-10-24 18:55:09
2286,33,56,18,,,126.82837021469516,37.20051544877658,126.83503714787639,37.20555708385279,2024-10-24 18:55:32
2287,58,33,18,,,126.83589784780132,37.209348759920175,126.82917534868216,37.20112775263054,2024-10-24 18:55:34
2288,50,37,18,,,126.82322392083051,37.21238174871277,126.82166729329498,37.19692636740554,2024-10-24 18:56:04
2289,58,33,18,,,126.83531603547351,37.20925536238631,126.83030254158477,37.200899042052114,2024-10-24 18:56:18
2290,56,17,18,,,126.83564021429154,37.20588598033529,126.82726275239872,37.19733486560034,2024-10-24 18:56:36
2291,37,51,18,,,126.82060888114489,37.196482522618254,126.81959368400955,37.20963471114339,2024-10-24 18:57:23
2292,69,30,18,,,126.83826952462029,37.206840055853,126.83267340991921,37.19918309036133,2024-10-24 18:57:26
2293,56,31,18,,,126.83472595148464,37.20575613611357,126.8282493150566,37.19800942628416,2024-10-24 18:57:38
2294,51,37,18,,,126.81915017502158,37.21117228873184,126.82031345430607,37.19828609677996,2024-10-24 18:58:00
2295,70,33,18,,,126.83694033972138,37.21010518508765,126.82883748388319,37.20120938017996,2024-10-24 18:58:05
2296,70,10,18,,,126.83724711134906,37.209986096502575,126.81699155941662,37.20920689990253,2024-10-24 18:58:30
2297,33,56,18,,,126.82901194154094,37.20067219410701,126.83468997835976,37.206055368526556,2024-10-24 18:58:46
2298,58,33,18,,,126.83499591919819,37.20752680593954,126.83029414034512,37.20104587599434,2024-10-24 18:59:21
2299,50,37,18,,,126.82153566178472,37.21064224890957,126.82085720063336,37.197988378425826,2024-10-24 18:59:39
2300,17,54,18,,,126.8255977040439,37.19743734493463,126.83306015520125,37.21024661728645,2024-10-24 18:59:47
2301,17,54,18,,,126.82691628979298,37.19635632661515,126.8324777726766,37.209978793138575,2024-10-24 18:59:55
2302,11,58,18,,,126.81504393233946,37.20782366439049,126.83567085022574,37.208789306600025,2024-10-24 18:59:59
2303,51,71,19,,,126.81909547781886,37.2107366063334,126.83967046713846,37.20433279339996,2024-10-24 19:00:03
2304,51,71,19,,,126.82019803366775,37.21064052217754,126.84034656816961,37.205817828532965,2024-10-24 19:00:06
2305,41,51,19,,,126.83521397477816,37.19776268511095,126.82030137240429,37.20960206566799,2024-10-24 19:00:10
2306,49,24,19,,,126.82787057722804,37.21328508502208,126.81806213172433,37.18994797781657,2024-10-24 19:00:13
2307,33,56,19,,,126.82868962223148,37.20028946388363,126.83498419269701,37.20603100963663,2024-10-24 19:00:22
2308,33,56,19,,,126.82981057090261,37.199989969092876,126.83478393222786,37.204975313240155,2024-10-24 19:00:55
2309,50,37,19,,,126.82295684752978,37.212033958812455,126.82100980578488,37.19685865541518,2024-10-24 19:01:22
2310,17,12,19,,,126.82706612248417,37.195799123809415,126.81855110669294,37.204998405396545,2024-10-24 19:01:22
2311,3,69,19,,,126.82535065483016,37.21045705856058,126.83759725318265,37.206776826045406,2024-10-24 19:02:27
2312,50,37,19,,,126.82254982014179,37.21239984393108,126.82139816927662,37.19673501216441,2024-10-24 19:02:30
2313,41,63,19,,,126.83485026910171,37.19646990513303,126.83530082737374,37.211125241685224,2024-10-24 19:03:33
2314,51,71,19,,,126.82003441810338,37.21011312350021,126.83910920617211,37.20592910786425,2024-10-24 19:04:53
2315,42,17,19,,,126.83223526629887,37.19688196437331,126.82729659931198,37.19768036048812,2024-10-24 19:05:20
2316,50,37,19,,,126.82326584883006,37.212254910452394,126.82162252785662,37.19703916835307,2024-10-24 19:05:32
2317,33,56,19,,,126.82916567742889,37.20150824364726,126.83416329467522,37.20479792818083,2024-10-24 19:05:33
2318,31,59,19,,,126.82842873269553,37.197041063708724,126.83242727048884,37.20810743302614,2024-10-24 19:05:42
2319,56,41,19,,,126.83416083896341,37.2057128896935,126.83422270091626,37.19648524391333,2024-10-24 19:05:44
2320,12,19,19,,,126.81925643090504,37.20394171583844,126.8293314667817,37.19544180724158,2024-10-24 19:05:47
2321,50,37,19,,,126.8215522094804,37.21086551561783,126.82151399655028,37.19705860628833,2024-10-24 19:06:10
2322,50,37,19,,,126.82180081814516,37.211527058585446,126.82078243849656,37.19686011355087,2024-10-24 19:06:11
2323,51,71,19,,,126.82006823762465,37.210360990519106,126.84088107972448,37.20538621602847,2024-10-24 19:06:49
2324,56,41,19,,,126.83586926268221,37.2054067452834,126.83509068142932,37.196353485010434,2024-10-24 19:06:54
2325,56,33,19,,,126.83398195440957,37.20535740825721,126.8288115268129,37.20114314347646,2024-10-24 19:07:37
2326,33,56,19,,,126.82916263782738,37.19974390675997,126.83551503696917,37.20498436346679,2024-10-24 19:07:45
2327,50,37,19,,,126.82264160150172,37.21153457331383,126.82119524041131,37.19737402334782,2024-10-24 19:07:52
2328,56,41,19,,,126.83505051995301,37.20623020888247,126.83446696327007,37.198185792095316,2024-10-24 19:07:56
2329,33,56,19,,,126.82890272069073,37.20053674166938,126.83526209602752,37.206486859728,2024-10-24 19:08:01
2330,70,33,19,,,126.83725534396059,37.20873348894311,126.82945576340904,37.20165004467679,2024-10-24 19:08:25
2331,51,34,19,,,126.82027180358824,37.21074620196872,126.82088893518392,37.20216184695215,2024-10-24 19:08:52
2332,51,71,19,,,126.81878316058649,37.21041928850547,126.8392411143373,37.204592532368785,2024-10-24 19:09:25
2333,41,56,19,,,126.83418672832765,37.196482621942735,126.83406430456476,37.20464341303284,2024-10-24 19:10:00
2334,48,1,19,,,126.82960277074245,37.21520178783999,126.81566731646828,37.19796408136076,2024-10-24 19:10:04
2335,72,33,19,,,126.81099712040508,37.20802382318862,126.82937960478922,37.20024259848448,2024-10-24 19:10:42
2336,51,71,19,,,126.81984402916707,37.21005744068669,126.83996479776415,37.20475663710241,2024-10-24 19:10:58
2337,35,32,19,,,126.81822845912197,37.20149923363824,126.83217385989319,37.20234027368384,2024-10-24 19:12:10
2338,70,33,19,,,126.83835248247819,37.21026931587595,126.83027206638076,37.20163454828311,2024-10-24 19:12:11
2339,51,71,19,,,126.8191013087111,37.20989175629556,126.8395448786778,37.20416899032058,2024-10-24 19:12:36
2340,58,19,19,,,126.83547595875038,37.20801236222414,126.82968568193823,37.19524407389351,2024-10-24 19:12:40
2341,43,42,19,,,126.82263172133361,37.18982334898097,126.83057222870046,37.19661065014559,2024-10-24 19:13:02
2342,49,13,19,,,126.82756796147854,37.21404018938849,126.81724742958241,37.20397829177351,2024-10-24 19:13:33
2343,17,54,19,,,126.82734414422382,37.19596899867902,126.83242504987416,37.21034587685713,2024-10-24 19:13:50
2344,70,33,19,,,126.83789391861923,37.20929009797058,126.83021191156199,37.2004226405517,2024-10-24 19:16:01
2345,32,11,19,,,126.83180561591534,37.20091428227708,126.81437272259019,37.20893327410894,2024-10-24 19:17:03
2346,44,68,19,,,126.81970426324636,37.18852628941662,126.83889169906345,37.2023172062622,2024-10-24 19:17:16
2347,33,56,19,,,126.83013729481715,37.20023415801702,126.83536737593562,37.20549525059727,2024-10-24 19:18:44
2348,56,41,19,,,126.83482479146248,37.20533369185575,126.8350733505919,37.19743043754097,2024-10-24 19:18:45
2349,51,71,19,,,126.82015540896283,37.2110589712825,126.8398431143532,37.20483784141114,2024-10-24 19:19:19
2350,33,56,19,,,126.82872319706003,37.20071228534554,126.83533767930815,37.20587091893472,2024-10-24 19:19:48
2351,41,70,19,,,126.8334703933196,37.19719670548906,126.83757335230243,37.20965981956908,2024-10-24 19:20:39
2352,70,17,19,,,126.83744940937109,37.209123175383866,126.82546474858242,37.19711864298239,2024-10-24 19:20:45
2353,50,37,19,,,126.82247293038547,37.2108260049615,126.82113876408982,37.19792769406533,2024-10-24 19:20:54
2354,32,59,19,,,126.83266787261417,37.202227526980444,126.83282564276604,37.20645079701722,2024-10-24 19:21:15
2355,59,15,19,,,126.83189729710745,37.206572072992024,126.81622878479192,37.206940974215485,2024-10-24 19:21:43
2356,70,33,19,,,126.83807928451924,37.21008052864218,126.82968796113587,37.20099425201987,2024-10-24 19:21:48
2357,50,37,19,,,126.82213519448626,37.21124507917048,126.82032844623842,37.19760038527464,2024-10-24 19:22:02
2358,56,41,19,,,126.83420223060257,37.20538850995052,126.8345114292932,37.198149641944134,2024-10-24 19:22:17
2359,33,56,19,,,126.82956421890576,37.199855211999406,126.83404227371135,37.20583182821497,2024-10-24 19:22:35
2360,72,72,19,,,126.81195424837512,37.20770187188261,126.81083851332424,37.20754270562767,2024-10-24 19:22:48
2361,50,37,19,,,126.82238690467604,37.21189982132802,126.82184933672684,37.19808331907667,2024-10-24 19:23:21
2362,69,30,19,,,126.83728698717105,37.20640490723625,126.83169893993295,37.19881969489566,2024-10-24 19:23:24
2363,43,7,19,,,126.82270127005498,37.1905154171562,126.82829723253438,37.20815114422156,2024-10-24 19:23:37
2364,42,70,19,,,126.83228316073426,37.19547141797247,126.83836022276556,37.210250273925055,2024-10-24 19:23:46
2365,56,33,19,,,126.83480227000594,37.20547703976052,126.8283855035296,37.20026114956042,2024-10-24 19:24:21
2366,56,32,19,,,126.83426640883648,37.20486626357107,126.83251844733456,37.20159463497073,2024-10-24 19:24:54
2367,56,33,19,,,126.83510738615813,37.204743066315096,126.82916567845169,37.2004043757014,2024-10-24 19:25:03
2368,33,56,19,,,126.82912081009565,37.20091478473641,126.83499076369459,37.20515241806142,2024-10-24 19:25:04
2369,43,59,19,,,126.82327929684597,37.19089004834992,126.83199370322475,37.20640376660236,2024-10-24 19:25:10
2370,46,49,19,,,126.83099921168737,37.21098584889316,126.82822185079193,37.212969139477714,2024-10-24 19:25:13
2371,3,11,19,,,126.82427164140225,37.209429098862046,126.81520593884447,37.208723802015584,2024-10-24 19:25:31
2372,12,19,19,,,126.81850979795796,37.20509921359204,126.82840618644089,37.195515880230126,2024-10-24 19:25:47
2373,51,71,19,,,126.81954608738764,37.21072747900012,126.839829044664,37.20455858477992,2024-10-24 19:26:13
2374,41,70,19,,,126.833945783591,37.19760844446164,126.8374526770479,37.21021682815038,2024-10-24 19:26:19
2375,51,71,19,,,126.82022075334211,37.20967639391751,126.84060193451134,37.204255709068725,2024-10-24 19:26:27
2376,19,10,19,,,126.82939158988454,37.1959377435252,126.81691471781886,37.209767419807044,2024-10-24 19:26:52
2377,51,71,19,,,126.82036312973774,37.21078406868308,126.83922069457586,37.20491850193624,2024-10-24 19:27:11
2378,50,37,19,,,126.8233209055165,37.211100860270825,126.82178709264932,37.198178469137495,2024-10-24 19:27:23
2379,69,30,19,,,126.8382988378969,37.205788248300415,126.83203781295622,37.199866375985756,2024-10-24 19:27:30
2380,51,71,19,,,126.81996289910666,37.20993668722875,126.84066025042294,37.20519592862612,2024-10-24 19:29:00
2381,17,54,19,,,126.82733939210567,37.19595576503164,126.83263858746277,37.21031546701153,2024-10-24 19:29:19
2382,56,33,19,,,126.83447215761892,37.20474000648943,126.82929351620085,37.199908885755626,2024-10-24 19:29:41
2383,43,52,19,,,126.822663487347,37.189780416904995,126.8303159083286,37.217731989544596,2024-10-24 19:30:10
2384,47,3,19,,,126.82665008634778,37.21112209224577,126.82492857817776,37.20896104555756,2024-10-24 19:30:16
2385,51,71,19,,,126.82025667180943,37.210423512301965,126.84074375044504,37.205412703485074,2024-10-24 19:30:44
2386,33,54,19,,,126.82934313560871,37.20108351920815,126.83365739914238,37.21091078031412,2024-10-24 19:31:29
2387,58,19,19,,,126.83600403600096,37.20788907313463,126.82924391568507,37.19458440226426,2024-10-24 19:32:17
2388,46,13,19,,,126.83050577840615,37.212428046950066,126.81577095609003,37.20379886702659,2024-10-24 19:32:19
2389,50,37,19,,,126.82267513679918,37.21116993863127,126.82208704431326,37.1966240190868,2024-10-24 19:32:27
2390,51,71,19,,,126.82003505460143,37.21072702360246,126.8391644362097,37.20483357066644,2024-10-24 19:33:11
2391,33,56,19,,,126.83006270347373,37.19994551364253,126.83392724675971,37.205479213979736,2024-10-24 19:33:15
2392,50,37,19,,,126.82223116263015,37.2107162243065,126.82141572265363,37.196962325674235,2024-10-24 19:34:36
2393,33,56,19,,,126.82925849345038,37.200874818428595,126.83456908405307,37.20506415355697,2024-10-24 19:35:27
2394,33,56,19,,,126.83009336356395,37.20031055514981,126.83424062105323,37.20577054005926,2024-10-24 19:35:40
2395,56,41,19,,,126.83439623451366,37.20635140659194,126.83398427310055,37.19779386347834,2024-10-24 19:36:48
2396,70,33,19,,,126.83832129503982,37.20935656167097,126.82951277045343,37.200502142855505,2024-10-24 19:37:33
2397,69,30,19,,,126.83676043853785,37.20769360967987,126.83183422832816,37.19942695056062,2024-10-24 19:38:19
2398,31,59,19,,,126.82871144091013,37.19706818254181,126.83270747522278,37.20666532011641,2024-10-24 19:38:26
2399,19,10,19,,,126.82866088635518,37.19598520994711,126.81674982036586,37.20880249343515,2024-10-24 19:39:26
2400,56,33,19,,,126.83493852228236,37.20515859239684,126.83005868376492,37.20089482309559,2024-10-24 19:40:17
2401,50,37,19,,,126.82240378287287,37.21055762401702,126.82203393715947,37.19826831090663,2024-10-24 19:40:29
2402,32,59,19,,,126.83101036930906,37.20155957328856,126.83295772342527,37.207758572274564,2024-10-24 19:40:52
2403,1,68,19,,,126.81701682268424,37.19815681823938,126.83958922233292,37.20121507981254,2024-10-24 19:41:17
2404,51,71,19,,,126.81916497991155,37.20977570919499,126.84005832549563,37.20471321740831,2024-10-24 19:41:32
2405,59,15,19,,,126.83287171477292,37.20695344022105,126.81696249769394,37.20717690714881,2024-10-24 19:41:44
2406,50,37,19,,,126.82253130457444,37.21141340502726,126.82105941362823,37.19729354066511,2024-10-24 19:42:05
2407,70,18,19,,,126.83806726347305,37.20970940307527,126.82355202533174,37.195818777464126,2024-10-24 19:42:39
2408,70,33,19,,,126.83745428339266,37.21006303556218,126.82909862011029,37.20073703696177,2024-10-24 19:43:13
2409,69,30,19,,,126.83767717038987,37.206914176801725,126.8318903590748,37.19888213454265,2024-10-24 19:43:20
2410,33,56,19,,,126.82876633239819,37.200784095042664,126.8357644887058,37.20590056279909,2024-10-24 19:43:26
2411,43,71,19,,,126.82323117987109,37.18960833698595,126.84044641178302,37.204076491306914,2024-10-24 19:44:11
2412,2,3,19,,,126.82135279016879,37.20496805917881,126.8258108458001,37.20983703996182,2024-10-24 19:44:42
2413,58,32,19,,,126.83466718602874,37.207718188488364,126.83295102101441,37.20194466362356,2024-10-24 19:44:51
2414,35,32,19,,,126.81920909312623,37.20137853462765,126.83143210870865,37.200952457287606,2024-10-24 19:45:00
2415,51,71,19,,,126.81962163272179,37.21017197228869,126.84088931310217,37.204474140546914,2024-10-24 19:45:37
2416,56,33,19,,,126.83554706839351,37.20523520820082,126.82867172973808,37.20075127986022,2024-10-24 19:46:04
2417,58,32,19,,,126.83414318156854,37.2080284796147,126.83256332692052,37.20116077740293,2024-10-24 19:46:17
2418,51,71,19,,,126.82024588178773,37.21053008559269,126.83937407324129,37.2039985460966,2024-10-24 19:46:44
2419,51,71,19,,,126.8200064019552,37.210884730446395,126.8406692448697,37.204797603629835,2024-10-24 19:46:50
2420,42,70,19,,,126.83192161902727,37.196693323266906,126.83768955994495,37.209655339468014,2024-10-24 19:47:27
2421,50,37,19,,,126.82177629845866,37.212386206339026,126.82176444685106,37.19836845921591,2024-10-24 19:47:37
2422,50,37,19,,,126.82156419828868,37.211379710322944,126.82098797306377,37.197133909917184,2024-10-24 19:47:37
2423,50,37,19,,,126.82209714246696,37.21070973960738,126.82057824766703,37.198225651828196,2024-10-24 19:47:52
2424,50,37,19,,,126.82267139013923,37.21136822047091,126.82083812467502,37.1977876392251,2024-10-24 19:47:56
2425,17,70,19,,,126.82589484752175,37.196836048048866,126.83781280297997,37.20857395436356,2024-10-24 19:47:58
2426,50,37,19,,,126.82193730096331,37.211074666788214,126.82108871221318,37.19755368362602,2024-10-24 19:48:11
2427,45,71,19,,,126.82605876855722,37.21343678564009,126.84003601460314,37.20525313669698,2024-10-24 19:49:01
2428,56,41,19,,,126.83567458043208,37.2059487101605,126.8341026708936,37.19786966191331,2024-10-24 19:49:15
2429,47,38,19,,,126.82755811630192,37.211735737883636,126.82397519444488,37.20220080276437,2024-10-24 19:49:17
2430,17,54,19,,,126.82618786724582,37.19694603182517,126.8333904945436,37.21085641792566,2024-10-24 19:50:14
2431,69,30,19,,,126.83765873527389,37.20672166457088,126.83155516733684,37.19827095558935,2024-10-24 19:50:41
2432,33,56,19,,,126.83001906572687,37.20110604337892,126.83495748661622,37.2049135977858,2024-10-24 19:50:58
2433,56,41,19,,,126.83471020888413,37.2052468912425,126.83472933438908,37.1965638159827,2024-10-24 19:51:08
2434,70,32,19,,,126.8387654473364,37.20858634598679,126.83198073952306,37.20185938369622,2024-10-24 19:52:13
2435,41,17,19,,,126.83438711175089,37.196961848310885,126.82661516986091,37.197476440681434,2024-10-24 19:52:17
2436,50,37,19,,,126.82227872046178,37.21178416549684,126.8219242075502,37.19768565652563,2024-10-24 19:52:43
2437,10,40,19,,,126.81607773314047,37.20971440240146,126.83195273453379,37.19379972867965,2024-10-24 19:52:43
2438,1,30,19,,,126.81701202114633,37.19832785662994,126.83143441318242,37.1991575367113,2024-10-24 19:53:13
2439,1,71,19,,,126.81694072268692,37.198486744660336,126.8401612020134,37.20552234063272,2024-10-24 19:53:16
2440,17,54,19,,,126.82643033070862,37.19641709370505,126.83221998790451,37.20924033839698,2024-10-24 19:53:34
2441,4,4,19,,,126.82146949982467,37.20865485096369,126.82161561929033,37.2082879839427,2024-10-24 19:54:01
2442,51,34,19,,,126.82029764399564,37.21095103535419,126.82103882204761,37.20297167379449,2024-10-24 19:54:07
2443,33,54,19,,,126.82931390431013,37.200643236640744,126.83214336710019,37.211112425061266,2024-10-24 19:54:15
2444,41,25,19,,,126.83446757471172,37.19767048633136,126.82045569436325,37.19542680218634,2024-10-24 19:55:06
2445,51,71,19,,,126.8192167037433,37.210380693244,126.83941444954417,37.2058986906728,2024-10-24 19:56:03
2446,33,56,19,,,126.82894964943469,37.200613523702444,126.83484971658083,37.20500137085533,2024-10-24 19:56:37
2447,42,70,19,,,126.8308366518569,37.19567086668741,126.83770202683513,37.209414015783274,2024-10-24 19:56:54
2448,50,37,19,,,126.82282611908178,37.210987691125425,126.8212258618519,37.19762548755377,2024-10-24 19:56:56
2449,56,41,19,,,126.8355497009891,37.20650745192358,126.83331708228808,37.197334091836396,2024-10-24 19:56:59
2450,50,37,19,,,126.82314651133021,37.2108770042573,126.82085061135713,37.196777827886066,2024-10-24 19:57:01
2451,50,37,19,,,126.82251175274945,37.211893098045046,126.82049327004762,37.197349614455256,2024-10-24 19:57:04
2452,47,56,19,,,126.82664840221483,37.21118258085662,126.83543131585265,37.20502879916457,2024-10-24 19:57:11
2453,2,11,19,,,126.82265130905529,37.20594102638441,126.81492848204157,37.207715802253304,2024-10-24 19:57:13
2454,32,11,19,,,126.83146408528599,37.20187978313282,126.81382995895004,37.20879195027457,2024-10-24 19:57:19
2455,47,34,19,,,126.82832090834822,37.21164646890048,126.82268067843675,37.2023926738506,2024-10-24 19:57:54
2456,47,28,19,,,126.8277534429837,37.21023550069126,126.83021289249947,37.202514669329524,2024-10-24 19:58:12
2457,70,33,19,,,126.83833238956895,37.209347461235936,126.83016337403348,37.20023834971374,2024-10-24 19:58:38
2458,50,37,19,,,126.82289103925932,37.21088268579401,126.82036741727595,37.196689073341375,2024-10-24 19:59:01
2459,56,32,19,,,126.83420950414839,37.20599235711207,126.83286757992194,37.20142073610123,2024-10-24 19:59:24
2460,46,58,19,,,126.82937633065792,37.21263006117663,126.83437193299918,37.20912678346281,2024-10-24 19:59:27
2461,51,71,20,,,126.8195489640419,37.20986984900273,126.83950119360559,37.20450636243183,2024-10-24 20:00:34
2462,56,33,20,,,126.83422024633788,37.20489881589878,126.82983884905849,37.2010559232856,2024-10-24 20:00:37
2463,51,71,20,,,126.81928229232258,37.21022232126708,126.83983530862555,37.20523603602566,2024-10-24 20:01:27
2464,33,56,20,,,126.82905597561461,37.200107825943505,126.83449116630408,37.20536836776297,2024-10-24 20:01:46
2465,10,40,20,,,126.81693253628819,37.208752276881505,126.83153324082367,37.19278999183714,2024-10-24 20:02:06
2466,51,71,20,,,126.82044082651848,37.21133896564851,126.84013303241764,37.20464279655378,2024-10-24 20:02:11
2467,58,33,20,,,126.83460873812682,37.20912941278684,126.82833769839877,37.20045931005509,2024-10-24 20:02:19
2468,50,37,20,,,126.82215950020286,37.212062969562666,126.82167372398243,37.198343067120774,2024-10-24 20:03:08
2469,56,33,20,,,126.83432838090154,37.20583532826894,126.82890044253641,37.201145481293786,2024-10-24 20:04:10
2470,58,19,20,,,126.83508445820908,37.207683475781764,126.82957846997166,37.19600156633172,2024-10-24 20:04:31
2471,70,21,20,,,126.83763948425731,37.20865797375274,126.8192215637028,37.19563045597782,2024-10-24 20:04:33
2472,54,33,20,,,126.83230256092303,37.209848396589834,126.82873188788513,37.2001259905749,2024-10-24 20:04:43
2473,70,33,20,,,126.83871683337077,37.20899213943327,126.82911715444129,37.19994666353748,2024-10-24 20:04:48
2474,51,71,20,,,126.81955655820512,37.21095361970046,126.83995799080759,37.20454238635574,2024-10-24 20:04:59
2475,37,51,20,,,126.82049355945088,37.196816455369,126.81908945723143,37.20958616154758,2024-10-24 20:04:59
2476,33,56,20,,,126.829732439143,37.20058226690586,126.83542269086324,37.20614792423901,2024-10-24 20:05:03
2477,51,71,20,,,126.81963155833913,37.21056723961271,126.8394371885461,37.20528900453016,2024-10-24 20:05:59
2478,32,56,20,,,126.831524223969,37.20103847220087,126.83541588542143,37.20629337647517,2024-10-24 20:07:04
2479,56,41,20,,,126.83396868996162,37.20621603285605,126.8340431089207,37.1966041090706,2024-10-24 20:07:28
2480,32,58,20,,,126.83173215478205,37.20219049315181,126.83441697966927,37.20877172859992,2024-10-24 20:07:37
2481,56,33,20,,,126.83394102062884,37.20653271297888,126.82915430128193,37.20042584113034,2024-10-24 20:07:38
2482,58,19,20,,,126.8342974574379,37.20790975828433,126.82867386618317,37.1942244071371,2024-10-24 20:09:44
2483,56,40,20,,,126.83552936905717,37.20612685263459,126.83208489767308,37.19266312727989,2024-10-24 20:10:20
2484,54,33,20,,,126.83196845603157,37.20957116924625,126.82851606636301,37.200282746194,2024-10-24 20:10:25
2485,58,19,20,,,126.83483041228205,37.20765888509649,126.82870595487574,37.19448022811739,2024-10-24 20:10:47
2486,70,33,20,,,126.83760073252775,37.20983169854808,126.82998293143055,37.200052525459924,2024-10-24 20:10:53
2487,34,50,20,,,126.8214678826193,37.20302224360448,126.82150887936467,37.21183800330914,2024-10-24 20:11:58
2488,37,51,20,,,126.82147902208402,37.19650406929584,126.81887738314005,37.210523340439494,2024-10-24 20:12:06
2489,37,51,20,,,126.82209568033646,37.1978902782153,126.81895976262689,37.21123167106517,2024-10-24 20:12:58
2490,37,51,20,,,126.8215306117719,37.19760147879493,126.82067914012191,37.21093047522841,2024-10-24 20:13:17
2491,56,31,20,,,126.83480235448232,37.20540375242297,126.82850148580552,37.19764864204051,2024-10-24 20:14:14
2492,56,31,20,,,126.83550831213446,37.20661322350031,126.82860079034356,37.19757000259699,2024-10-24 20:14:21
2493,34,50,20,,,126.8211567578644,37.20267286332454,126.82293540289197,37.211057144772504,2024-10-24 20:15:20
2494,70,21,20,,,126.8383209415619,37.210226006884334,126.81946106517603,37.195646975003676,2024-10-24 20:15:26
2495,10,56,20,,,126.81795578768762,37.20993176945344,126.83413104430137,37.205643349171204,2024-10-24 20:16:30
2496,33,56,20,,,126.8287344433458,37.20125688906283,126.83519280085099,37.204837170701076,2024-10-24 20:16:35
2497,50,37,20,,,126.82259278385818,37.21106079890049,126.82046362649916,37.197173641635494,2024-10-24 20:17:03
2498,37,51,20,,,126.8214634549602,37.197932724211356,126.81904772849987,37.2104045994093,2024-10-24 20:17:11
2499,19,10,20,,,126.82894087201177,37.19580154283409,126.81722413094532,37.20976985204414,2024-10-24 20:17:45
2500,50,37,20,,,126.82301399415769,37.21161386253966,126.8205416818022,37.19780274396932,2024-10-24 20:17:47
2501,58,33,20,,,126.83439649366335,37.20897844183768,126.82963667703405,37.200509824768794,2024-10-24 20:18:12
2502,50,37,20,,,126.82190508500048,37.21095796087519,126.82192962473522,37.19829226366726,2024-10-24 20:18:23
2503,51,71,20,,,126.81996341243602,37.21056902006918,126.84018602724407,37.20545752414752,2024-10-24 20:19:17
2504,33,56,20,,,126.82992467068195,37.199974665439754,126.83512362855207,37.20490002546519,2024-10-24 20:20:07
2505,70,33,20,,,126.83790125216032,37.21018401003566,126.8286216265919,37.20088585426141,2024-10-24 20:20:23
2506,37,51,20,,,126.82071591916483,37.19654533393755,126.81985720562272,37.21059074391222,2024-10-24 20:20:40
2507,33,70,20,,,126.82833840681022,37.199962509591614,126.83783591632037,37.20926785288832,2024-10-24 20:20:40
2508,54,33,20,,,126.83365389567878,37.2095200523126,126.83015402989926,37.20013174056462,2024-10-24 20:20:40
2509,37,72,20,,,126.82198480644921,37.19661273966383,126.8120157850056,37.2068608655168,2024-10-24 20:20:47
2510,50,37,20,,,126.82230098155284,37.21143716647305,126.8216160842716,37.19708962790729,2024-10-24 20:21:55
2511,58,19,20,,,126.83505737779545,37.20887957553999,126.82889999783539,37.195216398072944,2024-10-24 20:22:26
2512,58,17,20,,,126.83507408411856,37.20751564838299,126.82569430107131,37.19723954192064,2024-10-24 20:22:38
2513,58,33,20,,,126.83450571826485,37.209452026012684,126.83005821560072,37.20034774885334,2024-10-24 20:23:01
2514,33,56,20,,,126.82920361750833,37.200256367003725,126.83530785305281,37.2062176671899,2024-10-24 20:23:22
2515,34,50,20,,,126.82188240873673,37.20334194979498,126.82242604901057,37.21150270425486,2024-10-24 20:23:29
2516,58,19,20,,,126.83546994337021,37.209372465311446,126.82885179253678,37.19422762533731,2024-10-24 20:24:57
2517,50,37,20,,,126.82204681850166,37.2107904867301,126.8217511745384,37.19713147085415,2024-10-24 20:25:18
2518,58,17,20,,,126.83466344215907,37.20927661630748,126.82697215724411,37.19641178571181,2024-10-24 20:25:28
2519,70,21,20,,,126.83817952700078,37.20885702889313,126.81929456282938,37.196612687522574,2024-10-24 20:25:33
2520,34,50,20,,,126.8216786294535,37.203785064131864,126.82242984791422,37.210838755429215,2024-10-24 20:25:48
2521,56,31,20,,,126.83415802834165,37.20582335368109,126.82910362793301,37.19878877320078,2024-10-24 20:25:58
2522,72,33,20,,,126.81115277189565,37.20785195696567,126.82916609452559,37.20091957953817,2024-10-24 20:26:02
2523,50,37,20,,,126.82249931869616,37.21115188394063,126.82069070637586,37.196822508001915,2024-10-24 20:26:06
2524,42,70,20,,,126.83225559842585,37.19668701541048,126.83713299851476,37.209759775757725,2024-10-24 20:27:02
2525,70,18,20,,,126.83858998174834,37.210179582540306,126.82300465619201,37.195710801828646,2024-10-24 20:27:08
2526,70,21,20,,,126.83862064643853,37.209132522161646,126.81936417018943,37.197286890572514,2024-10-24 20:27:21
2527,50,37,20,,,126.82219694972169,37.21061112852583,126.82054060723779,37.19771518913876,2024-10-24 20:27:35
2528,58,19,20,,,126.83488715301104,37.207551653502236,126.82891659831894,37.19523184371068,2024-10-24 20:27:49
2529,50,37,20,,,126.8231272754056,37.21214913507267,126.82140892290806,37.19760322034569,2024-10-24 20:28:14
2530,37,51,20,,,126.82048379447077,37.198145881917284,126.82024945647598,37.211192424096836,2024-10-24 20:29:20
2531,58,33,20,,,126.8346916898587,37.207694292859166,126.83016204463961,37.201202804970926,2024-10-24 20:30:01
2532,37,51,20,,,126.82177397111906,37.19664654382794,126.81870769931967,37.20978374969348,2024-10-24 20:30:02
2533,37,51,20,,,126.8207566905598,37.19755700803347,126.82017353630455,37.20993153327554,2024-10-24 20:30:29
2534,50,37,20,,,126.82250594698083,37.211116547444206,126.82027209172227,37.19794899420826,2024-10-24 20:30:42
2535,51,71,20,,,126.8200798370811,37.210474817065645,126.83992020797461,37.20562907358505,2024-10-24 20:30:59
2536,50,37,20,,,126.82141833341944,37.212034610873935,126.8206779647512,37.19783228153056,2024-10-24 20:31:11
2537,37,51,20,,,126.82202402808375,37.19662014417915,126.82027469700145,37.209521554729655,2024-10-24 20:31:41
2538,70,21,20,,,126.83826182849484,37.2091833718638,126.81772642216816,37.19594285926212,2024-10-24 20:31:56
2539,50,37,20,,,126.82287902658892,37.21076908314285,126.82181123248273,37.19707269474595,2024-10-24 20:32:12
2540,10,40,20,,,126.81785294848204,37.210212544114384,126.83091270668115,37.19294534629894,2024-10-24 20:32:14
2541,58,19,20,,,126.83593884537011,37.20839762856389,126.82917893766312,37.19429122597948,2024-10-24 20:32:30
2542,58,33,20,,,126.83482088300869,37.20842634432278,126.82994825235478,37.20092320870709,2024-10-24 20:32:49
2543,56,31,20,,,126.83462551041163,37.20612420329449,126.82892047700496,37.1988410007596,2024-10-24 20:33:23
2544,42,70,20,,,126.8320837248917,37.19572616079295,126.83818822583875,37.20948328057581,2024-10-24 20:34:15
2545,50,37,20,,,126.8219273002124,37.21138071997485,126.82058158256037,37.19657245753832,2024-10-24 20:34:20
2546,37,51,20,,,126.82082825807593,37.19739016302461,126.8192230645559,37.21070994841161,2024-10-24 20:34:37
2547,37,51,20,,,126.8205870084137,37.19736461636927,126.81955869458245,37.209550508079865,2024-10-24 20:34:47
2548,50,37,20,,,126.82268635543181,37.212462822491396,126.82182025649175,37.19800110097615,2024-10-24 20:35:15
2549,69,30,20,,,126.83815816307926,37.206249441972275,126.83082587280892,37.19878395780571,2024-10-24 20:35:26
2550,34,50,20,,,126.82219089360916,37.203850516101106,126.82144505523343,37.21122763433787,2024-10-24 20:35:46
2551,70,33,20,,,126.83807582467067,37.208744753719934,126.82963511624608,37.20060800152913,2024-10-24 20:35:47
2552,51,71,20,,,126.82067395090446,37.20953996184491,126.84018684281958,37.20473560525079,2024-10-24 20:36:04
2553,37,51,20,,,126.8208113233641,37.196921647715314,126.81931227278268,37.21054191776522,2024-10-24 20:36:19
2554,70,19,20,,,126.83727958028923,37.20926484159935,126.82892792926617,37.19592915575689,2024-10-24 20:36:23
2555,54,33,20,,,126.83336128505984,37.21039731743096,126.82939442587931,37.20122470929959,2024-10-24 20:36:24
2556,23,32,20,,,126.82069047737663,37.19222265047253,126.8311187983092,37.20240201238654,2024-10-24 20:36:27
2557,35,32,20,,,126.81909927305418,37.20266656964287,126.83259506138174,37.200905399304915,2024-10-24 20:36:30
2558,58,19,20,,,126.83584691081354,37.20833948626297,126.8278676323752,37.195653678997814,2024-10-24 20:36:38
2559,37,51,20,,,126.82145733420715,37.19760235545124,126.81871386970073,37.210019311050644,2024-10-24 20:37:01
2560,69,30,20,,,126.83704850465335,37.20597617161907,126.8309973187621,37.1988457956456,2024-10-24 20:37:05
2561,69,30,20,,,126.83684685304885,37.20714910599032,126.8316801744772,37.198626177257744,2024-10-24 20:37:34
2562,70,10,20,,,126.83698466768682,37.21050815269757,126.81701962455605,37.21007219732292,2024-10-24 20:37:46
2563,51,71,20,,,126.8197581896221,37.21098056555114,126.84074801231597,37.20558583848522,2024-10-24 20:38:06
2564,50,37,20,,,126.82186982750984,37.210676523992355,126.8217863209886,37.19756907004697,2024-10-24 20:38:21
2565,33,56,20,,,126.82838576266327,37.20021638082404,126.83495228829509,37.20492296125801,2024-10-24 20:38:47
2566,10,17,20,,,126.81737890323357,37.209589252588536,126.82545105847714,37.19767333240319,2024-10-24 20:38:51
2567,10,17,20,,,126.81790115515147,37.20980255832914,126.82590550095472,37.19641968086231,2024-10-24 20:38:57
2568,58,33,20,,,126.83611847703483,37.20826996831252,126.82883988265529,37.20057217005371,2024-10-24 20:39:24
2569,56,31,20,,,126.83415213721332,37.206091955973356,126.82833093792036,37.19836349835236,2024-10-24 20:39:28
2570,58,33,20,,,126.83583457630928,37.20893147525566,126.82991381614997,37.201161654749576,2024-10-24 20:39:33
2571,10,17,20,,,126.81795867189614,37.20964447082239,126.82667845319637,37.19659022784965,2024-10-24 20:39:36
2572,70,19,20,,,126.83794449920615,37.210099404684975,126.82796017956076,37.19509595183808,2024-10-24 20:41:01
2573,10,17,20,,,126.81731840920254,37.2101052873007,126.82713249599112,37.1968737549605,2024-10-24 20:41:03
2574,11,58,20,,,126.81507008216995,37.20893288421794,126.83462280637718,37.20927641185338,2024-10-24 20:41:14
2575,42,70,20,,,126.83189465832703,37.195535977008156,126.83720254133165,37.20918706015482,2024-10-24 20:41:36
2576,70,21,20,,,126.83722312544572,37.20938756078767,126.81951497395616,37.195440697207324,2024-10-24 20:41:37
2577,58,19,20,,,126.83458552627643,37.20766911102186,126.82918492783695,37.19440408226932,2024-10-24 20:41:59
2578,56,40,20,,,126.83422369509658,37.20547267203356,126.83219932602331,37.19264473787323,2024-10-24 20:42:09
2579,10,17,20,,,126.81722958924026,37.208786647565546,126.82556663107657,37.19677636275144,2024-10-24 20:42:14
2580,34,50,20,,,126.82136716804743,37.20225192679588,126.82248594313407,37.210634909129574,2024-10-24 20:42:45
2581,58,33,20,,,126.83452887177441,37.20755469146537,126.82860018230943,37.20003012780417,2024-10-24 20:43:08
2582,34,50,20,,,126.82238809215723,37.20386685081039,126.82294554904881,37.21219200554455,2024-10-24 20:43:35
2583,50,37,20,,,126.82245516559635,37.211185897535586,126.82082921732567,37.19729985245713,2024-10-24 20:43:39
2584,51,71,20,,,126.81948728070981,37.210240947030925,126.83915147579853,37.2049613715934,2024-10-24 20:43:50
2585,56,33,20,,,126.83399946869218,37.20643758168394,126.82866899014873,37.20136061248105,2024-10-24 20:44:11
2586,70,33,20,,,126.83747367209084,37.209090469898186,126.82935551394009,37.20093929607891,2024-10-24 20:45:53
2587,51,71,20,,,126.81975939329767,37.210954946807455,126.83945607673677,37.20529588193271,2024-10-24 20:46:02
2588,70,18,20,,,126.83685217167604,37.208983243481946,126.82342911233665,37.19615581723748,2024-10-24 20:46:27
2589,37,51,20,,,126.82197579188448,37.19829627058645,126.82012942539951,37.2098760689913,2024-10-24 20:47:05
2590,51,71,20,,,126.8199018985305,37.20993744077321,126.83933595350459,37.20585401902706,2024-10-24 20:48:03
2591,70,21,20,,,126.83744194390061,37.20965104405584,126.81880291573454,37.19718897714802,2024-10-24 20:48:21
2592,33,56,20,,,126.82958206253721,37.1999823877553,126.83478845441444,37.20559348897795,2024-10-24 20:48:52
2593,50,37,20,,,126.82304447764318,37.21101237233657,126.82111574336014,37.19647096170729,2024-10-24 20:48:55
2594,32,56,20,,,126.83225776216287,37.202601284524214,126.83548357676743,37.20552301090691,2024-10-24 20:48:55
2595,17,58,20,,,126.82541938607402,37.19769458829421,126.83548682422055,37.20752329973875,2024-10-24 20:49:17
2596,50,37,20,,,126.82282190213094,37.211459879071995,126.82220301301136,37.19736334722927,2024-10-24 20:49:20
2597,70,33,20,,,126.83870741541067,37.21001883926867,126.82920103608797,37.199969475267885,2024-10-24 20:49:33
2598,51,71,20,,,126.81935552363323,37.20972379976143,126.84020586117015,37.20435200417585,2024-10-24 20:50:26
2599,72,33,20,,,126.81132462153033,37.20799701440292,126.83029019219256,37.20020998843979,2024-10-24 20:51:29
2600,70,33,20,,,126.83877164338327,37.21048371932119,126.82909674991862,37.20162247615964,2024-10-24 20:52:11
2601,50,37,20,,,126.82295117559184,37.21063652148885,126.82088866914184,37.19784640909107,2024-10-24 20:52:33
2602,69,30,20,,,126.83792075068214,37.20682151685337,126.83145979487618,37.19926695413856,2024-10-24 20:52:42
2603,54,33,20,,,126.83194651275552,37.209904164024024,126.82919355525773,37.201463542128245,2024-10-24 20:52:43
2604,34,50,20,,,126.82110202229633,37.202293429594945,126.82251819015512,37.21149809416558,2024-10-24 20:53:52
2605,56,33,20,,,126.83485145262496,37.20542229171499,126.82886370563617,37.20156840115283,2024-10-24 20:55:18
2606,32,11,20,,,126.83264385728549,37.20154329819496,126.81405265778737,37.208794656348495,2024-10-24 20:55:24
2607,51,71,20,,,126.81940395536976,37.210568265960035,126.84078989987832,37.20574928001213,2024-10-24 20:56:04
2608,37,72,20,,,126.82181833025413,37.19678891505354,126.81106830004695,37.20770170737033,2024-10-24 20:56:09
2609,58,19,20,,,126.83452565366221,37.20916259154511,126.82812580434329,37.19447345101597,2024-10-24 20:56:44
2610,56,19,20,,,126.83395957748351,37.206538946684724,126.82957456534353,37.19576989433275,2024-10-24 20:56:56
2611,56,33,20,,,126.83436744738214,37.20594692296824,126.82961513866466,37.20106821073268,2024-10-24 20:57:52
2612,10,17,20,,,126.81692571490778,37.21016467586927,126.82588425009595,37.197215760457176,2024-10-24 20:58:02
2613,50,37,20,,,126.82292478014797,37.21122297290061,126.82069037230026,37.19791815010796,2024-10-24 20:58:15
2614,56,33,20,,,126.83462951459498,37.204843051340404,126.82844488458005,37.200285746314144,2024-10-24 20:58:32
2615,33,70,20,,,126.8295877980377,37.2004342362129,126.83724205728616,37.20859553870833,2024-10-24 20:58:39
2616,19,10,20,,,126.82880660756857,37.19507436378781,126.81757626257684,37.209108893519996,2024-10-24 20:59:11
2617,34,50,20,,,126.82151982715025,37.2040464817978,126.82172019442478,37.21173743365791,2024-10-24 20:59:24
2618,56,33,21,,,126.8350724233792,37.20486588049804,126.82971472997943,37.20148344351656,2024-10-24 21:01:05
2619,58,19,21,,,126.83509962604703,37.20917371728911,126.8289788338141,37.194912728544196,2024-10-24 21:01:25
2620,56,41,21,,,126.8355752256377,37.2056319051477,126.83372650380352,37.198162479868124,2024-10-24 21:01:47
2621,44,8,21,,,126.82121613058827,37.189858335758124,126.82517179849908,37.207206830297665,2024-10-24 21:02:32
2622,17,54,21,,,126.82658630551538,37.19697296485916,126.83358003138014,37.21078067442979,2024-10-24 21:02:52
2623,69,30,21,,,126.83754750743624,37.207515398542256,126.83090259849627,37.1993435467969,2024-10-24 21:03:55
2624,69,30,21,,,126.83693693690347,37.20763004330286,126.83189303691239,37.19905084622757,2024-10-24 21:04:24
2625,56,33,21,,,126.83408981414298,37.20504015851746,126.83006813947867,37.200861721629096,2024-10-24 21:05:11
2626,63,66,21,,,126.83592588643685,37.21223645225872,126.83732127130119,37.20392284923701,2024-10-24 21:06:35
2627,56,41,21,,,126.83411598176122,37.20648543594448,126.83486494649868,37.19810810519591,2024-10-24 21:09:04
2628,70,33,21,,,126.83724914147817,37.2105119424869,126.82939106477859,37.200570006311054,2024-10-24 21:09:06
2629,7,2,21,,,126.82768430615472,37.208784040821236,126.82244878244975,37.20645853998875,2024-10-24 21:11:29
2630,54,33,21,,,126.83338518114381,37.21088291418544,126.82954707883123,37.20033330939784,2024-10-24 21:11:44
2631,11,58,21,,,126.81350305716529,37.20830281193377,126.83605254834296,37.208922173215754,2024-10-24 21:15:20
2632,56,41,21,,,126.83553178035633,37.205523631096504,126.83382938659659,37.196486708673326,2024-10-24 21:15:25
2633,58,69,21,,,126.834847227813,37.20809896404829,126.83686324014562,37.20763989746605,2024-10-24 21:16:01
2634,53,67,21,,,126.83032985707382,37.20585016324962,126.83508260878894,37.2024762491004,2024-10-24 21:16:58
2635,17,54,21,,,126.82696746330086,37.195977571149164,126.83279322994521,37.210610532670955,2024-10-24 21:18:08
2636,64,15,21,,,126.84316914424555,37.20246309360065,126.81648335494309,37.20597860604599,2024-10-24 21:21:24
2637,47,28,21,,,126.82836677478849,37.21004474433509,126.82999646017818,37.20408511091375,2024-10-24 21:22:27
2638,40,65,21,,,126.83120723301656,37.19359407484329,126.83518691267271,37.19993305555764,2024-10-24 21:23:42
2639,69,30,21,,,126.83803199212977,37.205854540799336,126.83266974708359,37.19907043602131,2024-10-24 21:24:11
2640,58,33,21,,,126.83466019415012,37.20906550677298,126.83011437909707,37.200406239868144,2024-10-24 21:24:50
2641,56,33,21,,,126.83420026059613,37.206347336913005,126.8290218726805,37.200346110764606,2024-10-24 21:27:37
2642,15,15,21,,,126.81706278917979,37.20636630543152,126.81634707649447,37.207253291682896,2024-10-24 21:29:31
2643,56,41,21,,,126.83440053689395,37.20629518736056,126.83522115488863,37.19650597890945,2024-10-24 21:30:12
2644,54,5,21,,,126.83315329796535,37.210490048316366,126.8276393856188,37.205722655023486,2024-10-24 21:37:21
2645,56,33,21,,,126.83502857223054,37.2052353266798,126.82955121533632,37.200021599070666,2024-10-24 21:38:15
2646,58,19,21,,,126.83450519555585,37.207843132819676,126.82866542278805,37.19507197153431,2024-10-24 21:38:46
2647,67,4,21,,,126.83460487767472,37.20350045111334,126.82233773466997,37.20856079297837,2024-10-24 21:39:12
2648,58,33,21,,,126.83609134163544,37.20923586288421,126.82972776523442,37.201159368425,2024-10-24 21:39:17
2649,17,54,21,,,126.82733907865017,37.195959467372596,126.83283213254182,37.20967070312582,2024-10-24 21:39:17
2650,53,70,21,,,126.83034971951871,37.20582324569254,126.83836035100784,37.20895829133528,2024-10-24 21:43:20
2651,17,54,21,,,126.82737179266829,37.19744223273625,126.83187415038972,37.209359661214165,2024-10-24 21:45:31
2652,46,4,21,,,126.82964276048673,37.2127443375693,126.82241665136135,37.20804652645058,2024-10-24 21:45:40
2653,67,3,21,,,126.83479254558402,37.203117156216905,126.824770984078,37.21073624880591,2024-10-24 21:47:55
2654,32,40,21,,,126.83184288442281,37.20255408393521,126.83181536240149,37.19308738809517,2024-10-24 21:48:25
2655,54,33,21,,,126.83248401895493,37.209374339463324,126.82959322338597,37.2009093823164,2024-10-24 21:49:17
2656,16,36,21,,,126.8243069274885,37.19333857845624,126.823602693185,37.19878486319379,2024-10-24 21:49:25
2657,70,33,21,,,126.83801421023017,37.20859468324552,126.82984300376903,37.200527442923224,2024-10-24 21:49:40
2658,54,33,21,,,126.83360369567774,37.210803785850565,126.8289259437091,37.20029885115514,2024-10-24 21:50:30
2659,56,32,21,,,126.83443809049206,37.205408312061365,126.83170041357904,37.20216129689417,2024-10-24 21:51:38
2660,56,41,21,,,126.83504894327172,37.20523074381064,126.83523467810892,37.19636037848111,2024-10-24 21:54:30
2661,56,33,21,,,126.83463165614232,37.205518457491536,126.82865135976176,37.19998421760883,2024-10-24 21:55:00
2662,17,54,21,,,126.82657718768344,37.19674073775925,126.83253942249078,37.209636250765406,2024-10-24 21:55:01
2663,17,54,21,,,126.82661887511276,37.196900880406474,126.8330070024921,37.210934261417684,2024-10-24 21:57:10
2664,47,29,21,,,126.82724261326798,37.21162902522772,126.8265582428802,37.20276654096011,2024-10-24 21:57:59
2665,62,45,21,,,126.83844810149175,37.21301027939259,126.82522222233766,37.21317275011816,2024-10-24 21:58:42
2666,11,58,21,,,126.81506463382753,37.207982232079196,126.83580649770356,37.208788475823575,2024-10-24 21:59:03
2667,42,70,22,,,126.83160912579079,37.197042592667955,126.83758824023931,37.20854885135084,2024-10-24 22:00:07
2668,10,17,22,,,126.81611611895549,37.210280039384415,126.82658051479423,37.19727857288213,2024-10-24 22:00:27
2669,46,46,22,,,126.83034683872886,37.21252825129908,126.82934945987877,37.21167784699115,2024-10-24 22:01:53
2670,27,43,22,,,126.8264366533115,37.19877338159099,126.82364441625054,37.19046029136127,2024-10-24 22:06:04
2671,33,56,22,,,126.82911712888695,37.20003491562543,126.83588000175419,37.20509619970239,2024-10-24 22:06:11
2672,33,56,22,,,126.82866909527856,37.20028817363163,126.83441275797627,37.205503641072994,2024-10-24 22:06:32
2673,58,33,22,,,126.83502329236319,37.20908737755025,126.83018485946776,37.200909948091756,2024-10-24 22:10:09
2674,54,58,22,,,126.83291363321848,37.209570438684985,126.83456982718376,37.20782222801227,2024-10-24 22:11:46
2675,56,17,22,,,126.83532146484019,37.20642579282573,126.82576060346906,37.197528984130535,2024-10-24 22:12:04
2676,70,33,22,,,126.83881341701041,37.209746536038644,126.8301899099022,37.201505781144434,2024-10-24 22:13:11
2677,54,59,22,,,126.83303825059264,37.20938740605663,126.83219598417143,37.206687119930955,2024-10-24 22:23:34
2678,63,58,22,,,126.83553766187285,37.21164049431289,126.83433252260835,37.20779342522051,2024-10-24 22:23:49
2679,1,15,22,,,126.81619549078474,37.19736574975619,126.8164155865503,37.20688560065503,2024-10-24 22:27:47
2680,42,70,22,,,126.83166514062732,37.19523719493387,126.8370097138447,37.209904949466974,2024-10-24 22:41:22
2681,36,2,22,,,126.82384848882732,37.19766746914629,126.82144739903683,37.20505768453747,2024-10-24 22:43:12
2682,1,8,22,,,126.81558139425628,37.19768660575465,126.82463244681992,37.20754742629004,2024-10-24 22:46:03
2683,10,36,22,,,126.81796974101785,37.20872750026885,126.8249242142103,37.19905180075141,2024-10-24 22:50:00
2684,10,17,22,,,126.81723787803269,37.21029297003783,126.8268663801315,37.19682918420011,2024-10-24 22:52:52
2685,58,33,22,,,126.8357474891385,37.20934006262477,126.82889713526446,37.200289113560814,2024-10-24 22:54:10
2686,28,25,22,,,126.82993117555374,37.20329646879567,126.82072367161608,37.19388536170501,2024-10-24 22:54:56
2687,20,3,22,,,126.81596824321791,37.191809512427724,126.82407941139786,37.20975604473786,2024-10-24 22:57:03
