idx,o,d,hour,o_h3,d_h3,o_x,o_y,d_x,d_y,time
0,21,17,7,,,126.8185538926163,37.196540762011956,126.82613158098064,37.19599337569224,2024-10-24 07:00:02
1,65,20,7,,,126.8340572018392,37.19957724758498,126.81666723385692,37.19262091168715,2024-10-24 07:00:10
2,24,21,7,,,126.81912653604795,37.19062911971878,126.81772320264244,37.19733506573874,2024-10-24 07:00:38
3,21,17,7,,,126.81780578468621,37.196703439663544,126.82690737504547,37.19753921714186,2024-10-24 07:00:47
4,50,39,7,,,126.82182256697324,37.210686620376286,126.82109684437442,37.200622479378396,2024-10-24 07:01:10
5,4,19,7,,,126.82162093059874,37.20787244155167,126.82898867924447,37.19523886621525,2024-10-24 07:02:02
6,37,51,7,,,126.82065946803186,37.19832282717659,126.81899942943926,37.20946014916485,2024-10-24 07:02:07
7,23,50,7,,,126.8206518849662,37.19203188506273,126.82242493960337,37.21166785825376,2024-10-24 07:02:42
8,51,26,7,,,126.81980138268128,37.21136797899241,126.81760570321573,37.193922525363725,2024-10-24 07:03:06
9,26,51,7,,,126.81830341691825,37.19301737566606,126.81884032120605,37.211118864519456,2024-10-24 07:03:09
10,58,51,7,,,126.83485663818755,37.207833819684915,126.81994548223197,37.21093227543832,2024-10-24 07:03:42
11,23,18,7,,,126.82089782553827,37.1919514826237,126.82283556988784,37.19618494371129,2024-10-24 07:03:59
12,11,25,7,,,126.81378170780339,37.207348782083976,126.82019666489565,37.19418711862549,2024-10-24 07:04:44
13,26,38,7,,,126.81919468594225,37.194425439549846,126.82449562322805,37.20156602326116,2024-10-24 07:04:46
14,21,33,7,,,126.81813363572817,37.19637118508265,126.82939274124021,37.20063661186266,2024-10-24 07:04:50
15,55,50,7,,,126.83057180659232,37.208231792557676,126.82302785477494,37.211690601749815,2024-10-24 07:04:52
16,21,17,7,,,126.81854866212687,37.19551417974717,126.82692682377679,37.19590806527854,2024-10-24 07:05:22
17,53,57,7,,,126.8291100645663,37.20561101248399,126.83122877812572,37.20371225074013,2024-10-24 07:05:32
18,58,51,7,,,126.8347796270418,37.208087688916464,126.81950301486168,37.211359758583825,2024-10-24 07:06:00
19,6,14,7,,,126.82408059409072,37.20385309162426,126.81855792908914,37.20713304698855,2024-10-24 07:06:36
20,21,33,7,,,126.81957524613706,37.195444049502086,126.83025226589199,37.201337838034526,2024-10-24 07:06:41
21,21,33,7,,,126.81903310837713,37.19546409819119,126.8285328114419,37.201266967886085,2024-10-24 07:06:43
22,2,13,7,,,126.82271622251929,37.2062230277359,126.81640702516421,37.2028815700177,2024-10-24 07:06:59
23,21,17,7,,,126.81817357078315,37.19708390998271,126.82662355986915,37.19704753923133,2024-10-24 07:07:15
24,26,17,7,,,126.81911935701642,37.19267817829805,126.82649680002469,37.19757749738472,2024-10-24 07:07:38
25,37,70,7,,,126.82058827828747,37.19797918748351,126.83797610266416,37.209161607137936,2024-10-24 07:07:49
26,55,50,7,,,126.83028181890666,37.20920164123607,126.8230326364916,37.212317336565604,2024-10-24 07:07:50
27,26,2,7,,,126.81883797759778,37.19430711599191,126.8214953759268,37.205180524580605,2024-10-24 07:07:52
28,51,18,7,,,126.81932576063569,37.21086195779286,126.82462299446283,37.1961747547178,2024-10-24 07:08:14
29,26,38,7,,,126.81795378876625,37.19396719910393,126.82398563409276,37.20093828176569,2024-10-24 07:08:30
30,72,52,7,,,126.81182222800832,37.20718058437432,126.8314073859872,37.21829901335519,2024-10-24 07:08:37
31,37,51,7,,,126.82048952555935,37.19737072583305,126.81962473271456,37.21131490317464,2024-10-24 07:08:37
32,21,17,7,,,126.8177585000246,37.19636192543039,126.82562491770697,37.19586387299245,2024-10-24 07:09:26
33,34,56,7,,,126.82147420847039,37.202355908071425,126.83433663546234,37.204948529826105,2024-10-24 07:09:26
34,21,17,7,,,126.81789977927174,37.19609070054822,126.82725048760751,37.197676639736905,2024-10-24 07:10:26
35,14,22,7,,,126.81889004226484,37.20734436718835,126.8167661466009,37.19479609539877,2024-10-24 07:11:06
36,37,51,7,,,126.82209982990847,37.19810461503728,126.81976291200675,37.211380833085244,2024-10-24 07:11:16
37,26,17,7,,,126.8180175151657,37.19400081952141,126.82701008972415,37.197631272013695,2024-10-24 07:12:14
38,21,33,7,,,126.81847390829591,37.19572329065991,126.82887136366675,37.20050954614403,2024-10-24 07:13:04
39,38,41,7,,,126.82455007710739,37.20047170539696,126.83343960293782,37.19745044006998,2024-10-24 07:13:32
40,26,17,7,,,126.81868701105108,37.19389182395452,126.82652538648456,37.19647699751083,2024-10-24 07:14:20
41,26,2,7,,,126.81776033885447,37.19396291495218,126.82145983118714,37.20613810467883,2024-10-24 07:14:22
42,24,71,7,,,126.81739454030698,37.19072431806163,126.83919299626068,37.204686674201454,2024-10-24 07:14:33
43,51,58,7,,,126.81945542079998,37.21097077620961,126.83472778573427,37.209275663357374,2024-10-24 07:15:24
44,51,26,7,,,126.81929919992525,37.21014115126851,126.81760631014951,37.193943727549325,2024-10-24 07:15:31
45,14,14,7,,,126.81923128065337,37.208336972587624,126.82013924905658,37.20751082585885,2024-10-24 07:15:53
46,23,33,7,,,126.82169662738998,37.191600673144706,126.82947211149244,37.20080513368464,2024-10-24 07:16:03
47,48,60,7,,,126.83057453263129,37.21524482627077,126.83256894250282,37.21334558861999,2024-10-24 07:16:38
48,25,21,7,,,126.82035257460652,37.19434739687576,126.81898376105042,37.197010362752316,2024-10-24 07:16:40
49,51,37,7,,,126.82022355163834,37.20965629225463,126.82184222832683,37.19763623901365,2024-10-24 07:16:56
50,21,33,7,,,126.81772745097699,37.19709184475117,126.83002620716236,37.201281827353824,2024-10-24 07:17:03
51,26,38,7,,,126.81822525926073,37.19261646364533,126.82478187001492,37.2013595531384,2024-10-24 07:17:23
52,37,58,7,,,126.82059632495387,37.19795739990787,126.83562893077315,37.208673149589906,2024-10-24 07:17:29
53,23,51,7,,,126.8212458187371,37.191201640440916,126.81948623644126,37.20989676103544,2024-10-24 07:17:48
54,26,17,7,,,126.81823681525354,37.19285085453045,126.82652743317583,37.19718097513512,2024-10-24 07:17:52
55,21,17,7,,,126.81843354885483,37.19683690046634,126.8261296123337,37.19693670609149,2024-10-24 07:17:56
56,26,38,7,,,126.81854628673979,37.19260420497261,126.82474170463193,37.20101108666463,2024-10-24 07:18:07
57,56,50,7,,,126.83489632014681,37.20564386364718,126.82145909574066,37.21066139737898,2024-10-24 07:18:35
58,5,57,7,,,126.82799187531297,37.204526975714515,126.83140891836727,37.20423531009256,2024-10-24 07:18:58
59,26,38,7,,,126.81837195558087,37.193229982836066,126.82485617060206,37.20167874867799,2024-10-24 07:19:03
60,55,50,7,,,126.82989461211267,37.209518491594835,126.82322719626127,37.21187528351532,2024-10-24 07:19:18
61,26,50,7,,,126.81861902594135,37.19355859459773,126.82301622110137,37.211170890186,2024-10-24 07:19:22
62,58,51,7,,,126.83493398397887,37.20878382167611,126.81876805900832,37.210940388674324,2024-10-24 07:19:40
63,56,10,7,,,126.83484612564867,37.2055212261903,126.81681519415115,37.20894644472082,2024-10-24 07:19:42
64,38,37,7,,,126.82498490057762,37.201471305898096,126.82214368786421,37.19717421763001,2024-10-24 07:21:17
65,33,60,7,,,126.83009712522905,37.201565862081246,126.83333469718559,37.21323451632462,2024-10-24 07:21:39
66,71,70,7,,,126.8404658693946,37.20547806683466,126.83759089070412,37.21016234710387,2024-10-24 07:21:43
67,58,51,7,,,126.83584854565804,37.20879892162117,126.82008201209565,37.21007899645737,2024-10-24 07:21:55
68,48,48,7,,,126.83109629537971,37.21544730002715,126.83119809570994,37.21391719950323,2024-10-24 07:22:00
69,37,51,7,,,126.82202002663914,37.19709860480731,126.82059707298741,37.209975902361485,2024-10-24 07:22:18
70,26,38,7,,,126.81758382773351,37.19440616485855,126.82352598390787,37.20226051366331,2024-10-24 07:22:36
71,21,33,7,,,126.81868452424509,37.195384941363045,126.82832865505539,37.200842663093184,2024-10-24 07:23:04
72,50,18,7,,,126.82257168418818,37.21105983065125,126.82383282139787,37.196449207281034,2024-10-24 07:23:14
73,37,51,7,,,126.82039798340804,37.1968720480426,126.81877518102277,37.211333960335764,2024-10-24 07:23:53
74,26,17,7,,,126.8189453888396,37.19432565355539,126.82720346871933,37.1974910454056,2024-10-24 07:24:53
75,21,33,7,,,126.81861183288231,37.19621907301086,126.82876366805148,37.1999077912561,2024-10-24 07:25:29
76,26,39,7,,,126.81915875532128,37.19388232646845,126.8210863320633,37.20046993489971,2024-10-24 07:25:52
77,26,17,7,,,126.81907033073249,37.194272024143714,126.82703879265748,37.19621450767669,2024-10-24 07:26:06
78,37,12,7,,,126.82216760734407,37.1981304996123,126.819742442917,37.204626704239736,2024-10-24 07:26:37
79,37,51,7,,,126.82158674618081,37.197607389262416,126.819551890287,37.209587284054535,2024-10-24 07:26:53
80,29,51,7,,,126.82716560200215,37.20188848644266,126.82019659370093,37.209430478766485,2024-10-24 07:27:16
81,21,50,7,,,126.81790595544304,37.197147758574054,126.82216021768748,37.21050482443188,2024-10-24 07:27:22
82,26,38,7,,,126.81846196918515,37.193922107406294,126.82449870714395,37.20070339262725,2024-10-24 07:27:28
83,21,33,7,,,126.81903483289916,37.19627692217911,126.83028260380016,37.20101251195895,2024-10-24 07:28:03
84,28,68,7,,,126.82968968724185,37.20425359423961,126.83959880301073,37.202609536257135,2024-10-24 07:28:17
85,34,60,7,,,126.82179336016652,37.202869445494734,126.83230981804206,37.2128407601473,2024-10-24 07:28:19
86,36,62,7,,,126.82448462538645,37.19828328597139,126.83708229577061,37.2132475076775,2024-10-24 07:28:40
87,37,51,7,,,126.82042455913266,37.196928146774724,126.81977350284353,37.20945815570431,2024-10-24 07:28:46
88,56,51,7,,,126.83511615699001,37.20611198713952,126.81915251357913,37.20947111891498,2024-10-24 07:29:29
89,43,50,7,,,126.82354488034578,37.19098000928427,126.82279399145972,37.21215792829718,2024-10-24 07:29:35
90,46,19,7,,,126.8302541749103,37.21128044887507,126.82909801382671,37.19533574358518,2024-10-24 07:29:43
91,26,38,7,,,126.81837599034915,37.193740108284516,126.82432202436252,37.201090103307955,2024-10-24 07:29:47
92,55,50,7,,,126.82992637441787,37.20949125875022,126.82195558395149,37.21056579338594,2024-10-24 07:30:45
93,33,9,7,,,126.82924355985242,37.19993246107548,126.81422038286179,37.205504170681685,2024-10-24 07:31:09
94,7,51,7,,,126.8282476638366,37.208104012359044,126.81979874601024,37.21017645788463,2024-10-24 07:31:21
95,26,17,7,,,126.81899421699175,37.19322700742679,126.82585146654068,37.19751228631333,2024-10-24 07:31:25
96,16,71,7,,,126.8244765114748,37.19263260407101,126.8401693131201,37.20526865605123,2024-10-24 07:31:33
97,26,50,7,,,126.81927280823719,37.19411516137611,126.82269707566229,37.21197243656706,2024-10-24 07:32:18
98,51,26,7,,,126.81882535161792,37.20964756341166,126.81850718654276,37.19351118369848,2024-10-24 07:32:36
99,51,26,7,,,126.81906339208847,37.21030032672648,126.81923527142335,37.192630444012266,2024-10-24 07:32:40
100,62,71,7,,,126.8375306936693,37.213315872875526,126.83982258565905,37.20509118668529,2024-10-24 07:32:56
101,37,51,7,,,126.82093300575453,37.19648165335105,126.81950329808596,37.210777672900264,2024-10-24 07:33:09
102,26,4,7,,,126.81916946232225,37.193029933082045,126.82242417770657,37.20778664885927,2024-10-24 07:33:21
103,70,6,7,,,126.83771182798523,37.21027005048814,126.82405756255719,37.2041038156344,2024-10-24 07:33:25
104,50,10,7,,,126.82174305388662,37.212202419347804,126.81760584182648,37.208762502040095,2024-10-24 07:33:44
105,62,9,7,,,126.83762695497767,37.21322068973019,126.81393351296691,37.20585273016982,2024-10-24 07:34:01
106,34,10,7,,,126.82252184734644,37.20290772826912,126.81632849292791,37.20923008956389,2024-10-24 07:34:27
107,43,48,7,,,126.82229901443391,37.19035352065795,126.8304152367519,37.214583991188796,2024-10-24 07:34:32
108,23,33,7,,,126.82018508505747,37.190953344972556,126.82966469848463,37.200855853077265,2024-10-24 07:34:40
109,58,51,7,,,126.83413538160414,37.209108509008665,126.81961861743765,37.21115812409885,2024-10-24 07:35:07
110,50,23,7,,,126.82155060009622,37.21239663883073,126.82079059082922,37.19223327137028,2024-10-24 07:35:16
111,58,51,7,,,126.8359652250451,37.208761673580995,126.81986532399824,37.20978236742466,2024-10-24 07:35:25
112,21,19,7,,,126.81842295708064,37.197087738925205,126.82894478129616,37.19445842516804,2024-10-24 07:36:01
113,47,19,7,,,126.82745518294607,37.21139641883507,126.82905113835673,37.19568629795399,2024-10-24 07:36:44
114,37,33,7,,,126.82205636936193,37.19802334005304,126.82886014400094,37.200642241819466,2024-10-24 07:37:16
115,26,50,7,,,126.81796089412835,37.19419514091651,126.82295089182726,37.21092087904494,2024-10-24 07:37:24
116,50,60,7,,,126.82278508405668,37.21116209626957,126.83239895661544,37.21255104453304,2024-10-24 07:37:34
117,25,54,7,,,126.82136385837174,37.19420710020269,126.83194047065334,37.211071334501696,2024-10-24 07:37:51
118,42,55,7,,,126.83124529138763,37.196680663848184,126.82972769121228,37.208969272505115,2024-10-24 07:38:38
119,50,58,7,,,126.82248632008232,37.2112385545765,126.83612634239716,37.20814616939042,2024-10-24 07:39:42
120,23,19,7,,,126.82165220939719,37.19174669907629,126.82797994827806,37.19509708102769,2024-10-24 07:39:52
121,51,60,7,,,126.81930542523632,37.21139945165114,126.83311541108752,37.21325126632124,2024-10-24 07:40:10
122,21,17,7,,,126.81863490989043,37.197335115603515,126.82712717885074,37.19771179699683,2024-10-24 07:40:40
123,64,23,7,,,126.84327520924366,37.20326996014124,126.82036592994116,37.192521175910926,2024-10-24 07:40:55
124,26,50,7,,,126.81828312061032,37.19383710182531,126.82180677697428,37.21138483327378,2024-10-24 07:41:24
125,25,39,7,,,126.82165128082833,37.19557604931879,126.8218201587216,37.20029678645301,2024-10-24 07:41:45
126,21,17,7,,,126.81893764362724,37.19566283684648,126.82617515406963,37.19696245830306,2024-10-24 07:42:50
127,58,51,7,,,126.83607118994138,37.20908714449121,126.81951136093454,37.21035940992013,2024-10-24 07:43:20
128,2,10,7,,,126.8224149643834,37.20509229089739,126.81628925296987,37.208828046047344,2024-10-24 07:43:39
129,18,72,7,,,126.82325099967503,37.1956066962957,126.81176460341803,37.206669257089445,2024-10-24 07:43:53
130,14,25,7,,,126.81974098477968,37.206746810273266,126.82052670279211,37.19467662245235,2024-10-24 07:44:14
131,26,17,7,,,126.81800966813222,37.192913950154555,126.82733939765437,37.197498346125656,2024-10-24 07:45:03
132,72,31,7,,,126.8119459051525,37.20776078939546,126.8300198701469,37.19715449627903,2024-10-24 07:45:18
133,23,65,7,,,126.82072788428066,37.19208412361974,126.83533155871454,37.20086960628183,2024-10-24 07:45:51
134,58,51,7,,,126.83528557343845,37.20910149709264,126.81904504620356,37.210945607138555,2024-10-24 07:45:53
135,58,18,7,,,126.83528347768768,37.20913057182994,126.82472038417579,37.19659056514614,2024-10-24 07:46:01
136,18,50,7,,,126.82425786649722,37.19533755805936,126.82302297936032,37.21061238957027,2024-10-24 07:46:44
137,51,34,7,,,126.81899305991664,37.2095266072788,126.8213158089092,37.20317992594957,2024-10-24 07:46:51
138,26,38,7,,,126.8188370443855,37.19396655057619,126.82389729121908,37.20166096945013,2024-10-24 07:46:53
139,51,21,7,,,126.81912743402745,37.209789688815086,126.81902585120243,37.19631127001746,2024-10-24 07:47:06
140,32,17,7,,,126.83109966253996,37.20178242022266,126.82710229214098,37.196268036800916,2024-10-24 07:47:30
141,71,10,7,,,126.83982135533041,37.20446626761986,126.81683172730392,37.21005028829171,2024-10-24 07:47:36
142,58,51,7,,,126.83419081835413,37.20842807819603,126.82029329221423,37.21067943368422,2024-10-24 07:47:40
143,21,33,7,,,126.81803456476787,37.19660507875757,126.83003354417792,37.201476622890375,2024-10-24 07:48:19
144,59,4,7,,,126.83254932557861,37.206694533924896,126.82134202721451,37.20878955389005,2024-10-24 07:48:27
145,34,50,7,,,126.82125156809968,37.20262570305712,126.82245967861734,37.21113993281202,2024-10-24 07:48:42
146,4,44,7,,,126.82224549177316,37.2089848199475,126.82076834061336,37.18841882299943,2024-10-24 07:48:52
147,21,17,7,,,126.81810345930174,37.19709457872379,126.82576292320734,37.1967708124677,2024-10-24 07:49:17
148,21,33,7,,,126.8187187673869,37.1972139013242,126.829883512226,37.20061112491699,2024-10-24 07:49:22
149,21,33,7,,,126.81900257914587,37.19672260810723,126.8296576472967,37.200463767464356,2024-10-24 07:49:49
150,51,72,7,,,126.8202201389564,37.209617856279756,126.81117115940029,37.20742703213487,2024-10-24 07:50:31
151,26,50,7,,,126.81797398315841,37.192997427774955,126.82167408209679,37.21211363946433,2024-10-24 07:51:16
152,21,33,7,,,126.81790930342144,37.19704026431186,126.82874176797581,37.20063706511527,2024-10-24 07:51:26
153,50,34,7,,,126.82233156039386,37.21098116154742,126.8216044869847,37.203477931568344,2024-10-24 07:51:45
154,58,51,7,,,126.83466719194578,37.2075618781525,126.81927072303766,37.20968141558811,2024-10-24 07:51:52
155,51,26,7,,,126.81926066215424,37.21046866286843,126.81774137938599,37.19272874279408,2024-10-24 07:51:53
156,70,51,7,,,126.83772942243287,37.209626389424656,126.8190719694951,37.210062943830664,2024-10-24 07:52:04
157,37,3,7,,,126.82121470613225,37.19757498440478,126.82443763651133,37.21065157795122,2024-10-24 07:52:15
158,21,17,7,,,126.81889618284573,37.195594393866074,126.82573587336422,37.19766333760101,2024-10-24 07:52:16
159,34,50,7,,,126.82167733191966,37.20360959642607,126.82225911935883,37.210979005402805,2024-10-24 07:52:16
160,21,17,7,,,126.81779978554744,37.19662479644019,126.82631306685893,37.196639170742934,2024-10-24 07:52:28
161,31,46,7,,,126.8296470620837,37.19862121604964,126.83081890112877,37.211365857226525,2024-10-24 07:52:34
162,41,63,7,,,126.83460431840525,37.19679912064976,126.83594990365161,37.21188548613603,2024-10-24 07:52:44
163,23,10,7,,,126.82125025168611,37.191904658688884,126.81660359276381,37.208647855990286,2024-10-24 07:53:28
164,21,50,7,,,126.81814717965814,37.19691313155662,126.82284038480714,37.211893696682374,2024-10-24 07:53:31
165,55,50,7,,,126.83016612863825,37.20969501196874,126.82177501259982,37.212108325035736,2024-10-24 07:53:46
166,65,16,7,,,126.83413984062588,37.200720394378365,126.82303181009966,37.193449127999024,2024-10-24 07:53:55
167,18,51,7,,,126.82325672109398,37.19531989868664,126.82058048417636,37.20984135481738,2024-10-24 07:54:57
168,21,33,7,,,126.81776533279323,37.19615699276601,126.8290228685106,37.20098374836339,2024-10-24 07:55:07
169,4,69,7,,,126.82267322354622,37.20942365171353,126.83743948333785,37.2060430339132,2024-10-24 07:55:15
170,9,19,7,,,126.81487343577692,37.205699186508966,126.8282507662991,37.19475809880949,2024-10-24 07:56:37
171,26,10,7,,,126.81736023560799,37.19308105102585,126.81728440386742,37.20988050078577,2024-10-24 07:56:37
172,21,17,7,,,126.81805558582091,37.19695642245263,126.82654033333365,37.19625138342649,2024-10-24 07:56:46
173,26,17,7,,,126.81845819442331,37.19326612254692,126.82548927716262,37.19662921366736,2024-10-24 07:56:58
174,61,14,7,,,126.83304332587106,37.216650848897146,126.82013531455084,37.20683893755229,2024-10-24 07:57:26
175,34,17,7,,,126.82122652098245,37.20300359562905,126.82668094231983,37.196264119716616,2024-10-24 07:58:48
176,26,17,7,,,126.81784947871205,37.193997805655556,126.82680817582256,37.19608803592756,2024-10-24 07:58:59
177,26,17,7,,,126.81895291828963,37.192852694112105,126.82623020826698,37.19612374498224,2024-10-24 07:59:01
178,37,51,7,,,126.82036131593411,37.19734700059926,126.81911798531611,37.210177596858586,2024-10-24 07:59:10
179,51,26,7,,,126.81889984004127,37.21092497348179,126.81792182288409,37.19255222138465,2024-10-24 07:59:17
180,26,17,7,,,126.81859446725012,37.19334044535756,126.82726538147766,37.19607874691826,2024-10-24 07:59:42
181,18,58,7,,,126.82314649243014,37.19612482113197,126.83590244577702,37.20845711712111,2024-10-24 07:59:49
182,71,50,8,,,126.83977451781368,37.20451176283316,126.8227149464019,37.21097311883002,2024-10-24 08:00:46
183,26,37,8,,,126.81750886945358,37.19344719907861,126.82111931523974,37.197049724972516,2024-10-24 08:01:16
184,21,50,8,,,126.81853464502224,37.195464523658025,126.82275156916442,37.2113037481842,2024-10-24 08:02:07
185,50,37,8,,,126.82185136493314,37.21075297372378,126.82098504783222,37.19771392946256,2024-10-24 08:02:22
186,70,51,8,,,126.8376127223477,37.21053387290492,126.82056788223724,37.21041015692485,2024-10-24 08:02:28
187,70,50,8,,,126.8371688627501,37.21036598875008,126.82173095158738,37.2122650036215,2024-10-24 08:02:32
188,21,18,8,,,126.8185619304382,37.195951602011746,126.8244957579591,37.19488337658777,2024-10-24 08:02:32
189,44,70,8,,,126.82136139001685,37.189560160181806,126.83743888496501,37.209170720938836,2024-10-24 08:02:59
190,59,19,8,,,126.83258821085236,37.20717894083932,126.82897263497185,37.194424139360926,2024-10-24 08:03:05
191,15,56,8,,,126.81727701367316,37.207344191103225,126.83571459954501,37.206308597092296,2024-10-24 08:03:20
192,21,37,8,,,126.81806381899457,37.19691646202394,126.82138990261895,37.196675451481774,2024-10-24 08:03:27
193,23,50,8,,,126.82132230689378,37.19110428184888,126.82154253722736,37.21060003866004,2024-10-24 08:03:35
194,30,20,8,,,126.8313491988946,37.19866840396753,126.81662416625554,37.192736369181475,2024-10-24 08:03:53
195,21,18,8,,,126.81795629832456,37.196139152128524,126.82441730571897,37.1949333120287,2024-10-24 08:04:08
196,34,37,8,,,126.82182406431036,37.202713628265634,126.82076473823707,37.1971967321206,2024-10-24 08:04:29
197,21,37,8,,,126.81868509677716,37.197002508517464,126.82188685262938,37.19759636987832,2024-10-24 08:04:41
198,56,58,8,,,126.83422489060214,37.206020146436295,126.8350619637848,37.208289898094556,2024-10-24 08:04:58
199,59,21,8,,,126.83234835632588,37.207150475247246,126.81922730383616,37.19644258702207,2024-10-24 08:05:01
200,51,51,8,,,126.8193287200886,37.209670042694725,126.81962633114694,37.20956771916974,2024-10-24 08:05:02
201,50,37,8,,,126.82219179463532,37.21184288145297,126.82176054263566,37.19744977575009,2024-10-24 08:05:07
202,55,42,8,,,126.83025666364261,37.20861372709661,126.83080122444727,37.196217075986425,2024-10-24 08:05:23
203,31,28,8,,,126.82910435690484,37.19808030241545,126.82964697818572,37.203406743739365,2024-10-24 08:06:09
204,58,26,8,,,126.83602384925464,37.20755986518573,126.81818941371648,37.19425601827863,2024-10-24 08:06:36
205,7,18,8,,,126.8277092139673,37.20855229556213,126.82305396891549,37.19489000707117,2024-10-24 08:06:43
206,21,18,8,,,126.81880798562834,37.19701025900962,126.8232807196222,37.19656709872195,2024-10-24 08:06:45
207,21,18,8,,,126.81831135111723,37.19730472827968,126.82401089296154,37.196492385015375,2024-10-24 08:06:46
208,65,48,8,,,126.83373502420805,37.20037395359158,126.83139065476558,37.21567291124156,2024-10-24 08:06:51
209,33,63,8,,,126.82998902773392,37.20128771648701,126.83452610748246,37.21223920137093,2024-10-24 08:07:03
210,58,18,8,,,126.83506602460332,37.20809688637493,126.82321707710709,37.19522393593943,2024-10-24 08:07:14
211,71,17,8,,,126.83972549785994,37.20584556622356,126.82668824426531,37.19667833839791,2024-10-24 08:07:19
212,21,38,8,,,126.81762824149982,37.19666498812823,126.82474881760399,37.20034943309573,2024-10-24 08:07:30
213,39,53,8,,,126.82157645980458,37.1993275764444,126.82911261572374,37.206923916028344,2024-10-24 08:09:06
214,41,63,8,,,126.83478818112633,37.19632215635284,126.83494433436076,37.21118978936364,2024-10-24 08:09:12
215,21,18,8,,,126.81831870423122,37.19612016450533,126.82411420732531,37.19658775412735,2024-10-24 08:09:15
216,17,71,8,,,126.82721242685442,37.19702613644897,126.83967327940046,37.205281337749305,2024-10-24 08:09:20
217,60,33,8,,,126.83312228550517,37.212665143374366,126.83029550485254,37.199990786956114,2024-10-24 08:09:32
218,71,39,8,,,126.84092706440656,37.20494356472851,126.82125158109552,37.19925256530888,2024-10-24 08:09:35
219,60,33,8,,,126.83238054238332,37.21365253426135,126.8297153151997,37.20081092340717,2024-10-24 08:10:05
220,21,58,8,,,126.81812671319936,37.195474237309675,126.83522979233734,37.208724808050725,2024-10-24 08:10:07
221,28,43,8,,,126.8294761876101,37.203360846054196,126.82386636949188,37.19032120438989,2024-10-24 08:10:18
222,69,24,8,,,126.83846431873873,37.20653753018354,126.81808452420712,37.191469347916566,2024-10-24 08:10:46
223,50,37,8,,,126.82166493310902,37.21240609246774,126.82182337060662,37.1976387495178,2024-10-24 08:10:55
224,37,50,8,,,126.82034813152305,37.19786596970677,126.82281854551988,37.21122911250344,2024-10-24 08:11:18
225,25,65,8,,,126.82110224563755,37.19386671410181,126.83457753727501,37.19947179105057,2024-10-24 08:11:59
226,10,11,8,,,126.81616811381414,37.20867822963787,126.81456533198916,37.208998812513954,2024-10-24 08:12:17
227,51,72,8,,,126.81895273066328,37.210954952404926,126.81237829040454,37.207181729646955,2024-10-24 08:12:25
228,33,4,8,,,126.82926553143331,37.20030883639012,126.82127935621216,37.207986773225336,2024-10-24 08:12:51
229,58,34,8,,,126.83512961055337,37.2089848973524,126.82170565730232,37.203083696433865,2024-10-24 08:12:57
230,60,33,8,,,126.83252353422992,37.21204708641411,126.82969527389926,37.1999686453806,2024-10-24 08:13:01
231,47,43,8,,,126.82824971246374,37.210419357725435,126.82358517286869,37.189154042218334,2024-10-24 08:13:02
232,71,33,8,,,126.83971678182621,37.20560628428801,126.82961084405484,37.20112802133198,2024-10-24 08:13:09
233,12,57,8,,,126.81995408249637,37.20578740880548,126.83198615527583,37.203775427537174,2024-10-24 08:13:35
234,70,33,8,,,126.83739322327428,37.210051351417555,126.82843259854991,37.20023661354697,2024-10-24 08:13:36
235,51,26,8,,,126.82040031732845,37.20966466397402,126.8191505022914,37.19343177594839,2024-10-24 08:13:39
236,23,37,8,,,126.82051366312396,37.19248767173834,126.8204905172942,37.197536134663366,2024-10-24 08:15:18
237,65,12,8,,,126.83356507235334,37.20028745876524,126.81968212769154,37.20461526440658,2024-10-24 08:15:24
238,21,37,8,,,126.81787178956013,37.1959999919499,126.8202664177701,37.19822466578242,2024-10-24 08:15:54
239,26,60,8,,,126.81786508067383,37.19273329963346,126.83220188884104,37.21235620972398,2024-10-24 08:16:07
240,38,35,8,,,126.82326434716876,37.20092201483044,126.81961161308948,37.20181300949168,2024-10-24 08:16:13
241,21,39,8,,,126.81760824336726,37.196520578687135,126.82073794940159,37.199769640084455,2024-10-24 08:16:14
242,37,50,8,,,126.82187799440932,37.19704253950428,126.82304960095775,37.21143854488524,2024-10-24 08:16:19
243,10,26,8,,,126.81717649137413,37.20933359684447,126.81862895349182,37.19299206746649,2024-10-24 08:16:26
244,58,50,8,,,126.83483886964696,37.20788894344718,126.82236916257935,37.21060159448443,2024-10-24 08:16:26
245,48,8,8,,,126.83017087169056,37.2139928237236,126.82510315236625,37.20772956663329,2024-10-24 08:18:39
246,23,38,8,,,126.82142787787782,37.19194132205073,126.82511794147977,37.20201002276392,2024-10-24 08:19:01
247,62,48,8,,,126.83749296593312,37.212471556911936,126.83003006247247,37.21568969496229,2024-10-24 08:19:02
248,37,51,8,,,126.82058137133562,37.1965913539619,126.81972137022355,37.210318027570956,2024-10-24 08:19:27
249,63,2,8,,,126.83573792904153,37.21168423208241,126.82189147023028,37.20584763492008,2024-10-24 08:19:43
250,11,51,8,,,126.814174529129,37.208535010721384,126.82038527259797,37.20991958557902,2024-10-24 08:20:25
251,8,17,8,,,126.82370851889257,37.207757441723366,126.8259923549982,37.197361927171926,2024-10-24 08:20:26
252,56,38,8,,,126.83551810601655,37.2056088089293,126.82376371601838,37.20168969412366,2024-10-24 08:20:37
253,55,50,8,,,126.82917340627361,37.209341373035265,126.82256299106294,37.21178248852977,2024-10-24 08:20:40
254,58,42,8,,,126.83431317765933,37.20845339514822,126.8314653451414,37.19590187752369,2024-10-24 08:21:03
255,23,50,8,,,126.820515481977,37.192636197084134,126.82166587715298,37.2108633247916,2024-10-24 08:21:05
256,23,50,8,,,126.82136710637545,37.19223631397756,126.82154928825226,37.211635700788406,2024-10-24 08:21:16
257,23,34,8,,,126.8209692721723,37.19149641441346,126.8220216104915,37.202479724366746,2024-10-24 08:21:19
258,26,42,8,,,126.81924837284848,37.19287143693906,126.83193010393919,37.19603558695925,2024-10-24 08:22:10
259,22,34,8,,,126.81608762113588,37.19502394855231,126.8217192400345,37.2026440422473,2024-10-24 08:22:11
260,18,35,8,,,126.82307251948292,37.196183954320404,126.81910263039016,37.20123767799967,2024-10-24 08:22:18
261,50,37,8,,,126.82199236588448,37.21182235211809,126.8211129788129,37.197628846966616,2024-10-24 08:22:23
262,60,17,8,,,126.8329348146837,37.213617143389484,126.82719188283043,37.196067521570754,2024-10-24 08:22:44
263,5,39,8,,,126.82687241581633,37.205462535515935,126.82114156349213,37.19939953570896,2024-10-24 08:23:06
264,56,60,8,,,126.83453389470661,37.20585623981859,126.83336454877265,37.213445937449315,2024-10-24 08:23:13
265,64,51,8,,,126.84282850083446,37.204101497621835,126.81912263836384,37.21091406612965,2024-10-24 08:23:38
266,37,51,8,,,126.82109054047878,37.19828454756541,126.81944258772305,37.21021229706115,2024-10-24 08:23:51
267,13,52,8,,,126.8175485656121,37.203857316212805,126.83161489420826,37.21715007423623,2024-10-24 08:24:30
268,51,37,8,,,126.81893738965785,37.21043690062056,126.82053850041122,37.19682556445351,2024-10-24 08:24:40
269,26,47,8,,,126.81904211294945,37.1927039503405,126.82770317797942,37.21033376888398,2024-10-24 08:24:42
270,18,41,8,,,126.824548213291,37.19575069733793,126.83374974049605,37.19785690051791,2024-10-24 08:24:58
271,71,56,8,,,126.83949367083443,37.205217907427816,126.8342151008375,37.204910056857344,2024-10-24 08:25:05
272,37,50,8,,,126.82140158545387,37.19778021736129,126.82291825127625,37.21138170848219,2024-10-24 08:25:06
273,37,51,8,,,126.82046592613064,37.197532685202006,126.82039699684385,37.211111173683676,2024-10-24 08:25:20
274,39,21,8,,,126.82051691677638,37.199746205589946,126.81826628618657,37.19691991287559,2024-10-24 08:25:29
275,9,70,8,,,126.81359092714541,37.20530328048569,126.83818233394184,37.20936363279669,2024-10-24 08:25:35
276,34,50,8,,,126.82136509099404,37.203341233282124,126.82278503591661,37.21075610120338,2024-10-24 08:25:42
277,37,50,8,,,126.82062243860148,37.1967321092338,126.82262885513221,37.2118862049569,2024-10-24 08:25:43
278,37,51,8,,,126.82101057201398,37.19841265441364,126.82055631655719,37.20947576422127,2024-10-24 08:26:21
279,50,11,8,,,126.82175300860747,37.21117858693199,126.81406060510601,37.20864127029889,2024-10-24 08:26:23
280,46,17,8,,,126.83029674281173,37.21290642035749,126.82691220128392,37.19627626777201,2024-10-24 08:27:11
281,26,37,8,,,126.8181885321495,37.19394668850104,126.82030245978518,37.196653950456486,2024-10-24 08:27:36
282,60,33,8,,,126.83311910538282,37.213012850688315,126.83001102736712,37.2006089937921,2024-10-24 08:28:00
283,23,17,8,,,126.82072043294133,37.19147098527974,126.82559579112483,37.19660161954212,2024-10-24 08:28:14
284,21,42,8,,,126.8190680117503,37.19639504389623,126.83210691793565,37.19606788508631,2024-10-24 08:28:44
285,23,32,8,,,126.82032321472849,37.19141816918435,126.83237286784062,37.202653689757014,2024-10-24 08:29:08
286,71,38,8,,,126.83922888917225,37.20501921784945,126.82353841067761,37.20165822414809,2024-10-24 08:29:11
287,22,64,8,,,126.81629639626257,37.19446049667803,126.84281839006312,37.20395906383265,2024-10-24 08:29:22
288,58,61,8,,,126.83466202526883,37.20772652449011,126.83292693822693,37.215556544419734,2024-10-24 08:29:25
289,4,30,8,,,126.82297649216734,37.20788447446743,126.83106335566133,37.19796162396438,2024-10-24 08:30:03
290,18,17,8,,,126.82345096180809,37.19475572165302,126.82722487507091,37.196032463854436,2024-10-24 08:30:05
291,23,50,8,,,126.8207847585453,37.19211699942769,126.82192570786103,37.211384602048575,2024-10-24 08:30:14
292,50,50,8,,,126.82252721772896,37.21202668261877,126.82217544226421,37.21155943343825,2024-10-24 08:30:18
293,37,50,8,,,126.82176552899736,37.19764479455541,126.82184738006097,37.21206811439404,2024-10-24 08:30:19
294,51,30,8,,,126.8203156911844,37.21141391393825,126.83274819414868,37.19986605124128,2024-10-24 08:30:23
295,51,17,8,,,126.81991841911321,37.20984852998106,126.8274028771333,37.19715760152368,2024-10-24 08:30:27
296,71,40,8,,,126.84096348327786,37.20549616983509,126.83177250790662,37.19290378957478,2024-10-24 08:30:29
297,21,18,8,,,126.81907470440731,37.19608004416027,126.82348329034058,37.195213315407024,2024-10-24 08:31:02
298,21,33,8,,,126.8180008928311,37.19552621969067,126.83025646000155,37.20094476870142,2024-10-24 08:31:02
299,38,50,8,,,126.82484222371673,37.20044532674329,126.82245148174093,37.21150017211965,2024-10-24 08:31:12
300,10,72,8,,,126.81602897197573,37.20884891575605,126.8124442859969,37.20778526822801,2024-10-24 08:31:22
301,21,18,8,,,126.8181810615493,37.19716164811989,126.82300079336704,37.19550558430212,2024-10-24 08:31:41
302,71,51,8,,,126.83986624685849,37.204602269215535,126.82048490148732,37.210424430072685,2024-10-24 08:31:46
303,23,33,8,,,126.82147697891247,37.190927388658345,126.82850740224255,37.19985224306777,2024-10-24 08:32:22
304,60,33,8,,,126.83315419974532,37.21235023580259,126.82999660762734,37.200905254475366,2024-10-24 08:32:47
305,60,33,8,,,126.83249573039251,37.213426691291964,126.82905098899715,37.20129728053085,2024-10-24 08:33:26
306,21,51,8,,,126.81846380585897,37.19676767547283,126.81933888838718,37.21121792266045,2024-10-24 08:33:28
307,39,17,8,,,126.82126533977929,37.200347208972644,126.82667696102921,37.196709910397914,2024-10-24 08:34:39
308,35,20,8,,,126.81874901021015,37.20169701459687,126.81509781451288,37.19180756208807,2024-10-24 08:34:42
309,21,50,8,,,126.81848069204005,37.19653020487877,126.82260958784487,37.210943613188014,2024-10-24 08:35:02
310,51,55,8,,,126.82045058505099,37.21010841869161,126.83026613731857,37.20967304233633,2024-10-24 08:35:19
311,51,10,8,,,126.8198180101692,37.21019336389029,126.8165307566551,37.20886181569291,2024-10-24 08:35:20
312,34,21,8,,,126.82143593380489,37.20327385756804,126.81835151431929,37.197178746421265,2024-10-24 08:35:41
313,38,62,8,,,126.82330420692134,37.20226902142317,126.8380578872503,37.212407502500966,2024-10-24 08:35:44
314,26,50,8,,,126.81909419306221,37.192684984752866,126.82182251829009,37.2119921233281,2024-10-24 08:35:46
315,71,32,8,,,126.84093253463604,37.204976481372206,126.83193526730768,37.20244862419893,2024-10-24 08:35:47
316,37,39,8,,,126.82093427541106,37.196499098695874,126.82074653039702,37.2007715202767,2024-10-24 08:35:56
317,60,53,8,,,126.83260472324032,37.212693865714456,126.83020428659229,37.20684087786553,2024-10-24 08:36:23
318,21,18,8,,,126.81906121922977,37.19618112634986,126.8235510083969,37.19499803839535,2024-10-24 08:36:52
319,38,23,8,,,126.82438660847374,37.20220016433995,126.8213657804008,37.191639631559966,2024-10-24 08:37:27
320,51,43,8,,,126.82046315764136,37.209678931589636,126.82307003009512,37.18918993036038,2024-10-24 08:37:39
321,21,18,8,,,126.81915804513741,37.19607442294184,126.82379438395857,37.19471682990073,2024-10-24 08:38:02
322,64,35,8,,,126.84310736744536,37.2041208791076,126.81826756308367,37.20152027347768,2024-10-24 08:38:15
323,21,18,8,,,126.81879684559196,37.19599888540667,126.82399204718679,37.195984297351806,2024-10-24 08:38:19
324,23,33,8,,,126.82005789770623,37.19145241400491,126.82964495441743,37.20037297902363,2024-10-24 08:38:20
325,50,39,8,,,126.82168625049908,37.21056528432314,126.82122636132927,37.200138750205234,2024-10-24 08:38:43
326,55,53,8,,,126.83030401520661,37.20842090501241,126.82997271528536,37.2067381638341,2024-10-24 08:39:38
327,34,50,8,,,126.82254163079564,37.203381470967415,126.82269148360837,37.21112097715028,2024-10-24 08:39:46
328,28,70,8,,,126.82955301921362,37.20259366466193,126.83772256092655,37.20916034499995,2024-10-24 08:40:22
329,23,51,8,,,126.821147700253,37.1917663875488,126.81948519153987,37.20951022385542,2024-10-24 08:40:29
330,23,56,8,,,126.82022228138423,37.19090268595911,126.83544342876273,37.2065335674674,2024-10-24 08:40:54
331,50,34,8,,,126.82174028714418,37.212490710004865,126.82091333370109,37.20264177959341,2024-10-24 08:41:07
332,60,11,8,,,126.83289630507018,37.21302745671154,126.81359998399923,37.207347740021596,2024-10-24 08:41:07
333,50,37,8,,,126.82192848489245,37.212496814870725,126.82215655542434,37.19838365826955,2024-10-24 08:41:58
334,38,51,8,,,126.82431017570757,37.201025344520524,126.82003109455353,37.20979401695381,2024-10-24 08:41:58
335,38,18,8,,,126.82332729981806,37.20033021483788,126.8243911655406,37.1952008404474,2024-10-24 08:42:00
336,65,7,8,,,126.83393865427155,37.200493351571794,126.82811180069055,37.207133087036055,2024-10-24 08:42:01
337,56,21,8,,,126.83490480582839,37.205920901677366,126.81815602451384,37.19659720086363,2024-10-24 08:42:11
338,17,8,8,,,126.82691677409376,37.196270893841685,126.82497824714358,37.20748553514826,2024-10-24 08:42:23
339,59,37,8,,,126.83168526960405,37.207738574877524,126.8210485540926,37.198373769341984,2024-10-24 08:42:32
340,38,50,8,,,126.82365272454436,37.20135046390169,126.8222378519585,37.21078766735567,2024-10-24 08:43:08
341,21,18,8,,,126.81779337340464,37.197223456626595,126.82277128864133,37.19515663639495,2024-10-24 08:43:35
342,56,2,8,,,126.83443804152378,37.206184964030534,126.82207613778877,37.20529124552046,2024-10-24 08:43:47
343,28,38,8,,,126.82978738900192,37.203751917059634,126.82442328308932,37.20204820619093,2024-10-24 08:43:53
344,60,69,8,,,126.8324248736296,37.21361651673932,126.83850892933393,37.206692075483836,2024-10-24 08:43:54
345,34,14,8,,,126.82120362533271,37.20239936457827,126.81934987178683,37.20747952180273,2024-10-24 08:44:06
346,50,55,8,,,126.82330041427683,37.21105789320777,126.8293586455588,37.20816434316038,2024-10-24 08:44:20
347,23,50,8,,,126.82009718444382,37.19159469073007,126.82144068836907,37.21176685770049,2024-10-24 08:44:52
348,23,50,8,,,126.82034833058583,37.19245204362199,126.82278477171803,37.2108613458191,2024-10-24 08:44:54
349,15,22,8,,,126.81580286529642,37.20631456867761,126.81644946065703,37.19599227455007,2024-10-24 08:44:56
350,34,50,8,,,126.82189822034182,37.20283816272407,126.82199853794714,37.21237651807431,2024-10-24 08:45:12
351,60,42,8,,,126.83264979881541,37.21296595364578,126.83147021092105,37.19702876413985,2024-10-24 08:45:12
352,51,33,8,,,126.81882454290432,37.21011423971969,126.83009693674212,37.200750125586815,2024-10-24 08:45:35
353,26,18,8,,,126.817497295223,37.19414009095104,126.82280584386515,37.19641252131457,2024-10-24 08:45:36
354,60,33,8,,,126.8327292298019,37.212228420858075,126.8301118075858,37.200281138531786,2024-10-24 08:45:59
355,5,56,8,,,126.8268374679636,37.20593470108323,126.83534616455856,37.205276241600814,2024-10-24 08:46:02
356,64,50,8,,,126.84330807765645,37.20333986011203,126.82206964352262,37.21128957858646,2024-10-24 08:46:11
357,11,20,8,,,126.81347363505265,37.208350329591866,126.8166447325809,37.19333750751219,2024-10-24 08:46:15
358,7,4,8,,,126.82829628415456,37.2088734143737,126.8220235517558,37.209178583805425,2024-10-24 08:46:43
359,50,37,8,,,126.82227363349165,37.21138833043738,126.82208396112883,37.19787723250258,2024-10-24 08:47:05
360,21,18,8,,,126.81846344737237,37.1960839327605,126.82443213972864,37.19659010293023,2024-10-24 08:47:07
361,71,51,8,,,126.84043599438739,37.20552833862644,126.82057593599518,37.21069681178061,2024-10-24 08:48:01
362,55,34,8,,,126.83088151573347,37.20856345704808,126.82127623450606,37.203092042342206,2024-10-24 08:48:25
363,51,50,8,,,126.81974605605734,37.21085712844999,126.82302605297131,37.212038842775925,2024-10-24 08:48:56
364,71,34,8,,,126.84052864942355,37.20436105466978,126.82184370033036,37.20363578208425,2024-10-24 08:49:03
365,21,50,8,,,126.81931064301575,37.19690932683499,126.82229545921649,37.211543416104604,2024-10-24 08:49:38
366,60,41,8,,,126.83217231423461,37.21213377425112,126.83388589939578,37.196610638688725,2024-10-24 08:49:39
367,39,51,8,,,126.82069176004916,37.20055311386783,126.82020802260057,37.210583195773324,2024-10-24 08:50:02
368,34,50,8,,,126.82253303385644,37.20404857498133,126.82272028625246,37.21068741960531,2024-10-24 08:50:26
369,23,33,8,,,126.82007366604267,37.191538415760824,126.83022752262511,37.1997857448203,2024-10-24 08:50:26
370,60,33,8,,,126.83308359857429,37.21369441553382,126.82933370157892,37.20068041283677,2024-10-24 08:50:28
371,23,50,8,,,126.82056582394692,37.19185408741939,126.821694192724,37.21140780525652,2024-10-24 08:50:56
372,72,11,8,,,126.81138911683368,37.20815367799785,126.81515150502865,37.20866101477038,2024-10-24 08:51:02
373,23,33,8,,,126.82164512247746,37.1916389957536,126.82888953219272,37.19976867502431,2024-10-24 08:51:13
374,27,24,8,,,126.82678847891945,37.199712529701344,126.81889372347943,37.19107481563017,2024-10-24 08:51:30
375,23,50,8,,,126.82050378084648,37.191817814653675,126.82273580995816,37.210722293219575,2024-10-24 08:51:32
376,71,37,8,,,126.84027732263188,37.204374979106966,126.82107172741667,37.197701055299326,2024-10-24 08:51:41
377,26,70,8,,,126.81770743648771,37.19383870859894,126.83780696724918,37.210085225477236,2024-10-24 08:51:49
378,5,71,8,,,126.82715948119395,37.205191911685674,126.83952495411876,37.20522357545473,2024-10-24 08:51:50
379,23,60,8,,,126.82046967984739,37.19130416105011,126.8333901775099,37.21202467149223,2024-10-24 08:52:10
380,35,58,8,,,126.81847690096527,37.20194590024592,126.83428740963785,37.20773378530848,2024-10-24 08:52:18
381,70,42,8,,,126.83796699990549,37.20871845073976,126.83199711921351,37.19618569770925,2024-10-24 08:52:28
382,23,17,8,,,126.82154441976692,37.19189579249885,126.82718180149025,37.19662978012493,2024-10-24 08:52:29
383,64,51,8,,,126.84209746203734,37.20386271002597,126.82012294732269,37.20999464981344,2024-10-24 08:52:46
384,34,21,8,,,126.82190390961028,37.202730981049086,126.81887129191418,37.19692132670616,2024-10-24 08:52:52
385,16,11,8,,,126.82371159476985,37.19347141342651,126.8145991470081,37.207961775228334,2024-10-24 08:52:57
386,26,58,8,,,126.81880790244116,37.19322644110885,126.83576315348074,37.209096551805175,2024-10-24 08:52:59
387,37,50,8,,,126.82131566624406,37.19718734857954,126.82301315665146,37.21243304998159,2024-10-24 08:53:07
388,26,51,8,,,126.8183741107989,37.19286395599399,126.81971456887233,37.20964744240989,2024-10-24 08:53:11
389,41,56,8,,,126.8351974386985,37.1975653204116,126.83427328570495,37.20559998163618,2024-10-24 08:53:11
390,60,33,8,,,126.83305309792749,37.21395332540714,126.82841698370765,37.20012086931496,2024-10-24 08:53:26
391,51,38,8,,,126.81941645779658,37.2104074330051,126.8241036599541,37.2014642672555,2024-10-24 08:53:57
392,32,6,8,,,126.83108127119739,37.20222434681274,126.82453599601867,37.20495323277644,2024-10-24 08:54:03
393,59,49,8,,,126.83256331124115,37.20835135292616,126.82703799317251,37.21339396872306,2024-10-24 08:54:15
394,50,18,8,,,126.8229816703471,37.21153906538225,126.82287909335415,37.19614315523921,2024-10-24 08:54:25
395,37,51,8,,,126.82200675050726,37.19763293060631,126.81965584605861,37.20952374873673,2024-10-24 08:54:41
396,21,17,8,,,126.81950246778598,37.19557321225793,126.8273386198652,37.19605115427161,2024-10-24 08:54:54
397,23,40,8,,,126.8211633885581,37.19203656965301,126.83154473268092,37.19341337740573,2024-10-24 08:55:52
398,19,44,8,,,126.82980095727093,37.195923204389345,126.82133060316426,37.18856822465369,2024-10-24 08:56:17
399,64,56,8,,,126.84338260460092,37.20333063420547,126.83418327561772,37.20603526189424,2024-10-24 08:56:31
400,38,2,8,,,126.82483106924738,37.20126462230736,126.82187008363819,37.206387311070586,2024-10-24 08:56:38
401,37,51,8,,,126.82215357319316,37.19729854883155,126.81959692072813,37.209863465144025,2024-10-24 08:56:43
402,55,11,8,,,126.82929258039347,37.208360838719926,126.8139712327544,37.207586447476444,2024-10-24 08:56:45
403,37,51,8,,,126.82093132737897,37.1978530122562,126.81877127112992,37.20971148774385,2024-10-24 08:57:17
404,55,57,8,,,126.8290689380669,37.20996037592928,126.8313858723903,37.20528968338557,2024-10-24 08:57:31
405,58,60,8,,,126.83507425317597,37.208767174675906,126.83359049399382,37.213082593177674,2024-10-24 08:57:32
406,36,38,8,,,126.82396041326727,37.199080572693404,126.82464613628152,37.201399253958094,2024-10-24 08:57:38
407,51,37,8,,,126.8201137923301,37.20973439962885,126.82060892868664,37.19782404222309,2024-10-24 08:58:07
408,34,50,8,,,126.82252082327985,37.20336737492822,126.82204609824443,37.2122470729993,2024-10-24 08:58:08
409,21,37,8,,,126.81955173580897,37.19731092910673,126.82185777431425,37.197504034624885,2024-10-24 08:58:36
410,21,18,8,,,126.81892549366084,37.19669552029247,126.82441272830548,37.195483815580936,2024-10-24 08:58:43
411,57,26,8,,,126.83202085989487,37.20425286212374,126.81838310449798,37.19404902056749,2024-10-24 08:58:45
412,58,33,8,,,126.83576003516212,37.20926327625627,126.82975653023506,37.201533285934865,2024-10-24 08:59:04
413,5,32,8,,,126.8263861716061,37.205525579367745,126.83293763303082,37.20168548592375,2024-10-24 08:59:27
414,60,33,8,,,126.83194944357297,37.2133852989815,126.83024841476977,37.20061496329253,2024-10-24 08:59:32
415,70,57,8,,,126.83857221953498,37.21039160869453,126.83235935041785,37.203580655339294,2024-10-24 08:59:32
416,65,12,9,,,126.83431568874138,37.200995246096056,126.82006622600767,37.20578004981195,2024-10-24 09:00:02
417,64,51,9,,,126.84321089138538,37.2039912938838,126.82063896533157,37.209605672446386,2024-10-24 09:00:10
418,50,33,9,,,126.82204380860293,37.21239816059997,126.82992242630134,37.20090616724011,2024-10-24 09:00:27
419,37,50,9,,,126.82108342368358,37.197488028681185,126.82282375961555,37.210533965970384,2024-10-24 09:00:27
420,50,26,9,,,126.82215497329106,37.21108420837777,126.81915541631953,37.19269708961176,2024-10-24 09:00:50
421,71,51,9,,,126.83913506735642,37.20451302708585,126.82027324474568,37.209540326849385,2024-10-24 09:00:56
422,60,50,9,,,126.83259330321668,37.212908676364755,126.82225751397907,37.21213397084541,2024-10-24 09:02:12
423,37,50,9,,,126.82108553111196,37.1979522813983,126.82184224095646,37.21218560310883,2024-10-24 09:03:18
424,21,11,9,,,126.81766515466035,37.19583234114547,126.8144054308699,37.20813505893964,2024-10-24 09:03:19
425,26,50,9,,,126.8192887166069,37.193652462477075,126.82164755967442,37.211615087191575,2024-10-24 09:03:56
426,37,50,9,,,126.82193888365433,37.197471492541965,126.82301536599401,37.21064917449806,2024-10-24 09:04:00
427,51,33,9,,,126.82031503662152,37.21001991729657,126.83001263339351,37.19989595339776,2024-10-24 09:04:35
428,20,21,9,,,126.81473658174197,37.19164882966851,126.81898325373398,37.196538442636495,2024-10-24 09:04:35
429,8,4,9,,,126.8245606793569,37.20792286809543,126.82151557146561,37.20825923248573,2024-10-24 09:04:42
430,42,23,9,,,126.83167880025627,37.19571394693462,126.8215123199861,37.19192651388185,2024-10-24 09:05:15
431,70,67,9,,,126.83682090580653,37.20994692537827,126.83394979951656,37.20278083771063,2024-10-24 09:06:13
432,60,56,9,,,126.83339633753602,37.21228038949195,126.83402730148117,37.20546611173916,2024-10-24 09:06:30
433,60,50,9,,,126.83237004137376,37.213560474978856,126.82255522196625,37.21212191910885,2024-10-24 09:08:00
434,71,41,9,,,126.8399000415001,37.20596496635046,126.83337745693773,37.19646030558096,2024-10-24 09:08:13
435,10,16,9,,,126.81796684368267,37.20986991770558,126.82333818865129,37.193165454823685,2024-10-24 09:09:14
436,64,42,9,,,126.84205399103753,37.20340832941667,126.83145486730211,37.19594384333419,2024-10-24 09:09:42
437,18,50,9,,,126.82417128723385,37.19656381331279,126.82299833053938,37.210726202952706,2024-10-24 09:12:52
438,42,10,9,,,126.83205539279672,37.19628946536363,126.81680676915362,37.209763685139635,2024-10-24 09:14:08
439,64,51,9,,,126.84316625202862,37.204189735518206,126.81934039504686,37.21040881902532,2024-10-24 09:14:52
440,58,32,9,,,126.83468278530579,37.20804283442124,126.83133564372456,37.20182172195818,2024-10-24 09:15:03
441,23,17,9,,,126.82036374297654,37.19162024245497,126.82658895369076,37.19688307647781,2024-10-24 09:15:05
442,71,17,9,,,126.83994554738611,37.2050275450408,126.82609276774635,37.19578576537964,2024-10-24 09:15:26
443,51,38,9,,,126.81995418538544,37.211014900706815,126.82448346409784,37.200692486291835,2024-10-24 09:15:49
444,56,23,9,,,126.83427481874479,37.20525367929802,126.82083508487449,37.19217999512551,2024-10-24 09:16:17
445,71,51,9,,,126.83928090095776,37.20497843197141,126.81988252428397,37.21041855421275,2024-10-24 09:16:20
446,26,37,9,,,126.81795461706741,37.19422637244242,126.821872298987,37.19783875730614,2024-10-24 09:16:27
447,37,60,9,,,126.82131365863793,37.19680746782514,126.83243079873638,37.21363964046052,2024-10-24 09:16:27
448,50,39,9,,,126.82168766064122,37.21100587704504,126.82123841395024,37.20008516097804,2024-10-24 09:16:31
449,50,26,9,,,126.82171854001909,37.21164443453667,126.81763082434773,37.19328915462488,2024-10-24 09:16:34
450,26,60,9,,,126.81801367021707,37.193037681869114,126.8327957229147,37.21216735254588,2024-10-24 09:16:34
451,50,18,9,,,126.82154345019164,37.21192673074053,126.8241445936516,37.19499743451826,2024-10-24 09:16:49
452,60,58,9,,,126.83214992560026,37.21374330685996,126.83463243395312,37.209190812192105,2024-10-24 09:18:55
453,60,50,9,,,126.83223290399224,37.213202927050865,126.82196464356815,37.21245851398798,2024-10-24 09:19:11
454,32,28,9,,,126.8320665260245,37.201507828210524,126.82906146869782,37.203199839532616,2024-10-24 09:19:19
455,64,51,9,,,126.84267242401388,37.2029289886684,126.8196653405557,37.21055167335204,2024-10-24 09:19:21
456,55,72,9,,,126.8301668861898,37.20994988163826,126.81126823863943,37.20752022223749,2024-10-24 09:20:18
457,71,50,9,,,126.84060233459985,37.204262915121014,126.82164566663467,37.21200682927716,2024-10-24 09:20:25
458,50,26,9,,,126.82153321689509,37.211468976303046,126.81784632436651,37.19303109005348,2024-10-24 09:20:27
459,50,26,9,,,126.8216712438136,37.21103732726947,126.81790506797302,37.19286210537942,2024-10-24 09:20:33
460,50,26,9,,,126.8229020671547,37.21138998540517,126.81752773869452,37.192732153406126,2024-10-24 09:21:02
461,50,39,9,,,126.82217585333738,37.21085578821781,126.82195418104504,37.19987718039745,2024-10-24 09:21:26
462,55,22,9,,,126.82921445940126,37.20850666502894,126.8158718053831,37.195603542611124,2024-10-24 09:22:15
463,50,37,9,,,126.8222406066142,37.21138095951814,126.82156282038387,37.198070674191435,2024-10-24 09:22:29
464,31,50,9,,,126.82990820959158,37.19745666168988,126.82175942156756,37.21092412921927,2024-10-24 09:22:43
465,37,50,9,,,126.82190393054653,37.19693825722643,126.8226627630811,37.21243353020968,2024-10-24 09:23:02
466,64,51,9,,,126.8430410647782,37.204041787674136,126.819947023792,37.20951127498152,2024-10-24 09:23:27
467,24,26,9,,,126.81847231221573,37.1915957214932,126.81799061314445,37.19409929976986,2024-10-24 09:23:30
468,60,50,9,,,126.83311667286827,37.21373130907163,126.82261167657187,37.21135684779768,2024-10-24 09:23:56
469,55,51,9,,,126.83022127481851,37.20980355208399,126.82010664146958,37.21104686563873,2024-10-24 09:24:01
470,50,26,9,,,126.82257322328287,37.211608953285975,126.81908058058436,37.19409656802641,2024-10-24 09:24:09
471,68,24,9,,,126.83957453361124,37.201673622983236,126.81746067732456,37.19152014921121,2024-10-24 09:24:36
472,5,4,9,,,126.8272057866131,37.204372222159186,126.82225090730938,37.207808567167056,2024-10-24 09:24:41
473,26,70,9,,,126.81880231365443,37.19271261857096,126.83735565637485,37.2089204925356,2024-10-24 09:25:19
474,37,37,9,,,126.8207522066999,37.197563182736566,126.82214767575724,37.197524888776194,2024-10-24 09:25:55
475,10,59,9,,,126.81784440726618,37.20923533660506,126.83160814754987,37.207132770296546,2024-10-24 09:26:06
476,71,50,9,,,126.84066732730021,37.204167318693514,126.82211449755154,37.21070691674159,2024-10-24 09:26:09
477,71,51,9,,,126.8401921744101,37.2057102845394,126.82006054884569,37.21015021405591,2024-10-24 09:26:24
478,53,57,9,,,126.82919202967977,37.20530579838388,126.83263094616719,37.20411881066337,2024-10-24 09:26:32
479,51,51,9,,,126.81992287862244,37.20947777367889,126.8198790710644,37.209814038001774,2024-10-24 09:27:00
480,7,19,9,,,126.82630746325182,37.207540470614276,126.82801224817042,37.1944706313745,2024-10-24 09:27:01
481,69,66,9,,,126.83804623126848,37.206974923828774,126.83722825776307,37.204418405882485,2024-10-24 09:27:03
482,37,72,9,,,126.82217934225544,37.19658164219879,126.81112828293809,37.20709399756516,2024-10-24 09:27:05
483,72,63,9,,,126.81171499678184,37.2063408576979,126.83491238468987,37.21150652432007,2024-10-24 09:27:27
484,26,34,9,,,126.81795292121869,37.19334420893156,126.8217839944143,37.20242200471289,2024-10-24 09:28:25
485,56,33,9,,,126.83505834179786,37.205835770927834,126.8292876138088,37.200511860428506,2024-10-24 09:28:33
486,18,60,9,,,126.82459371520281,37.195918839004946,126.83237748185132,37.21378729436301,2024-10-24 09:28:37
487,7,51,9,,,126.82642895213287,37.20772061390926,126.82056383034545,37.21140763645116,2024-10-24 09:28:55
488,59,56,9,,,126.8331077889977,37.206582610475046,126.83450414757833,37.206145610282434,2024-10-24 09:29:01
489,51,23,9,,,126.81889187786484,37.209631278233424,126.82130714119079,37.19123712420117,2024-10-24 09:29:23
490,50,26,9,,,126.82248885417351,37.21139820102922,126.81740566803785,37.19334377892807,2024-10-24 09:29:25
491,40,20,9,,,126.83098928408381,37.19358971237928,126.81661710868174,37.1934016946889,2024-10-24 09:29:37
492,43,53,9,,,126.8224257466267,37.18952272215863,126.82999016793688,37.20650723578363,2024-10-24 09:29:50
493,71,50,9,,,126.8394815245354,37.20469103196918,126.82321916242161,37.21199705134792,2024-10-24 09:30:02
494,7,11,9,,,126.82671223527973,37.20726403622051,126.81350779454098,37.20842342867355,2024-10-24 09:30:09
495,50,39,9,,,126.82233784357184,37.21248191490405,126.82149765760022,37.200040515262465,2024-10-24 09:30:39
496,50,10,9,,,126.82209099656771,37.2114817205874,126.81687387300529,37.210220548029675,2024-10-24 09:30:45
497,58,33,9,,,126.83567817474557,37.208589955524495,126.82933588533785,37.200656409550426,2024-10-24 09:31:13
498,39,23,9,,,126.82050333265947,37.19935113494606,126.82081315192174,37.191135889192516,2024-10-24 09:32:29
499,51,33,9,,,126.81952661560474,37.209628487846224,126.82854641205334,37.20158923859572,2024-10-24 09:32:57
500,51,33,9,,,126.81888991080994,37.210115989723484,126.82921916776394,37.201109770750925,2024-10-24 09:32:58
501,56,37,9,,,126.83428292686804,37.205220588841044,126.82149956662471,37.19810757413943,2024-10-24 09:33:25
502,37,50,9,,,126.82172629114119,37.19734526170805,126.82165929122947,37.21120486601184,2024-10-24 09:33:29
503,7,10,9,,,126.82737475262516,37.20743586973407,126.81771914912761,37.2086673366529,2024-10-24 09:34:30
504,72,37,9,,,126.81206712530191,37.20674897767425,126.82110789713748,37.19795782371249,2024-10-24 09:34:35
505,7,11,9,,,126.8264127039203,37.20792252156051,126.81415676039977,37.20752102199631,2024-10-24 09:34:50
506,32,51,9,,,126.83193123390349,37.2025121286265,126.82013949189405,37.211025022373846,2024-10-24 09:35:00
507,51,37,9,,,126.81901493617012,37.20976829559586,126.82217767191061,37.197543301616136,2024-10-24 09:35:13
508,40,31,9,,,126.83078627584403,37.19413820232627,126.82947479669507,37.198652831556664,2024-10-24 09:36:03
509,71,51,9,,,126.83907954765733,37.2057661055877,126.8193276100488,37.21014158554429,2024-10-24 09:36:03
510,18,7,9,,,126.82318056747562,37.19544754552659,126.82661167505505,37.20795280673323,2024-10-24 09:36:18
511,37,50,9,,,126.82029503186234,37.198378562407626,126.82272744007653,37.21212682811701,2024-10-24 09:36:34
512,13,64,9,,,126.81581787569948,37.20349380961601,126.84318619995669,37.20421092711211,2024-10-24 09:36:40
513,56,34,9,,,126.83519924989828,37.20602978514601,126.82181796303719,37.204054045860524,2024-10-24 09:36:41
514,41,50,9,,,126.83330160388724,37.19732297500688,126.82200834355875,37.21235804639768,2024-10-24 09:37:04
515,50,39,9,,,126.82291460998779,37.21086036810039,126.82193885904178,37.199292737285155,2024-10-24 09:37:14
516,37,50,9,,,126.82209454544652,37.197400236353666,126.82266299309866,37.21158478738588,2024-10-24 09:37:18
517,51,26,9,,,126.81984513554423,37.210580425721254,126.81813541256717,37.193419247680914,2024-10-24 09:38:05
518,56,42,9,,,126.83489866940386,37.20565379533241,126.83138214472757,37.196484786496576,2024-10-24 09:38:20
519,33,56,9,,,126.82979677813485,37.2013939525473,126.8350153528352,37.20467535909495,2024-10-24 09:38:24
520,7,11,9,,,126.82722618892012,37.207147029738,126.81477247141173,37.20887096402177,2024-10-24 09:38:29
521,41,14,9,,,126.8333289242684,37.19714695585407,126.82032219782346,37.206752701373965,2024-10-24 09:38:41
522,60,50,9,,,126.83361218295293,37.21254389781165,126.82273797280415,37.2124714902797,2024-10-24 09:39:05
523,58,71,9,,,126.83568330552497,37.20768706790484,126.83978913717677,37.20563522214752,2024-10-24 09:39:05
524,37,6,9,,,126.82109590281425,37.19758188956323,126.82405241321771,37.20343995568366,2024-10-24 09:39:52
525,31,38,9,,,126.82920792222271,37.19829889611832,126.82490779597858,37.20127850085421,2024-10-24 09:40:06
526,50,38,9,,,126.82202070448305,37.21077276261833,126.82357055125293,37.2022142702853,2024-10-24 09:40:34
527,50,10,9,,,126.82292648400457,37.211293919773794,126.81655683117008,37.20839751365762,2024-10-24 09:40:39
528,71,50,9,,,126.83962525525257,37.205431015809246,126.82143302298459,37.21238307216537,2024-10-24 09:40:57
529,32,8,9,,,126.83179248988922,37.20215404188713,126.82425976697287,37.20642925551719,2024-10-24 09:41:15
530,71,50,9,,,126.84077533868177,37.20536178887128,126.82158030439726,37.21067388974211,2024-10-24 09:42:03
531,50,26,9,,,126.82261271175638,37.21149211854862,126.81762412328118,37.19344341384372,2024-10-24 09:42:40
532,50,39,9,,,126.82253113273555,37.21148252830096,126.82123654291881,37.19972375366137,2024-10-24 09:43:12
533,64,50,9,,,126.843054325203,37.20384267561939,126.82287897893805,37.21130621522178,2024-10-24 09:43:15
534,50,21,9,,,126.8221586181231,37.21080906745638,126.81775972205763,37.196064273299264,2024-10-24 09:43:16
535,64,51,9,,,126.84223300219205,37.20358176599972,126.81976351367646,37.20954605050233,2024-10-24 09:43:20
536,37,50,9,,,126.82149378538931,37.19775711317026,126.8223550829403,37.21146692198242,2024-10-24 09:43:32
537,55,50,9,,,126.82976382798167,37.20873932469875,126.82160783831897,37.211285601686605,2024-10-24 09:43:37
538,51,18,9,,,126.81949390024013,37.210774332921936,126.82465267289746,37.19619435814599,2024-10-24 09:44:02
539,51,33,9,,,126.82029476499919,37.20963811449378,126.82979525234681,37.20152562775734,2024-10-24 09:44:14
540,65,65,9,,,126.83520893687819,37.19961530062717,126.83364677010871,37.200764759692895,2024-10-24 09:44:22
541,50,60,9,,,126.82171205115885,37.21182990144957,126.83302258984745,37.21323456748372,2024-10-24 09:44:53
542,11,63,9,,,126.81359189086476,37.20900624076005,126.83459471555298,37.211995003370994,2024-10-24 09:45:10
543,28,39,9,,,126.82861744055145,37.203691259314276,126.82209373354986,37.19938447372455,2024-10-24 09:45:59
544,42,54,9,,,126.83121434353626,37.19690844468946,126.83195178961303,37.21070469302288,2024-10-24 09:46:13
545,71,50,9,,,126.84011643018565,37.204274362665195,126.82267941459861,37.210517463159086,2024-10-24 09:46:13
546,50,17,9,,,126.82213951959938,37.2116722639176,126.82599637840768,37.197313975049866,2024-10-24 09:46:24
547,43,12,9,,,126.82327529583685,37.19050676129003,126.81835480444293,37.20573730832935,2024-10-24 09:47:03
548,64,51,9,,,126.84225469908151,37.204126150586234,126.81934924330801,37.21131989728794,2024-10-24 09:47:25
549,38,50,9,,,126.82453693152647,37.200771426946524,126.82268684561141,37.21219624787924,2024-10-24 09:47:35
550,37,50,9,,,126.82069818601204,37.19672566300409,126.82150027441013,37.211412532993116,2024-10-24 09:48:16
551,50,39,9,,,126.82297474521437,37.2109198104679,126.82062274965804,37.200901468685224,2024-10-24 09:48:21
552,63,45,9,,,126.83485255869846,37.21091862363196,126.82484970690304,37.21326874727493,2024-10-24 09:48:33
553,51,33,9,,,126.81931844543548,37.20970273948387,126.82872800802984,37.20057644813481,2024-10-24 09:49:50
554,23,50,9,,,126.82106542141082,37.19261627737331,126.82237061574729,37.21135491483977,2024-10-24 09:50:11
555,31,51,9,,,126.8300893652842,37.197084918037504,126.81917985111137,37.21037723088289,2024-10-24 09:50:37
556,71,50,9,,,126.84034775318183,37.20477215856332,126.82296693023575,37.21206811687433,2024-10-24 09:51:03
557,71,50,9,,,126.84051543193034,37.20423497097651,126.82223815165533,37.21120358495594,2024-10-24 09:51:22
558,21,17,9,,,126.81768956927029,37.19707033332838,126.82598414634899,37.19677743193948,2024-10-24 09:51:29
559,3,12,9,,,126.82541515258625,37.20995772356741,126.81930375782719,37.20483967498692,2024-10-24 09:51:31
560,15,57,9,,,126.81638339534231,37.20556842785043,126.83231231735856,37.204909120717886,2024-10-24 09:51:37
561,2,35,9,,,126.82226005226256,37.205944664136446,126.81851874573081,37.201410181649486,2024-10-24 09:51:42
562,33,51,9,,,126.83014293437522,37.20134524522749,126.81952252508884,37.21016079897307,2024-10-24 09:51:59
563,71,51,9,,,126.84103014616223,37.204930685783495,126.81986939174153,37.20956537281154,2024-10-24 09:52:04
564,51,33,9,,,126.82007553935912,37.210778500105306,126.83030967882824,37.199967272729324,2024-10-24 09:52:43
565,60,50,9,,,126.83231003470453,37.21242245099147,126.8220810051302,37.210619229342456,2024-10-24 09:53:34
566,71,50,9,,,126.83960934894644,37.20426831690914,126.82248616743587,37.21066901110717,2024-10-24 09:54:00
567,54,23,9,,,126.83187539252201,37.20931860199678,126.82018735480679,37.19253708070209,2024-10-24 09:54:20
568,37,50,9,,,126.82061928034916,37.198303027536745,126.82242814497475,37.212336611364094,2024-10-24 09:55:02
569,50,50,9,,,126.82265573490632,37.21157432564723,126.82291728226814,37.21067047754328,2024-10-24 09:55:27
570,21,32,9,,,126.8187289018714,37.197175666909274,126.83254430219465,37.20190145435105,2024-10-24 09:55:41
571,50,39,9,,,126.82210940524709,37.21207224673853,126.82088403241158,37.20110303937298,2024-10-24 09:55:44
572,23,10,9,,,126.8204169640058,37.19143445227286,126.81733060196044,37.20862478320806,2024-10-24 09:55:52
573,59,21,9,,,126.8329676558264,37.207891350082164,126.81801376507026,37.19622560600249,2024-10-24 09:56:09
574,64,70,9,,,126.84176503109182,37.203172641883405,126.8377013050969,37.21025483249859,2024-10-24 09:57:07
575,58,23,9,,,126.8344675864441,37.208346358087745,126.82140519691472,37.19192391764056,2024-10-24 09:57:20
576,71,50,9,,,126.83965871229971,37.2053054672717,126.82239841930453,37.21153601193077,2024-10-24 09:57:49
577,50,39,9,,,126.82219765735279,37.212091827347166,126.82175110439347,37.200237511498386,2024-10-24 09:57:52
578,39,10,9,,,126.82054780132148,37.200538693971396,126.81676451624979,37.209148818935944,2024-10-24 09:58:35
579,56,41,9,,,126.83392789658724,37.20536099763729,126.83486623220823,37.1964690247081,2024-10-24 09:59:05
580,50,39,9,,,126.82246666457908,37.21188393140697,126.8212034913002,37.20082034690191,2024-10-24 09:59:22
581,50,55,10,,,126.82201580799602,37.2108646771872,126.8302093117647,37.209730130330186,2024-10-24 10:02:12
582,17,52,10,,,126.8270142954852,37.196128328942144,126.83156716405402,37.21852244045635,2024-10-24 10:03:35
583,4,32,10,,,126.82203058089806,37.20830539005874,126.83147650054605,37.20265336067521,2024-10-24 10:04:30
584,18,56,10,,,126.82445330380199,37.196442975066894,126.83453012525621,37.20618997425196,2024-10-24 10:04:42
585,19,2,10,,,126.82788212746571,37.1951410115478,126.82205947686553,37.20527097106796,2024-10-24 10:05:53
586,51,58,10,,,126.81903487515399,37.20956778993374,126.83559704963979,37.208209570370286,2024-10-24 10:07:08
587,71,56,10,,,126.83935181311514,37.204817541329064,126.83542548448384,37.20581878755951,2024-10-24 10:07:40
588,34,6,10,,,126.82232333169489,37.202235088531495,126.82480209225366,37.20374356282906,2024-10-24 10:08:11
589,34,50,10,,,126.82236888254931,37.20207816060174,126.82164080464739,37.21246564815014,2024-10-24 10:08:17
590,50,37,10,,,126.82284407822316,37.21245223501794,126.82153927865005,37.197297340477014,2024-10-24 10:09:18
591,6,1,10,,,126.82372034790764,37.20453813208574,126.81616227628325,37.19898331602255,2024-10-24 10:09:22
592,38,10,10,,,126.8244072013732,37.20038901132873,126.81660038743883,37.20882983189823,2024-10-24 10:10:08
593,21,22,10,,,126.81839675341938,37.19535562860854,126.81558568482096,37.19472813523839,2024-10-24 10:10:16
594,54,71,10,,,126.8316795195689,37.20930248419725,126.84070320824672,37.20416391325014,2024-10-24 10:10:29
595,30,51,10,,,126.83167417832487,37.19814224426876,126.81893613822183,37.21004745570583,2024-10-24 10:10:36
596,63,53,10,,,126.83597437066105,37.21221875996542,126.82960918726828,37.20554927029451,2024-10-24 10:11:24
597,38,10,10,,,126.82498545670727,37.20102759894662,126.81690219997411,37.208888225877786,2024-10-24 10:11:47
598,15,55,10,,,126.8175016397604,37.2073852773501,126.83081444479889,37.20921824605564,2024-10-24 10:12:13
599,56,40,10,,,126.83467162008232,37.20538496034263,126.83041597669921,37.19267306377771,2024-10-24 10:12:37
600,50,26,10,,,126.82206089226084,37.2121134045018,126.818957993119,37.19288261032321,2024-10-24 10:13:45
601,48,21,10,,,126.83140016261345,37.214895257924354,126.81944709326443,37.196119717886255,2024-10-24 10:14:58
602,30,46,10,,,126.83118047008196,37.19808030364016,126.83038009748803,37.21248804891784,2024-10-24 10:15:56
603,51,18,10,,,126.81933370210596,37.210113009379576,126.82464739859111,37.19596136613101,2024-10-24 10:16:14
604,24,71,10,,,126.81905199728801,37.19055218035754,126.83934016060296,37.20593377500346,2024-10-24 10:16:15
605,48,11,10,,,126.83106740366514,37.21427692770924,126.81343772856378,37.209091652281806,2024-10-24 10:16:27
606,5,2,10,,,126.82694641634576,37.204388442311675,126.82214952819274,37.205776372445655,2024-10-24 10:16:41
607,34,46,10,,,126.82150062681089,37.203991046763754,126.82980836283835,37.211026076188084,2024-10-24 10:16:56
608,63,71,10,,,126.83581165523677,37.21091392918626,126.8392294685143,37.205603343871,2024-10-24 10:17:36
609,51,33,10,,,126.82008101690033,37.20983875769901,126.8298883133896,37.200366745188155,2024-10-24 10:18:06
610,26,7,10,,,126.81919569303577,37.19271374385462,126.82734095074562,37.20882613112,2024-10-24 10:19:06
611,55,50,10,,,126.82993369076213,37.210066631870646,126.82294912731844,37.21073153152266,2024-10-24 10:19:55
612,54,50,10,,,126.83177115931063,37.20966857106374,126.82305908318199,37.21164405329089,2024-10-24 10:20:18
613,19,3,10,,,126.8283513571057,37.19551398073062,126.8257841266969,37.209502641891746,2024-10-24 10:20:44
614,50,50,10,,,126.82196840870174,37.211968503621904,126.82138296998565,37.21085593025217,2024-10-24 10:20:56
615,5,55,10,,,126.82739355388969,37.205548175872615,126.82901187940297,37.208463808285934,2024-10-24 10:21:06
616,3,37,10,,,126.82568226092414,37.2089241377603,126.82057150092959,37.19837223047987,2024-10-24 10:21:09
617,16,69,10,,,126.82265323891346,37.19241620910351,126.83759833642667,37.206469331613924,2024-10-24 10:21:50
618,4,21,10,,,126.82242419730666,37.208466514077884,126.81893879256965,37.1970119257814,2024-10-24 10:22:18
619,37,51,10,,,126.82214530798919,37.196668659029676,126.82054292819875,37.209520664532036,2024-10-24 10:22:38
620,33,51,10,,,126.82872954582864,37.20159505230886,126.81922468060152,37.21003600456663,2024-10-24 10:24:27
621,50,21,10,,,126.82143578731176,37.212328473683435,126.81947179867038,37.19674399444973,2024-10-24 10:24:29
622,23,57,10,,,126.8212678652136,37.19249113401763,126.83228305565864,37.20377001904104,2024-10-24 10:25:41
623,44,45,10,,,126.81964193518114,37.18851881312489,126.8241229123235,37.21277586866716,2024-10-24 10:26:30
624,38,10,10,,,126.82412691013543,37.20208526958959,126.81677620766487,37.20851370544185,2024-10-24 10:28:07
625,58,51,10,,,126.83531253235385,37.209400065676476,126.82037625908055,37.21052659294252,2024-10-24 10:28:15
626,51,37,10,,,126.81945208989724,37.210405553117155,126.82046360378641,37.19751565164651,2024-10-24 10:28:15
627,38,11,10,,,126.82493815330797,37.2007186280546,126.81458742002974,37.20830876143317,2024-10-24 10:28:37
628,37,51,10,,,126.82105074404357,37.19806697451422,126.82006109058119,37.20947835371621,2024-10-24 10:29:34
629,54,31,10,,,126.8318744040465,37.2095076820485,126.82847018978534,37.197261386592054,2024-10-24 10:29:38
630,26,61,10,,,126.8176145608027,37.19385257843421,126.83382225749428,37.215408341188294,2024-10-24 10:29:41
631,57,24,10,,,126.83167591124108,37.20449223691464,126.81725290590556,37.19024967266009,2024-10-24 10:30:01
632,51,51,10,,,126.82038618971573,37.20956680790933,126.8193320985636,37.21000920635644,2024-10-24 10:30:48
633,55,51,10,,,126.83030862956934,37.20909071010289,126.81978291680612,37.20960166288531,2024-10-24 10:32:08
634,51,42,10,,,126.81985077572955,37.21099684911916,126.83100204931205,37.19663188024258,2024-10-24 10:32:43
635,40,51,10,,,126.83129610182071,37.193388933507464,126.81969945125877,37.211244743163405,2024-10-24 10:32:44
636,51,67,10,,,126.81955731141598,37.210828398423395,126.8348990351838,37.20313449464464,2024-10-24 10:32:57
637,50,38,10,,,126.8217277795142,37.211798874206465,126.82455596907211,37.20225719823394,2024-10-24 10:33:15
638,50,23,10,,,126.82173048770763,37.21158476287822,126.81992577108912,37.19086904952447,2024-10-24 10:33:36
639,26,58,10,,,126.8189930700136,37.19279471827841,126.83526872092582,37.20760831557079,2024-10-24 10:34:30
640,51,59,10,,,126.82065074779348,37.21130305741728,126.83341819976489,37.20705367876578,2024-10-24 10:37:20
641,69,13,10,,,126.83724650815228,37.20651842526916,126.81647949588708,37.20326009399226,2024-10-24 10:37:58
642,50,21,10,,,126.8232761111844,37.21078471825601,126.81919748352647,37.1970162665245,2024-10-24 10:38:28
643,10,41,10,,,126.81632479707503,37.20867202512505,126.83502433716721,37.1977426131853,2024-10-24 10:38:41
644,59,60,10,,,126.83240017212677,37.20814108533612,126.83370170366571,37.21216712177864,2024-10-24 10:39:05
645,35,37,10,,,126.81964930905542,37.20149099970887,126.82038969073923,37.19646720407663,2024-10-24 10:40:00
646,50,24,10,,,126.8224322712006,37.21093813155856,126.81896541953809,37.1897139156663,2024-10-24 10:41:04
647,34,11,10,,,126.82237998738749,37.20213490637162,126.81350833705967,37.20791272063443,2024-10-24 10:41:11
648,50,42,10,,,126.82182584860026,37.21207449726037,126.830901587117,37.19629329346702,2024-10-24 10:41:53
649,60,51,10,,,126.83379465889594,37.21230410698711,126.82059278771375,37.21031746860258,2024-10-24 10:42:20
650,55,35,10,,,126.82938589906136,37.20931294753468,126.81836547925558,37.20102482978964,2024-10-24 10:42:40
651,10,24,10,,,126.81692057266818,37.20849240240231,126.81812884717776,37.190432796464584,2024-10-24 10:42:50
652,50,56,10,,,126.8232527497594,37.211631614167416,126.83539941636433,37.20492420602925,2024-10-24 10:43:39
653,37,50,10,,,126.82051832976514,37.19731046635883,126.82303808652674,37.21231066961594,2024-10-24 10:44:05
654,12,63,10,,,126.81870422042535,37.20523421842113,126.83444552503293,37.21129207997856,2024-10-24 10:46:01
655,63,69,10,,,126.83635198767196,37.211145216699805,126.8382624707789,37.20697816770491,2024-10-24 10:46:38
656,54,48,10,,,126.83352303562518,37.210301699358475,126.83075602912736,37.21482412457033,2024-10-24 10:47:35
657,26,19,10,,,126.8182700602869,37.19431884645818,126.82902773037335,37.19553062755483,2024-10-24 10:47:50
658,50,51,10,,,126.82216257702686,37.21239790999488,126.82062503262826,37.2114079553913,2024-10-24 10:47:55
659,50,34,10,,,126.82217056529701,37.212384360102114,126.82131166819298,37.20225631109576,2024-10-24 10:48:05
660,60,11,10,,,126.83303858913358,37.21207866866621,126.81446888206258,37.20829076811043,2024-10-24 10:48:45
661,51,34,10,,,126.81946653894359,37.2094219514452,126.82264634153573,37.203519415744395,2024-10-24 10:49:10
662,16,67,10,,,126.82294649540115,37.193185099776336,126.83551610946225,37.20232375066082,2024-10-24 10:50:33
663,34,50,10,,,126.82089758843951,37.203154488539404,126.82296699365786,37.2107043283725,2024-10-24 10:51:04
664,58,34,10,,,126.8343264847113,37.20885159650422,126.82232449820033,37.203390529103196,2024-10-24 10:51:21
665,46,21,10,,,126.82967620567226,37.212096152792604,126.81807239530825,37.195662122459595,2024-10-24 10:52:20
666,21,19,10,,,126.81904160787371,37.19689464475494,126.82945813620096,37.19512794724237,2024-10-24 10:52:44
667,50,34,10,,,126.82243196392946,37.21072235485917,126.82085320109765,37.202784026460215,2024-10-24 10:52:51
668,7,50,10,,,126.82681992623169,37.20867656992158,126.82287892694049,37.21124425253696,2024-10-24 10:53:27
669,27,38,10,,,126.8272933424094,37.199370964076586,126.82407436398015,37.20097221557883,2024-10-24 10:54:40
670,39,51,10,,,126.82052349228081,37.200326218433666,126.82012140608485,37.21018438529796,2024-10-24 10:54:45
671,10,10,10,,,126.81705788553572,37.20919691147842,126.81796027828838,37.20886416164139,2024-10-24 10:55:05
672,44,70,10,,,126.81970699170616,37.189535018318004,126.83787759778308,37.2105225919456,2024-10-24 10:55:20
673,58,71,10,,,126.8360643348774,37.208503819148774,126.84092813650378,37.2053627923963,2024-10-24 10:55:52
674,34,50,10,,,126.82077030207223,37.20403559999622,126.8222837765111,37.21130929812807,2024-10-24 10:55:59
675,51,23,10,,,126.8199728701235,37.2108373207565,126.82070669500372,37.19256642907251,2024-10-24 10:56:05
676,34,51,10,,,126.82208070840959,37.202855410374745,126.81886274359614,37.21129453892629,2024-10-24 10:56:13
677,23,50,10,,,126.81983262477567,37.19218004365465,126.82289723247872,37.211170548411594,2024-10-24 10:57:18
678,48,34,10,,,126.82990793560741,37.21409129776985,126.82218434808776,37.20269025549199,2024-10-24 10:57:42
679,14,53,10,,,126.81856299126308,37.20662858140019,126.83060289056016,37.2060248512899,2024-10-24 10:58:54
680,50,26,10,,,126.82142319996478,37.21114769129779,126.81918759252478,37.193700908928086,2024-10-24 10:59:16
681,8,48,10,,,126.8253893664747,37.20648812257208,126.82949354584427,37.21528673428809,2024-10-24 10:59:37
682,70,50,10,,,126.83821955744232,37.20856425689339,126.82294274549415,37.21167566585064,2024-10-24 10:59:37
683,71,56,11,,,126.83946158807801,37.20547599646402,126.8356296191851,37.20638061921559,2024-10-24 11:00:53
684,34,37,11,,,126.82196151174287,37.20340774303875,126.82164779616147,37.19692124995691,2024-10-24 11:01:13
685,6,38,11,,,126.82497998676557,37.20381086502615,126.82485454141275,37.20094161103697,2024-10-24 11:01:22
686,37,68,11,,,126.82059871615091,37.197602989380755,126.84013192683618,37.20190602732894,2024-10-24 11:01:29
687,26,17,11,,,126.81934808242897,37.19383849171883,126.82624275081844,37.19628849278702,2024-10-24 11:01:44
688,39,23,11,,,126.82176507448472,37.19998928993316,126.82105970469014,37.192335621368755,2024-10-24 11:02:33
689,47,1,11,,,126.82834614865773,37.210943413461784,126.81607759344334,37.198453691449956,2024-10-24 11:02:41
690,51,56,11,,,126.81979565588715,37.21043324779458,126.83554293631956,37.20540019447799,2024-10-24 11:03:26
691,71,37,11,,,126.83964569476449,37.20536984623225,126.82032535943362,37.19793079160725,2024-10-24 11:04:14
692,51,37,11,,,126.81932314063744,37.209942614864666,126.82161660450917,37.19783274006412,2024-10-24 11:04:19
693,37,22,11,,,126.82085715117412,37.1980712913705,126.81634850124837,37.19484379533829,2024-10-24 11:04:27
694,32,56,11,,,126.83138831337963,37.201690944086586,126.83527012523676,37.20488255116732,2024-10-24 11:04:51
695,51,58,11,,,126.82029718732313,37.2103375783197,126.8358462579176,37.20835485177346,2024-10-24 11:05:22
696,50,32,11,,,126.82315995819539,37.21220300547653,126.83127601465502,37.20076584937723,2024-10-24 11:06:29
697,2,16,11,,,126.82205723090284,37.206719485094574,126.82306965048163,37.192075674073145,2024-10-24 11:06:50
698,70,26,11,,,126.8371093866224,37.20859007358125,126.81775294906434,37.193868198935434,2024-10-24 11:07:16
699,42,50,11,,,126.8315463619834,37.1966849132878,126.8229352920055,37.21171851729389,2024-10-24 11:07:46
700,32,51,11,,,126.83273201250907,37.201687577857115,126.82058326671569,37.2105865383697,2024-10-24 11:08:02
701,11,10,11,,,126.81380978744126,37.20861948203755,126.81690238397803,37.20931583581787,2024-10-24 11:08:27
702,51,34,11,,,126.81967091030167,37.21038554844294,126.82158951364605,37.20382943461153,2024-10-24 11:08:55
703,62,71,11,,,126.83824828075649,37.211631743621616,126.84008000287756,37.20576153024234,2024-10-24 11:09:06
704,56,23,11,,,126.83539375148887,37.206286596612784,126.82032201375802,37.191611543556505,2024-10-24 11:09:35
705,33,50,11,,,126.82974561028963,37.20029854977966,126.8223545358638,37.212058396030045,2024-10-24 11:09:46
706,51,54,11,,,126.81981135322108,37.21109745517267,126.83178102065501,37.21116905774336,2024-10-24 11:10:08
707,10,2,11,,,126.81742931590955,37.20846949627496,126.82249289624313,37.205676399043085,2024-10-24 11:10:51
708,11,55,11,,,126.81488557152237,37.20896477596983,126.82942925161387,37.20854115365327,2024-10-24 11:11:07
709,51,56,11,,,126.81967796066998,37.20956911961516,126.83584901980568,37.20512470292634,2024-10-24 11:11:17
710,15,11,11,,,126.81580359681914,37.20672524109678,126.81493608239047,37.20776191419939,2024-10-24 11:11:49
711,24,9,11,,,126.81866057594286,37.190012407266245,126.8147133919263,37.206241280999464,2024-10-24 11:12:51
712,72,42,11,,,126.81099671894668,37.20676435751766,126.83092483702008,37.196480710858864,2024-10-24 11:13:12
713,56,51,11,,,126.83576916222643,37.205018006094015,126.81960875676427,37.21020518211004,2024-10-24 11:13:22
714,10,51,11,,,126.81765718969619,37.20888621733668,126.81996548436584,37.21042964188008,2024-10-24 11:13:35
715,32,59,11,,,126.83297360896843,37.20143184449164,126.83342094607637,37.20816346784391,2024-10-24 11:13:40
716,33,58,11,,,126.82865148489059,37.20118816942679,126.8351122336505,37.20898762207442,2024-10-24 11:14:17
717,54,52,11,,,126.83238216638172,37.20919786838943,126.83125883067038,37.217826935089406,2024-10-24 11:15:08
718,54,23,11,,,126.83233583367567,37.21088210937305,126.82101333743864,37.1923279548418,2024-10-24 11:15:13
719,71,50,11,,,126.84017795473814,37.20547348200327,126.82294798851804,37.21097570462031,2024-10-24 11:15:18
720,12,61,11,,,126.81878557873758,37.20514405216666,126.8321605347977,37.21564400353317,2024-10-24 11:15:22
721,48,9,11,,,126.83077809960686,37.21374934970523,126.81477299661157,37.206255666998516,2024-10-24 11:16:00
722,61,16,11,,,126.83404761715806,37.21537218090009,126.82340315618569,37.19381467648732,2024-10-24 11:16:56
723,11,51,11,,,126.81470361232732,37.208755055585634,126.81946779608917,37.20998952788308,2024-10-24 11:17:39
724,50,21,11,,,126.82147953456392,37.21102876372072,126.81932496209856,37.19696922967087,2024-10-24 11:20:12
725,15,32,11,,,126.8172054057578,37.206948438172,126.83279019171982,37.20129726183821,2024-10-24 11:20:51
726,26,32,11,,,126.81779787061777,37.19398079033106,126.83256901988027,37.20181577492487,2024-10-24 11:23:25
727,34,56,11,,,126.82091355433221,37.202678431276375,126.8345209598923,37.20564959225032,2024-10-24 11:23:30
728,34,37,11,,,126.82249215066992,37.203954383986364,126.82132281423827,37.19793729918711,2024-10-24 11:25:28
729,26,19,11,,,126.81851919163465,37.19400115476939,126.82949821852071,37.19602433621733,2024-10-24 11:26:30
730,50,38,11,,,126.8219230403538,37.212425133535476,126.82487019143159,37.20109114342079,2024-10-24 11:27:19
731,51,64,11,,,126.81980892677049,37.21024406622556,126.84169834782718,37.202253817789014,2024-10-24 11:27:32
732,37,51,11,,,126.82070938939378,37.196461853177404,126.81911704520601,37.211389148179194,2024-10-24 11:27:32
733,71,54,11,,,126.84100705907667,37.20590206047155,126.83277613761962,37.20981878245563,2024-10-24 11:28:26
734,42,50,11,,,126.83076071233081,37.1967766985964,126.82161484330918,37.21193804612421,2024-10-24 11:28:35
735,33,67,11,,,126.82908090621753,37.20159643854462,126.83408322843493,37.201902674931056,2024-10-24 11:29:17
736,71,70,11,,,126.8408783863867,37.205648623495435,126.83811399797024,37.209948787436524,2024-10-24 11:30:14
737,51,58,11,,,126.82065600622558,37.21005151218505,126.83416861772695,37.20894913253144,2024-10-24 11:30:31
738,65,29,11,,,126.83534543744143,37.20017718216061,126.827201972951,37.202820764826484,2024-10-24 11:32:47
739,8,63,11,,,126.82535091489632,37.207469580189716,126.83538798862362,37.211916464993536,2024-10-24 11:33:04
740,37,38,11,,,126.82063759873492,37.19714210548389,126.8250052590932,37.20221588114868,2024-10-24 11:33:27
741,60,47,11,,,126.8327334787547,37.213771992813115,126.82791046647355,37.21106512332145,2024-10-24 11:34:24
742,59,31,11,,,126.83326801053748,37.20793994059145,126.82843752181053,37.19823392106387,2024-10-24 11:34:42
743,10,7,11,,,126.81606807343147,37.21009692752246,126.8279672921748,37.2074170830698,2024-10-24 11:35:47
744,32,58,11,,,126.83110734971096,37.20134321622941,126.8344078099876,37.20916713414293,2024-10-24 11:36:10
745,3,62,11,,,126.82559619833198,37.2105263662056,126.83835280719858,37.21188365687066,2024-10-24 11:36:33
746,64,51,11,,,126.84216131952819,37.203642102305515,126.81939914035262,37.20965019963477,2024-10-24 11:37:02
747,55,37,11,,,126.83039074156636,37.20915648665186,126.82058905740254,37.19651515993087,2024-10-24 11:37:23
748,27,45,11,,,126.82582474886766,37.19894733045038,126.82458160910356,37.211837524241034,2024-10-24 11:38:06
749,4,7,11,,,126.82123054015295,37.20890297537585,126.8265891376499,37.20758238446021,2024-10-24 11:39:03
750,50,56,11,,,126.82251726103443,37.211465863376255,126.8351313760247,37.20551924490295,2024-10-24 11:40:19
751,39,23,11,,,126.82180837214584,37.20122826553512,126.81985291866854,37.192100257278874,2024-10-24 11:40:32
752,37,26,11,,,126.82112807712721,37.197471838998496,126.81762072309009,37.193901250887244,2024-10-24 11:40:42
753,51,70,11,,,126.81996974099252,37.21134573162677,126.83794339834333,37.210319751096385,2024-10-24 11:41:14
754,4,48,11,,,126.8219590486085,37.20904667679837,126.83119274860528,37.214535459195574,2024-10-24 11:41:33
755,33,51,11,,,126.82894110152094,37.20163906360976,126.81959877120482,37.20953541630666,2024-10-24 11:43:04
756,63,48,11,,,126.83477687461092,37.21070911532278,126.83080805593656,37.21517264277838,2024-10-24 11:43:11
757,58,3,11,,,126.83531070168505,37.2091335870771,126.82474142040051,37.21031038498362,2024-10-24 11:43:13
758,51,55,11,,,126.81970579989145,37.21128813197105,126.82997821932136,37.209051094351935,2024-10-24 11:43:55
759,8,57,11,,,126.82449997015134,37.20612916729987,126.8320377674022,37.20538898661317,2024-10-24 11:44:04
760,50,33,11,,,126.82209442898078,37.21084153822789,126.82955788744408,37.20054121189793,2024-10-24 11:44:10
761,31,70,11,,,126.82880078806241,37.197028885282656,126.83743290374181,37.21002794915742,2024-10-24 11:44:40
762,54,3,11,,,126.83357259868454,37.2105364232354,126.8239489616332,37.20949277959149,2024-10-24 11:44:41
763,58,17,11,,,126.83514147462155,37.20863728693535,126.82541429470162,37.197697349753994,2024-10-24 11:44:57
764,39,51,11,,,126.82152505078254,37.19944086476217,126.82009611744009,37.21066498468381,2024-10-24 11:45:10
765,51,50,11,,,126.81965852410232,37.21087269306706,126.82266218307791,37.21182793496302,2024-10-24 11:45:10
766,50,10,11,,,126.82327826620376,37.21148872173289,126.81616027354008,37.209897314784904,2024-10-24 11:45:40
767,26,38,11,,,126.81795353388692,37.19324468484124,126.82448407764487,37.200659685769395,2024-10-24 11:45:51
768,64,18,11,,,126.84293734962071,37.20251882181524,126.82307686474056,37.196639351576756,2024-10-24 11:45:54
769,19,29,11,,,126.8279938632264,37.194251037818326,126.82713467547116,37.20337723949515,2024-10-24 11:46:43
770,39,51,11,,,126.82137306089206,37.199470484720486,126.81920014133382,37.2096665792562,2024-10-24 11:47:05
771,5,66,11,,,126.82756894880823,37.20469117530273,126.83816385860585,37.20474961153417,2024-10-24 11:47:08
772,39,51,11,,,126.82187481637261,37.199545159264055,126.8192968976572,37.21068001181053,2024-10-24 11:47:54
773,54,26,11,,,126.83310371542512,37.210507808906705,126.81887178413197,37.19275573729461,2024-10-24 11:48:55
774,50,19,11,,,126.8218911583778,37.210703094632365,126.82984352098012,37.19449714933013,2024-10-24 11:49:23
775,50,55,11,,,126.8232643081483,37.21061780646651,126.8298186048931,37.208431307273614,2024-10-24 11:49:35
776,59,21,11,,,126.83331826412628,37.20647492080855,126.81854254512731,37.197020505064394,2024-10-24 11:50:15
777,8,42,11,,,126.82526818361877,37.20683681482593,126.83138442931244,37.19565423311747,2024-10-24 11:50:46
778,70,51,11,,,126.83878579798639,37.21011059368393,126.81898752152797,37.21078616978754,2024-10-24 11:51:12
779,72,12,11,,,126.8121187672147,37.207352772754405,126.81969724062047,37.204181599838,2024-10-24 11:51:32
780,33,59,11,,,126.82857308529256,37.20122528777698,126.83230646701062,37.20724520042587,2024-10-24 11:52:07
781,51,38,11,,,126.82014221183424,37.210906636754856,126.8250803711359,37.20076768227992,2024-10-24 11:52:23
782,51,7,11,,,126.81875229720683,37.21013658695986,126.82797850526174,37.208400484442905,2024-10-24 11:53:11
783,13,42,11,,,126.81692758098791,37.2046419690639,126.83081551203858,37.19606358756852,2024-10-24 11:53:16
784,56,64,11,,,126.83458459680531,37.20502407682106,126.84160955745718,37.203767777041676,2024-10-24 11:53:20
785,32,23,11,,,126.8317425906292,37.202520191821165,126.8207409563919,37.19196426343248,2024-10-24 11:53:48
786,71,51,11,,,126.84044128578299,37.205380913525886,126.81945783000388,37.20951334889276,2024-10-24 11:54:31
787,50,39,11,,,126.82315162194567,37.211343993318174,126.82074945546664,37.19957246252622,2024-10-24 11:54:36
788,25,34,11,,,126.82084527779432,37.195228400647714,126.82098799690267,37.202693418231775,2024-10-24 11:54:46
789,27,50,11,,,126.82745479226568,37.199703122046984,126.823178556488,37.21239436043557,2024-10-24 11:55:10
790,71,50,11,,,126.84028763130007,37.204893845540575,126.82250314413903,37.21185156570222,2024-10-24 11:55:34
791,59,61,11,,,126.83222245872305,37.20663454116139,126.83388582180982,37.21602608118379,2024-10-24 11:55:39
792,17,51,11,,,126.82657459375797,37.19701685243397,126.82069352350743,37.20943408427557,2024-10-24 11:56:16
793,42,54,11,,,126.83095423023698,37.19616168537065,126.83226259082656,37.21060034799434,2024-10-24 11:56:45
794,10,50,11,,,126.81607631920184,37.20845351737146,126.82210012433586,37.21060163223856,2024-10-24 11:57:08
795,70,17,11,,,126.83857368766905,37.209607334906146,126.82543116047648,37.19661441297994,2024-10-24 11:57:26
796,63,25,11,,,126.83607886431066,37.21167741882955,126.82190810509672,37.19503209141108,2024-10-24 11:57:33
797,19,4,11,,,126.82898910335311,37.195713585595804,126.82172096256758,37.208872596157036,2024-10-24 11:57:34
798,17,26,11,,,126.82590961686483,37.196467058640145,126.81870753654259,37.1934610866089,2024-10-24 11:58:08
799,50,23,11,,,126.82298256637768,37.211081648029655,126.82129051552711,37.191418536255995,2024-10-24 11:58:10
800,8,23,11,,,126.82381297173576,37.20734295928862,126.82008220617746,37.19253092209227,2024-10-24 11:58:35
801,19,51,11,,,126.82917842832907,37.194588598617734,126.81999759768512,37.21132376472644,2024-10-24 11:58:48
802,11,22,11,,,126.8144285786933,37.20820629789479,126.816568144966,37.19495063776238,2024-10-24 11:59:25
803,51,42,11,,,126.81974087109813,37.21009599041375,126.83074136813393,37.196516553524056,2024-10-24 11:59:36
804,50,37,11,,,126.82212461847885,37.21196664956585,126.82048841066694,37.19710904915668,2024-10-24 11:59:58
805,51,10,12,,,126.81886835037284,37.2113706809321,126.81680904449274,37.20889013607999,2024-10-24 12:00:01
806,30,69,12,,,126.83234636505352,37.19855735833002,126.83787593163022,37.2071481135349,2024-10-24 12:00:19
807,50,28,12,,,126.82295821913691,37.21191881134959,126.828774002651,37.20363729471311,2024-10-24 12:00:22
808,50,34,12,,,126.82179021156463,37.21125057343858,126.82152582803987,37.20366282106111,2024-10-24 12:00:29
809,23,17,12,,,126.8209235746268,37.1919001704176,126.82541567912442,37.19601611055946,2024-10-24 12:00:45
810,32,60,12,,,126.8322624787586,37.20244567926759,126.83305395083758,37.213634496478754,2024-10-24 12:01:16
811,11,35,12,,,126.81396778527309,37.2086222360382,126.81991379021306,37.202805223264775,2024-10-24 12:02:43
812,56,55,12,,,126.83465112277888,37.20633894048446,126.83078279186063,37.20874335029059,2024-10-24 12:02:53
813,46,63,12,,,126.83039537673716,37.2111839451828,126.83538273485041,37.21054387830474,2024-10-24 12:02:56
814,51,26,12,,,126.81979385005478,37.211257743972425,126.81847137196371,37.193979967997315,2024-10-24 12:04:41
815,18,21,12,,,126.82302874849647,37.196182774241876,126.81824011195117,37.19626132331355,2024-10-24 12:04:55
816,19,57,12,,,126.82887186302042,37.194750229034646,126.83259518399862,37.204141794200005,2024-10-24 12:04:57
817,50,56,12,,,126.82282836359916,37.21171857139759,126.83471001942469,37.20650428927508,2024-10-24 12:05:27
818,18,50,12,,,126.82307722366915,37.19483548864884,126.82152025835677,37.21100432967716,2024-10-24 12:05:58
819,37,50,12,,,126.82126508120646,37.197217174026456,126.8230753378525,37.21182587065393,2024-10-24 12:06:10
820,50,18,12,,,126.82164003185386,37.2114649955454,126.82437628289934,37.195895941892175,2024-10-24 12:06:21
821,27,28,12,,,126.82679073404685,37.19897989391966,126.82925262216106,37.2043844002342,2024-10-24 12:06:42
822,62,68,12,,,126.83865140701916,37.21279701452915,126.84054346355343,37.20228352452098,2024-10-24 12:06:49
823,50,37,12,,,126.82268252604186,37.2108100708363,126.82197070051967,37.19693086916362,2024-10-24 12:07:16
824,23,33,12,,,126.82141275524273,37.19115583801162,126.83001704882227,37.2013702851199,2024-10-24 12:07:49
825,43,31,12,,,126.82273369166563,37.18993823155135,126.82865184028687,37.1978793681849,2024-10-24 12:09:29
826,44,71,12,,,126.82031425513404,37.188351753106964,126.8392920740782,37.20542326194843,2024-10-24 12:10:15
827,30,54,12,,,126.83150403170076,37.19906203278436,126.83252850321047,37.20982614081284,2024-10-24 12:10:24
828,37,56,12,,,126.82215817033037,37.196781894078974,126.8358442008278,37.205961745906855,2024-10-24 12:10:52
829,50,55,12,,,126.82265112740903,37.211278721036344,126.83063306039088,37.20972125520042,2024-10-24 12:10:58
830,50,7,12,,,126.82206471672141,37.21194888727133,126.82748262429051,37.20793849646642,2024-10-24 12:11:26
831,6,1,12,,,126.82363139026832,37.20460529183534,126.81567449005041,37.197158552084986,2024-10-24 12:11:51
832,64,37,12,,,126.84178550010267,37.203096519696075,126.82152205063612,37.19821014453011,2024-10-24 12:12:03
833,10,37,12,,,126.81758269359149,37.2093794749144,126.8213469069773,37.19674234469619,2024-10-24 12:12:33
834,51,37,12,,,126.8195025776871,37.21032890714753,126.82061081624076,37.19643290661429,2024-10-24 12:13:16
835,64,17,12,,,126.84343485257484,37.20254516582873,126.82701695616939,37.19606873635613,2024-10-24 12:13:23
836,50,38,12,,,126.82294695100623,37.21132696999177,126.82390927421328,37.20128464795528,2024-10-24 12:13:54
837,59,67,12,,,126.83295203909137,37.20721596348434,126.83448558512733,37.20255738026656,2024-10-24 12:14:22
838,51,71,12,,,126.81915452502487,37.21077321508234,126.8409663050068,37.20462011791958,2024-10-24 12:15:02
839,50,10,12,,,126.82164380056922,37.21125693637942,126.81705559979885,37.20837138759428,2024-10-24 12:15:41
840,45,61,12,,,126.82472475493292,37.21241086333183,126.83347088893534,37.21505166653531,2024-10-24 12:15:43
841,38,21,12,,,126.82390771864641,37.2004454347641,126.81799022934968,37.19542848972471,2024-10-24 12:15:49
842,51,39,12,,,126.82062677565895,37.21080777285315,126.82202436669964,37.20036524227542,2024-10-24 12:17:04
843,70,69,12,,,126.83807845762387,37.20949260814744,126.83726356761858,37.206623424918575,2024-10-24 12:17:21
844,6,50,12,,,126.82456065476113,37.203395265923525,126.82204049974979,37.21101054597144,2024-10-24 12:18:02
845,59,65,12,,,126.83267381565088,37.20732046832676,126.83445763017288,37.199743417920665,2024-10-24 12:18:23
846,31,4,12,,,126.82835883293492,37.198530505756175,126.82291138047097,37.209150996663446,2024-10-24 12:18:53
847,58,8,12,,,126.83563341824083,37.20825441359787,126.82466800784287,37.206207085499564,2024-10-24 12:19:07
848,58,54,12,,,126.83415671942646,37.208837075700245,126.83283390486251,37.20961497926525,2024-10-24 12:21:32
849,28,67,12,,,126.82919503759948,37.20345304288206,126.83507131619118,37.20314606879586,2024-10-24 12:21:41
850,72,7,12,,,126.81161685463832,37.20752238775435,126.82808069720691,37.20850460850566,2024-10-24 12:22:11
851,58,70,12,,,126.8358567635158,37.20818185925379,126.83734443126843,37.208913834182646,2024-10-24 12:22:12
852,42,21,12,,,126.83151510403644,37.19608911628081,126.81858035516919,37.196551294803605,2024-10-24 12:23:33
853,10,51,12,,,126.81791079366555,37.208925411054075,126.81964437912517,37.210655950332175,2024-10-24 12:24:37
854,71,50,12,,,126.84017039660905,37.20470926969166,126.82206765472522,37.21212054543816,2024-10-24 12:24:38
855,42,7,12,,,126.83099668236609,37.19706074137216,126.82793590583911,37.20784324058124,2024-10-24 12:25:41
856,40,51,12,,,126.83163341594293,37.193030491451374,126.81972799054279,37.21109032726556,2024-10-24 12:25:50
857,72,11,12,,,126.81156937131118,37.20740332961884,126.81506242655307,37.20917032217864,2024-10-24 12:26:00
858,50,21,12,,,126.82298861625009,37.211201549302736,126.8192510622283,37.197158590596224,2024-10-24 12:26:01
859,12,37,12,,,126.81969536279578,37.204301842787785,126.82129448231228,37.1964730151706,2024-10-24 12:26:20
860,50,38,12,,,126.82308937201795,37.211972078536384,126.82466447666567,37.20163827813952,2024-10-24 12:27:10
861,55,32,12,,,126.83062869883884,37.20945991231221,126.83286201824934,37.200898562362845,2024-10-24 12:27:14
862,10,38,12,,,126.81645257327503,37.20852215344761,126.82383261530532,37.20074642006164,2024-10-24 12:27:32
863,48,59,12,,,126.83056204274659,37.214942588752706,126.83288674216361,37.20641501766856,2024-10-24 12:27:40
864,71,51,12,,,126.8407901508005,37.20423113150996,126.81909258096896,37.21134562225205,2024-10-24 12:28:06
865,58,23,12,,,126.83521461536043,37.20841529475535,126.82060086898123,37.19179807246631,2024-10-24 12:28:53
866,50,37,12,,,126.82260313552632,37.21162985415046,126.82105565496353,37.1984072010595,2024-10-24 12:28:54
867,18,56,12,,,126.82350024307652,37.195321801082365,126.83392052756304,37.2048795308162,2024-10-24 12:29:33
868,11,7,12,,,126.81461043996373,37.20773782906953,126.82678908663638,37.208868770774515,2024-10-24 12:30:25
869,50,39,12,,,126.82327786452913,37.212066732195865,126.8215011194004,37.199439462302905,2024-10-24 12:30:29
870,60,58,12,,,126.83215842759603,37.21236899013655,126.83459021296824,37.20861044006054,2024-10-24 12:30:46
871,31,35,12,,,126.82963975519321,37.19774100158575,126.81824148014479,37.20194730116905,2024-10-24 12:31:35
872,50,7,12,,,126.82172050774028,37.21223511847316,126.82750310973746,37.20869228332555,2024-10-24 12:32:10
873,50,55,12,,,126.82225012904141,37.21235223725077,126.82943008994908,37.20824067739139,2024-10-24 12:32:11
874,55,37,12,,,126.82942368172742,37.208740262037765,126.82062631557241,37.19757102894948,2024-10-24 12:32:31
875,46,54,12,,,126.82953317393614,37.21134958285501,126.83171678050087,37.210860204486636,2024-10-24 12:32:42
876,50,11,12,,,126.82303240254348,37.211869249337575,126.81368075562072,37.208468155352385,2024-10-24 12:34:25
877,51,38,12,,,126.81883943668873,37.209632319042996,126.82506287920587,37.200908216090205,2024-10-24 12:34:33
878,23,31,12,,,126.8201814205811,37.1910780322763,126.82859570482587,37.1980840554851,2024-10-24 12:34:59
879,54,37,12,,,126.83307352552919,37.210264778308634,126.8208353258329,37.19695030309394,2024-10-24 12:35:15
880,66,50,12,,,126.83794046175494,37.2043490622274,126.82250365107645,37.211100582039485,2024-10-24 12:36:27
881,32,51,12,,,126.83246631500377,37.20113936858046,126.82014951548209,37.210672626900354,2024-10-24 12:36:46
882,33,58,12,,,126.82986466785509,37.200609990765926,126.83457969276449,37.20819029186233,2024-10-24 12:36:50
883,26,72,12,,,126.81845247344917,37.193450220985284,126.81077659266451,37.2067573074091,2024-10-24 12:37:28
884,50,38,12,,,126.82335639070035,37.211468033990435,126.82471723724402,37.20147501474745,2024-10-24 12:37:52
885,10,55,12,,,126.81797244350805,37.209985639141586,126.83032442639583,37.208130123871236,2024-10-24 12:38:19
886,70,45,12,,,126.83701668279772,37.2086349479069,126.82449524005234,37.21190831972223,2024-10-24 12:38:45
887,47,16,12,,,126.82685811813542,37.2101408661345,126.8235307461588,37.1937185869288,2024-10-24 12:39:04
888,10,26,12,,,126.81615593870377,37.20943858269917,126.81840393436418,37.19394305370069,2024-10-24 12:39:05
889,56,57,12,,,126.83489034041133,37.2063804569642,126.83305544033986,37.205530910367685,2024-10-24 12:39:13
890,71,58,12,,,126.84013229014137,37.20528838749775,126.8347022969329,37.2094174008682,2024-10-24 12:39:18
891,50,21,12,,,126.82164714038355,37.21069594749187,126.81804170698149,37.19629715531704,2024-10-24 12:39:19
892,51,37,12,,,126.82062124007781,37.2101155796267,126.82147347348312,37.19697661940855,2024-10-24 12:39:47
893,23,18,12,,,126.8209084860359,37.19158128544381,126.82314134512342,37.19485924630403,2024-10-24 12:40:43
894,20,27,12,,,126.81619997767251,37.191620046685195,126.82641976925649,37.199460411033705,2024-10-24 12:41:24
895,50,12,12,,,126.82313487944779,37.21170014126892,126.81975217788111,37.204851521574824,2024-10-24 12:41:58
896,32,50,12,,,126.83268281176035,37.20195976005392,126.82165937750973,37.212217940985916,2024-10-24 12:44:04
897,39,50,12,,,126.82189190481986,37.19988704728794,126.8230386684836,37.21154325948344,2024-10-24 12:44:16
898,14,63,12,,,126.81949881760355,37.20698903002998,126.83469223883684,37.212170853848036,2024-10-24 12:44:28
899,50,58,12,,,126.82280258583572,37.21154252476162,126.83602451118493,37.20865359972976,2024-10-24 12:44:47
900,20,36,12,,,126.81498207613876,37.191508674545034,126.82443854166503,37.19794406379698,2024-10-24 12:45:06
901,50,7,12,,,126.82327388190954,37.21214312029542,126.8275144841045,37.20746474301192,2024-10-24 12:45:10
902,51,18,12,,,126.81986682507811,37.21020967536431,126.82419509042232,37.195724477992506,2024-10-24 12:45:42
903,28,57,12,,,126.8287384355576,37.203792266382905,126.8330236638622,37.20480115255664,2024-10-24 12:45:49
904,56,10,12,,,126.83489405943466,37.206554478661076,126.81772435578736,37.208351509692044,2024-10-24 12:46:08
905,23,11,12,,,126.82174416592237,37.192567078280014,126.8146217924694,37.208991411261366,2024-10-24 12:46:14
906,58,31,12,,,126.83504747153788,37.20901046252983,126.82912663154914,37.19709102199944,2024-10-24 12:46:51
907,50,21,12,,,126.82183834668506,37.211560146713055,126.81915579237054,37.19694747323505,2024-10-24 12:47:37
908,51,10,12,,,126.81903363053131,37.209882731075844,126.8164886903634,37.208410384606026,2024-10-24 12:47:40
909,6,71,12,,,126.82347256382441,37.20501012176423,126.84024917429659,37.205845913008446,2024-10-24 12:48:26
910,19,50,12,,,126.82937811031199,37.19527152747497,126.82278113823507,37.211671729701806,2024-10-24 12:49:10
911,56,4,12,,,126.83443954045477,37.20512703232864,126.82282548977209,37.2081434661362,2024-10-24 12:50:12
912,37,58,12,,,126.82213909718368,37.19788761266061,126.83565602422492,37.20753949425423,2024-10-24 12:50:14
913,23,28,12,,,126.82050113843522,37.19260021479402,126.82983020845016,37.20330662941356,2024-10-24 12:50:36
914,55,50,12,,,126.83080640437782,37.20947873109569,126.82177870725049,37.2114985123559,2024-10-24 12:50:56
915,51,39,12,,,126.82024586235787,37.210098710657114,126.82227747995965,37.20060209441431,2024-10-24 12:51:42
916,33,4,12,,,126.83012688053222,37.20084585548804,126.8222425474598,37.208788239069,2024-10-24 12:52:30
917,14,4,12,,,126.82007666167831,37.20735392133844,126.82124331213377,37.20857616486709,2024-10-24 12:52:35
918,36,67,12,,,126.82465936215009,37.198683533855615,126.83468664627524,37.202094986812995,2024-10-24 12:52:42
919,15,7,12,,,126.81580133053734,37.206598906857714,126.82764210256093,37.20716249982035,2024-10-24 12:52:47
920,9,46,12,,,126.81433374963324,37.20630667064112,126.83019178329873,37.21225195537483,2024-10-24 12:52:48
921,15,38,12,,,126.81715747973094,37.20594930745952,126.82358000741148,37.20199104259676,2024-10-24 12:52:48
922,50,18,12,,,126.82224236782277,37.21185763239573,126.8244708879435,37.19553036063053,2024-10-24 12:52:53
923,50,51,12,,,126.8224805266015,37.2111773893678,126.82010824461476,37.210813503947655,2024-10-24 12:53:39
924,38,51,12,,,126.82410819673353,37.20104221517039,126.8187875396627,37.210328676029796,2024-10-24 12:54:01
925,50,7,12,,,126.8229143543976,37.21166580595043,126.82732304212556,37.208277979653964,2024-10-24 12:54:14
926,21,42,12,,,126.81866813013752,37.1969378420687,126.83083903493194,37.19703566168562,2024-10-24 12:54:23
927,51,39,12,,,126.81921005152098,37.21044596250443,126.82207121082936,37.20031471184667,2024-10-24 12:54:48
928,51,7,12,,,126.81908415773677,37.21045569569451,126.82732252800945,37.20859947506685,2024-10-24 12:54:52
929,37,51,12,,,126.82162906998082,37.198387310109375,126.818975406133,37.21093380127276,2024-10-24 12:55:03
930,51,4,12,,,126.81968340150293,37.209769931387044,126.82285674408459,37.20770647186669,2024-10-24 12:55:59
931,18,51,12,,,126.82323853526002,37.19514428386041,126.81995509927694,37.2101954543375,2024-10-24 12:56:05
932,17,50,12,,,126.82735806728896,37.197175125974134,126.82267249649094,37.2120509271561,2024-10-24 12:56:34
933,39,51,12,,,126.821641695184,37.200722724481935,126.81944798388677,37.21055970943385,2024-10-24 12:56:59
934,56,4,12,,,126.83422072084507,37.20588011309131,126.82299598507102,37.207898429652154,2024-10-24 12:57:05
935,50,26,12,,,126.82257595887201,37.2106681488371,126.81786875418246,37.193615152621796,2024-10-24 12:58:38
936,51,55,12,,,126.81892720135056,37.209474090525276,126.83025387305496,37.20824762499997,2024-10-24 12:58:50
937,26,48,13,,,126.81833700753805,37.19390323050541,126.8300340543779,37.21525481910886,2024-10-24 13:00:34
938,58,16,13,,,126.83539746670999,37.20872642880819,126.82354623147656,37.191981949085026,2024-10-24 13:00:46
939,37,11,13,,,126.8222001791024,37.19672790232139,126.81527057646207,37.207301395087896,2024-10-24 13:01:19
940,67,21,13,,,126.8340229104605,37.20336658687823,126.81921984930678,37.19604230564249,2024-10-24 13:01:39
941,19,19,13,,,126.82891415470128,37.195576696168246,126.82807404592664,37.19602685621992,2024-10-24 13:01:47
942,55,33,13,,,126.83013911685217,37.20957409520256,126.82842611879506,37.199822737656206,2024-10-24 13:02:33
943,72,51,13,,,126.81170069787741,37.206670786353556,126.81948146438334,37.21008652839947,2024-10-24 13:02:42
944,71,5,13,,,126.83917563373171,37.20449956922065,126.8274705025455,37.204617408828895,2024-10-24 13:02:58
945,58,60,13,,,126.83612781407528,37.208805925086864,126.83340182966906,37.213951292168574,2024-10-24 13:03:26
946,39,64,13,,,126.82092000881228,37.20096622039931,126.84278237466516,37.20247933527669,2024-10-24 13:03:33
947,45,53,13,,,126.8243721422733,37.21229267131227,126.8289772207824,37.20636960494879,2024-10-24 13:04:04
948,52,28,13,,,126.83124481362773,37.21800677378195,126.83018975593181,37.202827125403225,2024-10-24 13:05:16
949,38,50,13,,,126.82513307997833,37.201361990681384,126.82274225881241,37.21144616476516,2024-10-24 13:06:24
950,56,51,13,,,126.83436216505085,37.20638249232119,126.81989926801631,37.21072494749653,2024-10-24 13:08:13
951,60,42,13,,,126.83284785857182,37.21268154803518,126.83164718866705,37.19660602323153,2024-10-24 13:09:01
952,61,9,13,,,126.83251664713814,37.21578683414413,126.81424519364685,37.20523254451714,2024-10-24 13:09:12
953,22,48,13,,,126.81628808317929,37.19620122428378,126.83063000173959,37.214097946987074,2024-10-24 13:09:13
954,37,50,13,,,126.8206951228375,37.19645305340492,126.82295082484981,37.21134099972947,2024-10-24 13:10:17
955,51,52,13,,,126.81942883053374,37.20969620551716,126.8301249935362,37.21772392414118,2024-10-24 13:10:39
956,21,62,13,,,126.81890377947084,37.19540001542907,126.83769363449045,37.21307612124515,2024-10-24 13:11:38
957,50,26,13,,,126.82261884338544,37.21226637842024,126.81859353885547,37.19325584097211,2024-10-24 13:12:39
958,72,50,13,,,126.81257544989457,37.20657375247407,126.82280431255334,37.211621888758,2024-10-24 13:12:43
959,50,50,13,,,126.822521398535,37.210698020848476,126.82269521668887,37.21217311272839,2024-10-24 13:13:04
960,68,72,13,,,126.8391428285103,37.20254356288106,126.8108134960289,37.20763297557986,2024-10-24 13:13:37
961,40,56,13,,,126.83041072958787,37.19231775760717,126.83485927106564,37.20620986977345,2024-10-24 13:16:35
962,21,38,13,,,126.81846300205387,37.19681805929954,126.82422233295138,37.20057253585564,2024-10-24 13:16:53
963,60,60,13,,,126.83289979549424,37.21217936965403,126.83215689961283,37.213556861952206,2024-10-24 13:17:55
964,71,42,13,,,126.84088115119324,37.20531461980297,126.83076666672319,37.1958358314401,2024-10-24 13:18:31
965,71,37,13,,,126.8403649293762,37.20409482702884,126.82103803696161,37.19644027206166,2024-10-24 13:18:31
966,37,21,13,,,126.82169113855156,37.196961993976934,126.81804230219615,37.19679708698393,2024-10-24 13:19:15
967,71,56,13,,,126.84035423592206,37.20572347741724,126.83467013211404,37.20510525653322,2024-10-24 13:19:58
968,47,64,13,,,126.82750561939444,37.210932604087944,126.84260379782192,37.20338688182599,2024-10-24 13:20:07
969,51,50,13,,,126.82066345359831,37.209432526788156,126.8220091835224,37.210930159300766,2024-10-24 13:20:36
970,38,51,13,,,126.82348607114832,37.20219214293455,126.82018411390507,37.21087586328603,2024-10-24 13:21:18
971,58,37,13,,,126.83443223950758,37.208538514061004,126.82070234101677,37.197428406932055,2024-10-24 13:21:47
972,50,33,13,,,126.82269595300706,37.21194252080054,126.82908925505778,37.20074369590755,2024-10-24 13:21:53
973,48,51,13,,,126.82998548226765,37.21520867852736,126.82052361275164,37.21108208831699,2024-10-24 13:22:05
974,39,71,13,,,126.82207321310885,37.19926904047834,126.83984703023314,37.205158050251555,2024-10-24 13:22:09
975,27,50,13,,,126.82739386687702,37.198962200693416,126.82187916640784,37.21137472640801,2024-10-24 13:25:30
976,18,71,13,,,126.82284882414122,37.19489501121864,126.8401522811202,37.20574603848443,2024-10-24 13:27:06
977,50,39,13,,,126.82160030244037,37.21178232153475,126.82061779200036,37.20028530614619,2024-10-24 13:27:58
978,36,29,13,,,126.82308196174723,37.1978803335976,126.82607419868096,37.20167376562936,2024-10-24 13:28:11
979,63,32,13,,,126.8350540649321,37.211121511413474,126.83218698006776,37.20138798144748,2024-10-24 13:28:14
980,50,51,13,,,126.82296787332658,37.21214456670771,126.81992853139853,37.2095359891791,2024-10-24 13:28:23
981,33,49,13,,,126.82934749350113,37.200916428892874,126.82797589089357,37.21426267411726,2024-10-24 13:28:49
982,23,49,13,,,126.8206378427467,37.19140885841284,126.82677057009113,37.212974191054776,2024-10-24 13:30:09
983,51,26,13,,,126.82049963468899,37.21128642906926,126.81934684485817,37.19362785326269,2024-10-24 13:30:14
984,37,65,13,,,126.82224981748546,37.19691792809337,126.83493073569807,37.19940992937103,2024-10-24 13:30:14
985,17,51,13,,,126.82728315911619,37.19733158831544,126.81973653613096,37.21091518012716,2024-10-24 13:30:22
986,17,52,13,,,126.82577339184448,37.19659761836335,126.83111455007196,37.216605814913095,2024-10-24 13:30:44
987,37,4,13,,,126.82080501492804,37.19765906253896,126.82153118769705,37.208930558632495,2024-10-24 13:31:05
988,51,18,13,,,126.81954881472828,37.21082448996257,126.82430616253758,37.19489719738396,2024-10-24 13:31:18
989,70,38,13,,,126.83723675228138,37.20858502552904,126.82357645098128,37.20139572335708,2024-10-24 13:32:09
990,22,27,13,,,126.81663463397177,37.19519652670802,126.82672663328898,37.2004547738781,2024-10-24 13:32:30
991,46,50,13,,,126.83117403283835,37.211393524214614,126.8228927692187,37.21207763732675,2024-10-24 13:33:18
992,37,51,13,,,126.82118811560154,37.19841953060349,126.81935516204176,37.21100223855874,2024-10-24 13:34:01
993,50,55,13,,,126.82282971803792,37.21069475217549,126.82936547028606,37.20917583858145,2024-10-24 13:35:27
994,70,54,13,,,126.83791633330877,37.21004023959624,126.83365649268103,37.21043955847956,2024-10-24 13:35:43
995,26,38,13,,,126.81904903720658,37.19415845015622,126.82410724418601,37.20100748227577,2024-10-24 13:35:43
996,50,37,13,,,126.82291084236331,37.21186696204029,126.8208270048342,37.19673186673902,2024-10-24 13:35:46
997,50,50,13,,,126.82255997599647,37.21174845464317,126.8218208197406,37.210598684929664,2024-10-24 13:35:53
998,51,7,13,,,126.81983472008561,37.21073314215766,126.82741827926867,37.20892656286525,2024-10-24 13:35:55
999,50,55,13,,,126.82152015043152,37.21058181997972,126.83087575642386,37.20872032557639,2024-10-24 13:36:06
1000,23,48,13,,,126.82050777173585,37.1914124446983,126.83104424887442,37.21482320995138,2024-10-24 13:36:26
1001,50,23,13,,,126.82138081382975,37.211234739089186,126.82057152227485,37.19206917416696,2024-10-24 13:36:58
1002,37,51,13,,,126.82064513125299,37.19736389726435,126.82032916619569,37.21110246770609,2024-10-24 13:37:04
1003,39,50,13,,,126.82099105779484,37.200280757573644,126.8217768214359,37.21177755369926,2024-10-24 13:37:31
1004,51,18,13,,,126.81936969048881,37.21022250347744,126.82471810648615,37.195005345502324,2024-10-24 13:37:32
1005,50,7,13,,,126.82244164903297,37.21082120049337,126.82794026941164,37.20793032457573,2024-10-24 13:37:51
1006,51,51,13,,,126.8198378884082,37.21056072554034,126.81961540435901,37.20960796338528,2024-10-24 13:37:58
1007,51,7,13,,,126.81890569311149,37.21024975833071,126.82701735904038,37.20830880477592,2024-10-24 13:38:06
1008,61,10,13,,,126.833591765591,37.21605698281537,126.8161534650735,37.20883075402075,2024-10-24 13:38:18
1009,59,51,13,,,126.8318918188209,37.20738723628951,126.81948330955544,37.209998955188524,2024-10-24 13:39:16
1010,41,17,13,,,126.83477739432692,37.19650593916364,126.82640545785945,37.19626708475441,2024-10-24 13:40:42
1011,51,38,13,,,126.81978591722685,37.20990083424248,126.82426932568676,37.20106983859101,2024-10-24 13:41:32
1012,21,9,13,,,126.81888634655132,37.19565342156703,126.81372127358814,37.206212849544166,2024-10-24 13:42:11
1013,23,38,13,,,126.82156802255581,37.19229094524522,126.82444842129347,37.20118966718411,2024-10-24 13:43:04
1014,7,33,13,,,126.82697620892864,37.208646990464054,126.82945754852517,37.20092832968101,2024-10-24 13:43:43
1015,14,59,13,,,126.81900597298504,37.2071867179597,126.83199014376731,37.207667066183596,2024-10-24 13:44:34
1016,17,58,13,,,126.82689337013598,37.1962729342616,126.83455422245218,37.20895813407596,2024-10-24 13:45:11
1017,44,52,13,,,126.82145150681464,37.189215231472225,126.83090926989952,37.21855355893443,2024-10-24 13:46:49
1018,55,19,13,,,126.83062557998952,37.20951821226834,126.82915069836466,37.194225556864176,2024-10-24 13:47:04
1019,34,23,13,,,126.82127749159487,37.203423527336156,126.82143105243372,37.19227897582633,2024-10-24 13:47:22
1020,70,55,13,,,126.83685551022425,37.20993703976276,126.83031360614385,37.2092785263653,2024-10-24 13:47:27
1021,72,45,13,,,126.81127277908833,37.20637520949774,126.82512742669276,37.2133151814527,2024-10-24 13:48:26
1022,33,33,13,,,126.82909371991713,37.201140018572566,126.82884023392832,37.20042249898491,2024-10-24 13:48:48
1023,50,51,13,,,126.82323979624591,37.21064226159707,126.81967747575054,37.20983686531719,2024-10-24 13:49:00
1024,47,55,13,,,126.82832276149135,37.21011660028185,126.82986154946818,37.20908312074497,2024-10-24 13:49:27
1025,51,50,13,,,126.81926362908891,37.209488714934665,126.82164954559099,37.21053311857097,2024-10-24 13:49:34
1026,69,5,13,,,126.8384921363716,37.205832791307174,126.82781495387185,37.206069476105114,2024-10-24 13:50:29
1027,51,42,13,,,126.82061796829895,37.209927567384575,126.8313450649804,37.196010392733456,2024-10-24 13:50:49
1028,26,56,13,,,126.81793898945583,37.19338856120444,126.83392316567813,37.20510535007999,2024-10-24 13:52:17
1029,56,50,13,,,126.83566831471342,37.205311698581895,126.82323986634019,37.21136912246904,2024-10-24 13:52:37
1030,51,50,13,,,126.8200741031155,37.2110632689751,126.82248670047888,37.211052427948665,2024-10-24 13:52:40
1031,63,22,13,,,126.8357269251631,37.21113456167101,126.81511789716828,37.195414176229164,2024-10-24 13:53:01
1032,68,43,13,,,126.83912248302632,37.20205726463661,126.82391005397385,37.1891481892517,2024-10-24 13:54:48
1033,46,71,13,,,126.83067705907993,37.21271176685573,126.83981095150544,37.20403136219689,2024-10-24 13:54:59
1034,51,55,13,,,126.81983563906667,37.210019993993555,126.8294214240203,37.20925064635249,2024-10-24 13:55:22
1035,70,34,13,,,126.83750527594398,37.20911489947657,126.82131837398563,37.20366280830267,2024-10-24 13:55:59
1036,37,64,13,,,126.82220994367289,37.19644883468693,126.84228615253178,37.20368284340064,2024-10-24 13:56:32
1037,50,51,13,,,126.82298141407033,37.210660427281645,126.81981070452663,37.20954078950678,2024-10-24 13:56:48
1038,50,50,13,,,126.82173665177237,37.212376112748494,126.82159348450928,37.21056306118309,2024-10-24 13:57:00
1039,37,51,13,,,126.82055292231857,37.197924742874406,126.81947950829789,37.209952396286695,2024-10-24 13:57:35
1040,51,37,13,,,126.8202230334835,37.21016282815508,126.82171248203437,37.19728477985662,2024-10-24 13:57:40
1041,11,10,13,,,126.81348413510702,37.2090712794192,126.8166371412396,37.20902551331493,2024-10-24 13:57:57
1042,38,65,14,,,126.82409861954427,37.20055612671024,126.8349350268909,37.20060503472487,2024-10-24 14:00:06
1043,37,50,14,,,126.82076696861738,37.197668724367134,126.82309019628514,37.21141779899083,2024-10-24 14:00:14
1044,42,46,14,,,126.83121744963798,37.19534306668135,126.830348524498,37.211720273605096,2024-10-24 14:00:25
1045,42,49,14,,,126.83093891501682,37.19677947869527,126.82859401798427,37.21433040657698,2024-10-24 14:01:59
1046,27,19,14,,,126.82653276192517,37.199626356917214,126.82795102095062,37.19568884896047,2024-10-24 14:02:37
1047,31,65,14,,,126.82989757256347,37.198230191555616,126.83475229315552,37.19993872752456,2024-10-24 14:03:43
1048,70,17,14,,,126.83845280037899,37.2087205953084,126.82721213145571,37.197544163314745,2024-10-24 14:04:11
1049,48,49,14,,,126.82991011783447,37.214737982575905,126.8286509119533,37.21356656863586,2024-10-24 14:05:55
1050,37,51,14,,,126.82109466051485,37.19652166643665,126.82003884573821,37.20977588591372,2024-10-24 14:05:59
1051,32,21,14,,,126.83122556894216,37.20219179830476,126.81945236611564,37.196900335126784,2024-10-24 14:06:10
1052,60,50,14,,,126.83319505208861,37.21266095113569,126.82244486530416,37.21208537555426,2024-10-24 14:07:18
1053,37,72,14,,,126.82221944655853,37.19756633786219,126.81081720663218,37.20723389532028,2024-10-24 14:07:27
1054,59,47,14,,,126.83237013093202,37.207080659238656,126.82806131843233,37.210188739023934,2024-10-24 14:07:42
1055,50,50,14,,,126.82262526409765,37.21053102711016,126.82179252893145,37.2115286349991,2024-10-24 14:07:48
1056,38,50,14,,,126.82416164212641,37.20154829240297,126.82237485640088,37.21195888316318,2024-10-24 14:08:51
1057,11,34,14,,,126.81360306430568,37.20767064786599,126.82230834800384,37.2031369544091,2024-10-24 14:08:59
1058,10,38,14,,,126.8166349426417,37.20919119233376,126.82406718664618,37.20153045021101,2024-10-24 14:10:25
1059,7,1,14,,,126.82767005501923,37.207068300626865,126.815720917981,37.19778803988554,2024-10-24 14:10:43
1060,14,46,14,,,126.81958570879948,37.207238997675795,126.82944745599785,37.212825378081234,2024-10-24 14:10:47
1061,34,50,14,,,126.82146935190404,37.20281160401822,126.82320387972995,37.21203703432275,2024-10-24 14:10:54
1062,46,12,14,,,126.8299898139642,37.21207013823521,126.81997659896004,37.204979045408535,2024-10-24 14:11:19
1063,64,31,14,,,126.84167234553854,37.20357870287191,126.82923859785178,37.19871201215677,2024-10-24 14:11:48
1064,26,18,14,,,126.81932439950899,37.19438189699026,126.82370112513905,37.19642325059581,2024-10-24 14:12:05
1065,18,51,14,,,126.82469315052819,37.19474138903345,126.8199058737702,37.21065328214122,2024-10-24 14:12:36
1066,20,4,14,,,126.81548660751082,37.19189958236249,126.82300647897823,37.20962268123381,2024-10-24 14:13:11
1067,50,11,14,,,126.82226692235828,37.21232722136751,126.81429123763438,37.207307002865925,2024-10-24 14:13:47
1068,39,50,14,,,126.82248240632866,37.20083803377032,126.82204695868617,37.21132859595423,2024-10-24 14:14:09
1069,37,51,14,,,126.8205572590035,37.19652144131104,126.81876810685134,37.21072594288664,2024-10-24 14:14:10
1070,48,50,14,,,126.82978485883352,37.21479407454649,126.82145416424441,37.21124894505653,2024-10-24 14:14:45
1071,37,51,14,,,126.82081697254245,37.19818793944105,126.8203349075303,37.21067665998131,2024-10-24 14:16:42
1072,30,14,14,,,126.83156626722267,37.198968334073726,126.81958643010292,37.20807434541721,2024-10-24 14:16:46
1073,34,38,14,,,126.82200529074609,37.202702396315665,126.82349683632965,37.20174265193249,2024-10-24 14:17:04
1074,42,21,14,,,126.83116642895551,37.19669578416115,126.81822452887901,37.196356252097225,2024-10-24 14:17:22
1075,57,50,14,,,126.83200758051723,37.20538784422369,126.82270973540939,37.21189974291734,2024-10-24 14:17:36
1076,45,14,14,,,126.82474261023835,37.213263114268756,126.81953957455572,37.20735448680937,2024-10-24 14:19:08
1077,71,50,14,,,126.84021127646234,37.20476862185199,126.82274240774828,37.21089184691553,2024-10-24 14:19:53
1078,31,50,14,,,126.82866205044702,37.198397639663675,126.82196821362298,37.21083348687857,2024-10-24 14:20:47
1079,50,27,14,,,126.8216659642682,37.21205158009358,126.82727381977597,37.20032865670564,2024-10-24 14:21:11
1080,71,56,14,,,126.84064410695201,37.20458812720011,126.83574573295323,37.206002037148146,2024-10-24 14:21:36
1081,16,56,14,,,126.8227885104352,37.19355273820723,126.83454610459917,37.20470188598571,2024-10-24 14:21:40
1082,50,48,14,,,126.82272162225621,37.21204608786998,126.8297498253715,37.21428918212046,2024-10-24 14:21:47
1083,37,51,14,,,126.82101862537031,37.19716074256211,126.81954931242647,37.20955472248585,2024-10-24 14:22:02
1084,26,34,14,,,126.8191283180615,37.194261240388215,126.82226056732378,37.202909358121985,2024-10-24 14:22:10
1085,37,63,14,,,126.82131003908565,37.19747770917797,126.83558155670826,37.211666089203426,2024-10-24 14:22:28
1086,45,11,14,,,126.82584036434147,37.21318070662861,126.81526513783696,37.20796432439751,2024-10-24 14:22:38
1087,53,53,14,,,126.8301882348391,37.2069317822553,126.82982940732742,37.2066386388281,2024-10-24 14:22:41
1088,7,49,14,,,126.82761529582655,37.20882590680608,126.82751387269748,37.21283834601091,2024-10-24 14:23:19
1089,50,51,14,,,126.82192147837394,37.211599244989095,126.8203026704246,37.211305944767695,2024-10-24 14:23:54
1090,72,66,14,,,126.81257766618295,37.207978153464204,126.83748985639727,37.202909628196565,2024-10-24 14:25:12
1091,51,59,14,,,126.81954759623811,37.209526988881656,126.83263989028967,37.206735743583785,2024-10-24 14:26:11
1092,60,51,14,,,126.83237329984661,37.21319028359254,126.81901270532686,37.20990677125231,2024-10-24 14:27:21
1093,21,38,14,,,126.81891935937445,37.19578798126779,126.82357797248699,37.20072537959364,2024-10-24 14:28:11
1094,17,21,14,,,126.82601231565623,37.19769203261604,126.81922007823188,37.19683409230301,2024-10-24 14:28:15
1095,12,49,14,,,126.82019896539718,37.20578003327494,126.82861551834661,37.212953060766424,2024-10-24 14:29:21
1096,71,56,14,,,126.84088564946167,37.20542423897534,126.83507418366376,37.206623497806234,2024-10-24 14:29:40
1097,51,58,14,,,126.81875265012009,37.209520841497664,126.83423399149044,37.20926523941744,2024-10-24 14:30:17
1098,66,29,14,,,126.83828156277431,37.20326028957275,126.82607097524759,37.20153973283316,2024-10-24 14:30:23
1099,37,48,14,,,126.82062213871987,37.197001164786045,126.83135570110096,37.215540957533946,2024-10-24 14:30:27
1100,33,68,14,,,126.82973954216003,37.20084641381494,126.83974021249124,37.20157670843555,2024-10-24 14:30:58
1101,37,51,14,,,126.82098112396233,37.19792227332921,126.82023168871369,37.20949106921547,2024-10-24 14:31:05
1102,57,18,14,,,126.83311832322092,37.204503212751874,126.82451264106531,37.19497643595808,2024-10-24 14:31:46
1103,42,61,14,,,126.83214539262468,37.19694771926181,126.83308342112895,37.21611629358151,2024-10-24 14:32:42
1104,63,30,14,,,126.83503887753477,37.21104206312629,126.83195698522748,37.199558760178334,2024-10-24 14:32:55
1105,65,67,14,,,126.83465224112679,37.19924021533938,126.83387970775087,37.20247798048266,2024-10-24 14:33:13
1106,50,26,14,,,126.82205960598078,37.210808669229564,126.81910090241752,37.19349463446377,2024-10-24 14:34:08
1107,7,33,14,,,126.82642545170235,37.20758331273414,126.82908861455671,37.2001811415937,2024-10-24 14:34:13
1108,30,59,14,,,126.83270022945254,37.19946124851336,126.83232675531404,37.20675747827723,2024-10-24 14:35:14
1109,50,37,14,,,126.8216448084852,37.21185394825265,126.82117948348836,37.19787274497566,2024-10-24 14:35:14
1110,50,48,14,,,126.82287048362265,37.21203287404502,126.83095182098326,37.21378883422943,2024-10-24 14:35:32
1111,34,50,14,,,126.82216188555724,37.20346880499295,126.82260351924127,37.21245089652641,2024-10-24 14:35:45
1112,37,50,14,,,126.82147671452918,37.1980385128386,126.82181312186007,37.2114874472677,2024-10-24 14:37:06
1113,37,60,14,,,126.82120238035556,37.196553455444196,126.83361496514516,37.21225325813911,2024-10-24 14:37:34
1114,40,35,14,,,126.83075141871696,37.193911984931134,126.81940384899528,37.20225459502593,2024-10-24 14:38:15
1115,37,23,14,,,126.82198609162529,37.198166214518274,126.82010264988335,37.191117370234814,2024-10-24 14:38:36
1116,51,56,14,,,126.81883715049013,37.20990903927793,126.83458620749317,37.20586944505998,2024-10-24 14:39:11
1117,51,60,14,,,126.82007491454151,37.210678330509936,126.83260739788903,37.21290088421011,2024-10-24 14:40:27
1118,60,4,14,,,126.83291204859495,37.213158568195205,126.82258415498428,37.20849642303642,2024-10-24 14:41:15
1119,26,38,14,,,126.81811389256733,37.193998354137705,126.82439185802485,37.200945507424095,2024-10-24 14:41:30
1120,38,49,14,,,126.8236881683541,37.20201530838097,126.82799594674708,37.21381304135466,2024-10-24 14:41:33
1121,37,51,14,,,126.82166044029918,37.19774545293351,126.81981901914261,37.210563954306984,2024-10-24 14:41:43
1122,71,58,14,,,126.83986380846468,37.205961499828504,126.83472144879498,37.20771376599624,2024-10-24 14:41:44
1123,19,7,14,,,126.82833055418713,37.19449665145462,126.82701995497771,37.2084063119465,2024-10-24 14:41:48
1124,43,60,14,,,126.82400415883461,37.189979670022524,126.83282108941377,37.21380106888197,2024-10-24 14:42:49
1125,71,41,14,,,126.84056956906733,37.205608335267264,126.83414174916747,37.197517718066315,2024-10-24 14:43:25
1126,18,21,14,,,126.8232688316713,37.196555492651356,126.81779022406593,37.196901088612975,2024-10-24 14:43:28
1127,50,48,14,,,126.82202113491199,37.21228478484403,126.82998813241926,37.21412896498636,2024-10-24 14:43:36
1128,19,50,14,,,126.82957044798353,37.194782747559415,126.82165439961699,37.211483404869306,2024-10-24 14:44:20
1129,37,50,14,,,126.82108104939856,37.19737502769076,126.8225795783809,37.210659323509915,2024-10-24 14:45:01
1130,7,51,14,,,126.82755248150963,37.208256452962836,126.81917538636402,37.20987424508512,2024-10-24 14:46:17
1131,19,23,14,,,126.82813436237366,37.195594481256656,126.82075096213214,37.192485398513995,2024-10-24 14:46:58
1132,32,38,14,,,126.83178535919929,37.201839318930865,126.82321867250111,37.20096663430618,2024-10-24 14:47:31
1133,55,33,14,,,126.82989771780134,37.20904906828941,126.82973470518158,37.20103473881397,2024-10-24 14:47:41
1134,50,38,14,,,126.82161104614643,37.21223013408005,126.82325690820285,37.20094167507697,2024-10-24 14:48:43
1135,38,10,14,,,126.8250366316251,37.20169702099778,126.81658455172042,37.210310819224425,2024-10-24 14:49:25
1136,44,67,14,,,126.82070016366221,37.189334337004645,126.83483919521684,37.20186466115503,2024-10-24 14:49:29
1137,34,50,14,,,126.82093646776318,37.20230133518907,126.82210526095061,37.211399310511226,2024-10-24 14:50:03
1138,26,39,14,,,126.81842546300018,37.19367155948014,126.8218926574152,37.20052169271678,2024-10-24 14:50:41
1139,46,64,14,,,126.83092632037157,37.21154473779183,126.84205955156656,37.20367315838768,2024-10-24 14:51:18
1140,53,67,14,,,126.82989801607415,37.20682575486476,126.83528910092876,37.20201305664276,2024-10-24 14:51:35
1141,37,38,14,,,126.82109991004961,37.197847698686914,126.82470610912024,37.20093874905214,2024-10-24 14:52:30
1142,64,17,14,,,126.84265097912184,37.20421388881047,126.8267938857599,37.19645404191087,2024-10-24 14:53:32
1143,59,26,14,,,126.83209716974179,37.208099360783116,126.81748387462746,37.19350270404304,2024-10-24 14:53:50
1144,38,51,14,,,126.82438765979099,37.20067952690458,126.82065318006681,37.21083656326522,2024-10-24 14:55:09
1145,44,1,14,,,126.82107497853794,37.188805847886016,126.81571495305107,37.19874749509098,2024-10-24 14:55:34
1146,66,56,14,,,126.83800952733907,37.2041007523984,126.83519870793901,37.20529773577881,2024-10-24 14:55:34
1147,7,41,14,,,126.82818970570506,37.209012279349004,126.83368696572218,37.198094188115505,2024-10-24 14:55:37
1148,50,39,14,,,126.8215535259555,37.21168908883675,126.82057671185422,37.20017265687277,2024-10-24 14:57:53
1149,37,51,14,,,126.82141693209799,37.19648846789463,126.81935688692329,37.21062596005798,2024-10-24 14:58:17
1150,12,18,14,,,126.819624475758,37.20406488095766,126.82454036477284,37.19648627892998,2024-10-24 14:58:53
1151,37,50,15,,,126.8221405688136,37.197454369717086,126.82225148950722,37.211481872582965,2024-10-24 15:00:15
1152,37,50,15,,,126.82055845521802,37.198216628496944,126.82324516161937,37.211781184213734,2024-10-24 15:01:16
1153,51,37,15,,,126.8191593208747,37.211162976531746,126.82155009072959,37.198318501135134,2024-10-24 15:01:30
1154,51,34,15,,,126.82063381395876,37.210005728014096,126.82097219262312,37.203137116671535,2024-10-24 15:01:32
1155,60,23,15,,,126.83357790309545,37.212812471522945,126.81999839739812,37.19168506742439,2024-10-24 15:01:41
1156,23,72,15,,,126.81997845546915,37.19136675335082,126.8123447576618,37.20718719429267,2024-10-24 15:01:51
1157,28,11,15,,,126.8296009321475,37.20267604906299,126.81501438981778,37.20796478950581,2024-10-24 15:02:48
1158,60,50,15,,,126.83228644875587,37.21322551409842,126.82294194088384,37.21155338135927,2024-10-24 15:03:45
1159,33,26,15,,,126.82962748441454,37.20154279379982,126.81925412214831,37.194198608852076,2024-10-24 15:03:52
1160,42,48,15,,,126.83083335746225,37.19535688413456,126.83082742491328,37.214574182355584,2024-10-24 15:04:18
1161,51,19,15,,,126.82046262271011,37.20979609629503,126.82864755412425,37.19420944625746,2024-10-24 15:04:28
1162,32,51,15,,,126.83119462328862,37.20077042754382,126.81958654915437,37.20962720369977,2024-10-24 15:04:38
1163,50,50,15,,,126.82276087544957,37.211270272211,126.82197255413473,37.21156235432908,2024-10-24 15:04:49
1164,19,42,15,,,126.82908633033703,37.19508154234613,126.83181220955524,37.19560585576368,2024-10-24 15:05:20
1165,48,38,15,,,126.83116029546211,37.214981715586866,126.82418392978873,37.20229327668667,2024-10-24 15:06:31
1166,29,48,15,,,126.82702183964764,37.201911205401316,126.8307854155802,37.214666090894,2024-10-24 15:06:42
1167,37,50,15,,,126.82040157132141,37.19649332550041,126.82293384850293,37.21195560397816,2024-10-24 15:07:03
1168,50,7,15,,,126.82322909686374,37.211981347444805,126.8278724163448,37.20738333139257,2024-10-24 15:07:07
1169,33,51,15,,,126.8288209448552,37.20105709013168,126.82056702886752,37.21035330028479,2024-10-24 15:07:34
1170,19,15,15,,,126.8297896646179,37.19519536632014,126.81724704030385,37.205683083407166,2024-10-24 15:07:43
1171,51,55,15,,,126.81930765475705,37.21121595297592,126.82944011333606,37.2096910518903,2024-10-24 15:09:00
1172,50,23,15,,,126.8217676840181,37.21141599406119,126.82035282419749,37.19151030241299,2024-10-24 15:09:18
1173,71,68,15,,,126.84025128504659,37.20565967959619,126.83943730835304,37.20146012299202,2024-10-24 15:09:31
1174,38,51,15,,,126.82321957748648,37.200391109018526,126.81917163501035,37.21141215624951,2024-10-24 15:09:33
1175,26,12,15,,,126.81899659176537,37.193718778761635,126.8197529341728,37.20546389011369,2024-10-24 15:09:54
1176,54,11,15,,,126.83352751100402,37.21108905260194,126.8152662115787,37.207569239851566,2024-10-24 15:09:55
1177,71,17,15,,,126.83991069458872,37.20542058407621,126.8254300010285,37.19654186547809,2024-10-24 15:10:05
1178,51,58,15,,,126.8189284994173,37.20974189855665,126.83528212981119,37.20944620067825,2024-10-24 15:10:28
1179,50,7,15,,,126.821465605375,37.21184079894543,126.82687156134867,37.20832127784933,2024-10-24 15:10:54
1180,50,39,15,,,126.82309521839476,37.21190712265099,126.82053325926162,37.200733478461025,2024-10-24 15:11:02
1181,71,38,15,,,126.84099613497897,37.20560000210173,126.82496170592863,37.20116737683816,2024-10-24 15:11:10
1182,23,38,15,,,126.82112607490826,37.191938842032975,126.82464360842977,37.20090321885868,2024-10-24 15:11:32
1183,50,33,15,,,126.82248488544805,37.211656756566875,126.82913766566219,37.200125187453395,2024-10-24 15:11:36
1184,51,23,15,,,126.82060791860752,37.20999613450558,126.82036532060793,37.19101185188325,2024-10-24 15:12:12
1185,26,11,15,,,126.81907717308587,37.19412643459073,126.8134947141835,37.20794282930735,2024-10-24 15:12:20
1186,51,58,15,,,126.82037332810143,37.211365801308716,126.83546579140122,37.20884437314006,2024-10-24 15:12:26
1187,50,21,15,,,126.8218206996889,37.211251578450934,126.81854549663205,37.1962848533627,2024-10-24 15:13:39
1188,26,34,15,,,126.81903681030029,37.19368320536555,126.82123692887735,37.202162898328496,2024-10-24 15:14:23
1189,32,51,15,,,126.83150301798396,37.20219700603384,126.81993345919504,37.20948747265527,2024-10-24 15:14:58
1190,50,60,15,,,126.82267745097298,37.211579781327714,126.83340070354338,37.21348397180824,2024-10-24 15:16:17
1191,45,39,15,,,126.8252853813797,37.21345781518254,126.82084443324813,37.19931414749176,2024-10-24 15:16:19
1192,32,4,15,,,126.83217667435189,37.202215131633295,126.82183042201811,37.208074902441204,2024-10-24 15:16:30
1193,24,15,15,,,126.81836122268663,37.19021665062246,126.81630058080609,37.20607339142543,2024-10-24 15:18:58
1194,50,34,15,,,126.82223559490546,37.21052952138912,126.82120380077332,37.20379944369759,2024-10-24 15:19:03
1195,56,17,15,,,126.83541705301964,37.206582130407355,126.82673939490918,37.197757771713675,2024-10-24 15:19:47
1196,50,27,15,,,126.82295846810234,37.21170778564087,126.8268525989209,37.19986105716253,2024-10-24 15:20:08
1197,50,38,15,,,126.82337727749086,37.21097863846727,126.82450691949224,37.20035157277018,2024-10-24 15:20:11
1198,23,38,15,,,126.8209408476821,37.19224706547025,126.82411516933942,37.200442547967576,2024-10-24 15:20:45
1199,23,10,15,,,126.82162060568074,37.19201920027002,126.81603174391313,37.20940832886296,2024-10-24 15:21:19
1200,53,35,15,,,126.82905832589911,37.20725294342331,126.81997474622997,37.20187021659775,2024-10-24 15:21:38
1201,50,26,15,,,126.82276379523132,37.21075493720456,126.81762614722851,37.19264699401717,2024-10-24 15:22:55
1202,39,50,15,,,126.82057006138108,37.20081446213164,126.82299358158392,37.21073688789262,2024-10-24 15:23:03
1203,71,18,15,,,126.841010460889,37.20469136659838,126.82289643660384,37.19643759606206,2024-10-24 15:23:32
1204,51,34,15,,,126.82017008323554,37.21025964907626,126.8210862592029,37.20209721135232,2024-10-24 15:23:40
1205,51,7,15,,,126.81970179669199,37.21121525520637,126.82641035230263,37.207877414426356,2024-10-24 15:24:04
1206,37,51,15,,,126.82086640282012,37.19709048313683,126.82068869634027,37.20952977847657,2024-10-24 15:24:30
1207,1,60,15,,,126.81568068405049,37.19729668025286,126.83275958026528,37.21207158116333,2024-10-24 15:24:31
1208,50,56,15,,,126.82146112284212,37.21143121942545,126.83520507502487,37.205375785284765,2024-10-24 15:24:57
1209,51,18,15,,,126.82058539539234,37.2110191968646,126.82460299111604,37.1963065843438,2024-10-24 15:25:07
1210,51,55,15,,,126.82023416422193,37.21136083722696,126.82969279125057,37.20820715435165,2024-10-24 15:25:23
1211,51,7,15,,,126.81966711855799,37.21010984229378,126.82654685117716,37.20808492137436,2024-10-24 15:25:27
1212,33,50,15,,,126.83011406780767,37.20097857212218,126.8233137051898,37.21163265128375,2024-10-24 15:25:39
1213,38,26,15,,,126.82376658896587,37.20164118061857,126.81756668026331,37.19330790002827,2024-10-24 15:26:13
1214,37,51,15,,,126.82189669998591,37.19833191440301,126.81982915251871,37.210383521813505,2024-10-24 15:26:14
1215,18,51,15,,,126.82309282140942,37.19539960705161,126.81985054174925,37.21062853564486,2024-10-24 15:26:15
1216,39,40,15,,,126.8215655364086,37.1993648903295,126.83139462294335,37.192915359654656,2024-10-24 15:26:32
1217,27,60,15,,,126.82591984240194,37.199534237896295,126.83191987534323,37.213749767150794,2024-10-24 15:26:37
1218,42,19,15,,,126.83250259039588,37.195763863037484,126.82814084792257,37.19518676277806,2024-10-24 15:27:26
1219,51,38,15,,,126.82000618575103,37.21057679834135,126.82414114505875,37.20189336116711,2024-10-24 15:28:06
1220,26,17,15,,,126.81782903910803,37.194068426156186,126.82668076877927,37.19665001025838,2024-10-24 15:28:11
1221,48,37,15,,,126.82990611135658,37.21375301378968,126.82132114470899,37.19665861935658,2024-10-24 15:28:35
1222,18,50,15,,,126.82363002806046,37.195935489553726,126.82301951702213,37.21134876304432,2024-10-24 15:29:03
1223,37,37,15,,,126.82154742300108,37.196860376707555,126.82169154730263,37.19824882215684,2024-10-24 15:29:26
1224,50,34,15,,,126.82316301942858,37.21165944773525,126.82100607728908,37.203237790019465,2024-10-24 15:29:38
1225,50,7,15,,,126.82261301287322,37.21100327723461,126.82720772756412,37.208811715362835,2024-10-24 15:29:40
1226,50,23,15,,,126.82323514840519,37.2107903962191,126.8205880957433,37.191703103787226,2024-10-24 15:29:45
1227,51,58,15,,,126.81906365791386,37.20994020352471,126.83420245764655,37.208583629086974,2024-10-24 15:30:05
1228,24,63,15,,,126.81748042589622,37.19045208233347,126.83482984098002,37.211839485619315,2024-10-24 15:30:29
1229,23,10,15,,,126.82075189991976,37.19181844826285,126.81685220932712,37.20980589143463,2024-10-24 15:30:59
1230,50,39,15,,,126.82165662200165,37.21142803496017,126.82085432379064,37.200645174847686,2024-10-24 15:31:03
1231,51,55,15,,,126.81993192520741,37.211331816841195,126.8300571828308,37.20843409624361,2024-10-24 15:31:07
1232,38,21,15,,,126.82374876561174,37.20184061860303,126.81868563214358,37.19574911378576,2024-10-24 15:31:22
1233,48,51,15,,,126.83075348765871,37.21528453627334,126.81908210273372,37.20997224229806,2024-10-24 15:31:41
1234,50,12,15,,,126.82152109316928,37.211530321110395,126.81913705336456,37.20425926133657,2024-10-24 15:33:06
1235,17,23,15,,,126.82735556950041,37.19708549363522,126.82008787567206,37.19106467353316,2024-10-24 15:33:13
1236,43,13,15,,,126.82228815812333,37.18921987936528,126.81697666402175,37.20455996626501,2024-10-24 15:33:14
1237,46,36,15,,,126.82938672380371,37.21215227458824,126.82354743337504,37.199157299542506,2024-10-24 15:34:07
1238,50,55,15,,,126.82272868010547,37.21239115813475,126.8292084825473,37.20988847229056,2024-10-24 15:35:08
1239,50,33,15,,,126.8233707028471,37.211478940472304,126.8299882514299,37.20084894460695,2024-10-24 15:35:37
1240,19,26,15,,,126.82983352587385,37.19600198695341,126.81828301688445,37.194085430212404,2024-10-24 15:35:56
1241,54,3,15,,,126.83351275637644,37.20979659403289,126.82483924503828,37.2095752192988,2024-10-24 15:36:25
1242,15,60,15,,,126.81613348957742,37.205945389345175,126.83300699242058,37.21228734941047,2024-10-24 15:37:12
1243,54,64,15,,,126.83233444971671,37.21114467656616,126.84246437808072,37.20366438107123,2024-10-24 15:37:17
1244,42,50,15,,,126.83103817307601,37.19544540540896,126.82164611592641,37.211664485278696,2024-10-24 15:37:46
1245,50,34,15,,,126.82221491787902,37.21229701726381,126.82269068489259,37.202142695146364,2024-10-24 15:39:09
1246,18,66,15,,,126.82467770624092,37.19542293264103,126.83777956096667,37.20404424072375,2024-10-24 15:39:20
1247,50,17,15,,,126.8217768769634,37.211152458303815,126.82605698936412,37.197123345333345,2024-10-24 15:39:34
1248,14,30,15,,,126.81910728282253,37.20739254190145,126.83153817491956,37.198696507998235,2024-10-24 15:40:17
1249,44,51,15,,,126.82042225373004,37.18975177203928,126.82023979016473,37.211034212736706,2024-10-24 15:40:31
1250,70,57,15,,,126.83870553752735,37.20974968494243,126.8319455564188,37.20537901490277,2024-10-24 15:41:10
1251,37,33,15,,,126.82155171302132,37.19720887260169,126.82939553769101,37.1998826438016,2024-10-24 15:41:39
1252,29,36,15,,,126.82757019732632,37.20323660159634,126.82347920947326,37.198174267159295,2024-10-24 15:41:40
1253,33,39,15,,,126.8302298640529,37.19990936312685,126.82169380388288,37.199411677815924,2024-10-24 15:43:33
1254,34,21,15,,,126.82269863263264,37.20296113428553,126.81896112418386,37.196881591102766,2024-10-24 15:43:36
1255,37,61,15,,,126.82132999926026,37.1966049376608,126.83228134365206,37.21674684018418,2024-10-24 15:44:10
1256,40,8,15,,,126.83067124086774,37.192560973362475,126.82423121162503,37.20605050959404,2024-10-24 15:44:17
1257,39,58,15,,,126.8222987900705,37.19927703108155,126.83461844457244,37.20869539876823,2024-10-24 15:44:38
1258,21,50,15,,,126.81773284503701,37.19726369493695,126.82297557065358,37.211767889003404,2024-10-24 15:45:18
1259,37,50,15,,,126.82056396161502,37.197204571353026,126.8221620349036,37.211160175413816,2024-10-24 15:45:22
1260,51,55,15,,,126.82037848048846,37.21081311629165,126.82959471413638,37.20900302908601,2024-10-24 15:45:27
1261,39,51,15,,,126.82236461189339,37.200285144346395,126.8197677875344,37.211159789189345,2024-10-24 15:45:33
1262,37,2,15,,,126.82090755492271,37.19796336472947,126.82107985750396,37.20519356082435,2024-10-24 15:45:34
1263,17,17,15,,,126.82542882495116,37.19602073854858,126.8256936112192,37.19706641872701,2024-10-24 15:45:44
1264,70,33,15,,,126.838770412213,37.21045477669568,126.82929520409796,37.200454630090185,2024-10-24 15:45:50
1265,38,50,15,,,126.82333857324487,37.20103823468427,126.82285002253836,37.211766096213395,2024-10-24 15:47:01
1266,32,43,15,,,126.83162576542541,37.20273293441577,126.8222906624669,37.18907959012817,2024-10-24 15:47:07
1267,45,36,15,,,126.82435048112491,37.21183542080005,126.82384587210385,37.19804623184123,2024-10-24 15:47:15
1268,51,34,15,,,126.81899566088546,37.20971529721616,126.82261234741927,37.202462759072354,2024-10-24 15:47:35
1269,50,59,15,,,126.8227980484442,37.210634525503494,126.83341015080912,37.20678720278348,2024-10-24 15:48:07
1270,51,17,15,,,126.82034542278366,37.21048319808812,126.82630957621153,37.197568542638344,2024-10-24 15:48:27
1271,71,37,15,,,126.84053846898561,37.205764266284724,126.82114575539399,37.19725482326218,2024-10-24 15:49:41
1272,59,39,15,,,126.8315278093915,37.20733574006407,126.82071818450983,37.20059492174171,2024-10-24 15:49:56
1273,50,37,15,,,126.8214466152811,37.21203772645685,126.82121928534556,37.19748584716374,2024-10-24 15:50:04
1274,39,56,15,,,126.82233406393767,37.20039759649243,126.83419191065258,37.2047166746278,2024-10-24 15:50:35
1275,24,17,15,,,126.81747885486156,37.18993564748212,126.8257078906732,37.19695318049254,2024-10-24 15:50:36
1276,26,43,15,,,126.81919806272721,37.19442419412701,126.82364073005073,37.18952575677327,2024-10-24 15:50:56
1277,50,54,15,,,126.82327156515936,37.211040092436306,126.83326084593108,37.210278344706744,2024-10-24 15:51:23
1278,50,37,15,,,126.8228429467401,37.21052535965816,126.82052617067072,37.19832347150236,2024-10-24 15:51:24
1279,60,51,15,,,126.83194124655576,37.21256506601744,126.81958558091156,37.21049621371853,2024-10-24 15:52:22
1280,37,26,15,,,126.8210379275226,37.19654837847091,126.81786962144146,37.19451960771213,2024-10-24 15:53:03
1281,50,18,15,,,126.82183493830013,37.210720779411254,126.82354643025676,37.19516322931338,2024-10-24 15:53:10
1282,50,55,15,,,126.82262028459631,37.21186984403787,126.83085103599109,37.20878390583096,2024-10-24 15:53:46
1283,42,51,15,,,126.83177576686765,37.196810126575954,126.81872592540023,37.2109747124055,2024-10-24 15:54:00
1284,40,18,15,,,126.83154919462864,37.192494482376155,126.8228491545727,37.19635969690451,2024-10-24 15:54:10
1285,49,57,15,,,126.82843702184283,37.212961190810596,126.83221845635612,37.20538508974569,2024-10-24 15:54:22
1286,27,71,15,,,126.82698652955054,37.19948269998201,126.84042116625439,37.20591218197714,2024-10-24 15:54:25
1287,50,37,15,,,126.82157537257949,37.21189382068781,126.820426929715,37.197414173798,2024-10-24 15:54:28
1288,23,10,15,,,126.82014845146116,37.191382357933314,126.81720545015081,37.20972836466545,2024-10-24 15:54:29
1289,57,52,15,,,126.83303718825637,37.2046925840322,126.83103729920205,37.2174438237969,2024-10-24 15:54:35
1290,41,50,15,,,126.83391048654738,37.19660123755902,126.82285523097832,37.21217230557114,2024-10-24 15:54:55
1291,17,50,15,,,126.82631767675504,37.19660135117415,126.82258823319769,37.21207837052424,2024-10-24 15:55:01
1292,37,32,15,,,126.82114189633269,37.196952933416064,126.83285639836615,37.201729948294584,2024-10-24 15:55:29
1293,40,37,15,,,126.8313210298429,37.19251256029591,126.82070189171561,37.19802195415583,2024-10-24 15:55:48
1294,26,38,15,,,126.81768834502333,37.19275967930673,126.82377158253543,37.20111720204676,2024-10-24 15:55:56
1295,39,41,15,,,126.82241758059389,37.200862461241385,126.8339143705387,37.196228791850665,2024-10-24 15:56:57
1296,42,37,15,,,126.83097734753198,37.19704477793529,126.82060764196454,37.19651477680259,2024-10-24 15:57:06
1297,16,51,15,,,126.82417739014697,37.19372265727308,126.8206895768337,37.209727923711995,2024-10-24 15:57:34
1298,37,50,15,,,126.82188529797507,37.19787913855348,126.82183106785621,37.21064071304646,2024-10-24 15:57:37
1299,18,60,15,,,126.82414549933996,37.19615081935065,126.83374927816634,37.21254771257535,2024-10-24 15:57:48
1300,50,26,15,,,126.82221582183101,37.211431582266336,126.81779285135832,37.194048369743975,2024-10-24 15:58:08
1301,50,70,15,,,126.8217989621235,37.212418721137354,126.83726960765173,37.21002956272802,2024-10-24 15:59:28
1302,50,39,15,,,126.82230796574709,37.21124135459638,126.82220519761616,37.20050570967355,2024-10-24 15:59:29
1303,24,48,16,,,126.818644295235,37.19126193328962,126.82965046810565,37.21382890758873,2024-10-24 16:01:17
1304,72,19,16,,,126.81096774851746,37.20788069374054,126.82843606089659,37.195593813847445,2024-10-24 16:01:24
1305,50,37,16,,,126.82318983303517,37.2117913088519,126.8217396460963,37.196493222574645,2024-10-24 16:01:26
1306,51,38,16,,,126.8199888781263,37.21126561383397,126.82498253783655,37.2015729671563,2024-10-24 16:01:34
1307,48,70,16,,,126.83104190970784,37.21426066740205,126.83717070364293,37.20985687072402,2024-10-24 16:01:59
1308,37,50,16,,,126.8215795687211,37.19677734205721,126.82314877463043,37.212059278614234,2024-10-24 16:02:14
1309,26,37,16,,,126.81868831707689,37.192660185300234,126.82182548829536,37.19793270425407,2024-10-24 16:02:57
1310,59,21,16,,,126.83151937206094,37.20683749868842,126.81898860692539,37.1958633207702,2024-10-24 16:03:43
1311,41,50,16,,,126.83396434966524,37.19724049445025,126.82168031948031,37.21079600105283,2024-10-24 16:04:05
1312,42,50,16,,,126.83224281782289,37.196383248132165,126.82195346336633,37.21103438319238,2024-10-24 16:04:23
1313,10,37,16,,,126.81673369613381,37.209536044986535,126.82113288369017,37.19738457552206,2024-10-24 16:04:33
1314,50,11,16,,,126.82197533252241,37.211128323223576,126.81523608820586,37.207384296710465,2024-10-24 16:05:43
1315,28,56,16,,,126.83003074146903,37.202772434376975,126.83506823241328,37.205197670613856,2024-10-24 16:06:11
1316,50,58,16,,,126.8227763385474,37.21214931540665,126.8348367921624,37.208471323629965,2024-10-24 16:06:51
1317,37,51,16,,,126.82124185409074,37.19756131415839,126.81977344952003,37.210526956927595,2024-10-24 16:07:28
1318,51,18,16,,,126.81972739652979,37.2097350340091,126.82438248210498,37.1966283217642,2024-10-24 16:07:33
1319,33,50,16,,,126.82894283392233,37.20118860175733,126.82241882933482,37.21143231706721,2024-10-24 16:07:42
1320,50,34,16,,,126.82222693680538,37.21113349356805,126.82263476856545,37.20341972365047,2024-10-24 16:07:42
1321,20,59,16,,,126.81651624869582,37.19308472573042,126.8320707944963,37.20733681405704,2024-10-24 16:07:57
1322,37,50,16,,,126.82088986506278,37.197190863464655,126.82229868664994,37.21125318680108,2024-10-24 16:08:07
1323,23,39,16,,,126.82009815380827,37.19250675246047,126.82073512067643,37.19969205392915,2024-10-24 16:08:47
1324,23,50,16,,,126.82066304528077,37.19275534117722,126.82160281856078,37.212026561050735,2024-10-24 16:08:53
1325,51,7,16,,,126.81909481538395,37.209425540737854,126.82745305099917,37.20764265125165,2024-10-24 16:09:17
1326,18,26,16,,,126.82346726773224,37.19572533408308,126.81803377041238,37.193497488627415,2024-10-24 16:09:20
1327,57,67,16,,,126.83184996589662,37.20408293302378,126.83468282116745,37.203784257498064,2024-10-24 16:09:40
1328,15,9,16,,,126.81754330389374,37.20616231941865,126.81342914998467,37.20471290169775,2024-10-24 16:09:58
1329,60,37,16,,,126.83208330501945,37.212256520147164,126.82062205659535,37.1981599499304,2024-10-24 16:10:06
1330,43,57,16,,,126.82347617467293,37.1895713274196,126.83145054383377,37.20437385288083,2024-10-24 16:10:57
1331,18,50,16,,,126.82303034917145,37.19489382830668,126.82175620774223,37.210942740678625,2024-10-24 16:11:07
1332,37,50,16,,,126.82052972315157,37.19740656292845,126.82235428402569,37.211931960054436,2024-10-24 16:11:12
1333,58,39,16,,,126.83612220960102,37.20808974044105,126.82078696180648,37.20076625589511,2024-10-24 16:11:15
1334,63,43,16,,,126.83600259273138,37.211774303511746,126.82359998549097,37.190184928928396,2024-10-24 16:11:29
1335,37,10,16,,,126.82221116165552,37.19655302453348,126.8172000987727,37.20901552563241,2024-10-24 16:11:31
1336,16,27,16,,,126.82369498974955,37.19340307194578,126.82627475646132,37.198919330576175,2024-10-24 16:12:30
1337,45,46,16,,,126.82565839492281,37.21163704430897,126.83018144612136,37.21154925608854,2024-10-24 16:13:06
1338,64,70,16,,,126.84345981144266,37.20342057314002,126.83796030882141,37.20959156011194,2024-10-24 16:14:29
1339,55,51,16,,,126.82969515282701,37.209054381325416,126.82003624783523,37.21063213805916,2024-10-24 16:16:01
1340,11,23,16,,,126.81427799267868,37.20851312541163,126.82005260250354,37.19218161223941,2024-10-24 16:17:36
1341,54,37,16,,,126.83257384180746,37.209664445744636,126.8214265528218,37.196920239630515,2024-10-24 16:17:52
1342,58,34,16,,,126.83565620730712,37.208684517743386,126.82133415851725,37.20258176263641,2024-10-24 16:17:58
1343,15,43,16,,,126.817059163635,37.20624528409167,126.82237113993494,37.190968746867334,2024-10-24 16:18:36
1344,50,55,16,,,126.82302576973309,37.21223340285179,126.82992873202662,37.20999350731902,2024-10-24 16:18:42
1345,37,51,16,,,126.82031704064032,37.19706456927811,126.82036853305168,37.209509626034354,2024-10-24 16:19:25
1346,38,50,16,,,126.82376348881355,37.200850022640644,126.8229885802114,37.211647555061575,2024-10-24 16:19:37
1347,16,2,16,,,126.82437009881299,37.19293291784728,126.82246474825924,37.205897361747176,2024-10-24 16:19:54
1348,17,50,16,,,126.82677555374885,37.19742328423481,126.82275026161122,37.211102658293086,2024-10-24 16:21:35
1349,37,60,16,,,126.82157628224026,37.196498358954535,126.83292566890893,37.21285415775906,2024-10-24 16:22:15
1350,34,51,16,,,126.82147770011926,37.20304167235265,126.82016701359139,37.210333280663235,2024-10-24 16:22:23
1351,68,46,16,,,126.8401934707656,37.201224768763346,126.82999902102195,37.21228945377178,2024-10-24 16:22:26
1352,50,23,16,,,126.82285384687967,37.21216518200549,126.82130135308383,37.19240480525799,2024-10-24 16:22:28
1353,38,57,16,,,126.82430170486509,37.200866442304964,126.83207763846109,37.20462424831647,2024-10-24 16:22:59
1354,57,66,16,,,126.83148726574788,37.205317914506274,126.83743064348334,37.20354257634194,2024-10-24 16:23:09
1355,38,35,16,,,126.8237678900707,37.20065296687715,126.81842733212585,37.2029122139097,2024-10-24 16:23:10
1356,23,10,16,,,126.82042280365394,37.19113753636132,126.81624737089429,37.20982718277228,2024-10-24 16:23:21
1357,38,60,16,,,126.82447192190263,37.20191101593996,126.8335044026869,37.21261290570831,2024-10-24 16:23:42
1358,37,51,16,,,126.82142868062333,37.198042710566284,126.81994497074811,37.21094977717092,2024-10-24 16:23:48
1359,29,16,16,,,126.82685475481054,37.201721632235554,126.82298110981786,37.19333080136642,2024-10-24 16:24:02
1360,21,34,16,,,126.81846055701565,37.19562090080692,126.8217543801042,37.20402941022408,2024-10-24 16:24:45
1361,50,11,16,,,126.82315081287659,37.211843857822046,126.8150055321994,37.20805092341782,2024-10-24 16:24:48
1362,33,5,16,,,126.82868452493524,37.20106204867791,126.82629209817797,37.20556306811123,2024-10-24 16:25:01
1363,6,26,16,,,126.82421160392327,37.2033120294206,126.81818217225769,37.19435651157051,2024-10-24 16:25:39
1364,38,21,16,,,126.82381369101303,37.20146041952268,126.81855339843538,37.195538324189194,2024-10-24 16:25:47
1365,37,51,16,,,126.82095103272222,37.196618303809615,126.81939720326862,37.21013412129155,2024-10-24 16:25:58
1366,50,38,16,,,126.82321522755905,37.212355528475875,126.82504149308474,37.20092148874448,2024-10-24 16:26:49
1367,51,38,16,,,126.82058417905738,37.21117216915607,126.82361782254247,37.202088395302155,2024-10-24 16:26:51
1368,37,4,16,,,126.82157784319371,37.19729972041197,126.82144234393527,37.20785506289213,2024-10-24 16:27:03
1369,72,17,16,,,126.81112202741534,37.20668632987782,126.82620345396317,37.19731139521551,2024-10-24 16:27:13
1370,37,21,16,,,126.8215941006873,37.19713579832491,126.81955172760372,37.197243150478556,2024-10-24 16:27:19
1371,37,8,16,,,126.8222158883769,37.19781367794324,126.82540139221634,37.207433457918434,2024-10-24 16:27:20
1372,37,12,16,,,126.82193696492982,37.19666912804656,126.8188044482436,37.20523906267514,2024-10-24 16:27:35
1373,50,26,16,,,126.82255833606109,37.21100912551612,126.81810255419896,37.19350840773821,2024-10-24 16:27:52
1374,50,56,16,,,126.82204481860178,37.212353508114795,126.83574582210504,37.205487651292536,2024-10-24 16:28:11
1375,68,26,16,,,126.83932316094761,37.20301367081946,126.81754175467758,37.193523912130345,2024-10-24 16:28:25
1376,37,67,16,,,126.82165266361972,37.196956841481665,126.8356559294955,37.2030032027613,2024-10-24 16:28:45
1377,50,23,16,,,126.82159300219877,37.210936530445544,126.82036252980414,37.19122133931855,2024-10-24 16:28:52
1378,51,39,16,,,126.81899316714953,37.21062017459217,126.8208246780818,37.20115497079599,2024-10-24 16:29:16
1379,51,51,16,,,126.81989483032068,37.21113206458552,126.81926059923775,37.211409804030154,2024-10-24 16:29:26
1380,39,50,16,,,126.82111113824678,37.20056581846244,126.82188190375804,37.21132914217651,2024-10-24 16:29:33
1381,47,20,16,,,126.82833674664832,37.21069117419203,126.81521485311742,37.19185101725978,2024-10-24 16:29:46
1382,60,9,16,,,126.83368649969911,37.21224125977329,126.81398557165653,37.205431728463815,2024-10-24 16:29:47
1383,51,34,16,,,126.8201650089653,37.210376120090125,126.8220830716289,37.20257560651457,2024-10-24 16:30:49
1384,71,51,16,,,126.84051850406722,37.20463848746813,126.82060947030597,37.21088802824928,2024-10-24 16:30:55
1385,51,50,16,,,126.81968296280796,37.21107390403414,126.82178566490002,37.21094948157476,2024-10-24 16:30:58
1386,70,59,16,,,126.83813781184544,37.21020092774988,126.83335805062656,37.207285888627574,2024-10-24 16:31:25
1387,51,39,16,,,126.82009718705609,37.20981592153555,126.82128650213639,37.199576416980534,2024-10-24 16:31:34
1388,37,51,16,,,126.82196944960623,37.197375425821605,126.81947743438693,37.21043275922772,2024-10-24 16:32:04
1389,9,26,16,,,126.81443435920472,37.20469026075864,126.81771188884352,37.19310306864446,2024-10-24 16:32:15
1390,37,51,16,,,126.82101634207726,37.19760569394846,126.82022760628247,37.21077236469768,2024-10-24 16:33:46
1391,34,50,16,,,126.82211759971591,37.20357879411417,126.82146059129859,37.211614777920836,2024-10-24 16:33:50
1392,50,18,16,,,126.82185552788278,37.21226964339983,126.82433461383327,37.19493354625743,2024-10-24 16:33:53
1393,37,23,16,,,126.82214555267629,37.196885247297146,126.82128903184734,37.19085256907875,2024-10-24 16:33:56
1394,37,21,16,,,126.82179674577829,37.19698138497754,126.81807806092095,37.19555894617907,2024-10-24 16:34:54
1395,12,42,16,,,126.81828250174009,37.205254576215594,126.83171419285087,37.195634467523384,2024-10-24 16:34:59
1396,41,21,16,,,126.83476268475678,37.197102412489436,126.81761388784447,37.19570407454481,2024-10-24 16:35:10
1397,50,14,16,,,126.82254021365469,37.21182894794623,126.81952154847811,37.20815423697807,2024-10-24 16:35:37
1398,37,50,16,,,126.82216590765695,37.197516843778786,126.82224018698356,37.21056371072156,2024-10-24 16:36:54
1399,18,60,16,,,126.82432639990792,37.19609352236704,126.8337282115831,37.21284390419394,2024-10-24 16:37:37
1400,50,37,16,,,126.82265727228958,37.211269894100234,126.8220670608645,37.19782483731515,2024-10-24 16:37:43
1401,7,33,16,,,126.82743726495745,37.20795579610531,126.82871278850034,37.20149552708618,2024-10-24 16:37:56
1402,18,51,16,,,126.82438407170577,37.19591584930933,126.819758856055,37.21047069477958,2024-10-24 16:38:08
1403,56,51,16,,,126.83426747415446,37.204725169270844,126.81968034440291,37.20975912212739,2024-10-24 16:38:11
1404,51,39,16,,,126.82013183159536,37.209654090167824,126.82232441041197,37.20010922253844,2024-10-24 16:38:43
1405,71,59,16,,,126.84078197132021,37.204247296928294,126.8320135555842,37.20798089352313,2024-10-24 16:38:51
1406,29,51,16,,,126.82749265898958,37.2015371916413,126.81975234222851,37.21094587719614,2024-10-24 16:38:55
1407,68,54,16,,,126.83904298591841,37.2030311413115,126.83172963742894,37.209840551162486,2024-10-24 16:40:18
1408,71,50,16,,,126.83971426747591,37.20530466913764,126.82262410388418,37.21058820767423,2024-10-24 16:40:33
1409,55,50,16,,,126.82917710830401,37.20862496766651,126.82204509925343,37.21061801830246,2024-10-24 16:40:46
1410,28,44,16,,,126.83034069517734,37.202892122794616,126.82029287657855,37.1883475054045,2024-10-24 16:41:04
1411,50,72,16,,,126.82247482963609,37.21195897686438,126.81203228734856,37.20682953875817,2024-10-24 16:41:06
1412,41,44,16,,,126.83504947198189,37.19790150457506,126.82104303938263,37.18984721362331,2024-10-24 16:41:56
1413,56,48,16,,,126.83586377745553,37.20540479464376,126.82969930984935,37.2150863977494,2024-10-24 16:42:18
1414,38,51,16,,,126.823352763946,37.20180548849252,126.81888413197801,37.211107762898216,2024-10-24 16:42:38
1415,50,42,16,,,126.82300386969001,37.21113488239105,126.83212951865605,37.196404252156356,2024-10-24 16:43:06
1416,38,45,16,,,126.82474314749291,37.20201438062957,126.82513597344936,37.213262396939065,2024-10-24 16:43:22
1417,54,51,16,,,126.83169252890909,37.21010980271668,126.819341156707,37.20968579900226,2024-10-24 16:44:11
1418,37,26,16,,,126.82179589088433,37.19792682320419,126.81775700773872,37.19411315340836,2024-10-24 16:45:07
1419,37,51,16,,,126.820729990844,37.19691206148401,126.81886454822106,37.21004358818672,2024-10-24 16:45:08
1420,37,50,16,,,126.82127033617921,37.19741940179962,126.82299833736708,37.2115853899047,2024-10-24 16:45:11
1421,51,55,16,,,126.81905540449152,37.20979811546982,126.82904409569234,37.20969744354798,2024-10-24 16:46:13
1422,36,53,16,,,126.82297060553081,37.1982392151356,126.83010662842636,37.20664521612141,2024-10-24 16:46:21
1423,37,26,16,,,126.82086625188954,37.197077515482825,126.8188734871174,37.193774155815284,2024-10-24 16:46:22
1424,50,38,16,,,126.82311328004256,37.21074462121267,126.82394579030523,37.20203500671957,2024-10-24 16:46:46
1425,41,51,16,,,126.83492404431858,37.19772701544246,126.82041503664715,37.210239909655165,2024-10-24 16:46:47
1426,35,21,16,,,126.81891172661253,37.20292571649865,126.81815785985027,37.19645070462524,2024-10-24 16:46:54
1427,10,23,16,,,126.81606706228256,37.20962783403096,126.82079953558559,37.1923225587537,2024-10-24 16:46:57
1428,37,51,16,,,126.8208705715796,37.1965546041833,126.81873408872808,37.21009457764435,2024-10-24 16:46:58
1429,17,51,16,,,126.82647446009273,37.1964946855962,126.81898209977285,37.2101226478655,2024-10-24 16:46:59
1430,38,21,16,,,126.8238407832005,37.20166993503192,126.8191064890013,37.19634840988821,2024-10-24 16:47:09
1431,54,54,16,,,126.83209632375271,37.20998858392509,126.8325184703267,37.209960465404436,2024-10-24 16:47:18
1432,41,26,16,,,126.83360887820493,37.19722840350891,126.81867475666185,37.19352609784066,2024-10-24 16:48:00
1433,60,21,16,,,126.83281166867181,37.21313092072017,126.81901620912708,37.19556785461066,2024-10-24 16:48:24
1434,37,21,16,,,126.82144804660821,37.19795554803944,126.81917864966216,37.19685547873053,2024-10-24 16:48:42
1435,30,51,16,,,126.83133875841233,37.19831402380894,126.81976891772572,37.211222709713226,2024-10-24 16:48:51
1436,31,51,16,,,126.82851825204298,37.19704765707563,126.82011017692913,37.210427779673836,2024-10-24 16:49:31
1437,72,37,16,,,126.81126206976413,37.20778870846589,126.82052332000409,37.19779352759489,2024-10-24 16:50:14
1438,72,23,16,,,126.81095013647342,37.20808486698427,126.8214156359779,37.19139021536332,2024-10-24 16:51:22
1439,50,39,16,,,126.82180014715483,37.210971434585076,126.82231621391665,37.201019398523336,2024-10-24 16:51:39
1440,51,7,16,,,126.81997784977051,37.209523586776015,126.82788347094427,37.20829186885918,2024-10-24 16:52:01
1441,51,26,16,,,126.81988269699758,37.20967957504018,126.81923198067264,37.193348322987845,2024-10-24 16:52:05
1442,50,37,16,,,126.82210537019684,37.21237445825789,126.82190347739952,37.1978549461694,2024-10-24 16:53:32
1443,7,72,16,,,126.82682678635577,37.20703644952606,126.8123103532924,37.20808805526632,2024-10-24 16:54:00
1444,26,34,16,,,126.81853949657307,37.19384726826459,126.82252519648233,37.202992411438366,2024-10-24 16:54:08
1445,71,71,16,,,126.83919686181065,37.2040997265795,126.83981819549238,37.20589245690881,2024-10-24 16:54:29
1446,50,37,16,,,126.82276073908287,37.21238221022803,126.82074009832556,37.19800120913258,2024-10-24 16:54:32
1447,55,68,16,,,126.8304830331406,37.209308980610565,126.83933815984159,37.20126386816937,2024-10-24 16:54:46
1448,41,43,16,,,126.8341703909537,37.197680371300756,126.82333914880363,37.19093276000101,2024-10-24 16:56:14
1449,51,37,16,,,126.81925825940485,37.21007455000135,126.82099594579347,37.19659240161265,2024-10-24 16:56:26
1450,37,23,16,,,126.82161696154847,37.19656006105751,126.82057870110106,37.192737267143066,2024-10-24 16:56:40
1451,7,50,16,,,126.82740916616167,37.2077950952414,126.82303187078291,37.210584979504056,2024-10-24 16:56:49
1452,7,51,16,,,126.82728963327952,37.20820197268481,126.8191437051908,37.210899101176345,2024-10-24 16:56:58
1453,33,24,16,,,126.8290735034908,37.20037542755424,126.81758473559138,37.1901410966745,2024-10-24 16:56:59
1454,57,68,16,,,126.83194461109701,37.204124122301415,126.84063643142868,37.202033016463666,2024-10-24 16:56:59
1455,50,12,16,,,126.82160323890008,37.21078163397899,126.82011328247384,37.20525762248866,2024-10-24 16:57:31
1456,49,43,16,,,126.8281944064488,37.21274722071983,126.8223843646793,37.190622901639856,2024-10-24 16:58:11
1457,58,47,16,,,126.83540638385416,37.20930436021052,126.82690327531303,37.210727115128336,2024-10-24 16:58:14
1458,35,57,16,,,126.81973736237123,37.20182928173181,126.83282829948057,37.205351630296384,2024-10-24 16:58:23
1459,51,51,16,,,126.81922707044134,37.21104621398277,126.81945881177795,37.21091227518911,2024-10-24 16:58:50
1460,4,58,16,,,126.82182644229628,37.208735653165085,126.83531443725167,37.20932496059354,2024-10-24 16:59:13
1461,39,50,17,,,126.82245033343918,37.20014519938891,126.8233573743301,37.21211128879939,2024-10-24 17:00:21
1462,61,62,17,,,126.83226789239644,37.215550623432094,126.83727361044234,37.211415418787716,2024-10-24 17:00:27
1463,51,21,17,,,126.81873422808701,37.20986243065961,126.81941947857958,37.19590514181067,2024-10-24 17:00:38
1464,11,38,17,,,126.8142801509999,37.20760060401907,126.82490640931749,37.201703324901246,2024-10-24 17:00:54
1465,50,26,17,,,126.82325173779228,37.21074108002805,126.8173910913969,37.192887177380754,2024-10-24 17:01:16
1466,19,21,17,,,126.82849788941907,37.19487883785223,126.81936243559251,37.19546989398092,2024-10-24 17:01:17
1467,65,9,17,,,126.83402829190767,37.19940981535832,126.81362652998601,37.204879796990866,2024-10-24 17:02:01
1468,31,12,17,,,126.82876569077939,37.19846391672412,126.81870079209105,37.20401660026121,2024-10-24 17:02:10
1469,50,7,17,,,126.82161485859909,37.211546068672995,126.82705035182997,37.207641405360754,2024-10-24 17:02:44
1470,33,11,17,,,126.82864836597403,37.20068039431875,126.81373668370847,37.20749325201882,2024-10-24 17:02:51
1471,59,26,17,,,126.8332875547489,37.20736963894394,126.81873958534482,37.193805224678655,2024-10-24 17:02:52
1472,51,37,17,,,126.81914376115985,37.21118699401354,126.82110087080532,37.196979469772586,2024-10-24 17:02:58
1473,56,54,17,,,126.83453206342428,37.20476390165867,126.83359137112734,37.21006517075014,2024-10-24 17:03:00
1474,72,21,17,,,126.8118165188945,37.20770216682356,126.81816504669231,37.19705174370897,2024-10-24 17:03:09
1475,31,64,17,,,126.82920426597025,37.19839047542454,126.84322337302949,37.204046113756434,2024-10-24 17:03:11
1476,39,10,17,,,126.82236711837967,37.20075202495389,126.81715504767324,37.20923573611157,2024-10-24 17:03:15
1477,50,11,17,,,126.8219897020999,37.212374154985724,126.81369206551777,37.20782409791639,2024-10-24 17:03:19
1478,17,66,17,,,126.82561094648966,37.19643734035358,126.83723337178681,37.20460320062851,2024-10-24 17:03:28
1479,50,26,17,,,126.82242288175111,37.21241509928894,126.81835842183214,37.19402880772505,2024-10-24 17:03:36
1480,53,6,17,,,126.83001480789319,37.20589984044524,126.82474781156071,37.20326671338151,2024-10-24 17:03:44
1481,51,23,17,,,126.8201866116247,37.21059571829782,126.82168056193669,37.1910479838627,2024-10-24 17:04:27
1482,50,38,17,,,126.82219436175178,37.21146885669509,126.82494116006758,37.20078719335279,2024-10-24 17:04:28
1483,51,51,17,,,126.81993379785891,37.210970888073774,126.8199453622628,37.21094758627114,2024-10-24 17:04:58
1484,51,37,17,,,126.81908841838305,37.211253379573705,126.8203864349164,37.19708205297817,2024-10-24 17:05:04
1485,50,34,17,,,126.8225930838146,37.21211435572343,126.82079810517347,37.2028578424859,2024-10-24 17:05:46
1486,12,41,17,,,126.81827516341508,37.20403884065434,126.83326757081996,37.19641978028371,2024-10-24 17:05:58
1487,49,28,17,,,126.82756669817206,37.21386595640411,126.82968187495189,37.20272305327769,2024-10-24 17:08:06
1488,33,56,17,,,126.82919249029925,37.20136297304779,126.83544679603578,37.20547441897039,2024-10-24 17:08:23
1489,7,64,17,,,126.82690224961411,37.20840018405073,126.84237202034686,37.202750785368394,2024-10-24 17:08:43
1490,46,19,17,,,126.83023705238678,37.21286423856597,126.82925513052898,37.19509311097033,2024-10-24 17:08:49
1491,43,23,17,,,126.82316603830766,37.190010940292915,126.82086594634183,37.19153171047469,2024-10-24 17:08:52
1492,70,54,17,,,126.8370803225593,37.21030497554328,126.83273699784704,37.2095727567477,2024-10-24 17:09:51
1493,72,26,17,,,126.81074838509984,37.20683136328308,126.81909884721365,37.19411891441802,2024-10-24 17:10:08
1494,36,51,17,,,126.82400433438998,37.19901074486339,126.81897065341293,37.210993820612586,2024-10-24 17:10:20
1495,17,26,17,,,126.82629615134329,37.197247202605084,126.81739239978717,37.193497784252436,2024-10-24 17:10:24
1496,7,44,17,,,126.82735598973089,37.20889289140147,126.81975774944931,37.18927239253795,2024-10-24 17:10:35
1497,50,38,17,,,126.82245444543193,37.21206456100051,126.82499183373919,37.2011672173545,2024-10-24 17:11:28
1498,50,34,17,,,126.82174471202477,37.211071217124186,126.82101659262716,37.20359085613817,2024-10-24 17:11:28
1499,50,56,17,,,126.82316991052673,37.21132683974077,126.83543366019111,37.206049518643056,2024-10-24 17:11:50
1500,67,4,17,,,126.8347934098428,37.20250685928014,126.82119859286807,37.208042133933546,2024-10-24 17:11:53
1501,14,63,17,,,126.81888948716397,37.208322029314644,126.83565692887048,37.21157167665215,2024-10-24 17:12:50
1502,55,51,17,,,126.82901112662442,37.20832852965841,126.81988043774467,37.210845987918525,2024-10-24 17:13:08
1503,51,23,17,,,126.81982607884333,37.21073906597258,126.82094371560302,37.192157889244854,2024-10-24 17:13:13
1504,24,57,17,,,126.81811399863618,37.190025176862356,126.83310953607723,37.205149085913796,2024-10-24 17:13:37
1505,58,65,17,,,126.83481618331659,37.209029182216305,126.83484965329322,37.20034728989638,2024-10-24 17:13:44
1506,24,37,17,,,126.81862813576991,37.190277463104074,126.82051893977518,37.19775771661587,2024-10-24 17:14:08
1507,50,55,17,,,126.82257840150687,37.21142011235828,126.83037023958063,37.20814426571097,2024-10-24 17:14:22
1508,50,39,17,,,126.8224000310155,37.211670832008096,126.82196279820535,37.19932987452843,2024-10-24 17:14:31
1509,51,21,17,,,126.81968228209087,37.209887905017766,126.81813819391625,37.19606887120052,2024-10-24 17:15:05
1510,50,23,17,,,126.82205736993663,37.21230100251068,126.82115432281454,37.19088476147078,2024-10-24 17:15:53
1511,42,23,17,,,126.83111995484691,37.19581606742554,126.82124314407193,37.19236270056772,2024-10-24 17:15:57
1512,50,38,17,,,126.822551432326,37.21200478115312,126.82467362823282,37.20130567132307,2024-10-24 17:16:21
1513,68,21,17,,,126.83957554659212,37.20191212573493,126.8186305346819,37.19568559245666,2024-10-24 17:16:23
1514,38,70,17,,,126.82377673245497,37.20198417041472,126.83782928237355,37.20938502106547,2024-10-24 17:16:28
1515,34,55,17,,,126.82165546455076,37.20372387349516,126.82932907305084,37.20868603307856,2024-10-24 17:16:44
1516,31,10,17,,,126.82840743220038,37.19756437338829,126.81779909205412,37.209994159716565,2024-10-24 17:17:48
1517,35,33,17,,,126.81953350529722,37.20171823111898,126.82964426388725,37.20038706967723,2024-10-24 17:18:09
1518,50,38,17,,,126.82255171956731,37.21160866420151,126.8246948048698,37.20052273127416,2024-10-24 17:18:22
1519,51,34,17,,,126.8197312552861,37.209662824523186,126.82174265171307,37.20304539618629,2024-10-24 17:18:42
1520,38,51,17,,,126.82419219148919,37.20074718147267,126.8193760825073,37.21004389395749,2024-10-24 17:19:22
1521,63,34,17,,,126.8356201183732,37.211155246447774,126.82142795635905,37.203879664285424,2024-10-24 17:19:50
1522,18,50,17,,,126.82352060008648,37.19476302702043,126.82282860254266,37.21152722511811,2024-10-24 17:19:51
1523,50,10,17,,,126.82296178157443,37.21147236475625,126.8171894256011,37.2086225419512,2024-10-24 17:20:04
1524,50,37,17,,,126.82326252920272,37.21101638225515,126.8203645029042,37.19822260671799,2024-10-24 17:22:07
1525,60,50,17,,,126.8326479728702,37.213623754293614,126.8230315428186,37.21130113880846,2024-10-24 17:22:37
1526,51,50,17,,,126.82033793233948,37.2110844241553,126.82185286150393,37.21153986376452,2024-10-24 17:23:15
1527,21,42,17,,,126.8185919530907,37.19621909422017,126.8319208320257,37.19629071057566,2024-10-24 17:23:28
1528,38,15,17,,,126.82372840976504,37.200335516908275,126.8176275705482,37.206578540667,2024-10-24 17:23:29
1529,10,23,17,,,126.8161737162359,37.20884798274844,126.82004130611752,37.19180001117696,2024-10-24 17:24:15
1530,51,21,17,,,126.82032722639578,37.20980241248298,126.819193510189,37.19659334595942,2024-10-24 17:24:25
1531,11,58,17,,,126.81525219447289,37.20863845790105,126.83574236093916,37.208808859180095,2024-10-24 17:24:37
1532,33,21,17,,,126.82889851935286,37.19997984795908,126.81858847443367,37.19622590866319,2024-10-24 17:24:41
1533,51,10,17,,,126.81941059622861,37.21107432280039,126.81754610880155,37.20869263561357,2024-10-24 17:25:41
1534,50,21,17,,,126.82281944116306,37.211450968772056,126.81910058366324,37.196554292263464,2024-10-24 17:25:45
1535,54,21,17,,,126.83252809990624,37.21012189268008,126.81777923705545,37.19658329425173,2024-10-24 17:26:12
1536,50,38,17,,,126.82191794922642,37.212399227787145,126.82427509044655,37.20095638533242,2024-10-24 17:26:17
1537,1,49,17,,,126.81624237971167,37.1980301629923,126.82826243974074,37.213508897137515,2024-10-24 17:26:29
1538,38,51,17,,,126.82464895272014,37.20176990980594,126.82067851268677,37.209671400422195,2024-10-24 17:26:37
1539,51,23,17,,,126.81924935985576,37.209641282185494,126.82015438932828,37.19179377331958,2024-10-24 17:27:02
1540,38,51,17,,,126.82493079764038,37.20187051311042,126.81976953173299,37.209587950976776,2024-10-24 17:27:36
1541,50,37,17,,,126.82149720164162,37.21185773081074,126.82062366234736,37.19834585038077,2024-10-24 17:27:48
1542,54,17,17,,,126.83287104013107,37.20965969846188,126.82542683253749,37.197089088304736,2024-10-24 17:28:03
1543,18,21,17,,,126.82419539596877,37.19638622511253,126.81868529025074,37.19653455194419,2024-10-24 17:28:22
1544,11,10,17,,,126.81392120628367,37.20901064401094,126.81692017341014,37.209512679116095,2024-10-24 17:28:24
1545,46,15,17,,,126.82949937377911,37.21257579861351,126.81720897050023,37.20577720515154,2024-10-24 17:28:27
1546,19,51,17,,,126.82810007059952,37.19581310994626,126.81998702437319,37.210664782509824,2024-10-24 17:28:28
1547,50,21,17,,,126.82199877793043,37.21146286654071,126.81825232769579,37.19624762169857,2024-10-24 17:28:30
1548,56,23,17,,,126.8351504314816,37.205605717899175,126.82008878054737,37.19116496885568,2024-10-24 17:28:44
1549,10,21,17,,,126.81693949009689,37.209164301148775,126.81920233071583,37.19678349284173,2024-10-24 17:29:00
1550,37,34,17,,,126.82107936530592,37.19725042254865,126.82241291884435,37.20297175288323,2024-10-24 17:29:16
1551,15,2,17,,,126.81750304808038,37.20720713661545,126.82110405047828,37.205946793831096,2024-10-24 17:29:44
1552,32,71,17,,,126.83292451998777,37.20234447849253,126.84100473314578,37.20550018520397,2024-10-24 17:29:53
1553,50,26,17,,,126.82267120723162,37.21197233926408,126.81876756148213,37.19425959772456,2024-10-24 17:30:14
1554,21,30,17,,,126.81761829504967,37.196737901723814,126.8311594474244,37.19850695033146,2024-10-24 17:30:36
1555,51,37,17,,,126.81947838251699,37.21005187305968,126.82202094358496,37.197093015341814,2024-10-24 17:30:38
1556,17,50,17,,,126.82580829628633,37.196940092780366,126.82304705123791,37.21163937459867,2024-10-24 17:30:41
1557,50,38,17,,,126.82300466160773,37.210584097834804,126.82441030811142,37.202241941326406,2024-10-24 17:30:50
1558,48,29,17,,,126.830927825954,37.21469058483059,126.82659215009919,37.203288656685615,2024-10-24 17:31:05
1559,60,21,17,,,126.83237418734278,37.21325705171425,126.81948185765822,37.196812045198094,2024-10-24 17:31:50
1560,58,71,17,,,126.83479537033818,37.208658179208776,126.84098154341082,37.205145478029294,2024-10-24 17:31:54
1561,7,50,17,,,126.82811584773074,37.207906267214,126.82167658724961,37.21145573640552,2024-10-24 17:31:57
1562,58,23,17,,,126.83481888010046,37.20807600343109,126.8198295988202,37.191530782032416,2024-10-24 17:32:03
1563,26,37,17,,,126.81777201011252,37.1931349943647,126.82029700785849,37.19651770238342,2024-10-24 17:33:42
1564,50,21,17,,,126.82290273173427,37.211773434201156,126.81787464638211,37.196677314332746,2024-10-24 17:34:27
1565,7,4,17,,,126.82722848205988,37.207715045870934,126.82252808188368,37.2081335114966,2024-10-24 17:35:02
1566,42,50,17,,,126.83219656930297,37.19628013124717,126.82157534983577,37.2112230487408,2024-10-24 17:35:15
1567,50,34,17,,,126.82189372975864,37.21113527854591,126.82090680515162,37.202283536003684,2024-10-24 17:36:02
1568,51,6,17,,,126.82044810533117,37.20958168670371,126.82446998130233,37.20443766580555,2024-10-24 17:36:44
1569,53,39,17,,,126.83046229609609,37.20540130458393,126.82171903626681,37.200042271193865,2024-10-24 17:38:10
1570,58,33,17,,,126.83497720175008,37.20917605901318,126.8287150171844,37.20005659712366,2024-10-24 17:38:11
1571,31,51,17,,,126.82860586555218,37.197298476916096,126.81940514670084,37.210100037558185,2024-10-24 17:38:21
1572,50,43,17,,,126.82155880437983,37.210640384114654,126.82393470634922,37.190455292769336,2024-10-24 17:38:26
1573,39,51,17,,,126.82235951116556,37.20066819930969,126.82038365628829,37.2107504302209,2024-10-24 17:38:36
1574,9,69,17,,,126.81325559732052,37.20453736345877,126.83680951888442,37.205813905087766,2024-10-24 17:38:48
1575,50,26,17,,,126.8229225644535,37.211760732098725,126.818643463585,37.1931453867374,2024-10-24 17:39:02
1576,51,56,17,,,126.82064371590523,37.209669041874825,126.83466351997417,37.206476348048845,2024-10-24 17:39:31
1577,58,26,17,,,126.83442228023797,37.208774008214405,126.81899151180575,37.19300246528884,2024-10-24 17:40:02
1578,43,26,17,,,126.82383135957308,37.19017637105187,126.81852175178513,37.19427172016338,2024-10-24 17:40:09
1579,50,39,17,,,126.82273936976662,37.21100229158993,126.82216930965961,37.20123738880539,2024-10-24 17:40:48
1580,23,37,17,,,126.8212438334605,37.19250002962499,126.82202709345395,37.19736053827365,2024-10-24 17:41:06
1581,59,19,17,,,126.83210488566303,37.20697704077985,126.82961840007525,37.19424452455016,2024-10-24 17:42:03
1582,38,26,17,,,126.82456379020667,37.20162378661606,126.81891627041608,37.19430304037092,2024-10-24 17:42:12
1583,51,38,17,,,126.81965459758803,37.209612841324955,126.82435390981668,37.2019358305896,2024-10-24 17:42:41
1584,51,48,17,,,126.82037567991507,37.21128951073344,126.83038198639221,37.214238180839295,2024-10-24 17:42:45
1585,38,56,17,,,126.82322463072612,37.20063976712173,126.83509373691162,37.20623611669143,2024-10-24 17:43:23
1586,50,38,17,,,126.8229451373473,37.2115013784224,126.82424972778475,37.20060444650223,2024-10-24 17:43:24
1587,45,27,17,,,126.8249444653123,37.212428480351626,126.82660862487339,37.2004471299501,2024-10-24 17:43:26
1588,37,58,17,,,126.82140986118735,37.19672550791121,126.83609317361885,37.20941412055416,2024-10-24 17:43:47
1589,50,26,17,,,126.82176422763898,37.21161921932165,126.81850685539617,37.193765098687535,2024-10-24 17:43:57
1590,50,56,17,,,126.82259694767312,37.21234502923726,126.83392788693409,37.20465147778831,2024-10-24 17:44:07
1591,51,26,17,,,126.82057218340637,37.20952311472529,126.81934335718302,37.19339278692112,2024-10-24 17:44:22
1592,54,26,17,,,126.83323774669964,37.211068644198335,126.81800953156768,37.19343584410464,2024-10-24 17:44:26
1593,50,38,17,,,126.82198859985623,37.21207094204848,126.82333666498668,37.201133204284105,2024-10-24 17:44:28
1594,50,38,17,,,126.82138046003571,37.212444677283244,126.82413322079528,37.20218672607336,2024-10-24 17:44:34
1595,68,20,17,,,126.83905278409502,37.202747672587215,126.81527957394654,37.19331926445066,2024-10-24 17:44:42
1596,10,72,17,,,126.81758253129814,37.20926402022739,126.81073238458244,37.20786182172067,2024-10-24 17:45:09
1597,1,30,17,,,126.81585117921261,37.197269506614084,126.83166592965924,37.198330671289746,2024-10-24 17:45:25
1598,11,12,17,,,126.81494157938893,37.2081570291281,126.82008363543274,37.2044713304344,2024-10-24 17:45:45
1599,42,48,17,,,126.83130621530653,37.19539533614055,126.82964528718492,37.21521889835137,2024-10-24 17:45:54
1600,51,26,17,,,126.82063428625123,37.209465624140115,126.81858205733216,37.193883159499755,2024-10-24 17:46:17
1601,18,51,17,,,126.82445650773353,37.19649913887488,126.81881607411215,37.209883200702315,2024-10-24 17:46:19
1602,51,26,17,,,126.81960251699508,37.21053962108471,126.81863507680244,37.19440347131571,2024-10-24 17:46:28
1603,38,10,17,,,126.8249159410039,37.201721293230264,126.81663756758554,37.20978136442745,2024-10-24 17:46:28
1604,71,56,17,,,126.84025451195777,37.2047371671354,126.83439782898598,37.20659688237354,2024-10-24 17:47:24
1605,51,18,17,,,126.81894419247718,37.211386980132914,126.82310722105743,37.195429953873024,2024-10-24 17:47:35
1606,38,21,17,,,126.82445660697168,37.201127588587795,126.8188254005615,37.197118032359135,2024-10-24 17:47:48
1607,51,23,17,,,126.81911283739038,37.210833325143284,126.82145568207683,37.19118529563011,2024-10-24 17:48:03
1608,42,56,17,,,126.83137498976174,37.19596677742011,126.83475850317305,37.20482741651618,2024-10-24 17:48:34
1609,50,37,17,,,126.82215925359476,37.21061751723968,126.82108639229114,37.19706368663884,2024-10-24 17:48:41
1610,37,51,17,,,126.82214803234776,37.1980360974425,126.81932427389144,37.20958894555927,2024-10-24 17:48:59
1611,23,48,17,,,126.82173304187208,37.19221589241396,126.83078104792921,37.21541003519871,2024-10-24 17:49:21
1612,50,50,17,,,126.82193829076904,37.211613471838184,126.82260026479123,37.21136443853927,2024-10-24 17:49:29
1613,50,21,17,,,126.8229789974147,37.211150946248274,126.81839593785443,37.19667187746787,2024-10-24 17:49:41
1614,39,4,17,,,126.82123039005023,37.199358796545056,126.82186455550377,37.208939030136584,2024-10-24 17:49:58
1615,33,51,17,,,126.82862286484229,37.20140676828917,126.82033298631335,37.21014686294551,2024-10-24 17:50:00
1616,24,8,17,,,126.8180742768596,37.19043305980894,126.82394058846386,37.207892476877824,2024-10-24 17:50:08
1617,50,18,17,,,126.82162402998331,37.21147810098767,126.82446209241391,37.19538629047754,2024-10-24 17:50:29
1618,11,56,17,,,126.81429935623996,37.208460908196926,126.83585657349246,37.20587991804192,2024-10-24 17:50:48
1619,50,51,17,,,126.82192540045052,37.21191602186278,126.8193379412505,37.21074394318588,2024-10-24 17:51:23
1620,56,58,17,,,126.83507606155098,37.20535840656913,126.83442432883605,37.20854094201464,2024-10-24 17:51:29
1621,15,15,17,,,126.81673464753992,37.206449808306665,126.81611888035125,37.205566590852236,2024-10-24 17:52:32
1622,37,51,17,,,126.82038368332411,37.196752253074585,126.82001501709223,37.21093777390032,2024-10-24 17:52:43
1623,33,10,17,,,126.82987858589296,37.200886927951984,126.81765739756887,37.210233029327625,2024-10-24 17:53:21
1624,50,34,17,,,126.82303875527441,37.210912123671214,126.82186724338676,37.20373208163706,2024-10-24 17:53:42
1625,37,50,17,,,126.82214822717984,37.197788000989014,126.82291967789448,37.211385671053876,2024-10-24 17:54:14
1626,37,60,17,,,126.82130030339354,37.197744326974714,126.8327001548991,37.21260066052882,2024-10-24 17:54:32
1627,70,26,17,,,126.83858206078928,37.21053491912717,126.81748389926865,37.1942844662508,2024-10-24 17:54:32
1628,50,50,17,,,126.82274357616424,37.21113712155881,126.82190209523907,37.211185784187805,2024-10-24 17:54:45
1629,51,37,17,,,126.82016955310559,37.209470133007954,126.82110838718089,37.19837979493337,2024-10-24 17:55:08
1630,11,26,17,,,126.81369608603374,37.20763151678427,126.81856124997661,37.194021749216446,2024-10-24 17:55:17
1631,2,19,17,,,126.82130457504883,37.20560610082552,126.82805208404062,37.19529620127012,2024-10-24 17:55:21
1632,51,7,17,,,126.81958501828835,37.21105150232872,126.82824551036386,37.20727838736006,2024-10-24 17:56:48
1633,56,17,17,,,126.83505515397371,37.205030148376494,126.82591819165067,37.197044367712905,2024-10-24 17:57:23
1634,67,39,17,,,126.83388678036647,37.20235080150606,126.8207589193831,37.20090179654034,2024-10-24 17:57:32
1635,51,56,17,,,126.8202599572272,37.21080611646425,126.83551350390668,37.20476692376006,2024-10-24 17:57:52
1636,72,32,17,,,126.81181003159494,37.20719254103631,126.8324538228566,37.201724485994255,2024-10-24 17:58:07
1637,51,23,17,,,126.81974082466672,37.209875319480645,126.82019713823095,37.19235762745933,2024-10-24 17:58:24
1638,50,34,17,,,126.82205928728239,37.21236821124227,126.82075625176597,37.20241526276686,2024-10-24 17:58:50
1639,11,31,17,,,126.81419350909333,37.20860395084149,126.82888008895615,37.19688611607684,2024-10-24 17:59:30
1640,32,50,17,,,126.83233819754999,37.201777279607256,126.8232326383692,37.21191332350981,2024-10-24 17:59:38
1641,59,43,18,,,126.8329951348339,37.206571518919894,126.82310739478147,37.189894113360936,2024-10-24 18:00:06
1642,51,33,18,,,126.82015540203159,37.21114269938473,126.82912338389859,37.20041429849251,2024-10-24 18:00:52
1643,18,23,18,,,126.82302862182101,37.19653328097155,126.82047393619196,37.19269839713351,2024-10-24 18:02:11
1644,50,42,18,,,126.82282999101776,37.210976641611474,126.83143833626181,37.19709249591115,2024-10-24 18:02:35
1645,50,7,18,,,126.82314394628749,37.21094164937908,126.8279623336415,37.20862540450645,2024-10-24 18:04:18
1646,10,11,18,,,126.81617501413487,37.209056448210106,126.81435149323104,37.208942340095035,2024-10-24 18:05:10
1647,50,60,18,,,126.82209853804308,37.212402540059834,126.83283757623222,37.21276464665662,2024-10-24 18:05:27
1648,50,28,18,,,126.82334220596202,37.21170024796548,126.82989414648782,37.2038739511534,2024-10-24 18:06:28
1649,19,37,18,,,126.82979006541088,37.19469251148249,126.82087003759618,37.197701610322845,2024-10-24 18:07:24
1650,64,54,18,,,126.84184880899856,37.203990202341885,126.83242734549987,37.20977972566456,2024-10-24 18:07:27
1651,30,62,18,,,126.8316118712355,37.19818920410661,126.8378212176528,37.21284166911903,2024-10-24 18:07:33
1652,51,51,18,,,126.81982588193179,37.21018904115311,126.81956726063841,37.20980784553088,2024-10-24 18:08:29
1653,16,17,18,,,126.82397307489575,37.19248483705879,126.82672331570224,37.19676924066414,2024-10-24 18:08:45
1654,50,39,18,,,126.82197260363304,37.21124956093216,126.82089320297436,37.19954224623859,2024-10-24 18:09:23
1655,48,26,18,,,126.82947096559722,37.214085051898394,126.81794143353723,37.19272872082001,2024-10-24 18:11:00
1656,50,7,18,,,126.82146739919706,37.211948536669084,126.82793268098135,37.20805655637742,2024-10-24 18:11:27
1657,22,3,18,,,126.8159986509761,37.19447076610953,126.82521846030609,37.20883021294458,2024-10-24 18:11:42
1658,3,29,18,,,126.82458816864927,37.2094097409021,126.8272847857253,37.202789536910984,2024-10-24 18:12:13
1659,55,50,18,,,126.82931819667458,37.20986452881226,126.82276304777021,37.211354256621156,2024-10-24 18:12:53
1660,60,70,18,,,126.83290137676843,37.212982154198016,126.83795291746748,37.208760005798695,2024-10-24 18:13:31
1661,50,7,18,,,126.82212866357926,37.21235815477978,126.82648420516881,37.2075086368223,2024-10-24 18:13:46
1662,50,60,18,,,126.82172672582159,37.21075163567438,126.83348661544842,37.21310690587983,2024-10-24 18:13:56
1663,50,60,18,,,126.82153570319952,37.21097313393153,126.83251907520265,37.21345918988863,2024-10-24 18:13:57
1664,26,30,18,,,126.81867228401624,37.19299376942989,126.83088995119063,37.19807088763382,2024-10-24 18:14:03
1665,61,21,18,,,126.8322383942126,37.21519626522378,126.81909501057014,37.195708331641576,2024-10-24 18:14:30
1666,50,17,18,,,126.82291446443398,37.21132270734696,126.82738656803008,37.19676879229077,2024-10-24 18:14:55
1667,11,41,18,,,126.81374566129396,37.20870380509685,126.8344098076054,37.19666340165838,2024-10-24 18:15:29
1668,50,56,18,,,126.8220419147175,37.21219438336626,126.83498735321237,37.2051274172604,2024-10-24 18:15:38
1669,38,11,18,,,126.82348471272338,37.202090796077414,126.81440138633823,37.20902224498102,2024-10-24 18:16:21
1670,48,21,18,,,126.83031028064707,37.21517103678575,126.81813496497392,37.19628444830794,2024-10-24 18:16:32
1671,38,1,18,,,126.82440432130831,37.20067886866093,126.81588559555138,37.19794143684712,2024-10-24 18:17:00
1672,42,18,18,,,126.83064015418742,37.195530137346424,126.82399897258894,37.19474242834937,2024-10-24 18:17:15
1673,51,55,18,,,126.82019781955779,37.21096192988776,126.83040480639069,37.208809673854304,2024-10-24 18:17:25
1674,64,17,18,,,126.84325978782738,37.20421937260866,126.82723156225504,37.196651101141114,2024-10-24 18:17:42
1675,11,10,18,,,126.81392485955617,37.20727420107347,126.817576433621,37.209982880051435,2024-10-24 18:17:49
1676,48,60,18,,,126.83015100732123,37.21405086666174,126.83196503895387,37.212442556545646,2024-10-24 18:18:39
1677,72,10,18,,,126.81070120045305,37.206304526948834,126.81698056581844,37.20880782259749,2024-10-24 18:18:53
1678,37,51,18,,,126.82209853839993,37.197716201986715,126.82037994369551,37.21011295281056,2024-10-24 18:19:39
1679,60,12,18,,,126.83223741777529,37.2134752961509,126.81965550597226,37.20453796445192,2024-10-24 18:19:41
1680,50,70,18,,,126.82168497159014,37.21169088039837,126.83733331664345,37.20999282576902,2024-10-24 18:20:29
1681,10,39,18,,,126.81754714282101,37.20982868503286,126.82086571718743,37.20092980153827,2024-10-24 18:20:39
1682,50,5,18,,,126.82257578487305,37.211388487044125,126.82683224023114,37.20431334610453,2024-10-24 18:21:02
1683,50,38,18,,,126.82223636991517,37.2109733063265,126.8233276275548,37.20080680390239,2024-10-24 18:21:05
1684,14,55,18,,,126.81932861415156,37.208295608589665,126.8298219251892,37.20999637603404,2024-10-24 18:21:22
1685,10,10,18,,,126.8160596135059,37.20888430127108,126.81654142686912,37.20922163932901,2024-10-24 18:21:38
1686,50,33,18,,,126.82271211535061,37.21245655673756,126.828349570974,37.19980080983092,2024-10-24 18:21:42
1687,50,7,18,,,126.82175846924422,37.21162462190962,126.82738483761551,37.20744579480689,2024-10-24 18:22:01
1688,51,18,18,,,126.81963318171015,37.209692701828736,126.82310049097121,37.194998441502015,2024-10-24 18:22:44
1689,8,21,18,,,126.82455163893269,37.20680279828643,126.81918569013082,37.19616077839375,2024-10-24 18:22:57
1690,72,70,18,,,126.8122755615338,37.20817489234458,126.8381488897698,37.21042151139221,2024-10-24 18:23:25
1691,16,33,18,,,126.82333575940515,37.1925533376712,126.82912101081173,37.20103730847613,2024-10-24 18:24:12
1692,10,34,18,,,126.81641079030653,37.20841482511013,126.82136662047063,37.20244753940114,2024-10-24 18:24:35
1693,72,29,18,,,126.81261566083458,37.20738197181779,126.82771774274168,37.202923245503975,2024-10-24 18:25:38
1694,18,51,18,,,126.82350251163513,37.195097401827624,126.81907134210397,37.21048837029172,2024-10-24 18:26:01
1695,53,65,18,,,126.8299347583269,37.20609223214026,126.83449716422737,37.20081356091841,2024-10-24 18:26:14
1696,7,48,18,,,126.82715147801778,37.207468743628844,126.82974925201448,37.21449803963326,2024-10-24 18:27:01
1697,46,16,18,,,126.82971189288253,37.21100372427245,126.82277042591808,37.19329189239762,2024-10-24 18:27:04
1698,50,11,18,,,126.82140333692914,37.21180849919429,126.81376610363958,37.20768266919608,2024-10-24 18:27:27
1699,11,34,18,,,126.81496963388432,37.20914876333153,126.82073191932626,37.20356985890546,2024-10-24 18:27:34
1700,57,3,18,,,126.83307206786341,37.20506704550644,126.82405895935004,37.2105049305536,2024-10-24 18:28:05
1701,51,33,18,,,126.82063565002115,37.211299959100735,126.82929337560611,37.20041207265976,2024-10-24 18:28:23
1702,50,7,18,,,126.82140849410104,37.210556402014895,126.82766135136,37.20867260927446,2024-10-24 18:28:47
1703,50,60,18,,,126.82284923038137,37.21151109878372,126.8335353568788,37.21352986060791,2024-10-24 18:28:51
1704,50,10,18,,,126.82180693414568,37.210742121597974,126.81635742022834,37.20905141499157,2024-10-24 18:29:12
1705,15,4,18,,,126.81690356299956,37.20642290106688,126.82231062570918,37.20843445140659,2024-10-24 18:29:56
1706,7,60,18,,,126.82676178746506,37.20806919761724,126.83292067343947,37.212091497522366,2024-10-24 18:30:20
1707,34,50,18,,,126.82150661171463,37.2021821868413,126.82243108718191,37.21211564534015,2024-10-24 18:30:25
1708,51,70,18,,,126.8189893995275,37.211307919573535,126.83797541679242,37.2090343589028,2024-10-24 18:31:05
1709,50,71,18,,,126.82194582566781,37.21111220824139,126.84001710230116,37.20511294073348,2024-10-24 18:31:39
1710,72,34,18,,,126.8118506102515,37.207689825349874,126.82207185788367,37.20272734715792,2024-10-24 18:32:18
1711,22,65,18,,,126.81529083489522,37.19431581676501,126.83423187836847,37.200834260238885,2024-10-24 18:33:21
1712,39,51,18,,,126.82200815391305,37.20006146138454,126.81943212887874,37.20966185037937,2024-10-24 18:33:41
1713,4,49,18,,,126.8223179821819,37.20863256738318,126.82833070741641,37.213938967177604,2024-10-24 18:33:46
1714,56,2,18,,,126.83522570182802,37.206578286154965,126.82154782111688,37.205635205981764,2024-10-24 18:34:10
1715,34,21,18,,,126.82162605076027,37.20348779085003,126.81955885142656,37.19574627830088,2024-10-24 18:34:18
1716,30,3,18,,,126.83142858897016,37.197953022946336,126.82462262175268,37.21058571952839,2024-10-24 18:35:23
1717,50,55,18,,,126.82220916097435,37.21208407321774,126.83048765128186,37.20973793755996,2024-10-24 18:35:33
1718,49,15,18,,,126.82818227932017,37.21394478035515,126.81656790614296,37.20731697695602,2024-10-24 18:35:41
1719,48,54,18,,,126.82977174008911,37.21522676667325,126.83169430966056,37.21053625880567,2024-10-24 18:36:29
1720,12,37,18,,,126.81969243228174,37.20530390427296,126.82184457644387,37.19734640598569,2024-10-24 18:37:43
1721,35,2,18,,,126.81894422399226,37.20273183718711,126.82240644480567,37.20602189426564,2024-10-24 18:38:51
1722,57,42,18,,,126.83191221230523,37.2051155032321,126.83204834400192,37.19540082011886,2024-10-24 18:39:05
1723,50,60,18,,,126.82265058171653,37.211397056059916,126.83345872711388,37.21255293324861,2024-10-24 18:39:21
1724,72,19,18,,,126.81072558583844,37.20775441640972,126.82944976219186,37.19445696547403,2024-10-24 18:39:45
1725,50,34,18,,,126.822401426455,37.211398336806,126.8217149779743,37.20353787459974,2024-10-24 18:39:56
1726,10,72,18,,,126.8180069873085,37.21033425375062,126.81212150916157,37.207680768787384,2024-10-24 18:41:14
1727,18,38,18,,,126.82454874373263,37.19628728414562,126.82395062005429,37.20146746990989,2024-10-24 18:42:59
1728,51,56,18,,,126.82008757557178,37.210796367920494,126.83576176722077,37.20594473196236,2024-10-24 18:43:20
1729,51,39,18,,,126.81883713345955,37.21139443325535,126.82246937725262,37.201008904229745,2024-10-24 18:43:45
1730,10,18,18,,,126.81656302701543,37.208494580360345,126.82295841510575,37.19514447577526,2024-10-24 18:43:56
1731,6,46,18,,,126.82383173521109,37.20320834183919,126.8309370179438,37.211334175946334,2024-10-24 18:44:21
1732,11,37,18,,,126.81484823232657,37.20828242726277,126.82105575723723,37.196722165997436,2024-10-24 18:44:39
1733,50,17,18,,,126.82267926416334,37.21213068345839,126.82554028198334,37.19650760016361,2024-10-24 18:44:55
1734,38,3,18,,,126.82430607880733,37.200686601079084,126.82573178592936,37.20955319727153,2024-10-24 18:44:59
1735,51,71,18,,,126.81871933952264,37.211102420930025,126.840344208414,37.20553060090258,2024-10-24 18:45:14
1736,34,11,18,,,126.8219155567829,37.20300380680396,126.81450089515887,37.209135441826106,2024-10-24 18:45:22
1737,50,58,18,,,126.82298227778705,37.212477266228284,126.83457796757833,37.20885121069903,2024-10-24 18:45:23
1738,39,50,18,,,126.8218805202993,37.20107149773495,126.82181388391022,37.211945332453546,2024-10-24 18:45:30
1739,48,18,18,,,126.83040435181658,37.21524122576279,126.82381809642276,37.19482546693291,2024-10-24 18:45:45
1740,48,70,18,,,126.8303189496294,37.21480847131699,126.8380883140225,37.20863504134371,2024-10-24 18:46:04
1741,43,9,18,,,126.82303602126946,37.1905579064321,126.81481407857088,37.20593382178428,2024-10-24 18:46:07
1742,50,37,18,,,126.8218445859813,37.2124772754039,126.82205430551987,37.197656301060334,2024-10-24 18:48:06
1743,51,64,18,,,126.82008960759258,37.210772240327756,126.8420392181303,37.2035441454322,2024-10-24 18:48:14
1744,50,18,18,,,126.82336043674732,37.21157287673576,126.82306415756297,37.196389922657964,2024-10-24 18:48:38
1745,50,60,18,,,126.82222740772234,37.2108955861986,126.83250235067759,37.21322091414881,2024-10-24 18:49:15
1746,51,60,18,,,126.81965011586416,37.209912972753415,126.83261897783946,37.21385214877326,2024-10-24 18:50:13
1747,58,48,18,,,126.83474928015484,37.20825459504152,126.83106761209812,37.21571792469341,2024-10-24 18:51:04
1748,1,45,18,,,126.81661853809678,37.19884212779291,126.82510209013478,37.21233016814509,2024-10-24 18:51:17
1749,40,65,18,,,126.8318598210104,37.192510347017354,126.83436196210646,37.199663595890385,2024-10-24 18:51:34
1750,72,11,18,,,126.8107639800835,37.20637762035818,126.81334036456879,37.20876073070963,2024-10-24 18:51:55
1751,50,31,18,,,126.822043467267,37.21188795516328,126.82985815533455,37.19812099254198,2024-10-24 18:52:39
1752,16,56,18,,,126.82309673919018,37.19325473040096,126.83504388456315,37.20581682946409,2024-10-24 18:53:09
1753,1,21,18,,,126.81644326995493,37.19801861820624,126.81859390881101,37.195472618924974,2024-10-24 18:53:33
1754,37,70,18,,,126.82148680169055,37.197018501166,126.83716898577406,37.210159498828396,2024-10-24 18:54:05
1755,50,64,18,,,126.8229032327699,37.21146451512244,126.84168302244434,37.203108272932646,2024-10-24 18:54:10
1756,7,50,18,,,126.82740253625647,37.20777977088671,126.82154743047101,37.21076917430623,2024-10-24 18:57:30
1757,31,61,18,,,126.82983111940555,37.19726324502249,126.83375622228907,37.21544450349274,2024-10-24 18:59:05
1758,50,60,18,,,126.82328669655213,37.211483798253944,126.83388017440078,37.212113425403146,2024-10-24 18:59:22
1759,50,59,18,,,126.82202264815446,37.2112634855163,126.83145973288414,37.207262499377556,2024-10-24 18:59:34
1760,50,48,18,,,126.82193562705892,37.21115789337891,126.83095582110651,37.21503107785033,2024-10-24 18:59:53
1761,10,16,19,,,126.81740679365221,37.20925210085845,126.8242734058761,37.19332413356204,2024-10-24 19:00:12
1762,68,17,19,,,126.8402572913985,37.20254616112412,126.82569095973126,37.1970847661112,2024-10-24 19:00:38
1763,56,60,19,,,126.83440372507978,37.2065709546953,126.83295908959398,37.21254946214622,2024-10-24 19:01:46
1764,51,51,19,,,126.82004771608864,37.21130887009735,126.81898115264794,37.21129978778656,2024-10-24 19:05:41
1765,50,38,19,,,126.8230822743846,37.211625506094315,126.82512870514516,37.2003897230003,2024-10-24 19:05:59
1766,47,48,19,,,126.82825522698172,37.211402597556564,126.82998526542244,37.21504449557999,2024-10-24 19:06:07
1767,37,51,19,,,126.82176527962706,37.196685405078014,126.82030480832059,37.21058015648973,2024-10-24 19:06:38
1768,58,60,19,,,126.83607062644101,37.20821296656574,126.83210615472197,37.21276647638189,2024-10-24 19:06:41
1769,50,16,19,,,126.8228069104648,37.21115097162457,126.82357248690748,37.19359811416406,2024-10-24 19:06:47
1770,39,26,19,,,126.82246140068989,37.20059554067984,126.81925394053867,37.192822901496335,2024-10-24 19:06:57
1771,50,34,19,,,126.82257757938548,37.210861842021636,126.82181758142262,37.20241412186825,2024-10-24 19:08:00
1772,42,50,19,,,126.83152813564455,37.19559710399766,126.82328848489979,37.21187648188701,2024-10-24 19:08:06
1773,24,32,19,,,126.81897509953983,37.19104350140932,126.83198314333518,37.20201360110304,2024-10-24 19:08:24
1774,59,50,19,,,126.83290430239452,37.20672924034186,126.82302206067057,37.21111361278216,2024-10-24 19:08:25
1775,10,22,19,,,126.81625596619173,37.20838962319427,126.81679496130437,37.19532339843251,2024-10-24 19:09:28
1776,50,72,19,,,126.82304462978168,37.21109993213435,126.81184615592372,37.2080908479301,2024-10-24 19:09:40
1777,56,50,19,,,126.83421571252809,37.2054822922381,126.82224662843515,37.212485411658065,2024-10-24 19:11:11
1778,19,60,19,,,126.82918567932334,37.19554133379864,126.8327659360768,37.212188075310365,2024-10-24 19:11:38
1779,54,51,19,,,126.83279917273767,37.21062236442963,126.8197175196362,37.210714931352776,2024-10-24 19:13:09
1780,51,51,19,,,126.82016001454514,37.20956050522226,126.8200882706154,37.21141010766827,2024-10-24 19:13:54
1781,50,70,19,,,126.82270460816552,37.21187637429322,126.83689220109733,37.20862900040403,2024-10-24 19:14:19
1782,51,34,19,,,126.8192494561852,37.210602955407815,126.82155216790925,37.20351245556404,2024-10-24 19:14:44
1783,60,51,19,,,126.83368928974963,37.21322414556769,126.82058768535897,37.20976088396341,2024-10-24 19:18:30
1784,23,53,19,,,126.82032869222087,37.19123387411201,126.83055745923711,37.20624950293306,2024-10-24 19:19:08
1785,37,51,19,,,126.82210687423972,37.196988331877264,126.81979068481135,37.21082160647152,2024-10-24 19:19:19
1786,17,60,19,,,126.82682950339316,37.19698398786034,126.83364861727638,37.21374892912566,2024-10-24 19:20:03
1787,18,11,19,,,126.82471384882129,37.19635370081257,126.81425951734275,37.20923157253344,2024-10-24 19:20:34
1788,34,39,19,,,126.82177934396628,37.20217801662863,126.82244413131046,37.20093314226109,2024-10-24 19:21:13
1789,50,60,19,,,126.82335141321616,37.211545846195044,126.8329725682367,37.21271344593057,2024-10-24 19:21:21
1790,34,48,19,,,126.82230317416388,37.20359680856013,126.82968744807133,37.21561172403754,2024-10-24 19:21:49
1791,58,60,19,,,126.83442573873508,37.209014796504235,126.8324434428368,37.213605406411666,2024-10-24 19:22:46
1792,34,23,19,,,126.82258255918683,37.20353540919308,126.82004564758323,37.19228235754667,2024-10-24 19:23:13
1793,34,37,19,,,126.8213348824681,37.202309081688284,126.82173458244837,37.19718399392693,2024-10-24 19:25:06
1794,2,9,19,,,126.82288247350532,37.20609124687781,126.8147150726915,37.20618806177456,2024-10-24 19:25:50
1795,50,11,19,,,126.82266856747026,37.211468896629775,126.81446875745084,37.208124446273985,2024-10-24 19:26:12
1796,61,12,19,,,126.83373260007475,37.21518633410864,126.81982490637215,37.20514428544078,2024-10-24 19:26:35
1797,50,18,19,,,126.8214188669492,37.21212624954966,126.82379407292157,37.19580111291814,2024-10-24 19:27:40
1798,39,26,19,,,126.82082087815128,37.200597795598895,126.81806431193748,37.19264035359506,2024-10-24 19:29:09
1799,70,55,19,,,126.83841567099664,37.21051202184986,126.82953819540862,37.20911697496996,2024-10-24 19:29:57
1800,38,21,19,,,126.82375101141416,37.201711623493175,126.81801295414631,37.19563251860741,2024-10-24 19:30:09
1801,19,5,19,,,126.82883052620919,37.195944931200785,126.82656416116552,37.20529735253129,2024-10-24 19:30:27
1802,35,31,19,,,126.81965611079279,37.20160521085432,126.82852802974655,37.197443932743674,2024-10-24 19:31:26
1803,37,51,19,,,126.82177617503724,37.198404232311105,126.81975035361654,37.210201515319554,2024-10-24 19:32:19
1804,41,3,19,,,126.8333407445578,37.19655522103755,126.8251406068162,37.21072664815601,2024-10-24 19:32:20
1805,10,26,19,,,126.81733063393337,37.20936809034298,126.81862929074539,37.19253394879718,2024-10-24 19:32:26
1806,16,65,19,,,126.82421166477398,37.19384743611448,126.83492864562564,37.2008219751425,2024-10-24 19:32:30
1807,60,50,19,,,126.83259394968624,37.21220029279364,126.8219433676196,37.211644829824905,2024-10-24 19:33:25
1808,50,39,19,,,126.82331192650315,37.2110976695198,126.8224386385118,37.19958211146485,2024-10-24 19:34:33
1809,51,37,19,,,126.81945822937381,37.20992932387237,126.8210608654183,37.19823092357822,2024-10-24 19:37:32
1810,63,18,19,,,126.83605670925063,37.211463664165706,126.82297638374828,37.19564271632801,2024-10-24 19:37:39
1811,69,21,19,,,126.83669998379243,37.20719456003007,126.81952568089379,37.19679371138858,2024-10-24 19:38:44
1812,49,70,19,,,126.82813691015829,37.213621752708775,126.8380044912114,37.20872863577496,2024-10-24 19:39:05
1813,41,15,19,,,126.83353293697085,37.19706359815781,126.8162766713717,37.20696805803081,2024-10-24 19:40:30
1814,32,60,19,,,126.83168567732959,37.200875838778806,126.83338208490241,37.21382954593058,2024-10-24 19:41:00
1815,14,38,19,,,126.8191676961193,37.20819192601047,126.82505180349781,37.202197881947036,2024-10-24 19:41:49
1816,48,51,19,,,126.8304543303375,37.21508145812679,126.81984062856533,37.209465442652835,2024-10-24 19:43:47
1817,43,20,19,,,126.82382540975244,37.190548834618774,126.81601090097665,37.19342936416245,2024-10-24 19:44:33
1818,48,50,19,,,126.82945803817698,37.21463411026912,126.82162347729837,37.21073376894355,2024-10-24 19:44:35
1819,50,51,19,,,126.82198057412774,37.21050068480381,126.81973355089102,37.211311818362,2024-10-24 19:44:55
1820,34,50,19,,,126.821152421,37.2032574820328,126.82245596005896,37.21129113844285,2024-10-24 19:45:18
1821,37,8,19,,,126.82146367749432,37.19733517277225,126.82494723836373,37.20624233499645,2024-10-24 19:46:25
1822,58,56,19,,,126.8342649981876,37.208555392171796,126.8346343686775,37.20592327427093,2024-10-24 19:46:41
1823,37,21,19,,,126.822254443876,37.196670531736544,126.81853324669405,37.19675591737876,2024-10-24 19:47:00
1824,70,51,19,,,126.83817516364935,37.21009458562109,126.81961023793014,37.2102558766277,2024-10-24 19:48:17
1825,21,71,19,,,126.81943468815338,37.19540131640662,126.83982239326383,37.20464165812164,2024-10-24 19:48:51
1826,33,26,19,,,126.82959847778274,37.200429083874106,126.8190654262532,37.19365149046768,2024-10-24 19:49:29
1827,12,10,19,,,126.81913602389758,37.204439712073395,126.8168105074945,37.209551788372366,2024-10-24 19:50:13
1828,38,23,19,,,126.82447132426452,37.20071102257781,126.82152571772721,37.19151757359479,2024-10-24 19:51:05
1829,10,23,19,,,126.81674703690308,37.20996836585704,126.82113118734587,37.19202982543324,2024-10-24 19:51:17
1830,50,55,19,,,126.82244757896929,37.21108730733121,126.82996743510999,37.20839222657145,2024-10-24 19:53:26
1831,18,2,19,,,126.82373051257353,37.19640259781139,126.82252550490473,37.20512535147002,2024-10-24 19:53:34
1832,31,50,19,,,126.82983410248418,37.198233854735136,126.8229120489457,37.212364073585476,2024-10-24 19:54:18
1833,50,35,19,,,126.82145766049419,37.211129105840335,126.81932909587294,37.20212352046334,2024-10-24 19:54:38
1834,37,17,19,,,126.82032943439815,37.19807910629429,126.82641037543485,37.19640991895812,2024-10-24 19:54:42
1835,34,21,19,,,126.82122632578266,37.2025209816449,126.81779944624495,37.195924825848344,2024-10-24 19:55:11
1836,37,23,19,,,126.82191651605577,37.19708989280454,126.82127875134076,37.19121434821345,2024-10-24 19:55:18
1837,37,34,19,,,126.8217321978163,37.19687374717805,126.8222602153604,37.20390056246513,2024-10-24 19:55:19
1838,50,21,19,,,126.82150723749776,37.211560688997004,126.8186546447717,37.197017160722275,2024-10-24 19:55:26
1839,11,23,19,,,126.81459346585352,37.20790150046042,126.82175263028876,37.19253999102566,2024-10-24 19:55:28
1840,50,30,19,,,126.8216275528295,37.21208064906015,126.83270640691681,37.19943690515056,2024-10-24 19:55:53
1841,37,21,19,,,126.82084373687695,37.19685501383747,126.81769430637686,37.19727586424901,2024-10-24 19:56:34
1842,37,50,19,,,126.8203038783099,37.196741990161435,126.82222424911576,37.211285084821206,2024-10-24 19:57:55
1843,37,60,19,,,126.82086889468253,37.198292754568925,126.83305046408108,37.21331847964947,2024-10-24 19:58:00
1844,37,37,19,,,126.82104436239484,37.197398613014364,126.82157924728894,37.19839238279547,2024-10-24 19:58:29
1845,10,24,20,,,126.81741536054037,37.20976658248571,126.8176180796603,37.19121188457863,2024-10-24 20:00:29
1846,19,21,20,,,126.8288502813571,37.19423750431475,126.81860531839932,37.19551236040177,2024-10-24 20:00:36
1847,56,29,20,,,126.83412140759732,37.20655815467514,126.82653026581414,37.20287278058405,2024-10-24 20:00:38
1848,51,60,20,,,126.81998362897356,37.21094628064234,126.83239283515195,37.212096691764174,2024-10-24 20:00:55
1849,31,21,20,,,126.8285632311404,37.19838505554151,126.81826096319658,37.19669949348006,2024-10-24 20:00:55
1850,50,31,20,,,126.82196306076308,37.211567645257645,126.82997431327153,37.19812951632486,2024-10-24 20:03:06
1851,35,15,20,,,126.8190737572361,37.20173406370247,126.81774691804728,37.20692327491884,2024-10-24 20:03:28
1852,50,48,20,,,126.82140019055542,37.21175242428442,126.83089578669625,37.21445484001433,2024-10-24 20:03:54
1853,44,50,20,,,126.82063733476967,37.18894358299193,126.82296114451819,37.21240540213378,2024-10-24 20:04:37
1854,56,17,20,,,126.83578592649135,37.205178232245686,126.826990420315,37.196968914602934,2024-10-24 20:05:42
1855,71,71,20,,,126.84026442639652,37.20577982951343,126.84011637491383,37.204344792085074,2024-10-24 20:05:47
1856,6,38,20,,,126.82354606907069,37.20440448622441,126.82335611549205,37.20079978592224,2024-10-24 20:06:09
1857,38,12,20,,,126.824534771301,37.201657607521916,126.81850802775236,37.20532958896334,2024-10-24 20:06:36
1858,38,51,20,,,126.82465402314902,37.200580683251765,126.81986778765986,37.20966009782468,2024-10-24 20:07:15
1859,29,34,20,,,126.82743891189358,37.203315874752505,126.82139637898733,37.20230649391243,2024-10-24 20:07:29
1860,70,21,20,,,126.83880026930606,37.209523170448875,126.81948961417666,37.1957919177576,2024-10-24 20:07:40
1861,16,7,20,,,126.82385559111954,37.19254961037951,126.82800298640984,37.20869500898826,2024-10-24 20:07:43
1862,8,33,20,,,126.8246465599293,37.20690990549431,126.8300904344451,37.20166169171594,2024-10-24 20:09:18
1863,50,72,20,,,126.8215667562966,37.212304849961946,126.811011923195,37.206539029161796,2024-10-24 20:10:07
1864,19,23,20,,,126.82969240734347,37.194856266862914,126.82135233034997,37.190806942945905,2024-10-24 20:10:29
1865,45,19,20,,,126.82545771785787,37.2127799432862,126.82795707957021,37.19429269723023,2024-10-24 20:11:23
1866,20,28,20,,,126.81520839253976,37.19251989101172,126.82985090473237,37.20446005891481,2024-10-24 20:12:26
1867,34,51,20,,,126.8215607438396,37.20391244341845,126.81887653560851,37.210652323846546,2024-10-24 20:13:07
1868,50,11,20,,,126.82169938028315,37.210868646355884,126.81471935474725,37.20769274876073,2024-10-24 20:14:07
1869,35,20,20,,,126.81898220534742,37.20164571410708,126.81595717550147,37.19246676362777,2024-10-24 20:15:08
1870,63,62,20,,,126.8352117200847,37.21032243194852,126.83835396105212,37.21165013663063,2024-10-24 20:15:18
1871,64,58,20,,,126.84288539168168,37.20409686019327,126.83556278186776,37.20883218717875,2024-10-24 20:15:25
1872,37,33,20,,,126.82035585945555,37.19706328548099,126.82841853465146,37.19974756112246,2024-10-24 20:16:51
1873,50,37,20,,,126.82179931894345,37.21247958621354,126.82155803766803,37.19665597338741,2024-10-24 20:16:59
1874,19,35,20,,,126.82865690677066,37.19448701922294,126.8188804978119,37.201571928309406,2024-10-24 20:17:04
1875,41,71,20,,,126.83475451063997,37.19797912858473,126.84017610573629,37.205680832603925,2024-10-24 20:17:14
1876,50,37,20,,,126.82192024388324,37.21235500958995,126.82154557291572,37.19800484634777,2024-10-24 20:18:57
1877,50,56,20,,,126.82332258358225,37.210853984153474,126.83586625448261,37.20571769668238,2024-10-24 20:19:05
1878,32,58,20,,,126.83272755938093,37.20227995993143,126.83462778821094,37.20944716872302,2024-10-24 20:19:11
1879,71,18,20,,,126.8402868071685,37.2047032723396,126.82456787855686,37.19492569453143,2024-10-24 20:19:14
1880,51,37,20,,,126.8190205020452,37.20946148373801,126.82104914133714,37.196779072249825,2024-10-24 20:19:15
1881,37,23,20,,,126.82098789895927,37.196643713610044,126.82123660633415,37.19267911953639,2024-10-24 20:20:46
1882,43,60,20,,,126.82317067457377,37.1908482602057,126.83371784762222,37.21344386342819,2024-10-24 20:23:42
1883,18,53,20,,,126.8234206827403,37.194903320700824,126.82956657364686,37.2067417654788,2024-10-24 20:24:09
1884,38,21,20,,,126.82389161820265,37.20180229664669,126.81863440532749,37.196900489458166,2024-10-24 20:24:36
1885,38,26,20,,,126.82372074216855,37.20079621688113,126.81752760657636,37.19369634501056,2024-10-24 20:25:22
1886,29,33,20,,,126.82770060848138,37.20240423472859,126.8290919703912,37.20135190869158,2024-10-24 20:27:17
1887,25,41,20,,,126.82183907656241,37.19509619067216,126.8336337841752,37.19651658028096,2024-10-24 20:28:44
1888,1,20,20,,,126.81655319917779,37.19811847294601,126.81512695739873,37.19329466015403,2024-10-24 20:29:12
1889,37,51,20,,,126.82215740303866,37.19679328371725,126.81930337813779,37.210146551615544,2024-10-24 20:29:24
1890,22,15,20,,,126.81560031297964,37.19458580835589,126.81650514285722,37.20639087750518,2024-10-24 20:29:59
1891,50,60,20,,,126.82191696117725,37.21094179175022,126.83351161518506,37.21317253927811,2024-10-24 20:30:11
1892,25,44,20,,,126.82200293834725,37.195527740405055,126.82056794491409,37.188215526367436,2024-10-24 20:32:43
1893,49,6,20,,,126.82848996989371,37.21403214453509,126.82372371908586,37.20507820969849,2024-10-24 20:33:47
1894,26,38,20,,,126.81878178614704,37.19412733074886,126.8246976336947,37.200969487838314,2024-10-24 20:33:49
1895,15,6,20,,,126.81588848249383,37.206229540262854,126.82373365057472,37.204126148586326,2024-10-24 20:35:04
1896,41,23,20,,,126.83332342253921,37.19763749421101,126.82091442649951,37.191176535497235,2024-10-24 20:36:25
1897,63,29,20,,,126.83538053405093,37.210867907191194,126.82613715603283,37.20307348433307,2024-10-24 20:37:10
1898,39,72,20,,,126.82108738514802,37.200476925805916,126.81216384317662,37.20712439911427,2024-10-24 20:37:18
1899,50,39,20,,,126.82164659737262,37.211028590036626,126.82107422299107,37.20103557658666,2024-10-24 20:37:29
1900,46,65,20,,,126.83115562941455,37.21104976173456,126.83508915714931,37.19939195145204,2024-10-24 20:38:39
1901,6,54,20,,,126.82487950155966,37.2032499559079,126.83265758949094,37.210301794043545,2024-10-24 20:39:16
1902,32,47,20,,,126.83186788279954,37.202221367833864,126.82749729389057,37.21042606919242,2024-10-24 20:40:45
1903,72,62,20,,,126.81149235624679,37.2065387330492,126.83841755329256,37.21314161871434,2024-10-24 20:40:56
1904,51,38,20,,,126.81898170946762,37.20979508516448,126.82407889659505,37.20117250250258,2024-10-24 20:41:29
1905,50,38,20,,,126.82211759449629,37.21171083274677,126.82457977171008,37.20048620475362,2024-10-24 20:43:11
1906,34,26,20,,,126.82094906026401,37.2023516989553,126.81790086750807,37.19333025689818,2024-10-24 20:43:18
1907,5,53,20,,,126.82797235846557,37.20593185966355,126.82938791129446,37.20610992786618,2024-10-24 20:43:23
1908,18,50,20,,,126.82450807505774,37.195720050616266,126.82316436198877,37.212371342444726,2024-10-24 20:43:53
1909,51,55,20,,,126.81889513234499,37.211360160060295,126.83044007870973,37.20916607357861,2024-10-24 20:44:02
1910,50,59,20,,,126.8226318334545,37.2110152040128,126.83185996558294,37.20758646097704,2024-10-24 20:44:38
1911,39,50,20,,,126.82087028732886,37.200873723371245,126.82157664899243,37.211392053277535,2024-10-24 20:44:40
1912,13,62,20,,,126.8167779286177,37.203926079569406,126.83839227619397,37.21328467837783,2024-10-24 20:46:41
1913,61,66,20,,,126.83320765589423,37.2153599024212,126.83645884757676,37.202950357378356,2024-10-24 20:47:14
1914,8,53,20,,,126.82364433747969,37.20619997677174,126.83042523230917,37.205677266305116,2024-10-24 20:47:38
1915,56,31,20,,,126.83418718990498,37.20481284967953,126.82987500185361,37.19836962914237,2024-10-24 20:48:17
1916,34,23,20,,,126.82107051438453,37.203058914642654,126.82099582753348,37.192778225378866,2024-10-24 20:49:51
1917,18,50,20,,,126.82350848229429,37.19595134549772,126.82323759218555,37.212346626407836,2024-10-24 20:50:22
1918,13,51,20,,,126.81740409943731,37.20403004057385,126.82058454751382,37.21141772496674,2024-10-24 20:50:26
1919,37,50,20,,,126.82083138060712,37.19706688292405,126.82259241781883,37.21106083238223,2024-10-24 20:50:50
1920,50,10,20,,,126.8225043713527,37.21151907040986,126.81722461387145,37.20911875614158,2024-10-24 20:51:14
1921,50,64,20,,,126.82227148598382,37.21129144049157,126.84238436385894,37.203713102167605,2024-10-24 20:51:23
1922,32,48,20,,,126.83223445209019,37.201604408593425,126.82980855381274,37.215202370851564,2024-10-24 20:51:56
1923,14,34,20,,,126.81892116535917,37.20765103808578,126.82238695575575,37.2022044915035,2024-10-24 20:52:08
1924,50,58,20,,,126.82254589660228,37.21237854748872,126.83550931025124,37.20890385899041,2024-10-24 20:53:07
1925,50,12,20,,,126.82238700970176,37.211526105025605,126.81876508081426,37.205229820006785,2024-10-24 20:53:58
1926,51,56,20,,,126.81889412463391,37.209442966188575,126.83412880073817,37.20541090039036,2024-10-24 20:55:09
1927,59,21,20,,,126.832111160204,37.20670406648078,126.81768843221339,37.1956518994903,2024-10-24 20:55:40
1928,33,35,20,,,126.82926205903367,37.20052410071934,126.81822994465709,37.202538792246266,2024-10-24 20:56:01
1929,18,51,20,,,126.82343272746984,37.19566552551258,126.81935176835024,37.21065044962708,2024-10-24 20:57:54
1930,50,18,20,,,126.82279588358108,37.21094118633052,126.82306345753581,37.19579329443237,2024-10-24 20:58:11
1931,17,48,20,,,126.8260039754322,37.19600537104297,126.82986096523118,37.214330963786075,2024-10-24 20:58:33
1932,51,34,20,,,126.81983398071779,37.20977161023455,126.82106895117015,37.203940956873595,2024-10-24 20:58:52
1933,22,21,20,,,126.81511416871176,37.19568057862437,126.81784404186358,37.19591267237116,2024-10-24 20:59:25
1934,7,37,20,,,126.82819822568044,37.207052945540774,126.82212562950482,37.197777669837336,2024-10-24 20:59:41
1935,54,43,21,,,126.83229012864969,37.21070651737458,126.82355048805563,37.190161816904194,2024-10-24 21:00:44
1936,64,10,21,,,126.84228078019684,37.203427829376665,126.81771423130509,37.20951097874675,2024-10-24 21:01:37
1937,51,58,21,,,126.81902018555432,37.20989844896472,126.8345568993628,37.207671583688,2024-10-24 21:01:54
1938,54,67,21,,,126.83184196713393,37.20967414480096,126.8337741490089,37.20296746984445,2024-10-24 21:02:12
1939,33,28,21,,,126.82903599044968,37.201488506720175,126.83009563919813,37.204179978662346,2024-10-24 21:04:04
1940,37,26,21,,,126.82192288265283,37.19644855911152,126.81888397963753,37.193360680317525,2024-10-24 21:05:15
1941,50,37,21,,,126.82231624636368,37.212133631346376,126.82154452833575,37.19704998303197,2024-10-24 21:05:16
1942,10,29,21,,,126.81626524860653,37.208984369163936,126.82655870349514,37.202935588390886,2024-10-24 21:06:10
1943,37,50,21,,,126.82202306095162,37.19673537838313,126.82288164003056,37.210564751889734,2024-10-24 21:07:35
1944,33,57,21,,,126.82860255386203,37.20025517744062,126.8331670658834,37.205268745414145,2024-10-24 21:09:30
1945,50,37,21,,,126.82302438410342,37.21128509559246,126.82147091347672,37.19837557849886,2024-10-24 21:14:56
1946,51,55,21,,,126.81885028190078,37.209636190894344,126.83067976800898,37.20931889681283,2024-10-24 21:18:25
1947,66,51,21,,,126.83773454384485,37.203230387574166,126.81994657019037,37.20957689484935,2024-10-24 21:19:48
1948,4,65,21,,,126.82204899959743,37.20798061143772,126.83541276863349,37.20060527109704,2024-10-24 21:21:51
1949,16,45,21,,,126.82438552530833,37.19215013574212,126.82483067582436,37.21342484576841,2024-10-24 21:22:45
1950,58,44,21,,,126.83605055751504,37.20896201346218,126.82021875413062,37.18897837392173,2024-10-24 21:24:20
1951,37,10,21,,,126.82047276632915,37.19653177040135,126.81696383025225,37.20950147648792,2024-10-24 21:25:22
1952,50,37,21,,,126.82162964088435,37.2124563662426,126.82149883418798,37.19684733219806,2024-10-24 21:25:46
1953,20,14,21,,,126.8160992712963,37.19161427168503,126.82002421331896,37.207657897145026,2024-10-24 21:26:15
1954,60,39,21,,,126.83384385074893,37.21346058792882,126.82067919198602,37.20064421868889,2024-10-24 21:26:40
1955,63,25,21,,,126.83536460602411,37.212067452569265,126.82158720131264,37.19461269693393,2024-10-24 21:27:48
1956,37,38,21,,,126.82114869394012,37.19786871855228,126.82319526711471,37.20160940674596,2024-10-24 21:28:05
1957,34,23,21,,,126.82236378150101,37.20253924157234,126.8200890377611,37.19090485337382,2024-10-24 21:28:44
1958,42,56,21,,,126.8322099203184,37.19622370499801,126.8349124745831,37.20648121975311,2024-10-24 21:31:00
1959,37,37,21,,,126.82175696091578,37.19791071958813,126.82085976205906,37.19782073156224,2024-10-24 21:32:04
1960,12,34,21,,,126.81963425324831,37.20463632581436,126.82229514106645,37.20288213544685,2024-10-24 21:33:44
1961,37,70,21,,,126.82105352804744,37.196744301287126,126.83871521712526,37.20938677082975,2024-10-24 21:34:21
1962,18,53,21,,,126.82378878063572,37.195683197179335,126.83040524586572,37.20636184716205,2024-10-24 21:37:30
1963,37,26,21,,,126.82032111812785,37.19816455766559,126.8175111308148,37.19325817901444,2024-10-24 21:40:32
1964,1,26,21,,,126.81581303692433,37.19871240870903,126.81918561294064,37.19273553570356,2024-10-24 21:42:39
1965,1,27,21,,,126.81564706750686,37.19781550861616,126.82722690981925,37.200399028044565,2024-10-24 21:45:10
1966,36,26,21,,,126.82369995540827,37.19891225805828,126.81928297061496,37.19258038434271,2024-10-24 21:47:29
1967,46,59,21,,,126.83107358188448,37.21138280466357,126.83163152061485,37.20692143281358,2024-10-24 21:48:25
1968,70,26,21,,,126.83725002759279,37.20900266945686,126.81763486948401,37.19389061005236,2024-10-24 21:49:02
1969,72,27,21,,,126.81256920186813,37.206498096126985,126.82708698401946,37.19961766032958,2024-10-24 21:49:03
1970,4,26,21,,,126.8230217987087,37.20768940860155,126.8186648524737,37.192824976474114,2024-10-24 21:53:51
1971,55,11,21,,,126.82908264726169,37.209080130459505,126.81394312096984,37.207443555187005,2024-10-24 21:53:56
1972,25,28,21,,,126.82144326756847,37.195104909697534,126.82854407765456,37.202951706559496,2024-10-24 21:55:23
1973,7,34,21,,,126.82745711806764,37.207166183445544,126.82126509017047,37.20397341738428,2024-10-24 21:55:36
1974,50,55,21,,,126.8214887174895,37.211261453797256,126.82983499323912,37.20885547275409,2024-10-24 21:56:28
1975,28,11,21,,,126.82965509437912,37.20251562972471,126.81516771945361,37.209172364859455,2024-10-24 21:58:04
1976,61,18,22,,,126.83273436092651,37.215428878082434,126.82297073004567,37.19632709562663,2024-10-24 22:01:06
1977,39,55,22,,,126.82185177519487,37.201144195086705,126.83025792404571,37.208652212698986,2024-10-24 22:01:33
1978,38,51,22,,,126.82506591563565,37.201409874884725,126.81912160502968,37.20971041673038,2024-10-24 22:02:36
1979,34,35,22,,,126.82128138802132,37.202781190976346,126.81926318187917,37.201791424864915,2024-10-24 22:02:42
1980,34,11,22,,,126.82143479441712,37.20261448140006,126.81368428375725,37.20743559179975,2024-10-24 22:04:39
1981,50,41,22,,,126.82253635289297,37.21194596104064,126.83456392620589,37.19648518975791,2024-10-24 22:05:18
1982,41,63,22,,,126.83378361096197,37.19647943106626,126.83610500099803,37.21043784843168,2024-10-24 22:05:42
1983,28,4,22,,,126.8294479611581,37.20347914494278,126.82174682516992,37.20802448635033,2024-10-24 22:05:57
1984,50,60,22,,,126.82324701297107,37.21229351590002,126.83252896493867,37.213008103015774,2024-10-24 22:10:16
1985,19,4,22,,,126.82985499817514,37.19516863048009,126.821185492318,37.20787986315824,2024-10-24 22:10:24
1986,37,50,22,,,126.8219684050485,37.197563871163744,126.8231276919424,37.21094661625543,2024-10-24 22:10:48
1987,59,67,22,,,126.83260132042301,37.20832126660761,126.8353119586312,37.20185596632989,2024-10-24 22:13:02
1988,8,6,22,,,126.82532844206123,37.20667122631067,126.82517404250774,37.20399693575479,2024-10-24 22:19:51
1989,50,10,22,,,126.82207792669051,37.21082958023781,126.81696117594862,37.209176464495584,2024-10-24 22:20:16
1990,38,51,22,,,126.82512596992302,37.20189883069948,126.81911765052298,37.20984623079235,2024-10-24 22:24:40
1991,34,51,22,,,126.82153452635644,37.2022212278517,126.82044948199322,37.21031957367607,2024-10-24 22:25:30
1992,37,51,22,,,126.82065968866684,37.19796003701203,126.81932923447222,37.2100768304045,2024-10-24 22:27:05
1993,34,21,22,,,126.82098903237272,37.20335483092151,126.81871414810011,37.195590805291594,2024-10-24 22:30:10
1994,51,37,22,,,126.82040919888323,37.21130603662036,126.8215385794579,37.197692189817005,2024-10-24 22:30:45
1995,43,62,22,,,126.82332326601959,37.190801012409246,126.83756212630877,37.21269467240968,2024-10-24 22:30:49
1996,37,50,22,,,126.82062129338615,37.19664184181285,126.8232984704622,37.210717210338636,2024-10-24 22:31:44
1997,63,23,22,,,126.83526944418846,37.211572253563325,126.82051785757706,37.19161389566374,2024-10-24 22:34:04
1998,67,51,22,,,126.83563254025215,37.20267892268559,126.82054736246548,37.21009104235792,2024-10-24 22:37:01
1999,52,29,22,,,126.83086089195822,37.218108381519514,126.82627301213898,37.20183279213379,2024-10-24 22:37:16
2000,38,51,22,,,126.82437100310226,37.200382358949305,126.82056758408079,37.21017995877809,2024-10-24 22:38:47
2001,50,38,22,,,126.8213992371901,37.21127878960938,126.82436310555275,37.20188585718921,2024-10-24 22:38:56
2002,51,60,22,,,126.81913191029167,37.20961428123919,126.83273650148084,37.21396727565686,2024-10-24 22:39:29
2003,38,50,22,,,126.82457342995257,37.201292302473675,126.8219361242978,37.21145295261252,2024-10-24 22:41:15
2004,5,62,22,,,126.82761472159714,37.20526259088921,126.8373056270057,37.21225034402547,2024-10-24 22:44:28
2005,37,50,22,,,126.82119250185924,37.19661060995148,126.82317962720323,37.21178548264046,2024-10-24 22:45:40
2006,34,50,22,,,126.82144160241731,37.202312215232425,126.82328346408974,37.21219018496248,2024-10-24 22:46:27
2007,36,62,22,,,126.82489989711658,37.19758968349462,126.83862441313366,37.21146950096062,2024-10-24 22:46:35
2008,50,34,22,,,126.82331055384026,37.212068228458136,126.82253333352128,37.20292781472929,2024-10-24 22:47:01
2009,37,35,22,,,126.82027663255897,37.19806607378129,126.81860513607256,37.2026794779729,2024-10-24 22:47:46
2010,24,20,22,,,126.81822389927116,37.191453463633884,126.81623232022517,37.193384930479326,2024-10-24 22:52:18
2011,34,15,22,,,126.82268042450437,37.20297572905404,126.81731296210437,37.20747992471733,2024-10-24 22:52:41
2012,12,70,22,,,126.81872563283471,37.2051544086254,126.83803248728795,37.210533548294656,2024-10-24 22:52:51
2013,51,37,22,,,126.819507438024,37.21135934137965,126.82026810044961,37.19746498710758,2024-10-24 22:54:04
2014,50,52,22,,,126.82286504686712,37.21237845179277,126.8302920358178,37.21803305130035,2024-10-24 22:56:13
2015,44,17,22,,,126.82137972242163,37.18808542632091,126.82733235098435,37.19662670883007,2024-10-24 22:56:41
