idx,o,d,hour,o_h3,d_h3,o_x,o_y,d_x,d_y,time
0,21,17,7,,,126.8185538926163,37.196540762011956,126.82613158098064,37.19599337569224,2024-10-24 07:00:02
1,43,67,7,,,126.82287082183312,37.189624112116405,126.83568220459894,37.203001099738934,2024-10-24 07:00:10
2,21,33,7,,,126.81957359008194,37.19625944388827,126.82846079481962,37.20165797576007,2024-10-24 07:00:38
3,21,17,7,,,126.81780578468621,37.196703439663544,126.82690737504547,37.19753921714186,2024-10-24 07:00:47
4,36,38,7,,,126.82338822664276,37.19769043904717,126.82378126033578,37.20170328675186,2024-10-24 07:01:10
5,2,48,7,,,126.82139718517067,37.20505701924078,126.8305573234678,37.21494791116521,2024-10-24 07:02:02
6,26,50,7,,,126.81775186559454,37.19442691404333,126.82168413886387,37.210541273709815,2024-10-24 07:02:07
7,67,39,7,,,126.83464236375448,37.201948875109096,126.82185662730629,37.20004213957683,2024-10-24 07:02:07
8,58,51,7,,,126.8351183287072,37.20806738377084,126.82046918336475,37.20961377312745,2024-10-24 07:02:32
9,21,33,7,,,126.81841513103092,37.196581635863694,126.82935983880849,37.20083312744295,2024-10-24 07:02:42
10,37,39,7,,,126.82136746460073,37.19837219357336,126.82073699130008,37.20063373985363,2024-10-24 07:03:06
11,26,38,7,,,126.81830341691825,37.19301737566606,126.82331450473389,37.202019187830516,2024-10-24 07:03:09
12,55,50,7,,,126.83047689376811,37.209933750386085,126.8231852440092,37.21216619147452,2024-10-24 07:03:20
13,60,10,7,,,126.83238328705737,37.21358280086,126.81713933306463,37.20859011011035,2024-10-24 07:03:27
14,37,51,7,,,126.82098430538544,37.19679876879395,126.81994548223197,37.21093227543832,2024-10-24 07:03:42
15,21,33,7,,,126.81866107160299,37.19650123342466,126.82842860392323,37.201161733985124,2024-10-24 07:03:59
16,59,56,7,,,126.83182726468893,37.20717405688278,126.83560479608505,37.204887238731125,2024-10-24 07:04:08
17,60,11,7,,,126.83300456483995,37.213668847353524,126.81495201721432,37.208429899483825,2024-10-24 07:04:41
18,10,7,7,,,126.81646597366412,37.20842991110705,126.82646101626248,37.20761033210334,2024-10-24 07:04:44
19,26,17,7,,,126.81919468594225,37.194425439549846,126.8267323943988,37.19701595106149,2024-10-24 07:04:46
20,21,17,7,,,126.81813363572817,37.19637118508265,126.82648408730907,37.1967404692399,2024-10-24 07:04:50
21,37,51,7,,,126.8218460037996,37.19654287979019,126.82034314535032,37.21060947720485,2024-10-24 07:04:52
22,21,17,7,,,126.81854866212687,37.19551417974717,126.82692682377679,37.19590806527854,2024-10-24 07:05:22
23,37,51,7,,,126.82060837376379,37.19673771789792,126.81870001619289,37.20956951886801,2024-10-24 07:05:32
24,37,51,7,,,126.82090729423969,37.1970526380255,126.81950301486168,37.211359758583825,2024-10-24 07:06:00
25,7,7,7,,,126.8269893437536,37.207749514937106,126.82638833319449,37.20756059791058,2024-10-24 07:06:36
26,21,33,7,,,126.81957524613706,37.195444049502086,126.83025226589199,37.201337838034526,2024-10-24 07:06:41
27,21,17,7,,,126.81903310837713,37.19546409819119,126.82562415751076,37.19737082526332,2024-10-24 07:06:43
28,51,34,7,,,126.82010244640634,37.2109401285162,126.82104086745898,37.20225526123605,2024-10-24 07:06:43
29,58,51,7,,,126.83536438389734,37.209126040768716,126.81925414502786,37.21129749526163,2024-10-24 07:06:45
30,59,30,7,,,126.8321823174816,37.20833963303394,126.8320646984489,37.199734321193404,2024-10-24 07:06:46
31,2,18,7,,,126.82271622251929,37.2062230277359,126.8235650829814,37.19486287025578,2024-10-24 07:06:59
32,21,17,7,,,126.81817357078315,37.19708390998271,126.82662355986915,37.19704753923133,2024-10-24 07:07:15
33,63,6,7,,,126.83440900951798,37.21159654549393,126.82497265197424,37.203164853517755,2024-10-24 07:07:30
34,23,37,7,,,126.82157964792212,37.19094360976222,126.82135192724554,37.19823146085428,2024-10-24 07:07:38
35,26,50,7,,,126.81768067585016,37.194083274350255,126.82253674363731,37.211122591514375,2024-10-24 07:07:49
36,37,51,7,,,126.82155601611395,37.19751272846858,126.82034792706699,37.21123621202064,2024-10-24 07:07:50
37,21,33,7,,,126.8190615145682,37.19712229825704,126.82887778592034,37.19997667868391,2024-10-24 07:07:52
38,37,33,7,,,126.82089184255514,37.19786617237381,126.83021602849821,37.20115154499164,2024-10-24 07:08:14
39,26,17,7,,,126.81795378876625,37.19396719910393,126.82622240526352,37.19638820956602,2024-10-24 07:08:30
40,26,50,7,,,126.81758192312203,37.1934748126998,126.82230944213917,37.212396027719606,2024-10-24 07:08:37
41,51,26,7,,,126.81987502560631,37.21042397143047,126.81910152497792,37.19426709120463,2024-10-24 07:08:37
42,58,51,7,,,126.83487510250022,37.20823594626442,126.82008763273096,37.21131815066703,2024-10-24 07:09:15
43,55,50,7,,,126.83079335686799,37.20936901268602,126.8219972399402,37.211793194892955,2024-10-24 07:09:20
44,19,28,7,,,126.82804800794295,37.195053881344506,126.82875764370374,37.20257555317236,2024-10-24 07:09:26
45,26,38,7,,,126.81811921481469,37.19282935189393,126.82359675402974,37.200625322974425,2024-10-24 07:09:26
46,71,51,7,,,126.83960544563168,37.20412002099817,126.81979137761579,37.21068554257881,2024-10-24 07:10:07
47,21,17,7,,,126.81789977927174,37.19609070054822,126.82725048760751,37.197676639736905,2024-10-24 07:10:26
48,11,7,7,,,126.81374492531363,37.2079974952509,126.82817474148406,37.207565511820235,2024-10-24 07:11:06
49,26,38,7,,,126.81919222747115,37.194208701904024,126.82423709553458,37.2022811563963,2024-10-24 07:11:16
50,26,2,7,,,126.8180175151657,37.19400081952141,126.82253633366176,37.206731260533154,2024-10-24 07:12:14
51,51,37,7,,,126.81885260144901,37.20975935642834,126.82150016740421,37.19816528290845,2024-10-24 07:12:17
52,21,17,7,,,126.81847390829591,37.19572329065991,126.8259627097356,37.19661340352127,2024-10-24 07:13:04
53,26,50,7,,,126.81873437306169,37.19267968353359,126.8215831767832,37.211754998466375,2024-10-24 07:13:32
54,54,22,7,,,126.83337855934188,37.21119222162484,126.8156555660208,37.194475446289516,2024-10-24 07:13:35
55,24,28,7,,,126.81846349398751,37.19107668205016,126.82965811248133,37.20318867769074,2024-10-24 07:14:20
56,21,38,7,,,126.8179838758249,37.19677809721731,126.82369681607878,37.20158818835904,2024-10-24 07:14:22
57,21,33,7,,,126.81784159434098,37.19635464223113,126.82845185600554,37.20036380053429,2024-10-24 07:14:33
58,37,51,7,,,126.82102150271943,37.197974990790556,126.81928937101272,37.21123639788546,2024-10-24 07:15:24
59,37,33,7,,,126.8208652818447,37.19714536584946,126.82856743929712,37.201081819835785,2024-10-24 07:15:31
60,10,22,7,,,126.8167704295629,37.21007122967325,126.81656105827877,37.19516896035941,2024-10-24 07:15:53
61,62,42,7,,,126.83733834021703,37.21201250271719,126.83055655495998,37.19691645522672,2024-10-24 07:15:54
62,21,33,7,,,126.8194598734547,37.19615042394567,126.82947211149244,37.20080513368464,2024-10-24 07:16:03
63,64,51,7,,,126.84154811890038,37.20343118420216,126.81894818183511,37.20995012414686,2024-10-24 07:16:14
64,51,37,7,,,126.819860979009,37.21041472363495,126.82153655592914,37.19688798059975,2024-10-24 07:16:26
65,33,41,7,,,126.82945397266678,37.20116673542802,126.8339085935667,37.19753233221967,2024-10-24 07:16:38
66,21,33,7,,,126.81789217486495,37.19608192702051,126.8297213532276,37.201333272773645,2024-10-24 07:16:40
67,37,51,7,,,126.82178963355778,37.19666050683558,126.82027614640738,37.2106320244327,2024-10-24 07:16:56
68,21,32,7,,,126.81772745097699,37.19709184475117,126.83271115955462,37.20236254921124,2024-10-24 07:17:03
69,26,17,7,,,126.81822525926073,37.19261646364533,126.82701864118567,37.19680948093873,2024-10-24 07:17:23
70,26,50,7,,,126.81768872251655,37.194061486774615,126.82287522547621,37.21171500866296,2024-10-24 07:17:29
71,21,33,7,,,126.81900906480182,37.19575139124188,126.829105845071,37.20014315476959,2024-10-24 07:17:48
72,23,33,7,,,126.82069710615924,37.19111628599462,126.82943608710697,37.20107711775788,2024-10-24 07:17:52
73,18,69,7,,,126.82357810699662,37.19618302021383,126.83731824742897,37.20689078113034,2024-10-24 07:17:56
74,26,17,7,,,126.81854628673979,37.19260420497261,126.82697847580269,37.19646101446496,2024-10-24 07:18:07
75,37,51,7,,,126.82124833710583,37.19742454806539,126.81877438631605,37.20958027283401,2024-10-24 07:18:35
76,6,42,7,,,126.82530710879018,37.203446091862915,126.83073637554378,37.19578858224568,2024-10-24 07:18:58
77,26,10,7,,,126.81837195558087,37.193229982836066,126.81769749943936,37.20969729857646,2024-10-24 07:19:03
78,37,51,7,,,126.82116880931996,37.197829578827346,126.82054248683666,37.21079415897035,2024-10-24 07:19:18
79,26,17,7,,,126.81861902594135,37.19355859459773,126.82704246637535,37.19644001675242,2024-10-24 07:19:22
80,37,51,7,,,126.82106165117676,37.19774877078514,126.81876805900832,37.210940388674324,2024-10-24 07:19:40
81,37,51,7,,,126.82119814260768,37.19730191060851,126.81949968178601,37.2100275715113,2024-10-24 07:19:42
82,54,15,7,,,126.83252050630148,37.21047135189856,126.81747727721519,37.2060231536446,2024-10-24 07:20:25
83,51,34,7,,,126.81878664668504,37.21122623725431,126.82129487343745,37.20364653368573,2024-10-24 07:20:26
84,26,50,7,,,126.81916919653192,37.19367928403473,126.82326231536938,37.211251127594025,2024-10-24 07:21:17
85,26,38,7,,,126.81913599608144,37.194427769794785,126.82460739619808,37.201545017086794,2024-10-24 07:21:39
86,50,23,7,,,126.82278982993435,37.21198992397831,126.8205855926405,37.1924159398472,2024-10-24 07:21:43
87,37,51,7,,,126.82197621285593,37.1977638707302,126.82008201209565,37.21007899645737,2024-10-24 07:21:55
88,33,8,7,,,126.8299757354152,37.2013692091844,126.82537979932323,37.20612391939538,2024-10-24 07:22:00
89,71,56,7,,,126.84025019734295,37.20475046532916,126.83491983185709,37.20523271478485,2024-10-24 07:22:11
90,26,39,7,,,126.81911242420182,37.19320269167405,126.82238684055389,37.19979541829908,2024-10-24 07:22:18
91,55,50,7,,,126.82933782960073,37.209607478208525,126.82245818969027,37.21076483327067,2024-10-24 07:22:18
92,26,17,7,,,126.81758382773351,37.19440616485855,126.82576275507863,37.19771044146364,2024-10-24 07:22:36
93,21,17,7,,,126.81868452424509,37.195384941363045,126.82542000112424,37.19694652047042,2024-10-24 07:23:04
94,51,26,7,,,126.81948963139546,37.21066590793125,126.81801027540779,37.19268832121906,2024-10-24 07:23:06
95,34,10,7,,,126.8219004479014,37.202613563731475,126.81712175916866,37.21009847703024,2024-10-24 07:23:14
96,26,50,7,,,126.81749038097072,37.192976134909344,126.82145989044739,37.21241508488073,2024-10-24 07:23:53
97,55,50,7,,,126.8309719335471,37.20926214033901,126.82333526314146,37.21109097518294,2024-10-24 07:24:30
98,23,57,7,,,126.8214056797453,37.19259108501956,126.83302127595357,37.20528352616633,2024-10-24 07:24:53
99,55,50,7,,,126.8308135234088,37.20917422122605,126.82189331434142,37.21216145891431,2024-10-24 07:24:58
100,21,17,7,,,126.81861183288231,37.19621907301086,126.82585501412034,37.19601164863334,2024-10-24 07:25:29
101,51,34,7,,,126.81918305961206,37.21028076270592,126.82207173862822,37.20287835025335,2024-10-24 07:25:35
102,26,17,7,,,126.81915875532128,37.19388232646845,126.82600751919541,37.1970006700735,2024-10-24 07:25:52
103,26,2,7,,,126.81907033073249,37.194272024143714,126.82256503659508,37.20531449619615,2024-10-24 07:26:06
104,26,38,7,,,126.81926000490675,37.19423458647904,126.82466387961348,37.20115775500653,2024-10-24 07:26:37
105,26,38,7,,,126.8186791437435,37.19371147612916,126.82402607381484,37.200487607365595,2024-10-24 07:26:53
106,26,38,7,,,126.81866526025205,37.19301565945706,126.82467077722876,37.200330802077545,2024-10-24 07:27:16
107,21,33,7,,,126.81790595544304,37.197147758574054,126.8290951168926,37.199670093621066,2024-10-24 07:27:22
108,26,17,7,,,126.81846196918515,37.193922107406294,126.8267354783147,37.19615332042758,2024-10-24 07:27:28
109,21,17,7,,,126.81903483289916,37.19627692217911,126.82737394986901,37.197116369336186,2024-10-24 07:28:03
110,72,48,7,,,126.81154886495551,37.20685386531173,126.82962500502047,37.21457585300764,2024-10-24 07:28:14
111,26,38,7,,,126.81850448602863,37.194299964396,126.82393680521031,37.20175640427227,2024-10-24 07:28:17
112,26,38,7,,,126.81843836651082,37.193342889317236,126.82358251705455,37.20115126090948,2024-10-24 07:28:19
113,26,38,7,,,126.81889273577444,37.19330664420323,126.82320791218899,37.20221183650845,2024-10-24 07:28:40
114,66,11,7,,,126.83786112643162,37.20396011262155,126.81488194533071,37.20820962524751,2024-10-24 07:28:44
115,26,39,7,,,126.81751695669534,37.19303223364147,126.82156327041001,37.19927767164191,2024-10-24 07:28:46
116,71,70,7,,,126.84045897246965,37.204187013454884,126.8381205665289,37.21024511477333,2024-10-24 07:29:22
117,37,51,7,,,126.82146817394903,37.19789267155773,126.81915251357913,37.20947111891498,2024-10-24 07:29:29
118,31,7,7,,,126.82936139148237,37.19877186077304,126.82771604959606,37.20868897079814,2024-10-24 07:29:35
119,31,40,7,,,126.82913371476404,37.197202559560786,126.83155856755793,37.193600812723425,2024-10-24 07:29:43
120,26,17,7,,,126.81837599034915,37.193740108284516,126.82655879553327,37.196540031108285,2024-10-24 07:29:47
121,51,26,7,,,126.82051554810307,37.20961881252569,126.81764145506175,37.19255838577373,2024-10-24 07:30:03
122,55,50,7,,,126.8297162719259,37.20817924554114,126.82319862979693,37.210763337288014,2024-10-24 07:30:05
123,37,51,7,,,126.82120057162516,37.19780234598273,126.81927087452688,37.20948466884097,2024-10-24 07:30:45
124,56,51,7,,,126.83540675291519,37.205380090610184,126.81945671574623,37.20994371194671,2024-10-24 07:31:02
125,59,65,7,,,126.83187185919546,37.206561124444924,126.83540227676379,37.200290555455474,2024-10-24 07:31:02
126,26,38,7,,,126.81828243070481,37.192794368789016,126.82428669885627,37.20138197621298,2024-10-24 07:31:09
127,7,45,7,,,126.8282476638366,37.208104012359044,126.82516838666498,37.21233870471606,2024-10-24 07:31:21
128,51,37,7,,,126.81871345961059,37.209930042546524,126.82206316551434,37.19803286986511,2024-10-24 07:31:22
129,26,2,7,,,126.81899421699175,37.19322700742679,126.82137771047829,37.206612274832786,2024-10-24 07:31:25
130,11,36,7,,,126.81530495795336,37.20801604420018,126.82405893332937,37.19878433186577,2024-10-24 07:31:33
131,56,51,7,,,126.83451311005717,37.2064616945698,126.8189742187727,37.2102359808418,2024-10-24 07:31:41
132,26,17,7,,,126.81927280823719,37.19411516137611,126.82672332093627,37.19724156313348,2024-10-24 07:32:18
133,37,51,7,,,126.82039143353737,37.19665177799261,126.81984870706063,37.21040288225079,2024-10-24 07:32:36
134,37,51,7,,,126.82062947400792,37.19730454130743,126.82057679194122,37.20952214256457,2024-10-24 07:32:40
135,41,70,7,,,126.83372326213907,37.19815644454398,126.83758590522564,37.2096420594525,2024-10-24 07:32:56
136,26,38,7,,,126.81802540331721,37.192585740217794,126.8239774816138,37.20167799621132,2024-10-24 07:33:09
137,21,50,7,,,126.81939299929267,37.195845115347176,126.82264794306691,37.2106021114625,2024-10-24 07:33:21
138,45,71,7,,,126.82495740018852,37.213312157151044,126.83972029354398,37.20495733930263,2024-10-24 07:33:25
139,68,66,7,,,126.83971797073467,37.20259764705593,126.83701401952105,37.2047064750986,2024-10-24 07:33:28
140,33,60,7,,,126.82867795309174,37.20136768853699,126.83349181397669,37.212433451379454,2024-10-24 07:33:44
141,38,50,7,,,126.82375257139604,37.20218501856114,126.82221035485817,37.211911336935025,2024-10-24 07:34:01
142,26,38,7,,,126.81916685369073,37.19338117209162,126.82348716409061,37.20121153966542,2024-10-24 07:34:27
143,29,51,7,,,126.82587879028026,37.202695604071614,126.81967506815766,37.21025950661189,2024-10-24 07:34:32
144,21,33,7,,,126.8179483311222,37.19550309577352,126.82966469848463,37.200855853077265,2024-10-24 07:34:40
145,66,29,7,,,126.83727380672137,37.20409527360409,126.82708369965249,37.20184361707634,2024-10-24 07:35:02
146,37,51,7,,,126.82026304880203,37.1980734581177,126.81961861743765,37.21115812409885,2024-10-24 07:35:07
147,34,10,7,,,126.82087936380944,37.203950371910956,126.81698733280652,37.20977841166794,2024-10-24 07:35:16
148,37,51,7,,,126.82209289224299,37.19772662269003,126.81986532399824,37.20978236742466,2024-10-24 07:35:25
149,21,17,7,,,126.81842295708064,37.197087738925205,126.82648421162384,37.19619323665248,2024-10-24 07:36:01
150,32,17,7,,,126.83192897331294,37.20229578762252,126.82659056868441,37.19742110943844,2024-10-24 07:36:44
151,58,51,7,,,126.83561761749877,37.208296908108956,126.81952443380256,37.20972843493503,2024-10-24 07:36:52
152,26,38,7,,,126.81914876692461,37.194127426919785,126.82371471889904,37.20129617139637,2024-10-24 07:37:16
153,26,17,7,,,126.81796089412835,37.19419514091651,126.82697713710124,37.19619000561136,2024-10-24 07:37:24
154,37,33,7,,,126.82166645655151,37.19708518630555,126.82881708072982,37.20020761571831,2024-10-24 07:37:34
155,21,33,7,,,126.81890345863017,37.195941630347434,126.8285828556062,37.20154364287222,2024-10-24 07:37:51
156,55,51,7,,,126.83056791339702,37.208844066577456,126.81976780936422,37.20944722644041,2024-10-24 07:38:02
157,56,51,7,,,126.83512889409984,37.20529893185658,126.81996547259244,37.21071469389149,2024-10-24 07:38:19
158,27,51,7,,,126.82632395027065,37.200150329427494,126.81943580650012,37.210276145156676,2024-10-24 07:38:38
159,36,42,7,,,126.82405197975184,37.19824237324738,126.83254414678494,37.19580290794375,2024-10-24 07:39:42
160,21,33,7,,,126.81941545546191,37.19629644987725,126.82842803253688,37.2007280351349,2024-10-24 07:39:52
161,37,51,7,,,126.82087150715577,37.19840366623209,126.81991392657217,37.21066144377235,2024-10-24 07:40:10
162,20,27,7,,,126.81572765788066,37.1934392790028,126.8273511021445,37.20052721549,2024-10-24 07:40:40
163,42,51,7,,,126.83230953636732,37.196131874938644,126.81924715955333,37.211147442999064,2024-10-24 07:40:55
164,26,17,7,,,126.81828312061032,37.19383710182531,126.82583302224826,37.196653959840205,2024-10-24 07:41:24
165,21,33,7,,,126.81919088108677,37.19731057946353,126.82964999978485,37.200723664249566,2024-10-24 07:41:45
166,55,50,7,,,126.83049770410733,37.208613770078735,126.82274108436066,37.21203545522417,2024-10-24 07:42:23
167,20,25,7,,,126.81603039161746,37.19176700024577,126.82080661556516,37.19480116075975,2024-10-24 07:42:50
168,37,51,7,,,126.82219885713927,37.19805209360024,126.81951136093454,37.21035940992013,2024-10-24 07:43:20
169,56,51,7,,,126.83412542191252,37.20652350307651,126.81874471404699,37.20988703293463,2024-10-24 07:43:35
170,2,17,7,,,126.8224149643834,37.20509229089739,126.82568469530332,37.19625942394921,2024-10-24 07:43:39
171,18,58,7,,,126.82325099967503,37.1956066962957,126.83525581573757,37.20795190961751,2024-10-24 07:43:53
172,11,8,7,,,126.81459586782847,37.20739993833582,126.82410615880552,37.20701887335333,2024-10-24 07:44:14
173,55,50,7,,,126.82900274539136,37.20890412796047,126.82293599740385,37.21223064847057,2024-10-24 07:44:56
174,26,4,7,,,126.81800966813222,37.192913950154555,126.82308938702005,37.209413756956,2024-10-24 07:45:03
175,51,18,7,,,126.81999870275048,37.21100417645161,126.82465088821877,37.19499320323094,2024-10-24 07:45:18
176,21,33,7,,,126.81849113034538,37.196633874420705,126.8301857419523,37.20152381952777,2024-10-24 07:45:51
177,37,51,7,,,126.82141324063635,37.19806644620167,126.81904504620356,37.210945607138555,2024-10-24 07:45:53
178,37,51,7,,,126.82141114488557,37.19809552093897,126.82069380958144,37.21132096168582,2024-10-24 07:46:01
179,51,26,7,,,126.81945468354273,37.211138073498546,126.81879057908026,37.19316101288577,2024-10-24 07:46:02
180,51,37,7,,,126.81884238854825,37.21051258540541,126.82223605005757,37.19831407498103,2024-10-24 07:46:15
181,51,26,7,,,126.8206895165936,37.21126124732777,126.81822108717367,37.19402122331138,2024-10-24 07:46:43
182,11,51,7,,,126.81486253840727,37.207905698785495,126.8203382699357,37.209531265025305,2024-10-24 07:46:44
183,37,51,7,,,126.82055914183609,37.196530821859746,126.81930233577137,37.21054506832438,2024-10-24 07:46:51
184,26,17,7,,,126.8188370443855,37.19396655057619,126.82613406238984,37.19711089725046,2024-10-24 07:46:53
185,37,33,7,,,126.8206935159469,37.196793903396035,126.8297634433796,37.20063418003879,2024-10-24 07:47:06
186,58,61,7,,,126.83501984564137,37.208199714519594,126.83383133046931,37.216726099479885,2024-10-24 07:47:07
187,26,38,7,,,126.8174535810001,37.19356360607879,126.82486552097022,37.200818109000586,2024-10-24 07:47:30
188,48,48,7,,,126.83020077503978,37.214221484795445,126.83025638353303,37.21545589965909,2024-10-24 07:47:36
189,37,70,7,,,126.82031848555202,37.19739302730506,126.83841736066569,37.20979957385275,2024-10-24 07:47:40
190,21,17,7,,,126.81803456476787,37.19660507875757,126.82712489024678,37.19758048026761,2024-10-24 07:48:19
191,38,20,7,,,126.82427052628952,37.20063646876888,126.81485584759302,37.192551539060425,2024-10-24 07:48:27
192,26,38,7,,,126.81789657444398,37.193099146879625,126.82424915272055,37.20095913157811,2024-10-24 07:48:42
193,5,16,7,,,126.82716733212976,37.20551578559045,126.82367599614128,37.19231457443158,2024-10-24 07:48:52
194,21,17,7,,,126.81810345930174,37.19709457872379,126.82576292320734,37.1967708124677,2024-10-24 07:49:17
195,21,17,7,,,126.8187187673869,37.1972139013242,126.82697485829486,37.196714982294225,2024-10-24 07:49:22
196,67,31,7,,,126.835418361748,37.20339367828606,126.82900630631435,37.19789318806804,2024-10-24 07:49:38
197,21,17,7,,,126.81900257914587,37.19672260810723,126.82674899336556,37.19656762484159,2024-10-24 07:49:49
198,37,51,7,,,126.82178622087585,37.196622070860705,126.81922395699827,37.210670419191025,2024-10-24 07:50:31
199,26,17,7,,,126.81797398315841,37.192997427774955,126.82570032737077,37.19738276603075,2024-10-24 07:51:16
200,21,33,7,,,126.81790930342144,37.19704026431186,126.82874176797581,37.20063706511527,2024-10-24 07:51:26
201,34,10,7,,,126.82166032410709,37.20253489462765,126.816906526212,37.20976194715268,2024-10-24 07:51:45
202,51,26,7,,,126.81977669677308,37.21039528410099,126.81782268471602,37.19376260950111,2024-10-24 07:51:50
203,37,67,7,,,126.82079485914367,37.19652682726153,126.83426045822246,37.202089250752,2024-10-24 07:51:52
204,37,33,7,,,126.82082674407368,37.19747287744938,126.8287025085336,37.19986683508054,2024-10-24 07:51:53
205,46,26,7,,,126.83012137065015,37.21201503507882,126.81773044897723,37.19317124527836,2024-10-24 07:52:04
206,26,38,7,,,126.81830710369493,37.193679071271525,126.82376607358026,37.202205195756136,2024-10-24 07:52:15
207,21,17,7,,,126.81889618284573,37.195594393866074,126.82573587336422,37.19766333760101,2024-10-24 07:52:16
208,26,38,7,,,126.81832233826395,37.19408304024857,126.82404859346205,37.2007982041689,2024-10-24 07:52:16
209,21,17,7,,,126.81779978554744,37.19662479644019,126.82631306685893,37.196639170742934,2024-10-24 07:52:28
210,72,35,7,,,126.8123728517811,37.20727867253083,126.81979999691617,37.201833498287506,2024-10-24 07:52:29
211,26,38,7,,,126.81890998504335,37.194298620988924,126.82477706798787,37.20075739471489,2024-10-24 07:52:34
212,27,28,7,,,126.82699806081837,37.19918822410575,126.83013079987624,37.204092376348804,2024-10-24 07:52:44
213,55,50,7,,,126.83020067945617,37.20971023671766,126.82265260992831,37.211205155586846,2024-10-24 07:52:57
214,21,33,7,,,126.81901349775083,37.196454409489846,126.82890768902841,37.199975376514914,2024-10-24 07:53:28
215,21,33,7,,,126.81814717965814,37.19691313155662,126.82977528401226,37.20105896587156,2024-10-24 07:53:31
216,37,51,7,,,126.82144032584554,37.19800609920125,126.8190903031752,37.21102720049077,2024-10-24 07:53:46
217,43,5,7,,,126.8229534606198,37.19076725890979,126.8266117944947,37.20579145152642,2024-10-24 07:53:55
218,55,50,7,,,126.83091233604559,37.20834285589355,126.82331237459123,37.210782027705186,2024-10-24 07:54:54
219,16,1,7,,,126.82303294652547,37.19250459928361,126.81700208498647,37.19749924930621,2024-10-24 07:54:57
220,21,17,7,,,126.81776533279323,37.19615699276601,126.82611421457946,37.19708760574063,2024-10-24 07:55:07
221,6,23,7,,,126.82491029738003,37.204873733504876,126.82065866393182,37.19111244067482,2024-10-24 07:55:15
222,55,50,7,,,126.83092131761218,37.21000089211084,126.82312016809095,37.21109079657352,2024-10-24 07:56:17
223,23,18,7,,,126.8198205265137,37.19134648249002,126.82399546609663,37.19623123103656,2024-10-24 07:56:37
224,10,1,7,,,126.8177810806087,37.209595541938725,126.8155008427383,37.19780055367138,2024-10-24 07:56:37
225,21,17,7,,,126.81805558582091,37.19695642245263,126.82654033333365,37.19625138342649,2024-10-24 07:56:46
226,23,50,7,,,126.82091848532902,37.19153155401109,126.82146303188864,37.211360087100935,2024-10-24 07:56:58
227,38,44,7,,,126.82409174406388,37.20214557219823,126.82125409559315,37.18821287405353,2024-10-24 07:57:26
228,62,59,7,,,126.83901828646587,37.21332343987402,126.83304467521172,37.207458208511014,2024-10-24 07:58:36
229,55,50,7,,,126.83033536192045,37.20946516392809,126.82307086313574,37.211295336665586,2024-10-24 07:58:43
230,26,38,7,,,126.81787152732674,37.19347703945155,126.82444417114907,37.20081419191629,2024-10-24 07:58:48
231,26,2,7,,,126.81784947871205,37.193997805655556,126.82233441976017,37.20518802444702,2024-10-24 07:58:59
232,25,26,7,,,126.82163685500161,37.19393334623249,126.81817773305052,37.19288179531854,2024-10-24 07:59:01
233,26,39,7,,,126.81745371349679,37.193451087466,126.82090775288259,37.19999711279618,2024-10-24 07:59:10
234,37,51,7,,,126.82046592196072,37.19792918806274,126.81926334340196,37.20944391993696,2024-10-24 07:59:17
235,51,26,7,,,126.81900338718523,37.21072895178306,126.81929155149096,37.19346667177987,2024-10-24 07:59:27
236,25,23,7,,,126.82127840396211,37.19442109747795,126.8216731971669,37.191102228718734,2024-10-24 07:59:42
237,18,51,7,,,126.82314649243014,37.19612482113197,126.82046403105547,37.21041785164919,2024-10-24 07:59:49
238,59,14,8,,,126.83211208199523,37.20827542452208,126.82007918112721,37.20784438962986,2024-10-24 08:00:27
239,50,55,8,,,126.82220205118874,37.2115649386452,126.83043093490309,37.208145968773856,2024-10-24 08:00:27
240,35,60,8,,,126.81874291905332,37.201496464705805,126.83323172149264,37.212481816833936,2024-10-24 08:00:46
241,58,42,8,,,126.83490867858801,37.20804234930472,126.83235315594673,37.19528479218932,2024-10-24 08:00:50
242,17,50,8,,,126.82556134467004,37.19668914874231,126.8222379427449,37.211126634936534,2024-10-24 08:01:16
243,72,5,8,,,126.81133902110335,37.20707546675972,126.82695558897532,37.205849473885124,2024-10-24 08:02:12
244,23,17,8,,,126.82028542589636,37.19104558209067,126.82612992061136,37.197059965993,2024-10-24 08:02:22
245,34,50,8,,,126.82150212703408,37.20404859036158,126.82325259166186,37.21149128146982,2024-10-24 08:02:28
246,34,21,8,,,126.82105826743648,37.20388070620674,126.81792825861532,37.19710736278936,2024-10-24 08:02:32
247,21,38,8,,,126.81934826197148,37.19692509126949,126.82378900004139,37.20095090408137,2024-10-24 08:02:59
248,23,50,8,,,126.82095399842328,37.191594285284104,126.82248582002555,37.21088982427895,2024-10-24 08:03:05
249,50,19,8,,,126.82220415861713,37.21202919136232,126.82832905590276,37.195719918190804,2024-10-24 08:03:18
250,37,51,8,,,126.82034922012724,37.196913072013594,126.8197741843655,37.210297314753184,2024-10-24 08:03:19
251,10,72,8,,,126.81751904887108,37.20864942214654,126.81080503020476,37.20627552705892,2024-10-24 08:03:35
252,21,18,8,,,126.81815083526544,37.19608034804201,126.82467597640711,37.19597832552968,2024-10-24 08:03:53
253,38,50,8,,,126.82510442065261,37.20144448434044,126.82164755967442,37.211615087191575,2024-10-24 08:03:56
254,50,11,8,,,126.82305751115949,37.21154840250598,126.8149619030738,37.20740579413955,2024-10-24 08:04:00
255,21,18,8,,,126.81869260762508,37.19600225435327,126.82322523091197,37.19546212099997,2024-10-24 08:04:29
256,70,50,8,,,126.83843910507298,37.2091400574651,126.82307773418839,37.21073068420857,2024-10-24 08:04:35
257,37,51,8,,,126.82032789921864,37.196625397137346,126.82010123728142,37.21061495892367,2024-10-24 08:04:35
258,37,51,8,,,126.82120488906882,37.19839587820732,126.81905462740134,37.20999357054399,2024-10-24 08:04:42
259,23,38,8,,,126.82012959602955,37.19217034918542,126.82409773259107,37.2011509559337,2024-10-24 08:04:58
260,23,50,8,,,126.8207141438968,37.19156581969203,126.82302999680822,37.21160022785421,2024-10-24 08:05:01
261,23,33,8,,,126.82044749047644,37.19104377560659,126.82924593977667,37.199814112903894,2024-10-24 08:05:02
262,21,51,8,,,126.81838910166326,37.19668524062082,126.82019446071621,37.21044556116914,2024-10-24 08:05:07
263,51,38,8,,,126.81982258114694,37.21001794290937,126.8248677331261,37.20145310428105,2024-10-24 08:05:15
264,23,37,8,,,126.82108354931829,37.191294332660036,126.82051108725739,37.197525286542124,2024-10-24 08:05:23
265,21,18,8,,,126.81859081683491,37.196572889619866,126.82382987208472,37.19561441590838,2024-10-24 08:06:09
266,23,50,8,,,126.82170420492092,37.190894332625675,126.82221564365896,37.212228841375904,2024-10-24 08:06:36
267,34,14,8,,,126.82098307195392,37.20341663072856,126.82042684962695,37.20853304278856,2024-10-24 08:06:51
268,21,18,8,,,126.81925143555674,37.19696480646568,126.82288989760609,37.196653763752714,2024-10-24 08:07:03
269,23,50,8,,,126.8207463802696,37.19143135381488,126.82187521193735,37.21103545702408,2024-10-24 08:07:14
270,34,50,8,,,126.82137822211291,37.20391115644743,126.82266199899134,37.21140921183149,2024-10-24 08:07:19
271,72,11,8,,,126.81111575926043,37.20772726537382,126.81450175904604,37.20887853875034,2024-10-24 08:08:00
272,21,37,8,,,126.81866870869065,37.19543154421962,126.82061092492124,37.19805062144227,2024-10-24 08:09:06
273,21,38,8,,,126.81912906199965,37.195469073917096,126.82375573341787,37.201235071596166,2024-10-24 08:09:12
274,37,51,8,,,126.82221741323698,37.197955259077006,126.81953538862545,37.2107111507664,2024-10-24 08:09:14
275,23,50,8,,,126.82103957137765,37.191449053737344,126.82336060564742,37.21082551776693,2024-10-24 08:09:32
276,34,50,8,,,126.82257978865952,37.20300915495238,126.82214652295366,37.21051417391625,2024-10-24 08:09:35
277,26,18,8,,,126.8178375373501,37.19417101316016,126.82412228116432,37.19583413313333,2024-10-24 08:10:05
278,21,17,8,,,126.8185145233673,37.19622239847572,126.82699827880458,37.19703241048165,2024-10-24 08:10:18
279,34,21,8,,,126.82257820208271,37.20286806165849,126.81853157824112,37.19709967208606,2024-10-24 08:10:46
280,23,17,8,,,126.82009899407224,37.19269870083463,126.82696824338576,37.19698478604824,2024-10-24 08:10:55
281,21,18,8,,,126.81766406605615,37.19678523883864,126.82416041068961,37.19541759141879,2024-10-24 08:11:18
282,14,61,8,,,126.81953619289904,37.20686237665763,126.83323787721805,37.21528521057233,2024-10-24 08:11:59
283,23,33,8,,,126.82007150105112,37.19232868531679,126.83005069663226,37.20067151043726,2024-10-24 08:12:25
284,21,18,8,,,126.81852793925613,37.19598592636879,126.82284498674224,37.194990714743916,2024-10-24 08:12:51
285,37,51,8,,,126.82171079455895,37.198298424433425,126.82031362111476,37.20964507840774,2024-10-24 08:12:52
286,23,50,8,,,126.82080996621964,37.19231936479235,126.8223768935891,37.21152996335364,2024-10-24 08:12:57
287,26,18,8,,,126.8179805291967,37.19256556531292,126.82410223986388,37.194991855106764,2024-10-24 08:13:01
288,21,39,8,,,126.81930095826118,37.19591509463414,126.82179589504928,37.1993345131363,2024-10-24 08:13:02
289,34,50,8,,,126.82136950607918,37.20367187451188,126.82267594484972,37.211962752142796,2024-10-24 08:13:09
290,34,21,8,,,126.82128262796066,37.20356606887422,126.81769500637273,37.19591370352564,2024-10-24 08:13:36
291,23,32,8,,,126.82151908771628,37.19103839688588,126.83279658383125,37.201650590092264,2024-10-24 08:13:39
292,51,37,8,,,126.82019917368739,37.21059346133838,126.82105733870793,37.19784902651106,2024-10-24 08:14:08
293,71,50,8,,,126.8396051194691,37.20457283635064,126.82171579212718,37.21157573091158,2024-10-24 08:15:03
294,38,50,8,,,126.82371915611654,37.201146832854164,126.82256270841678,37.21161394991139,2024-10-24 08:15:05
295,5,3,8,,,126.826777677157,37.20591056641116,126.82407018183366,37.20987862558856,2024-10-24 08:15:18
296,33,70,8,,,126.8284192555911,37.20094167201118,126.83825344931164,37.20936613203084,2024-10-24 08:15:24
297,71,17,8,,,126.84031493427031,37.20558416810813,126.8267202352686,37.196142414092165,2024-10-24 08:15:49
298,19,63,8,,,126.82837812556261,37.19424043781271,126.83466318879641,37.210621428253624,2024-10-24 08:16:07
299,21,37,8,,,126.81767218009348,37.195945175232204,126.82184854488442,37.19726325479866,2024-10-24 08:16:13
300,71,33,8,,,126.83942150266923,37.204599416536595,126.82933592311639,37.2010526559478,2024-10-24 08:16:17
301,21,18,8,,,126.81919392894243,37.195961808636156,126.82439146612748,37.19562702380059,2024-10-24 08:16:19
302,23,50,8,,,126.82051922531323,37.191223410887126,126.82236916257935,37.21060159448443,2024-10-24 08:16:26
303,51,10,8,,,126.81974757671848,37.20980325324419,126.81654482658617,37.20996869112116,2024-10-24 08:16:27
304,38,50,8,,,126.82377032111312,37.20201839430579,126.82299092649217,37.211915667270155,2024-10-24 08:16:27
305,64,51,8,,,126.84182484320228,37.20275884172792,126.81944864638376,37.210265645040444,2024-10-24 08:16:31
306,38,51,8,,,126.82382937426277,37.20082970373248,126.81959423839935,37.209577529997,2024-10-24 08:16:34
307,58,50,8,,,126.83447224531604,37.20860257546362,126.82165705429021,37.21126197772215,2024-10-24 08:16:34
308,55,50,8,,,126.82915062547919,37.209538733544,126.82280272848186,37.21080895560291,2024-10-24 08:16:49
309,21,39,8,,,126.81831271954887,37.19559182285952,126.8219710477252,37.20101787810183,2024-10-24 08:18:39
310,6,6,8,,,126.82500712538807,37.20428333287195,126.82534177585002,37.204825443185946,2024-10-24 08:19:01
311,26,38,8,,,126.8178028783058,37.193643863879515,126.82376407740607,37.20226553369645,2024-10-24 08:19:02
312,42,61,8,,,126.83161818411185,37.19587671664421,126.83264355333748,37.21554350825129,2024-10-24 08:19:19
313,21,18,8,,,126.81789730586873,37.195510623093774,126.8237479448179,37.19558763103127,2024-10-24 08:19:27
314,26,42,8,,,126.81873362405294,37.193937492451575,126.83151049070342,37.196093399314485,2024-10-24 08:19:43
315,71,33,8,,,126.84023575036251,37.20582602169114,126.82894064486715,37.2010100030278,2024-10-24 08:20:18
316,58,60,8,,,126.83428692219204,37.208427117229995,126.83238932939973,37.21251261115467,2024-10-24 08:20:27
317,58,56,8,,,126.83442494911054,37.20799546819642,126.83446065345132,37.204977334094465,2024-10-24 08:20:33
318,23,38,8,,,126.82142281144395,37.19175901167842,126.82376371601838,37.20168969412366,2024-10-24 08:20:37
319,23,37,8,,,126.82000029194928,37.19202197859869,126.82144436355777,37.19770557856575,2024-10-24 08:20:40
320,57,54,8,,,126.83274611966291,37.204451592732326,126.83184648288926,37.209397937322066,2024-10-24 08:21:02
321,23,50,8,,,126.8199935333256,37.191787862588164,126.82229383545668,37.211286998043406,2024-10-24 08:21:03
322,8,17,8,,,126.8243185837967,37.20779366864133,126.82569212242696,37.196132451358025,2024-10-24 08:21:05
323,9,52,8,,,126.81465620352097,37.205885098845464,126.82982891931906,37.217694799841695,2024-10-24 08:21:16
324,3,14,8,,,126.82499624824338,37.209469387007736,126.81978450080928,37.20702948286546,2024-10-24 08:21:19
325,60,33,8,,,126.83269262842812,37.21236448622173,126.8297840221083,37.20030405819401,2024-10-24 08:21:26
326,18,17,8,,,126.8246164679607,37.19503273895168,126.82678483952844,37.19668983404539,2024-10-24 08:22:10
327,71,17,8,,,126.83928332357397,37.20438280508182,126.8263845874039,37.19711104309805,2024-10-24 08:22:15
328,21,42,8,,,126.81818967291242,37.19666471128595,126.83140311600279,37.19632063641092,2024-10-24 08:22:23
329,59,19,8,,,126.83230888000651,37.20725822344025,126.82916826283534,37.19568189923743,2024-10-24 08:22:29
330,39,37,8,,,126.82230242063558,37.19984528111907,126.8206407940624,37.196847219255254,2024-10-24 08:22:43
331,23,50,8,,,126.82085210055618,37.19240105375246,126.82316563755646,37.21079839500433,2024-10-24 08:22:44
332,48,33,8,,,126.83107801722132,37.214258527222384,126.82959766228622,37.201598799398866,2024-10-24 08:23:02
333,23,38,8,,,126.82043860013401,37.19200644256771,126.82463724778513,37.20175643821149,2024-10-24 08:23:13
334,38,50,8,,,126.82451153332501,37.20220288526093,126.82201684308693,37.212072122867134,2024-10-24 08:23:30
335,26,51,8,,,126.81866508833092,37.19437570984168,126.81912263836384,37.21091406612965,2024-10-24 08:23:38
336,21,37,8,,,126.81840647501188,37.19720381669728,126.8210086696425,37.1972165116421,2024-10-24 08:23:51
337,72,55,8,,,126.81186239075494,37.2078980994666,126.83021885185941,37.20896885060115,2024-10-24 08:23:56
338,71,33,8,,,126.84029013899122,37.20567969213687,126.82972625009931,37.20129325937288,2024-10-24 08:24:01
339,58,37,8,,,126.83532692857982,37.208567094212924,126.82198818302167,37.197992481159666,2024-10-24 08:24:09
340,23,33,8,,,126.82005616004568,37.19181063353242,126.8285920271215,37.200067743606716,2024-10-24 08:24:40
341,37,50,8,,,126.82138908411169,37.19657980915545,126.82247467266973,37.21062402977029,2024-10-24 08:24:41
342,18,17,8,,,126.82441020806166,37.194865252353125,126.82658336202289,37.196256273191246,2024-10-24 08:24:42
343,37,50,8,,,126.82069900386901,37.19765285460745,126.82168574530168,37.21076765123957,2024-10-24 08:25:05
344,21,18,8,,,126.81871751998698,37.196699486493166,126.82426011644598,37.19557018739754,2024-10-24 08:25:06
345,38,51,8,,,126.82461801770013,37.200504640434325,126.8192315879234,37.20980035236707,2024-10-24 08:25:19
346,21,18,8,,,126.81778186066374,37.19645195433388,126.8244235714382,37.19638077714399,2024-10-24 08:25:20
347,21,37,8,,,126.81760916566246,37.19585017336517,126.82095035165347,37.19800064374372,2024-10-24 08:25:29
348,21,18,8,,,126.81823363430875,37.19662985936976,126.82412690108634,37.19494458011873,2024-10-24 08:25:42
349,21,18,8,,,126.81793837313458,37.195651378365675,126.82397072030194,37.19607468387225,2024-10-24 08:25:43
350,46,13,8,,,126.82970214144918,37.21206775397831,126.81745011061494,37.20380897741748,2024-10-24 08:25:55
351,37,51,8,,,126.8220949768205,37.197320677976485,126.81885516473295,37.21017438182947,2024-10-24 08:26:06
352,21,37,8,,,126.81832650654708,37.19733192354551,126.82212239847664,37.196479978802216,2024-10-24 08:26:21
353,21,39,8,,,126.81795031563541,37.19602094609985,126.82121912616809,37.20062304205003,2024-10-24 08:26:23
354,71,17,8,,,126.83948500584269,37.20399755661818,126.82681313893295,37.19632632990263,2024-10-24 08:26:32
355,71,17,8,,,126.8402836275073,37.20404704108021,126.826590025763,37.19616428911316,2024-10-24 08:27:00
356,37,51,8,,,126.82026677761031,37.196932518149296,126.81884072379951,37.20985519174756,2024-10-24 08:27:01
357,51,10,8,,,126.82061326033599,37.20957742761784,126.8164965929012,37.20925625783084,2024-10-24 08:27:05
358,21,38,8,,,126.81866274259555,37.19732111824762,126.82467543011316,37.20082633997168,2024-10-24 08:27:11
359,18,17,8,,,126.82355662726172,37.19610799051367,126.82544733256432,37.195999986986926,2024-10-24 08:27:36
360,26,18,8,,,126.8185761003496,37.193531329587124,126.82441799333174,37.195632203518265,2024-10-24 08:28:00
361,38,50,8,,,126.82376862526439,37.20113623079493,126.82245523070108,37.21086827163267,2024-10-24 08:28:25
362,71,34,8,,,126.8402050257223,37.20518150816641,126.8216814783169,37.20290032431954,2024-10-24 08:28:33
363,37,51,8,,,126.82213322252791,37.19765345012558,126.81917599733598,37.211197471814124,2024-10-24 08:28:37
364,37,51,8,,,126.82038826649136,37.19711266144428,126.82056383034545,37.21140763645116,2024-10-24 08:28:55
365,71,56,8,,,126.84071555506564,37.204193489409285,126.83450414757833,37.206145610282434,2024-10-24 08:29:01
366,1,27,8,,,126.81562604515076,37.197702330761324,126.82700318481098,37.20049224377001,2024-10-24 08:29:08
367,34,50,8,,,126.82088161342521,37.20308480807332,126.8217489365744,37.211839025382,2024-10-24 08:29:11
368,67,12,8,,,126.83388161304964,37.20203911339732,126.81974111763431,37.20423266383358,2024-10-24 08:29:23
369,23,50,8,,,126.8203423809351,37.19106099193006,126.82218588231653,37.21123206895473,2024-10-24 08:29:25
370,58,33,8,,,126.83524255947046,37.20835634195617,126.82836679718545,37.20048187121453,2024-10-24 08:29:25
371,51,37,8,,,126.81935720598167,37.210709203614094,126.82220842615841,37.19837826215774,2024-10-24 08:29:37
372,54,61,8,,,126.83182392491769,37.20965776250263,126.83334816054995,37.21603532662658,2024-10-24 08:29:50
373,37,50,8,,,126.82067154963822,37.19665608375553,126.8215612574612,37.21166680903206,2024-10-24 08:30:09
374,10,72,8,,,126.8169815005226,37.20966213972535,126.81118820083843,37.207060090447456,2024-10-24 08:30:14
375,23,17,8,,,126.82096127869218,37.192319290985665,126.82620168753819,37.19682856000467,2024-10-24 08:30:18
376,21,18,8,,,126.81908146353047,37.19656406368728,126.82318924523071,37.19625659330939,2024-10-24 08:30:19
377,23,33,8,,,126.82143446157224,37.192787646850114,126.8302874226967,37.20160090533709,2024-10-24 08:30:23
378,23,32,8,,,126.82103718950104,37.19122226289292,126.8329964834567,37.202134466003855,2024-10-24 08:30:27
379,34,50,8,,,126.82261620753083,37.20356176005896,126.8228251392291,37.21110440535456,2024-10-24 08:30:29
380,64,51,8,,,126.8424750261329,37.204234879586934,126.81970789003374,37.21022099932487,2024-10-24 08:30:39
381,55,31,8,,,126.82969817185526,37.20909372339087,126.82895391716264,37.198732571328556,2024-10-24 08:30:45
382,21,37,8,,,126.81925005664145,37.19546848714506,126.82133285423576,37.19742326215563,2024-10-24 08:31:12
383,71,51,8,,,126.84060050890888,37.205119957453896,126.81971627670812,37.21041001581627,2024-10-24 08:31:13
384,36,40,8,,,126.82375586706776,37.19811794503007,126.83211697958946,37.19330493883787,2024-10-24 08:31:46
385,2,16,8,,,126.82259540716083,37.20500389537733,126.82269059363865,37.1920601533909,2024-10-24 08:32:22
386,51,33,8,,,126.81871356509299,37.209531619008466,126.82931399016364,37.20000855001481,2024-10-24 08:32:29
387,26,11,8,,,126.8186111947121,37.1928687147014,126.815008245502,37.20849660492767,2024-10-24 08:32:47
388,68,72,8,,,126.839662796933,37.20138194314215,126.81087400582562,37.20809945780542,2024-10-24 08:32:57
389,70,50,8,,,126.8370139792614,37.20923612989201,126.82228426855882,37.21194450156174,2024-10-24 08:32:58
390,71,40,8,,,126.83942961079248,37.20456632607962,126.8315655628074,37.19398386832366,2024-10-24 08:33:25
391,23,50,8,,,126.820413016265,37.19221060165494,126.82211608979203,37.212132011341666,2024-10-24 08:33:26
392,49,15,8,,,126.82821500292782,37.21358441397353,126.81606658642207,37.20622730953245,2024-10-24 08:33:29
393,37,50,8,,,126.82133406698365,37.19682791726909,126.82308834618709,37.21082958798834,2024-10-24 08:34:30
394,21,37,8,,,126.81835758866536,37.19645117674787,126.82153208825007,37.197363873867474,2024-10-24 08:34:39
395,21,18,8,,,126.8183018765382,37.196066529035726,126.82314962466445,37.19504951843628,2024-10-24 08:34:42
396,37,50,8,,,126.82037201827879,37.19731456909553,126.82221022331998,37.21076440235482,2024-10-24 08:34:50
397,43,28,8,,,126.82320571826739,37.19082405805457,126.82998317258941,37.20408695366515,2024-10-24 08:35:00
398,70,51,8,,,126.83713900462158,37.208888435764386,126.82061158999116,37.21053908703519,2024-10-24 08:35:13
399,23,33,8,,,126.82156935543883,37.19148215160347,126.82959386123615,37.20122630872204,2024-10-24 08:35:19
400,23,32,8,,,126.82093678055703,37.19156709680215,126.83151980531196,37.201270058074954,2024-10-24 08:35:20
401,21,18,8,,,126.81830447711961,37.196562483655676,126.82349607246108,37.19652486616876,2024-10-24 08:35:41
402,21,37,8,,,126.81771203984606,37.197292181824935,126.8212754020603,37.1974757226018,2024-10-24 08:35:44
403,18,35,8,,,126.82446228817443,37.19484628676549,126.81846695898999,37.2024649680571,2024-10-24 08:35:46
404,34,50,8,,,126.822585258889,37.20304207159608,126.8223154157103,37.21220263315233,2024-10-24 08:35:47
405,21,18,8,,,126.81825020994417,37.19541836782775,126.82298333742489,37.19622160779942,2024-10-24 08:35:56
406,51,37,8,,,126.8191541977419,37.21125769356109,126.82164532209204,37.19822614962921,2024-10-24 08:36:03
407,37,51,8,,,126.82072007480072,37.19718215664722,126.81900490749409,37.2103406396873,2024-10-24 08:36:18
408,26,37,8,,,126.8180617182071,37.193212344613265,126.82170259578979,37.19796758327946,2024-10-24 08:36:23
409,51,10,8,,,126.8187289499429,37.21137434782668,126.81735824301705,37.209964576781566,2024-10-24 08:36:34
410,37,51,8,,,126.82051544084177,37.197209720974726,126.82036430797102,37.21137683788426,2024-10-24 08:36:40
411,71,38,8,,,126.84034593382272,37.205375522384585,126.82427867342719,37.20231951154639,2024-10-24 08:36:41
412,51,37,8,,,126.818760468308,37.210546408858306,126.82088971605359,37.198281136433664,2024-10-24 08:37:04
413,60,33,8,,,126.83343138507853,37.21236906610431,126.82976870010503,37.19971961508171,2024-10-24 08:37:14
414,49,46,8,,,126.82858325723315,37.21363938861914,126.83049430034278,37.21201244866361,2024-10-24 08:37:18
415,21,37,8,,,126.81879444139847,37.197223324741714,126.82181309193241,37.19727011322905,2024-10-24 08:37:27
416,23,33,8,,,126.82158192802919,37.1910526645015,126.82911059333897,37.1997972790749,2024-10-24 08:37:39
417,67,62,8,,,126.83483487072903,37.20298826088515,126.8378255001945,37.212246940713335,2024-10-24 08:38:05
418,26,42,8,,,126.81894395494182,37.19439509132744,126.83079463206849,37.19566230822897,2024-10-24 08:38:15
419,71,50,8,,,126.84004535332829,37.20499953257099,126.82221063504285,37.21186990701629,2024-10-24 08:38:20
420,2,58,8,,,126.8211763259546,37.20552892072389,126.83546376050926,37.2081658507614,2024-10-24 08:38:20
421,44,44,8,,,126.82107231400303,37.189706111438284,126.82069643237269,37.18801038155735,2024-10-24 08:38:24
422,37,51,8,,,126.82118550327861,37.19653907727302,126.82014122490733,37.211033219835315,2024-10-24 08:38:29
423,51,37,8,,,126.81878778868916,37.2103703897055,126.8221119162873,37.19657229983101,2024-10-24 08:38:41
424,23,17,8,,,126.8201203114623,37.19085789269003,126.82614754846138,37.196669485379026,2024-10-24 08:38:43
425,71,51,8,,,126.84060563968828,37.20421706983424,126.8194283882919,37.2110659547462,2024-10-24 08:39:05
426,23,37,8,,,126.82113090088228,37.191101510575834,126.82147102448286,37.19786486924803,2024-10-24 08:39:38
427,21,18,8,,,126.81941017411036,37.19667009705505,126.8240333487781,37.19530945606563,2024-10-24 08:39:46
428,45,3,8,,,126.82489946154955,37.212739921813714,126.82450014177854,37.20907091745672,2024-10-24 08:39:52
429,38,51,8,,,126.82428654922806,37.20176832292097,126.82043361245074,37.21037817754315,2024-10-24 08:40:06
430,21,18,8,,,126.81859135497082,37.195455217083456,126.82362506706944,37.19530980829174,2024-10-24 08:40:22
431,13,59,8,,,126.81689744664232,37.20368095785918,126.83223817435679,37.206468612322496,2024-10-24 08:40:29
432,60,11,8,,,126.83253747957379,37.21228146062225,126.81372761422949,37.2091516911607,2024-10-24 08:40:34
433,55,20,8,,,126.83053365929212,37.208905922577266,126.81521608324772,37.19150628756021,2024-10-24 08:40:39
434,14,15,8,,,126.81887987445201,37.20671356917115,126.81732136841951,37.20741360537024,2024-10-24 08:40:54
435,21,39,8,,,126.81793759417212,37.19733306917272,126.82068962812973,37.19982643790581,2024-10-24 08:41:07
436,23,50,8,,,126.82081359094266,37.19181136707452,126.82165344691944,37.21059112038011,2024-10-24 08:41:07
437,41,42,8,,,126.83402906444647,37.19760349244413,126.83119411387467,37.195594055073386,2024-10-24 08:41:15
438,21,50,8,,,126.8181257919204,37.19733917403858,126.8232751829295,37.21246056823357,2024-10-24 08:41:58
439,21,37,8,,,126.81871800863229,37.19604850492229,126.82159717647298,37.19679823153476,2024-10-24 08:41:58
440,21,37,8,,,126.81773513274278,37.19535337523964,126.8219306728657,37.19693545156803,2024-10-24 08:42:00
441,32,54,8,,,126.83147778990157,37.20222828667515,126.83348225680646,37.20929500535376,2024-10-24 08:42:01
442,23,37,8,,,126.82080951125579,37.19207110442649,126.82084008998073,37.197677931731754,2024-10-24 08:42:11
443,23,50,8,,,126.82005105717496,37.19215391932231,126.82216718159776,37.212450679306,2024-10-24 08:42:32
444,58,63,8,,,126.83536641705332,37.20845025947557,126.83462842826977,37.211190153474554,2024-10-24 08:42:40
445,21,37,8,,,126.81806055746908,37.196373624303455,126.82111922445334,37.19671075739165,2024-10-24 08:43:08
446,60,33,8,,,126.83304790782628,37.21299122630488,126.82906638398207,37.20015063145792,2024-10-24 08:43:12
447,55,50,8,,,126.82976579341064,37.20842107025985,126.82156241502969,37.21122191413141,2024-10-24 08:43:16
448,50,34,8,,,126.82261241289447,37.21183402313428,126.82168384665353,37.203020655062645,2024-10-24 08:43:32
449,71,21,8,,,126.83983269215437,37.204615464751626,126.81780514534691,37.19612796085446,2024-10-24 08:43:37
450,23,37,8,,,126.82034274695118,37.19233516677966,126.82140502107202,37.196845220470564,2024-10-24 08:43:47
451,21,10,8,,,126.81882572475912,37.19661346948116,126.81726461192662,37.2100667560894,2024-10-24 08:43:53
452,26,37,8,,,126.81788186859639,37.19413499563813,126.82217542145952,37.19739196391455,2024-10-24 08:43:54
453,65,43,8,,,126.8342593256321,37.200366513410145,126.824205143689,37.1905637997053,2024-10-24 08:44:02
454,21,18,8,,,126.81807216864743,37.1956879906659,126.82360008292557,37.195564509139146,2024-10-24 08:44:06
455,70,50,8,,,126.83841883345065,37.20875825466231,126.82286035314169,37.212360358568155,2024-10-24 08:44:14
456,23,32,8,,,126.82173447524005,37.19135050157467,126.83137132186863,37.200798331403504,2024-10-24 08:44:20
457,8,40,8,,,126.82390028626352,37.206752162287266,126.83038805704659,37.193566241920706,2024-10-24 08:44:52
458,65,14,8,,,126.83379276712621,37.20034095739281,126.8195974687877,37.207829361058735,2024-10-24 08:44:53
459,7,65,8,,,126.82683632775895,37.20869047775606,126.83486548768539,37.19937240176234,2024-10-24 08:44:54
460,37,51,8,,,126.82052672627981,37.19817271115454,126.81893193108226,37.211139962292464,2024-10-24 08:45:10
461,26,37,8,,,126.81810679378219,37.19348443254459,126.82118007373117,37.19833697469555,2024-10-24 08:45:12
462,21,18,8,,,126.81876676365654,37.1961267888117,126.82334040311687,37.19656499698966,2024-10-24 08:45:12
463,23,33,8,,,126.81994331329216,37.19148797263155,126.83009693674212,37.200750125586815,2024-10-24 08:45:35
464,16,47,8,,,126.82264161576671,37.19348609356063,126.82661003992592,37.211570664658375,2024-10-24 08:45:36
465,23,50,8,,,126.82064651567438,37.19101233122105,126.82317690838067,37.2111158693426,2024-10-24 08:45:59
466,38,51,8,,,126.82324794338393,37.201529651334035,126.82030396598338,37.20956495778695,2024-10-24 08:45:59
467,26,42,8,,,126.8191446651529,37.193614072331876,126.83124115320734,37.19590445806674,2024-10-24 08:46:11
468,53,32,8,,,126.82942589714888,37.207089949831236,126.83127912695815,37.20225772325082,2024-10-24 08:46:13
469,55,50,8,,,126.82974669488692,37.20928426672107,126.8219701331337,37.212044848483444,2024-10-24 08:46:24
470,53,53,8,,,126.82976402317291,37.20674522543742,126.82886983033353,37.2072455449521,2024-10-24 08:47:03
471,21,50,8,,,126.81847094051959,37.19623068960524,126.82320258863399,37.211954142466595,2024-10-24 08:47:05
472,51,10,8,,,126.82006274799863,37.209871103635464,126.81731764855193,37.2100339965438,2024-10-24 08:47:35
473,36,43,8,,,126.82432561459666,37.19904401444098,126.82415498138107,37.19033585680024,2024-10-24 08:48:01
474,50,34,8,,,126.8218168135172,37.210802572968106,126.82082903812335,37.20296626607334,2024-10-24 08:48:16
475,60,42,8,,,126.8334915203051,37.21242850847182,126.8306892012009,37.19677795677288,2024-10-24 08:48:21
476,23,34,8,,,126.82170840140914,37.1912440626115,126.82127623450606,37.203092042342206,2024-10-24 08:48:25
477,23,33,8,,,126.82086482644517,37.19223086136185,126.82996095217644,37.20120411196511,2024-10-24 08:48:56
478,34,50,8,,,126.82218137367651,37.202426644893656,126.82251493661714,37.212082049004024,2024-10-24 08:49:03
479,26,18,8,,,126.8176293092014,37.19265225314993,126.8233713384109,37.19510367600047,2024-10-24 08:49:39
480,70,42,8,,,126.83744251388694,37.2088228796524,126.83096461850944,37.19602605842591,2024-10-24 08:49:50
481,21,37,8,,,126.81778400893523,37.19665708164305,126.82177410452002,37.197587410354274,2024-10-24 08:50:02
482,38,50,8,,,126.82442083455082,37.20214286777251,126.82237061574729,37.21135491483977,2024-10-24 08:50:11
483,21,18,8,,,126.81940157717116,37.19733720106896,126.8240621514222,37.19487589852066,2024-10-24 08:50:26
484,2,27,8,,,126.82119209429104,37.20561492247981,126.82754279198772,37.19870502069071,2024-10-24 08:50:26
485,23,50,8,,,126.82100088444678,37.1924783258968,126.8223988023738,37.21151514364758,2024-10-24 08:50:28
486,39,72,8,,,126.8224835763282,37.199473537466694,126.81112705351339,37.20713384382674,2024-10-24 08:50:37
487,8,52,8,,,126.82436892576662,37.20701155897658,126.8299738237908,37.21746690430981,2024-10-24 08:50:56
488,37,50,8,,,126.82100799635111,37.19840127963495,126.82320496794887,37.21190439512889,2024-10-24 08:51:02
489,3,2,8,,,126.82567209854854,37.20961196834788,126.82150712219918,37.204972520921004,2024-10-24 08:51:13
490,37,51,8,,,126.82037363473718,37.1981510641965,126.8192731916504,37.21042718082809,2024-10-24 08:51:29
491,20,61,8,,,126.81582836536988,37.192574507208896,126.83388452639589,37.21618725609681,2024-10-24 08:51:30
492,37,50,8,,,126.82183548804679,37.19761523264222,126.82243572042044,37.21155152698762,2024-10-24 08:51:31
493,10,72,8,,,126.81670052282378,37.20936295495134,126.81199830293556,37.206397781618456,2024-10-24 08:51:32
494,37,51,8,,,126.82085747264455,37.1964690743658,126.81978355542573,37.21076638884576,2024-10-24 08:51:37
495,34,50,8,,,126.82193004688484,37.20244056933084,126.82219035492183,37.211777965263344,2024-10-24 08:51:41
496,37,50,8,,,126.82158893554582,37.19749863908655,126.82187430503092,37.21093733692049,2024-10-24 08:51:42
497,20,14,8,,,126.81502372144836,37.19275805426336,126.81945926225333,37.20814970143261,2024-10-24 08:51:49
498,43,69,8,,,126.82410237113137,37.19073789651297,126.8374221148827,37.20646512512331,2024-10-24 08:51:59
499,14,32,8,,,126.81912727291517,37.20711504426215,126.83249325401654,37.20076196453491,2024-10-24 08:52:10
500,21,18,8,,,126.81802976729331,37.196315414684776,126.82287556951064,37.19496412329688,2024-10-24 08:52:18
501,34,21,8,,,126.82185640459187,37.20223316819642,126.81902291655673,37.19641317739682,2024-10-24 08:52:28
502,68,34,8,,,126.84021172068738,37.202531955401234,126.82270354333635,37.20235573662036,2024-10-24 08:52:43
503,26,50,8,,,126.8179340495338,37.19413692224582,126.8228076567473,37.211075774358406,2024-10-24 08:52:46
504,21,18,8,,,126.818772452925,37.19601960713672,126.82401585005597,37.19626744645365,2024-10-24 08:52:52
505,19,16,8,,,126.82932094732995,37.1947335792881,126.82412753878502,37.19351159039054,2024-10-24 08:52:59
506,21,18,8,,,126.81863160077717,37.196106617711415,126.82435502182119,37.19662152889694,2024-10-24 08:53:07
507,18,36,8,,,126.82374220591112,37.195025258006616,126.82396493796647,37.19773238562574,2024-10-24 08:53:11
508,21,38,8,,,126.81953831957182,37.19671223797585,126.82353340427235,37.2012767747845,2024-10-24 08:53:11
509,23,51,8,,,126.82097038379997,37.19273723577012,126.81879737507792,37.209874475580804,2024-10-24 08:53:26
510,72,67,8,,,126.8110557525912,37.20658924138643,126.83438603089039,37.201945939961384,2024-10-24 08:53:34
511,23,33,8,,,126.82053522818441,37.191781165916964,126.829249085056,37.2008103376786,2024-10-24 08:53:57
512,21,18,8,,,126.81765872662795,37.196820714934,126.82386455271494,37.19650709250367,2024-10-24 08:54:03
513,23,50,8,,,126.82092909881206,37.19276669737094,126.82166790889104,37.2112317264216,2024-10-24 08:54:15
514,71,17,8,,,126.83925891773,37.20411378403446,126.82577953911755,37.197513598901615,2024-10-24 08:54:20
515,21,39,8,,,126.81917897737505,37.196381424550104,126.82064228632628,37.20069306771649,2024-10-24 08:54:25
516,21,18,8,,,126.81932268504036,37.196552199738186,126.82368242065296,37.194793352197046,2024-10-24 08:54:41
517,51,10,8,,,126.81905319842971,37.211298812955796,126.81705894791527,37.21017436002865,2024-10-24 08:55:02
518,64,66,8,,,126.84279291746738,37.20332729033011,126.8379077039774,37.20307790543646,2024-10-24 08:55:27
519,38,23,8,,,126.82432106894667,37.20215250650751,126.82135851156049,37.19194807167135,2024-10-24 08:55:41
520,60,33,8,,,126.83262618033783,37.213580944742446,126.82871387347484,37.20152991716954,2024-10-24 08:55:44
521,38,50,8,,,126.8237723771458,37.200961042672056,126.82269979901992,37.2107870345435,2024-10-24 08:55:52
522,7,33,8,,,126.82765138573123,37.20827500378708,126.82953226320852,37.2007792623747,2024-10-24 08:55:52
523,71,51,8,,,126.84057542189434,37.2055022290164,126.8191317486177,37.21030212228967,2024-10-24 08:56:09
524,26,60,8,,,126.81921919209738,37.193604846425316,126.83217069517264,37.21340155428039,2024-10-24 08:56:31
525,21,37,8,,,126.8192389021721,37.19628778270913,126.82119896692144,37.197941286020686,2024-10-24 08:56:38
526,21,37,8,,,126.81946950772627,37.19621781796342,126.82116300264758,37.196867679724974,2024-10-24 08:56:43
527,23,33,8,,,126.82011946606914,37.19104144428335,126.82895959487973,37.19999509702414,2024-10-24 08:56:45
528,21,37,8,,,126.81824726191208,37.19677228138808,126.82033735304937,37.1967157023248,2024-10-24 08:57:17
529,71,50,8,,,126.83938992060742,37.204876360017145,126.8229711359515,37.21163130927366,2024-10-24 08:57:20
530,23,37,8,,,126.81989582374257,37.1926409814927,126.82042319237692,37.1981511660944,2024-10-24 08:57:31
531,23,50,8,,,126.82075460884225,37.19210164211585,126.82307371890309,37.21157389517376,2024-10-24 08:57:32
532,21,18,8,,,126.81859206062569,37.196919113190376,126.82419852734803,37.19576853410735,2024-10-24 08:57:38
533,64,51,8,,,126.84233483991385,37.20384479203005,126.81996133682699,37.21041799556079,2024-10-24 08:57:52
534,23,33,8,,,126.82123256271794,37.19110813254071,126.82866245539692,37.201066221376294,2024-10-24 08:58:07
535,21,18,8,,,126.81938936659456,37.19665600101585,126.82338796341416,37.19643555191465,2024-10-24 08:58:08
536,51,24,8,,,126.818758033755,37.2107191780338,126.81788396630321,37.19052310526975,2024-10-24 08:58:35
537,23,50,8,,,126.82061086834987,37.19148386316348,126.82240933444047,37.212021843664765,2024-10-24 08:58:45
538,23,50,8,,,126.8214403908284,37.19259774369622,126.82282163102994,37.21236801674568,2024-10-24 08:59:04
539,71,50,8,,,126.83907458051168,37.20470673487587,126.8230098060536,37.2107735831045,2024-10-24 08:59:05
540,64,61,8,,,126.84260384714014,37.203636896089854,126.83283948906873,37.21640643097428,2024-10-24 08:59:22
541,34,50,8,,,126.82246162422136,37.20390632615119,126.82251529790963,37.21051904801214,2024-10-24 08:59:32
542,23,50,8,,,126.81986672944545,37.19216920934448,126.82331351556465,37.211449694103344,2024-10-24 08:59:32
543,21,17,9,,,126.81843227980197,37.19732654932067,126.8272244338749,37.19776102837907,2024-10-24 09:00:02
544,7,11,9,,,126.82799576696067,37.208769371701884,126.81527021183597,37.20744341663284,2024-10-24 09:00:10
545,37,50,9,,,126.820340400391,37.196947974265484,126.82295795417029,37.21062145139435,2024-10-24 09:00:56
546,71,51,9,,,126.8403087874899,37.20534215281488,126.82008171424202,37.20991703537596,2024-10-24 09:01:13
547,64,51,9,,,126.84310386085316,37.202929210520914,126.82038035788491,37.21004128772591,2024-10-24 09:01:22
548,71,51,9,,,126.83939338311633,37.20516804220112,126.81999574550792,37.21015257203301,2024-10-24 09:01:29
549,71,50,9,,,126.84105035183171,37.20529945767245,126.82221650554446,37.2110193662206,2024-10-24 09:01:44
550,51,33,9,,,126.81933109857141,37.209783552642236,126.82953703568228,37.2012833967159,2024-10-24 09:02:12
551,71,51,9,,,126.8403360558031,37.20473904139688,126.81994093430231,37.21096188845689,2024-10-24 09:02:33
552,71,51,9,,,126.84087612688748,37.20508493405898,126.81965599263323,37.21079579696112,2024-10-24 09:02:41
553,50,21,9,,,126.82298805021122,37.21085920237572,126.81948484001516,37.197305700570915,2024-10-24 09:03:35
554,71,51,9,,,126.83965181813954,37.20563634419087,126.82015032857058,37.21000104471383,2024-10-24 09:04:27
555,37,50,9,,,126.82113571875324,37.19704394269795,126.82185664894867,37.21240736962861,2024-10-24 09:04:30
556,50,26,9,,,126.82311143863225,37.212254496151544,126.81797453977791,37.194074745536916,2024-10-24 09:04:42
557,71,50,9,,,126.83944450124251,37.20493309589634,126.82274076970094,37.21074014554955,2024-10-24 09:04:51
558,50,26,9,,,126.82139531251941,37.21160669646582,126.81848075771147,37.192929032884805,2024-10-24 09:05:53
559,23,50,9,,,126.81981560774291,37.1922005181216,126.82164477375638,37.2114541270917,2024-10-24 09:06:13
560,71,52,9,,,126.84083599765565,37.20569114833288,126.82993579412444,37.216578957383916,2024-10-24 09:06:29
561,7,11,9,,,126.82780162058162,37.207302733988996,126.81344448302514,37.20808032576288,2024-10-24 09:06:30
562,60,58,9,,,126.833021516782,37.21385906801261,126.83470526517735,37.20766063548778,2024-10-24 09:06:50
563,51,38,9,,,126.81903487515399,37.20956778993374,126.82463281844606,37.20107062820943,2024-10-24 09:07:08
564,60,50,9,,,126.83219254874562,37.21283809647663,126.82289612894802,37.211676381941736,2024-10-24 09:07:40
565,71,51,9,,,126.84005089175893,37.205558176663864,126.82025058258088,37.21063739274892,2024-10-24 09:07:46
566,71,50,9,,,126.84078820037195,37.204929729666866,126.8232679761403,37.211667662914664,2024-10-24 09:08:02
567,50,39,9,,,126.82299456798167,37.21068135545127,126.82189384192206,37.199847335033574,2024-10-24 09:08:11
568,26,19,9,,,126.81819777209736,37.19450400039683,126.8280078457294,37.194299179059335,2024-10-24 09:08:13
569,50,39,9,,,126.82304011883609,37.21052442752151,126.82074586278925,37.20120403954277,2024-10-24 09:08:17
570,64,51,9,,,126.84200043292253,37.20361582707894,126.8195868716129,37.21039696260834,2024-10-24 09:08:27
571,51,33,9,,,126.82015936879854,37.211371110472975,126.82959280536033,37.20053951963022,2024-10-24 09:09:18
572,37,50,9,,,126.82058841192901,37.1978266029336,126.82242538489776,37.21240654607868,2024-10-24 09:09:22
573,7,11,9,,,126.82683886661282,37.20818640723475,126.81422989469718,37.2080855834954,2024-10-24 09:09:42
574,71,50,9,,,126.84048675054477,37.204621423446824,126.8223545358638,37.212058396030045,2024-10-24 09:09:46
575,50,39,9,,,126.82261772726999,37.21056981256264,126.82107464264017,37.1997304746263,2024-10-24 09:10:08
576,50,26,9,,,126.82219944639144,37.21051326944068,126.8180459916253,37.19299368606162,2024-10-24 09:10:16
577,55,50,9,,,126.82899418060418,37.20822152618206,126.82302716878647,37.21067577039379,2024-10-24 09:10:29
578,50,37,9,,,126.82227850766778,37.21071182917538,126.82050222014128,37.19705167028678,2024-10-24 09:10:36
579,64,51,9,,,126.84293569553009,37.20238471229328,126.82025569760694,37.21022615941224,2024-10-24 09:10:51
580,64,51,9,,,126.84307621700364,37.203961121011226,126.81913736690171,37.20984802630483,2024-10-24 09:11:07
581,60,50,9,,,126.83351307070568,37.21395354143577,126.82222612397094,37.210752885672456,2024-10-24 09:11:24
582,50,39,9,,,126.82319598260405,37.211208400180524,126.82137645517545,37.19978886860586,2024-10-24 09:11:47
583,64,70,9,,,126.8415334841876,37.20345576225905,126.83842890433753,37.20904431018146,2024-10-24 09:11:49
584,47,36,9,,,126.8282404057983,37.21170945608864,126.82477292918087,37.198610061923056,2024-10-24 09:12:13
585,56,42,9,,,126.83467162008232,37.20538496034263,126.83064011770641,37.19548855903778,2024-10-24 09:12:37
586,71,50,9,,,126.84058636240917,37.20428851512423,126.82299023381756,37.212299887764665,2024-10-24 09:12:51
587,64,51,9,,,126.84316356931673,37.202801433355006,126.81996548436584,37.21042964188008,2024-10-24 09:13:35
588,71,50,9,,,126.84102979683131,37.20467399630139,126.82335267268407,37.2122862039218,2024-10-24 09:13:40
589,51,33,9,,,126.81937618283622,37.21103227995683,126.8299191222666,37.20002070260967,2024-10-24 09:13:45
590,71,50,9,,,126.83939262514572,37.205511043093956,126.82235852835356,37.21202948114747,2024-10-24 09:14:17
591,7,11,9,,,126.82795112760391,37.20896781333629,126.81397164155126,37.20824656321177,2024-10-24 09:14:52
592,51,23,9,,,126.82065999401921,37.21057077334745,126.82168384719971,37.19156996708529,2024-10-24 09:14:58
593,64,51,9,,,126.84205472389189,37.20360886885024,126.81873476946268,37.2102384035232,2024-10-24 09:15:22
594,24,69,9,,,126.8180197609198,37.19075143718281,126.83728140284161,37.20573984041849,2024-10-24 09:15:26
595,50,33,9,,,126.82178479942486,37.21064988854678,126.82948368944903,37.2012256568293,2024-10-24 09:15:56
596,71,51,9,,,126.84039867989749,37.203994132529644,126.82036512907821,37.21123314921875,2024-10-24 09:16:00
597,51,33,9,,,126.81933370210596,37.210113009379576,126.8302404326265,37.200938156404845,2024-10-24 09:16:14
598,50,26,9,,,126.82330174429407,37.21134014535918,126.81763789120022,37.194472809049834,2024-10-24 09:16:15
599,36,28,9,,,126.82317052116703,37.19849410778595,126.82972620497932,37.20348048550405,2024-10-24 09:16:20
600,50,60,9,,,126.82301194449552,37.211033567677305,126.83200796657474,37.213843730644236,2024-10-24 09:16:27
601,37,50,9,,,126.82112971384434,37.19659602930794,126.82259703898116,37.211407257359774,2024-10-24 09:16:41
602,50,39,9,,,126.82217186309767,37.21243731368353,126.8210821137361,37.19933680630299,2024-10-24 09:16:56
603,60,50,9,,,126.8333503552814,37.212648710656616,126.82155342905405,37.21211520101465,2024-10-24 09:17:36
604,64,51,9,,,126.8428942578086,37.20375140062703,126.81946779608917,37.20998952788308,2024-10-24 09:17:39
605,51,33,9,,,126.82008101690033,37.20983875769901,126.8298883133896,37.200366745188155,2024-10-24 09:18:06
606,7,11,9,,,126.82655520864587,37.208765651357005,126.81382526573596,37.20898929090664,2024-10-24 09:18:55
607,50,26,9,,,126.82322192297825,37.21068656695189,126.8183926626668,37.19432226552176,2024-10-24 09:19:06
608,4,23,9,,,126.82149236354115,37.20887876644372,126.82039870453137,37.19275112235488,2024-10-24 09:19:11
609,7,11,9,,,126.82745729958917,37.20770706648648,126.8142965870601,37.2083894175385,2024-10-24 09:19:21
610,56,37,9,,,126.8348558710104,37.20659703468495,126.82183049981327,37.19665462155864,2024-10-24 09:19:55
611,71,51,9,,,126.83915557402418,37.20451690657707,126.82044294564601,37.211045745958046,2024-10-24 09:20:12
612,55,50,9,,,126.82908582034592,37.20858761304854,126.82305908318199,37.21164405329089,2024-10-24 09:20:18
613,26,50,9,,,126.81890006519711,37.19280194916739,126.82164566663467,37.21200682927716,2024-10-24 09:20:25
614,50,26,9,,,126.8218645421594,37.21197966564864,126.81929685972013,37.1932642378333,2024-10-24 09:20:44
615,69,55,9,,,126.83801299093444,37.20714919625666,126.83077751540999,37.20866327359508,2024-10-24 09:20:51
616,51,33,9,,,126.81928369927712,37.21088737907694,126.82831786919077,37.20002119944136,2024-10-24 09:20:56
617,37,50,9,,,126.82157685138827,37.19775576286888,126.82140470411542,37.21085180548246,2024-10-24 09:21:06
618,37,50,9,,,126.82210259638468,37.19658164683511,126.82169012843475,37.21244914044389,2024-10-24 09:21:09
619,49,48,9,,,126.8269052325937,37.213205271892654,126.83043891522705,37.21448949004059,2024-10-24 09:21:50
620,37,50,9,,,126.82152933516184,37.197205066717096,126.82274148554171,37.21216956661355,2024-10-24 09:22:18
621,50,39,9,,,126.82326393549435,37.210745568993694,126.82233269576523,37.19934018046963,2024-10-24 09:22:38
622,71,50,9,,,126.8395001400205,37.205441756284685,126.82294916828289,37.21156978387827,2024-10-24 09:23:25
623,11,61,9,,,126.81485041929693,37.20904544263274,126.83337278912701,37.214916874991495,2024-10-24 09:23:27
624,71,51,9,,,126.83926083007924,37.2046128410525,126.81930689493187,37.21042606208758,2024-10-24 09:23:30
625,50,39,9,,,126.82179464662352,37.212429783119674,126.821014448168,37.19985552050423,2024-10-24 09:24:27
626,51,33,9,,,126.81875107788714,37.21124734913847,126.83020939084756,37.20106690447106,2024-10-24 09:24:29
627,22,64,9,,,126.81563652496078,37.194762918311774,126.84184760689168,37.20406107889573,2024-10-24 09:24:36
628,71,51,9,,,126.84083942641695,37.20588879376249,126.81975673231882,37.21093308460616,2024-10-24 09:25:28
629,50,26,9,,,126.82283380425038,37.212198525650734,126.81841277320794,37.19273558861661,2024-10-24 09:25:41
630,26,32,9,,,126.81896505789747,37.19270635273989,126.83173434914892,37.20095290778819,2024-10-24 09:26:09
631,37,50,9,,,126.82139750744469,37.19814523171903,126.8227452582703,37.211231338600875,2024-10-24 09:26:24
632,50,39,9,,,126.82143150010783,37.211041385044716,126.82054303923523,37.200433137773324,2024-10-24 09:26:30
633,71,50,9,,,126.84022146103739,37.20546212072301,126.82301140357441,37.21249002113535,2024-10-24 09:26:30
634,23,17,9,,,126.82126541186246,37.1920443305904,126.82626408132779,37.19728010455573,2024-10-24 09:27:03
635,37,50,9,,,126.82133387629928,37.196588459335004,126.82193430964377,37.21173260778651,2024-10-24 09:27:27
636,71,51,9,,,126.8395040563592,37.20402690599777,126.81911704520601,37.211389148179194,2024-10-24 09:27:32
637,50,39,9,,,126.82233743603221,37.212266070823496,126.82125046286622,37.199414348169924,2024-10-24 09:28:07
638,60,50,9,,,126.83307560214764,37.213950622753444,126.82306096850516,37.21160771748749,2024-10-24 09:28:15
639,51,33,9,,,126.81945208989724,37.210405553117155,126.82851713049669,37.200757830799716,2024-10-24 09:28:15
640,71,51,9,,,126.83926524210635,37.20564996197247,126.81893013388456,37.21085692157924,2024-10-24 09:28:35
641,50,39,9,,,126.82314867920475,37.21089942928851,126.82174594109182,37.200290533184315,2024-10-24 09:28:37
642,71,51,9,,,126.83982204647266,37.20591931221178,126.81909349325014,37.20949483976716,2024-10-24 09:29:17
643,50,39,9,,,126.82216937154874,37.21214388447824,126.82185085814767,37.199297869653805,2024-10-24 09:29:34
644,53,32,9,,,126.82896495309159,37.205611105851894,126.83137919428485,37.20115760567521,2024-10-24 09:29:38
645,50,26,9,,,126.82164079074518,37.211825401531485,126.81905497164139,37.193111042626015,2024-10-24 09:29:41
646,59,21,9,,,126.83190013212517,37.207307893509594,126.81769995993956,37.19587999682958,2024-10-24 09:30:01
647,27,18,9,,,126.82605565364288,37.199287434172426,126.82456102759134,37.19618553026327,2024-10-24 09:30:02
648,51,37,9,,,126.82038618971573,37.20956680790933,126.82089818048306,37.19701342093739,2024-10-24 09:30:48
649,56,41,9,,,126.83523080981762,37.20562111291719,126.83432405238536,37.19637822903388,2024-10-24 09:32:08
650,51,33,9,,,126.81985077572955,37.21099684911916,126.82876543883245,37.20118226995148,2024-10-24 09:32:43
651,50,39,9,,,126.82234873314319,37.21158954928725,126.82148921882525,37.201064259101,2024-10-24 09:32:44
652,51,51,9,,,126.81955731141598,37.210828398423395,126.819909299999,37.21072665948074,2024-10-24 09:32:57
653,64,51,9,,,126.84325093467446,37.20377246494851,126.8197252041529,37.211061423915005,2024-10-24 09:33:04
654,51,33,9,,,126.81904307008959,37.2107177496615,126.82970139417401,37.20160326865703,2024-10-24 09:33:15
655,71,51,9,,,126.83943226570034,37.20470715830426,126.82053107556537,37.21131555783762,2024-10-24 09:33:27
656,51,33,9,,,126.81904577828301,37.21050363833325,126.82842660933102,37.199741710346764,2024-10-24 09:33:36
657,50,26,9,,,126.82301929995609,37.21076754137568,126.8184887856864,37.192677351546564,2024-10-24 09:34:30
658,37,50,9,,,126.82168600481934,37.19699657931135,126.82222652464264,37.21203473367651,2024-10-24 09:34:35
659,64,51,9,,,126.841574453052,37.20401214354078,126.82036052461385,37.20980491602387,2024-10-24 09:35:47
660,37,37,9,,,126.82028488069191,37.19820105276733,126.82089369196825,37.19714580012524,2024-10-24 09:36:03
661,71,50,9,,,126.83916353757384,37.20458536803916,126.82165410469065,37.21220899321598,2024-10-24 09:36:10
662,64,23,9,,,126.84327234385874,37.204013749927306,126.82112301047695,37.19132139530241,2024-10-24 09:36:33
663,51,42,9,,,126.82065074779348,37.21130305741728,126.8325214360573,37.19579129432395,2024-10-24 09:37:20
664,60,50,9,,,126.83254840287377,37.212803921667806,126.82229568853454,37.211052915314994,2024-10-24 09:37:58
665,71,50,9,,,126.83925061976018,37.20435092824714,126.82189667787343,37.21075640195457,2024-10-24 09:38:06
666,51,33,9,,,126.82059140175978,37.20970359371104,126.82993507570364,37.20133917654583,2024-10-24 09:38:28
667,41,14,9,,,126.83355042028913,37.19652971806409,126.82025956504359,37.20815066316063,2024-10-24 09:38:41
668,64,42,9,,,126.84159148807436,37.20347140266196,126.83083858919828,37.19566622143953,2024-10-24 09:39:03
669,7,11,9,,,126.82801746599854,37.207566242308694,126.81468450988393,37.209228109921185,2024-10-24 09:39:05
670,60,50,9,,,126.8328486738252,37.21377251941793,126.82318492857497,37.210658423774724,2024-10-24 09:39:05
671,50,39,9,,,126.82300486835553,37.21101815497987,126.82061337638626,37.19928250543328,2024-10-24 09:40:00
672,71,51,9,,,126.84037935346423,37.20597801699884,126.81873414828071,37.21072652436701,2024-10-24 09:40:32
673,71,51,9,,,126.83992274409263,37.205036891818864,126.81896224360796,37.21079294943955,2024-10-24 09:40:42
674,34,34,9,,,126.82127797950554,37.20349660603312,126.82076178669782,37.2039368052456,2024-10-24 09:40:57
675,51,33,9,,,126.81974756177598,37.20985700701359,126.83015006574927,37.19966714985713,2024-10-24 09:41:04
676,50,39,9,,,126.82305122367427,37.210581173291395,126.82066685812175,37.199894492385575,2024-10-24 09:41:11
677,64,51,9,,,126.84231999652991,37.203615104084484,126.82045258001104,37.21021097461867,2024-10-24 09:41:33
678,51,33,9,,,126.81914113917564,37.2109933727154,126.8286649766374,37.200843683175925,2024-10-24 09:41:53
679,31,51,9,,,126.82981014631937,37.19822341797837,126.81889559497264,37.209592765197144,2024-10-24 09:42:03
680,60,50,9,,,126.83379465889594,37.21230410698711,126.82327749713836,37.21139859314755,2024-10-24 09:42:20
681,55,50,9,,,126.82938589906136,37.20931294753468,126.82172103855568,37.21055198506064,2024-10-24 09:42:40
682,39,23,9,,,126.82139482786953,37.19939304513038,126.82081265514704,37.19151336983312,2024-10-24 09:42:50
683,71,50,9,,,126.83968224177607,37.205961937276925,126.82228348062944,37.210616540851625,2024-10-24 09:43:04
684,7,11,9,,,126.82783920077829,37.20862075343747,126.81482551601783,37.20806283486327,2024-10-24 09:43:15
685,7,11,9,,,126.82701787776733,37.2083598438178,126.81439476018086,37.20738379468879,2024-10-24 09:43:20
686,51,33,9,,,126.82056804033479,37.21055048962245,126.82980496003363,37.19994706960066,2024-10-24 09:43:39
687,64,51,9,,,126.84239998992948,37.20243205205866,126.81950900546937,37.21124625474105,2024-10-24 09:44:04
688,50,39,9,,,126.8216369572703,37.21138737632285,126.8221431446686,37.20104906100857,2024-10-24 09:44:05
689,72,37,9,,,126.81135692195818,37.20651702662677,126.8215043607338,37.19729903274472,2024-10-24 09:44:10
690,21,60,9,,,126.81932552793877,37.19594660385179,126.83208282923209,37.21376240175357,2024-10-24 09:44:22
691,71,50,9,,,126.8397659804248,37.204167256175566,126.82199354471497,37.21198893353386,2024-10-24 09:44:40
692,71,51,9,,,126.84009603210093,37.20419061622589,126.82009611744009,37.21066498468381,2024-10-24 09:45:10
693,71,51,9,,,126.84095430566401,37.20497686458924,126.81884476117494,37.21097844157538,2024-10-24 09:45:40
694,71,50,9,,,126.83965580328966,37.204705650794864,126.82269460354165,37.2108404870033,2024-10-24 09:45:51
695,42,54,9,,,126.83100769270332,37.196560949902114,126.83175996423908,37.210211124263665,2024-10-24 09:46:01
696,26,70,9,,,126.81841416078291,37.19281339671157,126.83811877362545,37.20855647878265,2024-10-24 09:46:13
697,60,50,9,,,126.83389068771659,37.21287999817016,126.82304759040966,37.21175496609964,2024-10-24 09:46:38
698,71,50,9,,,126.83918308774035,37.2042048655927,126.82266056366353,37.21247723560682,2024-10-24 09:46:43
699,71,51,9,,,126.83994404221045,37.204220236184206,126.81920014133382,37.2096665792562,2024-10-24 09:47:05
700,64,51,9,,,126.84300805637304,37.20272863694589,126.82048872747198,37.211261059096024,2024-10-24 09:47:08
701,7,11,9,,,126.8270395746568,37.208904228404315,126.81398048981241,37.2091576414744,2024-10-24 09:47:25
702,55,50,9,,,126.83083769666047,37.20922074134328,126.82270056995773,37.21158076453839,2024-10-24 09:47:35
703,50,26,9,,,126.82229629022939,37.212291669555455,126.81851468548457,37.19402348937558,2024-10-24 09:47:50
704,71,51,9,,,126.840445797691,37.204294910727775,126.8192968976572,37.21068001181053,2024-10-24 09:47:54
705,51,33,9,,,126.81947786760225,37.21131678544991,126.83024464125799,37.201654349125455,2024-10-24 09:47:55
706,51,33,9,,,126.8194858558724,37.211303235557146,126.82891780368487,37.19986784720472,2024-10-24 09:48:05
707,7,11,9,,,126.8267965417887,37.20767574959936,126.81411131275269,37.208944244629954,2024-10-24 09:48:33
708,60,50,9,,,126.83303858913358,37.21207866866621,126.8225223449828,37.21153414846894,2024-10-24 09:48:45
709,51,33,9,,,126.81946653894359,37.2094219514452,126.83025247702763,37.20113095185336,2024-10-24 09:49:10
710,71,51,9,,,126.83956719783805,37.204191237488715,126.8206719966092,37.20988170970319,2024-10-24 09:49:23
711,48,14,9,,,126.82988386396956,37.21505528029596,126.82030273773306,37.207100531620824,2024-10-24 09:50:33
712,64,51,9,,,126.84316820339691,37.20313969958472,126.8195282102031,37.20995822909222,2024-10-24 09:50:46
713,34,56,9,,,126.8220004774348,37.202837748787196,126.83549628577157,37.2062105224921,2024-10-24 09:51:03
714,50,39,9,,,126.82156882472628,37.21160075545918,126.82207205179972,37.19944271976513,2024-10-24 09:51:04
715,59,63,9,,,126.83164105280666,37.20777071949938,126.83597380953321,37.211610712556535,2024-10-24 09:51:21
716,31,51,9,,,126.82955023956795,37.1970966000836,126.81955344223071,37.21012246041097,2024-10-24 09:51:22
717,37,50,9,,,126.8222354791968,37.19736563296313,126.82255410116615,37.21064649735651,2024-10-24 09:52:04
718,71,51,9,,,126.8393142255477,37.20554816144414,126.8195534841937,37.21028681195879,2024-10-24 09:52:07
719,50,39,9,,,126.82184489842814,37.21166849151488,126.82098014642217,37.19955815468437,2024-10-24 09:52:20
720,50,26,9,,,126.82284430084577,37.212052285587085,126.81894509131217,37.19362080906312,2024-10-24 09:52:44
721,51,33,9,,,126.81974725450485,37.209641230314205,126.82845933658955,37.20039556256918,2024-10-24 09:52:51
722,64,51,9,,,126.84288095619642,37.20418775506951,126.81895929292925,37.21036758354327,2024-10-24 09:53:16
723,37,72,9,,,126.82077924059018,37.1980686174566,126.8121414199179,37.20691974093584,2024-10-24 09:53:27
724,71,50,9,,,126.83979877849208,37.205762343630916,126.82230689542868,37.21167165506559,2024-10-24 09:53:48
725,33,56,9,,,126.8288682086913,37.19994544324198,126.83501552297169,37.204811416724944,2024-10-24 09:54:00
726,50,26,9,,,126.82304317384167,37.21128641901699,126.81825865993444,37.19318019371546,2024-10-24 09:54:40
727,50,39,9,,,126.82141843413895,37.211587827041036,126.82191117365133,37.200003901235554,2024-10-24 09:54:45
728,71,50,9,,,126.83986361048507,37.20560871448095,126.82165923318945,37.21113968515155,2024-10-24 09:54:46
729,38,58,9,,,126.82421655669842,37.201178361579956,126.8360831806448,37.20798455390378,2024-10-24 09:55:05
730,71,50,9,,,126.8408806631582,37.20510671984374,126.823178556488,37.21239436043557,2024-10-24 09:55:10
731,50,39,9,,,126.82149655663285,37.21205759023783,126.8215432968981,37.201221967714666,2024-10-24 09:55:20
732,60,50,9,,,126.8338274046712,37.21305437622574,126.82325209704352,37.21187464953995,2024-10-24 09:55:52
733,50,39,9,,,126.82144153835901,37.212481866915994,126.82138883465296,37.2000476895207,2024-10-24 09:55:59
734,51,33,9,,,126.8199728701235,37.2108373207565,126.82920753324562,37.2014390898948,2024-10-24 09:56:05
735,50,39,9,,,126.82275194469636,37.21130167729452,126.82065251116262,37.201114054863886,2024-10-24 09:56:13
736,71,50,9,,,126.84022438794425,37.205235868723896,126.82337823293204,37.21051520882054,2024-10-24 09:56:16
737,71,51,9,,,126.83945876001252,37.205034948746714,126.81928536714969,37.210826262630704,2024-10-24 09:56:45
738,21,11,9,,,126.81782515555871,37.19626203636838,126.81420848314984,37.20897243651652,2024-10-24 09:57:07
739,64,51,9,,,126.84158269882238,37.20236873338978,126.81941541491125,37.20952050769359,2024-10-24 09:57:08
740,50,26,9,,,126.82139856381245,37.21188743528776,126.81887100253624,37.19319772531432,2024-10-24 09:57:18
741,71,50,9,,,126.84017832786706,37.20566741337018,126.82194472792793,37.21168805876027,2024-10-24 09:57:34
742,51,33,9,,,126.81916776701317,37.20976681319294,126.82979048357966,37.20030179160095,2024-10-24 09:57:42
743,34,51,9,,,126.82131143655268,37.20337105749557,126.81971370987992,37.2104548873858,2024-10-24 09:57:49
744,71,50,9,,,126.83955941105111,37.20468607493007,126.82273376648507,37.21143390970617,2024-10-24 09:58:08
745,71,51,9,,,126.84065860583793,37.204569790886005,126.82017174513928,37.21004480334413,2024-10-24 09:58:10
746,64,51,9,,,126.8417129915139,37.20364584404741,126.81896343578963,37.211157189180405,2024-10-24 09:58:35
747,71,50,9,,,126.84036765284303,37.20454242639211,126.82268230710973,37.212404889271404,2024-10-24 09:58:48
748,44,56,9,,,126.81968177230539,37.188002517901424,126.83574918279864,37.20537087228561,2024-10-24 09:58:54
749,51,33,9,,,126.81873849054017,37.21006656675282,126.83014872167239,37.20083900121455,2024-10-24 09:59:16
750,64,51,9,,,126.84261922417457,37.20320264293618,126.8203699722882,37.210107887137916,2024-10-24 09:59:25
751,38,57,9,,,126.824941677795,37.200857241414084,126.83128213918286,37.20510498158331,2024-10-24 09:59:37
752,60,50,9,,,126.83329697350621,37.212033939273745,126.82294274549415,37.21167566585064,2024-10-24 09:59:37
753,58,51,10,,,126.83570439969337,37.20808508416359,126.81997634183637,37.21084378738466,2024-10-24 10:00:19
754,51,59,10,,,126.81980480423897,37.210526437505735,126.83145770724275,37.20662424791515,2024-10-24 10:00:45
755,50,18,10,,,126.82178554861775,37.21198785360767,126.82444212881902,37.196426692513164,2024-10-24 10:00:53
756,59,60,10,,,126.83271090055352,37.2080769521431,126.83305395083758,37.213634496478754,2024-10-24 10:01:16
757,50,34,10,,,126.82202124819331,37.211865616396715,126.82259811322639,37.203886111616,2024-10-24 10:02:43
758,71,56,10,,,126.8402401089533,37.20424442676143,126.83493401534012,37.20491236738895,2024-10-24 10:02:56
759,26,38,10,,,126.81845413536928,37.193541549242276,126.82480305488696,37.20107698762631,2024-10-24 10:03:26
760,46,36,10,,,126.82980096254835,37.21230936465363,126.82300964660831,37.19901152024215,2024-10-24 10:04:14
761,18,65,10,,,126.82334971523179,37.19521221832498,126.8348159479817,37.20042070597138,2024-10-24 10:04:19
762,51,10,10,,,126.81900217390212,37.21091317078156,126.81667360786375,37.20925671281025,2024-10-24 10:04:55
763,51,51,10,,,126.81970033864951,37.210134789407704,126.82006642206579,37.20999906232788,2024-10-24 10:04:57
764,28,35,10,,,126.83014086801849,37.203399509611,126.81973699332055,37.201869555575506,2024-10-24 10:05:22
765,51,11,10,,,126.8190506490748,37.209565885188525,126.81346679543655,37.20776094931865,2024-10-24 10:05:58
766,60,51,10,,,126.83290048380236,37.21280278199439,126.82039062842789,37.210744746108965,2024-10-24 10:06:10
767,55,50,10,,,126.83014774076666,37.20850735166354,126.82209365089032,37.21240359348786,2024-10-24 10:06:42
768,43,6,10,,,126.82256436355684,37.18910897843235,126.82379248748029,37.204475641220824,2024-10-24 10:07:16
769,55,50,10,,,126.83058586956706,37.208475232448194,126.82308214961715,37.212205015930714,2024-10-24 10:07:49
770,15,25,10,,,126.81676291491888,37.20648911650852,126.82091845670233,37.195383530554416,2024-10-24 10:08:55
771,38,10,10,,,126.82437389717487,37.20059607245256,126.81703476635782,37.21011113605055,2024-10-24 10:09:06
772,69,36,10,,,126.8370542360736,37.20660351268196,126.82350665285853,37.198533414892346,2024-10-24 10:09:29
773,37,50,10,,,126.82174576844788,37.198067281030994,126.8218879527948,37.21131893518961,2024-10-24 10:09:35
774,22,71,10,,,126.81600952589888,37.195940205797136,126.83916454586301,37.205964239781046,2024-10-24 10:10:08
775,69,52,10,,,126.83731870042998,37.206097526632064,126.82989566568475,37.21799421814537,2024-10-24 10:10:15
776,58,48,10,,,126.8348620663406,37.20858975861793,126.83029144812784,37.21437654002611,2024-10-24 10:10:24
777,62,25,10,,,126.83894065552037,37.21171367397814,126.82197255206148,37.194927169312194,2024-10-24 10:10:52
778,26,32,10,,,126.81833644015211,37.192677421062854,126.83293951586724,37.20122828835517,2024-10-24 10:11:17
779,50,21,10,,,126.82161808179485,37.211970672647226,126.81813490569286,37.195424141308976,2024-10-24 10:11:51
780,50,26,10,,,126.82295189065097,37.21154172624984,126.81843930453998,37.192846431562934,2024-10-24 10:12:33
781,50,21,10,,,126.82173422596928,37.21108886911878,126.8179506343633,37.19670819054644,2024-10-24 10:13:12
782,37,50,10,,,126.82212117918544,37.196798690512225,126.82229346618888,37.211286306655005,2024-10-24 10:13:22
783,37,50,10,,,126.8209710246243,37.19642799760675,126.82297919960358,37.21176783603612,2024-10-24 10:15:08
784,34,50,10,,,126.82137208313664,37.20374288163461,126.82257927647542,37.212035346474906,2024-10-24 10:15:13
785,47,27,10,,,126.82764797650839,37.211331961406074,126.82719815708577,37.1990602496799,2024-10-24 10:15:18
786,71,34,10,,,126.83971586316304,37.20481788390172,126.82205859673816,37.20228092415053,2024-10-24 10:15:43
787,63,26,10,,,126.8350963195893,37.21040015253157,126.81776669237925,37.19261330745958,2024-10-24 10:15:49
788,38,10,10,,,126.82509603535088,37.20086690420118,126.81691586852499,37.21027924563956,2024-10-24 10:16:56
789,50,21,10,,,126.82254734628766,37.21076064673541,126.81823780677773,37.1958529051393,2024-10-24 10:18:02
790,58,51,10,,,126.834401691134,37.209138874719685,126.8204504364067,37.21088533472171,2024-10-24 10:18:53
791,58,34,10,,,126.83478977162568,37.208430377062676,126.82209505414421,37.203373091257156,2024-10-24 10:21:41
792,65,58,10,,,126.83442431031908,37.19998529274377,126.83513675343819,37.2086670765627,2024-10-24 10:23:33
793,50,26,10,,,126.82327999072503,37.21108766238952,126.8183028586073,37.19376425177987,2024-10-24 10:24:37
794,65,42,10,,,126.83390588864873,37.20095691783512,126.83218535738749,37.19592707756056,2024-10-24 10:25:41
795,64,50,10,,,126.84282322982646,37.20298407191404,126.8224126999674,37.212171451810526,2024-10-24 10:25:50
796,50,34,10,,,126.82282732538904,37.211013694788484,126.82174187353067,37.20210365821484,2024-10-24 10:26:20
797,4,47,10,,,126.82169927499345,37.209609670932245,126.82822677855887,37.21061856691385,2024-10-24 10:27:19
798,50,26,10,,,126.82182177033451,37.21068440478305,126.81801691125962,37.192954398198275,2024-10-24 10:27:32
799,32,57,10,,,126.83211348779248,37.20157118181713,126.83140521777433,37.20356246043329,2024-10-24 10:27:32
800,71,56,10,,,126.84018262303722,37.20518737157712,126.83534782430712,37.20468015936422,2024-10-24 10:27:40
801,49,6,10,,,126.82870110389788,37.21457615991666,126.82449693184083,37.20376044082508,2024-10-24 10:28:26
802,51,51,10,,,126.81947366848217,37.21005219762205,126.8187064626026,37.20965600065346,2024-10-24 10:29:33
803,50,21,10,,,126.82320234692645,37.212160480639085,126.81887194597134,37.19675213098082,2024-10-24 10:30:14
804,50,34,10,,,126.82266390288395,37.21098120942804,126.82119579221326,37.20389146135378,2024-10-24 10:30:25
805,30,45,10,,,126.83273638630729,37.1985630518234,126.82409984366014,37.21307211389095,2024-10-24 10:30:31
806,58,51,10,,,126.8356826133923,37.20834937054926,126.81891233002028,37.210393331895084,2024-10-24 10:31:35
807,72,24,10,,,126.81098300071768,37.20791060687204,126.81833130459506,37.19137327582295,2024-10-24 10:32:10
808,71,54,10,,,126.83937790615228,37.20441006443363,126.83171678050087,37.210860204486636,2024-10-24 10:32:42
809,42,11,10,,,126.8324362311588,37.19628100569765,126.81467439822316,37.208677380579644,2024-10-24 10:32:47
810,38,10,10,,,126.82400617776719,37.20208249357529,126.81739520818357,37.20955624972685,2024-10-24 10:34:24
811,38,10,10,,,126.8249892112484,37.20188187543543,126.81635747765318,37.209721897764986,2024-10-24 10:34:42
812,55,49,10,,,126.82935453490542,37.20839742671288,126.82725494200947,37.21389652582312,2024-10-24 10:34:59
813,58,51,10,,,126.83560016870334,37.207851518460814,126.82014951548209,37.210672626900354,2024-10-24 10:36:46
814,60,46,10,,,126.8334465437407,37.21295341958066,126.82965729471167,37.21165981221311,2024-10-24 10:36:50
815,41,51,10,,,126.83388056312175,37.19758457922624,126.81939914035262,37.20965019963477,2024-10-24 10:37:02
816,37,50,10,,,126.82166493877365,37.19746757388437,126.82170768490771,37.210592069894886,2024-10-24 10:37:23
817,55,50,10,,,126.8300858786792,37.20903504688603,126.8215140996871,37.21108181901022,2024-10-24 10:37:28
818,50,26,10,,,126.82334164056753,37.21214789047703,126.8186910211658,37.19254529797049,2024-10-24 10:38:19
819,71,56,10,,,126.83938809636517,37.2042823867317,126.83494201109339,37.20648781303426,2024-10-24 10:39:04
820,50,23,10,,,126.82152513576325,37.21160083403461,126.82086422526989,37.19220848516486,2024-10-24 10:39:05
821,11,25,10,,,126.81446379811422,37.20822248301774,126.8212597272584,37.19448466830829,2024-10-24 10:40:19
822,53,47,10,,,126.82985748837002,37.20608506169897,126.82694554118419,37.21001738964783,2024-10-24 10:40:43
823,34,11,10,,,126.82198321413036,37.20398058925196,126.81445057639627,37.20903735511431,2024-10-24 10:41:14
824,51,51,10,,,126.82022521322973,37.20959239957308,126.81948489126414,37.210294741429145,2024-10-24 10:41:24
825,38,10,10,,,126.82358827366804,37.20075439755531,126.81738339970745,37.209767031411,2024-10-24 10:43:11
826,37,61,10,,,126.82143836888294,37.19809853618613,126.83302143927662,37.21636927948745,2024-10-24 10:43:13
827,23,50,10,,,126.82082457027929,37.192661864882915,126.82237104403382,37.21143909154846,2024-10-24 10:43:55
828,58,51,10,,,126.83581666545992,37.20867190993427,126.81897466808512,37.21113681644095,2024-10-24 10:44:04
829,63,72,10,,,126.8357649217241,37.21092257242887,126.81230116146101,37.20721874788232,2024-10-24 10:44:16
830,50,38,10,,,126.82240716357255,37.210885538451045,126.82350363789395,37.202216136080565,2024-10-24 10:44:28
831,34,11,10,,,126.8226088481455,37.20339719549696,126.8134344616787,37.207983818271806,2024-10-24 10:44:41
832,37,64,10,,,126.82126914181944,37.19760223604438,126.8415252319887,37.204181187870454,2024-10-24 10:44:57
833,51,51,10,,,126.81900731169598,37.20948102743292,126.8201881725709,37.20985912058113,2024-10-24 10:45:06
834,71,59,10,,,126.8409499213698,37.20563126315177,126.83266069936046,37.20681096443307,2024-10-24 10:45:10
835,21,31,10,,,126.81854054055488,37.196796176779884,126.82937303017577,37.19817770692646,2024-10-24 10:45:10
836,56,40,10,,,126.83410881982267,37.205953865254344,126.83212698003152,37.1935389294497,2024-10-24 10:45:49
837,38,51,10,,,126.82458964116287,37.20058505589845,126.81905029014621,37.21136974811644,2024-10-24 10:45:54
838,51,56,10,,,126.82062539553453,37.21119334536815,126.83520461092543,37.20637719723765,2024-10-24 10:46:14
839,50,21,10,,,126.82145925535094,37.212375502576116,126.81877044186427,37.19720012931995,2024-10-24 10:48:26
840,36,12,10,,,126.82437686084239,37.198818666758925,126.8197660514812,37.20401670839119,2024-10-24 10:48:55
841,51,51,10,,,126.82020658594108,37.21065608784803,126.82009642881046,37.21059060515684,2024-10-24 10:49:10
842,9,65,10,,,126.81498746625704,37.20455919970131,126.83429214557292,37.199330360413384,2024-10-24 10:49:35
843,62,60,10,,,126.83892158237369,37.21281939255977,126.83341909401871,37.212090051331195,2024-10-24 10:50:14
844,38,2,10,,,126.82503946483719,37.200416855652534,126.82189772731095,37.20654726098242,2024-10-24 10:50:15
845,54,71,10,,,126.83235959172426,37.21100056724579,126.84034727663968,37.20481396552358,2024-10-24 10:50:36
846,43,36,10,,,126.82424077492082,37.19062949853503,126.82323789062211,37.19887111300339,2024-10-24 10:51:12
847,50,21,10,,,126.8228562742373,37.211677284355524,126.81902651024167,37.19573581100656,2024-10-24 10:51:32
848,19,40,10,,,126.82931373620515,37.1955220763818,126.8322382657102,37.19274786773404,2024-10-24 10:52:23
849,60,11,10,,,126.83370875641783,37.21318928430277,126.81441284989992,37.20836032131372,2024-10-24 10:52:30
850,50,37,10,,,126.82298500764732,37.2112504297595,126.82034844998896,37.1973147175063,2024-10-24 10:52:35
851,60,51,10,,,126.8336104775713,37.21318841318865,126.81969691109045,37.2096871516491,2024-10-24 10:52:42
852,50,56,10,,,126.82139403534474,37.2115764633371,126.8352493999604,37.20477386293716,2024-10-24 10:52:47
853,50,56,10,,,126.82275018453834,37.21092686393891,126.83431988884408,37.20631424944844,2024-10-24 10:52:48
854,50,21,10,,,126.8226105915245,37.21236527740632,126.81855778308255,37.19666665326496,2024-10-24 10:52:48
855,14,59,10,,,126.81852866066244,37.207321203083765,126.8331247205177,37.207746705864054,2024-10-24 10:53:11
856,37,50,10,,,126.82093661376433,37.19680476123927,126.82147237489612,37.212014812358795,2024-10-24 10:53:20
857,63,37,10,,,126.83529679767642,37.21099693293786,126.82035362158214,37.197332890610745,2024-10-24 10:54:01
858,72,41,10,,,126.812176847375,37.20734129434931,126.83425741014383,37.197442378756605,2024-10-24 10:54:14
859,51,51,10,,,126.81978611368497,37.211014358355875,126.81898281582261,37.21133965766037,2024-10-24 10:54:23
860,48,50,10,,,126.83082070549236,37.215136130701474,126.8221425394285,37.21059447343773,2024-10-24 10:54:31
861,7,33,10,,,126.82807368008201,37.207875035819136,126.8285792965299,37.199999340322776,2024-10-24 10:54:36
862,60,51,10,,,126.83326447257672,37.21397291807731,126.818975406133,37.21093380127276,2024-10-24 10:55:03
863,46,60,10,,,126.83044289908393,37.21183336396195,126.83301991922977,37.213360263706136,2024-10-24 10:55:34
864,38,10,10,,,126.82394365943397,37.200576476005374,126.81777556883993,37.209539354383345,2024-10-24 10:55:39
865,51,38,10,,,126.81921196066567,37.20987468040009,126.82442928280477,37.20109577764856,2024-10-24 10:56:05
866,50,57,10,,,126.82333182201498,37.21190599940771,126.83251654899915,37.205112534483256,2024-10-24 10:56:34
867,64,42,10,,,126.84267381960319,37.203737297772186,126.83130420299611,37.1962557134591,2024-10-24 10:56:59
868,42,53,10,,,126.83230583832693,37.19618319876287,126.82878797849985,37.206141671035574,2024-10-24 10:57:26
869,38,10,10,,,126.82489026336778,37.20172270106208,126.81788120126774,37.209762011052526,2024-10-24 10:57:33
870,19,68,10,,,126.82891239546905,37.19471143004069,126.83902133035285,37.202574004794734,2024-10-24 10:59:36
871,1,36,10,,,126.81586150986435,37.19854341950972,126.82317269784163,37.19818977779158,2024-10-24 10:59:58
872,20,2,11,,,126.81484311481562,37.19339832804421,126.8217307307638,37.20542150250131,2024-10-24 11:00:01
873,7,72,11,,,126.82788027727325,37.20844985385055,126.81087752435766,37.20733197636566,2024-10-24 11:00:22
874,9,69,11,,,126.81351336967337,37.20519196667338,126.83741194469589,37.207332289586155,2024-10-24 11:00:29
875,50,55,11,,,126.82236323748053,37.21187605360269,126.82958577049583,37.20962346188039,2024-10-24 11:00:34
876,51,42,11,,,126.82063409718295,37.20972368774044,126.832495549067,37.19515965492669,2024-10-24 11:01:19
877,48,45,11,,,126.8304827989246,37.21528574111821,126.82427216221048,37.21357366342441,2024-10-24 11:01:47
878,33,51,11,,,126.82905666644818,37.20136180405587,126.82049090714847,37.21005022294215,2024-10-24 11:02:53
879,54,26,11,,,126.83210746492267,37.210920789825344,126.81861896216162,37.19275354749654,2024-10-24 11:03:33
880,58,50,11,,,126.83444091634011,37.208169689952754,126.82159415748507,37.211573220326734,2024-10-24 11:04:04
881,24,36,11,,,126.81822881247334,37.191550903515754,126.82406326157572,37.198956609765474,2024-10-24 11:04:41
882,72,45,11,,,126.81222767553834,37.20762316312754,126.8257157158912,37.211927440943356,2024-10-24 11:05:16
883,17,51,11,,,126.82685460887313,37.19698769796401,126.81949595446426,37.21128075911234,2024-10-24 11:05:27
884,5,9,11,,,126.82633810685012,37.205180498585115,126.81475757583834,37.205648856211624,2024-10-24 11:06:21
885,53,56,11,,,126.83072666917245,37.20633917653735,126.83527161434823,37.20558857038293,2024-10-24 11:06:24
886,39,23,11,,,126.82209260747618,37.200680535986635,126.82152605261301,37.19190380213691,2024-10-24 11:06:49
887,9,71,11,,,126.8144056841506,37.2047514640711,126.84076536748509,37.20449592198399,2024-10-24 11:07:16
888,50,23,11,,,126.82277461992611,37.212439598204284,126.82100860353319,37.19114719532203,2024-10-24 11:09:13
889,51,64,11,,,126.81912904091806,37.209448838823974,126.84308800741087,37.20309396441235,2024-10-24 11:10:17
890,71,56,11,,,126.8397895794186,37.20426547291848,126.83437471800522,37.205807230705666,2024-10-24 11:10:39
891,16,19,11,,,126.82376921801026,37.19265190054866,126.82951270004963,37.195643567478925,2024-10-24 11:10:58
892,2,45,11,,,126.821617205933,37.206318002357214,126.8252454973843,37.21248857625192,2024-10-24 11:11:26
893,50,2,11,,,126.8227064724429,37.210557656261216,126.82158226601719,37.206590366395886,2024-10-24 11:11:38
894,39,51,11,,,126.82075337568348,37.200081946405824,126.81995596871667,37.21120592994916,2024-10-24 11:12:03
895,63,69,11,,,126.83559691843155,37.2120402949538,126.83783464916719,37.20645186567465,2024-10-24 11:12:39
896,64,51,11,,,126.84265858109606,37.20245098553136,126.82001050726426,37.21109198818342,2024-10-24 11:13:04
897,26,19,11,,,126.81816105716923,37.19343720859522,126.82821625869222,37.194044131660284,2024-10-24 11:13:16
898,39,51,11,,,126.82240272815565,37.19953059253848,126.8203060014708,37.20971848524474,2024-10-24 11:13:23
899,10,72,11,,,126.81757775394675,37.209164718656325,126.81138229308746,37.20714093758807,2024-10-24 11:13:54
900,36,38,11,,,126.82444942536858,37.19834251823311,126.82397003347036,37.201049868413726,2024-10-24 11:14:22
901,30,59,11,,,126.83123490510658,37.199284754720686,126.83335853893885,37.20700923898534,2024-10-24 11:15:02
902,4,46,11,,,126.82142003520887,37.20844147377619,126.83025610410245,37.21096130020745,2024-10-24 11:15:41
903,55,42,11,,,126.82907053619789,37.208130376190425,126.83150142521454,37.19668234363596,2024-10-24 11:16:35
904,49,72,11,,,126.8276357793074,37.21413794243314,126.81169535182556,37.20642882548843,2024-10-24 11:16:53
905,28,62,11,,,126.8304704563543,37.20386970414445,126.83858316624261,37.212481720817934,2024-10-24 11:17:04
906,39,51,11,,,126.82174415673889,37.20019198391651,126.81936397782472,37.21031909876834,2024-10-24 11:17:21
907,35,64,11,,,126.81924998295847,37.20191604913365,126.84251409676658,37.202985326660304,2024-10-24 11:18:23
908,34,1,11,,,126.82220847665711,37.202850005751145,126.81616773644545,37.19733377551934,2024-10-24 11:19:07
909,51,58,11,,,126.82012505663211,37.209957779395985,126.83459870046515,37.20891286874302,2024-10-24 11:19:15
910,62,19,11,,,126.83802341584878,37.21244085176394,126.82895343020716,37.195168232225086,2024-10-24 11:20:07
911,71,51,11,,,126.84102420248318,37.20400179418947,126.81932447409778,37.2098490347558,2024-10-24 11:20:36
912,53,66,11,,,126.82907966034244,37.20716932879051,126.83785924503894,37.20436441572417,2024-10-24 11:21:18
913,34,37,11,,,126.82073177784274,37.20343266785352,126.82142276310509,37.19684510848256,2024-10-24 11:21:32
914,64,9,11,,,126.84283313556811,37.20369548548342,126.8138775139614,37.20551981995316,2024-10-24 11:21:53
915,62,28,11,,,126.83759388078286,37.21282018843057,126.830367293447,37.20414401960829,2024-10-24 11:22:05
916,54,55,11,,,126.83326066921924,37.20922360990438,126.82977816606044,37.209281910198676,2024-10-24 11:22:09
917,42,28,11,,,126.83152587134563,37.196461778835754,126.83031761034131,37.203954372751035,2024-10-24 11:22:11
918,34,37,11,,,126.82243182193208,37.202777451407066,126.82078644473643,37.196797908595066,2024-10-24 11:22:12
919,39,51,11,,,126.82159941529066,37.19995951822794,126.8193829453006,37.211039420893194,2024-10-24 11:24:38
920,50,55,11,,,126.82314369830928,37.21087765563382,126.82948634169539,37.20898672921148,2024-10-24 11:25:30
921,42,36,11,,,126.8314783880185,37.196342720700244,126.82468154914281,37.19941752120804,2024-10-24 11:26:00
922,5,25,11,,,126.82768669124634,37.20491705234245,126.82171146196987,37.19542406045148,2024-10-24 11:26:01
923,47,46,11,,,126.82665302020199,37.210053154562445,126.83030754890406,37.212685556905804,2024-10-24 11:27:06
924,12,6,11,,,126.81995740942469,37.205260226535685,126.82488831103592,37.204453698561544,2024-10-24 11:27:10
925,31,54,11,,,126.82973237064915,37.19819768147218,126.83353468090422,37.20934553213491,2024-10-24 11:27:14
926,64,51,11,,,126.84173748500143,37.20353528621763,126.81882802443388,37.210465790208595,2024-10-24 11:27:58
927,41,16,11,,,126.83497053749487,37.19643843025721,126.8228953809948,37.19379992630933,2024-10-24 11:28:06
928,51,34,11,,,126.8188315926531,37.20979539038175,126.82092885058655,37.202327494821255,2024-10-24 11:28:11
929,67,32,11,,,126.83527289908676,37.203471277326635,126.83223309242052,37.20086310477067,2024-10-24 11:28:23
930,51,7,11,,,126.8197278848714,37.21067003515872,126.82752786474845,37.20863147431676,2024-10-24 11:28:49
931,34,6,11,,,126.8217896737767,37.20301088690862,126.82418011649148,37.204140083287534,2024-10-24 11:28:53
932,10,7,11,,,126.81723393846684,37.20946760281502,126.82709634060504,37.20901515352448,2024-10-24 11:28:54
933,50,55,11,,,126.82220378178349,37.21111625004595,126.82900766109721,37.20842395155679,2024-10-24 11:30:09
934,71,50,11,,,126.84086038357385,37.20585569647058,126.82337307480066,37.211600676359964,2024-10-24 11:30:14
935,53,44,11,,,126.83075150828796,37.205791222679444,126.82106045480401,37.18837630150796,2024-10-24 11:30:14
936,46,54,11,,,126.83108822108633,37.21249012302675,126.83271375980783,37.21068926549079,2024-10-24 11:30:22
937,12,8,11,,,126.82014590193587,37.205354880195166,126.82463322404145,37.206151150834366,2024-10-24 11:30:29
938,47,5,11,,,126.826893207801,37.21067511405608,126.82753299400142,37.20426221889952,2024-10-24 11:30:44
939,37,38,11,,,126.82052302500013,37.19678338216861,126.82362598177451,37.20147149789968,2024-10-24 11:30:46
940,51,34,11,,,126.81923893300859,37.21065484795801,126.82108371677062,37.20329975431595,2024-10-24 11:31:05
941,71,41,11,,,126.83990956361315,37.205393757363886,126.83482072352247,37.19640416007221,2024-10-24 11:31:18
942,17,51,11,,,126.82627637431538,37.19762136381719,126.81913820523692,37.20954755004295,2024-10-24 11:32:11
943,50,19,11,,,126.8231211707186,37.21143490062852,126.82896327966755,37.19590454390048,2024-10-24 11:32:30
944,31,70,11,,,126.82852735353774,37.19747803119773,126.83718430210442,37.20968695453706,2024-10-24 11:32:31
945,58,51,11,,,126.83609643089117,37.20792400386384,126.82020805979408,37.21099651278178,2024-10-24 11:33:18
946,51,64,11,,,126.8196220336821,37.21141531602254,126.84217705402743,37.20383632778659,2024-10-24 11:34:01
947,4,55,11,,,126.82280863718313,37.209053786734344,126.82934139382849,37.20932353851437,2024-10-24 11:34:25
948,27,52,11,,,126.82577431468108,37.198797988647556,126.83155303616945,37.2171481163774,2024-10-24 11:34:33
949,31,23,11,,,126.8294918583748,37.19792158945341,126.82038801430129,37.191319821424855,2024-10-24 11:35:15
950,69,24,11,,,126.83804459840717,37.20591795378076,126.81750854799246,37.19077587077634,2024-10-24 11:35:27
951,50,55,11,,,126.82307526714906,37.2121312732535,126.82992494537034,37.20880028631315,2024-10-24 11:35:43
952,64,26,11,,,126.84304802492437,37.20361992672317,126.81791940239688,37.192835953605766,2024-10-24 11:35:46
953,64,51,11,,,126.84269715855753,37.20350141932605,126.81913611031598,37.2095175603847,2024-10-24 11:35:53
954,70,51,11,,,126.83795878853707,37.209853282326186,126.81981151170771,37.21131439581932,2024-10-24 11:35:55
955,68,19,11,,,126.83897162233517,37.20125415073068,126.82975539608262,37.19464263785489,2024-10-24 11:36:06
956,50,39,11,,,126.82207371077263,37.211119836331406,126.82209384784666,37.200318241312075,2024-10-24 11:36:26
957,39,51,11,,,126.82205509818755,37.200680025726854,126.81981894165183,37.21001945749452,2024-10-24 11:36:27
958,62,67,11,,,126.83704467151459,37.21208960902433,126.83444248707181,37.20310327641899,2024-10-24 11:36:58
959,51,70,11,,,126.81907904933354,37.2103596826834,126.83845323464715,37.21022260787462,2024-10-24 11:37:04
960,54,2,11,,,126.83217851390523,37.21023532699968,126.82132931064749,37.20614666878514,2024-10-24 11:37:31
961,71,50,11,,,126.83973043937368,37.20479177087876,126.82337624131641,37.210816866586974,2024-10-24 11:37:32
962,62,65,11,,,126.83810550671781,37.21167607042852,126.83509892724265,37.19991033801801,2024-10-24 11:37:51
963,11,10,11,,,126.81530292778014,37.20822465363192,126.81755856608132,37.20949356464592,2024-10-24 11:37:52
964,71,54,11,,,126.84019863729307,37.20512999294166,126.83259262803588,37.209382048748914,2024-10-24 11:37:58
965,71,37,11,,,126.83926644199636,37.20481902573203,126.82097667339887,37.19770085231094,2024-10-24 11:38:06
966,39,51,11,,,126.82068238191275,37.19933432367597,126.8191255993976,37.209746072890795,2024-10-24 11:38:45
967,33,51,11,,,126.82929588408064,37.20140332053561,126.82052667840703,37.21138817849556,2024-10-24 11:39:13
968,41,23,11,,,126.83431267683574,37.197495686245006,126.82038265259918,37.19275186830814,2024-10-24 11:39:18
969,6,58,11,,,126.82366044885701,37.20333056667999,126.83459810525049,37.20841293707613,2024-10-24 11:39:19
970,25,34,11,,,126.82196365627193,37.19430453319478,126.82192086470151,37.202607262452794,2024-10-24 11:39:47
971,55,63,11,,,126.83052814345984,37.20842250036351,126.83535728763158,37.21077187472155,2024-10-24 11:40:42
972,71,51,11,,,126.84014666611172,37.2044701016438,126.81979514215892,37.21016951527995,2024-10-24 11:41:32
973,5,4,11,,,126.82783295444405,37.20541564430864,126.82266037511403,37.20874791097229,2024-10-24 11:41:58
974,49,4,11,,,126.82805912380485,37.21297330470063,126.82177435011906,37.209455993706136,2024-10-24 11:42:11
975,50,23,11,,,126.82313396159259,37.211998336878324,126.82109300815347,37.19166307678491,2024-10-24 11:43:04
976,42,50,11,,,126.83122566047702,37.196730827443375,126.82252264932005,37.211763060491826,2024-10-24 11:43:43
977,42,50,11,,,126.83108582863876,37.19569810586105,126.82192187037501,37.211789802261485,2024-10-24 11:44:34
978,17,51,11,,,126.8268288311097,37.19681165132804,126.82058609646337,37.21061433425784,2024-10-24 11:44:47
979,47,44,11,,,126.8280131860925,37.21035042995433,126.82001095222854,37.18947742122918,2024-10-24 11:45:11
980,21,42,11,,,126.81874884153066,37.196133159077135,126.8320247349373,37.19615087855744,2024-10-24 11:45:42
981,33,51,11,,,126.82929960310396,37.20157734223249,126.82040884342223,37.20943263648252,2024-10-24 11:46:08
982,56,23,11,,,126.83577042727715,37.20588020900983,126.82106369979594,37.19278706824804,2024-10-24 11:46:49
983,34,37,11,,,126.82162252995415,37.20360605468311,126.82129715694612,37.19666434007198,2024-10-24 11:46:51
984,72,65,11,,,126.81228089767937,37.20758169786375,126.83474459938571,37.19920229772544,2024-10-24 11:47:04
985,51,10,11,,,126.81926401845703,37.210788669710965,126.81762779441102,37.209824116124,2024-10-24 11:47:22
986,5,17,11,,,126.82653642168131,37.20527564975277,126.82698473061657,37.197374240633614,2024-10-24 11:47:37
987,19,8,11,,,126.82820515490222,37.194498170702786,126.8240950502058,37.20602271586556,2024-10-24 11:47:40
988,50,68,11,,,126.822158820712,37.21197474938338,126.83935680662684,37.20192956054669,2024-10-24 11:48:48
989,64,51,11,,,126.84337697880697,37.202395226279954,126.81967747575054,37.20983686531719,2024-10-24 11:49:00
990,62,10,11,,,126.83884055794569,37.21162484795784,126.81688517712115,37.20930886660606,2024-10-24 11:49:27
991,71,51,11,,,126.83962437797378,37.20405798233598,126.81896483616637,37.209451994026004,2024-10-24 11:49:34
992,33,47,11,,,126.82884508412407,37.200149895900054,126.82819531636294,37.210305550998584,2024-10-24 11:50:12
993,71,51,11,,,126.84097871718382,37.20449683478589,126.81948884587106,37.210314388708206,2024-10-24 11:50:49
994,33,42,11,,,126.8301341282954,37.20103199748141,126.83095021693521,37.196113391836185,2024-10-24 11:50:56
995,29,9,11,,,126.8274046835901,37.20207983909041,126.81489557992653,37.205805096256476,2024-10-24 11:51:42
996,50,55,11,,,126.82196521939831,37.21136138430172,126.82900098542986,37.20857494726569,2024-10-24 11:52:17
997,71,51,11,,,126.84043485200037,37.20563253637642,126.81980199105426,37.2099713034037,2024-10-24 11:52:40
998,5,15,11,,,126.82694044281902,37.20557313543544,126.81753631796637,37.20636432523579,2024-10-24 11:52:53
999,14,36,11,,,126.81957218063249,37.20728088094673,126.8243586137089,37.19889844716351,2024-10-24 11:53:39
1000,28,16,11,,,126.82905373221634,37.20350789379573,126.82408424328872,37.19294949996636,2024-10-24 11:54:48
1001,19,4,11,,,126.82825568210768,37.195071135321456,126.82217670451276,37.209252969962655,2024-10-24 11:54:52
1002,60,37,11,,,126.83336252692655,37.213792803581924,126.82101628454002,37.196466309376525,2024-10-24 11:54:59
1003,71,70,11,,,126.84019638795154,37.20458926139487,126.83725360775959,37.20967765917258,2024-10-24 11:55:22
1004,18,39,11,,,126.82370997609728,37.19503953484736,126.8221855675868,37.199260325862554,2024-10-24 11:55:59
1005,53,8,11,,,126.83071163447539,37.20532212927301,126.82438613275365,37.20737995864185,2024-10-24 11:56:32
1006,67,25,11,,,126.83528643983051,37.20198713790057,126.82115312072075,37.19372974307486,2024-10-24 11:56:48
1007,64,51,11,,,126.84187383433343,37.204129077431375,126.81890877508467,37.20948193663812,2024-10-24 11:57:00
1008,33,50,11,,,126.82862626451437,37.200902976662725,126.82321975043136,37.210713892255384,2024-10-24 11:57:05
1009,51,64,11,,,126.81898684039912,37.21092052829346,126.84230140028356,37.202786485514544,2024-10-24 11:57:35
1010,71,50,11,,,126.84058378236837,37.204732095556395,126.82283110953954,37.21136168982064,2024-10-24 11:57:40
1011,42,50,11,,,126.83070910771195,37.196929539257994,126.82200633829908,37.21118776465037,2024-10-24 11:57:57
1012,7,41,11,,,126.82749801700835,37.20719919133806,126.83375141027956,37.19728341732267,2024-10-24 11:58:38
1013,30,18,11,,,126.83100758143227,37.19798563016362,126.82398856293715,37.19482410111185,2024-10-24 11:58:50
1014,50,18,12,,,126.82230914544105,37.21073692794415,126.82419617609328,37.19628245769698,2024-10-24 12:00:06
1015,39,59,12,,,126.8209906542644,37.20048402572378,126.83315846967744,37.20729506291294,2024-10-24 12:00:14
1016,50,21,12,,,126.82204593995326,37.21072818720107,126.81871452428183,37.196134971495226,2024-10-24 12:00:25
1017,2,63,12,,,126.82219625062463,37.20613740296712,126.83540621592144,37.21038268610627,2024-10-24 12:00:46
1018,10,27,12,,,126.81634868764084,37.20987762492386,126.82727271084657,37.19928449153423,2024-10-24 12:01:39
1019,50,26,12,,,126.8217674053321,37.21216459921499,126.81919770376032,37.19419534117824,2024-10-24 12:01:59
1020,1,3,12,,,126.81626883295012,37.19853886234296,126.82395225662424,37.20892304942819,2024-10-24 12:02:33
1021,37,42,12,,,126.82116396585226,37.1974649018936,126.83063571568904,37.19676941335878,2024-10-24 12:02:37
1022,20,22,12,,,126.81572825991817,37.19194182052182,126.81567963706114,37.19492927902394,2024-10-24 12:02:42
1023,15,39,12,,,126.81590688946406,37.20603386988491,126.8218774856911,37.19964029718181,2024-10-24 12:02:58
1024,6,39,12,,,126.8253874172518,37.20448240334803,126.82199011272019,37.201180985557286,2024-10-24 12:03:26
1025,37,50,12,,,126.82206809796044,37.19780350962816,126.82267157718816,37.21142767158132,2024-10-24 12:03:43
1026,51,71,12,,,126.82032873192753,37.20960045513987,126.84086192564199,37.20576317960467,2024-10-24 12:04:11
1027,68,47,12,,,126.84005098729438,37.202219558015116,126.82778676110102,37.21033759854255,2024-10-24 12:05:20
1028,50,38,12,,,126.82185465866485,37.21149462254397,126.82507030177506,37.201223525100495,2024-10-24 12:05:55
1029,44,28,12,,,126.82042372309331,37.18807600448084,126.82988252643356,37.20283781720502,2024-10-24 12:05:59
1030,37,50,12,,,126.82048708983962,37.19786889729414,126.8232550590877,37.21205797595893,2024-10-24 12:06:10
1031,51,39,12,,,126.81999356757326,37.210071128586804,126.82154992344603,37.20082376694689,2024-10-24 12:07:18
1032,48,43,12,,,126.83139353323332,37.21488660785815,126.82244904961605,37.19011632739606,2024-10-24 12:07:27
1033,51,39,12,,,126.8196171481151,37.21012227077158,126.82202031534369,37.19958050815741,2024-10-24 12:07:42
1034,67,39,12,,,126.83560787543179,37.202987761857095,126.82194480325312,37.199399031279185,2024-10-24 12:07:43
1035,51,15,12,,,126.81994055467304,37.20944990256519,126.81619982412406,37.20655107851971,2024-10-24 12:07:48
1036,1,42,12,,,126.81556970090053,37.198816856647284,126.83175548712565,37.19642095152178,2024-10-24 12:08:13
1037,50,11,12,,,126.8223721680232,37.211729093636876,126.81432139348067,37.208715502804665,2024-10-24 12:08:51
1038,23,33,12,,,126.82009058818912,37.191206636591396,126.82991448349574,37.200748490518066,2024-10-24 12:08:59
1039,7,72,12,,,126.82725314161743,37.20770389253222,126.81173817195973,37.20766663215013,2024-10-24 12:09:01
1040,8,48,12,,,126.82401275401065,37.20691243860322,126.83057749470774,37.21453451131428,2024-10-24 12:09:12
1041,23,18,12,,,126.8204382006644,37.1916460520361,126.82361957771269,37.19589973036027,2024-10-24 12:10:25
1042,20,25,12,,,126.81603805190105,37.19148378069305,126.82064173336501,37.19431909896478,2024-10-24 12:10:43
1043,26,36,12,,,126.818467824826,37.193162682999585,126.82318180842326,37.199401535474394,2024-10-24 12:10:47
1044,38,21,12,,,126.82393006229404,37.20107706970409,126.81940118675789,37.196879393490605,2024-10-24 12:10:54
1045,50,38,12,,,126.82215850672009,37.211642476957486,126.82489803565652,37.201510096175326,2024-10-24 12:11:19
1046,51,55,12,,,126.81885045355287,37.21074461364406,126.83013492604147,37.2099742429968,2024-10-24 12:11:48
1047,32,51,12,,,126.83297048104885,37.20260071113413,126.8196745505447,37.21115364713549,2024-10-24 12:12:05
1048,28,20,12,,,126.8305102566292,37.20253371686444,126.81588063821297,37.192680929253335,2024-10-24 12:12:36
1049,19,37,12,,,126.82979977186346,37.194432579157166,126.82168568504818,37.197544978793985,2024-10-24 12:12:43
1050,30,60,12,,,126.83159222314976,37.19838347488872,126.83374701942931,37.21394684184096,2024-10-24 12:13:11
1051,10,55,12,,,126.81632215954718,37.20970898079466,126.82915817833904,37.20956948998445,2024-10-24 12:13:37
1052,50,55,12,,,126.82226692235828,37.21232722136751,126.82995187584214,37.20816238602791,2024-10-24 12:13:47
1053,50,18,12,,,126.8233773481868,37.21209964237769,126.82338882385591,37.19551707486958,2024-10-24 12:14:09
1054,41,53,12,,,126.83353231266328,37.19629379287866,126.82883587957329,37.20660345205366,2024-10-24 12:14:10
1055,50,49,12,,,126.8217293996639,37.21155071451455,126.82682424852588,37.21341118735799,2024-10-24 12:14:45
1056,41,50,12,,,126.83379202620223,37.19796029100867,126.82301961695491,37.21175778452628,2024-10-24 12:16:42
1057,37,50,12,,,126.8210519690604,37.19746100901633,126.82249477607192,37.211970853838274,2024-10-24 12:16:46
1058,37,51,12,,,126.8215578995277,37.19707175327142,126.81902265280182,37.21084232862143,2024-10-24 12:17:04
1059,50,18,12,,,126.8219949192708,37.21208090468087,126.82336908702081,37.19570237184472,2024-10-24 12:17:22
1060,51,39,12,,,126.8194788185844,37.21124511235156,126.82181479355125,37.20063813430997,2024-10-24 12:17:36
1061,8,39,12,,,126.82462018318643,37.206120751574204,126.82074518266396,37.20078655534092,2024-10-24 12:17:55
1062,16,11,12,,,126.82380698051716,37.19197986368481,126.81410320154656,37.207273801667164,2024-10-24 12:18:31
1063,17,65,12,,,126.82723135700697,37.19709560351304,126.83367587300583,37.19973200790306,2024-10-24 12:18:31
1064,50,37,12,,,126.82205767900821,37.21218199198229,126.82132929301956,37.19717408526642,2024-10-24 12:19:08
1065,54,4,12,,,126.83282775125434,37.209973439814306,126.82251864238793,37.2080763843123,2024-10-24 12:19:53
1066,17,70,12,,,126.82670444173579,37.19750446112731,126.83758013560507,37.20900186653901,2024-10-24 12:19:58
1067,72,30,12,,,126.81176927969628,37.207629945502234,126.8317213658933,37.19805376429486,2024-10-24 12:20:45
1068,37,50,12,,,126.820832575844,37.19797095773622,126.82196821362298,37.21083348687857,2024-10-24 12:20:47
1069,50,55,12,,,126.8216659642682,37.21205158009358,126.83063082649578,37.20985611444952,2024-10-24 12:21:11
1070,69,29,12,,,126.83840142508676,37.20694979350839,126.82587505278023,37.20247058408673,2024-10-24 12:21:19
1071,54,60,12,,,126.83326058174401,37.20979294516243,126.83373315250815,37.21336832953429,2024-10-24 12:21:36
1072,26,72,12,,,126.8176441898915,37.19420673559764,126.81127924204075,37.20623496876682,2024-10-24 12:21:40
1073,51,10,12,,,126.8200369128316,37.21096496332501,126.81632516914239,37.20888357075308,2024-10-24 12:21:47
1074,3,67,12,,,126.82413957124493,37.20984595409523,126.83412599428212,37.202832027515,2024-10-24 12:21:47
1075,46,15,12,,,126.8299685601196,37.211665313803856,126.81664131704369,37.205658290551426,2024-10-24 12:22:02
1076,32,65,12,,,126.83277439960136,37.20248005453209,126.83501251957792,37.199866680985004,2024-10-24 12:22:10
1077,47,29,12,,,126.82757472782131,37.21090124140114,126.82707759346978,37.20279217655819,2024-10-24 12:22:28
1078,50,37,12,,,126.82315543311134,37.21209958434215,126.82219997325201,37.197130794792,2024-10-24 12:22:38
1079,51,37,12,,,126.82012046211715,37.21105427308828,126.82132771652492,37.19776534424203,2024-10-24 12:22:41
1080,21,14,12,,,126.81889054471814,37.19713722347297,126.81923544244701,37.20677959528839,2024-10-24 12:23:19
1081,51,18,12,,,126.81923676894932,37.21051812044413,126.82432924501894,37.19657554822801,2024-10-24 12:23:54
1082,58,70,12,,,126.83469749796194,37.207678051235945,126.83768216420138,37.20860189878297,2024-10-24 12:24:31
1083,58,31,12,,,126.83606887850249,37.20926080599227,126.82921028178588,37.19685197226683,2024-10-24 12:25:12
1084,51,37,12,,,126.81954759623811,37.209526988881656,126.8214529893922,37.196781569697656,2024-10-24 12:26:11
1085,65,1,12,,,126.83383167220704,37.199722184079505,126.81627214255936,37.19828643013369,2024-10-24 12:26:15
1086,51,55,12,,,126.81917181533126,37.210600461043654,126.82930459003902,37.208599898600745,2024-10-24 12:27:21
1087,32,50,12,,,126.83234190394388,37.201191613146534,126.82178849838377,37.21090618082755,2024-10-24 12:28:11
1088,10,22,12,,,126.81670679282651,37.20918534354447,126.81608059172356,37.19490361648038,2024-10-24 12:28:14
1089,27,71,12,,,126.82623623894999,37.20050745110921,126.8406988106642,37.2054798759915,2024-10-24 12:28:15
1090,64,51,12,,,126.84242534545179,37.20349997532126,126.82033480759752,37.21026763849935,2024-10-24 12:29:03
1091,26,10,12,,,126.81930469804796,37.194519062178365,126.81787623700566,37.20862856712952,2024-10-24 12:29:21
1092,56,10,12,,,126.83573896553723,37.20607850173676,126.81717563106847,37.21031884085302,2024-10-24 12:29:40
1093,51,18,12,,,126.81875265012009,37.209520841497664,126.82282215136323,37.19649557740584,2024-10-24 12:30:17
1094,51,71,12,,,126.82060643164044,37.20977173713461,126.83927290290022,37.204127871801184,2024-10-24 12:30:23
1095,38,51,12,,,126.82353024032825,37.200897273516155,126.82061553250672,37.21121647295704,2024-10-24 12:30:27
1096,37,51,12,,,126.82168601544974,37.19760423466174,126.81960403116298,37.209823253139625,2024-10-24 12:30:58
1097,69,60,12,,,126.83753271932578,37.206749041501226,126.83273818147734,37.213476840773986,2024-10-24 12:30:59
1098,45,4,12,,,126.82478468269763,37.213080305579695,126.82269263277796,37.207756731157204,2024-10-24 12:31:05
1099,51,39,12,,,126.82058956128809,37.21036048087975,126.82227583403744,37.19952634843536,2024-10-24 12:31:46
1100,13,61,12,,,126.81598120060708,37.20275318858275,126.83252803278846,37.21590100005599,2024-10-24 12:32:09
1101,50,26,12,,,126.82297388293996,37.212332839781524,126.81831613527606,37.19381899501923,2024-10-24 12:32:42
1102,51,55,12,,,126.81937609306405,37.21018702204776,126.83016848985793,37.20974034788843,2024-10-24 12:32:55
1103,63,7,12,,,126.83630739927254,37.21159028360236,126.82657587284518,37.20730310766723,2024-10-24 12:33:13
1104,51,71,12,,,126.81988681573482,37.20964803485117,126.83925072145094,37.204639412720084,2024-10-24 12:33:13
1105,50,55,12,,,126.82205960598078,37.210808669229564,126.83073430764755,37.209079460364514,2024-10-24 12:34:08
1106,20,64,12,,,126.81479344858417,37.19199879280032,126.84229089791265,37.2027688370874,2024-10-24 12:34:13
1107,37,50,12,,,126.82218593129028,37.19795392345596,126.82225848192174,37.21088021435512,2024-10-24 12:35:14
1108,51,10,12,,,126.81896009906059,37.210772823707686,126.81692891393405,37.20978740360424,2024-10-24 12:35:14
1109,51,10,12,,,126.82018577419804,37.210951749500055,126.81752716475415,37.208383222862054,2024-10-24 12:35:32
1110,15,21,12,,,126.81688426947453,37.20702366749329,126.81956128545671,37.19658895682875,2024-10-24 12:35:43
1111,38,21,12,,,126.82462259594723,37.20173427067882,126.81880082626921,37.19729325569427,2024-10-24 12:35:45
1112,68,9,12,,,126.8407981828312,37.2031400026224,126.81403240493567,37.20599964654448,2024-10-24 12:35:56
1113,40,11,12,,,126.83154271071187,37.193914807022836,126.81375965893986,37.20824406690919,2024-10-24 12:37:06
1114,60,36,12,,,126.83224296947556,37.21243164382848,126.82405587699937,37.197782470077435,2024-10-24 12:37:12
1115,47,23,12,,,126.82746706909123,37.20997698766737,126.82153225101764,37.191037168502085,2024-10-24 12:37:34
1116,50,18,12,,,126.82180405003943,37.21211260071092,126.82410127346512,37.19597022921228,2024-10-24 12:38:15
1117,8,63,12,,,126.82508787246351,37.20718258727445,126.83450073717908,37.21076692188976,2024-10-24 12:38:18
1118,38,21,12,,,126.82489419323367,37.202062323248384,126.81786589594807,37.195667121035775,2024-10-24 12:38:36
1119,51,18,12,,,126.81883715049013,37.20990903927793,126.82339871712709,37.19591551835756,2024-10-24 12:39:11
1120,7,67,12,,,126.82674560356494,37.208041014868364,126.83447304474024,37.20240679035242,2024-10-24 12:39:16
1121,66,52,12,,,126.83832626278044,37.20364188161886,126.83106877032421,37.217695911883865,2024-10-24 12:39:20
1122,59,35,12,,,126.83208390218384,37.207166314244624,126.81878694496235,37.201738937633856,2024-10-24 12:40:17
1123,51,37,12,,,126.82007491454151,37.210678330509936,126.82097199529314,37.19731527624217,2024-10-24 12:40:27
1124,51,39,12,,,126.8197105640796,37.21056874564632,126.8219129784865,37.20005027703228,2024-10-24 12:41:15
1125,34,39,12,,,126.82146888622303,37.2035249103152,126.8217074420635,37.19986470005063,2024-10-24 12:41:30
1126,50,7,12,,,126.82189869425088,37.21219610961488,126.82754792060196,37.208181841554165,2024-10-24 12:41:33
1127,44,30,12,,,126.82098950287765,37.1892997909777,126.83189939922433,37.19907549394533,2024-10-24 12:41:43
1128,56,26,12,,,126.83471712454025,37.20661576258993,126.81794151355555,37.192782801972015,2024-10-24 12:41:44
1129,28,21,12,,,126.82900271051157,37.20294314311898,126.81829520386931,37.19671762861339,2024-10-24 12:41:48
1130,50,26,12,,,126.82310982287333,37.21142174954786,126.81827808438055,37.19431954778078,2024-10-24 12:42:49
1131,52,30,12,,,126.83117316067387,37.2181792914642,126.83168099366995,37.19925269155609,2024-10-24 12:43:25
1132,28,12,12,,,126.8290859377723,37.20434782048234,126.81846095444473,37.20534687744442,2024-10-24 12:43:28
1133,51,10,12,,,126.81933642548738,37.21120366029906,126.81656347619015,37.20872335361898,2024-10-24 12:43:36
1134,29,52,12,,,126.82755774484485,37.20214843636577,126.82993403068379,37.217542503922594,2024-10-24 12:44:20
1135,41,40,12,,,126.83405610305834,37.19714737925838,126.83152694705842,37.19245870773013,2024-10-24 12:45:01
1136,68,59,12,,,126.83898700991271,37.203093666520054,126.83304384404589,37.207645152925515,2024-10-24 12:45:18
1137,61,50,12,,,126.83214363558758,37.215076087447166,126.82166736594522,37.21179729216059,2024-10-24 12:45:44
1138,23,11,12,,,126.8210644843365,37.19201801882877,126.81380663286842,37.20771198927157,2024-10-24 12:46:17
1139,28,63,12,,,126.8288065186981,37.204040972921014,126.83529497621502,37.21196670668066,2024-10-24 12:46:58
1140,15,38,12,,,126.81582344639001,37.206920467659806,126.82449590495952,37.201485722327924,2024-10-24 12:47:27
1141,37,50,12,,,126.82104688009674,37.19751641792025,126.8214291983979,37.211147435540084,2024-10-24 12:47:31
1142,51,39,12,,,126.81960583308918,37.21035594094097,126.82190486411832,37.20060786101742,2024-10-24 12:47:41
1143,18,50,12,,,126.82335215128066,37.19488820001421,126.82244249546262,37.212234059166235,2024-10-24 12:48:26
1144,51,10,12,,,126.81892633672182,37.211149009535085,126.81609823704015,37.208960224975435,2024-10-24 12:48:43
1145,48,59,12,,,126.8313026166915,37.21512118226362,126.83202202217221,37.20835033448198,2024-10-24 12:49:25
1146,50,37,12,,,126.8224897285889,37.211856908924474,126.8214155419515,37.19646104057208,2024-10-24 12:49:29
1147,37,58,12,,,126.82048907654479,37.19667069214483,126.83485896624755,37.208357451438175,2024-10-24 12:50:03
1148,10,64,12,,,126.81790805894288,37.20844733836646,126.84325406143665,37.20410693774828,2024-10-24 12:50:29
1149,34,72,12,,,126.82178045665589,37.203198115657635,126.81205009225074,37.20745878972303,2024-10-24 12:50:41
1150,50,38,12,,,126.82309501312746,37.21111707651411,126.82371184310873,37.20173939247089,2024-10-24 12:51:18
1151,51,37,12,,,126.8198302433522,37.210948245697736,126.82186544766341,37.196609436059816,2024-10-24 12:51:35
1152,38,48,12,,,126.824008011658,37.201743807417024,126.83097209418665,37.21436291031799,2024-10-24 12:52:30
1153,1,22,12,,,126.8168758505631,37.19774606290799,126.81675332959337,37.195130748548536,2024-10-24 12:52:37
1154,10,5,12,,,126.81737965305751,37.209198393802005,126.82630250891135,37.20536805318938,2024-10-24 12:53:01
1155,51,55,12,,,126.81982908713617,37.21137979958262,126.83037481577347,37.20879691814792,2024-10-24 12:53:32
1156,51,39,12,,,126.81934418692487,37.21114097231604,126.8206151627118,37.200213918532945,2024-10-24 12:53:50
1157,70,31,12,,,126.83715374952479,37.20912876518998,126.82928549430815,37.19824038796433,2024-10-24 12:54:29
1158,10,51,12,,,126.8163018140632,37.209222682550205,126.82033100858796,37.20950914423207,2024-10-24 12:54:48
1159,64,37,12,,,126.84242861404212,37.20308518929061,126.82146960569253,37.19800146056022,2024-10-24 12:55:01
1160,50,18,12,,,126.82259818568777,37.21086032813849,126.82467975466116,37.196106166725535,2024-10-24 12:55:09
1161,51,71,12,,,126.8203343962052,37.21061219996026,126.84034539186345,37.204643473017384,2024-10-24 12:55:34
1162,50,26,12,,,126.82286454346463,37.211328419805845,126.8179518317231,37.19419790204984,2024-10-24 12:55:34
1163,20,72,12,,,126.81655770258688,37.19342775941519,126.81109303254496,37.20807423491078,2024-10-24 12:55:37
1164,13,21,12,,,126.81624972426968,37.203283062530275,126.81818691730035,37.1969514343903,2024-10-24 12:55:59
1165,60,47,12,,,126.83357607463648,37.21385817576468,126.82852034748882,37.210155670516116,2024-10-24 12:57:34
1166,66,22,12,,,126.83779405587948,37.204369768328476,126.81674596632878,37.19480064065093,2024-10-24 12:57:48
1167,51,10,12,,,126.81886881653088,37.21060796429178,126.81610245665287,37.2092720141447,2024-10-24 12:57:53
1168,42,68,12,,,126.83170706928787,37.19518025733893,126.83949306825154,37.20237941535391,2024-10-24 12:58:17
1169,25,1,12,,,126.82141414512077,37.19388456198147,126.8169353909886,37.1988745699585,2024-10-24 12:58:53
1170,32,69,13,,,126.83287904791614,37.2017772707277,126.83746636987647,37.206705074188235,2024-10-24 13:00:15
1171,29,9,13,,,126.82615119453081,37.20319354234929,126.81496831972811,37.20572257744853,2024-10-24 13:01:16
1172,60,52,13,,,126.83236080539005,37.21375279908063,126.83094834930155,37.21845451015244,2024-10-24 13:01:30
1173,59,51,13,,,126.83338679677568,37.206964116481174,126.81895871948528,37.21050225904634,2024-10-24 13:01:32
1174,72,60,13,,,126.81232362098211,37.20697926191791,126.83208111152564,37.21290115706141,2024-10-24 13:01:41
1175,2,37,13,,,126.82109688371752,37.205443260069806,126.82196363717924,37.19743479592977,2024-10-24 13:01:51
1176,11,60,13,,,126.81438849795654,37.20745186195814,126.83358462782873,37.21271686786824,2024-10-24 13:02:48
1177,72,61,13,,,126.81103216664253,37.20739230449338,126.83368299679424,37.21587785682428,2024-10-24 13:03:45
1178,19,19,13,,,126.82917940015572,37.195911839692606,126.82976716703709,37.195705747031326,2024-10-24 13:03:52
1179,40,46,13,,,126.83060921645506,37.192541388874496,126.83060327298777,37.21175848360137,2024-10-24 13:04:18
1180,56,37,13,,,126.83567668767054,37.20501962645777,126.82104211167278,37.19659822121147,2024-10-24 13:04:28
1181,15,64,13,,,126.81598206688385,37.205546880017835,126.84240844114004,37.202461292927616,2024-10-24 13:04:38
1182,51,55,13,,,126.82007616602496,37.210189147666036,126.82957972942228,37.209174357132554,2024-10-24 13:04:49
1183,47,17,13,,,126.82825089752299,37.21108497781408,126.82642070095949,37.197743204487,2024-10-24 13:06:31
1184,13,5,13,,,126.81673153519256,37.20321838019026,126.82742803140682,37.20513823390178,2024-10-24 13:06:42
1185,28,38,13,,,126.82867917009732,37.202551042210764,126.82472332260615,37.201774802744254,2024-10-24 13:07:03
1186,50,7,13,,,126.82322909686374,37.211981347444805,126.8278724163448,37.20738333139257,2024-10-24 13:07:07
1187,22,62,13,,,126.81539950890325,37.19565344702199,126.83891559597697,37.2122892947649,2024-10-24 13:07:34
1188,62,72,13,,,126.83765622186651,37.21315194745603,126.81109543102592,37.20775453748571,2024-10-24 13:09:00
1189,50,51,13,,,126.8217676840181,37.21141599406119,126.81923405380965,37.21013656950113,2024-10-24 13:09:18
1190,37,50,13,,,126.8203114758781,37.196495000288415,126.82185634443496,37.212493280794476,2024-10-24 13:09:33
1191,7,66,13,,,126.8279448798442,37.20822264435987,126.83787531847531,37.20458317000757,2024-10-24 13:09:54
1192,71,55,13,,,126.84091103621202,37.205884234639626,126.83092684978647,37.20842462301355,2024-10-24 13:09:55
1193,68,16,13,,,126.83906468074555,37.20149535385258,126.82364651511547,37.19386123926362,2024-10-24 13:10:28
1194,49,50,13,,,126.82683568965646,37.21400304124689,126.82194950321232,37.21179023534837,2024-10-24 13:10:54
1195,51,50,13,,,126.82041050897014,37.210825998106024,126.82142820111976,37.211995087068395,2024-10-24 13:11:02
1196,1,42,13,,,126.81642890533054,37.19822300360995,126.83202564401127,37.19569889957287,2024-10-24 13:11:32
1197,51,18,13,,,126.81980017602343,37.21057563202191,126.8235446316268,37.19514839717956,2024-10-24 13:11:36
1198,58,37,13,,,126.83604633332908,37.2080353999775,126.82081263213955,37.19664233355234,2024-10-24 13:12:12
1199,7,34,13,,,126.8280254611647,37.208630300188965,126.82087694081694,37.202739942746085,2024-10-24 13:12:20
1200,68,14,13,,,126.84050950942968,37.203119256604644,126.81980374013527,37.207989723792046,2024-10-24 13:12:26
1201,50,50,13,,,126.8218206996889,37.211251578450934,126.82234818960411,37.21144249419484,2024-10-24 13:13:39
1202,10,20,13,,,126.81769384318329,37.209493777127385,126.8151982201823,37.191555687815416,2024-10-24 13:14:23
1203,17,58,13,,,126.82590941166056,37.197220141553665,126.8353718739166,37.207526738127186,2024-10-24 13:14:58
1204,54,29,13,,,126.83296996522523,37.21027274214638,126.82735804026026,37.20287527769265,2024-10-24 13:16:17
1205,45,42,13,,,126.8252853813797,37.21345781518254,126.83091088479098,37.195190635579415,2024-10-24 13:16:19
1206,13,40,13,,,126.81674063010705,37.204176319263965,126.83100155605598,37.19268974926465,2024-10-24 13:16:30
1207,4,37,13,,,126.82238720433234,37.20818915302087,126.82077465810832,37.1969740379408,2024-10-24 13:18:58
1208,51,23,13,,,126.81955088548085,37.20944839684415,126.82030909802332,37.19253831898426,2024-10-24 13:19:03
1209,71,56,13,,,126.84056373694408,37.20592786764593,126.83524250517102,37.206631050765026,2024-10-24 13:19:47
1210,51,18,13,,,126.82027375867773,37.2106266610959,126.82394429552289,37.195964991018286,2024-10-24 13:20:08
1211,51,50,13,,,126.82069256806625,37.2098975139223,126.82271744538902,37.21053237400409,2024-10-24 13:20:11
1212,71,41,13,,,126.83935130206203,37.20594470165761,126.8351867316847,37.19709281347235,2024-10-24 13:21:38
1213,50,51,13,,,126.82276379523132,37.21075493720456,126.81896766774638,37.209538692569474,2024-10-24 13:22:55
1214,37,51,13,,,126.82034637573405,37.19799916077499,126.8203088721593,37.209655763347655,2024-10-24 13:23:03
1215,60,47,13,,,126.83337156775089,37.21284947162514,126.82690355672018,37.20989010053125,2024-10-24 13:23:40
1216,54,52,13,,,126.83267902036886,37.21098934057,126.82976792523309,37.21740547097868,2024-10-24 13:24:04
1217,34,51,13,,,126.8213137940385,37.202721126181075,126.82068869634027,37.20952977847657,2024-10-24 13:24:30
1218,51,55,13,,,126.81877641341751,37.21035009488048,126.8302828947766,37.208845382470464,2024-10-24 13:24:57
1219,56,10,13,,,126.83579946035277,37.20624272702734,126.81789192888682,37.20995585409301,2024-10-24 13:25:07
1220,63,60,13,,,126.83589694869265,37.21221587830549,126.83260239105375,37.21210384955209,2024-10-24 13:25:23
1221,55,17,13,,,126.82995900327015,37.20880296964222,126.82565103831479,37.19682300543982,2024-10-24 13:25:27
1222,19,63,13,,,126.82966598354885,37.19534761801497,126.83629178023591,37.21140656781731,2024-10-24 13:25:39
1223,37,10,13,,,126.82085848735748,37.19774507188846,126.81622371314631,37.209118471790106,2024-10-24 13:26:13
1224,34,51,13,,,126.8223440912043,37.203962557447255,126.81982915251871,37.210383521813505,2024-10-24 13:26:14
1225,37,51,13,,,126.82134185076157,37.19654958897285,126.81976254484121,37.21003485088947,2024-10-24 13:26:32
1226,11,45,13,,,126.81361621091399,37.20820631247819,126.82408803148263,37.21332219143334,2024-10-24 13:26:37
1227,39,50,13,,,126.82243613885302,37.19988737494983,126.82165403297627,37.21165244769608,2024-10-24 13:27:26
1228,60,60,13,,,126.83320767026638,37.213166620890235,126.83286844604626,37.213582860404934,2024-10-24 13:28:06
1229,8,55,13,,,126.82409243183344,37.20749132917755,126.83026169879284,37.20899288649543,2024-10-24 13:28:11
1230,46,32,13,,,126.82968195943107,37.210937315035466,126.83205962381153,37.2009815203672,2024-10-24 13:28:35
1231,27,41,13,,,126.82691621907398,37.199021831731166,126.83466660096242,37.19802117372446,2024-10-24 13:29:26
1232,51,23,13,,,126.82047831000396,37.21057832319028,126.82011137453908,37.191976665306136,2024-10-24 13:29:38
1233,50,7,13,,,126.82261301287322,37.21100327723461,126.82720772756412,37.208811715362835,2024-10-24 13:29:40
1234,50,50,13,,,126.82323514840519,37.2107903962191,126.82215403478008,37.21141049542033,2024-10-24 13:29:45
1235,70,34,13,,,126.83718772636531,37.20906034369324,126.82077751606283,37.20317922124025,2024-10-24 13:30:05
1236,4,66,13,,,126.82150640754193,37.20842458473188,126.83684218764317,37.20447299697893,2024-10-24 13:30:29
1237,51,50,13,,,126.81897191257704,37.210346910415204,126.82174926564878,37.211906783455056,2024-10-24 13:31:03
1238,65,70,13,,,126.83469735059938,37.200923997329404,126.8378893665701,37.2088611090637,2024-10-24 13:31:07
1239,36,71,13,,,126.82352495117804,37.19902523850782,126.8401643645759,37.20439489747425,2024-10-24 13:31:22
1240,47,60,13,,,126.82784408971959,37.21138779850055,126.83228358724907,37.21256206484694,2024-10-24 13:31:41
1241,50,37,13,,,126.82152109316928,37.211530321110395,126.82115038845265,37.19689420337325,2024-10-24 13:33:06
1242,43,56,13,,,126.82228815812333,37.18921987936528,126.83532221220503,37.20649519320551,2024-10-24 13:33:14
1243,46,11,13,,,126.82938672380371,37.21215227458824,126.8139283107853,37.20891010051311,2024-10-24 13:34:07
1244,51,55,13,,,126.82004397068086,37.21131003358978,126.8292084825473,37.20988847229056,2024-10-24 13:35:08
1245,51,18,13,,,126.82068599342249,37.21039781592734,126.82439521739451,37.19587215433312,2024-10-24 13:35:37
1246,71,42,13,,,126.84089628158443,37.20459177607057,126.8315497176887,37.19592451781791,2024-10-24 13:36:25
1247,71,56,13,,,126.83971797492471,37.20593985860384,126.83485655105548,37.20605382200612,2024-10-24 13:37:17
1248,41,52,13,,,126.83372308954591,37.19652596753228,126.82992574699321,37.217723584331985,2024-10-24 13:37:46
1249,51,23,13,,,126.81953020845441,37.21121589271884,126.82179598214259,37.190881570433035,2024-10-24 13:39:09
1250,50,50,13,,,126.8217768769634,37.211152458303815,126.82203074409014,37.21185421876692,2024-10-24 13:39:34
1251,44,16,13,,,126.82042225373004,37.18975177203928,126.82404259019057,37.19348851679399,2024-10-24 13:40:31
1252,27,39,13,,,126.82692050909422,37.1993703276253,126.82156569662776,37.199455766005045,2024-10-24 13:41:39
1253,11,62,13,,,126.81504262259848,37.2090932173495,126.83757740748858,37.21202531842356,2024-10-24 13:41:40
1254,19,54,13,,,126.82978177979408,37.19427840901964,126.83288125999327,37.20936624724196,2024-10-24 13:43:33
1255,23,43,13,,,126.82180392988263,37.1917000095722,126.8236581531172,37.19059715240957,2024-10-24 13:43:36
1256,36,56,13,,,126.82401428643495,37.197685666295705,126.83406964327747,37.206564770336946,2024-10-24 13:44:10
1257,38,50,13,,,126.82351334629344,37.20058078790835,126.82199404884211,37.21060042966995,2024-10-24 13:44:17
1258,38,50,13,,,126.82498320603186,37.20035783845501,126.8218647392755,37.21173725784128,2024-10-24 13:44:38
1259,31,36,13,,,126.82839343621805,37.197631253280484,126.82372769457312,37.1981639940847,2024-10-24 13:45:22
1260,60,62,13,,,126.8335799650038,37.21340293884053,126.83765139653367,37.21224589621769,2024-10-24 13:45:27
1261,37,51,13,,,126.82214092624636,37.19746984298975,126.8197677875344,37.211159789189345,2024-10-24 13:45:33
1262,24,44,13,,,126.81777643542182,37.19125230969185,126.81973780336568,37.18830187381864,2024-10-24 13:45:34
1263,37,28,13,,,126.82043047163648,37.19714212595416,126.8300089938091,37.20374690295973,2024-10-24 13:47:01
1264,13,42,13,,,126.81618972118058,37.20469412204644,126.83056783619034,37.19513654913379,2024-10-24 13:47:07
1265,44,18,13,,,126.81987598496808,37.188231726593756,126.82362207760406,37.195230892085696,2024-10-24 13:47:15
1266,58,48,13,,,126.83443407560702,37.20775456268807,126.83133904287567,37.21415238602407,2024-10-24 13:47:35
1267,51,55,13,,,126.82011333901958,37.20955340095853,126.83094905270436,37.20852194166484,2024-10-24 13:48:07
1268,55,33,13,,,126.83063730749582,37.20917632543656,126.82921823014267,37.20146468526111,2024-10-24 13:48:27
1269,71,59,13,,,126.83913557545945,37.20494661899831,126.83168139976027,37.20773379427119,2024-10-24 13:49:56
1270,51,23,13,,,126.81876190585649,37.21095660191188,126.82077197381395,37.19185536549465,2024-10-24 13:50:04
1271,37,52,13,,,126.82211037829065,37.19758229513578,126.82994218618356,37.21663336806331,2024-10-24 13:50:35
1272,4,39,13,,,126.82150483650727,37.20790814988053,126.82078670354109,37.20042244531875,2024-10-24 13:50:36
1273,11,37,13,,,126.81517082974948,37.20915363686577,126.82162776658429,37.19689092633459,2024-10-24 13:50:56
1274,51,55,13,,,126.82058685573475,37.20995896789134,126.83057550696637,37.20919738669155,2024-10-24 13:51:23
1275,51,50,13,,,126.82015823731548,37.209444235113196,126.82164479817588,37.21240038146638,2024-10-24 13:51:24
1276,72,69,13,,,126.81068696444243,37.206731856412404,126.83748517070542,37.206800539868766,2024-10-24 13:52:22
1277,26,38,13,,,126.81813032508528,37.19265246533765,126.82368532548716,37.2023116295755,2024-10-24 13:53:03
1278,50,50,13,,,126.82183493830013,37.210720779411254,126.82220456508702,37.21097475039803,2024-10-24 13:53:10
1279,51,55,13,,,126.8199355751717,37.2107887194929,126.83085103599109,37.20878390583096,2024-10-24 13:53:46
1280,42,70,13,,,126.83177576686765,37.196810126575954,126.83684999385169,37.21009485257403,2024-10-24 13:54:00
1281,38,71,13,,,126.82439130005433,37.20051429692203,126.83918332886321,37.20565936084551,2024-10-24 13:54:10
1282,48,51,13,,,126.83112239673099,37.214042308541075,126.81968969442329,37.211242357873566,2024-10-24 13:54:22
1283,11,50,13,,,126.81468289806259,37.20815477456391,126.82274512679413,37.21242403912079,2024-10-24 13:54:25
1284,51,28,13,,,126.81889066315487,37.210812696142845,126.8287045284909,37.203471890508354,2024-10-24 13:54:28
1285,71,56,13,,,126.84086917520841,37.205119119561395,126.83528702367107,37.20552713036138,2024-10-24 13:54:35
1286,39,50,13,,,126.82115911853462,37.19964418734805,126.82285523097832,37.21217230557114,2024-10-24 13:54:55
1287,26,70,13,,,126.81823429389537,37.19305702028281,126.83867590579561,37.20952297287155,2024-10-24 13:55:29
1288,39,50,13,,,126.82147871930724,37.19945156746832,126.82182051922078,37.212098864119845,2024-10-24 13:55:48
1289,11,32,13,,,126.8136611120456,37.207489122045494,126.83160196002959,37.20154399432727,2024-10-24 13:55:56
1290,37,51,13,,,126.82219389494686,37.19804715988474,126.81937323495946,37.209452225702094,2024-10-24 13:56:57
1291,39,64,13,,,126.82091089598913,37.20116828984764,126.84186345203076,37.202344651449486,2024-10-24 13:57:06
1292,33,33,13,,,126.82993882468536,37.201121317706686,126.82876596706133,37.199805982235645,2024-10-24 13:57:37
1293,50,55,13,,,126.82221582183101,37.211431582266336,126.82942625658835,37.20963319564472,2024-10-24 13:58:08
1294,54,36,13,,,126.83209147637575,37.21111168195602,126.82339590829442,37.19899436577534,2024-10-24 13:59:28
1295,51,51,13,,,126.81962325632247,37.210160230051414,126.82041543004968,37.21068619373595,2024-10-24 13:59:29
1296,24,7,14,,,126.818644295235,37.19126193328962,126.82651706707237,37.20711659005775,2024-10-24 14:01:17
1297,58,34,14,,,126.83594353833212,37.20874944977885,126.82218703731469,37.20212386561889,2024-10-24 14:01:26
1298,71,56,14,,,126.84034962701116,37.20583488123529,126.83572241926915,37.20589617400798,2024-10-24 14:01:34
1299,50,55,14,,,126.82298645053821,37.21101730737011,126.82933851990363,37.20942985790393,2024-10-24 14:01:59
1300,37,51,14,,,126.8215795687211,37.19677734205721,126.82046406520581,37.21097815406927,2024-10-24 14:02:14
1301,24,36,14,,,126.81846480001332,37.18984504339587,126.82450977547005,37.199013432888975,2024-10-24 14:02:57
1302,50,48,14,,,126.82210792351061,37.211545052846645,126.82973577864993,37.214039361084765,2024-10-24 14:04:05
1303,50,50,14,,,126.82307130813817,37.21176836865188,126.82195346336633,37.21103438319238,2024-10-24 14:04:23
1304,11,31,14,,,126.81404943027307,37.208454915963465,126.8289623582932,37.197811257449516,2024-10-24 14:04:33
1305,51,10,14,,,126.8192906230978,37.21004719867861,126.8179203540666,37.208465425733536,2024-10-24 14:05:43
1306,25,70,14,,,126.8215294769678,37.19389945665375,126.8379782359043,37.209094280619645,2024-10-24 14:06:11
1307,64,31,14,,,126.84291352110846,37.20390228008953,126.82879393396333,37.197862954666455,2024-10-24 14:06:51
1308,38,51,14,,,126.82414995569913,37.2014574228885,126.81977344952003,37.210526956927595,2024-10-24 14:07:28
1309,69,65,14,,,126.83762698632364,37.20603936015934,126.8351213329026,37.200950898792094,2024-10-24 14:07:33
1310,55,22,14,,,126.82983411209293,37.20874549637152,126.81681946810541,37.195627616649745,2024-10-24 14:07:42
1311,33,45,14,,,126.82894283392233,37.20118860175733,126.82510376056496,37.21251343935367,2024-10-24 14:07:42
1312,19,67,14,,,126.82971300862395,37.19567251824525,126.83430754686418,37.202786260753854,2024-10-24 14:07:57
1313,37,51,14,,,126.82088986506278,37.197190863464655,126.81961397722533,37.21017206225611,2024-10-24 14:08:07
1314,21,38,14,,,126.817861399873,37.19705650326143,126.82341953663779,37.20077286130261,2024-10-24 14:08:47
1315,22,53,14,,,126.81574244757073,37.19622435888982,126.82898588185812,37.20682294567279,2024-10-24 14:08:53
1316,69,58,14,,,126.8369944051778,37.20572986688809,126.83528469815977,37.20806974967764,2024-10-24 14:09:17
1317,18,51,14,,,126.82346726773224,37.19572533408308,126.81937529093025,37.21038918717972,2024-10-24 14:09:20
1318,7,51,14,,,126.82749730372268,37.2087025792408,126.81930112702479,37.20970666769609,2024-10-24 14:09:31
1319,12,18,14,,,126.82000404610788,37.20442802389734,126.82304785704567,37.1949599873783,2024-10-24 14:09:58
1320,4,29,14,,,126.82201088976812,37.20911697861663,126.82587786756214,37.202172742799995,2024-10-24 14:10:05
1321,50,50,14,,,126.82258183871166,37.211013406944936,126.82160649132555,37.21131224555367,2024-10-24 14:10:57
1322,18,51,14,,,126.82303034917145,37.19489382830668,126.81907149831761,37.20986161613366,2024-10-24 14:11:07
1323,7,51,14,,,126.82824215365505,37.208642901746344,126.8204875224008,37.2102670535271,2024-10-24 14:11:10
1324,38,50,14,,,126.82343782475995,37.20130267165856,126.82235428402569,37.211931960054436,2024-10-24 14:11:12
1325,34,50,14,,,126.8226585528739,37.20218366757772,126.82256929583218,37.21117777696785,2024-10-24 14:11:31
1326,16,53,14,,,126.82369498974955,37.19340307194578,126.82940765119092,37.20563117013864,2024-10-24 14:12:30
1327,50,50,14,,,126.82297346369268,37.21055592202251,126.82235013887724,37.21112159481081,2024-10-24 14:13:06
1328,11,42,14,,,126.81427799267868,37.20851312541163,126.83079005122504,37.1965038833528,2024-10-24 14:17:36
1329,15,1,14,,,126.817059163635,37.20624528409167,126.81521369535916,37.198987596336536,2024-10-24 14:18:36
1330,63,39,14,,,126.8360038447792,37.21200731938535,126.82142661488093,37.20111989590818,2024-10-24 14:18:42
1331,39,43,14,,,126.82054072628735,37.19987987063476,126.82394757843757,37.189148671053985,2024-10-24 14:19:25
1332,49,60,14,,,126.8273440989918,37.21319306617601,126.83350535530214,37.21315625306549,2024-10-24 14:19:37
1333,15,11,14,,,126.81765930340437,37.20658218185557,126.81485879612744,37.20828486630278,2024-10-24 14:19:54
1334,17,21,14,,,126.82677555374885,37.19742328423481,126.81894756863916,37.19594501746094,2024-10-24 14:21:35
1335,42,34,14,,,126.83186641943014,37.19519014839884,126.82173765753141,37.20289919283537,2024-10-24 14:22:15
1336,34,9,14,,,126.82147770011926,37.20304167235265,126.81457488112474,37.205355798443,2024-10-24 14:22:23
1337,51,60,14,,,126.82016913745505,37.211084057460525,126.83338406721134,37.213620894895016,2024-10-24 14:22:28
1338,50,26,14,,,126.82251223076187,37.21104724353887,126.81820735601039,37.19358981789204,2024-10-24 14:22:59
1339,46,40,14,,,126.8298097232116,37.211261429388784,126.83073026010348,37.19423875340092,2024-10-24 14:23:10
1340,19,71,14,,,126.82847555763702,37.1943792430764,126.83929260741402,37.20547757696407,2024-10-24 14:23:21
1341,6,21,14,,,126.8253477299022,37.20383784293015,126.81775187846205,37.19709147631457,2024-10-24 14:23:32
1342,50,48,14,,,126.82268244779941,37.21209181717387,126.83104308676579,37.21434756773633,2024-10-24 14:23:42
1343,40,41,14,,,126.83149467680602,37.19391900475052,126.83448610632735,37.19772634331949,2024-10-24 14:23:48
1344,26,18,14,,,126.81835441306043,37.19284880524995,126.82320488438637,37.196146100769454,2024-10-24 14:24:02
1345,19,68,14,,,126.82875006493401,37.19431285672104,126.83987708829461,37.20314800789482,2024-10-24 14:24:45
1346,51,48,14,,,126.82046610345198,37.21076273327708,126.83111445428924,37.21453766380827,2024-10-24 14:24:48
1347,28,2,14,,,126.82890859700086,37.20387758623506,126.8211465123933,37.2062166801574,2024-10-24 14:25:01
1348,7,51,14,,,126.82712035358615,37.20720845273345,126.81952369277556,37.21124821012282,2024-10-24 14:25:39
1349,44,7,14,,,126.82023465198311,37.18911864883676,126.82727814954379,37.2072270075223,2024-10-24 14:25:47
1350,40,50,14,,,126.83101702890491,37.19249459799385,126.82208191269324,37.21121524583652,2024-10-24 14:25:58
1351,60,50,14,,,126.83373200264978,37.21386422647979,126.82325201898152,37.211102289978385,2024-10-24 14:26:49
1352,70,57,14,,,126.83870824750883,37.2102923093246,126.83167240094747,37.20533080386322,2024-10-24 14:26:51
1353,34,50,14,,,126.8220252344121,37.20293036345621,126.82166610929562,37.21067052549536,2024-10-24 14:27:03
1354,37,50,14,,,126.8215941006873,37.19713579832491,126.82335442057578,37.2124007913107,2024-10-24 14:27:19
1355,34,50,14,,,126.82266327959529,37.20344432098748,126.82316422943342,37.21198337799434,2024-10-24 14:27:20
1356,36,62,14,,,126.8246212521045,37.19774985668146,126.8376002685217,37.212805784610985,2024-10-24 14:27:35
1357,52,6,14,,,126.83083796712789,37.21706822456941,126.8241420926149,37.2041158500236,2024-10-24 14:27:52
1358,63,57,14,,,126.83502289364789,37.21212742464836,126.83306051907743,37.20440685300192,2024-10-24 14:28:11
1359,42,49,14,,,126.8319428008096,37.195648630925966,126.82872098801678,37.21383873444383,2024-10-24 14:28:45
1360,51,60,14,,,126.81890829277415,37.209855405900576,126.83244524393166,37.212437428955575,2024-10-24 14:28:52
1361,71,56,14,,,126.8393539160344,37.20518944199349,126.83424897547576,37.20655898502113,2024-10-24 14:29:16
1362,50,48,14,,,126.82200608010491,37.21182742706981,126.82993736292767,37.21457250220845,2024-10-24 14:29:33
1363,50,50,14,,,126.82319068541781,37.211344551932875,126.82192479809926,37.210904494692635,2024-10-24 14:29:46
1364,70,17,14,,,126.83828907741676,37.20949626025865,126.82678055318965,37.19629100000077,2024-10-24 14:30:49
1365,71,58,14,,,126.84004371169283,37.205643171435455,126.83453937019696,37.20790762250171,2024-10-24 14:30:58
1366,71,56,14,,,126.84045793594096,37.20438518893687,126.83471079953034,37.204980431205676,2024-10-24 14:31:34
1367,38,51,14,,,126.82487755121461,37.201271534551715,126.81947743438693,37.21043275922772,2024-10-24 14:32:04
1368,10,45,14,,,126.8173420040365,37.2085866161884,126.82442305001614,37.2121570140282,2024-10-24 14:32:15
1369,38,51,14,,,126.82392444368564,37.20150180267857,126.82022760628247,37.21077236469768,2024-10-24 14:33:46
1370,34,2,14,,,126.82211759971591,37.20357879411417,126.82101308051017,37.20598389300672,2024-10-24 14:33:50
1371,51,56,14,,,126.81917081845816,37.21118851885486,126.83552210419936,37.204887472959854,2024-10-24 14:33:53
1372,37,51,14,,,126.82214555267629,37.196885247297146,126.82017026145951,37.20947883616689,2024-10-24 14:33:56
1373,37,50,14,,,126.82179674577829,37.19698138497754,126.82188075389301,37.21071658701121,2024-10-24 14:34:54
1374,11,54,14,,,126.81336100141313,37.20872304785778,126.8328351974184,37.209712548861766,2024-10-24 14:34:59
1375,50,48,14,,,126.82290625860216,37.21140697088583,126.82947203998616,37.21410507540889,2024-10-24 14:35:10
1376,51,56,14,,,126.81985550423008,37.21074782340126,126.83495924998293,37.206193151016905,2024-10-24 14:35:37
1377,37,51,14,,,126.82216590765695,37.197516843778786,126.81955547755895,37.20948258617659,2024-10-24 14:36:54
1378,19,36,14,,,126.82947134968448,37.19543935853367,126.82477709616188,37.19833902486091,2024-10-24 14:37:37
1379,59,29,14,,,126.83272554568188,37.207147158022345,126.82765980017729,37.2028017511675,2024-10-24 14:37:43
1380,7,51,14,,,126.82743726495745,37.20795579610531,126.8190931798706,37.21124913335203,2024-10-24 14:37:56
1381,18,57,14,,,126.82438407170577,37.19591584930933,126.83228761798783,37.204613426651704,2024-10-24 14:38:08
1382,71,56,14,,,126.84049258048023,37.20422335756914,126.83574870780592,37.20551323676358,2024-10-24 14:38:43
1383,26,34,14,,,126.81899231723948,37.1926643646557,126.82176581536635,37.20358073482133,2024-10-24 14:38:55
1384,25,65,14,,,126.8218394306761,37.194019145071394,126.8341631574726,37.19938113326757,2024-10-24 14:41:04
1385,67,3,14,,,126.83477985539628,37.20328568748331,126.82523083140545,37.209419631320465,2024-10-24 14:41:06
1386,4,14,14,,,126.82304241314016,37.20889520671564,126.81919315794158,37.20842089915455,2024-10-24 14:41:10
1387,50,48,14,,,126.82319304582727,37.212206062971454,126.83088806347895,37.21561314557508,2024-10-24 14:41:56
1388,50,11,14,,,126.82156328984279,37.211986289726426,126.8135153784824,37.20894550708467,2024-10-24 14:42:38
1389,61,6,14,,,126.83374492560041,37.215459357856055,126.82497131744479,37.20442399186419,2024-10-24 14:43:06
1390,46,61,14,,,126.83078498063381,37.212622843141204,126.83319209812963,37.216505750117605,2024-10-24 14:43:22
1391,37,51,14,,,126.82179589088433,37.19792682320419,126.81909852825659,37.211004851960666,2024-10-24 14:45:07
1392,40,57,14,,,126.83079598702669,37.19278835566824,126.83139331015389,37.204186320058845,2024-10-24 14:45:08
1393,37,51,14,,,126.82127033617921,37.19741940179962,126.82031362794247,37.21050426535973,2024-10-24 14:45:11
1394,4,7,14,,,126.8231072878258,37.209600298468885,126.82728236302918,37.20782040340196,2024-10-24 14:45:50
1395,34,50,14,,,126.82073370957451,37.20278912954494,126.82272356512902,37.21184883149935,2024-10-24 14:46:21
1396,37,51,14,,,126.82086625188954,37.197077515482825,126.82021500763527,37.21066585436759,2024-10-24 14:46:22
1397,60,4,14,,,126.8336300551333,37.212253319216586,126.82193255084167,37.20940034535025,2024-10-24 14:46:46
1398,50,50,14,,,126.82306761816396,37.21203157383886,126.82309974607176,37.21132103420013,2024-10-24 14:46:47
1399,34,50,14,,,126.82159604962585,37.20400660484987,126.82196055282233,37.211608345457385,2024-10-24 14:46:54
1400,11,29,14,,,126.81338279642182,37.20854670500789,126.82683958643,37.202929954275135,2024-10-24 14:46:57
1401,41,4,14,,,126.83384562523939,37.19632695575092,126.82119503279235,37.208360239586085,2024-10-24 14:46:58
1402,18,51,14,,,126.82379007998848,37.19541403794513,126.81898209977285,37.2101226478655,2024-10-24 14:46:59
1403,44,12,14,,,126.82026174417058,37.189328164346,126.8197772193801,37.204794198719654,2024-10-24 14:47:09
1404,50,48,14,,,126.8217524520503,37.211532961905306,126.83075644577396,37.21474228096987,2024-10-24 14:48:00
1405,37,38,14,,,126.82144804660821,37.19795554803944,126.82477081673744,37.20183231832876,2024-10-24 14:48:42
1406,26,38,14,,,126.81791685781275,37.19291078561829,126.82424310125356,37.202123033024286,2024-10-24 14:48:51
1407,27,33,14,,,126.82605757351286,37.19878243017178,126.82972978555887,37.20067417340799,2024-10-24 14:49:31
1408,7,41,14,,,126.8277844876617,37.208807165929336,126.83412080905377,37.1970271748298,2024-10-24 14:49:41
1409,60,51,14,,,126.83231692224557,37.21248013258899,126.82052644635017,37.21119988258574,2024-10-24 14:51:39
1410,67,45,14,,,126.83496758495531,37.20193142193991,126.82564634403806,37.21284194864468,2024-10-24 14:52:01
1411,70,17,14,,,126.83800676544904,37.208799715208706,126.8272844558891,37.19659027265154,2024-10-24 14:52:05
1412,56,65,14,,,126.83463472573266,37.20651686387566,126.83510282087204,37.20044291207666,2024-10-24 14:53:32
1413,10,40,14,,,126.81653553115994,37.208343155689654,126.83199522899253,37.19421195108766,2024-10-24 14:54:00
1414,24,8,14,,,126.81831597950949,37.19103212636023,126.82543359555203,37.20688875828223,2024-10-24 14:54:08
1415,59,10,14,,,126.83282901247517,37.20825947415014,126.81648952877124,37.209915867761154,2024-10-24 14:54:32
1416,50,48,14,,,126.82231396479908,37.21198492969715,126.83050027201197,37.215618199558286,2024-10-24 14:56:14
1417,70,17,14,,,126.8373823278563,37.20919469016988,126.82614081857261,37.19593843814309,2024-10-24 14:56:26
1418,37,51,14,,,126.82161696154847,37.19656006105751,126.81945993071322,37.211363534231204,2024-10-24 14:56:40
1419,10,36,14,,,126.81711791096585,37.209101801405,126.82459753045244,37.19758879817494,2024-10-24 14:56:49
1420,10,38,14,,,126.8169983780837,37.20950867884841,126.82361788871863,37.201799424487405,2024-10-24 14:56:58
1421,30,13,14,,,126.83153427494278,37.198640573458434,126.81601828994998,37.20313624035341,2024-10-24 14:56:59
1422,51,51,14,,,126.81891852947547,37.20970050943402,126.82056053564249,37.21088834994439,2024-10-24 14:57:31
1423,50,58,14,,,126.82282432216734,37.21058497841837,126.83424373401496,37.20902312209214,2024-10-24 14:58:11
1424,34,50,14,,,126.82242168538455,37.20291017008304,126.82298424697235,37.21229002296923,2024-10-24 14:58:23
1425,72,66,14,,,126.81117427284336,37.20780282692662,126.83713394291182,37.20440082762725,2024-10-24 14:58:50
1426,7,51,14,,,126.82697226579297,37.20808215826928,126.81987602253011,37.211285695121624,2024-10-24 14:59:13
1427,50,24,15,,,126.82334527529731,37.21140680799628,126.81910762732404,37.191323323797754,2024-10-24 15:00:21
1428,53,70,15,,,126.82880200080896,37.205739939826636,126.83866153057848,37.209101798266374,2024-10-24 15:00:38
1429,32,51,15,,,126.8319534655175,37.20108997542418,126.82043222578966,37.210803001590186,2024-10-24 15:00:54
1430,51,7,15,,,126.82056702836766,37.20965995548308,126.82633937947573,37.20739104297899,2024-10-24 15:01:16
1431,37,50,15,,,126.8208924469676,37.197267612806236,126.82316512856457,37.210627534813064,2024-10-24 15:01:17
1432,23,38,15,,,126.82013931650327,37.192497813708556,126.82373872005351,37.20187869753156,2024-10-24 15:01:24
1433,38,50,15,,,126.82384431778475,37.201933343526775,126.82183275468431,37.21072845226191,2024-10-24 15:02:10
1434,50,37,15,,,126.82161485859909,37.211546068672995,126.82100966618846,37.197033452895774,2024-10-24 15:02:44
1435,39,51,15,,,126.82081852491078,37.200253516522196,126.81910543720407,37.209655507832366,2024-10-24 15:02:51
1436,62,12,15,,,126.8374923282693,37.21312298849365,126.81908753571723,37.204344527735906,2024-10-24 15:02:58
1437,39,19,15,,,126.82159847701425,37.20077909485373,126.82957300541473,37.19582746415553,2024-10-24 15:03:11
1438,50,23,15,,,126.82326206023781,37.21201363356126,126.82095830569594,37.19169059581391,2024-10-24 15:03:15
1439,50,37,15,,,126.8219897020999,37.212374154985724,126.82062690093282,37.19699056831088,2024-10-24 15:03:19
1440,36,30,15,,,126.82315036088521,37.19817203245805,126.83163862073465,37.19962618782871,2024-10-24 15:03:28
1441,51,7,15,,,126.8197381723265,37.21133397474397,126.82730670991097,37.20853267332328,2024-10-24 15:03:36
1442,18,63,15,,,126.82279296383837,37.19514871368166,126.83576937494355,37.21079487813591,2024-10-24 15:03:43
1443,71,17,15,,,126.84030778405611,37.204591598679535,126.82676074836122,37.195901220759815,2024-10-24 15:03:44
1444,57,57,15,,,126.83271537355753,37.20473845016994,126.83309055348168,37.203816982822964,2024-10-24 15:04:27
1445,51,18,15,,,126.81950965232717,37.210387732150124,126.8244935511341,37.195156473502045,2024-10-24 15:04:28
1446,67,49,15,,,126.8349235330437,37.20337872323767,126.82800015596888,37.214190953117566,2024-10-24 15:04:58
1447,64,38,15,,,126.84191031036872,37.20408746880155,126.82329453652478,37.20097816170828,2024-10-24 15:05:04
1448,51,8,15,,,126.81990837438998,37.21103323117846,126.82370650424316,37.206754189329764,2024-10-24 15:05:46
1449,33,26,15,,,126.82834202521346,37.199915961844226,126.81738491472285,37.192751515582835,2024-10-24 15:05:58
1450,50,37,15,,,126.8221966138906,37.211703714102654,126.82140427617598,37.196665336567335,2024-10-24 15:08:06
1451,40,8,15,,,126.83120495977165,37.193997088078824,126.82515460328288,37.20678209327671,2024-10-24 15:08:23
1452,29,1,15,,,126.82645430328539,37.2027691454381,126.8159717291713,37.19757459062938,2024-10-24 15:08:43
1453,50,34,15,,,126.82240574514266,37.212436577288244,126.8220970792959,37.20311252896858,2024-10-24 15:08:49
1454,50,34,15,,,126.82227170234638,37.21145301981825,126.82176064909183,37.20279283518802,2024-10-24 15:08:52
1455,14,4,15,,,126.8190975674194,37.207124817275556,126.82215403004692,37.209642084275906,2024-10-24 15:09:40
1456,20,36,15,,,126.81485658494688,37.19169434471039,126.82330634377004,37.1992406785653,2024-10-24 15:10:06
1457,42,51,15,,,126.83161018440518,37.19662180567279,126.81897065341293,37.210993820612586,2024-10-24 15:10:20
1458,34,21,15,,,126.82159866978253,37.203531809118886,126.81761593675759,37.19631296651757,2024-10-24 15:10:24
1459,26,55,15,,,126.81840770165206,37.19438902580323,126.82915448966355,37.20940696726125,2024-10-24 15:10:35
1460,18,50,15,,,126.8247103694738,37.195320078429454,126.82168190366461,37.21202786450248,2024-10-24 15:11:15
1461,51,17,15,,,126.81906000260015,37.20999009257922,126.82571407418791,37.19730624962437,2024-10-24 15:11:28
1462,51,34,15,,,126.81976973600732,37.21098343645554,126.8225311233492,37.202901751668634,2024-10-24 15:11:28
1463,20,38,15,,,126.81631457270343,37.19294690954533,126.82449512363291,37.201446207219824,2024-10-24 15:11:29
1464,51,58,15,,,126.82048520110212,37.2102457151958,126.83565800995224,37.20886525395223,2024-10-24 15:11:50
1465,33,47,15,,,126.8287327323381,37.201383806924895,126.82782491505488,37.21114438237774,2024-10-24 15:12:50
1466,72,32,15,,,126.81066644431428,37.20639201525382,126.83218499876666,37.20217310351009,2024-10-24 15:13:08
1467,57,25,15,,,126.83235484077616,37.204881797844706,126.82116736140931,37.19497310990107,2024-10-24 15:13:13
1468,37,51,15,,,126.82124511813707,37.196736231899976,126.8205807741444,37.21100635404167,2024-10-24 15:13:37
1469,37,51,15,,,126.8217592552708,37.196988518141694,126.81895285785573,37.21075350203492,2024-10-24 15:14:08
1470,51,58,15,,,126.81989369208226,37.210338987813316,126.83551676959003,37.20749040383445,2024-10-24 15:14:22
1471,20,46,15,,,126.81661268389976,37.192614131024285,126.83035225703868,37.2119802057661,2024-10-24 15:14:29
1472,51,34,15,,,126.81971532159089,37.21058970746313,126.8221865037767,37.202145216216024,2024-10-24 15:14:31
1473,55,11,15,,,126.82997416680303,37.208581032366205,126.8138874239681,37.20798313167415,2024-10-24 15:15:05
1474,50,55,15,,,126.82205736993663,37.21230100251068,126.83032743713886,37.20820415590735,2024-10-24 15:15:53
1475,50,33,15,,,126.82194844516219,37.21120118794526,126.82974398231383,37.20123536139001,2024-10-24 15:15:57
1476,9,57,15,,,126.81381113564821,37.20538377175674,126.83256500976806,37.204774869931285,2024-10-24 15:16:01
1477,51,18,15,,,126.81986672290138,37.21092365660815,126.82422601929933,37.19567495147233,2024-10-24 15:16:21
1478,50,11,15,,,126.82198725835175,37.212164971648626,126.81433646042649,37.2081026250834,2024-10-24 15:16:28
1479,41,19,15,,,126.83418312699216,37.19786558201854,126.8282087127096,37.19460834535706,2024-10-24 15:16:44
1480,38,26,15,,,126.82348605920573,37.20103380019094,126.81914205917111,37.19418358795473,2024-10-24 15:17:48
1481,4,59,15,,,126.82205756219486,37.20815602232274,126.83261345371928,37.206874413516644,2024-10-24 15:17:52
1482,15,67,15,,,126.81730979720278,37.20674882033705,126.83431042056421,37.20235474017512,2024-10-24 15:17:58
1483,41,34,15,,,126.83474549075194,37.196940827993586,126.82203812839535,37.202775533568264,2024-10-24 15:18:09
1484,51,23,15,,,126.8198670101427,37.210527539656546,126.8213393917298,37.190996140874965,2024-10-24 15:18:22
1485,60,23,15,,,126.83293273980145,37.21225264707207,126.82084794896306,37.19178427147296,2024-10-24 15:18:42
1486,50,7,15,,,126.82240271738597,37.21092798270658,126.82698285006826,37.20765606100342,2024-10-24 15:19:22
1487,37,23,15,,,126.82106010741158,37.19649763814106,126.82126266350588,37.191819833485006,2024-10-24 15:19:51
1488,50,37,15,,,126.82296178157443,37.21147236475625,126.82143999515542,37.196707883322624,2024-10-24 15:20:04
1489,51,18,15,,,126.82057781977811,37.209935257710185,126.8228249955791,37.19648799559736,2024-10-24 15:22:07
1490,21,19,15,,,126.8189393058899,37.19539479718024,126.82865452872413,37.19539610757603,2024-10-24 15:22:26
1491,13,32,15,,,126.81582702059221,37.20446348585639,126.83206007337147,37.20138113949536,2024-10-24 15:23:09
1492,67,40,15,,,126.83532766752428,37.2034922593192,126.83080023018145,37.19333924798474,2024-10-24 15:23:15
1493,37,51,15,,,126.8212760185576,37.197299825088294,126.82006461291637,37.21059470655041,2024-10-24 15:23:28
1494,48,51,15,,,126.82999439483144,37.21375967817412,126.82053556593098,37.210474972601425,2024-10-24 15:23:29
1495,31,29,15,,,126.82825376039324,37.19736000604732,126.82608135696192,37.20240740669839,2024-10-24 15:24:15
1496,54,55,15,,,126.83330445007265,37.20957649784661,126.8306033784486,37.209362989595036,2024-10-24 15:24:25
1497,33,8,15,,,126.83024055659823,37.20104710744875,126.82522581842514,37.207300798177236,2024-10-24 15:24:37
1498,39,51,15,,,126.8210686782896,37.19955297016252,126.81970645798111,37.21030242495036,2024-10-24 15:24:41
1499,52,14,15,,,126.83037493672002,37.21821454639865,126.82000695989203,37.20695837852795,2024-10-24 15:25:41
1500,50,38,15,,,126.82281944116306,37.211450968772056,126.82469275073852,37.2015311318617,2024-10-24 15:25:45
1501,71,38,15,,,126.83991162511424,37.20491707471776,126.82337140413073,37.201560133849966,2024-10-24 15:26:12
1502,51,18,15,,,126.8192332398018,37.21131810324218,126.82382748151306,37.195325665481676,2024-10-24 15:26:17
1503,24,28,15,,,126.81825574132012,37.1906654280468,126.83005132673001,37.20332746158239,2024-10-24 15:26:29
1504,50,7,15,,,126.82285947861692,37.21195071103985,126.82828528024773,37.207283567468124,2024-10-24 15:26:37
1505,56,17,15,,,126.83446342481619,37.204864812348234,126.82574657363904,37.19677029151911,2024-10-24 15:27:02
1506,23,38,15,,,126.82029359540115,37.19130344984583,126.82396668279242,37.20186146741518,2024-10-24 15:27:13
1507,49,41,15,,,126.82851140781862,37.21421355664579,126.83431066731222,37.196364517125346,2024-10-24 15:27:36
1508,51,17,15,,,126.818812492217,37.210776606265775,126.8257685351265,37.19769188691121,2024-10-24 15:27:48
1509,71,25,15,,,126.84025456533907,37.20445488049956,126.82005829403302,37.194927790761426,2024-10-24 15:28:03
1510,37,9,15,,,126.82173490329387,37.198120836233166,126.81421114133154,37.20563358601113,2024-10-24 15:28:22
1511,32,16,15,,,126.83159452080126,37.20250001541605,126.82340746107084,37.193048109963854,2024-10-24 15:28:24
1512,21,6,15,,,126.81806899607191,37.197183699236355,126.82358129309353,37.204131354415736,2024-10-24 15:28:25
1513,50,34,15,,,126.821668066535,37.21214813733578,126.82213043902085,37.202308494711154,2024-10-24 15:28:27
1514,37,51,15,,,126.82049462814805,37.198201884900264,126.81998702437319,37.210664782509824,2024-10-24 15:28:28
1515,50,38,15,,,126.82199877793043,37.21146286654071,126.82384449477107,37.2012244612968,2024-10-24 15:28:30
1516,30,63,15,,,126.83170435781346,37.198756967577594,126.83598309873399,37.21171505020744,2024-10-24 15:29:00
1517,43,5,15,,,126.82309232877236,37.18988525298733,126.82778223012738,37.20513352284272,2024-10-24 15:29:16
1518,2,27,15,,,126.82213202895687,37.20658230421637,126.8261954772301,37.200575473634714,2024-10-24 15:29:26
1519,33,50,15,,,126.8300306520929,37.20134996228403,126.8215515612667,37.211577678745215,2024-10-24 15:29:44
1520,19,64,15,,,126.82965653955468,37.19426687685135,126.84239959610885,37.2032432999119,2024-10-24 15:29:47
1521,39,50,15,,,126.82240972653226,37.20083687883856,126.82332869368553,37.21201204234762,2024-10-24 15:29:53
1522,50,56,15,,,126.82267120723162,37.21197233926408,126.83532314696043,37.20637482643961,2024-10-24 15:30:14
1523,37,51,15,,,126.82030236051656,37.19781863259194,126.81907906734268,37.20999541069312,2024-10-24 15:30:36
1524,62,14,15,,,126.83782694962645,37.2119878675398,126.82023122512112,37.20727341688477,2024-10-24 15:30:38
1525,36,14,15,,,126.82334771068187,37.19867478488483,126.8201387052689,37.207742866177604,2024-10-24 15:30:41
1526,51,34,15,,,126.82031995218311,37.20950297328984,126.82194959772143,37.20397647564054,2024-10-24 15:30:50
1527,23,10,15,,,126.82127652557018,37.191442952978676,126.8179249826711,37.209806901458805,2024-10-24 15:30:55
1528,50,34,15,,,126.82287236678438,37.211447224798654,126.82144680200479,37.20394238587751,2024-10-24 15:31:05
1529,23,10,15,,,126.82113251378182,37.192454520493214,126.81792058017477,37.20924637337002,2024-10-24 15:31:25
1530,27,12,15,,,126.82744395816214,37.19945976977263,126.81854462465635,37.20474388440482,2024-10-24 15:31:57
1531,37,51,15,,,126.82067961254984,37.197030907497954,126.81873092593904,37.20951348780247,2024-10-24 15:33:42
1532,50,55,15,,,126.82290273173427,37.211773434201156,126.82928451464171,37.20944695796836,2024-10-24 15:34:27
1533,26,43,15,,,126.81828019398105,37.1932111802727,126.8236461832053,37.18950689457449,2024-10-24 15:35:02
1534,50,34,15,,,126.82302505961825,37.21166525176689,126.82090411354899,37.20277678182102,2024-10-24 15:35:15
1535,51,17,15,,,126.81920902033403,37.21005415400094,126.82560428671238,37.19599892948988,2024-10-24 15:36:02
1536,51,58,15,,,126.82044810533117,37.20958168670371,126.83521037812581,37.20876118754438,2024-10-24 15:36:44
1537,71,23,15,,,126.840755272259,37.204093062818224,126.82104803908817,37.19159648816813,2024-10-24 15:38:10
1538,11,35,15,,,126.81368465569842,37.20733938329456,126.81900949452742,37.20131309140135,2024-10-24 15:38:11
1539,38,65,15,,,126.82368449255753,37.20076790371875,126.83417057209282,37.199692218046394,2024-10-24 15:38:21
1540,51,38,15,,,126.81887409495522,37.20955925956969,126.82482984449116,37.201716571060764,2024-10-24 15:38:26
1541,50,33,15,,,126.8232544530237,37.21192980791706,126.83000326491802,37.20099682395505,2024-10-24 15:38:36
1542,30,46,15,,,126.83092810986888,37.19802638531735,126.8294259457593,37.21101836476022,2024-10-24 15:38:48
1543,23,10,15,,,126.82153999282318,37.19105176243884,126.81657608513241,37.209941378265576,2024-10-24 15:38:51
1544,51,7,15,,,126.82023785502889,37.21067960755376,126.82759175166383,37.207649252335635,2024-10-24 15:39:02
1545,68,31,15,,,126.84077989723349,37.20142249717075,126.82884501153622,37.19868371439451,2024-10-24 15:39:31
1546,50,34,15,,,126.8229370236118,37.211618450577205,126.82187674544083,37.203798276340876,2024-10-24 15:40:09
1547,23,10,15,,,126.82002557497799,37.19265141892743,126.8160679261172,37.20898533900838,2024-10-24 15:40:18
1548,23,10,15,,,126.82047228897888,37.192109134648184,126.8172549068247,37.208425956338786,2024-10-24 15:40:33
1549,9,4,15,,,126.8132930911252,37.20495435809784,126.82182133389308,37.20780255569923,2024-10-24 15:40:46
1550,51,34,15,,,126.82005466034201,37.20992116704496,126.82239301523097,37.20405273049298,2024-10-24 15:40:48
1551,37,51,15,,,126.82169114499212,37.198130511294075,126.8204610115345,37.2103563236927,2024-10-24 15:41:06
1552,49,4,15,,,126.82814440038491,37.21396683015143,126.82271873499822,37.20946040086496,2024-10-24 15:42:12
1553,10,59,15,,,126.81796522486023,37.20910013769055,126.83171212407203,37.207720301639576,2024-10-24 15:42:18
1554,65,39,15,,,126.83442002298,37.199205021813164,126.82166949385532,37.200855023216135,2024-10-24 15:42:41
1555,66,64,15,,,126.83805081104894,37.20477806317158,126.84246370978364,37.20274778549024,2024-10-24 15:42:45
1556,50,7,15,,,126.8214351566229,37.210820568355636,126.82748643951214,37.20862475357462,2024-10-24 15:43:23
1557,51,34,15,,,126.82026042792269,37.21042025387743,126.82178901739475,37.202338980816364,2024-10-24 15:43:24
1558,50,34,15,,,126.82225953408216,37.21134735806516,126.82168722001887,37.20391631797073,2024-10-24 15:43:26
1559,48,37,15,,,126.83058394786214,37.21404577790717,126.82222084081674,37.19837906966319,2024-10-24 15:43:47
1560,51,7,15,,,126.81907951821437,37.21053809477668,126.82745514347499,37.20826896428577,2024-10-24 15:43:57
1561,51,58,15,,,126.8199122382485,37.211263904692295,126.83415223669522,37.20746721309749,2024-10-24 15:44:07
1562,5,48,15,,,126.82609808965309,37.20513234493773,126.83008132530124,37.214010283579164,2024-10-24 15:44:11
1563,59,59,15,,,126.83332516622329,37.20648150319237,126.8334378605178,37.20724287394051,2024-10-24 15:44:22
1564,72,5,15,,,126.81220772542478,37.20805117177855,126.82673383650642,37.20512417024163,2024-10-24 15:44:26
1565,51,34,15,,,126.81930389043161,37.21098981750351,126.82087595459669,37.202867738598236,2024-10-24 15:44:28
1566,51,34,15,,,126.8186957506111,37.21136355273828,126.82167251040528,37.20392126038749,2024-10-24 15:44:34
1567,31,61,15,,,126.82966257545549,37.19777604352627,126.83221094751543,37.21651080878679,2024-10-24 15:45:09
1568,23,72,15,,,126.82054834879034,37.19098534503711,126.81153275197954,37.20657574459525,2024-10-24 15:45:25
1569,32,51,15,,,126.83261489390652,37.201646400533214,126.82053088860138,37.21010205789013,2024-10-24 15:45:45
1570,50,34,15,,,126.8221347056218,37.21078045666027,126.82091859172851,37.20352927139965,2024-10-24 15:45:54
1571,2,62,15,,,126.82129260312772,37.20524835510067,126.83710077808963,37.212940310679656,2024-10-24 15:46:13
1572,59,16,15,,,126.83338726906815,37.206424012607194,126.82372637787587,37.19322916210935,2024-10-24 15:46:17
1573,37,32,15,,,126.82199601505863,37.19823374999551,126.83112063513414,37.20121031629388,2024-10-24 15:46:19
1574,59,42,15,,,126.832355499812,37.20749800955179,126.83183281642964,37.19699117389327,2024-10-24 15:46:28
1575,48,38,15,,,126.8311819260703,37.21514545449611,126.82379623874824,37.20176281452898,2024-10-24 15:46:28
1576,6,12,15,,,126.82381711797392,37.20393024229454,126.81909399348119,37.20455565258507,2024-10-24 15:47:18
1577,53,51,15,,,126.82901196519913,37.20726448929994,126.81908064646308,37.21016035041271,2024-10-24 15:47:35
1578,48,64,15,,,126.83072259203809,37.21455174985364,126.84276527609461,37.20402863787416,2024-10-24 15:47:48
1579,55,32,15,,,126.82940472210254,37.20952645249172,126.83264147271099,37.20113867830982,2024-10-24 15:48:03
1580,20,7,15,,,126.81558494859924,37.192568745283396,126.82774096023549,37.20725653794376,2024-10-24 15:48:24
1581,50,34,15,,,126.82220348007702,37.21135189793983,126.82155791135045,37.20223874397863,2024-10-24 15:48:34
1582,51,17,15,,,126.81947454417015,37.209536392694716,126.82623126507028,37.19640972316928,2024-10-24 15:48:41
1583,47,21,15,,,126.82841272108342,37.21145962966567,126.818206290344,37.19551242927209,2024-10-24 15:48:59
1584,37,51,15,,,126.8221803534037,37.19784637408305,126.82004087933497,37.2110855506218,2024-10-24 15:49:21
1585,51,50,15,,,126.81925358134443,37.21053234729322,126.82260026479123,37.21136443853927,2024-10-24 15:49:29
1586,50,55,15,,,126.8229789974147,37.211150946248274,126.82980580611404,37.209441521103486,2024-10-24 15:49:41
1587,50,12,15,,,126.82212533190837,37.210620405152426,126.81895635827085,37.205042640739116,2024-10-24 15:49:58
1588,39,51,15,,,126.82079302377903,37.20097989049261,126.82033298631335,37.21014686294551,2024-10-24 15:50:00
1589,37,51,15,,,126.8212053963605,37.19714411484656,126.81901871625632,37.211361272408766,2024-10-24 15:50:08
1590,23,58,15,,,126.82043363774994,37.192405828433905,126.8343956528062,37.20882857848586,2024-10-24 15:50:14
1591,50,38,15,,,126.82162402998331,37.21147810098767,126.8249097013474,37.201017010328286,2024-10-24 15:50:29
1592,32,72,15,,,126.83197267075755,37.20195027960204,126.81258971093405,37.20741300082303,2024-10-24 15:50:48
1593,23,38,15,,,126.82012170445924,37.19270198695229,126.8247710491179,37.20091680576252,2024-10-24 15:51:22
1594,51,58,15,,,126.81924069102591,37.21083489731781,126.83477635597205,37.2087832086578,2024-10-24 15:51:23
1595,33,60,15,,,126.82926225155244,37.20059263397524,126.83222836024939,37.21205284533554,2024-10-24 15:52:32
1596,47,36,15,,,126.82664837205978,37.21017578529776,126.82426538618637,37.19902271711617,2024-10-24 15:52:43
1597,39,50,15,,,126.8220487448297,37.20046005015543,126.82302659462835,37.21239528066307,2024-10-24 15:53:21
1598,51,7,15,,,126.8203540458498,37.20983099912625,126.82746053780988,37.208709391057795,2024-10-24 15:53:42
1599,45,41,15,,,126.82595178591514,37.2129460332395,126.8347761040491,37.19708111265748,2024-10-24 15:54:14
1600,23,37,15,,,126.81995488331361,37.190904192090045,126.82102352852696,37.198327404088445,2024-10-24 15:54:29
1601,48,37,15,,,126.83047439006833,37.21506459697067,126.8210647523032,37.197015052560886,2024-10-24 15:54:32
1602,51,55,15,,,126.82005886673963,37.21005599701384,126.82950927052661,37.208797786991276,2024-10-24 15:54:45
1603,10,58,15,,,126.81750666079357,37.20953472647165,126.83464039323489,37.20754967834536,2024-10-24 15:54:46
1604,63,39,15,,,126.8358323375763,37.210325174086485,126.82133207282791,37.20119509629002,2024-10-24 15:55:08
1605,32,51,15,,,126.83136940055134,37.20112088818938,126.81990277049448,37.21091344776875,2024-10-24 15:55:17
1606,25,22,15,,,126.82040979260675,37.19434481476275,126.8150787323475,37.19552351226764,2024-10-24 15:55:21
1607,51,70,15,,,126.81958501828835,37.21105150232872,126.83876281125436,37.20878636048266,2024-10-24 15:56:48
1608,15,10,15,,,126.8165078537814,37.20608495849487,126.81781576246556,37.209198434377264,2024-10-24 15:56:59
1609,72,66,15,,,126.8117882914153,37.2065632311576,126.83688236808595,37.20418266903966,2024-10-24 15:57:23
1610,69,35,15,,,126.83815954702105,37.207110442614486,126.81962858907076,37.20109736287129,2024-10-24 15:57:52
1611,18,51,15,,,126.82399454372695,37.19653469819892,126.81907250465791,37.210299368324215,2024-10-24 15:58:14
1612,58,66,15,,,126.83517923938828,37.20791458495256,126.83675349897699,37.20447244698561,2024-10-24 15:58:24
1613,51,17,15,,,126.81937457785777,37.211287086697304,126.82545373332673,37.19613065625306,2024-10-24 15:58:50
1614,32,51,15,,,126.83186682361092,37.202093322246604,126.81948453243368,37.20945521956843,2024-10-24 15:59:30
1615,39,40,15,,,126.82182340409447,37.20026967995329,126.83218000704673,37.19371270773003,2024-10-24 15:59:38
1616,50,18,16,,,126.82292686144159,37.21069425499778,126.82355492398993,37.19552467180162,2024-10-24 16:00:06
1617,50,58,16,,,126.82277599071169,37.21141435219389,126.83590902057182,37.20890909497667,2024-10-24 16:00:12
1618,10,48,16,,,126.81615763942656,37.20906389663165,126.82966521192712,37.21380390888451,2024-10-24 16:00:27
1619,42,27,16,,,126.83201162114092,37.19683870340998,126.8264386532612,37.19933357436292,2024-10-24 16:00:52
1620,10,55,16,,,126.81657837888083,37.20873650807964,126.82951054716482,37.20855040655954,2024-10-24 16:02:01
1621,31,51,16,,,126.82839760374914,37.19869457401964,126.81935516580413,37.21132466422165,2024-10-24 16:02:11
1622,37,60,16,,,126.82171136351259,37.196899731647456,126.83278360166783,37.213986314434784,2024-10-24 16:02:35
1623,7,51,16,,,126.82814133949294,37.20802341752279,126.82008110586268,37.21069692323096,2024-10-24 16:02:52
1624,2,23,16,,,126.82155519710004,37.20499061112678,126.8217329178383,37.19166481829837,2024-10-24 16:03:00
1625,18,50,16,,,126.82389589108683,37.19621515734003,126.82196773966437,37.21220938454111,2024-10-24 16:03:09
1626,37,50,16,,,126.82202531878232,37.19686473941506,126.82304027550515,37.21209436200549,2024-10-24 16:04:18
1627,26,51,16,,,126.81751798125187,37.19324587644827,126.81972024672665,37.21110459590858,2024-10-24 16:05:10
1628,38,50,16,,,126.8238880121463,37.202221738825926,126.82232080114149,37.211255948652706,2024-10-24 16:05:27
1629,71,68,16,,,126.84078520521147,37.20554411815376,126.83938127815645,37.20247346629901,2024-10-24 16:06:07
1630,37,51,16,,,126.82222357845686,37.19762333800146,126.82005046579246,37.2108120198621,2024-10-24 16:06:28
1631,61,7,16,,,126.83362496304262,37.21508679050704,126.82791157588154,37.20819232353566,2024-10-24 16:06:38
1632,66,15,16,,,126.83834676425728,37.20426457718039,126.81768746567376,37.20581816811422,2024-10-24 16:06:57
1633,33,50,16,,,126.8302381496697,37.2003234655897,126.82198866510134,37.21177852028686,2024-10-24 16:07:24
1634,50,37,16,,,126.8217116264375,37.212237237659004,126.82101620374245,37.19700985488188,2024-10-24 16:07:27
1635,34,14,16,,,126.82154496429162,37.20231252209346,126.81924901399896,37.20809029076282,2024-10-24 16:07:33
1636,71,19,16,,,126.84003266542008,37.20447036737373,126.82977529984609,37.195410796968986,2024-10-24 16:08:06
1637,51,39,16,,,126.82054013712127,37.21075034186599,126.82146834987967,37.20050600144907,2024-10-24 16:08:24
1638,42,70,16,,,126.83168210104112,37.19588504517836,126.83769132908986,37.20892798569941,2024-10-24 16:08:29
1639,31,3,16,,,126.82956583139239,37.197461429509914,126.82515810746256,37.20976569505889,2024-10-24 16:08:45
1640,37,60,16,,,126.82085397612788,37.19717265096814,126.83230491992323,37.21231255284988,2024-10-24 16:09:23
1641,51,7,16,,,126.8189404538266,37.209470749984746,126.82820355618753,37.20809281485397,2024-10-24 16:09:28
1642,15,29,16,,,126.81604825872506,37.20728840344033,126.8269185954024,37.20177979981736,2024-10-24 16:09:51
1643,18,51,16,,,126.82282775729217,37.19534435379955,126.82044036773152,37.21101061297033,2024-10-24 16:10:08
1644,37,26,16,,,126.82029687892243,37.19676478190244,126.81794143353723,37.19272872082001,2024-10-24 16:11:00
1645,37,50,16,,,126.8203487716919,37.197871626705066,126.823010622845,37.21152551387646,2024-10-24 16:11:27
1646,51,38,16,,,126.82001415495243,37.210925894171694,126.82403863508928,37.20049857607254,2024-10-24 16:11:38
1647,33,50,16,,,126.82942008692804,37.19987440921922,126.8227574232718,37.2105646319834,2024-10-24 16:11:42
1648,12,26,16,,,126.81935642148936,37.204468296660515,126.81739612828594,37.1928847734395,2024-10-24 16:11:53
1649,21,34,16,,,126.81832443864292,37.195986519108786,126.8221394376309,37.20344326610288,2024-10-24 16:12:13
1650,50,3,16,,,126.82171102138703,37.21225252600879,126.8252240848045,37.20961983758233,2024-10-24 16:12:53
1651,50,26,16,,,126.8223846016777,37.2114734561941,126.81848732849815,37.19274816707786,2024-10-24 16:13:31
1652,4,58,16,,,126.8218387126593,37.209255578686125,126.8355226426228,37.208794374880085,2024-10-24 16:13:44
1653,37,50,16,,,126.8210100360741,37.19828124481576,126.82156214703247,37.210977594321335,2024-10-24 16:13:46
1654,38,21,16,,,126.82351619992481,37.20057083444047,126.81916714738563,37.19644056704377,2024-10-24 16:13:56
1655,38,50,16,,,126.82332517730273,37.200792332697624,126.82200230011192,37.211950491884714,2024-10-24 16:13:57
1656,34,5,16,,,126.82202727767195,37.20252032560739,126.82619235552978,37.20435597558016,2024-10-24 16:14:03
1657,50,26,16,,,126.8214973383022,37.21087178975878,126.81887147359971,37.192893149376445,2024-10-24 16:14:30
1658,37,51,16,,,126.82179583692881,37.19724579738294,126.82067561333149,37.21041854117938,2024-10-24 16:14:55
1659,29,34,16,,,126.8262732360218,37.20284718934369,126.821882145164,37.202521693135,2024-10-24 16:15:29
1660,37,60,16,,,126.82092328721234,37.19811747340224,126.83297477276729,37.212493709646544,2024-10-24 16:15:38
1661,37,8,16,,,126.820576611115,37.1981946873473,126.82469201204137,37.207715705263624,2024-10-24 16:16:21
1662,14,69,16,,,126.81921572871947,37.2073432865629,126.8376481080232,37.206066434894076,2024-10-24 16:16:23
1663,37,26,16,,,126.82113619397228,37.19785076678979,126.8179114280035,37.19346926604281,2024-10-24 16:16:32
1664,37,4,16,,,126.82149621969992,37.19678275993082,126.82192493880554,37.20854920430002,2024-10-24 16:17:00
1665,37,23,16,,,126.82035001699754,37.19683834790212,126.82109116838242,37.19084655780092,2024-10-24 16:17:15
1666,43,4,16,,,126.82377686494368,37.19060097490739,126.8225738657428,37.2083822084476,2024-10-24 16:17:25
1667,50,26,16,,,126.82312260526632,37.21246640792578,126.81917908703858,37.19340915147742,2024-10-24 16:17:42
1668,27,47,16,,,126.82622849104412,37.19860212649157,126.82809169191098,37.21149175364603,2024-10-24 16:17:49
1669,37,50,16,,,126.82097692064644,37.19673059666578,126.82144826386313,37.21093385854173,2024-10-24 16:18:39
1670,50,37,16,,,126.82143870747565,37.21062903854995,126.82123113537276,37.196893163968916,2024-10-24 16:18:53
1671,51,38,16,,,126.81920992183304,37.209860141200146,126.82496387004299,37.2012723170771,2024-10-24 16:19:08
1672,60,58,16,,,126.83374227683562,37.2125739398452,126.83522909953291,37.208860871943436,2024-10-24 16:19:19
1673,36,18,16,,,126.82478282557462,37.19879693062162,126.82440651828986,37.19538255627088,2024-10-24 16:19:39
1674,50,23,16,,,126.82172064268455,37.21196659814698,126.82122152952874,37.19154242481952,2024-10-24 16:19:41
1675,10,51,16,,,126.81727284626761,37.20921907857877,126.81941448322121,37.21124480666023,2024-10-24 16:19:50
1676,51,37,16,,,126.82011854869457,37.21063373674895,126.82201321468048,37.19816332115772,2024-10-24 16:20:03
1677,39,23,16,,,126.82079002973201,37.200429271791,126.82032801857983,37.192246418512354,2024-10-24 16:20:29
1678,51,38,16,,,126.82068727422694,37.211084097352256,126.82410245436618,37.202294151658045,2024-10-24 16:20:34
1679,27,5,16,,,126.82716650844823,37.200075481427895,126.82645873404182,37.20590691318536,2024-10-24 16:20:39
1680,37,50,16,,,126.82145715736789,37.19731157708011,126.82213416523489,37.21059784306481,2024-10-24 16:21:02
1681,37,51,16,,,126.82111774241001,37.19689639636248,126.81885344402697,37.20990648059133,2024-10-24 16:21:05
1682,54,15,16,,,126.83274309450532,37.20931724436707,126.8177463683612,37.207217194389074,2024-10-24 16:21:13
1683,30,33,16,,,126.83163263077766,37.19962253210411,126.82914964910677,37.20154964241976,2024-10-24 16:21:22
1684,25,41,16,,,126.82008651733489,37.19415438162963,126.83376705008322,37.19707933226805,2024-10-24 16:21:38
1685,37,51,16,,,126.82159348784545,37.19837964677354,126.81872996234426,37.209554416096765,2024-10-24 16:21:42
1686,54,54,16,,,126.83326692470291,37.21073603629857,126.83192450315396,37.211061324824264,2024-10-24 16:21:49
1687,37,50,16,,,126.82063984173905,37.1975477119456,126.82246277947917,37.210914752305925,2024-10-24 16:22:01
1688,8,42,16,,,126.82436836056239,37.20756513621379,126.83220305250332,37.19591601828874,2024-10-24 16:22:37
1689,41,26,16,,,126.83417431728938,37.19646926797731,126.817732395859,37.19283713948939,2024-10-24 16:22:44
1690,25,30,16,,,126.82097218291928,37.194460547385454,126.83238405375998,37.19874883431927,2024-10-24 16:22:57
1691,52,26,16,,,126.8315334265404,37.218040775166145,126.81758535667753,37.1940169260825,2024-10-24 16:23:13
1692,50,39,16,,,126.82301306855639,37.2124994039457,126.82181458888482,37.20112088716128,2024-10-24 16:23:25
1693,31,9,16,,,126.8289285159018,37.19752993012232,126.81390926971535,37.205813432521744,2024-10-24 16:24:12
1694,26,51,16,,,126.81775375742353,37.1926042533483,126.81935314733279,37.20981268177595,2024-10-24 16:24:35
1695,52,45,16,,,126.83028574982167,37.21681444766135,126.82553814118367,37.21234202617741,2024-10-24 16:25:06
1696,50,39,16,,,126.82335316785718,37.21170648341891,126.82234868907592,37.20076163300828,2024-10-24 16:25:38
1697,50,56,16,,,126.82332998429374,37.21172213179193,126.83552127011858,37.206389074157535,2024-10-24 16:25:50
1698,32,29,16,,,126.83178049806277,37.201154913958874,126.8262301633362,37.202469498725016,2024-10-24 16:26:01
1699,49,69,16,,,126.82792177931103,37.21345808981966,126.83763132862926,37.20752570658044,2024-10-24 16:26:14
1700,24,37,16,,,126.81797967287538,37.190149736126244,126.82057516533969,37.19717776963731,2024-10-24 16:27:01
1701,37,26,16,,,126.82076195813325,37.19649915303071,126.81762610537437,37.193945889788026,2024-10-24 16:27:04
1702,37,50,16,,,126.82028470942397,37.19773158923027,126.8218195665598,37.210926049554594,2024-10-24 16:27:27
1703,27,69,16,,,126.82727326537227,37.20047668874963,126.83661803598228,37.20723932743051,2024-10-24 16:27:34
1704,50,11,16,,,126.8232280153552,37.21200543817928,126.81354445939553,37.20899596923391,2024-10-24 16:28:05
1705,42,49,16,,,126.83249186913048,37.196995963125985,126.82772856068246,37.21340904577203,2024-10-24 16:28:23
1706,2,1,16,,,126.82217356515736,37.205832427367284,126.81539161096964,37.19744913043265,2024-10-24 16:28:44
1707,37,50,16,,,126.82028986659587,37.19647949205088,126.82273929322366,37.2121415667735,2024-10-24 16:28:47
1708,38,50,16,,,126.82463870448458,37.20133029754981,126.82301858178806,37.212021162603996,2024-10-24 16:28:51
1709,67,26,16,,,126.8340208457696,37.20318611482519,126.81806431193748,37.19264035359506,2024-10-24 16:29:09
1710,37,50,16,,,126.82068830664052,37.196665211633956,126.82172661728782,37.21121366632701,2024-10-24 16:29:12
1711,30,58,16,,,126.83189193846405,37.19883087263965,126.83528809636647,37.20820805493677,2024-10-24 16:29:56
1712,63,52,16,,,126.83493961235705,37.211666341260646,126.83009527818517,37.21684925849284,2024-10-24 16:30:09
1713,24,62,16,,,126.81758998232266,37.19075019011464,126.83806775603358,37.211437669453595,2024-10-24 16:30:20
1714,34,51,16,,,126.82150661171463,37.2021821868413,126.8197463777573,37.21103452079518,2024-10-24 16:30:25
1715,51,38,16,,,126.81965900183828,37.21132949157384,126.82365556027248,37.201401048257665,2024-10-24 16:30:27
1716,48,71,16,,,126.82972956812173,37.21563240415044,126.84021209722583,37.20448348613559,2024-10-24 16:31:05
1717,55,51,16,,,126.83061884538044,37.20874436892879,126.81913247322407,37.21001303623527,2024-10-24 16:31:26
1718,39,50,16,,,126.82105088380968,37.19985059963402,126.8223410628409,37.21162479787713,2024-10-24 16:31:39
1719,7,67,16,,,126.82677947038839,37.208279396211296,126.83558957639046,37.203296396649165,2024-10-24 16:31:50
1720,7,16,16,,,126.82696372317758,37.20823108078279,126.82442359455179,37.19303051468526,2024-10-24 16:31:54
1721,3,68,16,,,126.8245262118378,37.20938344346531,126.83884700976063,37.20191050441648,2024-10-24 16:32:03
1722,50,39,16,,,126.8225881172741,37.21201433695099,126.82184815231231,37.199912005470324,2024-10-24 16:32:18
1723,59,52,16,,,126.83296307593471,37.208358406197235,126.83071469410795,37.21734173891781,2024-10-24 16:32:19
1724,67,66,16,,,126.83378934416336,37.202186490052874,126.83766999149117,37.204868495088014,2024-10-24 16:32:20
1725,51,7,16,,,126.82001512156823,37.21044921713345,126.82757757882422,37.20703781439541,2024-10-24 16:32:26
1726,51,34,16,,,126.82040886474815,37.2113931320572,126.8221766933715,37.203864652279485,2024-10-24 16:32:30
1727,33,50,16,,,126.82871227084716,37.1997194598747,126.82215116240111,37.21232320429564,2024-10-24 16:33:21
1728,37,23,16,,,126.82178446826602,37.197246160027895,126.82055089926658,37.19103558329123,2024-10-24 16:33:41
1729,22,38,16,,,126.81605521079543,37.195209656065906,126.82475009723817,37.20159592364224,2024-10-24 16:33:46
1730,50,10,16,,,126.8226963462922,37.21243588053719,126.81662613484582,37.20910383956044,2024-10-24 16:34:10
1731,34,50,16,,,126.82162605076027,37.20348779085003,126.82336154439862,37.210903919133024,2024-10-24 16:34:18
1732,34,11,16,,,126.82136168202628,37.20207634093318,126.81410812179817,37.2090767582087,2024-10-24 16:35:23
1733,37,60,16,,,126.82109053346919,37.19800716325372,126.83339725108505,37.2136346327604,2024-10-24 16:35:33
1734,37,50,16,,,126.82169356753354,37.19770562808967,126.82216061095036,37.21229453343541,2024-10-24 16:35:41
1735,37,49,16,,,126.82059765341432,37.19790649667729,126.82677187968977,37.21400554028846,2024-10-24 16:36:29
1736,29,51,16,,,126.82729850668262,37.202915760161986,126.82027849452442,37.21034219140474,2024-10-24 16:37:43
1737,4,37,16,,,126.82199973109279,37.209402455483,126.82066149047411,37.19681441797046,2024-10-24 16:38:11
1738,34,69,16,,,126.82162854700559,37.203812725538334,126.83806883596333,37.20687598078503,2024-10-24 16:38:51
1739,50,12,16,,,126.82206815979701,37.212053895904944,126.81974487172394,37.20407408863788,2024-10-24 16:39:05
1740,72,53,16,,,126.81202931885423,37.2071349988062,126.82994819548189,37.205486004773455,2024-10-24 16:39:05
1741,38,50,16,,,126.82444005581975,37.20121625482601,126.82294195202314,37.21104423524469,2024-10-24 16:39:21
1742,50,39,16,,,126.82146309286104,37.21207892801084,126.82206800538742,37.19966104178469,2024-10-24 16:39:45
1743,37,51,16,,,126.82128279894984,37.19732142684198,126.81970150483646,37.21090301697455,2024-10-24 16:39:56
1744,4,28,16,,,126.82144480958068,37.209000404684225,126.83017671301897,37.20295609513245,2024-10-24 16:40:02
1745,69,44,16,,,126.83689139118547,37.20659135815948,126.8200798112524,37.18942304259037,2024-10-24 16:40:30
1746,51,39,16,,,126.8193811163076,37.20954872318724,126.82197036795354,37.20105923931929,2024-10-24 16:41:00
1747,27,43,16,,,126.82762635293571,37.20058105014565,126.82375335214545,37.19056320086317,2024-10-24 16:41:14
1748,51,26,16,,,126.81939133266368,37.21100730988657,126.81923609945211,37.19440586008367,2024-10-24 16:41:49
1749,7,28,16,,,126.82695867040707,37.2076308193587,126.83029055639969,37.202691016214516,2024-10-24 16:42:03
1750,32,5,16,,,126.83282673016028,37.20234479627687,126.82685922094733,37.20536377418352,2024-10-24 16:42:59
1751,44,24,16,,,126.8209827200697,37.18935492054563,126.8189826646789,37.19101436134295,2024-10-24 16:43:20
1752,42,50,16,,,126.83069335256889,37.1970904372806,126.82336431911075,37.212270512837115,2024-10-24 16:43:45
1753,72,37,16,,,126.81166136414528,37.20751358649373,126.82140671048478,37.196469657233784,2024-10-24 16:43:47
1754,26,51,16,,,126.81790599413243,37.19268400859851,126.8189318405114,37.20987487231494,2024-10-24 16:43:56
1755,24,4,16,,,126.81756867973156,37.18978575764944,126.82288194533933,37.20809105206538,2024-10-24 16:44:21
1756,71,49,16,,,126.84060711325142,37.20547905700046,126.82809093023995,37.21464508389676,2024-10-24 16:44:33
1757,72,19,16,,,126.81066507198476,37.20706623863606,126.82811029224467,37.19426808402552,2024-10-24 16:44:35
1758,27,70,16,,,126.82715186381452,37.19961035268088,126.83761374376924,37.208838091585015,2024-10-24 16:44:39
1759,14,54,16,,,126.81869296622237,37.20817883341519,126.83228203318063,37.21106570270218,2024-10-24 16:44:42
1760,37,50,16,,,126.82156063665818,37.19805377349437,126.82151403670936,37.21123847359719,2024-10-24 16:44:55
1761,37,4,16,,,126.82139797719894,37.196790492348974,126.82304698353472,37.20847215370713,2024-10-24 16:44:59
1762,49,29,16,,,126.82677413322872,37.21434578777645,126.82714228076136,37.202942461934555,2024-10-24 16:45:14
1763,55,50,16,,,126.82943083257432,37.209315751756044,126.82245596005896,37.21129113844285,2024-10-24 16:45:18
1764,34,26,16,,,126.8219155567829,37.20300380680396,126.8185281281366,37.194405999087344,2024-10-24 16:45:22
1765,37,69,16,,,126.82186365028188,37.198400356264266,126.83703914265062,37.20711627137735,2024-10-24 16:45:23
1766,37,10,16,,,126.82165683465227,37.1982561963783,126.81644468685074,37.209783081118104,2024-10-24 16:45:30
1767,37,26,16,,,126.82123026514179,37.19792095576683,126.81845000131054,37.19266416492029,2024-10-24 16:45:45
1768,37,50,16,,,126.82114486295461,37.197488201321036,126.82264895499566,37.21059602572015,2024-10-24 16:46:04
1769,37,23,16,,,126.82102305780302,37.197923075993415,126.82152498142536,37.192285036916374,2024-10-24 16:46:07
1770,55,51,16,,,126.83018948028703,37.20902408553974,126.8200253661562,37.209711130527396,2024-10-24 16:46:25
1771,55,51,16,,,126.83098024666872,37.20835944450403,126.81965123024149,37.210832433665935,2024-10-24 16:47:00
1772,16,18,16,,,126.82369656309874,37.192622203791366,126.8232103386199,37.196642955671116,2024-10-24 16:47:24
1773,37,51,16,,,126.82072595847613,37.19840036543988,126.82048822360042,37.210652086479385,2024-10-24 16:48:06
1774,48,23,16,,,126.83082977618682,37.21509672490466,126.82033609653246,37.19208378911621,2024-10-24 16:48:14
1775,37,51,16,,,126.82224180924216,37.19749596677174,126.81903758296862,37.21112031919765,2024-10-24 16:48:38
1776,51,38,16,,,126.82055267170082,37.20947783269379,126.8239358279068,37.20097271403138,2024-10-24 16:48:51
1777,38,50,16,,,126.82401688182556,37.200714784964696,126.82198557558685,37.211712216144896,2024-10-24 16:49:15
1778,51,55,16,,,126.819978869153,37.21018269013995,126.83069883148323,37.209236316368425,2024-10-24 16:49:29
1779,45,26,16,,,126.82501975651891,37.21207521958485,126.81807597280624,37.19437062767207,2024-10-24 16:50:13
1780,51,18,16,,,126.81958327706623,37.210070439529126,126.82352156972371,37.19590251862316,2024-10-24 16:50:13
1781,50,18,16,,,126.8219955748579,37.21129645411457,126.82435401809823,37.19666304357682,2024-10-24 16:51:04
1782,65,45,16,,,126.83476256612866,37.19940287975496,126.82577658799413,37.21230608751436,2024-10-24 16:51:05
1783,21,25,16,,,126.81907895373922,37.1971077170169,126.82107486567415,37.194356874881734,2024-10-24 16:51:17
1784,51,7,16,,,126.81943152453795,37.21104949264751,126.827619184519,37.208268259567305,2024-10-24 16:51:17
1785,2,42,16,,,126.82209919522674,37.20558511603724,126.83084213322383,37.19619768056798,2024-10-24 16:51:29
1786,37,23,16,,,126.82179382482771,37.19663405283312,126.82071530710232,37.19144514831404,2024-10-24 16:51:34
1787,50,37,16,,,126.82150148710609,37.2107021319593,126.82027519998384,37.19792720110412,2024-10-24 16:51:55
1788,37,51,16,,,126.82092483976183,37.19781104519926,126.82046259881207,37.210690096033574,2024-10-24 16:52:39
1789,31,48,16,,,126.82868949568682,37.19823132285208,126.83056998819696,37.214917783878256,2024-10-24 16:53:09
1790,18,60,16,,,126.82404824373917,37.195630327177724,126.8329133768738,37.212138957761034,2024-10-24 16:53:33
1791,51,38,16,,,126.81970393797918,37.211132994351075,126.82476248979637,37.200575435150235,2024-10-24 16:53:34
1792,36,64,16,,,126.82417108886524,37.1980992298009,126.84186680930827,37.203873447887716,2024-10-24 16:54:05
1793,38,50,16,,,126.82469270687312,37.20128371388853,126.82154583988329,37.211355308249765,2024-10-24 16:54:10
1794,51,39,16,,,126.82043854596171,37.21080295822673,126.82201710708756,37.201102464978106,2024-10-24 16:54:18
1795,15,27,16,,,126.81754999695504,37.20751834702422,126.82576029777887,37.200341834407666,2024-10-24 16:54:32
1796,55,51,16,,,126.82905523719086,37.20976801906178,126.81969942073626,37.21005966784673,2024-10-24 16:54:42
1797,52,9,16,,,126.83017719313624,37.21702634761797,126.81332529732575,37.205023859915286,2024-10-24 16:55:11
1798,56,51,16,,,126.83556449909675,37.20530920838633,126.82015998095292,37.20984061530159,2024-10-24 16:55:18
1799,56,51,16,,,126.83538018085729,37.20509306275984,126.82024674222257,37.21126570483994,2024-10-24 16:55:19
1800,51,7,16,,,126.81996221934912,37.21006375627397,126.82824062746188,37.20877842515973,2024-10-24 16:55:28
1801,56,51,16,,,126.83449171991793,37.20507432941926,126.81881228992431,37.211352380536184,2024-10-24 16:56:34
1802,24,43,16,,,126.81823073111407,37.19046076338411,126.82244176643229,37.18932709478089,2024-10-24 16:57:30
1803,13,40,16,,,126.81576556195883,37.2032312695644,126.83060122991876,37.19396278936793,2024-10-24 16:57:32
1804,59,17,16,,,126.83149077920737,37.206696164047564,126.82625049438974,37.19655421138763,2024-10-24 16:57:55
1805,63,47,16,,,126.8349655972338,37.212143581066506,126.82767975022085,37.21115640390471,2024-10-24 16:58:00
1806,18,51,16,,,126.82388940378728,37.195705531552775,126.82014926183462,37.21039737040269,2024-10-24 16:58:07
1807,57,61,16,,,126.83200704240822,37.20453713030554,126.8334389307045,37.21679376822449,2024-10-24 16:58:29
1808,34,22,16,,,126.82244903602091,37.202467206139275,126.81652862963185,37.194881654107235,2024-10-24 16:59:05
1809,38,21,16,,,126.82507617065535,37.201302997020036,126.81956070633798,37.195447086567086,2024-10-24 16:59:22
1810,38,21,16,,,126.82381212225768,37.20108268428239,126.81758876651978,37.1962275946233,2024-10-24 16:59:34
1811,37,60,16,,,126.82081699955376,37.19708098341489,126.83341713702762,37.213296415822306,2024-10-24 16:59:53
1812,17,56,17,,,126.82681080287382,37.19719796038758,126.83439718220218,37.20614225519804,2024-10-24 17:00:29
1813,21,18,17,,,126.81856077343875,37.19554554840063,126.82374987654111,37.194858480149264,2024-10-24 17:00:36
1814,14,30,17,,,126.81989747352586,37.20797732195209,126.83106038511438,37.19924605463816,2024-10-24 17:00:38
1815,50,26,17,,,126.8215920520615,37.21241574905737,126.81802992406404,37.19399995359845,2024-10-24 17:00:38
1816,51,18,17,,,126.81931290497282,37.21093243201095,126.82399801726409,37.19579237534488,2024-10-24 17:00:44
1817,50,18,17,,,126.82266833839817,37.21202740518731,126.82321792523095,37.194776472675606,2024-10-24 17:00:55
1818,28,15,17,,,126.82901135531327,37.2040160903244,126.81647095136124,37.206879577832815,2024-10-24 17:00:55
1819,67,44,17,,,126.83429833077629,37.20243111323636,126.81983929994924,37.18961604479145,2024-10-24 17:01:06
1820,58,23,17,,,126.83550042234995,37.209363944621025,126.82108480972138,37.19133281826241,2024-10-24 17:01:33
1821,51,23,17,,,126.81945888821117,37.210593740148816,126.82151748932779,37.191965838449086,2024-10-24 17:01:37
1822,10,21,17,,,126.81650517248448,37.21026629774209,126.81863962153119,37.19588312331016,2024-10-24 17:01:46
1823,51,10,17,,,126.81902018555432,37.20989844896472,126.81643399700637,37.208551191425606,2024-10-24 17:01:54
1824,51,21,17,,,126.81886474345706,37.209900059437324,126.81766643027666,37.19648311839338,2024-10-24 17:02:12
1825,55,51,17,,,126.83088361681997,37.209202678922104,126.81912160502968,37.20971041673038,2024-10-24 17:02:36
1826,51,48,17,,,126.81926791488348,37.210146333351155,126.8306742003489,37.214561940167854,2024-10-24 17:02:42
1827,41,71,17,,,126.8338194869177,37.19726308686125,126.84093950563393,37.20526788721777,2024-10-24 17:03:06
1828,33,11,17,,,126.82936421574132,37.200426488162655,126.81528615993446,37.20865745103972,2024-10-24 17:03:28
1829,43,71,17,,,126.8222945265167,37.190310344759084,126.84051636698688,37.20469962283874,2024-10-24 17:03:54
1830,50,38,17,,,126.82210109124456,37.21232323753099,126.82472614203061,37.202018370682104,2024-10-24 17:04:04
1831,38,21,17,,,126.82421637379959,37.201285353677854,126.81915845154613,37.19724776130164,2024-10-24 17:04:37
1832,51,34,17,,,126.81942132127928,37.20997962377487,126.8210665103907,37.20223270523849,2024-10-24 17:04:39
1833,50,38,17,,,126.82304151015799,37.21052546907554,126.82469968368324,37.20115270218089,2024-10-24 17:05:15
1834,50,56,17,,,126.82231624636368,37.212133631346376,126.83519251137673,37.20526929861376,2024-10-24 17:05:16
1835,61,17,17,,,126.83327740880337,37.216270436505646,126.82673374532524,37.19605887472073,2024-10-24 17:05:18
1836,8,19,17,,,126.82496958829617,37.207840074566406,126.82815267701885,37.1959152274135,2024-10-24 17:05:41
1837,58,26,17,,,126.8346808901043,37.207742130389605,126.81910069600944,37.192691108800844,2024-10-24 17:05:42
1838,50,21,17,,,126.82325657095554,37.21103582662791,126.81916148206896,37.19654214720437,2024-10-24 17:05:42
1839,50,34,17,,,126.82258838693626,37.21229168665708,126.8217690991668,37.20241038230895,2024-10-24 17:05:47
1840,51,34,17,,,126.81960428046274,37.21041721365148,126.8212993542435,37.20239368203379,2024-10-24 17:05:57
1841,3,49,17,,,126.8255433114189,37.20989108705549,126.82870931532341,37.212732766535666,2024-10-24 17:05:59
1842,17,26,17,,,126.8255590058712,37.19703899360272,126.81754041144634,37.193007764058876,2024-10-24 17:06:09
1843,50,38,17,,,126.821634445666,37.21114662049938,126.82387406579073,37.20185478326865,2024-10-24 17:06:10
1844,35,15,17,,,126.81938973789768,37.20231125348482,126.81604728553822,37.20706388448465,2024-10-24 17:06:36
1845,11,12,17,,,126.81526345822385,37.20801144528028,126.81845741703798,37.20454592637727,2024-10-24 17:06:41
1846,2,3,17,,,126.82235939967639,37.20552008671045,126.82491543334055,37.21049051561292,2024-10-24 17:06:47
1847,71,40,17,,,126.84055886714987,37.2049814663897,126.83052614699461,37.19415435571403,2024-10-24 17:07:04
1848,37,31,17,,,126.82174592154064,37.196684574521655,126.82926334418234,37.19709099433309,2024-10-24 17:07:15
1849,27,46,17,,,126.82721496865369,37.20050041592377,126.82989892251823,37.21118042210993,2024-10-24 17:07:29
1850,50,38,17,,,126.82314168845679,37.21081228834715,126.82467111413378,37.20038395065583,2024-10-24 17:07:35
1851,50,26,17,,,126.82336091027922,37.211484154825314,126.81926607720624,37.19297673549247,2024-10-24 17:07:40
1852,19,42,17,,,126.82922431546461,37.194710745949166,126.83225243795822,37.19677884596758,2024-10-24 17:07:43
1853,2,27,17,,,126.82213006859706,37.20523095710752,126.82673898627714,37.19894493384762,2024-10-24 17:08:00
1854,11,22,17,,,126.814782566082,37.207608596061235,126.81653552392375,37.194875238861655,2024-10-24 17:08:25
1855,17,26,17,,,126.82643564242036,37.19672895213664,126.8191293052975,37.19452359942948,2024-10-24 17:09:18
1856,50,38,17,,,126.8216676546569,37.21108990825143,126.8251124874784,37.20202633685308,2024-10-24 17:09:30
1857,6,72,17,,,126.82505793825514,37.20373455132247,126.81184615592372,37.2080908479301,2024-10-24 17:09:40
1858,47,48,17,,,126.82671281752711,37.2116514722211,126.82980488938722,37.21410690079485,2024-10-24 17:10:07
1859,61,62,17,,,126.83398806888147,37.21661799136503,126.83767604753278,37.212354274947,2024-10-24 17:10:16
1860,51,26,17,,,126.82068347380422,37.21055319085315,126.81738302773586,37.192722502664196,2024-10-24 17:10:24
1861,21,26,17,,,126.81940289942511,37.196164310948795,126.81889203944426,37.192541511481735,2024-10-24 17:10:29
1862,53,33,17,,,126.830470095851,37.20643716574982,126.83006259114752,37.20011188544461,2024-10-24 17:10:48
1863,10,21,17,,,126.8163171599328,37.20917763528489,126.8184439354631,37.19732777082592,2024-10-24 17:11:11
1864,38,25,17,,,126.82456226073096,37.20151801976583,126.82012797139342,37.19386621117137,2024-10-24 17:11:23
1865,23,48,17,,,126.82035239848481,37.19186597681147,126.83074739263125,37.215722612200416,2024-10-24 17:12:26
1866,66,50,17,,,126.83752346873996,37.20485143057868,126.82300693287101,37.21052925571096,2024-10-24 17:13:02
1867,33,10,17,,,126.8291668793315,37.201523979527416,126.81619204797364,37.20957119705607,2024-10-24 17:13:07
1868,9,67,17,,,126.81422981659415,37.205870796845765,126.834707254821,37.20312276651667,2024-10-24 17:13:09
1869,8,44,17,,,126.82508188675267,37.206091709691314,126.82098341511332,37.18996866029341,2024-10-24 17:13:54
1870,39,5,17,,,126.82080443842501,37.199607037748514,126.82747089266373,37.204651632158956,2024-10-24 17:14:07
1871,6,46,17,,,126.82471791663899,37.204510993481335,126.8292841493146,37.211017646058195,2024-10-24 17:14:19
1872,72,23,17,,,126.81155112690936,37.20662176081581,126.8202045556119,37.19155528170423,2024-10-24 17:14:27
1873,7,14,17,,,126.82685622374616,37.208215122453744,126.81931505822702,37.20806221406275,2024-10-24 17:14:44
1874,50,51,17,,,126.82302438410342,37.21128509559246,126.81990483155727,37.21137136391791,2024-10-24 17:14:56
1875,33,21,17,,,126.82927266385265,37.20033813856727,126.81886442751124,37.19636260022848,2024-10-24 17:15:08
1876,50,26,17,,,126.8222336450386,37.210548515414956,126.8186638734248,37.19282244359821,2024-10-24 17:15:18
1877,50,26,17,,,126.82274820912062,37.21234389551039,126.81878284662834,37.193901223154526,2024-10-24 17:15:25
1878,33,56,17,,,126.82840938616583,37.2003054646342,126.83401299098216,37.20472469755104,2024-10-24 17:16:51
1879,42,35,17,,,126.83097082862817,37.19709446569382,126.81932110587309,37.201205728080424,2024-10-24 17:16:59
1880,21,63,17,,,126.8183673988523,37.19579506330882,126.83521413215811,37.21087300011397,2024-10-24 17:17:04
1881,37,60,17,,,126.82177945698018,37.198206777017106,126.83301684136677,37.21370138775149,2024-10-24 17:17:14
1882,51,7,17,,,126.81885028190078,37.209636190894344,126.82799465085778,37.20823793651032,2024-10-24 17:18:25
1883,11,38,17,,,126.81511905173868,37.208472067205264,126.8250618688868,37.20066120727447,2024-10-24 17:18:30
1884,42,12,17,,,126.83109175356796,37.19696988907023,126.81953223782763,37.20536990431109,2024-10-24 17:18:57
1885,45,18,17,,,126.82600751481239,37.21193510643994,126.82467876411653,37.195763769979955,2024-10-24 17:19:05
1886,31,51,17,,,126.82981855488141,37.19838374084827,126.81918937348938,37.2114079032511,2024-10-24 17:19:11
1887,50,34,17,,,126.82261076770824,37.21121512948325,126.82255477710035,37.2022909486963,2024-10-24 17:19:14
1888,48,37,17,,,126.82976067063944,37.213785968314916,126.82104914133714,37.196779072249825,2024-10-24 17:19:15
1889,51,23,17,,,126.82005941271098,37.20974183513602,126.8210653405782,37.19095062776121,2024-10-24 17:19:48
1890,51,23,17,,,126.8204065698537,37.21014002184161,126.8215947949975,37.191654924933566,2024-10-24 17:19:51
1891,59,5,17,,,126.83214620008282,37.20670684415992,126.82702844800436,37.20505421887074,2024-10-24 17:20:16
1892,33,51,17,,,126.82904142566956,37.19988589276325,126.82011783594632,37.21130538662453,2024-10-24 17:20:46
1893,5,39,17,,,126.82804948821241,37.20526134923476,126.82156085128783,37.19994313931928,2024-10-24 17:21:21
1894,50,34,17,,,126.82227276495777,37.21079607404095,126.82266081637935,37.20364794823402,2024-10-24 17:21:51
1895,50,38,17,,,126.8232674347071,37.2107769562298,126.82393521869744,37.202162922248036,2024-10-24 17:22:45
1896,11,10,17,,,126.81361857051792,37.20881327521877,126.81655747068659,37.20993445707231,2024-10-24 17:22:46
1897,38,15,17,,,126.82406581271572,37.202109538497126,126.81760836772409,37.20695760894488,2024-10-24 17:23:42
1898,21,4,17,,,126.81827612459851,37.19555720095333,126.82195974498917,37.20912991825352,2024-10-24 17:24:09
1899,51,21,17,,,126.82061214279348,37.21092274799026,126.81820562608526,37.196343305009414,2024-10-24 17:24:20
1900,36,58,17,,,126.82366780376896,37.19898691655148,126.83519080359649,37.20901627121726,2024-10-24 17:24:36
1901,56,54,17,,,126.83586585135562,37.20622203755116,126.83209487419985,37.209620316155984,2024-10-24 17:24:40
1902,37,29,17,,,126.82081264056016,37.19690010815102,126.82602794832647,37.20256917199616,2024-10-24 17:25:22
1903,50,38,17,,,126.82159139383431,37.21060868036537,126.82412250141495,37.201482926589456,2024-10-24 17:25:22
1904,51,56,17,,,126.81952105321861,37.20958637022651,126.83566354695365,37.20554310383881,2024-10-24 17:25:30
1905,50,50,17,,,126.82162964088435,37.2124563662426,126.82261746169314,37.21092424216208,2024-10-24 17:25:46
1906,69,58,17,,,126.83791346575168,37.20629377115034,126.83540129393765,37.20881921827427,2024-10-24 17:26:02
1907,1,3,17,,,126.81640545885575,37.19804566657364,126.82498325740535,37.20963340759367,2024-10-24 17:26:12
1908,50,38,17,,,126.82280921627813,37.21066774911789,126.82472203339118,37.20137360433218,2024-10-24 17:26:15
1909,11,56,17,,,126.81493808124414,37.20761847828512,126.83548622450122,37.20599854305925,2024-10-24 17:26:35
1910,51,21,17,,,126.82064236623359,37.21087076537994,126.8177714408721,37.19674818646412,2024-10-24 17:26:40
1911,55,51,17,,,126.82938549145955,37.20964894977952,126.81932923447222,37.2100768304045,2024-10-24 17:27:05
1912,26,50,17,,,126.81920026673127,37.19353140774299,126.82215707118608,37.21218663950239,2024-10-24 17:27:17
1913,2,10,17,,,126.82097135616078,37.20649536463554,126.81708301069236,37.20945038266735,2024-10-24 17:27:40
1914,51,21,17,,,126.8197018215534,37.211212411490735,126.81912680157107,37.196347227078675,2024-10-24 17:27:48
1915,50,38,17,,,126.82226732144528,37.2119456285163,126.82319526711471,37.20160940674596,2024-10-24 17:28:05
1916,50,38,17,,,126.82303501778779,37.210985508492115,126.82344445090109,37.20043144377302,2024-10-24 17:28:44
1917,25,55,17,,,126.82183907656241,37.19509619067216,126.82938453330813,37.208433141480825,2024-10-24 17:28:44
1918,17,21,17,,,126.82684255306627,37.19681082956856,126.81803420940851,37.19719049675474,2024-10-24 17:29:12
1919,35,1,17,,,126.81992047124372,37.201343038410265,126.8157249789479,37.19780444610438,2024-10-24 17:29:24
1920,16,47,17,,,126.82409440257102,37.193846185738614,126.82707708135158,37.21085159442564,2024-10-24 17:29:57
1921,24,31,17,,,126.8178371027204,37.19003621727475,126.82880869476249,37.19771820594801,2024-10-24 17:29:59
1922,51,38,17,,,126.81897555923489,37.21071997329632,126.82430631517539,37.20056764488983,2024-10-24 17:30:10
1923,46,44,17,,,126.82974826842137,37.21136945302795,126.82120527516763,37.189141269354366,2024-10-24 17:30:11
1924,72,21,17,,,126.81225360843969,37.20718272511412,126.81928009171276,37.196678293113145,2024-10-24 17:30:19
1925,65,49,17,,,126.8351746242752,37.200898217108566,126.82802729124452,37.21393134208248,2024-10-24 17:30:45
1926,58,38,17,,,126.83518263535525,37.20920123286153,126.82368774272715,37.20165900124063,2024-10-24 17:30:49
1927,50,50,17,,,126.82303841063369,37.21160882551773,126.82238311904729,37.212338814135336,2024-10-24 17:31:00
1928,69,26,17,,,126.83694804486278,37.20658048250829,126.81843866998743,37.19371747419818,2024-10-24 17:31:19
1929,54,21,17,,,126.83203243514357,37.20941171259553,126.81949577749015,37.19555956950649,2024-10-24 17:31:44
1930,72,26,17,,,126.81134309451615,37.208077105065826,126.81828103848552,37.19411519301147,2024-10-24 17:32:03
1931,50,38,17,,,126.82287558842094,37.21198762955215,126.82376786366744,37.20171684029235,2024-10-24 17:32:04
1932,26,43,17,,,126.81931900163526,37.19444708828467,126.82325184580206,37.18929601876193,2024-10-24 17:32:43
1933,11,31,17,,,126.81402371167529,37.20744821443121,126.82865421471746,37.197994601788345,2024-10-24 17:33:25
1934,50,38,17,,,126.82276621584157,37.21134817781506,126.82475585145644,37.20114760113272,2024-10-24 17:33:44
1935,38,51,17,,,126.82490935971546,37.20168910099972,126.81902570118778,37.21136246596541,2024-10-24 17:33:47
1936,26,48,17,,,126.81878178614704,37.19412733074886,126.8309636187611,37.21439364910416,2024-10-24 17:33:49
1937,67,48,17,,,126.83459639490253,37.20312504764869,126.83013925578346,37.214564647328785,2024-10-24 17:34:04
1938,50,50,17,,,126.82217215555261,37.210821211251144,126.82327585809841,37.21134775520619,2024-10-24 17:34:21
1939,4,22,17,,,126.8230881611428,37.20828220691657,126.81684704362311,37.19460534615172,2024-10-24 17:34:33
1940,19,20,17,,,126.82796800224753,37.19474141182422,126.81501039711942,37.192438051965354,2024-10-24 17:35:04
1941,37,58,17,,,126.82034836887942,37.19786514264339,126.83523407083324,37.20784206805729,2024-10-24 17:36:25
1942,67,71,17,,,126.83563254025215,37.20267892268559,126.84090811135034,37.204660309759234,2024-10-24 17:37:01
1943,50,26,17,,,126.82240245900482,37.21109399065763,126.81763681428272,37.194200657347466,2024-10-24 17:37:10
1944,66,38,17,,,126.83757168260068,37.2044567103594,126.82358837443458,37.20075198701156,2024-10-24 17:37:16
1945,37,51,17,,,126.82086369950099,37.19766162444927,126.8202166407746,37.21036778617042,2024-10-24 17:37:18
1946,42,56,17,,,126.83081810705734,37.19564346951691,126.83449852038503,37.206439590811804,2024-10-24 17:37:29
1947,50,38,17,,,126.82244691546599,37.211494718263985,126.8248116566716,37.201384661306086,2024-10-24 17:37:30
1948,7,26,17,,,126.82706499693477,37.2075414909183,126.81815326298099,37.194335010444966,2024-10-24 17:37:32
1949,13,62,17,,,126.81726244155706,37.20389692630941,126.83729837626339,37.21230910734781,2024-10-24 17:37:39
1950,38,51,17,,,126.82511379627365,37.20044129922292,126.82032373175734,37.20979977096383,2024-10-24 17:38:39
1951,14,66,17,,,126.81857675745418,37.20807485000373,126.8383187955751,37.2043587801139,2024-10-24 17:38:44
1952,55,51,17,,,126.83018870428658,37.208175162986684,126.82056758408079,37.21017995877809,2024-10-24 17:38:47
1953,60,26,17,,,126.83191601228084,37.2127874876133,126.81854740150705,37.194093835325845,2024-10-24 17:38:56
1954,17,26,17,,,126.82689243836018,37.195884463286205,126.8183388452962,37.193636010127605,2024-10-24 17:39:16
1955,65,69,17,,,126.83389733568364,37.1992064617274,126.83743460675935,37.207681779258216,2024-10-24 17:39:29
1956,50,38,17,,,126.82143974563301,37.21224146762961,126.8233268348605,37.20105020087781,2024-10-24 17:40:32
1957,29,32,17,,,126.82672214300979,37.20287538067559,126.83197108425745,37.20132543797987,2024-10-24 17:40:45
1958,50,34,17,,,126.82222986326938,37.21086324465032,126.82208245932094,37.203840481859416,2024-10-24 17:40:56
1959,55,51,17,,,126.83039113113689,37.209085106511054,126.8192514148732,37.21037182806755,2024-10-24 17:41:15
1960,48,37,17,,,126.82972187806186,37.214119569741385,126.82117079498667,37.19727639377247,2024-10-24 17:41:29
1961,50,34,17,,,126.82207614553883,37.21213563876516,126.82254060659635,37.20226209188106,2024-10-24 17:42:39
1962,42,50,17,,,126.83128910418101,37.19632571222705,126.82279029760686,37.210667005987524,2024-10-24 17:43:11
1963,32,57,17,,,126.83124014814817,37.20104395692167,126.83177114995877,37.20436468732261,2024-10-24 17:43:18
1964,17,26,17,,,126.8273005287433,37.197485483190256,126.81797861805464,37.19334072014685,2024-10-24 17:43:23
1965,20,41,17,,,126.81645626490617,37.19247809426806,126.8350207881434,37.19806678404833,2024-10-24 17:43:53
1966,50,18,17,,,126.8215798417696,37.21244128460526,126.82417476859192,37.195742549690486,2024-10-24 17:44:02
1967,51,23,17,,,126.82023193717627,37.21046596330453,126.82007583028408,37.19168808245722,2024-10-24 17:44:28
1968,46,3,17,,,126.83046314069861,37.21144286529053,126.82425272922492,37.209974778016104,2024-10-24 17:44:38
1969,37,51,17,,,126.82064660168183,37.1980584220146,126.81889193956782,37.21031092873257,2024-10-24 17:44:40
1970,4,71,17,,,126.82175680876739,37.20768522220058,126.84009429977588,37.205881085763316,2024-10-24 17:44:55
1971,50,34,17,,,126.82191017612136,37.21123873867229,126.82230550496473,37.203868216065196,2024-10-24 17:45:10
1972,54,10,17,,,126.83260364361666,37.20938048073416,126.81781043014375,37.20962323130502,2024-10-24 17:45:40
1973,51,56,17,,,126.81942812927947,37.209677357607234,126.83581281962556,37.20633259058025,2024-10-24 17:46:27
1974,52,21,17,,,126.83161386851386,37.21664496387702,126.81915786247676,37.19545699019333,2024-10-24 17:46:35
1975,18,50,17,,,126.82393598643489,37.19590737980749,126.82272841850913,37.212429808442685,2024-10-24 17:46:41
1976,10,72,17,,,126.81614209583118,37.209434999909405,126.81136750611908,37.20745635705204,2024-10-24 17:46:41
1977,60,21,17,,,126.833827328931,37.21357692646205,126.819401876836,37.196216440816926,2024-10-24 17:47:01
1978,50,26,17,,,126.82246659998383,37.211035426956194,126.81744219592503,37.192570106387905,2024-10-24 17:47:14
1979,50,38,17,,,126.82213429573875,37.21190843938739,126.82509867466067,37.20037240620608,2024-10-24 17:47:29
1980,17,50,17,,,126.82543341997075,37.196019023414074,126.82304216901183,37.21088088168306,2024-10-24 17:47:38
1981,53,15,17,,,126.82877832336148,37.206939368367365,126.81636799056527,37.20722907676451,2024-10-24 17:47:46
1982,70,41,17,,,126.83866900439291,37.209780282277926,126.83522652676938,37.19790994981308,2024-10-24 17:47:55
1983,15,61,17,,,126.81714309981511,37.20707801351814,126.83303600326515,37.21566147663767,2024-10-24 17:48:17
1984,50,26,17,,,126.82165783436916,37.210670444061755,126.81913792481326,37.194047034081656,2024-10-24 17:48:17
1985,50,50,17,,,126.82324227464036,37.210955143385846,126.82156324722254,37.21104416889147,2024-10-24 17:48:25
1986,51,23,17,,,126.81912595914133,37.20988252928833,126.82009516038971,37.192156041516526,2024-10-24 17:49:02
1987,51,23,17,,,126.82062199946611,37.20974148318314,126.82127087641494,37.19182572363688,2024-10-24 17:49:03
1988,31,51,17,,,126.82845259776917,37.19785495352587,126.81987705714565,37.211404492467004,2024-10-24 17:49:51
1989,20,34,17,,,126.81545667214272,37.19270938914951,126.82256635589877,37.20390035948806,2024-10-24 17:50:22
1990,17,67,17,,,126.82724653735875,37.197091988463,126.83557428269862,37.20382556013064,2024-10-24 17:50:26
1991,33,68,17,,,126.8288849073174,37.20030906207725,126.84004388972247,37.20173316313319,2024-10-24 17:50:50
1992,38,51,17,,,126.82429384545591,37.20133826917595,126.81990910150631,37.21019988293205,2024-10-24 17:51:14
1993,46,60,17,,,126.83010279322794,37.2117191017693,126.83276395638862,37.21346883548864,2024-10-24 17:51:23
1994,31,10,17,,,126.82932544759068,37.197708189510266,126.81638389758363,37.209796759484185,2024-10-24 17:51:56
1995,18,50,17,,,126.82317137649791,37.19573602542219,126.82305819204252,37.21065075842328,2024-10-24 17:52:08
1996,51,34,17,,,126.8197889368526,37.211160304090555,126.82227102892023,37.203992140992405,2024-10-24 17:52:18
1997,51,34,17,,,126.82066695136653,37.21034087142885,126.82223443062499,37.204011214276946,2024-10-24 17:52:41
1998,51,26,17,,,126.81917288600336,37.21078513608113,126.81856689831862,37.19452170957382,2024-10-24 17:52:51
1999,45,23,17,,,126.82523082783241,37.21345966977518,126.82118966591752,37.192238326430356,2024-10-24 17:53:07
2000,72,61,17,,,126.81120907599514,37.20662387527167,126.8326494282238,37.216584203461835,2024-10-24 17:53:23
2001,5,18,17,,,126.82714565396554,37.20480281037093,126.82370212499218,37.194968702683326,2024-10-24 17:53:26
2002,50,34,17,,,126.82324556406904,37.21050487120478,126.82201984612941,37.20235153265161,2024-10-24 17:53:51
2003,51,21,17,,,126.81879076254953,37.210387003111066,126.818193890918,37.195529294713374,2024-10-24 17:53:56
2004,40,10,17,,,126.83133437837928,37.19332548924582,126.81652784634804,37.20977942067204,2024-10-24 17:53:58
2005,61,63,17,,,126.83293320335902,37.21676494138962,126.83436480300088,37.21131581360516,2024-10-24 17:54:04
2006,2,67,17,,,126.82101014970577,37.205498220926216,126.83498968093323,37.20297738635327,2024-10-24 17:54:38
2007,70,71,17,,,126.83699800907915,37.21021399832423,126.84092040713641,37.20402150951822,2024-10-24 17:55:01
2008,50,18,17,,,126.82157883405853,37.21052409073354,126.82294131037209,37.19545697368794,2024-10-24 17:55:09
2009,50,38,17,,,126.82278556079896,37.21199708067442,126.82317458048703,37.200790098579255,2024-10-24 17:55:23
2010,2,14,17,,,126.82105972670934,37.205929804082885,126.81954899177475,37.208278293133354,2024-10-24 17:55:26
2011,50,38,17,,,126.8225350599313,37.21063514094458,126.82372580056047,37.20223888307015,2024-10-24 17:55:36
2012,50,26,17,,,126.82204288681169,37.21082680255867,126.81746489524296,37.19283671722517,2024-10-24 17:55:40
2013,2,19,17,,,126.82118004204108,37.20644976414603,126.82979755120601,37.19554080513916,2024-10-24 17:55:53
2014,72,38,17,,,126.81221113748843,37.20746572090619,126.8250480818947,37.20111132955175,2024-10-24 17:56:00
2015,31,51,17,,,126.82903800692641,37.197708603493595,126.81890079453258,37.2109848229723,2024-10-24 17:56:01
2016,61,31,17,,,126.83360610277752,37.21670292725778,126.82872325184887,37.1983237242105,2024-10-24 17:56:13
2017,51,6,17,,,126.81880400806489,37.21018032925229,126.82424112642504,37.20387808913873,2024-10-24 17:56:28
2018,58,71,17,,,126.83592299264527,37.20756613916769,126.84098214517063,37.204845725119995,2024-10-24 17:56:41
2019,72,67,17,,,126.81246054256961,37.20798134820233,126.83369271504716,37.20317382591802,2024-10-24 17:57:14
2020,20,51,17,,,126.81538091731827,37.192423569164376,126.81935176835024,37.21065044962708,2024-10-24 17:57:54
2021,50,38,17,,,126.82249612310838,37.210534822978374,126.82501065647705,37.20223494398406,2024-10-24 17:58:04
2022,40,30,17,,,126.8317432522586,37.19274057055074,126.83111726302317,37.1990352306104,2024-10-24 17:58:11
2023,20,26,17,,,126.81526778517639,37.191682767043694,126.81777927611907,37.19311478065686,2024-10-24 17:58:33
2024,48,37,17,,,126.83057414931203,37.21409609481145,126.82062155995176,37.19831031382935,2024-10-24 17:58:52
2025,25,11,17,,,126.82025841222809,37.19502678156798,126.81359327191542,37.20782693284479,2024-10-24 17:59:25
2026,17,26,17,,,126.82730241281807,37.195791029606234,126.8192180270675,37.19388175670408,2024-10-24 17:59:41
2027,56,10,18,,,126.83543472074375,37.205568534928574,126.8176885731896,37.209374278900235,2024-10-24 18:00:24
2028,60,17,18,,,126.83314347710765,37.21362044536776,126.82553990357006,37.19617103998984,2024-10-24 18:00:26
2029,50,60,18,,,126.82331845723402,37.21168852398559,126.83287276394502,37.21317552939535,2024-10-24 18:00:39
2030,69,54,18,,,126.83666242162667,37.206884791428344,126.83298627131472,37.21049431914669,2024-10-24 18:00:45
2031,10,11,18,,,126.81719675349643,37.20959605059212,126.81474106307977,37.20731276998514,2024-10-24 18:00:47
2032,50,60,18,,,126.82198164223796,37.21215601263211,126.8329318113743,37.21267668941931,2024-10-24 18:00:55
2033,34,38,18,,,126.82089837752108,37.20219315498472,126.82461535561471,37.2019247390055,2024-10-24 18:01:06
2034,50,11,18,,,126.82244114499072,37.211452994522745,126.81356256364016,37.20796104696458,2024-10-24 18:01:57
2035,18,23,18,,,126.82316076156496,37.19534407204677,126.82169313134267,37.1922486098401,2024-10-24 18:02:00
2036,50,18,18,,,126.82185690843761,37.21165097468233,126.82327215829704,37.19575325604015,2024-10-24 18:02:26
2037,50,18,18,,,126.82329731760689,37.21179320338974,126.82282751488404,37.195128152119665,2024-10-24 18:03:24
2038,72,10,18,,,126.81094467257869,37.206524995832254,126.81713647263973,37.209650129110706,2024-10-24 18:04:17
2039,30,45,18,,,126.83197864865157,37.198702110535,126.8242701457898,37.212636160684596,2024-10-24 18:04:31
2040,12,37,18,,,126.81897020621483,37.20477715177684,126.82104234708434,37.19810023547783,2024-10-24 18:05:16
2041,45,69,18,,,126.82505351690303,37.21173192476659,126.8379352524493,37.20614866622304,2024-10-24 18:05:19
2042,10,18,18,,,126.81606075686548,37.209481850009205,126.82468806772485,37.19615733091809,2024-10-24 18:05:22
2043,56,65,18,,,126.83556851828666,37.20475230480229,126.83412705704875,37.20031132949972,2024-10-24 18:05:46
2044,50,60,18,,,126.82298715940819,37.21070049860272,126.8328774729632,37.21268056638199,2024-10-24 18:06:24
2045,58,21,18,,,126.83526396626955,37.20910253486942,126.81930530944912,37.19672405864781,2024-10-24 18:06:38
2046,51,64,18,,,126.82053505300551,37.21120545641129,126.84186316067176,37.20344755594385,2024-10-24 18:06:41
2047,38,64,18,,,126.82326451675272,37.20037828880495,126.84172682812155,37.202274270412275,2024-10-24 18:07:00
2048,50,5,18,,,126.82186049909518,37.21199056566161,126.82645150870064,37.206004212823544,2024-10-24 18:07:18
2049,58,48,18,,,126.83548190546801,37.208939600481116,126.82954087387483,37.215222600551854,2024-10-24 18:08:17
2050,51,33,18,,,126.81960472009547,37.21028630837645,126.82989895440178,37.20160208893553,2024-10-24 18:08:23
2051,65,13,18,,,126.83473248446928,37.19987627701603,126.81720028172586,37.203077308058376,2024-10-24 18:08:24
2052,28,34,18,,,126.82878295265334,37.20404034952852,126.82072993993415,37.20269142503766,2024-10-24 18:09:54
2053,60,21,18,,,126.83213821809794,37.21321679300367,126.81798526850852,37.19553660011648,2024-10-24 18:10:26
2054,51,55,18,,,126.82012105894609,37.211326759639206,126.83045265572856,37.20839780499129,2024-10-24 18:10:35
2055,50,60,18,,,126.8231418892266,37.21244925538333,126.83341667076752,37.2123506619036,2024-10-24 18:12:07
2056,50,48,18,,,126.82278031662638,37.21150699398019,126.83004548171846,37.214697390365345,2024-10-24 18:12:38
2057,51,64,18,,,126.81952728935528,37.20991943002102,126.84212654892583,37.20265252470909,2024-10-24 18:13:37
2058,48,49,18,,,126.82981074028723,37.21530391582614,126.82707785110375,37.21321843284554,2024-10-24 18:13:51
2059,58,48,18,,,126.83525717797492,37.208491182661966,126.82970763884231,37.21567843063085,2024-10-24 18:13:59
2060,13,37,18,,,126.81631369026374,37.2040823651739,126.82207735146693,37.19705077358299,2024-10-24 18:14:21
2061,51,55,18,,,126.81988080798389,37.209985423727744,126.82959819246136,37.20821890304315,2024-10-24 18:14:50
2062,48,26,18,,,126.83020598483951,37.21557726819526,126.8185941003353,37.19343255436561,2024-10-24 18:14:56
2063,50,60,18,,,126.82166264042394,37.21181924750137,126.83238488487295,37.213004876142,2024-10-24 18:15:02
2064,44,41,18,,,126.82112221321084,37.18816154050117,126.8339418197219,37.19761871803159,2024-10-24 18:15:25
2065,54,4,18,,,126.83241811072877,37.210354119330745,126.82295543363935,37.20892683055644,2024-10-24 18:16:33
2066,50,60,18,,,126.8214697272115,37.21144565016429,126.8332562417836,37.212043993322354,2024-10-24 18:16:53
2067,16,33,18,,,126.82288315529283,37.19372685954599,126.8283603497276,37.19972489334992,2024-10-24 18:17:22
2068,18,23,18,,,126.82311971440717,37.195236325555086,126.82122960228375,37.19097706172772,2024-10-24 18:18:16
2069,42,18,18,,,126.83240060067145,37.196512722816266,126.82296104218129,37.19585589899891,2024-10-24 18:18:25
2070,32,14,18,,,126.83124741112792,37.20158897921396,126.81912477772275,37.20694628471218,2024-10-24 18:18:44
2071,34,50,18,,,126.8213997868218,37.20268862607902,126.82292860104214,37.21066004809311,2024-10-24 18:18:45
2072,31,37,18,,,126.82998276339222,37.198282816885275,126.82160343659964,37.19803845670375,2024-10-24 18:18:58
2073,51,33,18,,,126.81871133450534,37.209639770285364,126.82860853555516,37.20152024892544,2024-10-24 18:19:41
2074,50,60,18,,,126.82242991254087,37.21217123173752,126.83218931518185,37.21234382115416,2024-10-24 18:19:50
2075,10,46,18,,,126.81769109069891,37.20872592016889,126.83082487620872,37.21238080019448,2024-10-24 18:20:16
2076,52,19,18,,,126.83091564289371,37.21769294290862,126.8286181210062,37.19512649010882,2024-10-24 18:20:17
2077,62,47,18,,,126.83900862438985,37.21216449828233,126.82820887700969,37.21148767784896,2024-10-24 18:20:28
2078,72,66,18,,,126.81077828736859,37.20802295594879,126.83733728520423,37.20458659255319,2024-10-24 18:20:40
2079,51,51,18,,,126.81882389773246,37.21039303872571,126.81960238111196,37.210008842589225,2024-10-24 18:20:43
2080,42,14,18,,,126.8312095418055,37.19526547750592,126.820095999256,37.207829506520106,2024-10-24 18:20:46
2081,48,70,18,,,126.83058931790671,37.21564686289897,126.83774064144178,37.20874365799845,2024-10-24 18:20:58
2082,51,33,18,,,126.81985369841156,37.209800534459106,126.82998261651332,37.20106945413413,2024-10-24 18:21:06
2083,19,8,18,,,126.82827785272467,37.19436613498809,126.82448348029794,37.20739471429676,2024-10-24 18:21:16
2084,42,50,18,,,126.83205695351101,37.196839182953894,126.82331104669913,37.21227611050021,2024-10-24 18:21:47
2085,31,60,18,,,126.82818954075503,37.19724658646405,126.83198973295103,37.21299708020416,2024-10-24 18:21:51
2086,39,3,18,,,126.82193293903357,37.2009616826086,126.82401644464669,37.209218777148905,2024-10-24 18:22:02
2087,28,71,18,,,126.82967328394827,37.202908865275575,126.83952071111638,37.20463177900934,2024-10-24 18:22:27
2088,50,34,18,,,126.8227910808672,37.211774312100495,126.82071435162644,37.20263020401991,2024-10-24 18:23:43
2089,51,23,18,,,126.8194767171989,37.211195378935834,126.82180132255195,37.19162771061364,2024-10-24 18:23:48
2090,50,60,18,,,126.82189405319687,37.212480099912035,126.83262472792678,37.21298219830651,2024-10-24 18:23:56
2091,51,64,18,,,126.82005166530185,37.20991684613994,126.84231478393873,37.20302596002937,2024-10-24 18:24:12
2092,50,64,18,,,126.82331028029334,37.21177798118093,126.8428741597848,37.204007766429854,2024-10-24 18:25:47
2093,11,21,18,,,126.81464442664301,37.208797916487434,126.819446632987,37.19589280249291,2024-10-24 18:25:48
2094,50,17,18,,,126.82222455091667,37.211964516894305,126.8262110036527,37.19635765203076,2024-10-24 18:26:06
2095,32,47,18,,,126.83104176316512,37.20121934855618,126.82809204667574,37.209882808534054,2024-10-24 18:26:08
2096,4,55,18,,,126.82150304335359,37.209639762341205,126.83002110361589,37.20992085922333,2024-10-24 18:26:39
2097,18,23,18,,,126.82322142563893,37.19653368878733,126.82150550669088,37.1911888749293,2024-10-24 18:27:18
2098,34,12,18,,,126.82177507190363,37.20212826314608,126.8189221913167,37.20484368904074,2024-10-24 18:27:29
2099,43,24,18,,,126.82361018063503,37.19033224144371,126.8176106740601,37.190756076075935,2024-10-24 18:28:12
2100,1,4,18,,,126.81516875919192,37.1971426328405,126.82283714806162,37.20926607132844,2024-10-24 18:28:18
2101,53,66,18,,,126.82968500543365,37.20721979214044,126.83642264012218,37.20473305815145,2024-10-24 18:28:42
2102,2,35,18,,,126.82287884403,37.20535329098719,126.81931268358845,37.20135867921092,2024-10-24 18:29:21
2103,51,55,18,,,126.82036288485048,37.21012390017155,126.82926198702873,37.208212320570865,2024-10-24 18:29:22
2104,51,59,18,,,126.81885610062433,37.21058983880312,126.83239400310019,37.20681549312816,2024-10-24 18:29:29
2105,51,64,18,,,126.81933962455217,37.21077723555234,126.84288319910071,37.203409813192444,2024-10-24 18:29:45
2106,8,44,18,,,126.82503658667922,37.20641253260779,126.81982655470193,37.18823060232049,2024-10-24 18:29:51
2107,71,25,18,,,126.84086953050324,37.20407392012514,126.82097289515679,37.1955339357487,2024-10-24 18:30:20
2108,20,28,18,,,126.81616358773071,37.19229451088585,126.82978416736766,37.20411310482064,2024-10-24 18:30:27
2109,50,71,18,,,126.82313155985267,37.21247517700666,126.84087606830313,37.204338561027974,2024-10-24 18:30:40
2110,50,60,18,,,126.82140484382808,37.210784180985684,126.83256425756272,37.21295841306072,2024-10-24 18:31:04
2111,72,11,18,,,126.8122152608841,37.20760636674032,126.81485112642572,37.20781381360535,2024-10-24 18:31:22
2112,46,25,18,,,126.82958651627614,37.21256519784134,126.82045440385781,37.19381741213419,2024-10-24 18:31:57
2113,61,45,18,,,126.83313203909226,37.214874301908054,126.82591639428777,37.21236306374822,2024-10-24 18:32:20
2114,43,26,18,,,126.82422640903906,37.19038097210086,126.818814873391,37.1931715133041,2024-10-24 18:32:37
2115,66,19,18,,,126.83770486694013,37.203488013945815,126.8288521173913,37.195953011586006,2024-10-24 18:32:47
2116,15,18,18,,,126.8169866551007,37.20751278929329,126.82376473645355,37.19469902170022,2024-10-24 18:33:02
2117,12,57,18,,,126.81907490183538,37.20537954458708,126.83247479219426,37.20453515559221,2024-10-24 18:33:31
2118,35,32,18,,,126.81881046985563,37.202197999698164,126.83190838925206,37.2021394185995,2024-10-24 18:33:42
2119,53,32,18,,,126.83018763448024,37.20716665792668,126.83185456411167,37.20168326247041,2024-10-24 18:34:23
2120,50,17,18,,,126.82226205536733,37.2111679926844,126.82550388824798,37.19650920159221,2024-10-24 18:34:40
2121,18,23,18,,,126.82315385239993,37.196210914540394,126.82161057987958,37.19152290332871,2024-10-24 18:34:56
2122,1,51,18,,,126.81631615690624,37.19871735239954,126.82061298593358,37.210089569006456,2024-10-24 18:35:25
2123,24,34,18,,,126.81718950706697,37.190417055344945,126.82135350020948,37.20241405522734,2024-10-24 18:36:12
2124,63,71,18,,,126.83558296933273,37.21079497325983,126.84037173227293,37.204866916232945,2024-10-24 18:37:19
2125,50,13,18,,,126.82224232144573,37.2106686472075,126.81656756230873,37.20300893244492,2024-10-24 18:37:34
2126,10,10,18,,,126.81665498637682,37.20865636867735,126.81606145757314,37.20852477119039,2024-10-24 18:37:44
2127,31,43,18,,,126.82893372155176,37.19863561367883,126.82290927672301,37.1905708365567,2024-10-24 18:39:10
2128,33,34,18,,,126.83013755966434,37.20164169239555,126.82239142361313,37.20262297839316,2024-10-24 18:39:18
2129,9,7,18,,,126.81478859373429,37.206010469497954,126.82682189255421,37.208286192939426,2024-10-24 18:39:23
2130,24,5,18,,,126.81833739135708,37.190532165204274,126.82797820533342,37.2059705208985,2024-10-24 18:40:03
2131,47,14,18,,,126.827553290037,37.211370340998975,126.82035979092042,37.20723072330973,2024-10-24 18:40:18
2132,50,17,18,,,126.82259427044134,37.211052365074856,126.82562398856784,37.196806877162096,2024-10-24 18:40:33
2133,11,63,18,,,126.81360958202444,37.20750250196286,126.83471870461221,37.210798419556774,2024-10-24 18:40:40
2134,20,44,18,,,126.81506887073915,37.19221312793819,126.82138559860113,37.18868377276709,2024-10-24 18:41:27
2135,50,28,18,,,126.82218849297055,37.21189953823199,126.82897812203848,37.203267091271414,2024-10-24 18:42:20
2136,11,41,18,,,126.81529550693142,37.207303414961935,126.83345766336515,37.1979298333713,2024-10-24 18:42:49
2137,14,68,18,,,126.81853392915059,37.207817314972104,126.84081832523141,37.20312467617437,2024-10-24 18:43:05
2138,10,34,18,,,126.81672641981642,37.20960126592414,126.8225039563667,37.20253369052385,2024-10-24 18:43:18
2139,18,23,18,,,126.82421162825413,37.19527763434532,126.82083874822898,37.191784725452855,2024-10-24 18:44:30
2140,66,5,18,,,126.83739282587565,37.203389305359146,126.82647815124982,37.20561527404023,2024-10-24 18:44:52
2141,50,60,18,,,126.823183707827,37.21221442599629,126.83212167139779,37.21320069876021,2024-10-24 18:45:19
2142,66,58,18,,,126.83714143745931,37.20345830426547,126.8350610068652,37.209058364993695,2024-10-24 18:45:34
2143,58,48,18,,,126.83444263045942,37.208737990858694,126.83087311742597,37.21500035263232,2024-10-24 18:46:07
2144,51,42,18,,,126.82062800768566,37.20971984463372,126.83187952449923,37.196362983422496,2024-10-24 18:46:29
2145,50,60,18,,,126.82265897479287,37.211539131475774,126.83271678715755,37.21230501245407,2024-10-24 18:46:48
2146,50,60,18,,,126.82200959917031,37.210977752645725,126.83227083808704,37.21214812094698,2024-10-24 18:46:57
2147,40,36,18,,,126.83084611823195,37.19403592764032,126.8231666410359,37.19907422041693,2024-10-24 18:46:59
2148,47,52,18,,,126.8268334332531,37.21075517986509,126.83148725576842,37.21756863554705,2024-10-24 18:48:22
2149,18,37,18,,,126.82350689119129,37.195251158118495,126.8217936444016,37.19759090022199,2024-10-24 18:48:58
2150,71,39,18,,,126.83907365375627,37.20490535688391,126.82148570907331,37.1995555341253,2024-10-24 18:49:21
2151,39,23,18,,,126.82122219138003,37.201043458037326,126.82179256519507,37.19259888320855,2024-10-24 18:49:25
2152,50,64,18,,,126.82224081519385,37.2118921258469,126.84169510469975,37.202666093400154,2024-10-24 18:50:35
2153,54,3,18,,,126.83318360133539,37.21003531173741,126.82444519117703,37.209996511737536,2024-10-24 18:52:20
2154,25,49,18,,,126.82052771723201,37.193980172481574,126.82749277904361,37.21309312430558,2024-10-24 18:53:59
2155,13,71,18,,,126.8161606914903,37.203029899642075,126.84037474641946,37.205795932872526,2024-10-24 18:55:11
2156,67,9,18,,,126.83374034125022,37.20267689020632,126.81423095044931,37.205356071469815,2024-10-24 18:55:32
2157,23,22,18,,,126.8201479332413,37.19092165454784,126.81591555104575,37.19432965977644,2024-10-24 18:55:56
2158,50,34,18,,,126.82191590807183,37.21225956901683,126.82227959318841,37.202465657506906,2024-10-24 18:56:15
2159,3,42,18,,,126.82570429193892,37.208869256624034,126.83242966728623,37.19597359804369,2024-10-24 18:56:33
2160,44,67,18,,,126.82090877080107,37.189723686419455,126.83409618240127,37.203297760851775,2024-10-24 18:57:02
2161,38,3,18,,,126.82498979191601,37.20160190671246,126.82571581871785,37.21045224592292,2024-10-24 18:57:56
2162,71,68,18,,,126.83975308179608,37.20499506777417,126.83961209472758,37.202585293659745,2024-10-24 18:58:46
2163,53,27,18,,,126.82895452206726,37.20696460299026,126.82701780951673,37.19963820152738,2024-10-24 18:59:47
2164,54,22,18,,,126.83318255877126,37.209780160867396,126.81569872167752,37.19504745839941,2024-10-24 18:59:55
2165,51,55,18,,,126.82041268583507,37.20998592020403,126.83052432021634,37.20944316847655,2024-10-24 18:59:59
2166,37,21,19,,,126.82076059146875,37.19817011533025,126.8176899903769,37.19545664015515,2024-10-24 19:01:01
2167,52,39,19,,,126.83137398585401,37.2179163883676,126.8219210709085,37.19994557515152,2024-10-24 19:01:06
2168,50,59,19,,,126.82231225317375,37.211380332234,126.83240806338446,37.20830954858299,2024-10-24 19:01:10
2169,40,30,19,,,126.83183569899745,37.19412000590093,126.83243135996099,37.198603365362366,2024-10-24 19:01:46
2170,11,13,19,,,126.81347167464098,37.20895073702228,126.81677624812706,37.20423439625216,2024-10-24 19:02:33
2171,28,33,19,,,126.83032196219612,37.20357320365913,126.83018812714907,37.200831327887904,2024-10-24 19:03:52
2172,37,21,19,,,126.82044472828824,37.19689994412771,126.81840281216779,37.195362972143585,2024-10-24 19:03:57
2173,27,71,19,,,126.82594526878135,37.20032994380497,126.84012426125267,37.2045647945224,2024-10-24 19:04:38
2174,33,48,19,,,126.82951056863492,37.20156559842995,126.82959602031848,37.214968739008505,2024-10-24 19:04:49
2175,54,23,19,,,126.83232346651668,37.20966743191628,126.82145882102196,37.19153584076592,2024-10-24 19:05:17
2176,38,50,19,,,126.8248779967512,37.20043915252416,126.82141707112784,37.211268386194895,2024-10-24 19:05:46
2177,24,52,19,,,126.81723258518386,37.190709973160274,126.82970409019575,37.21764068877426,2024-10-24 19:08:03
2178,34,50,19,,,126.82156180504862,37.2029136840527,126.82225527988153,37.21077605453541,2024-10-24 19:08:32
2179,71,37,19,,,126.84016929519433,37.20479329154512,126.82049880595446,37.197847570734254,2024-10-24 19:08:42
2180,70,51,19,,,126.83787735256303,37.20956932348311,126.81953938212145,37.210195617392756,2024-10-24 19:09:02
2181,11,25,19,,,126.81447347057534,37.20923487504445,126.82054207082646,37.194007811555274,2024-10-24 19:09:05
2182,51,51,19,,,126.82000662104976,37.211161867495186,126.82000386640603,37.209884734037765,2024-10-24 19:10:01
2183,51,51,19,,,126.82041580530283,37.21078827189817,126.81877857592153,37.210579170561125,2024-10-24 19:12:34
2184,65,13,19,,,126.83521290153361,37.20081131455494,126.81580475921596,37.202738716855656,2024-10-24 19:13:31
2185,37,50,19,,,126.82194359737038,37.19824770213633,126.82198925257438,37.21154250357133,2024-10-24 19:13:53
2186,22,56,19,,,126.81584030316564,37.19540287989338,126.83514568743549,37.20534713139757,2024-10-24 19:14:09
2187,60,50,19,,,126.83389177519965,37.21314001644884,126.82284727667499,37.21176116242567,2024-10-24 19:15:19
2188,38,50,19,,,126.8244686644483,37.201716396319576,126.82160785144202,37.21140803964601,2024-10-24 19:16:02
2189,28,31,19,,,126.8304019635429,37.20418771085479,126.82888866058839,37.197850379654696,2024-10-24 19:16:28
2190,37,21,19,,,126.8205201791559,37.19841978132925,126.81889184684098,37.19613851014481,2024-10-24 19:16:40
2191,50,51,19,,,126.82299989316621,37.212065366250435,126.81894327757337,37.210635387481965,2024-10-24 19:17:06
2192,42,62,19,,,126.8317328011104,37.196735880528834,126.8377251206271,37.21286988804341,2024-10-24 19:17:55
2193,32,19,19,,,126.83106377522083,37.202052968723756,126.82826721163232,37.194877640151795,2024-10-24 19:17:57
2194,65,64,19,,,126.83488285388857,37.20054258873319,126.84171854747375,37.20319319889546,2024-10-24 19:17:58
2195,59,9,19,,,126.83327139288372,37.20823839462621,126.8143206085729,37.2044929774825,2024-10-24 19:19:51
2196,37,50,19,,,126.82182116347812,37.198306457686556,126.82268666191366,37.211085880503454,2024-10-24 19:20:39
2197,50,51,19,,,126.82145658658966,37.21164267893958,126.81923215944674,37.20996792889333,2024-10-24 19:23:02
2198,37,50,19,,,126.82167175001761,37.1982244544663,126.82193894186337,37.21174425723618,2024-10-24 19:23:39
2199,8,59,19,,,126.82527630949143,37.20711958004817,126.83150669125297,37.206512917540124,2024-10-24 19:23:45
2200,60,50,19,,,126.8325257820154,37.21247099308335,126.82276552043818,37.21244530737807,2024-10-24 19:24:42
2201,38,50,19,,,126.82325767937576,37.20108903894103,126.82174822776607,37.210911973916545,2024-10-24 19:26:07
2202,54,51,19,,,126.83252483908508,37.209336260842335,126.81874405395098,37.209985557932335,2024-10-24 19:28:23
2203,64,50,19,,,126.84181335388337,37.20326353023412,126.8231422566549,37.21148891414389,2024-10-24 19:28:44
2204,39,34,19,,,126.82180523722758,37.20030388894315,126.82223413050771,37.20211685895431,2024-10-24 19:29:25
2205,14,53,19,,,126.81892202128226,37.2079617032966,126.8296305634867,37.206781206110314,2024-10-24 19:29:52
2206,37,21,19,,,126.82034818552341,37.19678479066677,126.81888709910406,37.19604220777146,2024-10-24 19:29:56
2207,62,43,19,,,126.83880368541526,37.21282098027066,126.82297767935232,37.18978219646952,2024-10-24 19:30:22
2208,58,60,19,,,126.83472120554185,37.20934361370341,126.83263275308998,37.21207152648985,2024-10-24 19:32:07
2209,2,37,19,,,126.82129261245834,37.206081312357114,126.82127470711468,37.197840604078316,2024-10-24 19:32:12
2210,60,50,19,,,126.83293682125893,37.21332760719722,126.82176942136243,37.21113439238707,2024-10-24 19:32:14
2211,10,26,19,,,126.81647324625345,37.20898558110168,126.81918768076336,37.19407117721491,2024-10-24 19:32:31
2212,33,48,19,,,126.82961494731448,37.20068099139517,126.83004167004508,37.21460690483334,2024-10-24 19:33:54
2213,38,50,19,,,126.82370944542045,37.201992362853495,126.82198019986691,37.21167699398907,2024-10-24 19:34:03
2214,63,47,19,,,126.83508204321025,37.21042731774554,126.82698613507206,37.210815444973285,2024-10-24 19:34:31
2215,37,50,19,,,126.82089846456529,37.19820956066414,126.82158813051564,37.21158335202427,2024-10-24 19:35:57
2216,15,22,19,,,126.81617126099033,37.20714030163169,126.81615106875182,37.19542635564759,2024-10-24 19:36:04
2217,63,52,19,,,126.83617598069299,37.210764318068804,126.83099081054485,37.217907822982546,2024-10-24 19:36:42
2218,60,50,19,,,126.8335913394227,37.21347530300082,126.82148223718019,37.211556026472984,2024-10-24 19:36:47
2219,33,48,19,,,126.82857320252977,37.20062332583434,126.82964295577469,37.215190533257804,2024-10-24 19:37:38
2220,38,50,19,,,126.82391362824565,37.20074125170503,126.82166329663649,37.21213327309408,2024-10-24 19:37:44
2221,23,17,19,,,126.82141662691458,37.192499965241474,126.82665656084764,37.19664739636674,2024-10-24 19:38:08
2222,33,26,19,,,126.82972045503824,37.20147443059546,126.81742386837955,37.19405883902362,2024-10-24 19:38:29
2223,50,51,19,,,126.82305137376486,37.21182206662712,126.81958228211911,37.211114574466365,2024-10-24 19:38:48
2224,60,50,19,,,126.83238420725384,37.212595342296815,126.82291466100084,37.21098666036064,2024-10-24 19:39:16
2225,53,59,19,,,126.82898076442683,37.20576629201771,126.83167401269144,37.207391653475796,2024-10-24 19:40:59
2226,64,33,19,,,126.8420903271125,37.20277403626522,126.82847728529204,37.20029347154224,2024-10-24 19:41:20
2227,56,67,19,,,126.83457870127812,37.206219248216655,126.8349883563573,37.20264349939745,2024-10-24 19:41:26
2228,51,50,19,,,126.82060125132116,37.21052228487158,126.82189538808912,37.21138139270749,2024-10-24 19:41:39
2229,34,50,19,,,126.82144355522699,37.204019315869125,126.8222524238326,37.2108878049329,2024-10-24 19:42:01
2230,37,34,19,,,126.82076114437821,37.19657721137879,126.82169799638925,37.20314153914655,2024-10-24 19:44:49
2231,4,72,19,,,126.82141445275093,37.20873591888665,126.81255225634331,37.20682415529848,2024-10-24 19:44:58
2232,16,50,19,,,126.82256394315722,37.19206610541792,126.82138984674354,37.21078163886146,2024-10-24 19:45:38
2233,48,43,19,,,126.83141661565816,37.214318710659484,126.82312138017568,37.1901279569101,2024-10-24 19:46:16
2234,50,51,19,,,126.82155044790704,37.21240244813907,126.8197802738603,37.2099192543607,2024-10-24 19:46:35
2235,59,56,19,,,126.83187738500405,37.20706588309017,126.83397392876523,37.20630437283182,2024-10-24 19:48:39
2236,51,70,19,,,126.82059807233203,37.20987529397254,126.83876929785566,37.21052347157288,2024-10-24 19:48:58
2237,50,21,19,,,126.8224171998947,37.21163711978386,126.81833926327089,37.195667970582136,2024-10-24 19:49:05
2238,59,58,19,,,126.83297287123696,37.20667792696923,126.83604343816758,37.20875707875781,2024-10-24 19:49:34
2239,19,18,19,,,126.8293227561623,37.19595031598565,126.82310151314361,37.195745301597576,2024-10-24 19:49:49
2240,8,64,19,,,126.82380961783743,37.206268952947916,126.84338502455125,37.20246591922875,2024-10-24 19:50:01
2241,37,50,19,,,126.8220560270181,37.19805045338271,126.82226645784746,37.212218033989934,2024-10-24 19:50:11
2242,34,50,19,,,126.82167248456336,37.202090436483665,126.82213382979377,37.21127476325517,2024-10-24 19:50:22
2243,50,35,19,,,126.82185582798519,37.21248573982838,126.81858521513371,37.20278878359175,2024-10-24 19:50:54
2244,47,17,19,,,126.82674385581227,37.209961373120755,126.82684821349663,37.196545861367206,2024-10-24 19:51:21
2245,37,21,19,,,126.82184710835158,37.198200274387744,126.81955855867326,37.19647897006628,2024-10-24 19:51:22
2246,11,6,19,,,126.8151706628495,37.209203772771325,126.82389365034378,37.20325898615355,2024-10-24 19:51:35
2247,32,60,19,,,126.83275576612867,37.20207317697646,126.83204197306667,37.212480446082544,2024-10-24 19:51:42
2248,32,31,19,,,126.83140769238516,37.200865288659756,126.82874943961015,37.19848381039525,2024-10-24 19:52:12
2249,17,58,19,,,126.82649878113152,37.19658569498167,126.83450368818171,37.207602584833765,2024-10-24 19:52:51
2250,34,50,19,,,126.82177650960774,37.203676973094446,126.82274325660494,37.21222110261823,2024-10-24 19:53:22
2251,63,51,19,,,126.83549613372702,37.211112130668546,126.81894522726542,37.2110729569657,2024-10-24 19:53:40
2252,51,51,19,,,126.82043277549107,37.209971677815346,126.81995534110446,37.209673834090374,2024-10-24 19:53:42
2253,10,55,19,,,126.81780976573171,37.208811496711654,126.83077149516217,37.20846051239656,2024-10-24 19:54:18
2254,59,11,19,,,126.83287918350568,37.20700398912891,126.8148928455483,37.20874122015068,2024-10-24 19:55:09
2255,27,60,19,,,126.82747408939825,37.200466293772365,126.83330269589088,37.212511975373474,2024-10-24 19:56:04
2256,72,12,19,,,126.81182482315397,37.20797270985824,126.82023567978639,37.20502192086223,2024-10-24 19:56:18
2257,46,59,19,,,126.83094216599984,37.21217123599524,126.83330478051705,37.20794300295603,2024-10-24 19:56:36
2258,11,20,19,,,126.81367404572984,37.20731605222376,126.81556844845232,37.1916623582555,2024-10-24 19:57:23
2259,51,37,19,,,126.81951188652421,37.21053260595083,126.82041984045357,37.1975827443567,2024-10-24 19:57:38
2260,34,21,19,,,126.82116364815941,37.20380714635703,126.81762938883918,37.197205365911834,2024-10-24 19:58:00
2261,69,64,19,,,126.83745709427049,37.20579186661786,126.84349642370105,37.203633571488034,2024-10-24 19:59:21
2262,23,24,19,,,126.81996972274794,37.19093485727647,126.81772608113246,37.191277323388206,2024-10-24 19:59:39
2263,53,54,20,,,126.83074061192087,37.206863628129405,126.83327859608116,37.20937615103162,2024-10-24 20:00:10
2264,51,24,20,,,126.81907001360175,37.210043070149474,126.81820509015513,37.19110063901722,2024-10-24 20:00:22
2265,18,26,20,,,126.82436603575859,37.19566572438012,126.81791681927491,37.19326677169546,2024-10-24 20:00:27
2266,50,37,20,,,126.82287567169749,37.21082469990369,126.82113594918688,37.196755997658364,2024-10-24 20:00:55
2267,50,11,20,,,126.82303987721019,37.21052999724299,126.81362960636598,37.20846687703873,2024-10-24 20:01:22
2268,47,15,20,,,126.82803567902637,37.21153809985856,126.81678966800601,37.20657606796075,2024-10-24 20:02:27
2269,21,27,20,,,126.81944141720152,37.196209628091644,126.82626459713748,37.200173453533424,2024-10-24 20:02:37
2270,6,38,20,,,126.82523413006402,37.20328263794904,126.82499019672524,37.202219550552805,2024-10-24 20:03:05
2271,55,66,20,,,126.83060101823463,37.2083864663329,126.8373131740369,37.20375875304484,2024-10-24 20:03:33
2272,37,66,20,,,126.82171712036195,37.196960238178484,126.83800684505059,37.203587624681994,2024-10-24 20:03:43
2273,19,25,20,,,126.82888030946394,37.19468906018859,126.82129832882607,37.19416055875806,2024-10-24 20:05:04
2274,60,32,20,,,126.83358053170488,37.213775782896946,126.83289020563538,37.2026572249683,2024-10-24 20:05:20
2275,50,37,20,,,126.82223077822377,37.212342974458075,126.82051531163424,37.19657861259904,2024-10-24 20:05:33
2276,50,37,20,,,126.82171788559766,37.210691291745285,126.82124036959137,37.198153259140014,2024-10-24 20:05:42
2277,50,10,20,,,126.8223883934983,37.21065356783914,126.81747545477592,37.20974524082416,2024-10-24 20:05:47
2278,26,38,20,,,126.81927898213226,37.192965551634714,126.82469672151277,37.20211334923648,2024-10-24 20:06:35
2279,18,49,20,,,126.82455960668267,37.19612149440886,126.8285272179675,37.212902637156034,2024-10-24 20:07:28
2280,50,38,20,,,126.82222773862226,37.210578637570784,126.82477515553657,37.20066115661511,2024-10-24 20:07:45
2281,18,58,20,,,126.82432852150492,37.19662587173892,126.83457796302035,37.208947209672786,2024-10-24 20:07:57
2282,50,56,20,,,126.82196782148561,37.211371472480195,126.83526209602752,37.206486859728,2024-10-24 20:08:01
2283,14,34,20,,,126.81944429965428,37.20717969157886,126.82104677942904,37.20250151348138,2024-10-24 20:08:05
2284,32,48,20,,,126.83196670323794,37.20229386828439,126.83041318209777,37.215353316326556,2024-10-24 20:08:44
2285,10,43,20,,,126.81745759204397,37.20980514860953,126.82391392226616,37.190237550412576,2024-10-24 20:09:11
2286,16,70,20,,,126.82360179166004,37.192065645210505,126.83715643803687,37.20955692564082,2024-10-24 20:09:37
2287,53,61,20,,,126.82971336547037,37.20558356496119,126.83227600493935,37.21482548288007,2024-10-24 20:10:00
2288,52,15,20,,,126.82986364948887,37.21708548796253,126.81696130348841,37.20711672615785,2024-10-24 20:12:10
2289,26,26,20,,,126.81903452793244,37.194283469878535,126.81868909583355,37.19427776872394,2024-10-24 20:12:17
2290,62,70,20,,,126.83740124305717,37.212120298441455,126.83684007804258,37.210034786288865,2024-10-24 20:13:02
2291,50,26,20,,,126.82331789894984,37.2106998721126,126.81810630567942,37.19368009294119,2024-10-24 20:13:50
2292,50,37,20,,,126.82218576431796,37.21066829123048,126.82130755800524,37.19809974450343,2024-10-24 20:17:03
2293,14,63,20,,,126.819977965813,37.20858161640256,126.83569031644261,37.212123461913876,2024-10-24 20:17:42
2294,51,38,20,,,126.82051768618742,37.209987764282864,126.82462749450302,37.201172043745586,2024-10-24 20:18:44
2295,14,24,20,,,126.81970198319777,37.207754280899955,126.81769920907968,37.18991148174365,2024-10-24 20:18:59
2296,12,24,20,,,126.81844120878343,37.20567819787305,126.81781186158834,37.19030724573909,2024-10-24 20:19:04
2297,12,71,20,,,126.81888456818115,37.204434261820296,126.83934180675406,37.20434548815594,2024-10-24 20:19:28
2298,50,59,20,,,126.82178829785491,37.21154701615635,126.83287659716464,37.20760577723906,2024-10-24 20:19:48
2299,56,17,20,,,126.8341433227008,37.20564366950323,126.82616023854956,37.196889930511944,2024-10-24 20:20:39
2300,38,12,20,,,126.82361146836774,37.201214985134456,126.81931943777526,37.2055399056259,2024-10-24 20:21:03
2301,50,37,20,,,126.82304802101679,37.211981535933845,126.82163874186857,37.19649662313109,2024-10-24 20:21:15
2302,37,64,20,,,126.8218788077543,37.197246061879895,126.84203795549988,37.20310387691939,2024-10-24 20:21:40
2303,51,38,20,,,126.81994461027602,37.20960881826525,126.82330239227875,37.20150862136329,2024-10-24 20:22:35
2304,61,22,20,,,126.8325479900041,37.21628197214654,126.81688863765122,37.1953817278001,2024-10-24 20:23:37
2305,61,9,20,,,126.83385270695995,37.21518101395719,126.81464402184746,37.20615265153629,2024-10-24 20:23:46
2306,51,38,20,,,126.81950120146591,37.21066839100226,126.82425088226199,37.20082921120974,2024-10-24 20:25:04
2307,70,31,20,,,126.83782431991153,37.21037114349882,126.82863627693031,37.196876274643685,2024-10-24 20:25:10
2308,39,50,20,,,126.82091566250982,37.1999019092935,126.82325940176469,37.211967182374096,2024-10-24 20:25:31
2309,48,72,20,,,126.82969721972084,37.21505442562468,126.81118186447199,37.20765705354703,2024-10-24 20:25:47
2310,25,20,20,,,126.82050651251552,37.194870395466516,126.8157303514653,37.1921444437932,2024-10-24 20:25:57
2311,58,21,20,,,126.83484306273333,37.20887114378499,126.818210625049,37.197020171694675,2024-10-24 20:26:19
2312,50,37,20,,,126.82290477493824,37.212403428443224,126.82116528737318,37.19785276117847,2024-10-24 20:26:52
2313,34,51,20,,,126.82076606298006,37.20342869061776,126.81912487709475,37.209955236861255,2024-10-24 20:28:07
2314,27,22,20,,,126.82628033683257,37.200523783020834,126.81512447578515,37.19558697613434,2024-10-24 20:28:38
2315,50,31,20,,,126.8233131468317,37.21068663846522,126.82905692030837,37.19797227815631,2024-10-24 20:29:19
2316,63,48,20,,,126.83474722643183,37.210996412963894,126.83009173643143,37.214916250523245,2024-10-24 20:30:10
2317,50,37,20,,,126.82240823640359,37.21191825001896,126.82224625738496,37.19814090953144,2024-10-24 20:31:29
2318,31,21,20,,,126.82941144698952,37.19876291669312,126.81837285981987,37.196038029993915,2024-10-24 20:31:43
2319,50,39,20,,,126.82312780426861,37.210780244453346,126.82050294936576,37.20007519975459,2024-10-24 20:33:15
2320,26,37,20,,,126.81813756434155,37.19412118293131,126.82122266477225,37.197137859454536,2024-10-24 20:33:27
2321,18,50,20,,,126.82445024484475,37.19521510565492,126.82284264165763,37.212486668176,2024-10-24 20:33:40
2322,23,21,20,,,126.82021058107193,37.19135832138939,126.81947834671668,37.1970946007383,2024-10-24 20:33:54
2323,11,46,20,,,126.81511710959523,37.20742471229926,126.82995042923385,37.21211528152638,2024-10-24 20:34:46
2324,21,12,20,,,126.81772485820868,37.19668703579559,126.82003195659719,37.20516453682436,2024-10-24 20:35:00
2325,50,72,20,,,126.82232359424526,37.21170954923941,126.81130222149466,37.20659723633808,2024-10-24 20:35:27
2326,50,58,20,,,126.82315846435883,37.211145285960626,126.83446497081435,37.20858627536844,2024-10-24 20:35:40
2327,50,37,20,,,126.82200059381226,37.21071841057837,126.8215205743253,37.19671114623028,2024-10-24 20:38:26
2328,12,29,20,,,126.81929779886588,37.20482401695776,126.82770957311958,37.20241697334562,2024-10-24 20:38:30
2329,18,35,20,,,126.82361088869627,37.19554199771265,126.81893151362709,37.20122571581006,2024-10-24 20:38:59
2330,50,37,20,,,126.82217407140888,37.212450894865135,126.82100038992017,37.196887834806574,2024-10-24 20:39:26
2331,17,65,20,,,126.8273253328524,37.19757472284648,126.8350580741436,37.200091229118215,2024-10-24 20:40:51
2332,50,37,20,,,126.82139051771168,37.211313582241964,126.8217708225278,37.197804398388435,2024-10-24 20:40:52
2333,38,51,20,,,126.82506940540196,37.20139924706161,126.81945304100466,37.209461624516614,2024-10-24 20:41:17
2334,24,62,20,,,126.81748585721715,37.190129642616746,126.83756937948517,37.21219170230718,2024-10-24 20:41:43
2335,22,63,20,,,126.81516658677081,37.19427808093118,126.83624377395519,37.21102684832257,2024-10-24 20:42:49
2336,7,37,20,,,126.82797104165319,37.20793106360545,126.82121495876198,37.19700218599438,2024-10-24 20:43:03
2337,51,38,20,,,126.81914672376845,37.21053770130851,126.8250246072732,37.20157735594741,2024-10-24 20:43:26
2338,71,18,20,,,126.84001288337006,37.204538559367634,126.8241122374925,37.194776827365914,2024-10-24 20:44:11
2339,12,6,20,,,126.81888828533066,37.20469571598521,126.82483774901715,37.20348857738753,2024-10-24 20:44:19
2340,39,50,20,,,126.82090535909907,37.19933733548556,126.82334980876581,37.211571459000645,2024-10-24 20:44:42
2341,51,56,20,,,126.81987994300172,37.209824565353685,126.8343416126471,37.20484887185878,2024-10-24 20:45:00
2342,23,19,20,,,126.82075366595438,37.19118447864834,126.82824039883154,37.19500384310098,2024-10-24 20:45:58
2343,61,1,20,,,126.83349116525295,37.21640291925163,126.8159870923036,37.19819309378832,2024-10-24 20:47:27
2344,50,37,20,,,126.82186860224778,37.211566921482444,126.82125481644796,37.19645802877598,2024-10-24 20:47:58
2345,50,16,20,,,126.82216162197184,37.21167690525875,126.82421607089256,37.193536636619314,2024-10-24 20:50:14
2346,51,12,20,,,126.82039945709714,37.21085964964477,126.81929616848714,37.204059340167326,2024-10-24 20:50:58
2347,52,35,20,,,126.83081031666306,37.21732550576057,126.81923336528683,37.20268015884401,2024-10-24 20:52:17
2348,48,26,20,,,126.82950238936958,37.21512001376884,126.81897913591378,37.19402752136216,2024-10-24 20:52:43
2349,38,51,20,,,126.82506460386405,37.20157028545216,126.81935403310071,37.21064599707295,2024-10-24 20:53:13
2350,39,50,20,,,126.82230888944329,37.2006483661091,126.82248516255315,37.21203419777637,2024-10-24 20:53:16
2351,50,18,20,,,126.82240408543464,37.21114796713863,126.82326933882199,37.194735856493665,2024-10-24 20:53:34
2352,48,25,20,,,126.82974872435464,37.21471367359886,126.82049709142018,37.19421127556904,2024-10-24 20:54:01
2353,50,37,20,,,126.822379005105,37.21147796745156,126.82073222534277,37.19834255427858,2024-10-24 20:54:15
2354,52,51,20,,,126.8308907796239,37.21803414378105,126.81911327816913,37.21123784861826,2024-10-24 20:55:06
2355,13,25,20,,,126.81732794985692,37.204597797670495,126.82089815624654,37.195070312464466,2024-10-24 20:55:34
2356,51,16,20,,,126.81933004080496,37.21036712996829,126.82343845164624,37.19223214474987,2024-10-24 20:56:37
2357,60,33,20,,,126.83218191726291,37.21256468521104,126.82919756701341,37.2005402693489,2024-10-24 20:56:54
2358,39,50,20,,,126.82220387798557,37.20031030269116,126.82298194496178,37.210959182611816,2024-10-24 20:57:13
2359,50,37,20,,,126.82184423368861,37.21163379208622,126.82076479436509,37.19795842066907,2024-10-24 20:57:19
2360,21,34,20,,,126.81925195127899,37.19645921341559,126.82260650297533,37.203306408348176,2024-10-24 20:57:26
2361,37,11,20,,,126.82038235318937,37.19798925950007,126.81384912175785,37.20880073063226,2024-10-24 20:58:05
2362,23,32,20,,,126.82024181328543,37.19223968924591,126.83198060807348,37.201615142284574,2024-10-24 20:58:30
2363,54,68,21,,,126.83207270149573,37.21051069169703,126.83944589958185,37.201516981294574,2024-10-24 21:00:03
2364,37,1,21,,,126.82138186544141,37.1970459327566,126.81604877011588,37.19731271276208,2024-10-24 21:00:13
2365,37,26,21,,,126.82183822002462,37.19795704884844,126.81810220334756,37.19296274228192,2024-10-24 21:01:22
2366,38,54,21,,,126.82433929424501,37.20221904269717,126.83280931103404,37.209504882947094,2024-10-24 21:02:30
2367,37,36,21,,,126.8221472213249,37.198178000488376,126.8243068150313,37.198119896987976,2024-10-24 21:05:32
2368,37,10,21,,,126.82043358197524,37.196788605653815,126.81726342699596,37.20897326491691,2024-10-24 21:06:10
2369,42,31,21,,,126.83097232782988,37.19614193806573,126.82861191309959,37.19728679547833,2024-10-24 21:06:11
2370,60,39,21,,,126.83326972214,37.21295081306799,126.82231009840609,37.20063646456475,2024-10-24 21:06:49
2371,42,54,21,,,126.83181311118643,37.19614945279411,126.83260638216873,37.2101438941305,2024-10-24 21:07:52
2372,53,48,21,,,126.8303395763102,37.20662371113574,126.82961563064032,37.213851473903865,2024-10-24 21:08:52
2373,32,53,21,,,126.8311671631702,37.20220441885465,126.82931348838012,37.20618369603895,2024-10-24 21:10:04
2374,55,72,21,,,126.82939319342326,37.208584883644,126.81113133219495,37.20635633586311,2024-10-24 21:12:36
2375,34,23,21,,,126.82152664091029,37.203431680167256,126.82149768319309,37.192063721463136,2024-10-24 21:13:33
2376,7,5,21,,,126.8264158863094,37.20757990383741,126.82613830215607,37.20536037855096,2024-10-24 21:17:16
2377,72,5,21,,,126.81210261136485,37.207815584226346,126.8268651498892,37.20506520159451,2024-10-24 21:19:19
2378,50,37,21,,,126.82247293038547,37.2108260049615,126.82113876408982,37.19792769406533,2024-10-24 21:20:54
2379,49,33,21,,,126.82750527876773,37.21340732147194,126.8283819729487,37.200842564427845,2024-10-24 21:22:02
2380,39,37,21,,,126.8214919628179,37.20063821272065,126.82184933672684,37.19808331907667,2024-10-24 21:23:21
2381,18,42,21,,,126.82450976961299,37.19474666653078,126.83202327619519,37.19542177665654,2024-10-24 21:25:13
2382,71,38,21,,,126.84058150222698,37.20424566131883,126.8247153691543,37.20058676497847,2024-10-24 21:26:27
2383,50,37,21,,,126.8233209055165,37.211100860270825,126.82178709264932,37.198178469137495,2024-10-24 21:27:23
2384,20,9,21,,,126.81479408013544,37.192721992553764,126.81419069925221,37.20463685783118,2024-10-24 21:30:16
2385,17,60,21,,,126.82670071643601,37.19726951223876,126.83210392382823,37.21310038635324,2024-10-24 21:32:19
2386,50,34,21,,,126.82267513679918,37.21116993863127,126.82253443553165,37.20225466213104,2024-10-24 21:32:27
2387,50,37,21,,,126.82223116263015,37.2107162243065,126.82141572265363,37.196962325674235,2024-10-24 21:34:36
2388,50,51,21,,,126.82240378287287,37.21055762401702,126.82046785524003,37.21126409632568,2024-10-24 21:40:29
2389,50,37,21,,,126.82253130457444,37.21141340502726,126.82105941362823,37.19729354066511,2024-10-24 21:42:05
2390,70,26,21,,,126.83774570117325,37.20929211245722,126.81918704369943,37.19301317459329,2024-10-24 21:45:37
2391,56,21,21,,,126.83545994674816,37.20575361575543,126.81789534080897,37.195352762408106,2024-10-24 21:46:44
2392,38,1,21,,,126.8233536723919,37.20119890908904,126.81584349195442,37.19778758982507,2024-10-24 21:47:37
2393,51,18,21,,,126.81909158903404,37.21130508179406,126.82422493952596,37.196633848095274,2024-10-24 21:47:37
2394,49,40,21,,,126.82746722674842,37.21287198190884,126.83064424384972,37.19410194601243,2024-10-24 21:47:52
2395,39,26,21,,,126.8217764482811,37.20010661186354,126.8179305222377,37.19389172609184,2024-10-24 21:47:56
2396,37,56,21,,,126.82081867345815,37.196997756824196,126.83473669525416,37.20577299920781,2024-10-24 21:48:11
2397,13,72,21,,,126.81755764467962,37.204562842030896,126.81162246812029,37.20744048223951,2024-10-24 21:49:01
2398,31,40,21,,,126.82912290216927,37.19873888758792,126.83113308901919,37.19418098821849,2024-10-24 21:49:17
2399,38,30,21,,,126.824068194565,37.20160336426293,126.83243850571246,37.199192981583025,2024-10-24 21:52:43
2400,53,72,21,,,126.8303654167176,37.206828544521215,126.81097255131179,37.207093429113144,2024-10-24 21:54:07
2401,50,37,21,,,126.82282611908178,37.210987691125425,126.8212258618519,37.19762548755377,2024-10-24 21:56:56
2402,37,70,21,,,126.82202788382504,37.19680009429328,126.83740859788914,37.208893753473646,2024-10-24 21:57:01
2403,37,7,21,,,126.82139312524428,37.19781618808103,126.82653395568913,37.207957566920236,2024-10-24 21:57:04
2404,32,48,21,,,126.8311221925817,37.20208194964407,126.83095741948645,37.21412975357874,2024-10-24 21:57:11
2405,20,53,21,,,126.81646490213588,37.193246369208474,126.83073497802087,37.205635325392436,2024-10-24 21:57:54
2406,20,30,21,,,126.81589743677137,37.19183540099925,126.83244959188583,37.19796427767657,2024-10-24 21:58:12
2407,37,43,21,,,126.82177241175415,37.19680577582999,126.82238038074239,37.18932390378006,2024-10-24 21:59:01
2408,19,29,21,,,126.8280318383601,37.19573671498088,126.82609233950986,37.203068646424185,2024-10-24 21:59:27
2409,14,31,22,,,126.81997439712336,37.207825138301445,126.82938137580722,37.198679457640054,2024-10-24 22:00:06
2410,5,66,22,,,126.82741720252424,37.20490975108489,126.83642358842111,37.20484839290108,2024-10-24 22:04:53
2411,38,50,22,,,126.82342095753081,37.20138968284182,126.82236627476163,37.210789802309726,2024-10-24 22:05:44
2412,38,51,22,,,126.82512938124961,37.20108353843172,126.82054954585008,37.20957691886186,2024-10-24 22:06:54
2413,38,35,22,,,126.82324207297697,37.20103420140553,126.81852106830767,37.20245071901627,2024-10-24 22:07:37
2414,46,3,22,,,126.83035247166131,37.21251546454242,126.82507157414975,37.21075593145289,2024-10-24 22:07:56
2415,62,65,22,,,126.83747984261859,37.211549343254696,126.83460158017128,37.200995831430845,2024-10-24 22:08:25
2416,14,60,22,,,126.8185595240421,37.20760390462937,126.83208184996778,37.21261308751635,2024-10-24 22:09:25
2417,34,50,22,,,126.82185750230491,37.20269229831188,126.8222887583039,37.21126849424606,2024-10-24 22:10:58
2418,63,26,22,,,126.83589119849745,37.21200421678595,126.81931093723315,37.19449645599665,2024-10-24 22:12:11
2419,50,34,22,,,126.82272225345343,37.21105422129719,126.82252763070515,37.20326349189176,2024-10-24 22:12:40
2420,60,66,22,,,126.83297133468312,37.212759780350936,126.83826743406613,37.20366479925569,2024-10-24 22:16:01
2421,38,51,22,,,126.82408491002988,37.20101048500407,126.82053221501266,37.2106538713924,2024-10-24 22:18:45
2422,51,37,22,,,126.81932534091963,37.21000303521534,126.82031987580328,37.19777260645195,2024-10-24 22:20:45
2423,50,34,22,,,126.82182902371514,37.21069480906991,126.82115025331254,37.2034722637751,2024-10-24 22:21:43
2424,64,8,22,,,126.84277710805345,37.2037944777015,126.82499022471367,37.20727906275477,2024-10-24 22:21:48
2425,38,51,22,,,126.82346234916997,37.20106530309884,126.81997029371396,37.211373075795564,2024-10-24 22:22:17
2426,51,18,22,,,126.8193873973772,37.21010058108601,126.82364513444558,37.19557775871763,2024-10-24 22:23:24
2427,37,50,22,,,126.82115428696495,37.197257724178726,126.82145060432448,37.21109588037123,2024-10-24 22:24:21
2428,37,24,22,,,126.8206184257955,37.19664694798928,126.81864884873113,37.190560678922495,2024-10-24 22:24:54
2429,37,50,22,,,126.82145940311715,37.196523750733306,126.82223077924657,37.21123910651222,2024-10-24 22:25:03
2430,24,17,22,,,126.81798104980619,37.19102063854345,126.82617925047772,37.19633956848999,2024-10-24 22:26:13
2431,28,11,22,,,126.8302068104331,37.203845999974384,126.81349119219539,37.20818697872138,2024-10-24 22:27:11
2432,51,37,22,,,126.82039924810304,37.20948392215018,126.82152351479395,37.19835905092836,2024-10-24 22:27:30
2433,34,50,22,,,126.82197637224449,37.20257154485394,126.82298421096269,37.21170778576977,2024-10-24 22:29:00
2434,37,50,22,,,126.82082417457794,37.19652069090764,126.82235861699573,37.21074361656644,2024-10-24 22:29:41
2435,34,51,22,,,126.82227014494727,37.203058369927156,126.82038300156017,37.210843436083756,2024-10-24 22:30:44
2436,50,34,22,,,126.82325033070401,37.21093093220768,126.82208586445199,37.20260382026251,2024-10-24 22:32:17
2437,34,50,22,,,126.82204852773927,37.20336188122765,126.82148839674944,37.21134542781009,2024-10-24 22:33:11
2438,50,10,22,,,126.82186687897784,37.21220900097417,126.81675864988645,37.209936170539294,2024-10-24 22:36:48
2439,64,1,22,,,126.84301911857403,37.20307051073029,126.81631476263381,37.197913643610185,2024-10-24 22:37:33
2440,51,37,22,,,126.818860848744,37.211389283529634,126.8213199301659,37.197919625503225,2024-10-24 22:38:19
2441,37,40,22,,,126.82129053924137,37.19693927681505,126.83207115323732,37.19352893812662,2024-10-24 22:40:17
2442,8,2,22,,,126.82408685211908,37.20630691366405,126.82193477524696,37.20559418963784,2024-10-24 22:41:32
2443,50,60,22,,,126.82280344138061,37.21107617629894,126.83307197759207,37.21366316163212,2024-10-24 22:41:44
2444,51,37,22,,,126.8199431950216,37.210589262906744,126.82109153265684,37.19755338858476,2024-10-24 22:42:39
2445,50,72,22,,,126.82246229002062,37.211690975196454,126.81175718139511,37.20712720784815,2024-10-24 22:43:20
2446,50,34,22,,,126.8219134807318,37.210760047561415,126.82265993313025,37.20325240565718,2024-10-24 22:44:51
2447,37,50,22,,,126.82189908535253,37.19701589261903,126.82173683053296,37.211586010671034,2024-10-24 22:46:04
2448,50,34,22,,,126.82138947627159,37.21107033868775,126.82227223903637,37.20246851943656,2024-10-24 22:46:17
2449,34,47,22,,,126.82201987509303,37.203519588071586,126.82813926663995,37.21065608303264,2024-10-24 22:46:50
2450,42,41,22,,,126.83231673458098,37.19642118402301,126.8341026708936,37.19786966191331,2024-10-24 22:49:15
2451,51,34,22,,,126.81975914548003,37.21041733842064,126.82148826039297,37.202394273576196,2024-10-24 22:50:41
2452,38,51,22,,,126.82397032745153,37.20092368439082,126.82018819880984,37.20978724983413,2024-10-24 22:51:08
2453,59,56,22,,,126.83339436170186,37.20642459428534,126.8348902434615,37.20575579826739,2024-10-24 22:52:13
2454,27,38,22,,,126.82615158173564,37.19954636284856,126.82352788418713,37.20222974658254,2024-10-24 22:56:03
2455,38,51,22,,,126.8248098195565,37.2021842450719,126.81877594670884,37.210557525687825,2024-10-24 22:56:59
2456,37,35,22,,,126.82056152110741,37.19777304153028,126.81989216902446,37.201647589783626,2024-10-24 22:59:24
