{
  "id": "U100",
  "max_walking_time_to_origin": 1.8222369485960368,
  "max_walking_time_from_destination": 5.16561952355564,
  "max_waiting_time": 12.699539186073117,
  "max_in_vehicle_time": 26.488035028998794,
  "max_cost": 27.43056873505639,
  "max_acceptable_delay": 6.822457824024329,
  "service_preference": "speed",
  "weights": {
    "walking_time_to_origin": 1.1312385015714355,
    "wait_time": -1.9417856683168508,
    "in_vehicle_time": 1.564798053798809,
    "walking_time_from_destination": 0.24574911294660623,
    "time_of_day": 0.0,
    "day_of_week": 0.0,
    "distance_to_pickup": 0.0
  },
  "historical_trips": 21,
  "historical_acceptance_rate": 0.9137700531413333,
  "historical_ratings": [
    3.3,
    3.8,
    3.0,
    4.8,
    3.3
  ]
}