{
  "id": "U107",
  "max_walking_time_to_origin": 1.4590795129129583,
  "max_walking_time_from_destination": 3.7528293935838897,
  "max_waiting_time": 6.754413201467701,
  "max_in_vehicle_time": 36.211803951380105,
  "max_cost": 31.293730290548176,
  "max_acceptable_delay": 6.555951226785952,
  "service_preference": "reliability",
  "weights": {
    "walking_time_to_origin": 0.9168424764089032,
    "wait_time": 0.6244837729279267,
    "in_vehicle_time": -0.015835782349917966,
    "walking_time_from_destination": -0.5254904669869119,
    "time_of_day": 0.0,
    "day_of_week": 0.0,
    "distance_to_pickup": 0.0
  },
  "historical_trips": 7,
  "historical_acceptance_rate": 0.5295342104271478,
  "historical_ratings": [
    4.4,
    3.2,
    4.8,
    3.5,
    4.9
  ]
}