{
  "id": "U109",
  "max_walking_time_to_origin": 1.0331661590230778,
  "max_walking_time_from_destination": 5.538549711325681,
  "max_waiting_time": 7.713366685162704,
  "max_in_vehicle_time": 38.806635809133,
  "max_cost": 33.69578486252287,
  "max_acceptable_delay": 6.584129665227552,
  "service_preference": "reliability",
  "weights": {
    "walking_time_to_origin": 0.8248463770358149,
    "wait_time": 0.5610667123770519,
    "in_vehicle_time": 0.2085088804045696,
    "walking_time_from_destination": -0.5944219698174366,
    "time_of_day": 0.0,
    "day_of_week": 0.0,
    "distance_to_pickup": 0.0
  },
  "historical_trips": 16,
  "historical_acceptance_rate": 0.5746146044612738,
  "historical_ratings": [
    4.2,
    4.8,
    3.9,
    4.1,
    4.5
  ]
}