{
  "id": "U11",
  "max_walking_time_to_origin": 2.0211405960797215,
  "max_walking_time_from_destination": 5.1320284083490515,
  "max_waiting_time": 11.69346847104534,
  "max_in_vehicle_time": 31.88204148293984,
  "max_cost": 35.71226146451504,
  "max_acceptable_delay": 6.722482990147611,
  "service_preference": "reliability",
  "weights": {
    "walking_time_to_origin": 0.7981187744985845,
    "wait_time": 0.6861861749733209,
    "in_vehicle_time": 0.040745704031047235,
    "walking_time_from_destination": -0.5250506535029527,
    "time_of_day": 0.0,
    "day_of_week": 0.0,
    "distance_to_pickup": 0.0
  },
  "historical_trips": 12,
  "historical_acceptance_rate": 0.938968531564288,
  "historical_ratings": [
    3.0,
    4.7,
    3.1,
    3.7,
    3.9
  ]
}