{
  "id": "U111",
  "max_walking_time_to_origin": 1.688964178492871,
  "max_walking_time_from_destination": 2.0241030999272405,
  "max_waiting_time": 9.626162472370964,
  "max_in_vehicle_time": 28.933077557374514,
  "max_cost": 38.90879984210453,
  "max_acceptable_delay": 6.552241556999093,
  "service_preference": "reliability",
  "weights": {
    "walking_time_to_origin": 0.9771280207530402,
    "wait_time": 0.6791488269861198,
    "in_vehicle_time": -0.00943831373478075,
    "walking_time_from_destination": -0.646838534004379,
    "time_of_day": 0.0,
    "day_of_week": 0.0,
    "distance_to_pickup": 0.0
  },
  "historical_trips": 48,
  "historical_acceptance_rate": 0.6128114181507973,
  "historical_ratings": [
    4.0,
    3.9,
    5.0,
    4.9,
    4.9
  ]
}