{
  "id": "U113",
  "max_walking_time_to_origin": 3.9258571142819543,
  "max_walking_time_from_destination": 1.6757156400503739,
  "max_waiting_time": 13.752762919758716,
  "max_in_vehicle_time": 23.469153832215625,
  "max_cost": 24.373051601023835,
  "max_acceptable_delay": 9.101811209072338,
  "service_preference": "reliability",
  "weights": {
    "walking_time_to_origin": 1.0062952768296123,
    "wait_time": 0.021146013732427364,
    "in_vehicle_time": -0.43397997476859,
    "walking_time_from_destination": 0.4065386842065505,
    "time_of_day": 0.0,
    "day_of_week": 0.0,
    "distance_to_pickup": 0.0
  },
  "historical_trips": 11,
  "historical_acceptance_rate": 0.9174080522567978,
  "historical_ratings": [
    3.4,
    4.9,
    3.9,
    4.5,
    3.6
  ]
}