{
  "id": "U118",
  "max_walking_time_to_origin": 5.521137953318939,
  "max_walking_time_from_destination": 5.134147389126923,
  "max_waiting_time": 10.155389954314552,
  "max_in_vehicle_time": 19.951931221375915,
  "max_cost": 39.208584057605485,
  "max_acceptable_delay": 5.420198293891197,
  "service_preference": "reliability",
  "weights": {
    "walking_time_to_origin": 0.25195914456672686,
    "wait_time": 0.8707724706328418,
    "in_vehicle_time": 0.6181077674352164,
    "walking_time_from_destination": -0.7408393826347851,
    "time_of_day": 0.0,
    "day_of_week": 0.0,
    "distance_to_pickup": 0.0
  },
  "historical_trips": 18,
  "historical_acceptance_rate": 0.6717125129664729,
  "historical_ratings": [
    3.1,
    4.1,
    4.0,
    5.0,
    3.8
  ]
}