{
  "id": "U133",
  "max_walking_time_to_origin": 1.0751590304055405,
  "max_walking_time_from_destination": 2.2308684504172533,
  "max_waiting_time": 10.351739203517548,
  "max_in_vehicle_time": 37.30263410040688,
  "max_cost": 37.09970262364526,
  "max_acceptable_delay": 6.758947075252564,
  "service_preference": "reliability",
  "weights": {
    "walking_time_to_origin": 1.0930005419449589,
    "wait_time": 0.25194774681624427,
    "in_vehicle_time": -0.13655432594180336,
    "walking_time_from_destination": -0.2083939628193997,
    "time_of_day": 0.0,
    "day_of_week": 0.0,
    "distance_to_pickup": 0.0
  },
  "historical_trips": 41,
  "historical_acceptance_rate": 0.5622041247553287,
  "historical_ratings": [
    3.2,
    4.3,
    3.1,
    3.4,
    4.6
  ]
}