{
  "id": "U161",
  "max_walking_time_to_origin": 3.6562880068128942,
  "max_walking_time_from_destination": 3.151617769918543,
  "max_waiting_time": 7.556639606244234,
  "max_in_vehicle_time": 36.71571989854897,
  "max_cost": 34.18544277654265,
  "max_acceptable_delay": 9.816365621382978,
  "service_preference": "reliability",
  "weights": {
    "walking_time_to_origin": 0.6564093109231411,
    "wait_time": 0.6093259381685934,
    "in_vehicle_time": -0.7020052020003761,
    "walking_time_from_destination": 0.43626995290864146,
    "time_of_day": 0.0,
    "day_of_week": 0.0,
    "distance_to_pickup": 0.0
  },
  "historical_trips": 48,
  "historical_acceptance_rate": 0.5829189159785626,
  "historical_ratings": [
    4.9,
    4.2,
    3.8,
    4.3,
    3.8
  ]
}