{
  "id": "U162",
  "max_walking_time_to_origin": 2.2721044727206645,
  "max_walking_time_from_destination": 3.5247004884628637,
  "max_waiting_time": 5.873073606354891,
  "max_in_vehicle_time": 23.045462865522914,
  "max_cost": 22.319710856190365,
  "max_acceptable_delay": 9.208187096037019,
  "service_preference": "speed",
  "weights": {
    "walking_time_to_origin": -0.6333936176962225,
    "wait_time": 1.1160394251561632,
    "in_vehicle_time": 1.2449815331128902,
    "walking_time_from_destination": -0.7276273405728307,
    "time_of_day": 0.0,
    "day_of_week": 0.0,
    "distance_to_pickup": 0.0
  },
  "historical_trips": 35,
  "historical_acceptance_rate": 0.9055374434708163,
  "historical_ratings": [
    3.3,
    3.8,
    4.7,
    3.8,
    3.4
  ]
}