{
  "id": "U167",
  "max_walking_time_to_origin": 2.0419560643759547,
  "max_walking_time_from_destination": 1.432185558462625,
  "max_waiting_time": 7.3597143423509275,
  "max_in_vehicle_time": 25.603617874377633,
  "max_cost": 20.134320041363097,
  "max_acceptable_delay": 9.746802384369387,
  "service_preference": "speed",
  "weights": {
    "walking_time_to_origin": 0.43510671271022067,
    "wait_time": -0.08525891618142238,
    "in_vehicle_time": 0.032145450505864225,
    "walking_time_from_destination": 0.6180067529653376,
    "time_of_day": 0.0,
    "day_of_week": 0.0,
    "distance_to_pickup": 0.0
  },
  "historical_trips": 7,
  "historical_acceptance_rate": 0.5666441672360558,
  "historical_ratings": [
    4.9,
    3.1,
    4.1,
    4.4,
    3.1
  ]
}