{
  "id": "U172",
  "max_walking_time_to_origin": 3.6856708251449084,
  "max_walking_time_from_destination": 3.9987178998885837,
  "max_waiting_time": 11.657688897321822,
  "max_in_vehicle_time": 16.424564996682218,
  "max_cost": 39.680342599380516,
  "max_acceptable_delay": 9.78126627693188,
  "service_preference": "speed",
  "weights": {
    "walking_time_to_origin": -0.021214514757946515,
    "wait_time": 0.006336042921158095,
    "in_vehicle_time": 0.7245580946216967,
    "walking_time_from_destination": 0.29032037721509163,
    "time_of_day": 0.0,
    "day_of_week": 0.0,
    "distance_to_pickup": 0.0
  },
  "historical_trips": 27,
  "historical_acceptance_rate": 0.5093208386482783,
  "historical_ratings": [
    4.2,
    3.9,
    5.0,
    4.3,
    4.7
  ]
}