{
  "id": "U183",
  "max_walking_time_to_origin": 3.3435443978491937,
  "max_walking_time_from_destination": 2.495753420219308,
  "max_waiting_time": 6.781243978738052,
  "max_in_vehicle_time": 24.16536501614814,
  "max_cost": 29.253807983757607,
  "max_acceptable_delay": 9.7538504219362,
  "service_preference": "reliability",
  "weights": {
    "walking_time_to_origin": 1.0302969880300485,
    "wait_time": 0.700801857901444,
    "in_vehicle_time": -0.023522040850781255,
    "walking_time_from_destination": -0.7075768050807109,
    "time_of_day": 0.0,
    "day_of_week": 0.0,
    "distance_to_pickup": 0.0
  },
  "historical_trips": 37,
  "historical_acceptance_rate": 0.781222817821283,
  "historical_ratings": [
    4.5,
    4.8,
    4.1,
    3.8,
    4.8
  ]
}