{
  "id": "U20",
  "max_walking_time_to_origin": 4.498039455151895,
  "max_walking_time_from_destination": 4.272305536957534,
  "max_waiting_time": 9.498597592733148,
  "max_in_vehicle_time": 27.431925739918213,
  "max_cost": 32.38041710739626,
  "max_acceptable_delay": 9.433544126976365,
  "service_preference": "speed",
  "weights": {
    "walking_time_to_origin": -0.2516092230773062,
    "wait_time": 0.16880015625496916,
    "in_vehicle_time": 1.0856242771332105,
    "walking_time_from_destination": -0.002815210310873419,
    "time_of_day": 0.0,
    "day_of_week": 0.0,
    "distance_to_pickup": 0.0
  },
  "historical_trips": 31,
  "historical_acceptance_rate": 0.870385055009063,
  "historical_ratings": [
    4.4,
    3.1,
    4.6,
    4.1,
    3.1
  ]
}