{
  "id": "U211",
  "max_walking_time_to_origin": 3.2130970265411607,
  "max_walking_time_from_destination": 1.632102860786189,
  "max_waiting_time": 9.487202876428727,
  "max_in_vehicle_time": 15.519000078408576,
  "max_cost": 32.773147887290634,
  "max_acceptable_delay": 8.1384871372913,
  "service_preference": "reliability",
  "weights": {
    "walking_time_to_origin": -0.5477225501651523,
    "wait_time": 0.6733450145749272,
    "in_vehicle_time": 0.4286675202537553,
    "walking_time_from_destination": 0.44571001533646964,
    "time_of_day": 0.0,
    "day_of_week": 0.0,
    "distance_to_pickup": 0.0
  },
  "historical_trips": 6,
  "historical_acceptance_rate": 0.6916424245941588,
  "historical_ratings": [
    4.6,
    4.1,
    3.6,
    4.6,
    3.8
  ]
}