{
  "id": "U214",
  "max_walking_time_to_origin": 3.4361179233582835,
  "max_walking_time_from_destination": 3.5254436893272443,
  "max_waiting_time": 7.111754957274275,
  "max_in_vehicle_time": 19.402652938588915,
  "max_cost": 28.601909053190997,
  "max_acceptable_delay": 6.221082322797733,
  "service_preference": "reliability",
  "weights": {
    "walking_time_to_origin": -0.6154195185204416,
    "wait_time": 0.7962920102788613,
    "in_vehicle_time": 0.40817211793990626,
    "walking_time_from_destination": 0.410955390301674,
    "time_of_day": 0.0,
    "day_of_week": 0.0,
    "distance_to_pickup": 0.0
  },
  "historical_trips": 39,
  "historical_acceptance_rate": 0.704502661021764,
  "historical_ratings": [
    5.0,
    3.1,
    3.9,
    3.3,
    4.5
  ]
}