{
  "id": "U234",
  "max_walking_time_to_origin": 3.630354603135175,
  "max_walking_time_from_destination": 5.1625629877277905,
  "max_waiting_time": 11.083473493181781,
  "max_in_vehicle_time": 28.239625335978072,
  "max_cost": 20.988389882780798,
  "max_acceptable_delay": 9.349233423873338,
  "service_preference": "speed",
  "weights": {
    "walking_time_to_origin": 4.704263113298621,
    "wait_time": -4.539286289840986,
    "in_vehicle_time": 2.8734004063345773,
    "walking_time_from_destination": -2.038377229792213,
    "time_of_day": 0.0,
    "day_of_week": 0.0,
    "distance_to_pickup": 0.0
  },
  "historical_trips": 37,
  "historical_acceptance_rate": 0.7084756922624901,
  "historical_ratings": [
    4.1,
    3.4,
    3.2,
    4.2,
    4.5
  ]
}