{
  "id": "U25",
  "max_walking_time_to_origin": 3.384083522265047,
  "max_walking_time_from_destination": 2.1628693645382815,
  "max_waiting_time": 11.598126109456981,
  "max_in_vehicle_time": 26.410807309856818,
  "max_cost": 21.308744704409225,
  "max_acceptable_delay": 8.85360686758176,
  "service_preference": "speed",
  "weights": {
    "walking_time_to_origin": -0.23094203983429426,
    "wait_time": 0.5031103965376759,
    "in_vehicle_time": 0.8747864488492305,
    "walking_time_from_destination": -0.1469548055526121,
    "time_of_day": 0.0,
    "day_of_week": 0.0,
    "distance_to_pickup": 0.0
  },
  "historical_trips": 17,
  "historical_acceptance_rate": 0.7062508557518142,
  "historical_ratings": [
    3.1,
    4.3,
    4.2,
    4.2,
    3.4
  ]
}