{
  "id": "U259",
  "max_walking_time_to_origin": 5.581699603666646,
  "max_walking_time_from_destination": 2.0049813121675983,
  "max_waiting_time": 11.233467905883517,
  "max_in_vehicle_time": 26.638019478317737,
  "max_cost": 25.0708918308229,
  "max_acceptable_delay": 7.332075265753284,
  "service_preference": "speed",
  "weights": {
    "walking_time_to_origin": -0.1076965538132382,
    "wait_time": 0.1633170887378207,
    "in_vehicle_time": 0.8120105785231284,
    "walking_time_from_destination": 0.1323688865522891,
    "time_of_day": 0.0,
    "day_of_week": 0.0,
    "distance_to_pickup": 0.0
  },
  "historical_trips": 2,
  "historical_acceptance_rate": 0.5705779976978322,
  "historical_ratings": [
    3.8,
    3.6
  ]
}