{
  "id": "U270",
  "max_walking_time_to_origin": 4.378389142999724,
  "max_walking_time_from_destination": 3.0895641436757333,
  "max_waiting_time": 11.186994328435006,
  "max_in_vehicle_time": 27.649245533962535,
  "max_cost": 36.475052265872804,
  "max_acceptable_delay": 8.912531908479847,
  "service_preference": "reliability",
  "weights": {
    "walking_time_to_origin": -0.5230911504590892,
    "wait_time": 0.646187061324508,
    "in_vehicle_time": 0.40261045141835106,
    "walking_time_from_destination": 0.47429363771623007,
    "time_of_day": 0.0,
    "day_of_week": 0.0,
    "distance_to_pickup": 0.0
  },
  "historical_trips": 14,
  "historical_acceptance_rate": 0.8469975853441531,
  "historical_ratings": [
    3.8,
    4.0,
    4.5,
    4.3,
    4.0
  ]
}