{
  "id": "U280",
  "max_walking_time_to_origin": 1.2550447607054227,
  "max_walking_time_from_destination": 5.575706945052444,
  "max_waiting_time": 9.012275275034868,
  "max_in_vehicle_time": 21.034266766299325,
  "max_cost": 28.343655467492354,
  "max_acceptable_delay": 8.982981550202261,
  "service_preference": "reliability",
  "weights": {
    "walking_time_to_origin": 1.0569864979031285,
    "wait_time": 0.26450280557401035,
    "in_vehicle_time": -0.2181416843276967,
    "walking_time_from_destination": -0.10334761914944225,
    "time_of_day": 0.0,
    "day_of_week": 0.0,
    "distance_to_pickup": 0.0
  },
  "historical_trips": 44,
  "historical_acceptance_rate": 0.623324570036825,
  "historical_ratings": [
    3.8,
    4.2,
    4.6,
    3.1,
    4.2
  ]
}