{
  "id": "U281",
  "max_walking_time_to_origin": 5.107637145421991,
  "max_walking_time_from_destination": 2.846634152192505,
  "max_waiting_time": 8.402240848684865,
  "max_in_vehicle_time": 29.04692760654818,
  "max_cost": 31.24807797679017,
  "max_acceptable_delay": 9.587688144164456,
  "service_preference": "reliability",
  "weights": {
    "walking_time_to_origin": -0.39747143315473543,
    "wait_time": 0.8634673318360918,
    "in_vehicle_time": -1.2013421422702477,
    "walking_time_from_destination": 1.7353462435888913,
    "time_of_day": 0.0,
    "day_of_week": 0.0,
    "distance_to_pickup": 0.0
  },
  "historical_trips": 29,
  "historical_acceptance_rate": 0.6919507595462226,
  "historical_ratings": [
    4.3,
    3.8,
    4.1,
    3.3,
    4.0
  ]
}