{
  "id": "U285",
  "max_walking_time_to_origin": 1.2673517037931494,
  "max_walking_time_from_destination": 3.260646581345099,
  "max_waiting_time": 11.437151946635309,
  "max_in_vehicle_time": 21.92077287778445,
  "max_cost": 25.68340066972438,
  "max_acceptable_delay": 9.37447606917855,
  "service_preference": "speed",
  "weights": {
    "walking_time_to_origin": 2.952878612182445,
    "wait_time": -0.26610258629343475,
    "in_vehicle_time": 0.1224484947612423,
    "walking_time_from_destination": -1.8092245206502526,
    "time_of_day": 0.0,
    "day_of_week": 0.0,
    "distance_to_pickup": 0.0
  },
  "historical_trips": 14,
  "historical_acceptance_rate": 0.7491574996501505,
  "historical_ratings": [
    3.9,
    3.9,
    3.7,
    3.1,
    4.8
  ]
}