{
  "id": "U306",
  "max_walking_time_to_origin": 5.561894412659038,
  "max_walking_time_from_destination": 3.0709460826400186,
  "max_waiting_time": 13.03785545223067,
  "max_in_vehicle_time": 19.092042923670036,
  "max_cost": 30.490195939824893,
  "max_acceptable_delay": 5.604341113958907,
  "service_preference": "speed",
  "weights": {
    "walking_time_to_origin": 0.378640779603205,
    "wait_time": -0.18729128970006473,
    "in_vehicle_time": 1.1788132811874488,
    "walking_time_from_destination": -0.37016277109058915,
    "time_of_day": 0.0,
    "day_of_week": 0.0,
    "distance_to_pickup": 0.0
  },
  "historical_trips": 18,
  "historical_acceptance_rate": 0.8831028071753013,
  "historical_ratings": [
    3.3,
    4.5,
    3.2,
    4.7,
    3.5
  ]
}