{
  "id": "U314",
  "max_walking_time_to_origin": 2.012688681943031,
  "max_walking_time_from_destination": 4.009512350801686,
  "max_waiting_time": 8.490113977398071,
  "max_in_vehicle_time": 32.582240034938444,
  "max_cost": 23.36812678323932,
  "max_acceptable_delay": 6.953339139915652,
  "service_preference": "reliability",
  "weights": {
    "walking_time_to_origin": 0.07187255338974759,
    "wait_time": 0.9065723779275816,
    "in_vehicle_time": 0.21491177712179022,
    "walking_time_from_destination": -0.19335670843911934,
    "time_of_day": 0.0,
    "day_of_week": 0.0,
    "distance_to_pickup": 0.0
  },
  "historical_trips": 8,
  "historical_acceptance_rate": 0.6378120136078372,
  "historical_ratings": [
    4.0,
    4.6,
    3.1,
    3.7,
    4.6
  ]
}