{
  "id": "U330",
  "max_walking_time_to_origin": 3.553417595988609,
  "max_walking_time_from_destination": 4.845655894583118,
  "max_waiting_time": 7.826091451289626,
  "max_in_vehicle_time": 18.135317906207618,
  "max_cost": 34.62782743688441,
  "max_acceptable_delay": 8.365320808052843,
  "service_preference": "speed",
  "weights": {
    "walking_time_to_origin": 5.195727094296819,
    "wait_time": -0.7896983548336673,
    "in_vehicle_time": 0.5156442427393624,
    "walking_time_from_destination": -3.921672982202514,
    "time_of_day": 0.0,
    "day_of_week": 0.0,
    "distance_to_pickup": 0.0
  },
  "historical_trips": 25,
  "historical_acceptance_rate": 0.6151648913332535,
  "historical_ratings": [
    4.8,
    3.3,
    4.6,
    3.1,
    4.1
  ]
}