{
  "id": "U334",
  "max_walking_time_to_origin": 2.624967319683891,
  "max_walking_time_from_destination": 2.445743678507144,
  "max_waiting_time": 14.589313548260204,
  "max_in_vehicle_time": 33.67567960853995,
  "max_cost": 39.516665805945394,
  "max_acceptable_delay": 9.012865629857579,
  "service_preference": "reliability",
  "weights": {
    "walking_time_to_origin": 0.43458587597654413,
    "wait_time": 0.11466794544932252,
    "in_vehicle_time": -0.0309991065066905,
    "walking_time_from_destination": 0.48174528508082387,
    "time_of_day": 0.0,
    "day_of_week": 0.0,
    "distance_to_pickup": 0.0
  },
  "historical_trips": 16,
  "historical_acceptance_rate": 0.9201607826227779,
  "historical_ratings": [
    3.4,
    4.7,
    3.5,
    3.4,
    3.5
  ]
}