{
  "id": "U346",
  "max_walking_time_to_origin": 3.687333687248753,
  "max_walking_time_from_destination": 3.70045776904631,
  "max_waiting_time": 9.541751148054859,
  "max_in_vehicle_time": 27.497761921331332,
  "max_cost": 38.38634651462691,
  "max_acceptable_delay": 9.365398716373612,
  "service_preference": "reliability",
  "weights": {
    "walking_time_to_origin": 1.331822216597455,
    "wait_time": -0.030832070208130218,
    "in_vehicle_time": -0.8254744299478182,
    "walking_time_from_destination": 0.5244842835584934,
    "time_of_day": 0.0,
    "day_of_week": 0.0,
    "distance_to_pickup": 0.0
  },
  "historical_trips": 34,
  "historical_acceptance_rate": 0.8299174162364831,
  "historical_ratings": [
    4.6,
    4.9,
    4.6,
    4.3,
    4.5
  ]
}