{
  "id": "U362",
  "max_walking_time_to_origin": 2.8702330964498124,
  "max_walking_time_from_destination": 5.513776778835883,
  "max_waiting_time": 11.821636066522442,
  "max_in_vehicle_time": 20.10177555995706,
  "max_cost": 34.559342815547744,
  "max_acceptable_delay": 8.079083109176844,
  "service_preference": "reliability",
  "weights": {
    "walking_time_to_origin": 0.7809316442601109,
    "wait_time": 0.7340377066443862,
    "in_vehicle_time": 0.019092832008327548,
    "walking_time_from_destination": -0.5340621829128246,
    "time_of_day": 0.0,
    "day_of_week": 0.0,
    "distance_to_pickup": 0.0
  },
  "historical_trips": 17,
  "historical_acceptance_rate": 0.8487572225042695,
  "historical_ratings": [
    4.3,
    4.0,
    3.6,
    4.0,
    4.3
  ]
}