{
  "id": "U371",
  "max_walking_time_to_origin": 3.014583963928277,
  "max_walking_time_from_destination": 2.8737372329793267,
  "max_waiting_time": 8.566155171718677,
  "max_in_vehicle_time": 15.080484535783492,
  "max_cost": 32.249646676396154,
  "max_acceptable_delay": 7.725007883327645,
  "service_preference": "speed",
  "weights": {
    "walking_time_to_origin": 0.035974922964303595,
    "wait_time": -0.10450945646738971,
    "in_vehicle_time": 0.8965077961402306,
    "walking_time_from_destination": 0.17202673736285554,
    "time_of_day": 0.0,
    "day_of_week": 0.0,
    "distance_to_pickup": 0.0
  },
  "historical_trips": 22,
  "historical_acceptance_rate": 0.8316577444332727,
  "historical_ratings": [
    3.6,
    3.9,
    3.2,
    4.1,
    3.5
  ]
}