{
  "id": "U374",
  "max_walking_time_to_origin": 3.496958543978069,
  "max_walking_time_from_destination": 5.493973581917585,
  "max_waiting_time": 9.333519899072913,
  "max_in_vehicle_time": 22.143296734975618,
  "max_cost": 23.403148236074287,
  "max_acceptable_delay": 7.486526903003919,
  "service_preference": "speed",
  "weights": {
    "walking_time_to_origin": 1.900828827190605,
    "wait_time": -0.7398917544578884,
    "in_vehicle_time": 0.5635936721965746,
    "walking_time_from_destination": -0.7245307449292914,
    "time_of_day": 0.0,
    "day_of_week": 0.0,
    "distance_to_pickup": 0.0
  },
  "historical_trips": 7,
  "historical_acceptance_rate": 0.6419698321088674,
  "historical_ratings": [
    3.8,
    3.3,
    3.2,
    4.1,
    3.4
  ]
}