{
  "id": "U379",
  "max_walking_time_to_origin": 2.449723920181598,
  "max_walking_time_from_destination": 4.344074806063844,
  "max_waiting_time": 8.799112814724351,
  "max_in_vehicle_time": 23.999203847994202,
  "max_cost": 23.336328136359526,
  "max_acceptable_delay": 7.669874598727681,
  "service_preference": "speed",
  "weights": {
    "walking_time_to_origin": -0.2808375498393058,
    "wait_time": 0.5733027716099712,
    "in_vehicle_time": 0.8844603951322406,
    "walking_time_from_destination": -0.17692561690290598,
    "time_of_day": 0.0,
    "day_of_week": 0.0,
    "distance_to_pickup": 0.0
  },
  "historical_trips": 23,
  "historical_acceptance_rate": 0.8389228255248316,
  "historical_ratings": [
    4.1,
    4.7,
    5.0,
    4.1,
    3.8
  ]
}