{
  "id": "U392",
  "max_walking_time_to_origin": 2.5223091472658035,
  "max_walking_time_from_destination": 2.4438724859327534,
  "max_waiting_time": 9.90594229876491,
  "max_in_vehicle_time": 27.679037421896282,
  "max_cost": 32.54809671497942,
  "max_acceptable_delay": 6.241823224085161,
  "service_preference": "speed",
  "weights": {
    "walking_time_to_origin": 7.05844030990833,
    "wait_time": -1.1880917555296717,
    "in_vehicle_time": 0.9894631291500603,
    "walking_time_from_destination": -5.859811683528719,
    "time_of_day": 0.0,
    "day_of_week": 0.0,
    "distance_to_pickup": 0.0
  },
  "historical_trips": 12,
  "historical_acceptance_rate": 0.7869025558734666,
  "historical_ratings": [
    3.1,
    3.7,
    4.7,
    4.8,
    4.9
  ]
}