{
  "id": "U423",
  "max_walking_time_to_origin": 1.593928220465577,
  "max_walking_time_from_destination": 1.1898927989061632,
  "max_waiting_time": 14.195479885849103,
  "max_in_vehicle_time": 30.954183099437394,
  "max_cost": 28.715988830870828,
  "max_acceptable_delay": 9.962959344210454,
  "service_preference": "reliability",
  "weights": {
    "walking_time_to_origin": 1.0581918241680208,
    "wait_time": -0.033925919708714114,
    "in_vehicle_time": -0.4998497391748551,
    "walking_time_from_destination": 0.47558383471554827,
    "time_of_day": 0.0,
    "day_of_week": 0.0,
    "distance_to_pickup": 0.0
  },
  "historical_trips": 45,
  "historical_acceptance_rate": 0.6637439338942361,
  "historical_ratings": [
    3.8,
    3.1,
    3.3,
    3.5,
    4.0
  ]
}