{
  "id": "U424",
  "max_walking_time_to_origin": 4.277399858367325,
  "max_walking_time_from_destination": 2.4253844916851492,
  "max_waiting_time": 10.618746309153256,
  "max_in_vehicle_time": 30.220191545754,
  "max_cost": 21.402773491204883,
  "max_acceptable_delay": 6.103290519442021,
  "service_preference": "reliability",
  "weights": {
    "walking_time_to_origin": -0.45225103389277177,
    "wait_time": 0.5945091286736557,
    "in_vehicle_time": 0.3768497343009074,
    "walking_time_from_destination": 0.48089217091820863,
    "time_of_day": 0.0,
    "day_of_week": 0.0,
    "distance_to_pickup": 0.0
  },
  "historical_trips": 41,
  "historical_acceptance_rate": 0.9279793984429512,
  "historical_ratings": [
    4.8,
    3.5,
    4.2,
    3.4,
    4.8
  ]
}