{
  "id": "U438",
  "max_walking_time_to_origin": 2.7288179533789094,
  "max_walking_time_from_destination": 5.982398173907647,
  "max_waiting_time": 8.042655172116346,
  "max_in_vehicle_time": 37.445753976637924,
  "max_cost": 21.31784496428384,
  "max_acceptable_delay": 7.14671995091104,
  "service_preference": "reliability",
  "weights": {
    "walking_time_to_origin": 0.4724462206696918,
    "wait_time": 0.6042704262871701,
    "in_vehicle_time": -0.051658557939429944,
    "walking_time_from_destination": -0.025058089017431926,
    "time_of_day": 0.0,
    "day_of_week": 0.0,
    "distance_to_pickup": 0.0
  },
  "historical_trips": 33,
  "historical_acceptance_rate": 0.6563329395269721,
  "historical_ratings": [
    3.5,
    4.1,
    4.1,
    3.1,
    4.4
  ]
}