{
  "id": "U448",
  "max_walking_time_to_origin": 3.446139306758244,
  "max_walking_time_from_destination": 2.853113260652443,
  "max_waiting_time": 14.532033167695719,
  "max_in_vehicle_time": 20.25818831711381,
  "max_cost": 26.211270191414833,
  "max_acceptable_delay": 7.360562162621166,
  "service_preference": "speed",
  "weights": {
    "walking_time_to_origin": 1.4311736286862708,
    "wait_time": -2.335472975089418,
    "in_vehicle_time": 1.9214309263704115,
    "walking_time_from_destination": -0.017131579967264415,
    "time_of_day": 0.0,
    "day_of_week": 0.0,
    "distance_to_pickup": 0.0
  },
  "historical_trips": 12,
  "historical_acceptance_rate": 0.664008526269342,
  "historical_ratings": [
    4.3,
    3.7,
    3.7,
    4.3,
    4.3
  ]
}