{
  "id": "U462",
  "max_walking_time_to_origin": 2.8402809927346384,
  "max_walking_time_from_destination": 2.5929425058244653,
  "max_waiting_time": 5.5061020363688185,
  "max_in_vehicle_time": 24.24916472580695,
  "max_cost": 32.841969933129064,
  "max_acceptable_delay": 8.128052523817104,
  "service_preference": "reliability",
  "weights": {
    "walking_time_to_origin": 0.36771729735188957,
    "wait_time": 0.8277526282592621,
    "in_vehicle_time": 0.027457528740636658,
    "walking_time_from_destination": -0.22292745435178846,
    "time_of_day": 0.0,
    "day_of_week": 0.0,
    "distance_to_pickup": 0.0
  },
  "historical_trips": 20,
  "historical_acceptance_rate": 0.6002697510172881,
  "historical_ratings": [
    4.8,
    3.1,
    3.7,
    3.1,
    4.0
  ]
}