{
  "id": "U479",
  "max_walking_time_to_origin": 1.7505883920462997,
  "max_walking_time_from_destination": 4.48173471638674,
  "max_waiting_time": 7.922372944733121,
  "max_in_vehicle_time": 19.43890825345258,
  "max_cost": 27.893171688564244,
  "max_acceptable_delay": 6.0145810234936254,
  "service_preference": "speed",
  "weights": {
    "walking_time_to_origin": 1.93378069236899,
    "wait_time": -0.8112615356840361,
    "in_vehicle_time": 0.639604736045504,
    "walking_time_from_destination": -0.7621238927304576,
    "time_of_day": 0.0,
    "day_of_week": 0.0,
    "distance_to_pickup": 0.0
  },
  "historical_trips": 39,
  "historical_acceptance_rate": 0.7305197413755904,
  "historical_ratings": [
    3.2,
    3.8,
    4.1,
    3.9,
    3.8
  ]
}