{
  "id": "U48",
  "max_walking_time_to_origin": 5.400793023884131,
  "max_walking_time_from_destination": 4.587633250558794,
  "max_waiting_time": 8.319668346121823,
  "max_in_vehicle_time": 26.519143023754296,
  "max_cost": 39.29837434629067,
  "max_acceptable_delay": 9.770975284530818,
  "service_preference": "speed",
  "weights": {
    "walking_time_to_origin": -0.2618674545881053,
    "wait_time": -0.3120452289708377,
    "in_vehicle_time": 1.2998602170605198,
    "walking_time_from_destination": 0.27405246649842324,
    "time_of_day": 0.0,
    "day_of_week": 0.0,
    "distance_to_pickup": 0.0
  },
  "historical_trips": 4,
  "historical_acceptance_rate": 0.6679468684558411,
  "historical_ratings": [
    3.9,
    4.7,
    4.8,
    3.0
  ]
}