{
  "id": "U483",
  "max_walking_time_to_origin": 4.888322995310478,
  "max_walking_time_from_destination": 2.1653437604064902,
  "max_waiting_time": 10.806929739141385,
  "max_in_vehicle_time": 29.024382065968823,
  "max_cost": 34.801320477733455,
  "max_acceptable_delay": 5.881663643443412,
  "service_preference": "reliability",
  "weights": {
    "walking_time_to_origin": -0.8712512748339851,
    "wait_time": 0.7542055836118498,
    "in_vehicle_time": 0.5793681482905955,
    "walking_time_from_destination": 0.5376775429315398,
    "time_of_day": 0.0,
    "day_of_week": 0.0,
    "distance_to_pickup": 0.0
  },
  "historical_trips": 14,
  "historical_acceptance_rate": 0.9399056142034374,
  "historical_ratings": [
    4.0,
    4.0,
    4.6,
    3.6,
    4.0
  ]
}