{
  "id": "U484",
  "max_walking_time_to_origin": 2.466769543367007,
  "max_walking_time_from_destination": 5.593434473306621,
  "max_waiting_time": 8.82952213801838,
  "max_in_vehicle_time": 24.252571157868665,
  "max_cost": 39.4959615813502,
  "max_acceptable_delay": 9.842448252732668,
  "service_preference": "speed",
  "weights": {
    "walking_time_to_origin": 2.014124610159122,
    "wait_time": -0.8485208490014395,
    "in_vehicle_time": 0.6845584490585597,
    "walking_time_from_destination": -0.8501622102162423,
    "time_of_day": 0.0,
    "day_of_week": 0.0,
    "distance_to_pickup": 0.0
  },
  "historical_trips": 26,
  "historical_acceptance_rate": 0.8983438883026273,
  "historical_ratings": [
    5.0,
    3.8,
    5.0,
    4.1,
    4.5
  ]
}