{
  "id": "U485",
  "max_walking_time_to_origin": 1.7589503484615312,
  "max_walking_time_from_destination": 5.697547174838373,
  "max_waiting_time": 10.153860097023626,
  "max_in_vehicle_time": 22.319302231863368,
  "max_cost": 29.25010394483113,
  "max_acceptable_delay": 6.3697610750723115,
  "service_preference": "speed",
  "weights": {
    "walking_time_to_origin": 1.1223652701845697,
    "wait_time": -1.7968046382980047,
    "in_vehicle_time": 1.4453926067925258,
    "walking_time_from_destination": 0.22904676132090918,
    "time_of_day": 0.0,
    "day_of_week": 0.0,
    "distance_to_pickup": 0.0
  },
  "historical_trips": 6,
  "historical_acceptance_rate": 0.6319095870571658,
  "historical_ratings": [
    3.1,
    4.8,
    3.6,
    3.7,
    4.0
  ]
}