{
  "id": "U491",
  "max_walking_time_to_origin": 2.7293064308539066,
  "max_walking_time_from_destination": 5.842079434026816,
  "max_waiting_time": 6.384413205992477,
  "max_in_vehicle_time": 29.032563063632725,
  "max_cost": 36.86979070261847,
  "max_acceptable_delay": 5.82165810882108,
  "service_preference": "reliability",
  "weights": {
    "walking_time_to_origin": 0.3877617625787899,
    "wait_time": 0.827036463239845,
    "in_vehicle_time": 0.008629604782339,
    "walking_time_from_destination": -0.2234278306009739,
    "time_of_day": 0.0,
    "day_of_week": 0.0,
    "distance_to_pickup": 0.0
  },
  "historical_trips": 6,
  "historical_acceptance_rate": 0.8452817751508575,
  "historical_ratings": [
    4.7,
    4.8,
    4.8,
    3.6,
    3.6
  ]
}