{
  "id": "U493",
  "max_walking_time_to_origin": 5.8280627730306085,
  "max_walking_time_from_destination": 1.9940159494663041,
  "max_waiting_time": 11.792084160739822,
  "max_in_vehicle_time": 39.23223056283633,
  "max_cost": 26.879473542367478,
  "max_acceptable_delay": 8.60572321447894,
  "service_preference": "reliability",
  "weights": {
    "walking_time_to_origin": -0.44547806953686336,
    "wait_time": 0.9132586431718827,
    "in_vehicle_time": -1.2990705341470639,
    "walking_time_from_destination": 1.8312899605120445,
    "time_of_day": 0.0,
    "day_of_week": 0.0,
    "distance_to_pickup": 0.0
  },
  "historical_trips": 4,
  "historical_acceptance_rate": 0.92973572659107,
  "historical_ratings": [
    4.1,
    3.2,
    4.5,
    4.3
  ]
}