{
  "id": "U56",
  "max_walking_time_to_origin": 4.541675033899155,
  "max_walking_time_from_destination": 3.6376239482644714,
  "max_waiting_time": 9.226604700290997,
  "max_in_vehicle_time": 24.873649793348406,
  "max_cost": 28.925994803844333,
  "max_acceptable_delay": 5.777444211142653,
  "service_preference": "speed",
  "weights": {
    "walking_time_to_origin": -0.27694444654654987,
    "wait_time": 0.5758503840617148,
    "in_vehicle_time": 0.8817945353885658,
    "walking_time_from_destination": -0.18070047290373067,
    "time_of_day": 0.0,
    "day_of_week": 0.0,
    "distance_to_pickup": 0.0
  },
  "historical_trips": 42,
  "historical_acceptance_rate": 0.8782527913756075,
  "historical_ratings": [
    3.8,
    4.0,
    3.5,
    3.3,
    4.1
  ]
}