{
  "id": "U87",
  "max_walking_time_to_origin": 2.72284142509993,
  "max_walking_time_from_destination": 4.950204149583556,
  "max_waiting_time": 11.883436874266271,
  "max_in_vehicle_time": 19.71822870865747,
  "max_cost": 20.099775914771275,
  "max_acceptable_delay": 5.714636853975471,
  "service_preference": "speed",
  "weights": {
    "walking_time_to_origin": -0.05089808610397449,
    "wait_time": -0.09298255991957471,
    "in_vehicle_time": 0.9335416527848479,
    "walking_time_from_destination": 0.21033899323870126,
    "time_of_day": 0.0,
    "day_of_week": 0.0,
    "distance_to_pickup": 0.0
  },
  "historical_trips": 16,
  "historical_acceptance_rate": 0.5857064727592682,
  "historical_ratings": [
    4.0,
    3.1,
    3.5,
    4.9,
    4.2
  ]
}