{
  "id": "U88",
  "max_walking_time_to_origin": 2.9109913813904815,
  "max_walking_time_from_destination": 4.467147370281693,
  "max_waiting_time": 9.832504325109461,
  "max_in_vehicle_time": 21.26683080090909,
  "max_cost": 24.21324132824204,
  "max_acceptable_delay": 9.328315590881362,
  "service_preference": "reliability",
  "weights": {
    "walking_time_to_origin": 0.000575869792677507,
    "wait_time": 0.9891750438836512,
    "in_vehicle_time": 0.23778807823658918,
    "walking_time_from_destination": -0.22753899191291801,
    "time_of_day": 0.0,
    "day_of_week": 0.0,
    "distance_to_pickup": 0.0
  },
  "historical_trips": 12,
  "historical_acceptance_rate": 0.5455118298338274,
  "historical_ratings": [
    4.9,
    3.4,
    4.6,
    4.8,
    4.5
  ]
}